#
#  TPCParam_e72_run02448
#  Gain Calib : HS On HTOF calib (20260616 ver)
#  Cobo Phaseshift : run02448
#  
#______________________________________________________________________________
#
# Layer	Row	ATY	p0	p1
#
########################################
# TPC ADC : cde = (de-p0)*p1           #
########################################
     0      0      0      0.00000000      1.35199057
     0      1      0      0.00000000      1.35199057
     0      2      0      0.00000000      1.35199057
     0      3      0      0.00000000      1.35199057
     0      4      0      0.00000000      1.35199057
     0      5      0      0.00000000      1.35199057
     0      6      0      0.00000000      1.35199057
     0      7      0      0.00000000      1.35199057
     0      8      0      0.00000000      1.35199057
     0      9      0      0.00000000      1.35199057
     0     10      0      0.00000000      1.35199057
     0     11      0      0.00000000      1.35199057
     0     12      0      0.00000000      1.35199057
     0     13      0      0.00000000      1.35199057
     0     14      0      0.00000000      1.35199057
     0     15      0      0.00000000      1.35199057
     0     16      0      0.00000000      1.35199057
     0     17      0      0.00000000      1.35199057
     0     18      0      0.00000000      1.35199057
     0     19      0      0.00000000      1.35199057
     0     20      0      0.00000000      1.35199057
     0     21      0      0.00000000      1.35199057
     0     22      0      0.00000000      1.35199057
     0     23      0      0.00000000      1.35199057
     0     24      0      0.00000000      1.35199057
     0     25      0      0.00000000      1.35199057
     0     26      0      0.00000000      1.35199057
     0     27      0      0.00000000      1.35199057
     0     28      0      0.00000000      1.35199057
     0     29      0      0.00000000      1.35199057
     0     30      0      0.00000000      1.35199057
     0     31      0      0.00000000      1.35199057
     0     32      0      0.00000000      1.35199057
     0     33      0      0.00000000      1.35199057
     0     34      0      0.00000000      1.35199057
     0     35      0      0.00000000      1.35199057
     0     36      0      0.00000000      1.35199057
     0     37      0      0.00000000      1.35199057
     0     38      0      0.00000000      1.35199057
     0     39      0      0.00000000      1.35199057
     0     40      0      0.00000000      1.35199057
     0     41      0      0.00000000      1.35199057
     0     42      0      0.00000000      1.35199057
     0     43      0      0.00000000      1.35199057
     0     44      0      0.00000000      1.35199057
     0     45      0      0.00000000      1.35199057
     0     46      0      0.00000000      1.35199057
     0     47      0      0.00000000      1.35199057
     1      0      0      0.00000000      1.35199057
     1      1      0      0.00000000      1.35199057
     1      2      0      0.00000000      1.35199057
     1      3      0      0.00000000      1.35199057
     1      4      0      0.00000000      1.35199057
     1      5      0      0.00000000      1.35199057
     1      6      0      0.00000000      1.35199057
     1      7      0      0.00000000      1.35199057
     1      8      0      0.00000000      1.35199057
     1      9      0      0.00000000      1.35199057
     1     10      0      0.00000000      1.35199057
     1     11      0      0.00000000      1.35199057
     1     12      0      0.00000000      1.35199057
     1     13      0      0.00000000      1.35199057
     1     14      0      0.00000000      1.35199057
     1     15      0      0.00000000      1.35199057
     1     16      0      0.00000000      1.35199057
     1     17      0      0.00000000      1.35199057
     1     18      0      0.00000000      1.04449758
     1     19      0      0.00000000      1.35199057
     1     20      0      0.00000000      1.35199057
     1     21      0      0.00000000      1.35199057
     1     22      0      0.00000000      1.35199057
     1     23      0      0.00000000      1.35199057
     1     24      0      0.00000000      1.35199057
     1     25      0      0.00000000      1.35199057
     1     26      0      0.00000000      1.35199057
     1     27      0      0.00000000      1.35199057
     1     28      0      0.00000000      1.35199057
     1     29      0      0.00000000      1.35199057
     1     30      0      0.00000000      1.35199057
     1     31      0      0.00000000      1.35199057
     1     32      0      0.00000000      1.35199057
     1     33      0      0.00000000      1.35199057
     1     34      0      0.00000000      1.35199057
     1     35      0      0.00000000      1.35199057
     1     36      0      0.00000000      1.35199057
     1     37      0      0.00000000      1.35199057
     1     38      0      0.00000000      1.35199057
     1     39      0      0.00000000      1.35199057
     1     40      0      0.00000000      1.35199057
     1     41      0      0.00000000      1.35199057
     1     42      0      0.00000000      1.35199057
     1     43      0      0.00000000      1.35199057
     1     44      0      0.00000000      1.35199057
     1     45      0      0.00000000      1.35199057
     1     46      0      0.00000000      1.35199057
     1     47      0      0.00000000      1.35199057
     2      0      0      0.00000000      1.35199057
     2      1      0      0.00000000      1.35199057
     2      2      0      0.00000000      1.35199057
     2      3      0      0.00000000      1.35199057
     2      4      0      0.00000000      1.35199057
     2      5      0      0.00000000      1.35199057
     2      6      0      0.00000000      1.35199057
     2      7      0      0.00000000      1.35199057
     2      8      0      0.00000000      1.35199057
     2      9      0      0.00000000      1.35199057
     2     10      0      0.00000000      1.35199057
     2     11      0      0.00000000      1.35199057
     2     12      0      0.00000000      1.35199057
     2     13      0      0.00000000      1.35199057
     2     14      0      0.00000000      1.35199057
     2     15      0      0.00000000      1.35199057
     2     16      0      0.00000000      1.35199057
     2     17      0      0.00000000      1.35199057
     2     18      0      0.00000000      1.35199057
     2     19      0      0.00000000      1.35199057
     2     20      0      0.00000000      1.35199057
     2     21      0      0.00000000      1.35199057
     2     22      0      0.00000000      1.35199057
     2     23      0      0.00000000      1.35199057
     2     24      0      0.00000000      1.35199057
     2     25      0      0.00000000      1.35199057
     2     26      0      0.00000000      1.35199057
     2     27      0      0.00000000      1.35199057
     2     28      0      0.00000000      1.35199057
     2     29      0      0.00000000      1.35199057
     2     30      0      0.00000000      1.35199057
     2     31      0      0.00000000      1.35199057
     2     32      0      0.00000000      1.35199057
     2     33      0      0.00000000      1.35199057
     2     34      0      0.00000000      1.35199057
     2     35      0      0.00000000      1.35199057
     2     36      0      0.00000000      1.35199057
     2     37      0      0.00000000      1.35199057
     2     38      0      0.00000000      1.35199057
     2     39      0      0.00000000      1.35199057
     2     40      0      0.00000000      1.35199057
     2     41      0      0.00000000      1.35199057
     2     42      0      0.00000000      1.35199057
     2     43      0      0.00000000      1.35199057
     2     44      0      0.00000000      1.35199057
     2     45      0      0.00000000      1.35199057
     2     46      0      0.00000000      1.35199057
     2     47      0      0.00000000      1.35199057
     2     48      0      0.00000000      1.35199057
     2     49      0      0.00000000      1.35199057
     2     50      0      0.00000000      1.35199057
     2     51      0      0.00000000      1.35199057
     2     52      0      0.00000000      1.35199057
     2     53      0      0.00000000      1.35199057
     2     54      0      0.00000000      1.35199057
     2     55      0      0.00000000      1.35199057
     2     56      0      0.00000000      1.35199057
     2     57      0      0.00000000      1.35199057
     2     58      0      0.00000000      1.35199057
     2     59      0      0.00000000      1.35199057
     2     60      0      0.00000000      1.35199057
     2     61      0      0.00000000      1.35199057
     2     62      0      0.00000000      1.35199057
     2     63      0      0.00000000      1.35199057
     2     64      0      0.00000000      1.35199057
     2     65      0      0.00000000      1.35199057
     2     66      0      0.00000000      1.35199057
     2     67      0      0.00000000      1.35199057
     2     68      0      0.00000000      1.35199057
     2     69      0      0.00000000      1.35199057
     2     70      0      0.00000000      1.35199057
     2     71      0      0.00000000      1.35199057
     3      0      0      0.00000000      1.35199057
     3      1      0      0.00000000      1.35199057
     3      2      0      0.00000000      1.35199057
     3      3      0      0.00000000      1.35199057
     3      4      0      0.00000000      1.35199057
     3      5      0      0.00000000      1.35199057
     3      6      0      0.00000000      1.35199057
     3      7      0      0.00000000      1.35199057
     3      8      0      0.00000000      1.35199057
     3      9      0      0.00000000      1.35199057
     3     10      0      0.00000000      1.35199057
     3     11      0      0.00000000      1.35199057
     3     12      0      0.00000000      1.35199057
     3     13      0      0.00000000      1.35199057
     3     14      0      0.00000000      1.35199057
     3     15      0      0.00000000      1.35199057
     3     16      0      0.00000000      1.35199057
     3     17      0      0.00000000      1.35199057
     3     18      0      0.00000000      1.35199057
     3     19      0      0.00000000      1.35199057
     3     20      0      0.00000000      1.35199057
     3     21      0      0.00000000      1.35199057
     3     22      0      0.00000000      1.35199057
     3     23      0      0.00000000      1.35199057
     3     24      0      0.00000000      1.35199057
     3     25      0      0.00000000      1.35199057
     3     26      0      0.00000000      1.35199057
     3     27      0      0.00000000      1.35199057
     3     28      0      0.00000000      1.35199057
     3     29      0      0.00000000      1.35199057
     3     30      0      0.00000000      1.35199057
     3     31      0      0.00000000      1.35199057
     3     32      0      0.00000000      1.35199057
     3     33      0      0.00000000      1.35199057
     3     34      0      0.00000000      1.35199057
     3     35      0      0.00000000      1.35199057
     3     36      0      0.00000000      1.35199057
     3     37      0      0.00000000      1.35199057
     3     38      0      0.00000000      1.35199057
     3     39      0      0.00000000      1.35199057
     3     40      0      0.00000000      1.35199057
     3     41      0      0.00000000      1.35199057
     3     42      0      0.00000000      1.35199057
     3     43      0      0.00000000      1.35199057
     3     44      0      0.00000000      1.35199057
     3     45      0      0.00000000      1.35199057
     3     46      0      0.00000000      1.35199057
     3     47      0      0.00000000      1.35199057
     3     48      0      0.00000000      1.35199057
     3     49      0      0.00000000      1.35199057
     3     50      0      0.00000000      1.35199057
     3     51      0      0.00000000      1.35199057
     3     52      0      0.00000000      1.35199057
     3     53      0      0.00000000      1.35199057
     3     54      0      0.00000000      1.35199057
     3     55      0      0.00000000      1.35199057
     3     56      0      0.00000000      1.35199057
     3     57      0      0.00000000      1.35199057
     3     58      0      0.00000000      1.35199057
     3     59      0      0.00000000      1.35199057
     3     60      0      0.00000000      1.35199057
     3     61      0      0.00000000      1.35199057
     3     62      0      0.00000000      1.35199057
     3     63      0      0.00000000      1.35199057
     3     64      0      0.00000000      1.35199057
     3     65      0      0.00000000      1.35199057
     3     66      0      0.00000000      1.35199057
     3     67      0      0.00000000      1.35199057
     3     68      0      0.00000000      1.35199057
     3     69      0      0.00000000      1.35199057
     3     70      0      0.00000000      1.35199057
     3     71      0      0.00000000      1.35199057
     3     72      0      0.00000000      1.35199057
     3     73      0      0.00000000      1.35199057
     3     74      0      0.00000000      1.35199057
     3     75      0      0.00000000      1.35199057
     3     76      0      0.00000000      1.35199057
     3     77      0      0.00000000      1.35199057
     3     78      0      0.00000000      1.35199057
     3     79      0      0.00000000      1.35199057
     3     80      0      0.00000000      1.35199057
     3     81      0      0.00000000      1.35199057
     3     82      0      0.00000000      1.35199057
     3     83      0      0.00000000      1.35199057
     3     84      0      0.00000000      1.35199057
     3     85      0      0.00000000      1.35199057
     3     86      0      0.00000000      1.35199057
     3     87      0      0.00000000      1.35199057
     3     88      0      0.00000000      1.35199057
     3     89      0      0.00000000      1.35199057
     3     90      0      0.00000000      1.35199057
     3     91      0      0.00000000      1.35199057
     3     92      0      0.00000000      1.35199057
     3     93      0      0.00000000      1.35199057
     3     94      0      0.00000000      1.35199057
     3     95      0      0.00000000      1.35199057
     4      0      0      0.00000000      1.35199057
     4      1      0      0.00000000      1.35199057
     4      2      0      0.00000000      1.35199057
     4      3      0      0.00000000      1.35199057
     4      4      0      0.00000000      1.35199057
     4      5      0      0.00000000      1.35199057
     4      6      0      0.00000000      1.35199057
     4      7      0      0.00000000      1.35199057
     4      8      0      0.00000000      1.35199057
     4      9      0      0.00000000      1.35199057
     4     10      0      0.00000000      1.35199057
     4     11      0      0.00000000      1.35199057
     4     12      0      0.00000000      1.35199057
     4     13      0      0.00000000      1.35199057
     4     14      0      0.00000000      1.35199057
     4     15      0      0.00000000      1.35199057
     4     16      0      0.00000000      1.35199057
     4     17      0      0.00000000      1.35199057
     4     18      0      0.00000000      1.35199057
     4     19      0      0.00000000      1.35199057
     4     20      0      0.00000000      1.35199057
     4     21      0      0.00000000      1.35199057
     4     22      0      0.00000000      1.35199057
     4     23      0      0.00000000      1.35199057
     4     24      0      0.00000000      1.35199057
     4     25      0      0.00000000      1.35199057
     4     26      0      0.00000000      1.35199057
     4     27      0      0.00000000      1.35199057
     4     28      0      0.00000000      1.35199057
     4     29      0      0.00000000      1.35199057
     4     30      0      0.00000000      1.35199057
     4     31      0      0.00000000      1.35199057
     4     32      0      0.00000000      1.35199057
     4     33      0      0.00000000      1.35199057
     4     34      0      0.00000000      1.35199057
     4     35      0      0.00000000      1.35199057
     4     36      0      0.00000000      1.35199057
     4     37      0      0.00000000      1.35199057
     4     38      0      0.00000000      1.35199057
     4     39      0      0.00000000      1.35199057
     4     40      0      0.00000000      1.35199057
     4     41      0      0.00000000      1.35199057
     4     42      0      0.00000000      1.35199057
     4     43      0      0.00000000      1.35199057
     4     44      0      0.00000000      1.35199057
     4     45      0      0.00000000      1.35199057
     4     46      0      0.00000000      1.35199057
     4     47      0      0.00000000      1.35739061
     4     48      0      0.00000000      1.35199057
     4     49      0      0.00000000      1.35199057
     4     50      0      0.00000000      1.35199057
     4     51      0      0.00000000      1.26179385
     4     52      0      0.00000000      1.19583182
     4     53      0      0.00000000      1.35716455
     4     54      0      0.00000000      1.32487714
     4     55      0      0.00000000      1.34374368
     4     56      0      0.00000000      1.32473684
     4     57      0      0.00000000      1.43011901
     4     58      0      0.00000000      1.35463777
     4     59      0      0.00000000      1.46618325
     4     60      0      0.00000000      1.34050492
     4     61      0      0.00000000      1.38413523
     4     62      0      0.00000000      1.34578012
     4     63      0      0.00000000      1.46541630
     4     64      0      0.00000000      1.46845470
     4     65      0      0.00000000      1.45315522
     4     66      0      0.00000000      1.33761014
     4     67      0      0.00000000      1.40530624
     4     68      0      0.00000000      1.26921910
     4     69      0      0.00000000      1.38512335
     4     70      0      0.00000000      1.37088560
     4     71      0      0.00000000      1.35199057
     4     72      0      0.00000000      1.27286972
     4     73      0      0.00000000      1.35973801
     4     74      0      0.00000000      1.27106790
     4     75      0      0.00000000      1.30112808
     4     76      0      0.00000000      1.25859191
     4     77      0      0.00000000      1.21655129
     4     78      0      0.00000000      2.16443812
     4     79      0      0.00000000      1.25549857
     4     80      0      0.00000000      1.35199057
     4     81      0      0.00000000      1.30440921
     4     82      0      0.00000000      1.35199057
     4     83      0      0.00000000      1.35199057
     4     84      0      0.00000000      1.35199057
     4     85      0      0.00000000      1.35199057
     4     86      0      0.00000000      1.35199057
     4     87      0      0.00000000      1.35199057
     4     88      0      0.00000000      1.35199057
     4     89      0      0.00000000      1.35199057
     4     90      0      0.00000000      1.35199057
     4     91      0      0.00000000      1.35199057
     4     92      0      0.00000000      1.35199057
     4     93      0      0.00000000      1.35199057
     4     94      0      0.00000000      1.35199057
     4     95      0      0.00000000      1.35199057
     4     96      0      0.00000000      1.35199057
     4     97      0      0.00000000      1.35199057
     4     98      0      0.00000000      1.35199057
     4     99      0      0.00000000      1.35199057
     4    100      0      0.00000000      1.35199057
     4    101      0      0.00000000      1.35199057
     4    102      0      0.00000000      1.35199057
     4    103      0      0.00000000      1.35199057
     4    104      0      0.00000000      1.35199057
     4    105      0      0.00000000      1.35199057
     4    106      0      0.00000000      1.35199057
     4    107      0      0.00000000      1.35199057
     4    108      0      0.00000000      1.35199057
     4    109      0      0.00000000      1.35199057
     4    110      0      0.00000000      1.35199057
     4    111      0      0.00000000      1.35199057
     4    112      0      0.00000000      1.35199057
     4    113      0      0.00000000      1.35199057
     4    114      0      0.00000000      1.35199057
     4    115      0      0.00000000      1.35199057
     4    116      0      0.00000000      1.35199057
     4    117      0      0.00000000      1.35199057
     4    118      0      0.00000000      1.35199057
     4    119      0      0.00000000      1.35199057
     5      0      0      0.00000000      1.33720973
     5      1      0      0.00000000      1.33570212
     5      2      0      0.00000000      1.33789255
     5      3      0      0.00000000      1.33944249
     5      4      0      0.00000000      1.36321230
     5      5      0      0.00000000      1.35730640
     5      6      0      0.00000000      1.40612987
     5      7      0      0.00000000      1.45275118
     5      8      0      0.00000000      1.34970003
     5      9      0      0.00000000      1.37007698
     5     10      0      0.00000000      1.34950955
     5     11      0      0.00000000      1.28378027
     5     12      0      0.00000000      1.28987070
     5     13      0      0.00000000      1.29064902
     5     14      0      0.00000000      1.32017223
     5     15      0      0.00000000      1.31597194
     5     16      0      0.00000000      1.29345044
     5     17      0      0.00000000      1.46677667
     5     18      0      0.00000000      1.30127156
     5     19      0      0.00000000      1.34828656
     5     20      0      0.00000000      1.39854795
     5     21      0      0.00000000      1.31439730
     5     22      0      0.00000000      1.23832579
     5     23      0      0.00000000      1.29964331
     5     24      0      0.00000000      1.38301258
     5     25      0      0.00000000      1.37691840
     5     26      0      0.00000000      1.40096635
     5     27      0      0.00000000      1.23382619
     5     28      0      0.00000000      1.29786797
     5     29      0      0.00000000      1.42726936
     5     30      0      0.00000000      1.31300825
     5     31      0      0.00000000      1.23193209
     5     32      0      0.00000000      1.28146826
     5     33      0      0.00000000      1.20732126
     5     34      0      0.00000000      1.30526643
     5     35      0      0.00000000      1.25052050
     5     36      0      0.00000000      1.28148141
     5     37      0      0.00000000      1.26098836
     5     38      0      0.00000000      1.32499813
     5     39      0      0.00000000      1.32750529
     5     40      0      0.00000000      1.13612376
     5     41      0      0.00000000      1.22723553
     5     42      0      0.00000000      1.29175014
     5     43      0      0.00000000      1.30797660
     5     44      0      0.00000000      1.30877026
     5     45      0      0.00000000      1.23365393
     5     46      0      0.00000000      1.20663325
     5     47      0      0.00000000      1.30246838
     5     48      0      0.00000000      1.29450294
     5     49      0      0.00000000      1.24799523
     5     50      0      0.00000000      1.22347792
     5     51      0      0.00000000      1.30258078
     5     52      0      0.00000000      1.21098340
     5     53      0      0.00000000      1.30712050
     5     54      0      0.00000000      1.41968062
     5     55      0      0.00000000      1.36212157
     5     56      0      0.00000000      1.42494460
     5     57      0      0.00000000      1.33389729
     5     58      0      0.00000000      1.31982306
     5     59      0      0.00000000      1.22122720
     5     60      0      0.00000000      1.28347651
     5     61      0      0.00000000      1.33735345
     5     62      0      0.00000000      1.30142549
     5     63      0      0.00000000      1.27990003
     5     64      0      0.00000000      1.23968660
     5     65      0      0.00000000      1.22268835
     5     66      0      0.00000000      1.23302487
     5     67      0      0.00000000      1.23870996
     5     68      0      0.00000000      1.19655219
     5     69      0      0.00000000      1.03323388
     5     70      0      0.00000000      1.10975276
     5     71      0      0.00000000      1.23665343
     5     72      0      0.00000000      1.21013458
     5     73      0      0.00000000      1.20455147
     5     74      0      0.00000000      1.22697920
     5     75      0      0.00000000      1.19839020
     5     76      0      0.00000000      1.23260214
     5     77      0      0.00000000      1.13054043
     5     78      0      0.00000000      1.23559521
     5     79      0      0.00000000      1.14306518
     5     80      0      0.00000000      1.15601289
     5     81      0      0.00000000      1.30507977
     5     82      0      0.00000000      1.12874113
     5     83      0      0.00000000      1.21285352
     5     84      0      0.00000000      1.15049710
     5     85      0      0.00000000      1.21815089
     5     86      0      0.00000000      1.02526709
     5     87      0      0.00000000      1.23279091
     5     88      0      0.00000000      1.38136783
     5     89      0      0.00000000      1.08399668
     5     90      0      0.00000000      1.19351824
     5     91      0      0.00000000      1.15822500
     5     92      0      0.00000000      1.13140539
     5     93      0      0.00000000      1.35999528
     5     94      0      0.00000000      1.11690338
     5     95      0      0.00000000      1.15880135
     5     96      0      0.00000000      1.16837583
     5     97      0      0.00000000      1.09633069
     5     98      0      0.00000000      1.22629145
     5     99      0      0.00000000      1.14229227
     5    100      0      0.00000000      1.30790988
     5    101      0      0.00000000      1.17319607
     5    102      0      0.00000000      1.20356010
     5    103      0      0.00000000      1.24726507
     5    104      0      0.00000000      1.14121024
     5    105      0      0.00000000      1.35616862
     5    106      0      0.00000000      1.28307931
     5    107      0      0.00000000      1.18661968
     5    108      0      0.00000000      1.27031271
     5    109      0      0.00000000      1.35399664
     5    110      0      0.00000000      1.32446688
     5    111      0      0.00000000      1.26977137
     5    112      0      0.00000000      1.24337585
     5    113      0      0.00000000      1.27352292
     5    114      0      0.00000000      1.37956481
     5    115      0      0.00000000      1.26316305
     5    116      0      0.00000000      1.25816126
     5    117      0      0.00000000      1.32059736
     5    118      0      0.00000000      1.23211255
     5    119      0      0.00000000      1.30882541
     5    120      0      0.00000000      1.28338893
     5    121      0      0.00000000      1.28790428
     5    122      0      0.00000000      1.34110713
     5    123      0      0.00000000      1.25281669
     5    124      0      0.00000000      1.26381128
     5    125      0      0.00000000      1.28835527
     5    126      0      0.00000000      1.27688574
     5    127      0      0.00000000      1.23982263
     5    128      0      0.00000000      1.26655535
     5    129      0      0.00000000      1.30549194
     5    130      0      0.00000000      1.27917252
     5    131      0      0.00000000      1.27136815
     5    132      0      0.00000000      1.28072084
     5    133      0      0.00000000      1.23310674
     5    134      0      0.00000000      1.25869774
     5    135      0      0.00000000      1.17709175
     5    136      0      0.00000000      1.35285176
     5    137      0      0.00000000      1.29697997
     5    138      0      0.00000000      1.31809795
     5    139      0      0.00000000      1.28470346
     5    140      0      0.00000000      1.26065638
     5    141      0      0.00000000      1.31651091
     5    142      0      0.00000000      1.30951320
     5    143      0      0.00000000      1.32346139
     6      0      0      0.00000000      1.19447807
     6      1      0      0.00000000      1.20958966
     6      2      0      0.00000000      1.24417085
     6      3      0      0.00000000      1.22985166
     6      4      0      0.00000000      1.24468811
     6      5      0      0.00000000      1.18167356
     6      6      0      0.00000000      1.24445788
     6      7      0      0.00000000      1.26923037
     6      8      0      0.00000000      1.18314795
     6      9      0      0.00000000      1.28962756
     6     10      0      0.00000000      1.29797120
     6     11      0      0.00000000      1.26805138
     6     12      0      0.00000000      1.25413301
     6     13      0      0.00000000      1.18139129
     6     14      0      0.00000000      1.18229983
     6     15      0      0.00000000      1.27710084
     6     16      0      0.00000000      1.14781835
     6     17      0      0.00000000      1.20985044
     6     18      0      0.00000000      1.14684618
     6     19      0      0.00000000      1.13448865
     6     20      0      0.00000000      1.13866444
     6     21      0      0.00000000      1.10401927
     6     22      0      0.00000000      1.31582169
     6     23      0      0.00000000      1.16628334
     6     24      0      0.00000000      1.12257806
     6     25      0      0.00000000      1.09328715
     6     26      0      0.00000000      1.20453514
     6     27      0      0.00000000      1.17462771
     6     28      0      0.00000000      1.37742522
     6     29      0      0.00000000      1.52501398
     6     30      0      0.00000000      1.20508788
     6     31      0      0.00000000      1.24770448
     6     32      0      0.00000000      1.36945012
     6     33      0      0.00000000      1.26650099
     6     34      0      0.00000000      1.32842393
     6     35      0      0.00000000      1.25770332
     6     36      0      0.00000000      1.27716699
     6     37      0      0.00000000      1.19104375
     6     38      0      0.00000000      1.30443228
     6     39      0      0.00000000      1.19823385
     6     40      0      0.00000000      1.23711320
     6     41      0      0.00000000      1.40467738
     6     42      0      0.00000000      1.30040993
     6     43      0      0.00000000      1.23948941
     6     44      0      0.00000000      1.36758357
     6     45      0      0.00000000      1.31306704
     6     46      0      0.00000000      1.43076891
     6     47      0      0.00000000      1.26796440
     6     48      0      0.00000000      1.34012731
     6     49      0      0.00000000      1.34125168
     6     50      0      0.00000000      1.26101868
     6     51      0      0.00000000      1.35807979
     6     52      0      0.00000000      1.01456054
     6     53      0      0.00000000      1.12167641
     6     54      0      0.00000000      1.35345426
     6     55      0      0.00000000      1.12265372
     6     56      0      0.00000000      1.23773512
     6     57      0      0.00000000      1.18425066
     6     58      0      0.00000000      1.43491513
     6     59      0      0.00000000      1.28905417
     6     60      0      0.00000000      1.27296879
     6     61      0      0.00000000      1.38917081
     6     62      0      0.00000000      1.37107809
     6     63      0      0.00000000      1.43328858
     6     64      0      0.00000000      1.46704512
     6     65      0      0.00000000      1.35672817
     6     66      0      0.00000000      1.29272837
     6     67      0      0.00000000      1.42012920
     6     68      0      0.00000000      1.43181800
     6     69      0      0.00000000      1.32140134
     6     70      0      0.00000000      1.32785257
     6     71      0      0.00000000      1.26212481
     6     72      0      0.00000000      1.29321362
     6     73      0      0.00000000      1.31716380
     6     74      0      0.00000000      1.29458106
     6     75      0      0.00000000      1.26461410
     6     76      0      0.00000000      1.26444075
     6     77      0      0.00000000      1.25813782
     6     78      0      0.00000000      1.29303297
     6     79      0      0.00000000      1.25851184
     6     80      0      0.00000000      1.20378265
     6     81      0      0.00000000      1.15405978
     6     82      0      0.00000000      1.14932875
     6     83      0      0.00000000      1.30090734
     6     84      0      0.00000000      1.29596130
     6     85      0      0.00000000      1.33591323
     6     86      0      0.00000000      1.27191918
     6     87      0      0.00000000      1.36025257
     6     88      0      0.00000000      1.30423843
     6     89      0      0.00000000      1.28076710
     6     90      0      0.00000000      1.27433483
     6     91      0      0.00000000      1.30413999
     6     92      0      0.00000000      1.18472160
     6     93      0      0.00000000      1.30600585
     6     94      0      0.00000000      1.21917701
     6     95      0      0.00000000      1.21679825
     6     96      0      0.00000000      1.28497506
     6     97      0      0.00000000      1.22041431
     6     98      0      0.00000000      1.29950418
     6     99      0      0.00000000      1.21866725
     6    100      0      0.00000000      1.23522263
     6    101      0      0.00000000      1.01976504
     6    102      0      0.00000000      1.21422074
     6    103      0      0.00000000      1.33723638
     6    104      0      0.00000000      1.15296234
     6    105      0      0.00000000      1.20129093
     6    106      0      0.00000000      1.18746215
     6    107      0      0.00000000      1.12387257
     6    108      0      0.00000000      1.40374891
     6    109      0      0.00000000      1.16164878
     6    110      0      0.00000000      1.23484133
     6    111      0      0.00000000      1.22123655
     6    112      0      0.00000000      1.15162713
     6    113      0      0.00000000      1.35238167
     6    114      0      0.00000000      1.16470458
     6    115      0      0.00000000      1.33154060
     6    116      0      0.00000000      1.38998164
     6    117      0      0.00000000      1.21306047
     6    118      0      0.00000000      1.26120071
     6    119      0      0.00000000      1.24705917
     6    120      0      0.00000000      1.17481669
     6    121      0      0.00000000      1.25198868
     6    122      0      0.00000000      1.31002146
     6    123      0      0.00000000      1.39218702
     6    124      0      0.00000000      1.28148178
     6    125      0      0.00000000      1.22184076
     6    126      0      0.00000000      1.32713588
     6    127      0      0.00000000      1.35881530
     6    128      0      0.00000000      1.38329938
     6    129      0      0.00000000      1.27753352
     6    130      0      0.00000000      1.33969944
     6    131      0      0.00000000      1.26902232
     6    132      0      0.00000000      1.36635448
     6    133      0      0.00000000      1.25262131
     6    134      0      0.00000000      1.37065153
     6    135      0      0.00000000      1.40999258
     6    136      0      0.00000000      1.13004210
     6    137      0      0.00000000      1.29021763
     6    138      0      0.00000000      1.28464153
     6    139      0      0.00000000      1.34924368
     6    140      0      0.00000000      1.18918598
     6    141      0      0.00000000      1.22787390
     6    142      0      0.00000000      1.31423422
     6    143      0      0.00000000      1.25211765
     6    144      0      0.00000000      1.32283064
     6    145      0      0.00000000      1.11418015
     6    146      0      0.00000000      1.17090012
     6    147      0      0.00000000      1.20590668
     6    148      0      0.00000000      1.27837989
     6    149      0      0.00000000      1.19269839
     6    150      0      0.00000000      1.26028509
     6    151      0      0.00000000      1.19526833
     6    152      0      0.00000000      1.24269038
     6    153      0      0.00000000      1.13998363
     6    154      0      0.00000000      1.13156480
     6    155      0      0.00000000      1.21268388
     6    156      0      0.00000000      1.18937166
     6    157      0      0.00000000      1.24715005
     6    158      0      0.00000000      1.27087596
     6    159      0      0.00000000      1.28684360
     6    160      0      0.00000000      1.26219150
     6    161      0      0.00000000      1.24915354
     6    162      0      0.00000000      1.25390187
     6    163      0      0.00000000      1.24468573
     6    164      0      0.00000000      1.18679804
     6    165      0      0.00000000      1.15794801
     6    166      0      0.00000000      1.19572846
     6    167      0      0.00000000      1.19478039
     7      0      0      0.00000000      1.25197329
     7      1      0      0.00000000      1.30322522
     7      2      0      0.00000000      1.27010497
     7      3      0      0.00000000      1.30580276
     7      4      0      0.00000000      1.28309527
     7      5      0      0.00000000      1.24112876
     7      6      0      0.00000000      1.24902336
     7      7      0      0.00000000      1.26548212
     7      8      0      0.00000000      1.20949481
     7      9      0      0.00000000      1.29468783
     7     10      0      0.00000000      1.26595196
     7     11      0      0.00000000      1.29706006
     7     12      0      0.00000000      1.32179440
     7     13      0      0.00000000      1.36861844
     7     14      0      0.00000000      1.24481483
     7     15      0      0.00000000      1.31252236
     7     16      0      0.00000000      1.20929101
     7     17      0      0.00000000      1.18955804
     7     18      0      0.00000000      1.30046317
     7     19      0      0.00000000      1.31914809
     7     20      0      0.00000000      1.26881339
     7     21      0      0.00000000      1.28411004
     7     22      0      0.00000000      1.16497495
     7     23      0      0.00000000      1.06065975
     7     24      0      0.00000000      1.17171635
     7     25      0      0.00000000      1.07661090
     7     26      0      0.00000000      0.99964549
     7     27      0      0.00000000      0.95139998
     7     28      0      0.00000000      0.91845749
     7     29      0      0.00000000      1.10963472
     7     30      0      0.00000000      1.09221037
     7     31      0      0.00000000      1.15365864
     7     32      0      0.00000000      1.35226464
     7     33      0      0.00000000      1.23423441
     7     34      0      0.00000000      1.17814123
     7     35      0      0.00000000      1.30145627
     7     36      0      0.00000000      1.33839742
     7     37      0      0.00000000      1.36656754
     7     38      0      0.00000000      1.40102351
     7     39      0      0.00000000      1.22090237
     7     40      0      0.00000000      1.27317254
     7     41      0      0.00000000      1.44681600
     7     42      0      0.00000000      1.23923387
     7     43      0      0.00000000      1.41520204
     7     44      0      0.00000000      1.15537456
     7     45      0      0.00000000      1.20040159
     7     46      0      0.00000000      1.26700475
     7     47      0      0.00000000      1.21244103
     7     48      0      0.00000000      1.12251011
     7     49      0      0.00000000      1.20392515
     7     50      0      0.00000000      1.21927485
     7     51      0      0.00000000      1.33416930
     7     52      0      0.00000000      1.27294007
     7     53      0      0.00000000      1.33241394
     7     54      0      0.00000000      1.26955165
     7     55      0      0.00000000      1.22441886
     7     56      0      0.00000000      1.19744948
     7     57      0      0.00000000      1.25024959
     7     58      0      0.00000000      1.23653413
     7     59      0      0.00000000      1.34955415
     7     60      0      0.00000000      1.28355165
     7     61      0      0.00000000      1.40147075
     7     62      0      0.00000000      1.19680392
     7     63      0      0.00000000      1.25974208
     7     64      0      0.00000000      1.34992846
     7     65      0      0.00000000      1.37367662
     7     66      0      0.00000000      1.28799163
     7     67      0      0.00000000      1.31038331
     7     68      0      0.00000000      1.29509657
     7     69      0      0.00000000      1.36405307
     7     70      0      0.00000000      1.24564684
     7     71      0      0.00000000      1.35260875
     7     72      0      0.00000000      1.33424353
     7     73      0      0.00000000      1.43090565
     7     74      0      0.00000000      1.39030666
     7     75      0      0.00000000      1.36241497
     7     76      0      0.00000000      1.36368493
     7     77      0      0.00000000      1.31566035
     7     78      0      0.00000000      1.33942070
     7     79      0      0.00000000      1.33631361
     7     80      0      0.00000000      1.40751819
     7     81      0      0.00000000      1.35062201
     7     82      0      0.00000000      1.38888912
     7     83      0      0.00000000      1.35214791
     7     84      0      0.00000000      1.31022544
     7     85      0      0.00000000      1.36807991
     7     86      0      0.00000000      1.38692416
     7     87      0      0.00000000      1.29541183
     7     88      0      0.00000000      1.22769772
     7     89      0      0.00000000      1.25546087
     7     90      0      0.00000000      1.21052007
     7     91      0      0.00000000      1.26630687
     7     92      0      0.00000000      1.21840503
     7     93      0      0.00000000      1.18341914
     7     94      0      0.00000000      1.17793895
     7     95      0      0.00000000      1.27244448
     7     96      0      0.00000000      1.33298722
     7     97      0      0.00000000      1.33885089
     7     98      0      0.00000000      1.43564384
     7     99      0      0.00000000      1.37278006
     7    100      0      0.00000000      1.37051903
     7    101      0      0.00000000      1.36852530
     7    102      0      0.00000000      1.36497459
     7    103      0      0.00000000      1.45294184
     7    104      0      0.00000000      1.29589696
     7    105      0      0.00000000      1.37291689
     7    106      0      0.00000000      1.37342411
     7    107      0      0.00000000      1.26844157
     7    108      0      0.00000000      1.42716903
     7    109      0      0.00000000      1.24675948
     7    110      0      0.00000000      1.23880060
     7    111      0      0.00000000      1.50929065
     7    112      0      0.00000000      1.17830794
     7    113      0      0.00000000      1.51190813
     7    114      0      0.00000000      1.30173486
     7    115      0      0.00000000      1.35285750
     7    116      0      0.00000000      1.11233892
     7    117      0      0.00000000      1.31986182
     7    118      0      0.00000000      1.49623010
     7    119      0      0.00000000      1.27257413
     7    120      0      0.00000000      1.36565280
     7    121      0      0.00000000      1.31806103
     7    122      0      0.00000000      1.23711397
     7    123      0      0.00000000      1.53603208
     7    124      0      0.00000000      1.27095725
     7    125      0      0.00000000      1.32566221
     7    126      0      0.00000000      1.34501792
     7    127      0      0.00000000      1.18265348
     7    128      0      0.00000000      1.33544162
     7    129      0      0.00000000      1.23817302
     7    130      0      0.00000000      1.34289040
     7    131      0      0.00000000      1.47754306
     7    132      0      0.00000000      1.25662170
     7    133      0      0.00000000      1.33416432
     7    134      0      0.00000000      1.33942909
     7    135      0      0.00000000      1.28043936
     7    136      0      0.00000000      1.34077431
     7    137      0      0.00000000      1.40334435
     7    138      0      0.00000000      1.42626699
     7    139      0      0.00000000      1.35490177
     7    140      0      0.00000000      1.31819590
     7    141      0      0.00000000      1.37192119
     7    142      0      0.00000000      1.31331561
     7    143      0      0.00000000      1.30648498
     7    144      0      0.00000000      1.23566017
     7    145      0      0.00000000      1.41574217
     7    146      0      0.00000000      1.31034281
     7    147      0      0.00000000      1.37260124
     7    148      0      0.00000000      1.31888384
     7    149      0      0.00000000      1.41029460
     7    150      0      0.00000000      1.27844072
     7    151      0      0.00000000      1.33884848
     7    152      0      0.00000000      1.40549402
     7    153      0      0.00000000      1.52532215
     7    154      0      0.00000000      1.51205058
     7    155      0      0.00000000      1.31827945
     7    156      0      0.00000000      1.30903487
     7    157      0      0.00000000      1.68371303
     7    158      0      0.00000000      1.06737291
     7    159      0      0.00000000      1.42797921
     7    160      0      0.00000000      1.06369584
     7    161      0      0.00000000      0.86953890
     7    162      0      0.00000000      0.94978657
     7    163      0      0.00000000      0.99917873
     7    164      0      0.00000000      0.90689451
     7    165      0      0.00000000      0.92303816
     7    166      0      0.00000000      0.93316746
     7    167      0      0.00000000      0.91938588
     7    168      0      0.00000000      0.96311571
     7    169      0      0.00000000      1.23705178
     7    170      0      0.00000000      1.27640332
     7    171      0      0.00000000      1.20087473
     7    172      0      0.00000000      1.28629544
     7    173      0      0.00000000      1.18642735
     7    174      0      0.00000000      1.27613383
     7    175      0      0.00000000      1.22990833
     7    176      0      0.00000000      1.33212596
     7    177      0      0.00000000      1.28807215
     7    178      0      0.00000000      1.28372246
     7    179      0      0.00000000      1.25969634
     7    180      0      0.00000000      1.30873755
     7    181      0      0.00000000      1.16502803
     7    182      0      0.00000000      1.30475623
     7    183      0      0.00000000      1.19372041
     7    184      0      0.00000000      1.30430235
     7    185      0      0.00000000      1.24636943
     7    186      0      0.00000000      1.20901478
     7    187      0      0.00000000      1.19588236
     7    188      0      0.00000000      1.17963519
     7    189      0      0.00000000      1.20887546
     7    190      0      0.00000000      1.21332545
     7    191      0      0.00000000      1.26778806
     8      0      0      0.00000000      1.48160098
     8      1      0      0.00000000      1.37297460
     8      2      0      0.00000000      1.51742009
     8      3      0      0.00000000      1.39168587
     8      4      0      0.00000000      1.50995148
     8      5      0      0.00000000      1.44669849
     8      6      0      0.00000000      1.38546159
     8      7      0      0.00000000      1.37166497
     8      8      0      0.00000000      1.40812963
     8      9      0      0.00000000      1.33658512
     8     10      0      0.00000000      1.42724555
     8     11      0      0.00000000      1.35824668
     8     12      0      0.00000000      1.43542285
     8     13      0      0.00000000      1.41399845
     8     14      0      0.00000000      1.36412791
     8     15      0      0.00000000      1.41109719
     8     16      0      0.00000000      1.48053773
     8     17      0      0.00000000      1.35412907
     8     18      0      0.00000000      1.66019396
     8     19      0      0.00000000      1.28367093
     8     20      0      0.00000000      1.45909482
     8     21      0      0.00000000      1.25008039
     8     22      0      0.00000000      1.40241375
     8     23      0      0.00000000      1.36089407
     8     24      0      0.00000000      1.32829307
     8     25      0      0.00000000      1.35321057
     8     26      0      0.00000000      1.39887658
     8     27      0      0.00000000      1.39631224
     8     28      0      0.00000000      1.29750684
     8     29      0      0.00000000      1.32012555
     8     30      0      0.00000000      1.22907876
     8     31      0      0.00000000      1.84508690
     8     32      0      0.00000000      1.26350183
     8     33      0      0.00000000      1.26183058
     8     34      0      0.00000000      1.25720956
     8     35      0      0.00000000      1.53107712
     8     36      0      0.00000000      1.30369210
     8     37      0      0.00000000      1.31809919
     8     38      0      0.00000000      1.48295304
     8     39      0      0.00000000      1.22007200
     8     40      0      0.00000000      1.25446528
     8     41      0      0.00000000      1.39295497
     8     42      0      0.00000000      1.35280672
     8     43      0      0.00000000      1.35132531
     8     44      0      0.00000000      1.37754256
     8     45      0      0.00000000      1.17781096
     8     46      0      0.00000000      1.52317063
     8     47      0      0.00000000      1.31217098
     8     48      0      0.00000000      1.39019463
     8     49      0      0.00000000      1.23386289
     8     50      0      0.00000000      1.28838152
     8     51      0      0.00000000      1.53414628
     8     52      0      0.00000000      1.37049603
     8     53      0      0.00000000      1.25818331
     8     54      0      0.00000000      1.38365602
     8     55      0      0.00000000      1.44131762
     8     56      0      0.00000000      1.29980779
     8     57      0      0.00000000      1.41255572
     8     58      0      0.00000000      1.40611120
     8     59      0      0.00000000      1.23225323
     8     60      0      0.00000000      1.36245964
     8     61      0      0.00000000      1.26428943
     8     62      0      0.00000000      1.34500810
     8     63      0      0.00000000      1.33197583
     8     64      0      0.00000000      1.37948723
     8     65      0      0.00000000      1.21782574
     8     66      0      0.00000000      1.30615018
     8     67      0      0.00000000      1.39439022
     8     68      0      0.00000000      1.36528220
     8     69      0      0.00000000      1.33842741
     8     70      0      0.00000000      1.33440992
     8     71      0      0.00000000      1.38000695
     8     72      0      0.00000000      1.36266408
     8     73      0      0.00000000      1.30924320
     8     74      0      0.00000000      1.40587426
     8     75      0      0.00000000      1.34154204
     8     76      0      0.00000000      1.00000000
     8     77      0      0.00000000      1.00000000
     8     78      0      0.00000000      1.00000000
     8     79      0      0.00000000      1.00000000
     8     80      0      0.00000000      1.00000000
     8     81      0      0.00000000      1.00000000
     8     82      0      0.00000000      1.00000000
     8     83      0      0.00000000      1.00000000
     8     84      0      0.00000000      1.00000000
     8     85      0      0.00000000      1.00000000
     8     86      0      0.00000000      1.37847441
     8     87      0      0.00000000      1.43333923
     8     88      0      0.00000000      1.42575793
     8     89      0      0.00000000      1.33396035
     8     90      0      0.00000000      1.36396689
     8     91      0      0.00000000      1.40476717
     8     92      0      0.00000000      1.38464281
     8     93      0      0.00000000      1.41620103
     8     94      0      0.00000000      1.37319196
     8     95      0      0.00000000      1.37252591
     8     96      0      0.00000000      1.29844402
     8     97      0      0.00000000      1.31974476
     8     98      0      0.00000000      1.37316082
     8     99      0      0.00000000      1.31496693
     8    100      0      0.00000000      1.31096527
     8    101      0      0.00000000      1.25129123
     8    102      0      0.00000000      1.35299524
     8    103      0      0.00000000      1.31066304
     8    104      0      0.00000000      1.22136040
     8    105      0      0.00000000      1.17537815
     8    106      0      0.00000000      1.23403405
     8    107      0      0.00000000      1.29066907
     8    108      0      0.00000000      1.30420746
     8    109      0      0.00000000      1.29835682
     8    110      0      0.00000000      1.24346781
     8    111      0      0.00000000      1.27303880
     8    112      0      0.00000000      1.23054807
     8    113      0      0.00000000      1.34390244
     8    114      0      0.00000000      1.29678224
     8    115      0      0.00000000      1.35644726
     8    116      0      0.00000000      1.19445672
     8    117      0      0.00000000      1.27513993
     8    118      0      0.00000000      1.30693568
     8    119      0      0.00000000      1.18942441
     8    120      0      0.00000000      1.30877814
     8    121      0      0.00000000      1.28947717
     8    122      0      0.00000000      1.19151986
     8    123      0      0.00000000      1.36347773
     8    124      0      0.00000000      1.22344972
     8    125      0      0.00000000      1.30059597
     8    126      0      0.00000000      1.24234008
     8    127      0      0.00000000      1.18908958
     8    128      0      0.00000000      1.29163408
     8    129      0      0.00000000      1.22934662
     8    130      0      0.00000000      1.00000000
     8    131      0      0.00000000      1.00000000
     8    132      0      0.00000000      1.00000000
     8    133      0      0.00000000      1.00000000
     8    134      0      0.00000000      1.00000000
     8    135      0      0.00000000      1.00000000
     8    136      0      0.00000000      1.00000000
     8    137      0      0.00000000      1.00000000
     8    138      0      0.00000000      1.00000000
     8    139      0      0.00000000      1.00000000
     8    140      0      0.00000000      1.20535275
     8    141      0      0.00000000      1.26908405
     8    142      0      0.00000000      1.19397358
     8    143      0      0.00000000      1.32516706
     8    144      0      0.00000000      1.13791068
     8    145      0      0.00000000      1.13553323
     8    146      0      0.00000000      1.28529967
     8    147      0      0.00000000      1.18210400
     8    148      0      0.00000000      1.23066754
     8    149      0      0.00000000      1.29339187
     8    150      0      0.00000000      1.21524193
     8    151      0      0.00000000      1.32171423
     8    152      0      0.00000000      1.18642751
     8    153      0      0.00000000      1.30547503
     8    154      0      0.00000000      0.98973078
     8    155      0      0.00000000      1.18561823
     8    156      0      0.00000000      1.26947413
     8    157      0      0.00000000      1.37380574
     8    158      0      0.00000000      1.26719201
     8    159      0      0.00000000      1.18015961
     8    160      0      0.00000000      1.17778534
     8    161      0      0.00000000      1.22778538
     8    162      0      0.00000000      1.15092548
     8    163      0      0.00000000      1.28667565
     8    164      0      0.00000000      1.11026354
     8    165      0      0.00000000      1.22677259
     8    166      0      0.00000000      1.23599305
     8    167      0      0.00000000      1.25903143
     8    168      0      0.00000000      1.30084654
     8    169      0      0.00000000      1.30620168
     8    170      0      0.00000000      0.86596325
     8    171      0      0.00000000      0.99183765
     8    172      0      0.00000000      0.99251735
     8    173      0      0.00000000      0.93014477
     8    174      0      0.00000000      0.95216955
     8    175      0      0.00000000      1.04773393
     8    176      0      0.00000000      1.13939591
     8    177      0      0.00000000      1.24007078
     8    178      0      0.00000000      1.17098900
     8    179      0      0.00000000      1.21535758
     8    180      0      0.00000000      1.19711950
     8    181      0      0.00000000      1.24890398
     8    182      0      0.00000000      1.27622464
     8    183      0      0.00000000      1.33279075
     8    184      0      0.00000000      1.24684389
     8    185      0      0.00000000      1.24108479
     8    186      0      0.00000000      1.20299505
     8    187      0      0.00000000      1.28816325
     8    188      0      0.00000000      1.27007985
     8    189      0      0.00000000      1.28392366
     8    190      0      0.00000000      1.30792553
     8    191      0      0.00000000      1.31564524
     8    192      0      0.00000000      1.25583020
     8    193      0      0.00000000      1.34392380
     8    194      0      0.00000000      1.23631566
     8    195      0      0.00000000      1.29357309
     8    196      0      0.00000000      1.19017850
     8    197      0      0.00000000      1.26622238
     8    198      0      0.00000000      1.25063202
     8    199      0      0.00000000      1.24053950
     8    200      0      0.00000000      1.27424873
     8    201      0      0.00000000      1.33217099
     8    202      0      0.00000000      1.35175316
     8    203      0      0.00000000      1.47618610
     8    204      0      0.00000000      1.36153328
     8    205      0      0.00000000      1.29760846
     8    206      0      0.00000000      0.96166150
     8    207      0      0.00000000      1.38552490
     8    208      0      0.00000000      1.39817887
     8    209      0      0.00000000      1.40118267
     8    210      0      0.00000000      1.36158135
     8    211      0      0.00000000      1.36882854
     8    212      0      0.00000000      1.30323714
     8    213      0      0.00000000      1.32815185
     8    214      0      0.00000000      1.42135256
     8    215      0      0.00000000      1.40682892
     9      0      0      0.00000000      1.45387290
     9      1      0      0.00000000      1.56554067
     9      2      0      0.00000000      1.47077641
     9      3      0      0.00000000      1.45200369
     9      4      0      0.00000000      1.36886850
     9      5      0      0.00000000      1.45193987
     9      6      0      0.00000000      1.35503842
     9      7      0      0.00000000      1.41711912
     9      8      0      0.00000000      1.42668540
     9      9      0      0.00000000      1.33559992
     9     10      0      0.00000000      1.43873038
     9     11      0      0.00000000      1.32102156
     9     12      0      0.00000000      1.38247749
     9     13      0      0.00000000      1.38363556
     9     14      0      0.00000000      1.39269331
     9     15      0      0.00000000      1.32956270
     9     16      0      0.00000000      1.43071940
     9     17      0      0.00000000      1.30417811
     9     18      0      0.00000000      1.50256634
     9     19      0      0.00000000      1.38548420
     9     20      0      0.00000000      1.43548859
     9     21      0      0.00000000      1.41122842
     9     22      0      0.00000000      1.33437959
     9     23      0      0.00000000      1.39282112
     9     24      0      0.00000000      1.35049113
     9     25      0      0.00000000      1.33266121
     9     26      0      0.00000000      1.35462501
     9     27      0      0.00000000      1.39697066
     9     28      0      0.00000000      1.33698853
     9     29      0      0.00000000      1.29475369
     9     30      0      0.00000000      1.34204591
     9     31      0      0.00000000      1.29547314
     9     32      0      0.00000000      1.25124540
     9     33      0      0.00000000      1.88212337
     9     34      0      0.00000000      1.49342118
     9     35      0      0.00000000      1.31092393
     9     36      0      0.00000000      1.46915353
     9     37      0      0.00000000      1.09929243
     9     38      0      0.00000000      1.44806987
     9     39      0      0.00000000      1.38987940
     9     40      0      0.00000000      1.22218834
     9     41      0      0.00000000      1.49709351
     9     42      0      0.00000000      1.37299372
     9     43      0      0.00000000      1.23396177
     9     44      0      0.00000000      1.44394705
     9     45      0      0.00000000      1.29730740
     9     46      0      0.00000000      1.42867874
     9     47      0      0.00000000      1.25115222
     9     48      0      0.00000000      1.26887749
     9     49      0      0.00000000      1.43897773
     9     50      0      0.00000000      1.22335011
     9     51      0      0.00000000      1.34763319
     9     52      0      0.00000000      1.50155847
     9     53      0      0.00000000      1.31538584
     9     54      0      0.00000000      1.22224358
     9     55      0      0.00000000      1.27280404
     9     56      0      0.00000000      1.27021872
     9     57      0      0.00000000      1.34993762
     9     58      0      0.00000000      1.32501042
     9     59      0      0.00000000      1.28045687
     9     60      0      0.00000000      1.39961106
     9     61      0      0.00000000      1.28632437
     9     62      0      0.00000000      1.19584059
     9     63      0      0.00000000      1.29868032
     9     64      0      0.00000000      1.44254475
     9     65      0      0.00000000      1.23856835
     9     66      0      0.00000000      1.36961763
     9     67      0      0.00000000      1.37234956
     9     68      0      0.00000000      1.41148117
     9     69      0      0.00000000      1.35778471
     9     70      0      0.00000000      1.41125850
     9     71      0      0.00000000      1.41570165
     9     72      0      0.00000000      1.00000000
     9     73      0      0.00000000      1.00000000
     9     74      0      0.00000000      1.00000000
     9     75      0      0.00000000      1.00000000
     9     76      0      0.00000000      1.00000000
     9     77      0      0.00000000      1.00000000
     9     78      0      0.00000000      1.00000000
     9     79      0      0.00000000      1.00000000
     9     80      0      0.00000000      1.00000000
     9     81      0      0.00000000      1.00000000
     9     82      0      0.00000000      1.00000000
     9     83      0      0.00000000      1.00000000
     9     84      0      0.00000000      1.00000000
     9     85      0      0.00000000      1.00000000
     9     86      0      0.00000000      1.00000000
     9     87      0      0.00000000      1.00000000
     9     88      0      0.00000000      1.00000000
     9     89      0      0.00000000      1.00000000
     9     90      0      0.00000000      1.00000000
     9     91      0      0.00000000      1.00000000
     9     92      0      0.00000000      1.00000000
     9     93      0      0.00000000      1.00000000
     9     94      0      0.00000000      1.00000000
     9     95      0      0.00000000      1.00000000
     9     96      0      0.00000000      1.00000000
     9     97      0      0.00000000      1.00000000
     9     98      0      0.00000000      1.00000000
     9     99      0      0.00000000      1.00000000
     9    100      0      0.00000000      1.00000000
     9    101      0      0.00000000      1.00000000
     9    102      0      0.00000000      1.00000000
     9    103      0      0.00000000      1.00000000
     9    104      0      0.00000000      1.00000000
     9    105      0      0.00000000      1.00000000
     9    106      0      0.00000000      1.00000000
     9    107      0      0.00000000      1.00000000
     9    108      0      0.00000000      1.28630823
     9    109      0      0.00000000      1.31480279
     9    110      0      0.00000000      1.30668945
     9    111      0      0.00000000      1.35230473
     9    112      0      0.00000000      1.28973705
     9    113      0      0.00000000      1.24536018
     9    114      0      0.00000000      1.25453536
     9    115      0      0.00000000      1.28957145
     9    116      0      0.00000000      1.22711983
     9    117      0      0.00000000      1.20461113
     9    118      0      0.00000000      1.19231439
     9    119      0      0.00000000      1.30004352
     9    120      0      0.00000000      1.30156306
     9    121      0      0.00000000      1.39667178
     9    122      0      0.00000000      1.31833160
     9    123      0      0.00000000      1.39292132
     9    124      0      0.00000000      1.37795464
     9    125      0      0.00000000      1.45251351
     9    126      0      0.00000000      1.37657623
     9    127      0      0.00000000      1.39746244
     9    128      0      0.00000000      1.40737543
     9    129      0      0.00000000      1.40227179
     9    130      0      0.00000000      1.44857773
     9    131      0      0.00000000      1.39344613
     9    132      0      0.00000000      1.00000000
     9    133      0      0.00000000      1.00000000
     9    134      0      0.00000000      1.00000000
     9    135      0      0.00000000      1.00000000
     9    136      0      0.00000000      1.00000000
     9    137      0      0.00000000      1.00000000
     9    138      0      0.00000000      1.00000000
     9    139      0      0.00000000      1.00000000
     9    140      0      0.00000000      1.00000000
     9    141      0      0.00000000      1.00000000
     9    142      0      0.00000000      1.00000000
     9    143      0      0.00000000      1.00000000
     9    144      0      0.00000000      1.00000000
     9    145      0      0.00000000      1.00000000
     9    146      0      0.00000000      1.00000000
     9    147      0      0.00000000      1.00000000
     9    148      0      0.00000000      1.00000000
     9    149      0      0.00000000      1.00000000
     9    150      0      0.00000000      1.00000000
     9    151      0      0.00000000      1.00000000
     9    152      0      0.00000000      1.00000000
     9    153      0      0.00000000      1.00000000
     9    154      0      0.00000000      1.00000000
     9    155      0      0.00000000      1.00000000
     9    156      0      0.00000000      1.00000000
     9    157      0      0.00000000      1.00000000
     9    158      0      0.00000000      1.00000000
     9    159      0      0.00000000      1.00000000
     9    160      0      0.00000000      1.00000000
     9    161      0      0.00000000      1.00000000
     9    162      0      0.00000000      1.00000000
     9    163      0      0.00000000      1.00000000
     9    164      0      0.00000000      1.00000000
     9    165      0      0.00000000      1.00000000
     9    166      0      0.00000000      1.00000000
     9    167      0      0.00000000      1.00000000
     9    168      0      0.00000000      1.29966579
     9    169      0      0.00000000      1.53069005
     9    170      0      0.00000000      1.20991236
     9    171      0      0.00000000      1.36137977
     9    172      0      0.00000000      1.45984529
     9    173      0      0.00000000      1.26954201
     9    174      0      0.00000000      1.25004945
     9    175      0      0.00000000      1.38443822
     9    176      0      0.00000000      1.29773214
     9    177      0      0.00000000      1.34105812
     9    178      0      0.00000000      1.29161078
     9    179      0      0.00000000      1.29152542
     9    180      0      0.00000000      1.36521870
     9    181      0      0.00000000      1.33956055
     9    182      0      0.00000000      1.29461742
     9    183      0      0.00000000      1.35431528
     9    184      0      0.00000000      1.29599972
     9    185      0      0.00000000      1.54882513
     9    186      0      0.00000000      1.31822090
     9    187      0      0.00000000      1.44170224
     9    188      0      0.00000000      1.34919864
     9    189      0      0.00000000      1.32746075
     9    190      0      0.00000000      1.29909537
     9    191      0      0.00000000      1.25961876
     9    192      0      0.00000000      1.44596279
     9    193      0      0.00000000      1.36205556
     9    194      0      0.00000000      1.37984172
     9    195      0      0.00000000      1.49314713
     9    196      0      0.00000000      1.29197244
     9    197      0      0.00000000      1.40439371
     9    198      0      0.00000000      1.21101921
     9    199      0      0.00000000      1.29331587
     9    200      0      0.00000000      1.27745746
     9    201      0      0.00000000      1.37067176
     9    202      0      0.00000000      1.27489027
     9    203      0      0.00000000      1.50015977
     9    204      0      0.00000000      1.33489124
     9    205      0      0.00000000      1.44215889
     9    206      0      0.00000000      1.25072020
     9    207      0      0.00000000      1.41896496
     9    208      0      0.00000000      1.31353336
     9    209      0      0.00000000      1.54607352
     9    210      0      0.00000000      1.36928372
     9    211      0      0.00000000      1.35202688
     9    212      0      0.00000000      1.18574485
     9    213      0      0.00000000      1.44194432
     9    214      0      0.00000000      1.33455871
     9    215      0      0.00000000      1.39868576
     9    216      0      0.00000000      1.41316670
     9    217      0      0.00000000      1.45030711
     9    218      0      0.00000000      1.38955601
     9    219      0      0.00000000      1.51359091
     9    220      0      0.00000000      1.43866359
     9    221      0      0.00000000      1.49503170
     9    222      0      0.00000000      1.35032270
     9    223      0      0.00000000      1.41249449
     9    224      0      0.00000000      1.29385310
     9    225      0      0.00000000      1.36142226
     9    226      0      0.00000000      1.40027088
     9    227      0      0.00000000      1.38536757
     9    228      0      0.00000000      1.44787397
     9    229      0      0.00000000      1.46210560
     9    230      0      0.00000000      1.36019177
     9    231      0      0.00000000      1.38037939
     9    232      0      0.00000000      1.61188802
     9    233      0      0.00000000      2.54767251
     9    234      0      0.00000000      1.47422342
     9    235      0      0.00000000      1.63132454
     9    236      0      0.00000000      1.52760202
     9    237      0      0.00000000      1.56515836
     9    238      0      0.00000000      1.47615821
     9    239      0      0.00000000      1.55252786
    10      0      0      0.00000000      1.25681666
    10      1      0      0.00000000      1.37200345
    10      2      0      0.00000000      1.18117073
    10      3      0      0.00000000      1.14107525
    10      4      0      0.00000000      1.21365360
    10      5      0      0.00000000      1.21258332
    10      6      0      0.00000000      1.21552577
    10      7      0      0.00000000      1.13728904
    10      8      0      0.00000000      1.07254103
    10      9      0      0.00000000      1.10487116
    10     10      0      0.00000000      1.21215817
    10     11      0      0.00000000      1.15641641
    10     12      0      0.00000000      1.30082571
    10     13      0      0.00000000      1.04713526
    10     14      0      0.00000000      1.17731467
    10     15      0      0.00000000      1.12957187
    10     16      0      0.00000000      0.94031082
    10     17      0      0.00000000      1.00852808
    10     18      0      0.00000000      1.04804838
    10     19      0      0.00000000      1.04179742
    10     20      0      0.00000000      0.94945667
    10     21      0      0.00000000      1.14233786
    10     22      0      0.00000000      1.02867129
    10     23      0      0.00000000      1.20753493
    10     24      0      0.00000000      1.09279125
    10     25      0      0.00000000      1.11508432
    10     26      0      0.00000000      1.13848110
    10     27      0      0.00000000      1.05697824
    10     28      0      0.00000000      1.15475400
    10     29      0      0.00000000      1.12965943
    10     30      0      0.00000000      1.14204052
    10     31      0      0.00000000      1.20488982
    10     32      0      0.00000000      1.15855678
    10     33      0      0.00000000      1.16305694
    10     34      0      0.00000000      1.18651691
    10     35      0      0.00000000      1.08795109
    10     36      0      0.00000000      1.09014140
    10     37      0      0.00000000      0.89876845
    10     38      0      0.00000000      1.01864930
    10     39      0      0.00000000      1.11562120
    10     40      0      0.00000000      0.86992431
    10     41      0      0.00000000      1.01603066
    10     42      0      0.00000000      0.87954234
    10     43      0      0.00000000      0.98062627
    10     44      0      0.00000000      0.84161751
    10     45      0      0.00000000      1.06355541
    10     46      0      0.00000000      0.91438602
    10     47      0      0.00000000      1.23520655
    10     48      0      0.00000000      1.10220538
    10     49      0      0.00000000      1.00000000
    10     50      0      0.00000000      1.00000000
    10     51      0      0.00000000      1.00000000
    10     52      0      0.00000000      1.00000000
    10     53      0      0.00000000      1.00000000
    10     54      0      0.00000000      1.00000000
    10     55      0      0.00000000      1.00000000
    10     56      0      0.00000000      1.00000000
    10     57      0      0.00000000      1.00000000
    10     58      0      0.00000000      1.00000000
    10     59      0      0.00000000      1.00000000
    10     60      0      0.00000000      1.00000000
    10     61      0      0.00000000      1.00000000
    10     62      0      0.00000000      1.00000000
    10     63      0      0.00000000      1.00000000
    10     64      0      0.00000000      1.00000000
    10     65      0      0.00000000      1.00000000
    10     66      0      0.00000000      1.00000000
    10     67      0      0.00000000      1.00000000
    10     68      0      0.00000000      1.00000000
    10     69      0      0.00000000      1.00000000
    10     70      0      0.00000000      1.00000000
    10     71      0      0.00000000      1.00000000
    10     72      0      0.00000000      1.00000000
    10     73      0      0.00000000      1.00000000
    10     74      0      0.00000000      1.00000000
    10     75      0      0.00000000      1.00000000
    10     76      0      0.00000000      1.00000000
    10     77      0      0.00000000      1.00000000
    10     78      0      0.00000000      1.00000000
    10     79      0      0.00000000      1.00000000
    10     80      0      0.00000000      1.00000000
    10     81      0      0.00000000      1.00000000
    10     82      0      0.00000000      1.00000000
    10     83      0      0.00000000      1.00000000
    10     84      0      0.00000000      1.00000000
    10     85      0      0.00000000      1.00000000
    10     86      0      0.00000000      1.00000000
    10     87      0      0.00000000      1.00000000
    10     88      0      0.00000000      1.00000000
    10     89      0      0.00000000      1.00000000
    10     90      0      0.00000000      1.00000000
    10     91      0      0.00000000      1.00000000
    10     92      0      0.00000000      1.00000000
    10     93      0      0.00000000      1.00000000
    10     94      0      0.00000000      1.00000000
    10     95      0      0.00000000      1.00000000
    10     96      0      0.00000000      1.00000000
    10     97      0      0.00000000      1.00000000
    10     98      0      0.00000000      1.11700260
    10     99      0      0.00000000      1.10931748
    10    100      0      0.00000000      1.20779508
    10    101      0      0.00000000      1.14035255
    10    102      0      0.00000000      1.14546267
    10    103      0      0.00000000      1.14259029
    10    104      0      0.00000000      1.19388357
    10    105      0      0.00000000      1.12908474
    10    106      0      0.00000000      1.07838758
    10    107      0      0.00000000      1.18474493
    10    108      0      0.00000000      1.05982789
    10    109      0      0.00000000      1.16799020
    10    110      0      0.00000000      1.00000000
    10    111      0      0.00000000      1.00000000
    10    112      0      0.00000000      1.00000000
    10    113      0      0.00000000      1.00000000
    10    114      0      0.00000000      1.00000000
    10    115      0      0.00000000      1.00000000
    10    116      0      0.00000000      1.00000000
    10    117      0      0.00000000      1.00000000
    10    118      0      0.00000000      1.00000000
    10    119      0      0.00000000      1.00000000
    10    120      0      0.00000000      1.00000000
    10    121      0      0.00000000      1.00000000
    10    122      0      0.00000000      1.00000000
    10    123      0      0.00000000      1.00000000
    10    124      0      0.00000000      1.00000000
    10    125      0      0.00000000      1.00000000
    10    126      0      0.00000000      1.00000000
    10    127      0      0.00000000      1.00000000
    10    128      0      0.00000000      1.00000000
    10    129      0      0.00000000      1.00000000
    10    130      0      0.00000000      1.00000000
    10    131      0      0.00000000      1.00000000
    10    132      0      0.00000000      1.00000000
    10    133      0      0.00000000      1.00000000
    10    134      0      0.00000000      1.00000000
    10    135      0      0.00000000      1.00000000
    10    136      0      0.00000000      1.00000000
    10    137      0      0.00000000      1.00000000
    10    138      0      0.00000000      1.00000000
    10    139      0      0.00000000      1.00000000
    10    140      0      0.00000000      1.00000000
    10    141      0      0.00000000      1.00000000
    10    142      0      0.00000000      1.00000000
    10    143      0      0.00000000      1.00000000
    10    144      0      0.00000000      1.00000000
    10    145      0      0.00000000      1.00000000
    10    146      0      0.00000000      1.00000000
    10    147      0      0.00000000      1.00000000
    10    148      0      0.00000000      1.00000000
    10    149      0      0.00000000      1.00000000
    10    150      0      0.00000000      1.00000000
    10    151      0      0.00000000      1.00000000
    10    152      0      0.00000000      1.00000000
    10    153      0      0.00000000      1.00000000
    10    154      0      0.00000000      1.00000000
    10    155      0      0.00000000      1.00000000
    10    156      0      0.00000000      1.00000000
    10    157      0      0.00000000      1.00000000
    10    158      0      0.00000000      1.00000000
    10    159      0      0.00000000      0.92972674
    10    160      0      0.00000000      1.02378319
    10    161      0      0.00000000      1.02119928
    10    162      0      0.00000000      1.02287532
    10    163      0      0.00000000      1.24324087
    10    164      0      0.00000000      1.23091258
    10    165      0      0.00000000      0.90956455
    10    166      0      0.00000000      0.90302342
    10    167      0      0.00000000      0.89081658
    10    168      0      0.00000000      0.81693316
    10    169      0      0.00000000      0.91842515
    10    170      0      0.00000000      1.01530370
    10    171      0      0.00000000      1.03032871
    10    172      0      0.00000000      1.00669378
    10    173      0      0.00000000      1.12246702
    10    174      0      0.00000000      0.98240316
    10    175      0      0.00000000      1.08315719
    10    176      0      0.00000000      1.05293467
    10    177      0      0.00000000      1.05621923
    10    178      0      0.00000000      1.05512311
    10    179      0      0.00000000      1.13863216
    10    180      0      0.00000000      1.09966017
    10    181      0      0.00000000      1.22072042
    10    182      0      0.00000000      0.98297525
    10    183      0      0.00000000      1.11274011
    10    184      0      0.00000000      1.05570495
    10    185      0      0.00000000      1.06036620
    10    186      0      0.00000000      0.96861656
    10    187      0      0.00000000      1.08554953
    10    188      0      0.00000000      1.02043574
    10    189      0      0.00000000      1.13236897
    10    190      0      0.00000000      1.09238516
    10    191      0      0.00000000      1.13006385
    10    192      0      0.00000000      1.11963968
    10    193      0      0.00000000      1.11895328
    10    194      0      0.00000000      1.10738408
    10    195      0      0.00000000      1.13014199
    10    196      0      0.00000000      1.04431704
    10    197      0      0.00000000      1.08547852
    10    198      0      0.00000000      1.01170704
    10    199      0      0.00000000      1.10898810
    10    200      0      0.00000000      1.12514804
    10    201      0      0.00000000      1.16197488
    10    202      0      0.00000000      1.12640249
    10    203      0      0.00000000      1.10038551
    10    204      0      0.00000000      1.07447453
    10    205      0      0.00000000      1.01178307
    10    206      0      0.00000000      1.02293746
    10    207      0      0.00000000      1.03020429
    11      0      0      0.00000000      1.04423107
    11      1      0      0.00000000      1.01814954
    11      2      0      0.00000000      0.91055252
    11      3      0      0.00000000      0.80189226
    11      4      0      0.00000000      1.10818824
    11      5      0      0.00000000      1.44745604
    11      6      0      0.00000000      1.25916312
    11      7      0      0.00000000      1.16183291
    11      8      0      0.00000000      0.99331476
    11      9      0      0.00000000      0.88543436
    11     10      0      0.00000000      0.66395557
    11     11      0      0.00000000      0.83115279
    11     12      0      0.00000000      0.92960228
    11     13      0      0.00000000      0.88813386
    11     14      0      0.00000000      1.00632473
    11     15      0      0.00000000      1.11112386
    11     16      0      0.00000000      0.90350865
    11     17      0      0.00000000      1.15140323
    11     18      0      0.00000000      0.89783795
    11     19      0      0.00000000      1.10031869
    11     20      0      0.00000000      1.07427479
    11     21      0      0.00000000      1.14387425
    11     22      0      0.00000000      1.15086684
    11     23      0      0.00000000      1.14367668
    11     24      0      0.00000000      1.21858201
    11     25      0      0.00000000      0.94741699
    11     26      0      0.00000000      0.89564862
    11     27      0      0.00000000      1.17693824
    11     28      0      0.00000000      1.08682007
    11     29      0      0.00000000      1.10759051
    11     30      0      0.00000000      1.09603750
    11     31      0      0.00000000      1.10419989
    11     32      0      0.00000000      1.10721004
    11     33      0      0.00000000      1.00821504
    11     34      0      0.00000000      0.88670609
    11     35      0      0.00000000      0.91018089
    11     36      0      0.00000000      0.82622893
    11     37      0      0.00000000      0.82356897
    11     38      0      0.00000000      0.76205734
    11     39      0      0.00000000      1.08049788
    11     40      0      0.00000000      1.82154092
    11     41      0      0.00000000      1.07301808
    11     42      0      0.00000000      1.00000000
    11     43      0      0.00000000      1.00000000
    11     44      0      0.00000000      1.00000000
    11     45      0      0.00000000      1.00000000
    11     46      0      0.00000000      1.00000000
    11     47      0      0.00000000      1.00000000
    11     48      0      0.00000000      1.00000000
    11     49      0      0.00000000      1.00000000
    11     50      0      0.00000000      1.00000000
    11     51      0      0.00000000      1.00000000
    11     52      0      0.00000000      1.00000000
    11     53      0      0.00000000      1.00000000
    11     54      0      0.00000000      1.00000000
    11     55      0      0.00000000      1.00000000
    11     56      0      0.00000000      1.01156250
    11     57      0      0.00000000      1.27000893
    11     58      0      0.00000000      1.31320464
    11     59      0      0.00000000      1.37212805
    11     60      0      0.00000000      1.32629132
    11     61      0      0.00000000      1.16718982
    11     62      0      0.00000000      1.28314810
    11     63      0      0.00000000      1.16513313
    11     64      0      0.00000000      1.31669474
    11     65      0      0.00000000      1.25303615
    11     66      0      0.00000000      1.26824056
    11     67      0      0.00000000      1.28461359
    11     68      0      0.00000000      1.32901033
    11     69      0      0.00000000      1.30036008
    11     70      0      0.00000000      1.25120143
    11     71      0      0.00000000      1.28722867
    11     72      0      0.00000000      1.23092578
    11     73      0      0.00000000      1.21325904
    11     74      0      0.00000000      1.21195325
    11     75      0      0.00000000      1.22651616
    11     76      0      0.00000000      1.36634578
    11     77      0      0.00000000      1.24827682
    11     78      0      0.00000000      4.38588160
    11     79      0      0.00000000      1.32053840
    11     80      0      0.00000000      1.30627029
    11     81      0      0.00000000      1.28161546
    11     82      0      0.00000000      1.22664173
    11     83      0      0.00000000      1.27897114
    11     84      0      0.00000000      1.23652522
    11     85      0      0.00000000      1.35044536
    11     86      0      0.00000000      1.20580533
    11     87      0      0.00000000      1.23381978
    11     88      0      0.00000000      1.15761541
    11     89      0      0.00000000      1.15618109
    11     90      0      0.00000000      1.21291225
    11     91      0      0.00000000      1.17573167
    11     92      0      0.00000000      1.37740097
    11     93      0      0.00000000      1.33139818
    11     94      0      0.00000000      1.00000000
    11     95      0      0.00000000      1.00000000
    11     96      0      0.00000000      1.00000000
    11     97      0      0.00000000      1.00000000
    11     98      0      0.00000000      1.00000000
    11     99      0      0.00000000      1.00000000
    11    100      0      0.00000000      1.00000000
    11    101      0      0.00000000      1.00000000
    11    102      0      0.00000000      1.00000000
    11    103      0      0.00000000      1.00000000
    11    104      0      0.00000000      1.00000000
    11    105      0      0.00000000      1.00000000
    11    106      0      0.00000000      1.00000000
    11    107      0      0.00000000      1.00000000
    11    108      0      0.00000000      1.11501661
    11    109      0      0.00000000      1.13267986
    11    110      0      0.00000000      1.00000000
    11    111      0      0.00000000      1.00000000
    11    112      0      0.00000000      1.00000000
    11    113      0      0.00000000      1.00000000
    11    114      0      0.00000000      1.00000000
    11    115      0      0.00000000      1.00000000
    11    116      0      0.00000000      1.00000000
    11    117      0      0.00000000      1.00000000
    11    118      0      0.00000000      1.00000000
    11    119      0      0.00000000      1.00000000
    11    120      0      0.00000000      1.00000000
    11    121      0      0.00000000      1.00000000
    11    122      0      0.00000000      1.00000000
    11    123      0      0.00000000      1.00000000
    11    124      0      0.00000000      0.85420282
    11    125      0      0.00000000      0.79194361
    11    126      0      0.00000000      0.81029330
    11    127      0      0.00000000      0.83130825
    11    128      0      0.00000000      0.86059418
    11    129      0      0.00000000      0.85272553
    11    130      0      0.00000000      0.85887853
    11    131      0      0.00000000      0.83663079
    11    132      0      0.00000000      0.85294017
    11    133      0      0.00000000      0.85018985
    11    134      0      0.00000000      0.88896835
    11    135      0      0.00000000      0.89035554
    11    136      0      0.00000000      0.90587461
    11    137      0      0.00000000      0.94447308
    11    138      0      0.00000000      0.94371965
    11    139      0      0.00000000      0.93912073
    11    140      0      0.00000000      0.95880986
    11    141      0      0.00000000      0.94033431
    11    142      0      0.00000000      0.93416806
    11    143      0      0.00000000      0.92944534
    11    144      0      0.00000000      0.92786439
    11    145      0      0.00000000      0.94178793
    11    146      0      0.00000000      0.89353306
    11    147      0      0.00000000      0.89909170
    11    148      0      0.00000000      0.88009666
    11    149      0      0.00000000      0.85591207
    11    150      0      0.00000000      0.83030449
    11    151      0      0.00000000      0.83307633
    11    152      0      0.00000000      0.80372509
    11    153      0      0.00000000      0.82864236
    11    154      0      0.00000000      0.76980123
    11    155      0      0.00000000      0.82833955
    11    156      0      0.00000000      0.85478320
    11    157      0      0.00000000      0.88844017
    11    158      0      0.00000000      0.83361662
    11    159      0      0.00000000      0.81355017
    11    160      0      0.00000000      0.84450249
    11    161      0      0.00000000      0.94721225
    11    162      0      0.00000000      1.00000000
    11    163      0      0.00000000      1.00000000
    11    164      0      0.00000000      1.00000000
    11    165      0      0.00000000      1.00000000
    11    166      0      0.00000000      1.00000000
    11    167      0      0.00000000      1.00000000
    11    168      0      0.00000000      1.00000000
    11    169      0      0.00000000      1.00000000
    11    170      0      0.00000000      1.00000000
    11    171      0      0.00000000      1.00000000
    11    172      0      0.00000000      1.00000000
    11    173      0      0.00000000      1.00000000
    11    174      0      0.00000000      1.00000000
    11    175      0      0.00000000      1.00000000
    11    176      0      0.00000000      0.95919313
    11    177      0      0.00000000      0.88012818
    11    178      0      0.00000000      0.99359045
    11    179      0      0.00000000      0.99619831
    11    180      0      0.00000000      0.95800591
    11    181      0      0.00000000      0.95680805
    11    182      0      0.00000000      0.96360756
    11    183      0      0.00000000      0.97391954
    11    184      0      0.00000000      1.09000326
    11    185      0      0.00000000      1.14157700
    11    186      0      0.00000000      1.08715560
    11    187      0      0.00000000      1.03605172
    11    188      0      0.00000000      1.07033343
    11    189      0      0.00000000      1.07878445
    11    190      0      0.00000000      1.02030891
    11    191      0      0.00000000      1.04963120
    11    192      0      0.00000000      1.05702741
    11    193      0      0.00000000      1.13023434
    11    194      0      0.00000000      1.08370949
    11    195      0      0.00000000      1.11421572
    11    196      0      0.00000000      1.07284844
    11    197      0      0.00000000      1.10345137
    11    198      0      0.00000000      1.12520175
    11    199      0      0.00000000      1.04852773
    11    200      0      0.00000000      1.04430431
    11    201      0      0.00000000      1.10529929
    11    202      0      0.00000000      1.05769206
    11    203      0      0.00000000      1.07977790
    11    204      0      0.00000000      1.10453543
    11    205      0      0.00000000      1.15126965
    11    206      0      0.00000000      1.09173411
    11    207      0      0.00000000      1.23944303
    11    208      0      0.00000000      1.12500610
    11    209      0      0.00000000      1.13678927
    11    210      0      0.00000000      1.05961768
    11    211      0      0.00000000      1.14661017
    11    212      0      0.00000000      1.07221920
    11    213      0      0.00000000      1.07526215
    11    214      0      0.00000000      1.08606617
    11    215      0      0.00000000      1.08987457
    11    216      0      0.00000000      1.15014336
    11    217      0      0.00000000      1.05456962
    12      0      0      0.00000000      1.13180915
    12      1      0      0.00000000      0.96777118
    12      2      0      0.00000000      0.83851298
    12      3      0      0.00000000      1.08894752
    12      4      0      0.00000000      0.83524077
    12      5      0      0.00000000      0.91395814
    12      6      0      0.00000000      1.03777838
    12      7      0      0.00000000      0.91301828
    12      8      0      0.00000000      1.42810287
    12      9      0      0.00000000      0.77637424
    12     10      0      0.00000000      1.03106016
    12     11      0      0.00000000      1.66171339
    12     12      0      0.00000000      1.56574326
    12     13      0      0.00000000      0.87080119
    12     14      0      0.00000000      1.03186708
    12     15      0      0.00000000      0.93486893
    12     16      0      0.00000000      0.96687248
    12     17      0      0.00000000      1.24266626
    12     18      0      0.00000000      1.03416699
    12     19      0      0.00000000      1.14965462
    12     20      0      0.00000000      1.23175762
    12     21      0      0.00000000      1.11612918
    12     22      0      0.00000000      1.03062861
    12     23      0      0.00000000      0.85049452
    12     24      0      0.00000000      1.02754460
    12     25      0      0.00000000      1.18533698
    12     26      0      0.00000000      0.98765625
    12     27      0      0.00000000      1.16410228
    12     28      0      0.00000000      1.02681443
    12     29      0      0.00000000      1.69126428
    12     30      0      0.00000000      1.17140710
    12     31      0      0.00000000      1.11818805
    12     32      0      0.00000000      1.02643528
    12     33      0      0.00000000      0.98299868
    12     34      0      0.00000000      0.99922023
    12     35      0      0.00000000      1.78941474
    12     36      0      0.00000000      1.00000000
    12     37      0      0.00000000      1.00000000
    12     38      0      0.00000000      1.00000000
    12     39      0      0.00000000      1.00000000
    12     40      0      0.00000000      1.00000000
    12     41      0      0.00000000      1.00000000
    12     42      0      0.00000000      1.00000000
    12     43      0      0.00000000      1.00000000
    12     44      0      0.00000000      1.00000000
    12     45      0      0.00000000      1.00000000
    12     46      0      0.00000000      1.00000000
    12     47      0      0.00000000      1.00000000
    12     48      0      0.00000000      1.93140576
    12     49      0      0.00000000      1.27503965
    12     50      0      0.00000000      1.38722580
    12     51      0      0.00000000      1.29443362
    12     52      0      0.00000000      1.35417333
    12     53      0      0.00000000      1.27138622
    12     54      0      0.00000000      1.39320707
    12     55      0      0.00000000      1.39708007
    12     56      0      0.00000000      1.34354738
    12     57      0      0.00000000      1.40456610
    12     58      0      0.00000000      1.29779288
    12     59      0      0.00000000      1.42720740
    12     60      0      0.00000000      1.29253796
    12     61      0      0.00000000      1.31130263
    12     62      0      0.00000000      1.29261197
    12     63      0      0.00000000      1.33433131
    12     64      0      0.00000000      1.31331140
    12     65      0      0.00000000      1.31462375
    12     66      0      0.00000000      1.21004649
    12     67      0      0.00000000      1.33539310
    12     68      0      0.00000000      1.11185360
    12     69      0      0.00000000      1.32477275
    12     70      0      0.00000000      1.17090298
    12     71      0      0.00000000      1.18910544
    12     72      0      0.00000000      1.39494095
    12     73      0      0.00000000      1.17247714
    12     74      0      0.00000000      1.31443864
    12     75      0      0.00000000      1.21053842
    12     76      0      0.00000000      1.37459986
    12     77      0      0.00000000      1.25382308
    12     78      0      0.00000000      1.34170257
    12     79      0      0.00000000      1.26666232
    12     80      0      0.00000000      1.01998569
    12     81      0      0.00000000      1.35498063
    12     82      0      0.00000000      1.39542465
    12     83      0      0.00000000      1.30247210
    12     84      0      0.00000000      1.22046711
    12     85      0      0.00000000      1.28061141
    12     86      0      0.00000000      1.22545180
    12     87      0      0.00000000      1.30540018
    12     88      0      0.00000000      1.28090059
    12     89      0      0.00000000      1.24808257
    12     90      0      0.00000000      1.28626943
    12     91      0      0.00000000      1.18828163
    12     92      0      0.00000000      1.22642050
    12     93      0      0.00000000      1.19310918
    12     94      0      0.00000000      1.28229858
    12     95      0      0.00000000      1.35414484
    12     96      0      0.00000000      1.39485608
    12     97      0      0.00000000      1.28078966
    12     98      0      0.00000000      1.26210023
    12     99      0      0.00000000      1.28172508
    12    100      0      0.00000000      1.29108141
    12    101      0      0.00000000      1.33665033
    12    102      0      0.00000000      1.29322956
    12    103      0      0.00000000      1.34831668
    12    104      0      0.00000000      1.34669370
    12    105      0      0.00000000      1.35486162
    12    106      0      0.00000000      1.00000000
    12    107      0      0.00000000      1.00000000
    12    108      0      0.00000000      1.00000000
    12    109      0      0.00000000      1.00000000
    12    110      0      0.00000000      1.00000000
    12    111      0      0.00000000      1.00000000
    12    112      0      0.00000000      1.00000000
    12    113      0      0.00000000      1.00000000
    12    114      0      0.00000000      1.00000000
    12    115      0      0.00000000      1.00000000
    12    116      0      0.00000000      1.00000000
    12    117      0      0.00000000      1.00000000
    12    118      0      0.00000000      1.00000000
    12    119      0      0.00000000      1.00000000
    12    120      0      0.00000000      1.00000000
    12    121      0      0.00000000      1.00000000
    12    122      0      0.00000000      1.00000000
    12    123      0      0.00000000      1.00000000
    12    124      0      0.00000000      0.75334936
    12    125      0      0.00000000      0.82369154
    12    126      0      0.00000000      0.84534500
    12    127      0      0.00000000      0.84544428
    12    128      0      0.00000000      0.83012934
    12    129      0      0.00000000      0.85404263
    12    130      0      0.00000000      0.81098456
    12    131      0      0.00000000      0.87604058
    12    132      0      0.00000000      0.90196343
    12    133      0      0.00000000      0.88521405
    12    134      0      0.00000000      0.90135587
    12    135      0      0.00000000      0.90885409
    12    136      0      0.00000000      0.92610147
    12    137      0      0.00000000      0.93394581
    12    138      0      0.00000000      0.94615602
    12    139      0      0.00000000      0.96899985
    12    140      0      0.00000000      0.92076292
    12    141      0      0.00000000      0.92704628
    12    142      0      0.00000000      0.90810743
    12    143      0      0.00000000      0.94367578
    12    144      0      0.00000000      0.93195491
    12    145      0      0.00000000      0.91532297
    12    146      0      0.00000000      0.84921666
    12    147      0      0.00000000      0.87463748
    12    148      0      0.00000000      0.83979146
    12    149      0      0.00000000      0.85377435
    12    150      0      0.00000000      0.84336900
    12    151      0      0.00000000      0.83663327
    12    152      0      0.00000000      0.81744792
    12    153      0      0.00000000      0.81090301
    12    154      0      0.00000000      0.77900671
    12    155      0      0.00000000      0.79742438
    12    156      0      0.00000000      0.82796285
    12    157      0      0.00000000      0.81922233
    12    158      0      0.00000000      0.83231750
    12    159      0      0.00000000      0.84951709
    12    160      0      0.00000000      0.86383302
    12    161      0      0.00000000      0.88802761
    12    162      0      0.00000000      0.86171265
    12    163      0      0.00000000      0.87543046
    12    164      0      0.00000000      0.86754217
    12    165      0      0.00000000      0.90829729
    12    166      0      0.00000000      0.90500456
    12    167      0      0.00000000      0.91784888
    12    168      0      0.00000000      0.95299813
    12    169      0      0.00000000      0.92473107
    12    170      0      0.00000000      0.94222419
    12    171      0      0.00000000      0.90053224
    12    172      0      0.00000000      0.93033506
    12    173      0      0.00000000      0.95194113
    12    174      0      0.00000000      0.84436386
    12    175      0      0.00000000      0.88225736
    12    176      0      0.00000000      0.83568332
    12    177      0      0.00000000      0.88681404
    12    178      0      0.00000000      0.86673419
    12    179      0      0.00000000      0.92010707
    12    180      0      0.00000000      0.87447827
    12    181      0      0.00000000      0.98263243
    12    182      0      0.00000000      1.00000000
    12    183      0      0.00000000      1.00000000
    12    184      0      0.00000000      1.00000000
    12    185      0      0.00000000      1.00000000
    12    186      0      0.00000000      1.00000000
    12    187      0      0.00000000      1.00000000
    12    188      0      0.00000000      1.00000000
    12    189      0      0.00000000      1.00000000
    12    190      0      0.00000000      1.00000000
    12    191      0      0.00000000      1.00000000
    12    192      0      0.00000000      1.00000000
    12    193      0      0.00000000      1.00000000
    12    194      0      0.00000000      0.92332842
    12    195      0      0.00000000      1.00652830
    12    196      0      0.00000000      0.95199260
    12    197      0      0.00000000      1.01297681
    12    198      0      0.00000000      0.86118238
    12    199      0      0.00000000      0.97859982
    12    200      0      0.00000000      1.02887787
    12    201      0      0.00000000      1.11186869
    12    202      0      0.00000000      0.98679869
    12    203      0      0.00000000      1.04194299
    12    204      0      0.00000000      1.09719813
    12    205      0      0.00000000      1.07667283
    12    206      0      0.00000000      1.00630878
    12    207      0      0.00000000      1.01123278
    12    208      0      0.00000000      0.92436182
    12    209      0      0.00000000      1.02979250
    12    210      0      0.00000000      1.03146690
    12    211      0      0.00000000      1.08539691
    12    212      0      0.00000000      1.07239194
    12    213      0      0.00000000      1.11461954
    12    214      0      0.00000000      1.04036639
    12    215      0      0.00000000      1.09744649
    12    216      0      0.00000000      1.03849276
    12    217      0      0.00000000      1.08742400
    12    218      0      0.00000000      1.04348582
    12    219      0      0.00000000      1.07478557
    12    220      0      0.00000000      1.08558205
    12    221      0      0.00000000      1.11795024
    12    222      0      0.00000000      1.13313275
    12    223      0      0.00000000      1.08447159
    12    224      0      0.00000000      1.05845637
    12    225      0      0.00000000      1.18181970
    12    226      0      0.00000000      1.02593109
    12    227      0      0.00000000      1.02845364
    12    228      0      0.00000000      1.02345399
    12    229      0      0.00000000      1.13958713
    13      0      0      0.00000000      1.20191638
    13      1      0      0.00000000      1.06925034
    13      2      0      0.00000000      1.27013255
    13      3      0      0.00000000      1.07014752
    13      4      0      0.00000000      1.12423733
    13      5      0      0.00000000      1.09190864
    13      6      0      0.00000000      1.71890508
    13      7      0      0.00000000      1.22184745
    13      8      0      0.00000000      1.00578339
    13      9      0      0.00000000      1.21503612
    13     10      0      0.00000000      1.14489536
    13     11      0      0.00000000      1.91658642
    13     12      0      0.00000000      1.06251143
    13     13      0      0.00000000      1.06486111
    13     14      0      0.00000000      1.04951627
    13     15      0      0.00000000      1.08537625
    13     16      0      0.00000000      1.19037349
    13     17      0      0.00000000      1.00000000
    13     18      0      0.00000000      1.00000000
    13     19      0      0.00000000      1.00000000
    13     20      0      0.00000000      1.00000000
    13     21      0      0.00000000      1.00000000
    13     22      0      0.00000000      1.00000000
    13     23      0      0.00000000      1.00000000
    13     24      0      0.00000000      1.00000000
    13     25      0      0.00000000      1.00000000
    13     26      0      0.00000000      1.00000000
    13     27      0      0.00000000      1.00000000
    13     28      0      0.00000000      1.21550067
    13     29      0      0.00000000      1.38726708
    13     30      0      0.00000000      1.12736890
    13     31      0      0.00000000      1.30323020
    13     32      0      0.00000000      1.37793350
    13     33      0      0.00000000      1.17720532
    13     34      0      0.00000000      1.02973091
    13     35      0      0.00000000      1.12308835
    13     36      0      0.00000000      1.12308835
    13     37      0      0.00000000      1.12308835
    13     38      0      0.00000000      1.25047957
    13     39      0      0.00000000      1.24856619
    13     40      0      0.00000000      1.22736118
    13     41      0      0.00000000      1.26345298
    13     42      0      0.00000000      1.28123242
    13     43      0      0.00000000      1.33957191
    13     44      0      0.00000000      1.30490758
    13     45      0      0.00000000      1.49570071
    13     46      0      0.00000000      1.33144681
    13     47      0      0.00000000      1.28267244
    13     48      0      0.00000000      1.38840258
    13     49      0      0.00000000      1.26101970
    13     50      0      0.00000000      1.28727962
    13     51      0      0.00000000      1.33071444
    13     52      0      0.00000000      1.30450704
    13     53      0      0.00000000      1.38683651
    13     54      0      0.00000000      1.30108165
    13     55      0      0.00000000      1.32693695
    13     56      0      0.00000000      1.23394652
    13     57      0      0.00000000      1.19684858
    13     58      0      0.00000000      1.21652732
    13     59      0      0.00000000      1.19957081
    13     60      0      0.00000000      1.36129817
    13     61      0      0.00000000      1.25794402
    13     62      0      0.00000000      1.29604064
    13     63      0      0.00000000      1.20292962
    13     64      0      0.00000000      1.24921993
    13     65      0      0.00000000      1.23666677
    13     66      0      0.00000000      1.34746451
    13     67      0      0.00000000      1.26238809
    13     68      0      0.00000000      1.31262632
    13     69      0      0.00000000      4.58169986
    13     70      0      0.00000000      1.22970491
    13     71      0      0.00000000      1.38877694
    13     72      0      0.00000000      1.23700410
    13     73      0      0.00000000      1.28196117
    13     74      0      0.00000000      1.25600322
    13     75      0      0.00000000      1.32904477
    13     76      0      0.00000000      1.34653438
    13     77      0      0.00000000      1.15462325
    13     78      0      0.00000000      1.35544347
    13     79      0      0.00000000      1.21822061
    13     80      0      0.00000000      1.29035835
    13     81      0      0.00000000      1.22539596
    13     82      0      0.00000000      1.28614963
    13     83      0      0.00000000      1.47835028
    13     84      0      0.00000000      1.37189996
    13     85      0      0.00000000      1.37417826
    13     86      0      0.00000000      1.30000512
    13     87      0      0.00000000      1.34174668
    13     88      0      0.00000000      1.25706443
    13     89      0      0.00000000      1.35609119
    13     90      0      0.00000000      1.30796597
    13     91      0      0.00000000      1.47700763
    13     92      0      0.00000000      1.41545140
    13     93      0      0.00000000      1.34878758
    13     94      0      0.00000000      1.30847861
    13     95      0      0.00000000      1.33562220
    13     96      0      0.00000000      1.30933497
    13     97      0      0.00000000      1.36573957
    13     98      0      0.00000000      1.28854099
    13     99      0      0.00000000      1.00000000
    13    100      0      0.00000000      1.00000000
    13    101      0      0.00000000      1.00000000
    13    102      0      0.00000000      1.00000000
    13    103      0      0.00000000      1.00000000
    13    104      0      0.00000000      1.00000000
    13    105      0      0.00000000      1.00000000
    13    106      0      0.00000000      1.00000000
    13    107      0      0.00000000      1.00000000
    13    108      0      0.00000000      1.00000000
    13    109      0      0.00000000      1.00000000
    13    110      0      0.00000000      1.00000000
    13    111      0      0.00000000      1.00000000
    13    112      0      0.00000000      1.00000000
    13    113      0      0.00000000      1.00000000
    13    114      0      0.00000000      1.00000000
    13    115      0      0.00000000      0.83702575
    13    116      0      0.00000000      0.83525486
    13    117      0      0.00000000      0.93507158
    13    118      0      0.00000000      0.92789104
    13    119      0      0.00000000      0.97433438
    13    120      0      0.00000000      0.99173605
    13    121      0      0.00000000      0.96528791
    13    122      0      0.00000000      0.98698288
    13    123      0      0.00000000      0.94088149
    13    124      0      0.00000000      0.91173355
    13    125      0      0.00000000      0.85247978
    13    126      0      0.00000000      0.84594451
    13    127      0      0.00000000      0.85110075
    13    128      0      0.00000000      0.85184342
    13    129      0      0.00000000      0.86057401
    13    130      0      0.00000000      0.90122661
    13    131      0      0.00000000      0.88819679
    13    132      0      0.00000000      0.91406867
    13    133      0      0.00000000      0.93310356
    13    134      0      0.00000000      0.99858629
    13    135      0      0.00000000      0.99036815
    13    136      0      0.00000000      1.00922720
    13    137      0      0.00000000      0.99814094
    13    138      0      0.00000000      1.02992519
    13    139      0      0.00000000      1.01606141
    13    140      0      0.00000000      1.05012076
    13    141      0      0.00000000      1.03317302
    13    142      0      0.00000000      1.02455766
    13    143      0      0.00000000      1.04261287
    13    144      0      0.00000000      1.04317783
    13    145      0      0.00000000      1.03812428
    13    146      0      0.00000000      1.03833674
    13    147      0      0.00000000      1.01595586
    13    148      0      0.00000000      1.02506973
    13    149      0      0.00000000      1.00314047
    13    150      0      0.00000000      1.00214900
    13    151      0      0.00000000      0.98439556
    13    152      0      0.00000000      1.02547519
    13    153      0      0.00000000      0.96012387
    13    154      0      0.00000000      0.95755845
    13    155      0      0.00000000      0.94875930
    13    156      0      0.00000000      0.97692605
    13    157      0      0.00000000      0.95506905
    13    158      0      0.00000000      0.91383958
    13    159      0      0.00000000      0.92188123
    13    160      0      0.00000000      0.91271804
    13    161      0      0.00000000      0.86662181
    13    162      0      0.00000000      0.84045125
    13    163      0      0.00000000      0.74717788
    13    164      0      0.00000000      0.76539628
    13    165      0      0.00000000      0.76757080
    13    166      0      0.00000000      0.80567803
    13    167      0      0.00000000      0.73917778
    13    168      0      0.00000000      0.73885565
    13    169      0      0.00000000      0.72577574
    13    170      0      0.00000000      0.74062691
    13    171      0      0.00000000      0.79036792
    13    172      0      0.00000000      0.84758103
    13    173      0      0.00000000      0.85723932
    13    174      0      0.00000000      0.93495169
    13    175      0      0.00000000      0.92542540
    13    176      0      0.00000000      0.97648180
    13    177      0      0.00000000      0.95605447
    13    178      0      0.00000000      0.99981441
    13    179      0      0.00000000      0.95924343
    13    180      0      0.00000000      0.89104052
    13    181      0      0.00000000      0.83264997
    13    182      0      0.00000000      0.87156230
    13    183      0      0.00000000      0.92657292
    13    184      0      0.00000000      0.93368067
    13    185      0      0.00000000      0.99383472
    13    186      0      0.00000000      1.00000000
    13    187      0      0.00000000      1.00000000
    13    188      0      0.00000000      1.00000000
    13    189      0      0.00000000      1.00000000
    13    190      0      0.00000000      1.00000000
    13    191      0      0.00000000      1.00000000
    13    192      0      0.00000000      1.00000000
    13    193      0      0.00000000      1.00000000
    13    194      0      0.00000000      1.00000000
    13    195      0      0.00000000      1.00000000
    13    196      0      0.00000000      1.00000000
    13    197      0      0.00000000      1.12460558
    13    198      0      0.00000000      1.07954742
    13    199      0      0.00000000      1.02335262
    13    200      0      0.00000000      0.92083510
    13    201      0      0.00000000      0.97696418
    13    202      0      0.00000000      0.98895007
    13    203      0      0.00000000      0.95749720
    13    204      0      0.00000000      1.02274347
    13    205      0      0.00000000      1.08553028
    13    206      0      0.00000000      1.09781210
    13    207      0      0.00000000      1.11679434
    13    208      0      0.00000000      1.21554735
    13    209      0      0.00000000      1.18256436
    13    210      0      0.00000000      1.15938689
    13    211      0      0.00000000      1.12996705
    13    212      0      0.00000000      1.27703092
    13    213      0      0.00000000      1.28869435
    14      0      0      0.00000000      1.21499069
    14      1      0      0.00000000      1.27726098
    14      2      0      0.00000000      1.19399808
    14      3      0      0.00000000      1.28304829
    14      4      0      0.00000000      1.00000000
    14      5      0      0.00000000      1.00000000
    14      6      0      0.00000000      1.00000000
    14      7      0      0.00000000      1.00000000
    14      8      0      0.00000000      1.00000000
    14      9      0      0.00000000      1.00000000
    14     10      0      0.00000000      1.00000000
    14     11      0      0.00000000      1.00000000
    14     12      0      0.00000000      1.00000000
    14     13      0      0.00000000      1.00000000
    14     14      0      0.00000000      1.28304829
    14     15      0      0.00000000      1.17512952
    14     16      0      0.00000000      1.19747817
    14     17      0      0.00000000      1.08496256
    14     18      0      0.00000000      1.09653591
    14     19      0      0.00000000      1.06337992
    14     20      0      0.00000000      1.20542388
    14     21      0      0.00000000      1.17175269
    14     22      0      0.00000000      1.28742768
    14     23      0      0.00000000      1.28802327
    14     24      0      0.00000000      1.34127187
    14     25      0      0.00000000      1.41486415
    14     26      0      0.00000000      1.30364219
    14     27      0      0.00000000      1.17444228
    14     28      0      0.00000000      0.87829732
    14     29      0      0.00000000      0.93501371
    14     30      0      0.00000000      0.99203582
    14     31      0      0.00000000      1.19828868
    14     32      0      0.00000000      1.06024499
    14     33      0      0.00000000      1.30259019
    14     34      0      0.00000000      1.38729046
    14     35      0      0.00000000      1.43237645
    14     36      0      0.00000000      1.37190791
    14     37      0      0.00000000      1.31911724
    14     38      0      0.00000000      1.38213598
    14     39      0      0.00000000      1.36091720
    14     40      0      0.00000000      1.47051900
    14     41      0      0.00000000      1.18217545
    14     42      0      0.00000000      1.31209757
    14     43      0      0.00000000      1.33554811
    14     44      0      0.00000000      1.37597693
    14     45      0      0.00000000      1.27399213
    14     46      0      0.00000000      1.35661871
    14     47      0      0.00000000      1.29866805
    14     48      0      0.00000000      1.41987081
    14     49      0      0.00000000      1.37238548
    14     50      0      0.00000000      1.44479986
    14     51      0      0.00000000      1.36172790
    14     52      0      0.00000000      1.20656603
    14     53      0      0.00000000      1.36536965
    14     54      0      0.00000000      1.28938412
    14     55      0      0.00000000      1.35612370
    14     56      0      0.00000000      1.38002747
    14     57      0      0.00000000      1.30612293
    14     58      0      0.00000000      1.25338115
    14     59      0      0.00000000      1.23772933
    14     60      0      0.00000000      1.27757672
    14     61      0      0.00000000      1.29103223
    14     62      0      0.00000000      1.32217958
    14     63      0      0.00000000      1.47420814
    14     64      0      0.00000000      4.60567948
    14     65      0      0.00000000      1.29844905
    14     66      0      0.00000000      1.34322595
    14     67      0      0.00000000      1.28589827
    14     68      0      0.00000000      1.33777666
    14     69      0      0.00000000      1.27577237
    14     70      0      0.00000000      1.29435126
    14     71      0      0.00000000      1.41393769
    14     72      0      0.00000000      1.26739498
    14     73      0      0.00000000      1.35773778
    14     74      0      0.00000000      1.26223845
    14     75      0      0.00000000      1.22412161
    14     76      0      0.00000000      1.25483569
    14     77      0      0.00000000      1.27835864
    14     78      0      0.00000000      1.42513146
    14     79      0      0.00000000      1.45537739
    14     80      0      0.00000000      1.41738666
    14     81      0      0.00000000      1.33914452
    14     82      0      0.00000000      1.27459617
    14     83      0      0.00000000      1.40151374
    14     84      0      0.00000000      1.41014178
    14     85      0      0.00000000      1.34945258
    14     86      0      0.00000000      1.43433879
    14     87      0      0.00000000      1.52624104
    14     88      0      0.00000000      1.28904328
    14     89      0      0.00000000      1.32788505
    14     90      0      0.00000000      1.32755216
    14     91      0      0.00000000      1.39456768
    14     92      0      0.00000000      1.34991498
    14     93      0      0.00000000      1.28984420
    14     94      0      0.00000000      1.00000000
    14     95      0      0.00000000      1.00000000
    14     96      0      0.00000000      1.00000000
    14     97      0      0.00000000      1.00000000
    14     98      0      0.00000000      1.00000000
    14     99      0      0.00000000      1.00000000
    14    100      0      0.00000000      1.00000000
    14    101      0      0.00000000      1.00000000
    14    102      0      0.00000000      1.00000000
    14    103      0      0.00000000      1.00000000
    14    104      0      0.00000000      1.08238505
    14    105      0      0.00000000      1.03759526
    14    106      0      0.00000000      0.94482852
    14    107      0      0.00000000      1.03006287
    14    108      0      0.00000000      1.00000000
    14    109      0      0.00000000      1.00000000
    14    110      0      0.00000000      1.00000000
    14    111      0      0.00000000      1.00000000
    14    112      0      0.00000000      1.00000000
    14    113      0      0.00000000      1.00000000
    14    114      0      0.00000000      1.00000000
    14    115      0      0.00000000      1.00000000
    14    116      0      0.00000000      1.00000000
    14    117      0      0.00000000      1.00000000
    14    118      0      0.00000000      0.91209574
    14    119      0      0.00000000      0.88061199
    14    120      0      0.00000000      0.87018346
    14    121      0      0.00000000      0.93714697
    14    122      0      0.00000000      0.93192597
    14    123      0      0.00000000      0.96071707
    14    124      0      0.00000000      0.93796061
    14    125      0      0.00000000      0.98504591
    14    126      0      0.00000000      0.97409602
    14    127      0      0.00000000      1.02952574
    14    128      0      0.00000000      1.02235755
    14    129      0      0.00000000      1.04911096
    14    130      0      0.00000000      1.02009485
    14    131      0      0.00000000      1.07593284
    14    132      0      0.00000000      1.05022328
    14    133      0      0.00000000      1.04776467
    14    134      0      0.00000000      1.04452844
    14    135      0      0.00000000      1.01711830
    14    136      0      0.00000000      0.97653432
    14    137      0      0.00000000      1.03612922
    14    138      0      0.00000000      0.95806134
    14    139      0      0.00000000      1.02049189
    14    140      0      0.00000000      0.97831582
    14    141      0      0.00000000      1.00966404
    14    142      0      0.00000000      1.02481980
    14    143      0      0.00000000      1.05201160
    14    144      0      0.00000000      1.04341869
    14    145      0      0.00000000      1.02423863
    14    146      0      0.00000000      1.04192504
    14    147      0      0.00000000      1.04792842
    14    148      0      0.00000000      1.03390227
    14    149      0      0.00000000      1.02579179
    14    150      0      0.00000000      1.01033363
    14    151      0      0.00000000      1.02533443
    14    152      0      0.00000000      0.97013701
    14    153      0      0.00000000      0.98719892
    14    154      0      0.00000000      0.94058461
    14    155      0      0.00000000      0.96202981
    14    156      0      0.00000000      0.94834108
    14    157      0      0.00000000      0.95551415
    14    158      0      0.00000000      0.91719846
    14    159      0      0.00000000      0.89485211
    14    160      0      0.00000000      0.88443057
    14    161      0      0.00000000      0.87257869
    14    162      0      0.00000000      0.90460028
    14    163      0      0.00000000      0.89418420
    14    164      0      0.00000000      0.87306751
    14    165      0      0.00000000      0.94600597
    14    166      0      0.00000000      0.93166855
    14    167      0      0.00000000      0.99495910
    14    168      0      0.00000000      0.97826052
    14    169      0      0.00000000      1.00466755
    14    170      0      0.00000000      0.98602230
    14    171      0      0.00000000      0.95582136
    14    172      0      0.00000000      0.97480672
    14    173      0      0.00000000      0.96939512
    14    174      0      0.00000000      0.96293552
    14    175      0      0.00000000      0.97238200
    14    176      0      0.00000000      0.93796147
    14    177      0      0.00000000      0.92029987
    14    178      0      0.00000000      0.87239793
    14    179      0      0.00000000      0.93222936
    14    180      0      0.00000000      0.84703054
    14    181      0      0.00000000      0.89963625
    14    182      0      0.00000000      0.83619825
    14    183      0      0.00000000      0.88144484
    14    184      0      0.00000000      0.88590752
    14    185      0      0.00000000      0.97027839
    14    186      0      0.00000000      1.01052804
    14    187      0      0.00000000      1.13171311
    14    188      0      0.00000000      1.11914330
    14    189      0      0.00000000      1.10319044
    14    190      0      0.00000000      1.12449765
    14    191      0      0.00000000      1.11389720
    14    192      0      0.00000000      1.05230231
    14    193      0      0.00000000      1.07006037
    14    194      0      0.00000000      1.02703914
    14    195      0      0.00000000      1.14991784
    14    196      0      0.00000000      1.07454483
    14    197      0      0.00000000      1.20527982
    14    198      0      0.00000000      1.00000000
    14    199      0      0.00000000      1.00000000
    14    200      0      0.00000000      1.00000000
    14    201      0      0.00000000      1.00000000
    14    202      0      0.00000000      1.00000000
    14    203      0      0.00000000      1.00000000
    14    204      0      0.00000000      1.00000000
    14    205      0      0.00000000      1.00000000
    14    206      0      0.00000000      1.00000000
    14    207      0      0.00000000      1.00000000
    14    208      0      0.00000000      1.21474208
    14    209      0      0.00000000      1.27656040
    14    210      0      0.00000000      1.34130569
    14    211      0      0.00000000      1.43273435
    15      0      0      0.00000000      1.00000000
    15      1      0      0.00000000      1.00000000
    15      2      0      0.00000000      1.00000000
    15      3      0      0.00000000      1.00000000
    15      4      0      0.00000000      0.99298728
    15      5      0      0.00000000      1.40687867
    15      6      0      0.00000000      1.94971527
    15      7      0      0.00000000      1.12604565
    15      8      0      0.00000000      1.26568588
    15      9      0      0.00000000      1.28983066
    15     10      0      0.00000000      1.40312515
    15     11      0      0.00000000      1.24980758
    15     12      0      0.00000000      1.21746288
    15     13      0      0.00000000      1.35915977
    15     14      0      0.00000000      1.07494144
    15     15      0      0.00000000      1.14298166
    15     16      0      0.00000000      1.38202621
    15     17      0      0.00000000      1.34949779
    15     18      0      0.00000000      1.22963828
    15     19      0      0.00000000      1.40225876
    15     20      0      0.00000000      1.37969658
    15     21      0      0.00000000      1.40665232
    15     22      0      0.00000000      1.17037168
    15     23      0      0.00000000      1.28326945
    15     24      0      0.00000000      1.28850584
    15     25      0      0.00000000      1.47208501
    15     26      0      0.00000000      1.21681674
    15     27      0      0.00000000      0.95232585
    15     28      0      0.00000000      0.98947477
    15     29      0      0.00000000      0.93060412
    15     30      0      0.00000000      1.41660192
    15     31      0      0.00000000      1.49781226
    15     32      0      0.00000000      1.53836712
    15     33      0      0.00000000      2.00126025
    15     34      0      0.00000000      1.35022571
    15     35      0      0.00000000      1.28640987
    15     36      0      0.00000000      1.41605715
    15     37      0      0.00000000      2.11794103
    15     38      0      0.00000000      1.45908035
    15     39      0      0.00000000      1.39248309
    15     40      0      0.00000000      1.21319236
    15     41      0      0.00000000      1.02731432
    15     42      0      0.00000000      1.23408408
    15     43      0      0.00000000      1.12079132
    15     44      0      0.00000000      1.04340356
    15     45      0      0.00000000      1.27121082
    15     46      0      0.00000000      1.28160915
    15     47      0      0.00000000      1.22358195
    15     48      0      0.00000000      1.20809179
    15     49      0      0.00000000      1.28551793
    15     50      0      0.00000000      1.38064146
    15     51      0      0.00000000      1.29701230
    15     52      0      0.00000000      1.37508782
    15     53      0      0.00000000      1.45615543
    15     54      0      0.00000000      1.46014608
    15     55      0      0.00000000      1.29669856
    15     56      0      0.00000000      1.41438545
    15     57      0      0.00000000      1.05088258
    15     58      0      0.00000000      1.45945619
    15     59      0      0.00000000      1.34366725
    15     60      0      0.00000000      1.25697400
    15     61      0      0.00000000      4.44492621
    15     62      0      0.00000000      1.26064088
    15     63      0      0.00000000      1.38001876
    15     64      0      0.00000000      1.25187192
    15     65      0      0.00000000      1.22404799
    15     66      0      0.00000000      1.44083910
    15     67      0      0.00000000      1.31243605
    15     68      0      0.00000000      1.44781299
    15     69      0      0.00000000      1.24333278
    15     70      0      0.00000000      1.22554020
    15     71      0      0.00000000      1.22995360
    15     72      0      0.00000000      1.18407288
    15     73      0      0.00000000      1.20569875
    15     74      0      0.00000000      1.19352720
    15     75      0      0.00000000      1.38579223
    15     76      0      0.00000000      1.31017533
    15     77      0      0.00000000      1.35859561
    15     78      0      0.00000000      1.29533160
    15     79      0      0.00000000      1.31032858
    15     80      0      0.00000000      1.37016908
    15     81      0      0.00000000      1.30462168
    15     82      0      0.00000000      1.35750004
    15     83      0      0.00000000      1.37342329
    15     84      0      0.00000000      1.45529351
    15     85      0      0.00000000      1.37764755
    15     86      0      0.00000000      1.25576661
    15     87      0      0.00000000      1.33696345
    15     88      0      0.00000000      1.32140031
    15     89      0      0.00000000      1.33637517
    15     90      0      0.00000000      1.35939676
    15     91      0      0.00000000      1.00000000
    15     92      0      0.00000000      1.00000000
    15     93      0      0.00000000      1.00000000
    15     94      0      0.00000000      1.00000000
    15     95      0      0.00000000      1.00000000
    15     96      0      0.00000000      1.00000000
    15     97      0      0.00000000      1.00000000
    15     98      0      0.00000000      1.00000000
    15     99      0      0.00000000      1.00000000
    15    100      0      0.00000000      1.00000000
    15    101      0      0.00000000      1.10898025
    15    102      0      0.00000000      1.14420807
    15    103      0      0.00000000      1.21186739
    15    104      0      0.00000000      1.19917492
    15    105      0      0.00000000      1.15122501
    15    106      0      0.00000000      1.10079061
    15    107      0      0.00000000      1.09537773
    15    108      0      0.00000000      1.02920140
    15    109      0      0.00000000      1.01885207
    15    110      0      0.00000000      1.07378701
    15    111      0      0.00000000      1.01357879
    15    112      0      0.00000000      1.04274893
    15    113      0      0.00000000      1.00000000
    15    114      0      0.00000000      1.00000000
    15    115      0      0.00000000      1.00000000
    15    116      0      0.00000000      1.00000000
    15    117      0      0.00000000      1.00000000
    15    118      0      0.00000000      1.00000000
    15    119      0      0.00000000      1.00000000
    15    120      0      0.00000000      1.00000000
    15    121      0      0.00000000      1.00000000
    15    122      0      0.00000000      1.00000000
    15    123      0      0.00000000      1.04857290
    15    124      0      0.00000000      1.03368239
    15    125      0      0.00000000      1.02152446
    15    126      0      0.00000000      0.98157084
    15    127      0      0.00000000      0.93765870
    15    128      0      0.00000000      0.89676461
    15    129      0      0.00000000      0.91636144
    15    130      0      0.00000000      0.92832597
    15    131      0      0.00000000      0.93216147
    15    132      0      0.00000000      0.95174877
    15    133      0      0.00000000      0.95113707
    15    134      0      0.00000000      0.93225737
    15    135      0      0.00000000      1.01521262
    15    136      0      0.00000000      1.02462218
    15    137      0      0.00000000      1.02963119
    15    138      0      0.00000000      1.02511721
    15    139      0      0.00000000      1.04926766
    15    140      0      0.00000000      1.03544362
    15    141      0      0.00000000      1.05248964
    15    142      0      0.00000000      1.04655587
    15    143      0      0.00000000      1.03952328
    15    144      0      0.00000000      1.04823870
    15    145      0      0.00000000      1.01203177
    15    146      0      0.00000000      1.04381516
    15    147      0      0.00000000      1.07869036
    15    148      0      0.00000000      1.08380472
    15    149      0      0.00000000      1.06104705
    15    150      0      0.00000000      1.02763522
    15    151      0      0.00000000      1.04224432
    15    152      0      0.00000000      1.06890992
    15    153      0      0.00000000      1.02659325
    15    154      0      0.00000000      1.05303610
    15    155      0      0.00000000      1.06990003
    15    156      0      0.00000000      1.05327772
    15    157      0      0.00000000      1.04395647
    15    158      0      0.00000000      1.01169539
    15    159      0      0.00000000      1.04038898
    15    160      0      0.00000000      1.01593860
    15    161      0      0.00000000      1.00700084
    15    162      0      0.00000000      0.97158226
    15    163      0      0.00000000      0.94917748
    15    164      0      0.00000000      0.96406588
    15    165      0      0.00000000      0.96563988
    15    166      0      0.00000000      0.95909144
    15    167      0      0.00000000      0.99027042
    15    168      0      0.00000000      0.94857593
    15    169      0      0.00000000      0.99190939
    15    170      0      0.00000000      0.98205051
    15    171      0      0.00000000      0.97836556
    15    172      0      0.00000000      0.96650617
    15    173      0      0.00000000      1.01521534
    15    174      0      0.00000000      0.97471641
    15    175      0      0.00000000      1.00618968
    15    176      0      0.00000000      0.91414476
    15    177      0      0.00000000      0.92131821
    15    178      0      0.00000000      0.88128443
    15    179      0      0.00000000      0.89182899
    15    180      0      0.00000000      0.86101364
    15    181      0      0.00000000      0.87474134
    15    182      0      0.00000000      0.87719948
    15    183      0      0.00000000      0.88136809
    15    184      0      0.00000000      0.90844224
    15    185      0      0.00000000      1.10448763
    15    186      0      0.00000000      0.99798887
    15    187      0      0.00000000      1.08085352
    15    188      0      0.00000000      0.99627787
    15    189      0      0.00000000      1.07444729
    15    190      0      0.00000000      1.02921266
    15    191      0      0.00000000      1.07743038
    15    192      0      0.00000000      1.04209647
    15    193      0      0.00000000      1.01377418
    15    194      0      0.00000000      0.97048778
    15    195      0      0.00000000      0.94916374
    15    196      0      0.00000000      0.86924394
    15    197      0      0.00000000      1.01198128
    15    198      0      0.00000000      0.98273756
    15    199      0      0.00000000      1.06549112
    15    200      0      0.00000000      1.11012936
    15    201      0      0.00000000      1.19611208
    15    202      0      0.00000000      1.17316307
    15    203      0      0.00000000      1.18160861
    15    204      0      0.00000000      1.11052210
    15    205      0      0.00000000      1.10933848
    15    206      0      0.00000000      1.01851065
    15    207      0      0.00000000      1.09446454
    15    208      0      0.00000000      1.01346074
    15    209      0      0.00000000      1.18759579
    15    210      0      0.00000000      1.00000000
    15    211      0      0.00000000      1.00000000
    15    212      0      0.00000000      1.00000000
    15    213      0      0.00000000      1.00000000
    16      0      0      0.00000000      0.75170929
    16      1      0      0.00000000      1.03094340
    16      2      0      0.00000000      0.81296371
    16      3      0      0.00000000      0.86317819
    16      4      0      0.00000000      1.06781662
    16      5      0      0.00000000      1.11695945
    16      6      0      0.00000000      1.39954112
    16      7      0      0.00000000      1.13527639
    16      8      0      0.00000000      1.29356466
    16      9      0      0.00000000      1.21360635
    16     10      0      0.00000000      1.28029464
    16     11      0      0.00000000      1.28029464
    16     12      0      0.00000000      1.49582616
    16     13      0      0.00000000      1.28870322
    16     14      0      0.00000000      1.22723706
    16     15      0      0.00000000      1.09357115
    16     16      0      0.00000000      1.24446622
    16     17      0      0.00000000      1.34481970
    16     18      0      0.00000000      1.19384878
    16     19      0      0.00000000      1.22382845
    16     20      0      0.00000000      1.33108300
    16     21      0      0.00000000      1.23165518
    16     22      0      0.00000000      1.08280060
    16     23      0      0.00000000      1.22166995
    16     24      0      0.00000000      1.11214821
    16     25      0      0.00000000      1.48454197
    16     26      0      0.00000000      1.19680889
    16     27      0      0.00000000      0.98487085
    16     28      0      0.00000000      1.10452030
    16     29      0      0.00000000      1.29832216
    16     30      0      0.00000000      1.31128745
    16     31      0      0.00000000      1.31353357
    16     32      0      0.00000000      1.33028855
    16     33      0      0.00000000      1.28996046
    16     34      0      0.00000000      1.36315614
    16     35      0      0.00000000      1.33920490
    16     36      0      0.00000000      1.34215039
    16     37      0      0.00000000      1.46311017
    16     38      0      0.00000000      1.31534012
    16     39      0      0.00000000      1.12183983
    16     40      0      0.00000000      1.17949260
    16     41      0      0.00000000      1.30535786
    16     42      0      0.00000000      1.29903992
    16     43      0      0.00000000      1.34534366
    16     44      0      0.00000000      1.31724920
    16     45      0      0.00000000      1.31171188
    16     46      0      0.00000000      1.13147193
    16     47      0      0.00000000      1.28436759
    16     48      0      0.00000000      1.16471187
    16     49      0      0.00000000      1.39116467
    16     50      0      0.00000000      1.09605591
    16     51      0      0.00000000      1.24295525
    16     52      0      0.00000000      1.43359124
    16     53      0      0.00000000      1.20902521
    16     54      0      0.00000000      1.14160918
    16     55      0      0.00000000      1.34293537
    16     56      0      0.00000000      1.23844305
    16     57      0      0.00000000      1.30901541
    16     58      0      0.00000000      1.31809690
    16     59      0      0.00000000      1.23342689
    16     60      0      0.00000000      1.07463093
    16     61      0      0.00000000      0.98048077
    16     62      0      0.00000000      1.13735192
    16     63      0      0.00000000      1.34410283
    16     64      0      0.00000000      1.26462631
    16     65      0      0.00000000      1.28145780
    16     66      0      0.00000000      1.16909171
    16     67      0      0.00000000      1.34683399
    16     68      0      0.00000000      1.12307159
    16     69      0      0.00000000      1.16814646
    16     70      0      0.00000000      1.11484986
    16     71      0      0.00000000      1.14756504
    16     72      0      0.00000000      1.21957572
    16     73      0      0.00000000      1.19207046
    16     74      0      0.00000000      1.19614623
    16     75      0      0.00000000      1.45070187
    16     76      0      0.00000000      1.14724846
    16     77      0      0.00000000      1.20278484
    16     78      0      0.00000000      1.17918779
    16     79      0      0.00000000      1.20214765
    16     80      0      0.00000000      1.23964218
    16     81      0      0.00000000      1.27340941
    16     82      0      0.00000000      1.23607370
    16     83      0      0.00000000      1.30392122
    16     84      0      0.00000000      1.31655989
    16     85      0      0.00000000      1.23266962
    16     86      0      0.00000000      1.21873556
    16     87      0      0.00000000      1.32529855
    16     88      0      0.00000000      1.21322885
    16     89      0      0.00000000      1.23898149
    16     90      0      0.00000000      1.22557859
    16     91      0      0.00000000      1.00000000
    16     92      0      0.00000000      1.00000000
    16     93      0      0.00000000      1.00000000
    16     94      0      0.00000000      1.00000000
    16     95      0      0.00000000      1.00000000
    16     96      0      0.00000000      1.00000000
    16     97      0      0.00000000      1.00000000
    16     98      0      0.00000000      1.00000000
    16     99      0      0.00000000      1.00000000
    16    100      0      0.00000000      1.09808185
    16    101      0      0.00000000      1.12479668
    16    102      0      0.00000000      1.09520791
    16    103      0      0.00000000      1.12677526
    16    104      0      0.00000000      1.09829446
    16    105      0      0.00000000      1.11464190
    16    106      0      0.00000000      1.05797623
    16    107      0      0.00000000      1.10143361
    16    108      0      0.00000000      1.10251468
    16    109      0      0.00000000      1.13472885
    16    110      0      0.00000000      1.09731254
    16    111      0      0.00000000      1.15683040
    16    112      0      0.00000000      1.08308666
    16    113      0      0.00000000      1.09287573
    16    114      0      0.00000000      1.02843030
    16    115      0      0.00000000      1.02863622
    16    116      0      0.00000000      1.03213091
    16    117      0      0.00000000      1.04609955
    16    118      0      0.00000000      1.03708938
    16    119      0      0.00000000      1.08284442
    16    120      0      0.00000000      1.00000000
    16    121      0      0.00000000      1.00000000
    16    122      0      0.00000000      1.00000000
    16    123      0      0.00000000      1.00000000
    16    124      0      0.00000000      1.00000000
    16    125      0      0.00000000      1.00000000
    16    126      0      0.00000000      1.00000000
    16    127      0      0.00000000      1.00000000
    16    128      0      0.00000000      1.00000000
    16    129      0      0.00000000      0.91524597
    16    130      0      0.00000000      0.94001873
    16    131      0      0.00000000      0.95472081
    16    132      0      0.00000000      0.93597740
    16    133      0      0.00000000      0.90816299
    16    134      0      0.00000000      0.89226912
    16    135      0      0.00000000      0.94270281
    16    136      0      0.00000000      0.92867096
    16    137      0      0.00000000      0.92588080
    16    138      0      0.00000000      0.92488062
    16    139      0      0.00000000      0.93331381
    16    140      0      0.00000000      0.88956438
    16    141      0      0.00000000      0.89298057
    16    142      0      0.00000000      0.86210025
    16    143      0      0.00000000      0.87435076
    16    144      0      0.00000000      0.87649192
    16    145      0      0.00000000      0.87787214
    16    146      0      0.00000000      0.88560902
    16    147      0      0.00000000      0.90645753
    16    148      0      0.00000000      0.91685799
    16    149      0      0.00000000      0.92462687
    16    150      0      0.00000000      0.82254197
    16    151      0      0.00000000      0.96946683
    16    152      0      0.00000000      0.85326482
    16    153      0      0.00000000      1.00183677
    16    154      0      0.00000000      0.88140611
    16    155      0      0.00000000      0.89299758
    16    156      0      0.00000000      0.90487337
    16    157      0      0.00000000      0.91060741
    16    158      0      0.00000000      0.91469877
    16    159      0      0.00000000      0.93886689
    16    160      0      0.00000000      0.87721847
    16    161      0      0.00000000      0.91788697
    16    162      0      0.00000000      0.92314475
    16    163      0      0.00000000      0.90586443
    16    164      0      0.00000000      0.88921835
    16    165      0      0.00000000      0.92331304
    16    166      0      0.00000000      0.95190420
    16    167      0      0.00000000      0.90082114
    16    168      0      0.00000000      0.87970177
    16    169      0      0.00000000      0.88911801
    16    170      0      0.00000000      0.86433525
    16    171      0      0.00000000      0.84368813
    16    172      0      0.00000000      0.82403465
    16    173      0      0.00000000      0.82304135
    16    174      0      0.00000000      0.80393333
    16    175      0      0.00000000      0.87485180
    16    176      0      0.00000000      0.82974065
    16    177      0      0.00000000      0.83366128
    16    178      0      0.00000000      0.81505544
    16    179      0      0.00000000      0.81969677
    16    180      0      0.00000000      0.86021628
    16    181      0      0.00000000      0.84474490
    16    182      0      0.00000000      0.84627577
    16    183      0      0.00000000      0.86649237
    16    184      0      0.00000000      0.90109477
    16    185      0      0.00000000      0.90654606
    16    186      0      0.00000000      0.90086011
    16    187      0      0.00000000      0.92090219
    16    188      0      0.00000000      0.92190930
    16    189      0      0.00000000      0.96812069
    16    190      0      0.00000000      0.99342371
    16    191      0      0.00000000      0.98669584
    16    192      0      0.00000000      0.99813312
    16    193      0      0.00000000      1.04117812
    16    194      0      0.00000000      1.01958351
    16    195      0      0.00000000      1.01070245
    16    196      0      0.00000000      0.94546670
    16    197      0      0.00000000      0.96075885
    16    198      0      0.00000000      1.01496585
    16    199      0      0.00000000      1.01018160
    16    200      0      0.00000000      1.01278060
    16    201      0      0.00000000      1.02477387
    16    202      0      0.00000000      1.12555463
    16    203      0      0.00000000      1.13128252
    16    204      0      0.00000000      1.05457646
    16    205      0      0.00000000      1.15017569
    16    206      0      0.00000000      1.17164468
    16    207      0      0.00000000      1.08069172
    16    208      0      0.00000000      0.98110947
    16    209      0      0.00000000      0.96286495
    16    210      0      0.00000000      0.88922452
    16    211      0      0.00000000      0.91749475
    16    212      0      0.00000000      0.92737771
    16    213      0      0.00000000      1.00487694
    16    214      0      0.00000000      0.94812425
    16    215      0      0.00000000      1.01911120
    16    216      0      0.00000000      1.23870354
    16    217      0      0.00000000      1.16550777
    16    218      0      0.00000000      1.32337155
    16    219      0      0.00000000      0.94003356
    17      0      0      0.00000000      0.94003356
    17      1      0      0.00000000      1.11519102
    17      2      0      0.00000000      1.20133701
    17      3      0      0.00000000      1.30112150
    17      4      0      0.00000000      1.45195405
    17      5      0      0.00000000      1.29574119
    17      6      0      0.00000000      1.00986077
    17      7      0      0.00000000      1.19017138
    17      8      0      0.00000000      1.28542329
    17      9      0      0.00000000      1.09808357
    17     10      0      0.00000000      1.15419352
    17     11      0      0.00000000      1.24577359
    17     12      0      0.00000000      1.32513402
    17     13      0      0.00000000      1.35670366
    17     14      0      0.00000000      1.18162640
    17     15      0      0.00000000      1.20643770
    17     16      0      0.00000000      1.18054853
    17     17      0      0.00000000      1.25341752
    17     18      0      0.00000000      1.12966763
    17     19      0      0.00000000      1.03157792
    17     20      0      0.00000000      1.24955754
    17     21      0      0.00000000      1.13960044
    17     22      0      0.00000000      1.21268367
    17     23      0      0.00000000      1.07388531
    17     24      0      0.00000000      1.19458443
    17     25      0      0.00000000      1.21012228
    17     26      0      0.00000000      1.21012228
    17     27      0      0.00000000      1.21012228
    17     28      0      0.00000000      1.21012228
    17     29      0      0.00000000      1.31616632
    17     30      0      0.00000000      1.30869363
    17     31      0      0.00000000      1.36374550
    17     32      0      0.00000000      1.21828605
    17     33      0      0.00000000      1.21509639
    17     34      0      0.00000000      1.37646139
    17     35      0      0.00000000      2.37711640
    17     36      0      0.00000000      1.48961821
    17     37      0      0.00000000      1.22040664
    17     38      0      0.00000000      1.34919459
    17     39      0      0.00000000      1.25952889
    17     40      0      0.00000000      1.33415977
    17     41      0      0.00000000      1.40992625
    17     42      0      0.00000000      1.34598305
    17     43      0      0.00000000      1.38830715
    17     44      0      0.00000000      1.29673147
    17     45      0      0.00000000      1.43198033
    17     46      0      0.00000000      1.22111166
    17     47      0      0.00000000      1.13348231
    17     48      0      0.00000000      1.15199797
    17     49      0      0.00000000      1.23571903
    17     50      0      0.00000000      1.31368755
    17     51      0      0.00000000      1.26789631
    17     52      0      0.00000000      1.27992529
    17     53      0      0.00000000      1.44568470
    17     54      0      0.00000000      1.24991938
    17     55      0      0.00000000      1.34312793
    17     56      0      0.00000000      1.23614359
    17     57      0      0.00000000      1.19338052
    17     58      0      0.00000000      1.15389695
    17     59      0      0.00000000      2.31290146
    17     60      0      0.00000000      1.22457156
    17     61      0      0.00000000      1.46480426
    17     62      0      0.00000000      1.13909769
    17     63      0      0.00000000      1.26823611
    17     64      0      0.00000000      1.19031815
    17     65      0      0.00000000      1.22409008
    17     66      0      0.00000000      1.26781152
    17     67      0      0.00000000      1.18775800
    17     68      0      0.00000000      1.18317980
    17     69      0      0.00000000      1.08217083
    17     70      0      0.00000000      1.08405168
    17     71      0      0.00000000      1.24885970
    17     72      0      0.00000000      1.20697585
    17     73      0      0.00000000      1.37427956
    17     74      0      0.00000000      1.25191438
    17     75      0      0.00000000      1.23486039
    17     76      0      0.00000000      1.14757566
    17     77      0      0.00000000      1.16775405
    17     78      0      0.00000000      1.15066073
    17     79      0      0.00000000      1.16373069
    17     80      0      0.00000000      1.23224518
    17     81      0      0.00000000      1.31586709
    17     82      0      0.00000000      1.31243022
    17     83      0      0.00000000      1.18624359
    17     84      0      0.00000000      1.18733966
    17     85      0      0.00000000      1.28243518
    17     86      0      0.00000000      1.23058159
    17     87      0      0.00000000      1.27131901
    17     88      0      0.00000000      1.20711452
    17     89      0      0.00000000      1.00000000
    17     90      0      0.00000000      1.00000000
    17     91      0      0.00000000      1.00000000
    17     92      0      0.00000000      1.00000000
    17     93      0      0.00000000      1.00000000
    17     94      0      0.00000000      1.00000000
    17     95      0      0.00000000      1.00000000
    17     96      0      0.00000000      1.00000000
    17     97      0      0.00000000      1.00000000
    17     98      0      0.00000000      1.03024174
    17     99      0      0.00000000      1.10133886
    17    100      0      0.00000000      1.07000166
    17    101      0      0.00000000      1.11773782
    17    102      0      0.00000000      1.04159412
    17    103      0      0.00000000      1.09479520
    17    104      0      0.00000000      1.11957617
    17    105      0      0.00000000      1.17095081
    17    106      0      0.00000000      1.16693198
    17    107      0      0.00000000      1.26449855
    17    108      0      0.00000000      1.25471740
    17    109      0      0.00000000      1.19995189
    17    110      0      0.00000000      1.11462639
    17    111      0      0.00000000      1.13704307
    17    112      0      0.00000000      1.11493322
    17    113      0      0.00000000      1.12308396
    17    114      0      0.00000000      1.06451324
    17    115      0      0.00000000      1.15508779
    17    116      0      0.00000000      1.13794307
    17    117      0      0.00000000      1.14339087
    17    118      0      0.00000000      1.17665358
    17    119      0      0.00000000      1.12450686
    17    120      0      0.00000000      1.10720329
    17    121      0      0.00000000      1.11104933
    17    122      0      0.00000000      1.05036382
    17    123      0      0.00000000      1.06663610
    17    124      0      0.00000000      1.01965082
    17    125      0      0.00000000      0.99616908
    17    126      0      0.00000000      1.00000000
    17    127      0      0.00000000      1.00000000
    17    128      0      0.00000000      1.00000000
    17    129      0      0.00000000      1.00000000
    17    130      0      0.00000000      1.00000000
    17    131      0      0.00000000      1.00000000
    17    132      0      0.00000000      1.00000000
    17    133      0      0.00000000      1.00000000
    17    134      0      0.00000000      1.00000000
    17    135      0      0.00000000      1.00000000
    17    136      0      0.00000000      0.85666321
    17    137      0      0.00000000      0.78899227
    17    138      0      0.00000000      0.73656627
    17    139      0      0.00000000      0.76776760
    17    140      0      0.00000000      0.78359479
    17    141      0      0.00000000      0.84564385
    17    142      0      0.00000000      0.84322267
    17    143      0      0.00000000      0.89563435
    17    144      0      0.00000000      0.86906780
    17    145      0      0.00000000      0.90176774
    17    146      0      0.00000000      0.88820290
    17    147      0      0.00000000      0.90962556
    17    148      0      0.00000000      0.85099391
    17    149      0      0.00000000      0.90672947
    17    150      0      0.00000000      0.87574334
    17    151      0      0.00000000      0.89107093
    17    152      0      0.00000000      0.85828658
    17    153      0      0.00000000      0.85077683
    17    154      0      0.00000000      0.95735000
    17    155      0      0.00000000      0.91865389
    17    156      0      0.00000000      0.92203816
    17    157      0      0.00000000      0.93789418
    17    158      0      0.00000000      0.89359852
    17    159      0      0.00000000      0.91780706
    17    160      0      0.00000000      0.87419760
    17    161      0      0.00000000      0.86913968
    17    162      0      0.00000000      0.83506667
    17    163      0      0.00000000      0.86446877
    17    164      0      0.00000000      0.86406265
    17    165      0      0.00000000      0.86431374
    17    166      0      0.00000000      0.84043871
    17    167      0      0.00000000      0.86667893
    17    168      0      0.00000000      0.84638972
    17    169      0      0.00000000      0.84776259
    17    170      0      0.00000000      0.81579708
    17    171      0      0.00000000      0.82080099
    17    172      0      0.00000000      0.81794406
    17    173      0      0.00000000      0.82642370
    17    174      0      0.00000000      0.78840042
    17    175      0      0.00000000      0.81924731
    17    176      0      0.00000000      0.83105117
    17    177      0      0.00000000      0.84107788
    17    178      0      0.00000000      0.86529537
    17    179      0      0.00000000      0.86011189
    17    180      0      0.00000000      0.86139121
    17    181      0      0.00000000      0.87970258
    17    182      0      0.00000000      0.88559434
    17    183      0      0.00000000      0.90393910
    17    184      0      0.00000000      0.92741122
    17    185      0      0.00000000      0.83493580
    17    186      0      0.00000000      0.93259537
    17    187      0      0.00000000      0.92895920
    17    188      0      0.00000000      0.92470719
    17    189      0      0.00000000      0.96411693
    17    190      0      0.00000000      0.86818085
    17    191      0      0.00000000      0.81581554
    17    192      0      0.00000000      0.83348335
    17    193      0      0.00000000      0.81785476
    17    194      0      0.00000000      0.82135081
    17    195      0      0.00000000      0.80839299
    17    196      0      0.00000000      0.77898414
    17    197      0      0.00000000      0.78772160
    17    198      0      0.00000000      0.81764928
    17    199      0      0.00000000      0.81706704
    17    200      0      0.00000000      0.86442710
    17    201      0      0.00000000      0.88551423
    17    202      0      0.00000000      0.92567973
    17    203      0      0.00000000      0.98321864
    17    204      0      0.00000000      1.04484123
    17    205      0      0.00000000      1.05086180
    17    206      0      0.00000000      1.10257751
    17    207      0      0.00000000      1.06079677
    17    208      0      0.00000000      1.06609951
    17    209      0      0.00000000      1.12200923
    17    210      0      0.00000000      1.04424548
    17    211      0      0.00000000      0.99663763
    17    212      0      0.00000000      1.03953092
    17    213      0      0.00000000      1.01087765
    17    214      0      0.00000000      1.04155080
    17    215      0      0.00000000      0.93639513
    17    216      0      0.00000000      0.97726093
    17    217      0      0.00000000      0.99680599
    17    218      0      0.00000000      1.05281630
    17    219      0      0.00000000      1.08821246
    17    220      0      0.00000000      1.15963992
    17    221      0      0.00000000      1.19151707
    17    222      0      0.00000000      1.08926625
    17    223      0      0.00000000      1.11847328
    18      0      0      0.00000000      1.29239963
    18      1      0      0.00000000      1.11817032
    18      2      0      0.00000000      1.17390408
    18      3      0      0.00000000      1.32286305
    18      4      0      0.00000000      1.02747689
    18      5      0      0.00000000      1.15051632
    18      6      0      0.00000000      1.22178841
    18      7      0      0.00000000      0.97864923
    18      8      0      0.00000000      1.17561121
    18      9      0      0.00000000      1.48883968
    18     10      0      0.00000000      1.52005630
    18     11      0      0.00000000      1.85250411
    18     12      0      0.00000000      1.08182747
    18     13      0      0.00000000      1.25069802
    18     14      0      0.00000000      0.88609607
    18     15      0      0.00000000      1.30835763
    18     16      0      0.00000000      1.16301250
    18     17      0      0.00000000      1.21443020
    18     18      0      0.00000000      1.39335699
    18     19      0      0.00000000      1.53893966
    18     20      0      0.00000000      1.70826355
    18     21      0      0.00000000      1.91846782
    18     22      0      0.00000000      1.35376542
    18     23      0      0.00000000      1.28558072
    18     24      0      0.00000000      1.29621435
    18     25      0      0.00000000      1.40553679
    18     26      0      0.00000000      1.03206845
    18     27      0      0.00000000      0.83775884
    18     28      0      0.00000000      1.22152698
    18     29      0      0.00000000      1.39599263
    18     30      0      0.00000000      1.11135438
    18     31      0      0.00000000      1.69820764
    18     32      0      0.00000000      1.22994394
    18     33      0      0.00000000      1.29660705
    18     34      0      0.00000000      1.34047143
    18     35      0      0.00000000      1.35831425
    18     36      0      0.00000000      1.45265259
    18     37      0      0.00000000      1.28210923
    18     38      0      0.00000000      1.24626897
    18     39      0      0.00000000      1.55055245
    18     40      0      0.00000000      1.26293608
    18     41      0      0.00000000      1.85967973
    18     42      0      0.00000000      1.23390304
    18     43      0      0.00000000      1.19836655
    18     44      0      0.00000000      1.18490845
    18     45      0      0.00000000      1.35593342
    18     46      0      0.00000000      1.23301719
    18     47      0      0.00000000      1.30761972
    18     48      0      0.00000000      1.24080604
    18     49      0      0.00000000      1.25262490
    18     50      0      0.00000000      1.34702109
    18     51      0      0.00000000      1.34295519
    18     52      0      0.00000000      1.15569321
    18     53      0      0.00000000      1.25356779
    18     54      0      0.00000000      1.21797633
    18     55      0      0.00000000      1.32562684
    18     56      0      0.00000000      1.32969066
    18     57      0      0.00000000      1.28388418
    18     58      0      0.00000000      1.42061652
    18     59      0      0.00000000      4.52316290
    18     60      0      0.00000000      1.31617082
    18     61      0      0.00000000      1.36877238
    18     62      0      0.00000000      1.25414005
    18     63      0      0.00000000      1.39136816
    18     64      0      0.00000000      1.19047856
    18     65      0      0.00000000      1.33749048
    18     66      0      0.00000000      1.33366467
    18     67      0      0.00000000      1.31101854
    18     68      0      0.00000000      1.26183229
    18     69      0      0.00000000      1.19483773
    18     70      0      0.00000000      1.14967787
    18     71      0      0.00000000      1.34729999
    18     72      0      0.00000000      1.11502258
    18     73      0      0.00000000      1.32585948
    18     74      0      0.00000000      1.37994510
    18     75      0      0.00000000      1.42041907
    18     76      0      0.00000000      1.26505781
    18     77      0      0.00000000      1.14768761
    18     78      0      0.00000000      1.18226782
    18     79      0      0.00000000      1.22909685
    18     80      0      0.00000000      1.30893868
    18     81      0      0.00000000      1.38910362
    18     82      0      0.00000000      1.40016785
    18     83      0      0.00000000      1.23663428
    18     84      0      0.00000000      1.21432555
    18     85      0      0.00000000      1.24327212
    18     86      0      0.00000000      1.13675209
    18     87      0      0.00000000      1.26199637
    18     88      0      0.00000000      1.29205705
    18     89      0      0.00000000      1.00000000
    18     90      0      0.00000000      1.00000000
    18     91      0      0.00000000      1.00000000
    18     92      0      0.00000000      1.00000000
    18     93      0      0.00000000      1.00000000
    18     94      0      0.00000000      1.00000000
    18     95      0      0.00000000      1.00000000
    18     96      0      0.00000000      1.00000000
    18     97      0      0.00000000      1.00000000
    18     98      0      0.00000000      1.14510986
    18     99      0      0.00000000      1.18396557
    18    100      0      0.00000000      1.14620127
    18    101      0      0.00000000      1.20249940
    18    102      0      0.00000000      1.25503235
    18    103      0      0.00000000      1.21697137
    18    104      0      0.00000000      1.18105839
    18    105      0      0.00000000      1.21300388
    18    106      0      0.00000000      1.22293361
    18    107      0      0.00000000      1.24070797
    18    108      0      0.00000000      1.21017347
    18    109      0      0.00000000      1.22682584
    18    110      0      0.00000000      1.19723044
    18    111      0      0.00000000      1.20425942
    18    112      0      0.00000000      1.17444739
    18    113      0      0.00000000      1.15269928
    18    114      0      0.00000000      1.17642503
    18    115      0      0.00000000      1.18393676
    18    116      0      0.00000000      1.13617378
    18    117      0      0.00000000      1.18404441
    18    118      0      0.00000000      1.12676381
    18    119      0      0.00000000      1.09856461
    18    120      0      0.00000000      1.15879887
    18    121      0      0.00000000      1.07519208
    18    122      0      0.00000000      1.06049744
    18    123      0      0.00000000      1.05361689
    18    124      0      0.00000000      1.02846496
    18    125      0      0.00000000      1.08486241
    18    126      0      0.00000000      1.11530373
    18    127      0      0.00000000      1.05055067
    18    128      0      0.00000000      0.93240484
    18    129      0      0.00000000      0.93049183
    18    130      0      0.00000000      0.92299110
    18    131      0      0.00000000      0.91407965
    18    132      0      0.00000000      0.90903865
    18    133      0      0.00000000      0.95690907
    18    134      0      0.00000000      1.00000000
    18    135      0      0.00000000      1.00000000
    18    136      0      0.00000000      1.00000000
    18    137      0      0.00000000      1.00000000
    18    138      0      0.00000000      1.00000000
    18    139      0      0.00000000      1.00000000
    18    140      0      0.00000000      1.00000000
    18    141      0      0.00000000      1.00000000
    18    142      0      0.00000000      1.00000000
    18    143      0      0.00000000      0.86132149
    18    144      0      0.00000000      0.79844340
    18    145      0      0.00000000      0.83684785
    18    146      0      0.00000000      0.85903700
    18    147      0      0.00000000      0.79625738
    18    148      0      0.00000000      0.79582146
    18    149      0      0.00000000      0.78597791
    18    150      0      0.00000000      0.81318661
    18    151      0      0.00000000      0.81056182
    18    152      0      0.00000000      0.83056075
    18    153      0      0.00000000      0.82521002
    18    154      0      0.00000000      0.81065726
    18    155      0      0.00000000      0.81965827
    18    156      0      0.00000000      0.82824819
    18    157      0      0.00000000      0.85978960
    18    158      0      0.00000000      0.91340132
    18    159      0      0.00000000      0.88837166
    18    160      0      0.00000000      0.91828730
    18    161      0      0.00000000      0.92414547
    18    162      0      0.00000000      0.94315580
    18    163      0      0.00000000      0.92133266
    18    164      0      0.00000000      0.93371923
    18    165      0      0.00000000      0.92753088
    18    166      0      0.00000000      0.96495481
    18    167      0      0.00000000      0.97143584
    18    168      0      0.00000000      1.01654201
    18    169      0      0.00000000      0.96282455
    18    170      0      0.00000000      0.96837021
    18    171      0      0.00000000      0.95167223
    18    172      0      0.00000000      0.97696132
    18    173      0      0.00000000      0.93144721
    18    174      0      0.00000000      0.98109340
    18    175      0      0.00000000      0.95129539
    18    176      0      0.00000000      0.98668615
    18    177      0      0.00000000      0.95023761
    18    178      0      0.00000000      0.92975645
    18    179      0      0.00000000      0.89414610
    18    180      0      0.00000000      0.89959658
    18    181      0      0.00000000      0.97311402
    18    182      0      0.00000000      0.92850391
    18    183      0      0.00000000      0.90579917
    18    184      0      0.00000000      0.90307629
    18    185      0      0.00000000      0.87455806
    18    186      0      0.00000000      0.85448775
    18    187      0      0.00000000      0.87089474
    18    188      0      0.00000000      0.88357592
    18    189      0      0.00000000      0.87683121
    18    190      0      0.00000000      0.88899237
    18    191      0      0.00000000      0.86628810
    18    192      0      0.00000000      0.88452717
    18    193      0      0.00000000      0.86965828
    18    194      0      0.00000000      0.82128481
    18    195      0      0.00000000      0.72321275
    18    196      0      0.00000000      0.73020915
    18    197      0      0.00000000      0.76115251
    18    198      0      0.00000000      0.77477266
    18    199      0      0.00000000      0.72101093
    18    200      0      0.00000000      0.75221613
    18    201      0      0.00000000      0.74610889
    18    202      0      0.00000000      0.81842925
    18    203      0      0.00000000      0.80028450
    18    204      0      0.00000000      0.83711922
    18    205      0      0.00000000      0.85058599
    18    206      0      0.00000000      0.89984770
    18    207      0      0.00000000      0.85363035
    18    208      0      0.00000000      0.88445580
    18    209      0      0.00000000      0.90827332
    18    210      0      0.00000000      0.95962278
    18    211      0      0.00000000      0.90946221
    18    212      0      0.00000000      0.94813683
    18    213      0      0.00000000      0.95352108
    18    214      0      0.00000000      0.90392316
    18    215      0      0.00000000      0.90329835
    18    216      0      0.00000000      0.98448845
    18    217      0      0.00000000      1.00065437
    18    218      0      0.00000000      1.04528530
    18    219      0      0.00000000      1.00216757
    18    220      0      0.00000000      1.02110171
    18    221      0      0.00000000      1.05469416
    18    222      0      0.00000000      1.17432394
    18    223      0      0.00000000      1.11756122
    18    224      0      0.00000000      1.08810197
    18    225      0      0.00000000      1.06141084
    18    226      0      0.00000000      1.07319964
    18    227      0      0.00000000      1.08622445
    18    228      0      0.00000000      1.01465103
    18    229      0      0.00000000      0.97017995
    18    230      0      0.00000000      0.97558255
    18    231      0      0.00000000      1.05128029
    19      0      0      0.00000000      1.27341053
    19      1      0      0.00000000      1.22287375
    19      2      0      0.00000000      1.22066961
    19      3      0      0.00000000      1.24166283
    19      4      0      0.00000000      1.24166283
    19      5      0      0.00000000      1.24166283
    19      6      0      0.00000000      1.22861421
    19      7      0      0.00000000      1.20668356
    19      8      0      0.00000000      1.20668356
    19      9      0      0.00000000      1.20668356
    19     10      0      0.00000000      1.31772019
    19     11      0      0.00000000      1.24064914
    19     12      0      0.00000000      1.17240053
    19     13      0      0.00000000      1.15756284
    19     14      0      0.00000000      1.06405420
    19     15      0      0.00000000      1.54116271
    19     16      0      0.00000000      1.88547748
    19     17      0      0.00000000      1.48684093
    19     18      0      0.00000000      1.48684093
    19     19      0      0.00000000      1.48684093
    19     20      0      0.00000000      1.48684093
    19     21      0      0.00000000      1.48684093
    19     22      0      0.00000000      1.15569472
    19     23      0      0.00000000      1.21896007
    19     24      0      0.00000000      1.28840268
    19     25      0      0.00000000      0.79858436
    19     26      0      0.00000000      0.99205821
    19     27      0      0.00000000      1.28940783
    19     28      0      0.00000000      1.23858789
    19     29      0      0.00000000      1.14064912
    19     30      0      0.00000000      1.24742826
    19     31      0      0.00000000      1.23396699
    19     32      0      0.00000000      1.31161938
    19     33      0      0.00000000      1.20030279
    19     34      0      0.00000000      1.35817917
    19     35      0      0.00000000      1.18704887
    19     36      0      0.00000000      1.16432415
    19     37      0      0.00000000      1.46972038
    19     38      0      0.00000000      1.37017710
    19     39      0      0.00000000      1.36601756
    19     40      0      0.00000000      1.49389961
    19     41      0      0.00000000      1.14373177
    19     42      0      0.00000000      1.41240408
    19     43      0      0.00000000      1.18869703
    19     44      0      0.00000000      1.23899727
    19     45      0      0.00000000      1.27198244
    19     46      0      0.00000000      1.25867952
    19     47      0      0.00000000      1.24991504
    19     48      0      0.00000000      1.12936973
    19     49      0      0.00000000      1.21591144
    19     50      0      0.00000000      1.50186139
    19     51      0      0.00000000      1.24596167
    19     52      0      0.00000000      1.26731868
    19     53      0      0.00000000      1.15832567
    19     54      0      0.00000000      1.41681885
    19     55      0      0.00000000      1.28519300
    19     56      0      0.00000000      1.25280960
    19     57      0      0.00000000      1.33257627
    19     58      0      0.00000000      1.10354187
    19     59      0      0.00000000      0.93736696
    19     60      0      0.00000000      1.30985737
    19     61      0      0.00000000      1.20797951
    19     62      0      0.00000000      1.27575757
    19     63      0      0.00000000      1.32338420
    19     64      0      0.00000000      1.21686402
    19     65      0      0.00000000      1.31824524
    19     66      0      0.00000000      1.23806189
    19     67      0      0.00000000      1.11022768
    19     68      0      0.00000000      1.17168213
    19     69      0      0.00000000      1.15732364
    19     70      0      0.00000000      1.20585811
    19     71      0      0.00000000      1.04960917
    19     72      0      0.00000000      1.29438917
    19     73      0      0.00000000      1.26141643
    19     74      0      0.00000000      1.31498736
    19     75      0      0.00000000      1.20846972
    19     76      0      0.00000000      1.09468474
    19     77      0      0.00000000      1.26312722
    19     78      0      0.00000000      1.13597479
    19     79      0      0.00000000      1.17536115
    19     80      0      0.00000000      1.27744895
    19     81      0      0.00000000      1.30365709
    19     82      0      0.00000000      1.25331094
    19     83      0      0.00000000      1.18859523
    19     84      0      0.00000000      1.27707033
    19     85      0      0.00000000      1.20654743
    19     86      0      0.00000000      1.20298835
    19     87      0      0.00000000      1.27931525
    19     88      0      0.00000000      1.00000000
    19     89      0      0.00000000      1.00000000
    19     90      0      0.00000000      1.00000000
    19     91      0      0.00000000      1.00000000
    19     92      0      0.00000000      1.00000000
    19     93      0      0.00000000      1.00000000
    19     94      0      0.00000000      1.00000000
    19     95      0      0.00000000      1.00000000
    19     96      0      0.00000000      1.00000000
    19     97      0      0.00000000      1.16730961
    19     98      0      0.00000000      0.96664940
    19     99      0      0.00000000      1.00600105
    19    100      0      0.00000000      1.00256194
    19    101      0      0.00000000      1.02180187
    19    102      0      0.00000000      1.01708609
    19    103      0      0.00000000      0.93777024
    19    104      0      0.00000000      0.95133262
    19    105      0      0.00000000      1.14711116
    19    106      0      0.00000000      1.16242823
    19    107      0      0.00000000      1.18999851
    19    108      0      0.00000000      1.16724283
    19    109      0      0.00000000      1.14739436
    19    110      0      0.00000000      1.20667390
    19    111      0      0.00000000      1.21613515
    19    112      0      0.00000000      1.16263456
    19    113      0      0.00000000      1.17325667
    19    114      0      0.00000000      1.19834572
    19    115      0      0.00000000      1.13829657
    19    116      0      0.00000000      1.17355366
    19    117      0      0.00000000      1.11881737
    19    118      0      0.00000000      1.16213218
    19    119      0      0.00000000      1.12977468
    19    120      0      0.00000000      1.09550700
    19    121      0      0.00000000      1.08063464
    19    122      0      0.00000000      1.11095805
    19    123      0      0.00000000      1.10067837
    19    124      0      0.00000000      1.10283493
    19    125      0      0.00000000      1.04462034
    19    126      0      0.00000000      0.98896309
    19    127      0      0.00000000      0.99059284
    19    128      0      0.00000000      0.94307672
    19    129      0      0.00000000      0.94042224
    19    130      0      0.00000000      0.98085830
    19    131      0      0.00000000      0.96005473
    19    132      0      0.00000000      1.04907278
    19    133      0      0.00000000      0.90878752
    19    134      0      0.00000000      1.00945105
    19    135      0      0.00000000      0.84029239
    19    136      0      0.00000000      0.83780654
    19    137      0      0.00000000      0.91226791
    19    138      0      0.00000000      0.93627514
    19    139      0      0.00000000      0.91183255
    19    140      0      0.00000000      0.91771199
    19    141      0      0.00000000      1.00000000
    19    142      0      0.00000000      1.00000000
    19    143      0      0.00000000      1.00000000
    19    144      0      0.00000000      1.00000000
    19    145      0      0.00000000      1.00000000
    19    146      0      0.00000000      1.00000000
    19    147      0      0.00000000      1.00000000
    19    148      0      0.00000000      1.00000000
    19    149      0      0.00000000      1.00000000
    19    150      0      0.00000000      0.91531543
    19    151      0      0.00000000      0.79809305
    19    152      0      0.00000000      0.91110647
    19    153      0      0.00000000      0.91007231
    19    154      0      0.00000000      0.92497746
    19    155      0      0.00000000      0.92173072
    19    156      0      0.00000000      0.94124466
    19    157      0      0.00000000      0.81997527
    19    158      0      0.00000000      0.95874935
    19    159      0      0.00000000      0.85802131
    19    160      0      0.00000000      0.98070219
    19    161      0      0.00000000      0.97319744
    19    162      0      0.00000000      0.88592320
    19    163      0      0.00000000      0.82530128
    19    164      0      0.00000000      0.82159560
    19    165      0      0.00000000      0.82870290
    19    166      0      0.00000000      0.81334079
    19    167      0      0.00000000      0.87073472
    19    168      0      0.00000000      0.90937252
    19    169      0      0.00000000      0.90447094
    19    170      0      0.00000000      0.87702701
    19    171      0      0.00000000      0.87874840
    19    172      0      0.00000000      0.88029561
    19    173      0      0.00000000      0.87677073
    19    174      0      0.00000000      0.88573385
    19    175      0      0.00000000      0.91538500
    19    176      0      0.00000000      0.90741469
    19    177      0      0.00000000      0.88787003
    19    178      0      0.00000000      0.85605963
    19    179      0      0.00000000      0.83298185
    19    180      0      0.00000000      0.84218555
    19    181      0      0.00000000      0.84797102
    19    182      0      0.00000000      0.86519000
    19    183      0      0.00000000      0.82604757
    19    184      0      0.00000000      0.84436916
    19    185      0      0.00000000      0.85599136
    19    186      0      0.00000000      0.82340830
    19    187      0      0.00000000      0.80178584
    19    188      0      0.00000000      0.77650355
    19    189      0      0.00000000      0.76077991
    19    190      0      0.00000000      0.77744927
    19    191      0      0.00000000      0.77184956
    19    192      0      0.00000000      0.74706933
    19    193      0      0.00000000      0.73156611
    19    194      0      0.00000000      0.75573344
    19    195      0      0.00000000      0.75490333
    19    196      0      0.00000000      0.75419415
    19    197      0      0.00000000      0.77002010
    19    198      0      0.00000000      0.73663996
    19    199      0      0.00000000      0.72868969
    19    200      0      0.00000000      0.79011939
    19    201      0      0.00000000      0.77730735
    19    202      0      0.00000000      0.79493579
    19    203      0      0.00000000      0.80531843
    19    204      0      0.00000000      0.84088943
    19    205      0      0.00000000      0.81742637
    19    206      0      0.00000000      0.85219243
    19    207      0      0.00000000      0.83535515
    19    208      0      0.00000000      0.85869161
    19    209      0      0.00000000      0.82601717
    19    210      0      0.00000000      0.84710144
    19    211      0      0.00000000      0.84466806
    19    212      0      0.00000000      0.82290918
    19    213      0      0.00000000      0.90711834
    19    214      0      0.00000000      0.92414266
    19    215      0      0.00000000      0.87834970
    19    216      0      0.00000000      0.81734599
    19    217      0      0.00000000      0.84868197
    19    218      0      0.00000000      0.85948617
    19    219      0      0.00000000      0.76726538
    19    220      0      0.00000000      0.75917845
    19    221      0      0.00000000      0.79764216
    19    222      0      0.00000000      0.83395791
    19    223      0      0.00000000      0.92042554
    19    224      0      0.00000000      0.96670892
    19    225      0      0.00000000      0.94721761
    19    226      0      0.00000000      0.96627091
    19    227      0      0.00000000      0.95117509
    19    228      0      0.00000000      0.97739726
    19    229      0      0.00000000      0.96968754
    19    230      0      0.00000000      0.98143695
    19    231      0      0.00000000      0.92065766
    19    232      0      0.00000000      1.02248146
    19    233      0      0.00000000      0.97448330
    19    234      0      0.00000000      0.98841202
    19    235      0      0.00000000      1.01282620
    19    236      0      0.00000000      0.95125307
    19    237      0      0.00000000      1.06880555
    20      0      0      0.00000000      1.19208446
    20      1      0      0.00000000      1.19208446
    20      2      0      0.00000000      1.19208446
    20      3      0      0.00000000      1.19208446
    20      4      0      0.00000000      1.19208446
    20      5      0      0.00000000      1.19208446
    20      6      0      0.00000000      1.19208446
    20      7      0      0.00000000      1.19208446
    20      8      0      0.00000000      1.19208446
    20      9      0      0.00000000      1.19208446
    20     10      0      0.00000000      1.19208446
    20     11      0      0.00000000      1.07351230
    20     12      0      0.00000000      1.07351230
    20     13      0      0.00000000      1.07351230
    20     14      0      0.00000000      1.23750851
    20     15      0      0.00000000      1.23750851
    20     16      0      0.00000000      1.23750851
    20     17      0      0.00000000      1.36500289
    20     18      0      0.00000000      1.18808090
    20     19      0      0.00000000      1.18808090
    20     20      0      0.00000000      1.18808090
    20     21      0      0.00000000      1.18808090
    20     22      0      0.00000000      1.04520999
    20     23      0      0.00000000      1.41891396
    20     24      0      0.00000000      1.41891396
    20     25      0      0.00000000      1.86256722
    20     26      0      0.00000000      1.50277883
    20     27      0      0.00000000      1.25948637
    20     28      0      0.00000000      1.18651810
    20     29      0      0.00000000      2.12125944
    20     30      0      0.00000000      1.30873906
    20     31      0      0.00000000      1.13615181
    20     32      0      0.00000000      3.07338386
    20     33      0      0.00000000      1.38289023
    20     34      0      0.00000000      1.27548354
    20     35      0      0.00000000      1.12287600
    20     36      0      0.00000000      1.29472844
    20     37      0      0.00000000      1.42664482
    20     38      0      0.00000000      1.19763645
    20     39      0      0.00000000      1.27178262
    20     40      0      0.00000000      1.35402972
    20     41      0      0.00000000      2.42420666
    20     42      0      0.00000000      1.52334360
    20     43      0      0.00000000      1.22817862
    20     44      0      0.00000000      1.34037104
    20     45      0      0.00000000      1.15583026
    20     46      0      0.00000000      1.33857022
    20     47      0      0.00000000      1.22212648
    20     48      0      0.00000000      1.14187908
    20     49      0      0.00000000      1.19437533
    20     50      0      0.00000000      1.05978405
    20     51      0      0.00000000      1.31536594
    20     52      0      0.00000000      1.17332889
    20     53      0      0.00000000      1.27047873
    20     54      0      0.00000000      1.08418678
    20     55      0      0.00000000      1.25314575
    20     56      0      0.00000000      1.18231171
    20     57      0      0.00000000      1.35424365
    20     58      0      0.00000000      1.23955251
    20     59      0      0.00000000      1.15714757
    20     60      0      0.00000000      1.28866078
    20     61      0      0.00000000      1.29720306
    20     62      0      0.00000000      1.25530579
    20     63      0      0.00000000      1.17605982
    20     64      0      0.00000000      1.25363936
    20     65      0      0.00000000      1.17103709
    20     66      0      0.00000000      1.14036924
    20     67      0      0.00000000      1.23731814
    20     68      0      0.00000000      1.11935910
    20     69      0      0.00000000      1.25458105
    20     70      0      0.00000000      1.01618648
    20     71      0      0.00000000      1.08312345
    20     72      0      0.00000000      1.28826212
    20     73      0      0.00000000      1.21167104
    20     74      0      0.00000000      1.22885699
    20     75      0      0.00000000      1.09101489
    20     76      0      0.00000000      1.12863836
    20     77      0      0.00000000      1.17992710
    20     78      0      0.00000000      1.14803321
    20     79      0      0.00000000      1.22355755
    20     80      0      0.00000000      1.35767973
    20     81      0      0.00000000      1.37601399
    20     82      0      0.00000000      1.17283815
    20     83      0      0.00000000      1.27980069
    20     84      0      0.00000000      1.20122079
    20     85      0      0.00000000      1.23068292
    20     86      0      0.00000000      1.29035395
    20     87      0      0.00000000      1.00000000
    20     88      0      0.00000000      1.00000000
    20     89      0      0.00000000      1.00000000
    20     90      0      0.00000000      1.00000000
    20     91      0      0.00000000      1.00000000
    20     92      0      0.00000000      1.00000000
    20     93      0      0.00000000      1.00000000
    20     94      0      0.00000000      1.00000000
    20     95      0      0.00000000      1.00000000
    20     96      0      0.00000000      1.13340524
    20     97      0      0.00000000      1.18395987
    20     98      0      0.00000000      1.20578146
    20     99      0      0.00000000      1.25007604
    20    100      0      0.00000000      1.14722312
    20    101      0      0.00000000      1.18498521
    20    102      0      0.00000000      1.15800847
    20    103      0      0.00000000      1.22990867
    20    104      0      0.00000000      1.19808323
    20    105      0      0.00000000      1.22717164
    20    106      0      0.00000000      1.23360213
    20    107      0      0.00000000      1.04877559
    20    108      0      0.00000000      0.98623803
    20    109      0      0.00000000      0.98015716
    20    110      0      0.00000000      1.01823894
    20    111      0      0.00000000      0.97017678
    20    112      0      0.00000000      0.95501862
    20    113      0      0.00000000      0.96697548
    20    114      0      0.00000000      0.92462068
    20    115      0      0.00000000      1.20574020
    20    116      0      0.00000000      1.16332806
    20    117      0      0.00000000      1.17121465
    20    118      0      0.00000000      1.18554971
    20    119      0      0.00000000      1.20403957
    20    120      0      0.00000000      1.12942856
    20    121      0      0.00000000      1.14734351
    20    122      0      0.00000000      1.12981960
    20    123      0      0.00000000      0.99440929
    20    124      0      0.00000000      0.99429502
    20    125      0      0.00000000      0.97644086
    20    126      0      0.00000000      0.99283191
    20    127      0      0.00000000      0.95433601
    20    128      0      0.00000000      1.01278184
    20    129      0      0.00000000      1.01803868
    20    130      0      0.00000000      1.06042128
    20    131      0      0.00000000      1.03725963
    20    132      0      0.00000000      1.03219280
    20    133      0      0.00000000      0.91635627
    20    134      0      0.00000000      0.95148334
    20    135      0      0.00000000      0.89428680
    20    136      0      0.00000000      0.88969952
    20    137      0      0.00000000      0.85698087
    20    138      0      0.00000000      0.87942935
    20    139      0      0.00000000      0.89891287
    20    140      0      0.00000000      0.95544566
    20    141      0      0.00000000      0.88681615
    20    142      0      0.00000000      0.81148591
    20    143      0      0.00000000      0.76916202
    20    144      0      0.00000000      0.79822111
    20    145      0      0.00000000      0.76440353
    20    146      0      0.00000000      0.79222598
    20    147      0      0.00000000      0.84639899
    20    148      0      0.00000000      1.00000000
    20    149      0      0.00000000      1.00000000
    20    150      0      0.00000000      1.00000000
    20    151      0      0.00000000      1.00000000
    20    152      0      0.00000000      1.00000000
    20    153      0      0.00000000      1.00000000
    20    154      0      0.00000000      1.00000000
    20    155      0      0.00000000      1.00000000
    20    156      0      0.00000000      1.00000000
    20    157      0      0.00000000      0.82033122
    20    158      0      0.00000000      0.80919245
    20    159      0      0.00000000      0.78039163
    20    160      0      0.00000000      0.82470694
    20    161      0      0.00000000      0.79787978
    20    162      0      0.00000000      0.85599543
    20    163      0      0.00000000      0.83033923
    20    164      0      0.00000000      0.92951851
    20    165      0      0.00000000      0.93247260
    20    166      0      0.00000000      1.02744102
    20    167      0      0.00000000      0.96888128
    20    168      0      0.00000000      1.05432820
    20    169      0      0.00000000      0.98522654
    20    170      0      0.00000000      1.03360099
    20    171      0      0.00000000      1.05210477
    20    172      0      0.00000000      1.07367846
    20    173      0      0.00000000      0.98253915
    20    174      0      0.00000000      1.06841711
    20    175      0      0.00000000      1.01956735
    20    176      0      0.00000000      1.06160552
    20    177      0      0.00000000      0.95861006
    20    178      0      0.00000000      1.02385672
    20    179      0      0.00000000      0.98821487
    20    180      0      0.00000000      1.01045598
    20    181      0      0.00000000      0.98381113
    20    182      0      0.00000000      1.02037932
    20    183      0      0.00000000      0.98726174
    20    184      0      0.00000000      1.01791616
    20    185      0      0.00000000      0.95550923
    20    186      0      0.00000000      0.98199428
    20    187      0      0.00000000      0.94632215
    20    188      0      0.00000000      1.01527768
    20    189      0      0.00000000      0.95963409
    20    190      0      0.00000000      0.94301035
    20    191      0      0.00000000      0.91801000
    20    192      0      0.00000000      0.93592670
    20    193      0      0.00000000      0.90681083
    20    194      0      0.00000000      0.89952350
    20    195      0      0.00000000      0.89201203
    20    196      0      0.00000000      0.91224218
    20    197      0      0.00000000      0.89176208
    20    198      0      0.00000000      0.89599294
    20    199      0      0.00000000      0.85786859
    20    200      0      0.00000000      0.90383198
    20    201      0      0.00000000      0.85647669
    20    202      0      0.00000000      0.87729562
    20    203      0      0.00000000      0.87942204
    20    204      0      0.00000000      0.87942628
    20    205      0      0.00000000      0.85268478
    20    206      0      0.00000000      0.87401882
    20    207      0      0.00000000      0.84444279
    20    208      0      0.00000000      0.83103922
    20    209      0      0.00000000      0.80753472
    20    210      0      0.00000000      0.80916870
    20    211      0      0.00000000      0.81003168
    20    212      0      0.00000000      0.81476672
    20    213      0      0.00000000      0.77988786
    20    214      0      0.00000000      0.81166355
    20    215      0      0.00000000      0.75428215
    20    216      0      0.00000000      0.77124261
    20    217      0      0.00000000      0.75090283
    20    218      0      0.00000000      0.78758188
    20    219      0      0.00000000      0.75557300
    20    220      0      0.00000000      0.80988210
    20    221      0      0.00000000      0.73719158
    20    222      0      0.00000000      0.76057970
    20    223      0      0.00000000      0.77793785
    20    224      0      0.00000000      0.87202684
    20    225      0      0.00000000      0.90722086
    20    226      0      0.00000000      0.95661029
    20    227      0      0.00000000      0.91655760
    20    228      0      0.00000000      0.93011427
    20    229      0      0.00000000      0.87580486
    20    230      0      0.00000000      0.93341044
    20    231      0      0.00000000      0.94897127
    20    232      0      0.00000000      0.92246345
    20    233      0      0.00000000      0.94540033
    20    234      0      0.00000000      0.93072425
    20    235      0      0.00000000      0.94289315
    20    236      0      0.00000000      0.94507134
    20    237      0      0.00000000      0.89341199
    20    238      0      0.00000000      0.93036532
    20    239      0      0.00000000      0.89467880
    20    240      0      0.00000000      1.00533216
    20    241      0      0.00000000      1.03610517
    20    242      0      0.00000000      0.97459698
    20    243      0      0.00000000      0.97536759
    21      0      0      0.00000000      1.41219395
    21      1      0      0.00000000      1.41219395
    21      2      0      0.00000000      1.41219395
    21      3      0      0.00000000      1.41219395
    21      4      0      0.00000000      1.41219395
    21      5      0      0.00000000      1.41219395
    21      6      0      0.00000000      1.41219395
    21      7      0      0.00000000      1.41219395
    21      8      0      0.00000000      1.41219395
    21      9      0      0.00000000      1.41219395
    21     10      0      0.00000000      1.41219395
    21     11      0      0.00000000      1.41219395
    21     12      0      0.00000000      1.41219395
    21     13      0      0.00000000      1.41219395
    21     14      0      0.00000000      1.40792927
    21     15      0      0.00000000      2.13498990
    21     16      0      0.00000000      1.49182169
    21     17      0      0.00000000      1.49182169
    21     18      0      0.00000000      1.49182169
    21     19      0      0.00000000      1.11630189
    21     20      0      0.00000000      1.29159760
    21     21      0      0.00000000      1.18114105
    21     22      0      0.00000000      1.17902958
    21     23      0      0.00000000      1.10064421
    21     24      0      0.00000000      1.02500718
    21     25      0      0.00000000      1.25991997
    21     26      0      0.00000000      1.28181065
    21     27      0      0.00000000      1.39223880
    21     28      0      0.00000000      1.20276754
    21     29      0      0.00000000      1.31704234
    21     30      0      0.00000000      1.25553921
    21     31      0      0.00000000      1.33116491
    21     32      0      0.00000000      1.21926435
    21     33      0      0.00000000      1.13174601
    21     34      0      0.00000000      1.12401811
    21     35      0      0.00000000      1.21941440
    21     36      0      0.00000000      1.17265092
    21     37      0      0.00000000      1.18189267
    21     38      0      0.00000000      1.23713453
    21     39      0      0.00000000      1.34993965
    21     40      0      0.00000000      1.10204351
    21     41      0      0.00000000      1.30243705
    21     42      0      0.00000000      1.27526442
    21     43      0      0.00000000      1.16073742
    21     44      0      0.00000000      1.19166812
    21     45      0      0.00000000      1.16397193
    21     46      0      0.00000000      1.23678230
    21     47      0      0.00000000      1.24643495
    21     48      0      0.00000000      1.22414998
    21     49      0      0.00000000      1.21421682
    21     50      0      0.00000000      1.14093083
    21     51      0      0.00000000      1.14314554
    21     52      0      0.00000000      1.17001367
    21     53      0      0.00000000      1.26842630
    21     54      0      0.00000000      1.16192099
    21     55      0      0.00000000      1.38896892
    21     56      0      0.00000000      1.07369769
    21     57      0      0.00000000      1.18812057
    21     58      0      0.00000000      1.14584388
    21     59      0      0.00000000      1.10419236
    21     60      0      0.00000000      1.09370096
    21     61      0      0.00000000      1.07440730
    21     62      0      0.00000000      1.24813966
    21     63      0      0.00000000      1.20429189
    21     64      0      0.00000000      1.09054655
    21     65      0      0.00000000      1.13018296
    21     66      0      0.00000000      1.11489942
    21     67      0      0.00000000      1.10947355
    21     68      0      0.00000000      1.16777332
    21     69      0      0.00000000      1.20144144
    21     70      0      0.00000000      1.19239149
    21     71      0      0.00000000      1.34367720
    21     72      0      0.00000000      1.24569252
    21     73      0      0.00000000      1.24015131
    21     74      0      0.00000000      1.19707451
    21     75      0      0.00000000      1.17602695
    21     76      0      0.00000000      1.21562419
    21     77      0      0.00000000      1.25520573
    21     78      0      0.00000000      1.00000000
    21     79      0      0.00000000      1.00000000
    21     80      0      0.00000000      1.00000000
    21     81      0      0.00000000      1.00000000
    21     82      0      0.00000000      1.00000000
    21     83      0      0.00000000      1.00000000
    21     84      0      0.00000000      1.00000000
    21     85      0      0.00000000      1.00000000
    21     86      0      0.00000000      1.07575902
    21     87      0      0.00000000      1.00252641
    21     88      0      0.00000000      1.07665491
    21     89      0      0.00000000      1.10143893
    21     90      0      0.00000000      1.07857943
    21     91      0      0.00000000      1.15652035
    21     92      0      0.00000000      1.18393227
    21     93      0      0.00000000      1.21591301
    21     94      0      0.00000000      1.18320884
    21     95      0      0.00000000      1.34388151
    21     96      0      0.00000000      1.18656031
    21     97      0      0.00000000      1.27914314
    21     98      0      0.00000000      1.14000094
    21     99      0      0.00000000      1.14655331
    21    100      0      0.00000000      1.13127328
    21    101      0      0.00000000      1.18613725
    21    102      0      0.00000000      1.12774600
    21    103      0      0.00000000      1.13341523
    21    104      0      0.00000000      1.11747805
    21    105      0      0.00000000      1.15130208
    21    106      0      0.00000000      1.09532813
    21    107      0      0.00000000      1.00365950
    21    108      0      0.00000000      0.96174222
    21    109      0      0.00000000      0.99193476
    21    110      0      0.00000000      0.94763943
    21    111      0      0.00000000      0.96985661
    21    112      0      0.00000000      1.08049133
    21    113      0      0.00000000      1.07012250
    21    114      0      0.00000000      1.04977940
    21    115      0      0.00000000      1.02137008
    21    116      0      0.00000000      0.99680033
    21    117      0      0.00000000      1.06191944
    21    118      0      0.00000000      1.06160382
    21    119      0      0.00000000      1.02491012
    21    120      0      0.00000000      1.06487250
    21    121      0      0.00000000      1.01250484
    21    122      0      0.00000000      0.94699218
    21    123      0      0.00000000      0.91643546
    21    124      0      0.00000000      0.94352952
    21    125      0      0.00000000      0.87080079
    21    126      0      0.00000000      0.87136152
    21    127      0      0.00000000      0.92387467
    21    128      0      0.00000000      0.96592760
    21    129      0      0.00000000      0.92305011
    21    130      0      0.00000000      0.95226886
    21    131      0      0.00000000      0.83550759
    21    132      0      0.00000000      0.86673908
    21    133      0      0.00000000      0.85210999
    21    134      0      0.00000000      0.85904483
    21    135      0      0.00000000      0.84525171
    21    136      0      0.00000000      0.84126561
    21    137      0      0.00000000      0.92654010
    21    138      0      0.00000000      0.93721093
    21    139      0      0.00000000      0.88636606
    21    140      0      0.00000000      0.81073061
    21    141      0      0.00000000      0.78519583
    21    142      0      0.00000000      0.81736092
    21    143      0      0.00000000      0.81285553
    21    144      0      0.00000000      0.84097456
    21    145      0      0.00000000      0.91634544
    21    146      0      0.00000000      1.00000000
    21    147      0      0.00000000      1.00000000
    21    148      0      0.00000000      1.00000000
    21    149      0      0.00000000      1.00000000
    21    150      0      0.00000000      1.00000000
    21    151      0      0.00000000      1.00000000
    21    152      0      0.00000000      1.00000000
    21    153      0      0.00000000      1.00000000
    21    154      0      0.00000000      0.88827947
    21    155      0      0.00000000      0.82943094
    21    156      0      0.00000000      0.83409618
    21    157      0      0.00000000      0.82968694
    21    158      0      0.00000000      0.87403064
    21    159      0      0.00000000      0.84628045
    21    160      0      0.00000000      0.82600337
    21    161      0      0.00000000      0.81194326
    21    162      0      0.00000000      0.81713376
    21    163      0      0.00000000      0.82868421
    21    164      0      0.00000000      0.84693469
    21    165      0      0.00000000      0.85804130
    21    166      0      0.00000000      0.87827925
    21    167      0      0.00000000      0.90360276
    21    168      0      0.00000000      0.88630108
    21    169      0      0.00000000      0.89743661
    21    170      0      0.00000000      0.90368392
    21    171      0      0.00000000      0.91371756
    21    172      0      0.00000000      0.95831641
    21    173      0      0.00000000      0.92324710
    21    174      0      0.00000000      0.92416408
    21    175      0      0.00000000      0.92835424
    21    176      0      0.00000000      0.93917295
    21    177      0      0.00000000      0.95126694
    21    178      0      0.00000000      1.02429107
    21    179      0      0.00000000      1.00073058
    21    180      0      0.00000000      0.99896880
    21    181      0      0.00000000      0.99665626
    21    182      0      0.00000000      0.97567554
    21    183      0      0.00000000      0.98685201
    21    184      0      0.00000000      0.98334939
    21    185      0      0.00000000      1.00568606
    21    186      0      0.00000000      1.00970760
    21    187      0      0.00000000      0.98353431
    21    188      0      0.00000000      1.00491978
    21    189      0      0.00000000      0.94990219
    21    190      0      0.00000000      0.97917319
    21    191      0      0.00000000      0.93900224
    21    192      0      0.00000000      0.92831539
    21    193      0      0.00000000      0.91162209
    21    194      0      0.00000000      0.93304681
    21    195      0      0.00000000      0.88290134
    21    196      0      0.00000000      0.88234930
    21    197      0      0.00000000      0.84531514
    21    198      0      0.00000000      0.84107163
    21    199      0      0.00000000      0.82539988
    21    200      0      0.00000000      0.79853465
    21    201      0      0.00000000      0.75048475
    21    202      0      0.00000000      0.75031479
    21    203      0      0.00000000      0.77817373
    21    204      0      0.00000000      0.70659235
    21    205      0      0.00000000      0.70592548
    21    206      0      0.00000000      0.68131239
    21    207      0      0.00000000      0.67023839
    21    208      0      0.00000000      0.69989634
    21    209      0      0.00000000      0.67837372
    21    210      0      0.00000000      0.67960162
    21    211      0      0.00000000      0.67815557
    21    212      0      0.00000000      0.68161420
    21    213      0      0.00000000      0.67294161
    21    214      0      0.00000000      0.71126880
    21    215      0      0.00000000      0.78784501
    21    216      0      0.00000000      0.80700497
    21    217      0      0.00000000      0.81485381
    21    218      0      0.00000000      0.82644051
    21    219      0      0.00000000      0.84588308
    21    220      0      0.00000000      0.83009540
    21    221      0      0.00000000      0.84953363
    21    222      0      0.00000000      0.91426052
    21    223      0      0.00000000      0.99985752
    21    224      0      0.00000000      1.01950656
    21    225      0      0.00000000      0.97985625
    21    226      0      0.00000000      0.99589671
    21    227      0      0.00000000      1.11163530
    21    228      0      0.00000000      1.17158096
    21    229      0      0.00000000      1.15762374
    21    230      0      0.00000000      1.22154843
    21    231      0      0.00000000      1.25257522
    22      0      0      0.00000000      0.64223810
    22      1      0      0.00000000      0.64223810
    22      2      0      0.00000000      0.64223810
    22      3      0      0.00000000      0.64223810
    22      4      0      0.00000000      0.65028258
    22      5      0      0.00000000      0.85477669
    22      6      0      0.00000000      0.86561916
    22      7      0      0.00000000      0.86038277
    22      8      0      0.00000000      0.85520936
    22      9      0      0.00000000      0.86384411
    22     10      0      0.00000000      1.20278018
    22     11      0      0.00000000      1.09724881
    22     12      0      0.00000000      1.01196907
    22     13      0      0.00000000      1.13722790
    22     14      0      0.00000000      1.28822124
    22     15      0      0.00000000      0.99237360
    22     16      0      0.00000000      1.29249190
    22     17      0      0.00000000      1.35415856
    22     18      0      0.00000000      1.17086932
    22     19      0      0.00000000      1.06770204
    22     20      0      0.00000000      1.15305136
    22     21      0      0.00000000      1.17741476
    22     22      0      0.00000000      1.24352040
    22     23      0      0.00000000      1.11085159
    22     24      0      0.00000000      1.09837964
    22     25      0      0.00000000      1.07865507
    22     26      0      0.00000000      1.04288885
    22     27      0      0.00000000      1.28593717
    22     28      0      0.00000000      1.09786383
    22     29      0      0.00000000      1.06039192
    22     30      0      0.00000000      1.23034451
    22     31      0      0.00000000      1.18803908
    22     32      0      0.00000000      1.26592742
    22     33      0      0.00000000      1.19697778
    22     34      0      0.00000000      1.13073953
    22     35      0      0.00000000      1.25533331
    22     36      0      0.00000000      1.30820951
    22     37      0      0.00000000      1.24110494
    22     38      0      0.00000000      1.18669350
    22     39      0      0.00000000      1.21105446
    22     40      0      0.00000000      1.17049703
    22     41      0      0.00000000      1.16998845
    22     42      0      0.00000000      1.28850149
    22     43      0      0.00000000      1.15530056
    22     44      0      0.00000000      1.18033164
    22     45      0      0.00000000      1.20785899
    22     46      0      0.00000000      1.21036443
    22     47      0      0.00000000      1.31681993
    22     48      0      0.00000000      1.03450222
    22     49      0      0.00000000      1.17804146
    22     50      0      0.00000000      1.02413739
    22     51      0      0.00000000      1.19918731
    22     52      0      0.00000000      1.26161563
    22     53      0      0.00000000      1.07298360
    22     54      0      0.00000000      0.98064382
    22     55      0      0.00000000      1.01932692
    22     56      0      0.00000000      1.16467232
    22     57      0      0.00000000      1.01083318
    22     58      0      0.00000000      1.21142813
    22     59      0      0.00000000      1.22614333
    22     60      0      0.00000000      1.29469470
    22     61      0      0.00000000      1.15052574
    22     62      0      0.00000000      1.15244518
    22     63      0      0.00000000      1.13221422
    22     64      0      0.00000000      1.14273484
    22     65      0      0.00000000      1.19113679
    22     66      0      0.00000000      1.21113676
    22     67      0      0.00000000      1.00000000
    22     68      0      0.00000000      1.00000000
    22     69      0      0.00000000      1.00000000
    22     70      0      0.00000000      1.00000000
    22     71      0      0.00000000      1.00000000
    22     72      0      0.00000000      1.00000000
    22     73      0      0.00000000      1.00000000
    22     74      0      0.00000000      1.00000000
    22     75      0      0.00000000      0.92967159
    22     76      0      0.00000000      0.90321133
    22     77      0      0.00000000      1.04617499
    22     78      0      0.00000000      1.11478550
    22     79      0      0.00000000      1.06851144
    22     80      0      0.00000000      1.09500925
    22     81      0      0.00000000      1.14395505
    22     82      0      0.00000000      1.11693784
    22     83      0      0.00000000      1.12338648
    22     84      0      0.00000000      1.09890814
    22     85      0      0.00000000      1.13170917
    22     86      0      0.00000000      1.14903927
    22     87      0      0.00000000      1.12537961
    22     88      0      0.00000000      1.13689217
    22     89      0      0.00000000      1.15385466
    22     90      0      0.00000000      1.16130537
    22     91      0      0.00000000      1.23409068
    22     92      0      0.00000000      1.16166895
    22     93      0      0.00000000      1.10688540
    22     94      0      0.00000000      1.22853784
    22     95      0      0.00000000      1.19169212
    22     96      0      0.00000000      1.17884509
    22     97      0      0.00000000      1.11476778
    22     98      0      0.00000000      1.10306684
    22     99      0      0.00000000      1.10483763
    22    100      0      0.00000000      1.06215930
    22    101      0      0.00000000      1.06252419
    22    102      0      0.00000000      1.06489285
    22    103      0      0.00000000      1.08505260
    22    104      0      0.00000000      1.16943895
    22    105      0      0.00000000      0.95470398
    22    106      0      0.00000000      0.93109055
    22    107      0      0.00000000      0.96487517
    22    108      0      0.00000000      0.93174862
    22    109      0      0.00000000      0.93148315
    22    110      0      0.00000000      0.99699904
    22    111      0      0.00000000      0.99629379
    22    112      0      0.00000000      0.97695702
    22    113      0      0.00000000      0.94117719
    22    114      0      0.00000000      0.95704269
    22    115      0      0.00000000      1.00615456
    22    116      0      0.00000000      0.95298584
    22    117      0      0.00000000      0.93718691
    22    118      0      0.00000000      0.97877997
    22    119      0      0.00000000      0.90481597
    22    120      0      0.00000000      0.88314257
    22    121      0      0.00000000      0.92912746
    22    122      0      0.00000000      0.87553745
    22    123      0      0.00000000      0.89292777
    22    124      0      0.00000000      0.94275084
    22    125      0      0.00000000      0.96098250
    22    126      0      0.00000000      0.92790813
    22    127      0      0.00000000      0.92727202
    22    128      0      0.00000000      0.81970833
    22    129      0      0.00000000      0.83093417
    22    130      0      0.00000000      0.85166993
    22    131      0      0.00000000      0.88750959
    22    132      0      0.00000000      0.85260980
    22    133      0      0.00000000      0.86980183
    22    134      0      0.00000000      0.94572374
    22    135      0      0.00000000      1.01104931
    22    136      0      0.00000000      0.94944197
    22    137      0      0.00000000      0.89622672
    22    138      0      0.00000000      0.88452456
    22    139      0      0.00000000      0.88811525
    22    140      0      0.00000000      0.85039315
    22    141      0      0.00000000      0.82643437
    22    142      0      0.00000000      0.84391073
    22    143      0      0.00000000      1.00000000
    22    144      0      0.00000000      1.00000000
    22    145      0      0.00000000      1.00000000
    22    146      0      0.00000000      1.00000000
    22    147      0      0.00000000      1.00000000
    22    148      0      0.00000000      1.00000000
    22    149      0      0.00000000      1.00000000
    22    150      0      0.00000000      1.00000000
    22    151      0      0.00000000      0.88030756
    22    152      0      0.00000000      0.84152218
    22    153      0      0.00000000      0.90056191
    22    154      0      0.00000000      0.90757548
    22    155      0      0.00000000      0.93742705
    22    156      0      0.00000000      0.89290452
    22    157      0      0.00000000      0.89560425
    22    158      0      0.00000000      0.89799944
    22    159      0      0.00000000      0.92083205
    22    160      0      0.00000000      0.92777276
    22    161      0      0.00000000      0.95479057
    22    162      0      0.00000000      0.95474930
    22    163      0      0.00000000      0.97538298
    22    164      0      0.00000000      0.93449942
    22    165      0      0.00000000      1.01696184
    22    166      0      0.00000000      1.02668775
    22    167      0      0.00000000      1.04405182
    22    168      0      0.00000000      0.99497934
    22    169      0      0.00000000      1.03144523
    22    170      0      0.00000000      1.00382580
    22    171      0      0.00000000      1.00701785
    22    172      0      0.00000000      0.93493196
    22    173      0      0.00000000      0.92426443
    22    174      0      0.00000000      0.91328210
    22    175      0      0.00000000      0.94437647
    22    176      0      0.00000000      0.93530286
    22    177      0      0.00000000      0.93186647
    22    178      0      0.00000000      0.95170259
    22    179      0      0.00000000      0.90554803
    22    180      0      0.00000000      0.88391293
    22    181      0      0.00000000      0.92700464
    22    182      0      0.00000000      0.91619324
    22    183      0      0.00000000      0.91003328
    22    184      0      0.00000000      0.90597008
    22    185      0      0.00000000      0.89397562
    22    186      0      0.00000000      0.87909933
    22    187      0      0.00000000      0.88148982
    22    188      0      0.00000000      0.84587342
    22    189      0      0.00000000      0.87591601
    22    190      0      0.00000000      0.82290171
    22    191      0      0.00000000      0.79808620
    22    192      0      0.00000000      0.78306618
    22    193      0      0.00000000      0.79794840
    22    194      0      0.00000000      0.79053177
    22    195      0      0.00000000      0.82671248
    22    196      0      0.00000000      0.80426592
    22    197      0      0.00000000      0.84718186
    22    198      0      0.00000000      0.81318564
    22    199      0      0.00000000      0.80188673
    22    200      0      0.00000000      0.81539699
    22    201      0      0.00000000      0.80674360
    22    202      0      0.00000000      0.78556024
    22    203      0      0.00000000      0.79972178
    22    204      0      0.00000000      0.74358322
    22    205      0      0.00000000      0.81341301
    22    206      0      0.00000000      0.74103385
    22    207      0      0.00000000      0.78057507
    22    208      0      0.00000000      0.77471913
    22    209      0      0.00000000      0.82388008
    22    210      0      0.00000000      0.79623214
    22    211      0      0.00000000      0.87547156
    22    212      0      0.00000000      0.91897173
    22    213      0      0.00000000      0.98286450
    22    214      0      0.00000000      1.01954276
    22    215      0      0.00000000      1.12225026
    22    216      0      0.00000000      1.20768377
    22    217      0      0.00000000      1.18345605
    23      0      0      0.00000000      1.13664378
    23      1      0      0.00000000      1.13664378
    23      2      0      0.00000000      1.13664378
    23      3      0      0.00000000      1.25897725
    23      4      0      0.00000000      1.12007044
    23      5      0      0.00000000      1.01574790
    23      6      0      0.00000000      0.95134333
    23      7      0      0.00000000      0.93567798
    23      8      0      0.00000000      1.09683251
    23      9      0      0.00000000      1.09683251
    23     10      0      0.00000000      1.31133254
    23     11      0      0.00000000      1.34267580
    23     12      0      0.00000000      1.10176560
    23     13      0      0.00000000      1.35275386
    23     14      0      0.00000000      0.92940013
    23     15      0      0.00000000      1.52157108
    23     16      0      0.00000000      1.04985004
    23     17      0      0.00000000      1.12803975
    23     18      0      0.00000000      1.01236763
    23     19      0      0.00000000      1.23132893
    23     20      0      0.00000000      1.16506003
    23     21      0      0.00000000      1.56940994
    23     22      0      0.00000000      1.09305967
    23     23      0      0.00000000      1.18170988
    23     24      0      0.00000000      1.18656698
    23     25      0      0.00000000      1.32280943
    23     26      0      0.00000000      1.07636755
    23     27      0      0.00000000      1.33683121
    23     28      0      0.00000000      1.20024496
    23     29      0      0.00000000      0.82824032
    23     30      0      0.00000000      0.96661127
    23     31      0      0.00000000      1.26978262
    23     32      0      0.00000000      1.35699789
    23     33      0      0.00000000      1.19508453
    23     34      0      0.00000000      1.33249594
    23     35      0      0.00000000      1.16400475
    23     36      0      0.00000000      1.25112914
    23     37      0      0.00000000      1.16843626
    23     38      0      0.00000000      1.09141558
    23     39      0      0.00000000      1.24686471
    23     40      0      0.00000000      1.07411203
    23     41      0      0.00000000      1.14472948
    23     42      0      0.00000000      1.00078727
    23     43      0      0.00000000      1.11820866
    23     44      0      0.00000000      1.38054400
    23     45      0      0.00000000      1.12540160
    23     46      0      0.00000000      1.10397067
    23     47      0      0.00000000      1.05168962
    23     48      0      0.00000000      1.20607581
    23     49      0      0.00000000      1.17195737
    23     50      0      0.00000000      1.07116862
    23     51      0      0.00000000      1.24406820
    23     52      0      0.00000000      1.44495238
    23     53      0      0.00000000      1.37759615
    23     54      0      0.00000000      1.16400018
    23     55      0      0.00000000      1.20232253
    23     56      0      0.00000000      1.18777147
    23     57      0      0.00000000      1.13840008
    23     58      0      0.00000000      1.23498611
    23     59      0      0.00000000      1.00000000
    23     60      0      0.00000000      1.00000000
    23     61      0      0.00000000      1.00000000
    23     62      0      0.00000000      1.00000000
    23     63      0      0.00000000      1.00000000
    23     64      0      0.00000000      1.00000000
    23     65      0      0.00000000      1.00000000
    23     66      0      0.00000000      1.00000000
    23     67      0      0.00000000      1.00000000
    23     68      0      0.00000000      1.07769622
    23     69      0      0.00000000      1.21585743
    23     70      0      0.00000000      1.11753630
    23     71      0      0.00000000      1.13187498
    23     72      0      0.00000000      1.09569077
    23     73      0      0.00000000      1.10947823
    23     74      0      0.00000000      1.18184936
    23     75      0      0.00000000      1.23143616
    23     76      0      0.00000000      1.14853879
    23     77      0      0.00000000      1.20929694
    23     78      0      0.00000000      1.17569951
    23     79      0      0.00000000      1.23925502
    23     80      0      0.00000000      1.25542467
    23     81      0      0.00000000      1.30677996
    23     82      0      0.00000000      1.20333328
    23     83      0      0.00000000      1.19177415
    23     84      0      0.00000000      1.16029249
    23     85      0      0.00000000      1.20760705
    23     86      0      0.00000000      1.06452968
    23     87      0      0.00000000      1.09596207
    23     88      0      0.00000000      1.16628779
    23     89      0      0.00000000      1.10134727
    23     90      0      0.00000000      1.06589410
    23     91      0      0.00000000      1.09245908
    23     92      0      0.00000000      1.12971772
    23     93      0      0.00000000      1.18901751
    23     94      0      0.00000000      1.15487396
    23     95      0      0.00000000      1.12697543
    23     96      0      0.00000000      1.11590545
    23     97      0      0.00000000      1.09291264
    23     98      0      0.00000000      1.05319120
    23     99      0      0.00000000      1.04764865
    23    100      0      0.00000000      1.04722584
    23    101      0      0.00000000      1.06184857
    23    102      0      0.00000000      1.04440990
    23    103      0      0.00000000      1.03829544
    23    104      0      0.00000000      1.04792123
    23    105      0      0.00000000      1.16056437
    23    106      0      0.00000000      0.97824647
    23    107      0      0.00000000      1.03965814
    23    108      0      0.00000000      0.96554586
    23    109      0      0.00000000      0.97112197
    23    110      0      0.00000000      1.09562650
    23    111      0      0.00000000      1.05426464
    23    112      0      0.00000000      1.05376203
    23    113      0      0.00000000      1.05326368
    23    114      0      0.00000000      0.98041565
    23    115      0      0.00000000      1.10029978
    23    116      0      0.00000000      1.16214542
    23    117      0      0.00000000      1.02372893
    23    118      0      0.00000000      1.02069224
    23    119      0      0.00000000      0.89071814
    23    120      0      0.00000000      0.89160046
    23    121      0      0.00000000      0.90536577
    23    122      0      0.00000000      0.87404970
    23    123      0      0.00000000      0.87297724
    23    124      0      0.00000000      0.92582800
    23    125      0      0.00000000      1.00856622
    23    126      0      0.00000000      0.96527705
    23    127      0      0.00000000      0.98347358
    23    128      0      0.00000000      0.89111639
    23    129      0      0.00000000      0.89735086
    23    130      0      0.00000000      0.90562303
    23    131      0      0.00000000      0.89576522
    23    132      0      0.00000000      0.89278496
    23    133      0      0.00000000      0.89339342
    23    134      0      0.00000000      0.94968486
    23    135      0      0.00000000      0.97885258
    23    136      0      0.00000000      0.90512620
    23    137      0      0.00000000      0.75478344
    23    138      0      0.00000000      0.74520631
    23    139      0      0.00000000      0.74526756
    23    140      0      0.00000000      0.79823743
    23    141      0      0.00000000      0.86850509
    23    142      0      0.00000000      1.00000000
    23    143      0      0.00000000      1.00000000
    23    144      0      0.00000000      1.00000000
    23    145      0      0.00000000      1.00000000
    23    146      0      0.00000000      1.00000000
    23    147      0      0.00000000      1.00000000
    23    148      0      0.00000000      1.00000000
    23    149      0      0.00000000      1.00000000
    23    150      0      0.00000000      1.00000000
    23    151      0      0.00000000      0.89649871
    23    152      0      0.00000000      0.81100613
    23    153      0      0.00000000      0.79105211
    23    154      0      0.00000000      0.82775090
    23    155      0      0.00000000      0.82936658
    23    156      0      0.00000000      0.82335414
    23    157      0      0.00000000      0.84593392
    23    158      0      0.00000000      0.85802115
    23    159      0      0.00000000      0.86744293
    23    160      0      0.00000000      0.89624735
    23    161      0      0.00000000      0.94417747
    23    162      0      0.00000000      0.99812183
    23    163      0      0.00000000      1.05019263
    23    164      0      0.00000000      1.03261425
    23    165      0      0.00000000      1.10291695
    23    166      0      0.00000000      1.11267764
    23    167      0      0.00000000      0.93443743
    23    168      0      0.00000000      0.91611538
    23    169      0      0.00000000      0.96989160
    23    170      0      0.00000000      0.99977430
    23    171      0      0.00000000      0.96323990
    23    172      0      0.00000000      0.96886801
    23    173      0      0.00000000      0.97950881
    23    174      0      0.00000000      0.96330228
    23    175      0      0.00000000      0.95632227
    23    176      0      0.00000000      0.96395811
    23    177      0      0.00000000      0.99587244
    23    178      0      0.00000000      0.97219389
    23    179      0      0.00000000      0.98017271
    23    180      0      0.00000000      0.94149829
    23    181      0      0.00000000      0.93632612
    23    182      0      0.00000000      0.94295049
    23    183      0      0.00000000      0.93543484
    23    184      0      0.00000000      0.91838221
    23    185      0      0.00000000      0.89914476
    23    186      0      0.00000000      0.91452390
    23    187      0      0.00000000      0.90398021
    23    188      0      0.00000000      0.89810621
    23    189      0      0.00000000      0.89485906
    23    190      0      0.00000000      0.88419108
    23    191      0      0.00000000      0.86421511
    23    192      0      0.00000000      0.85696938
    23    193      0      0.00000000      0.84618590
    23    194      0      0.00000000      0.82268098
    23    195      0      0.00000000      0.85909805
    23    196      0      0.00000000      0.83225837
    23    197      0      0.00000000      0.82460679
    23    198      0      0.00000000      0.79930735
    23    199      0      0.00000000      0.78556495
    23    200      0      0.00000000      0.84130197
    23    201      0      0.00000000      0.79884910
    23    202      0      0.00000000      0.74113283
    23    203      0      0.00000000      0.73974087
    23    204      0      0.00000000      0.72363166
    23    205      0      0.00000000      0.69054477
    23    206      0      0.00000000      0.64383528
    23    207      0      0.00000000      0.69528858
    23    208      0      0.00000000      0.78628815
    23    209      0      0.00000000      0.96471572
    24      0      0      0.00000000      1.15831776
    24      1      0      0.00000000      1.15831776
    24      2      0      0.00000000      1.15831776
    24      3      0      0.00000000      1.15831776
    24      4      0      0.00000000      1.15831776
    24      5      0      0.00000000      1.15831776
    24      6      0      0.00000000      1.15831776
    24      7      0      0.00000000      1.07587490
    24      8      0      0.00000000      1.01756826
    24      9      0      0.00000000      1.09845334
    24     10      0      0.00000000      1.19330771
    24     11      0      0.00000000      1.00264233
    24     12      0      0.00000000      0.96226951
    24     13      0      0.00000000      0.93770235
    24     14      0      0.00000000      1.20538107
    24     15      0      0.00000000      1.14498188
    24     16      0      0.00000000      1.16473380
    24     17      0      0.00000000      1.27456527
    24     18      0      0.00000000      1.02256679
    24     19      0      0.00000000      1.08044319
    24     20      0      0.00000000      1.15816477
    24     21      0      0.00000000      1.18021206
    24     22      0      0.00000000      1.18508350
    24     23      0      0.00000000      1.20312282
    24     24      0      0.00000000      1.20312282
    24     25      0      0.00000000      1.22195680
    24     26      0      0.00000000      1.27365351
    24     27      0      0.00000000      1.15361548
    24     28      0      0.00000000      1.20980259
    24     29      0      0.00000000      1.17717442
    24     30      0      0.00000000      1.05615046
    24     31      0      0.00000000      1.15162405
    24     32      0      0.00000000      1.16418305
    24     33      0      0.00000000      1.29424459
    24     34      0      0.00000000      1.12136442
    24     35      0      0.00000000      1.08503593
    24     36      0      0.00000000      1.11186897
    24     37      0      0.00000000      1.18811419
    24     38      0      0.00000000      1.21858050
    24     39      0      0.00000000      1.17146024
    24     40      0      0.00000000      1.12914846
    24     41      0      0.00000000      1.02462185
    24     42      0      0.00000000      1.07046784
    24     43      0      0.00000000      1.16196862
    24     44      0      0.00000000      1.07902204
    24     45      0      0.00000000      1.35223088
    24     46      0      0.00000000      1.24551301
    24     47      0      0.00000000      1.32519117
    24     48      0      0.00000000      1.37442247
    24     49      0      0.00000000      1.18093567
    24     50      0      0.00000000      1.32785736
    24     51      0      0.00000000      1.17754148
    24     52      0      0.00000000      1.26842645
    24     53      0      0.00000000      1.00000000
    24     54      0      0.00000000      1.00000000
    24     55      0      0.00000000      1.00000000
    24     56      0      0.00000000      1.00000000
    24     57      0      0.00000000      1.00000000
    24     58      0      0.00000000      1.00000000
    24     59      0      0.00000000      1.00000000
    24     60      0      0.00000000      1.00000000
    24     61      0      0.00000000      1.00000000
    24     62      0      0.00000000      1.11803222
    24     63      0      0.00000000      1.02418985
    24     64      0      0.00000000      1.12049933
    24     65      0      0.00000000      1.12506716
    24     66      0      0.00000000      1.19966272
    24     67      0      0.00000000      1.21479715
    24     68      0      0.00000000      1.25426207
    24     69      0      0.00000000      1.34605977
    24     70      0      0.00000000      1.24280903
    24     71      0      0.00000000      1.24984356
    24     72      0      0.00000000      1.33172369
    24     73      0      0.00000000      1.25020756
    24     74      0      0.00000000      1.27358556
    24     75      0      0.00000000      1.22319732
    24     76      0      0.00000000      1.28274710
    24     77      0      0.00000000      1.19823603
    24     78      0      0.00000000      1.26459080
    24     79      0      0.00000000      1.23673817
    24     80      0      0.00000000      1.26071816
    24     81      0      0.00000000      1.16452889
    24     82      0      0.00000000      1.20131235
    24     83      0      0.00000000      1.20867290
    24     84      0      0.00000000      1.30011493
    24     85      0      0.00000000      1.21486521
    24     86      0      0.00000000      1.20969990
    24     87      0      0.00000000      1.20255490
    24     88      0      0.00000000      1.22113644
    24     89      0      0.00000000      1.12962741
    24     90      0      0.00000000      1.13600266
    24     91      0      0.00000000      1.07503972
    24     92      0      0.00000000      1.16267768
    24     93      0      0.00000000      1.05669361
    24     94      0      0.00000000      1.14205977
    24     95      0      0.00000000      1.08357096
    24     96      0      0.00000000      1.18931525
    24     97      0      0.00000000      1.20493355
    24     98      0      0.00000000      1.23306818
    24     99      0      0.00000000      1.22615174
    24    100      0      0.00000000      1.20653978
    24    101      0      0.00000000      1.12130109
    24    102      0      0.00000000      1.18295889
    24    103      0      0.00000000      1.01668388
    24    104      0      0.00000000      1.04965892
    24    105      0      0.00000000      1.03428051
    24    106      0      0.00000000      1.04087687
    24    107      0      0.00000000      1.08874051
    24    108      0      0.00000000      1.14963129
    24    109      0      0.00000000      1.21730553
    24    110      0      0.00000000      1.38665300
    24    111      0      0.00000000      1.18412916
    24    112      0      0.00000000      1.22987753
    24    113      0      0.00000000      1.02805510
    24    114      0      0.00000000      1.05165863
    24    115      0      0.00000000      1.02801943
    24    116      0      0.00000000      0.96727014
    24    117      0      0.00000000      1.01159444
    24    118      0      0.00000000      1.02746912
    24    119      0      0.00000000      0.98057646
    24    120      0      0.00000000      0.96732959
    24    121      0      0.00000000      0.88970761
    24    122      0      0.00000000      0.88356878
    24    123      0      0.00000000      0.92197026
    24    124      0      0.00000000      0.87627466
    24    125      0      0.00000000      0.84654365
    24    126      0      0.00000000      0.90423169
    24    127      0      0.00000000      0.94305600
    24    128      0      0.00000000      0.94896626
    24    129      0      0.00000000      0.90623813
    24    130      0      0.00000000      0.82374262
    24    131      0      0.00000000      0.81808074
    24    132      0      0.00000000      0.80358818
    24    133      0      0.00000000      0.79142779
    24    134      0      0.00000000      0.75326657
    24    135      0      0.00000000      0.78023800
    24    136      0      0.00000000      0.90461222
    24    137      0      0.00000000      0.90973148
    24    138      0      0.00000000      0.81201273
    24    139      0      0.00000000      0.72378022
    24    140      0      0.00000000      0.80707011
    24    141      0      0.00000000      0.79314226
    24    142      0      0.00000000      0.76868073
    24    143      0      0.00000000      0.86845594
    24    144      0      0.00000000      1.00000000
    24    145      0      0.00000000      1.00000000
    24    146      0      0.00000000      1.00000000
    24    147      0      0.00000000      1.00000000
    24    148      0      0.00000000      1.00000000
    24    149      0      0.00000000      1.00000000
    24    150      0      0.00000000      1.00000000
    24    151      0      0.00000000      1.00000000
    24    152      0      0.00000000      1.00000000
    24    153      0      0.00000000      0.93440837
    24    154      0      0.00000000      0.90078384
    24    155      0      0.00000000      0.92627368
    24    156      0      0.00000000      0.91256022
    24    157      0      0.00000000      0.92532439
    24    158      0      0.00000000      0.94973948
    24    159      0      0.00000000      0.92519079
    24    160      0      0.00000000      0.90829229
    24    161      0      0.00000000      0.96223106
    24    162      0      0.00000000      0.95340095
    24    163      0      0.00000000      0.93026206
    24    164      0      0.00000000      0.91261417
    24    165      0      0.00000000      0.93916964
    24    166      0      0.00000000      0.89589766
    24    167      0      0.00000000      1.01309308
    24    168      0      0.00000000      1.02156454
    24    169      0      0.00000000      1.00577549
    24    170      0      0.00000000      1.00950596
    24    171      0      0.00000000      1.02010944
    24    172      0      0.00000000      1.01934555
    24    173      0      0.00000000      1.04750498
    24    174      0      0.00000000      1.04254328
    24    175      0      0.00000000      1.04136603
    24    176      0      0.00000000      1.01770420
    24    177      0      0.00000000      1.07603221
    24    178      0      0.00000000      1.09180109
    24    179      0      0.00000000      1.04236049
    24    180      0      0.00000000      1.06262360
    24    181      0      0.00000000      1.01667422
    24    182      0      0.00000000      1.02092834
    24    183      0      0.00000000      0.98207308
    24    184      0      0.00000000      1.02396668
    24    185      0      0.00000000      0.97221882
    24    186      0      0.00000000      0.97980804
    24    187      0      0.00000000      0.97809177
    24    188      0      0.00000000      0.91329366
    24    189      0      0.00000000      0.91644978
    24    190      0      0.00000000      0.90776436
    24    191      0      0.00000000      0.88385691
    24    192      0      0.00000000      0.85780155
    24    193      0      0.00000000      0.81452396
    24    194      0      0.00000000      0.76632153
    24    195      0      0.00000000      0.72959433
    24    196      0      0.00000000      0.78914190
    24    197      0      0.00000000      0.83547284
    24    198      0      0.00000000      0.79649260
    24    199      0      0.00000000      0.77304084
    24    200      0      0.00000000      0.76252385
    24    201      0      0.00000000      0.78380083
    24    202      0      0.00000000      0.77544494
    24    203      0      0.00000000      0.86337976
    24    204      0      0.00000000      1.03822975
    24    205      0      0.00000000      1.14926005
    25      0      0      0.00000000      1.20708085
    25      1      0      0.00000000      1.20708085
    25      2      0      0.00000000      1.11312174
    25      3      0      0.00000000      1.00718809
    25      4      0      0.00000000      0.87768334
    25      5      0      0.00000000      1.06203235
    25      6      0      0.00000000      1.14647462
    25      7      0      0.00000000      1.01542267
    25      8      0      0.00000000      1.04049217
    25      9      0      0.00000000      1.08448769
    25     10      0      0.00000000      1.08448769
    25     11      0      0.00000000      1.15251144
    25     12      0      0.00000000      1.09120931
    25     13      0      0.00000000      1.26554909
    25     14      0      0.00000000      1.30068223
    25     15      0      0.00000000      1.14430256
    25     16      0      0.00000000      1.12264868
    25     17      0      0.00000000      1.13957044
    25     18      0      0.00000000      1.13957044
    25     19      0      0.00000000      1.21305624
    25     20      0      0.00000000      1.27837367
    25     21      0      0.00000000      1.27551506
    25     22      0      0.00000000      1.21516640
    25     23      0      0.00000000      1.26476265
    25     24      0      0.00000000      1.24472249
    25     25      0      0.00000000      1.20613467
    25     26      0      0.00000000      1.17426121
    25     27      0      0.00000000      1.17335054
    25     28      0      0.00000000      1.05494320
    25     29      0      0.00000000      1.07486331
    25     30      0      0.00000000      1.02617069
    25     31      0      0.00000000      1.13521353
    25     32      0      0.00000000      1.41569322
    25     33      0      0.00000000      1.46223478
    25     34      0      0.00000000      1.15309010
    25     35      0      0.00000000      1.19896737
    25     36      0      0.00000000      1.10016847
    25     37      0      0.00000000      1.19140095
    25     38      0      0.00000000      1.03204893
    25     39      0      0.00000000      1.33398631
    25     40      0      0.00000000      1.28503816
    25     41      0      0.00000000      1.40203126
    25     42      0      0.00000000      1.26866481
    25     43      0      0.00000000      1.27453994
    25     44      0      0.00000000      1.26349943
    25     45      0      0.00000000      1.18319344
    25     46      0      0.00000000      1.30469078
    25     47      0      0.00000000      1.23570874
    25     48      0      0.00000000      1.00000000
    25     49      0      0.00000000      1.00000000
    25     50      0      0.00000000      1.00000000
    25     51      0      0.00000000      1.00000000
    25     52      0      0.00000000      1.00000000
    25     53      0      0.00000000      1.00000000
    25     54      0      0.00000000      1.00000000
    25     55      0      0.00000000      1.00000000
    25     56      0      0.00000000      1.01432652
    25     57      0      0.00000000      1.02135422
    25     58      0      0.00000000      0.96923905
    25     59      0      0.00000000      0.97225036
    25     60      0      0.00000000      1.05185971
    25     61      0      0.00000000      0.98593136
    25     62      0      0.00000000      0.96870140
    25     63      0      0.00000000      1.23607124
    25     64      0      0.00000000      1.18608707
    25     65      0      0.00000000      1.17298840
    25     66      0      0.00000000      1.19588622
    25     67      0      0.00000000      1.09470545
    25     68      0      0.00000000      1.19166290
    25     69      0      0.00000000      1.14391090
    25     70      0      0.00000000      1.17446104
    25     71      0      0.00000000      1.23024263
    25     72      0      0.00000000      1.13551510
    25     73      0      0.00000000      1.15407698
    25     74      0      0.00000000      1.22327251
    25     75      0      0.00000000      1.21439210
    25     76      0      0.00000000      1.21043574
    25     77      0      0.00000000      1.17451705
    25     78      0      0.00000000      1.17389865
    25     79      0      0.00000000      1.20258594
    25     80      0      0.00000000      1.10398146
    25     81      0      0.00000000      1.05030756
    25     82      0      0.00000000      1.07185373
    25     83      0      0.00000000      1.01030796
    25     84      0      0.00000000      1.08269813
    25     85      0      0.00000000      1.11277352
    25     86      0      0.00000000      1.17066895
    25     87      0      0.00000000      1.15176401
    25     88      0      0.00000000      1.18569005
    25     89      0      0.00000000      1.17890898
    25     90      0      0.00000000      1.19650877
    25     91      0      0.00000000      1.20226724
    25     92      0      0.00000000      1.09380877
    25     93      0      0.00000000      1.12210894
    25     94      0      0.00000000      1.14661149
    25     95      0      0.00000000      1.12718643
    25     96      0      0.00000000      1.09547588
    25     97      0      0.00000000      1.04918062
    25     98      0      0.00000000      1.11768063
    25     99      0      0.00000000      1.16431913
    25    100      0      0.00000000      1.22072399
    25    101      0      0.00000000      1.15477607
    25    102      0      0.00000000      1.17536395
    25    103      0      0.00000000      1.09137962
    25    104      0      0.00000000      1.07832850
    25    105      0      0.00000000      1.07191492
    25    106      0      0.00000000      1.05430223
    25    107      0      0.00000000      1.04969444
    25    108      0      0.00000000      1.12105042
    25    109      0      0.00000000      1.03209503
    25    110      0      0.00000000      1.15878935
    25    111      0      0.00000000      0.97938542
    25    112      0      0.00000000      0.98847202
    25    113      0      0.00000000      0.99661836
    25    114      0      0.00000000      0.97053837
    25    115      0      0.00000000      1.01353166
    25    116      0      0.00000000      1.03727271
    25    117      0      0.00000000      1.01290782
    25    118      0      0.00000000      1.02282014
    25    119      0      0.00000000      0.99795713
    25    120      0      0.00000000      1.08811455
    25    121      0      0.00000000      1.02317398
    25    122      0      0.00000000      0.99651682
    25    123      0      0.00000000      0.87791343
    25    124      0      0.00000000      0.87444145
    25    125      0      0.00000000      0.87020139
    25    126      0      0.00000000      0.85990331
    25    127      0      0.00000000      0.84418128
    25    128      0      0.00000000      0.84597849
    25    129      0      0.00000000      0.93238794
    25    130      0      0.00000000      0.99757742
    25    131      0      0.00000000      0.86261907
    25    132      0      0.00000000      0.84162173
    25    133      0      0.00000000      0.84748194
    25    134      0      0.00000000      0.87135694
    25    135      0      0.00000000      0.85583486
    25    136      0      0.00000000      0.85425653
    25    137      0      0.00000000      0.85563153
    25    138      0      0.00000000      0.98239275
    25    139      0      0.00000000      0.98763434
    25    140      0      0.00000000      0.87013285
    25    141      0      0.00000000      0.79910006
    25    142      0      0.00000000      0.86825834
    25    143      0      0.00000000      0.83396142
    25    144      0      0.00000000      0.86648172
    25    145      0      0.00000000      0.89104890
    25    146      0      0.00000000      1.00000000
    25    147      0      0.00000000      1.00000000
    25    148      0      0.00000000      1.00000000
    25    149      0      0.00000000      1.00000000
    25    150      0      0.00000000      1.00000000
    25    151      0      0.00000000      1.00000000
    25    152      0      0.00000000      1.00000000
    25    153      0      0.00000000      1.00000000
    25    154      0      0.00000000      0.89132690
    25    155      0      0.00000000      0.80372669
    25    156      0      0.00000000      0.87373204
    25    157      0      0.00000000      0.93123077
    25    158      0      0.00000000      0.97681122
    25    159      0      0.00000000      0.97679581
    25    160      0      0.00000000      1.01040994
    25    161      0      0.00000000      1.05392005
    25    162      0      0.00000000      1.02931855
    25    163      0      0.00000000      1.02376543
    25    164      0      0.00000000      1.05268257
    25    165      0      0.00000000      1.07813633
    25    166      0      0.00000000      1.06875833
    25    167      0      0.00000000      1.07604631
    25    168      0      0.00000000      1.12454071
    25    169      0      0.00000000      1.08826695
    25    170      0      0.00000000      1.09496492
    25    171      0      0.00000000      1.05950379
    25    172      0      0.00000000      1.09033905
    25    173      0      0.00000000      1.12039726
    25    174      0      0.00000000      1.11367138
    25    175      0      0.00000000      1.09947329
    25    176      0      0.00000000      1.10618695
    25    177      0      0.00000000      1.12255936
    25    178      0      0.00000000      1.12522279
    25    179      0      0.00000000      1.16224229
    25    180      0      0.00000000      1.16175748
    25    181      0      0.00000000      1.15902878
    25    182      0      0.00000000      1.16110364
    25    183      0      0.00000000      1.13700097
    25    184      0      0.00000000      1.11456519
    25    185      0      0.00000000      1.10983063
    25    186      0      0.00000000      1.12523896
    25    187      0      0.00000000      1.07756318
    25    188      0      0.00000000      1.08029846
    25    189      0      0.00000000      1.05423252
    25    190      0      0.00000000      1.03085269
    25    191      0      0.00000000      0.98683093
    25    192      0      0.00000000      0.99122241
    25    193      0      0.00000000      0.97397297
    25    194      0      0.00000000      0.94376606
    25    195      0      0.00000000      0.90429167
    25    196      0      0.00000000      0.84467423
    25    197      0      0.00000000      0.81290781
    25    198      0      0.00000000      0.85294360
    25    199      0      0.00000000      0.87724944
    25    200      0      0.00000000      1.01972113
    25    201      0      0.00000000      1.19638819
    26      0      0      0.00000000      1.16134260
    26      1      0      0.00000000      0.96208845
    26      2      0      0.00000000      0.96058049
    26      3      0      0.00000000      1.16167073
    26      4      0      0.00000000      1.31053054
    26      5      0      0.00000000      1.50842172
    26      6      0      0.00000000      1.34996413
    26      7      0      0.00000000      1.05536208
    26      8      0      0.00000000      1.05044562
    26      9      0      0.00000000      1.09789644
    26     10      0      0.00000000      1.12487849
    26     11      0      0.00000000      1.29844421
    26     12      0      0.00000000      1.38758496
    26     13      0      0.00000000      1.41188918
    26     14      0      0.00000000      1.43688573
    26     15      0      0.00000000      1.17208855
    26     16      0      0.00000000      1.27253316
    26     17      0      0.00000000      1.23701884
    26     18      0      0.00000000      1.25978606
    26     19      0      0.00000000      1.12850570
    26     20      0      0.00000000      1.17275465
    26     21      0      0.00000000      1.24144397
    26     22      0      0.00000000      1.34579330
    26     23      0      0.00000000      1.11929839
    26     24      0      0.00000000      1.07620415
    26     25      0      0.00000000      1.02198544
    26     26      0      0.00000000      1.19412092
    26     27      0      0.00000000      1.35003199
    26     28      0      0.00000000      1.48906473
    26     29      0      0.00000000      1.28091986
    26     30      0      0.00000000      1.32509663
    26     31      0      0.00000000      1.35854458
    26     32      0      0.00000000      1.28696476
    26     33      0      0.00000000      1.21118961
    26     34      0      0.00000000      1.23311364
    26     35      0      0.00000000      1.57842652
    26     36      0      0.00000000      1.28770812
    26     37      0      0.00000000      1.34409597
    26     38      0      0.00000000      1.19333675
    26     39      0      0.00000000      1.28737553
    26     40      0      0.00000000      1.10062079
    26     41      0      0.00000000      1.14326578
    26     42      0      0.00000000      1.19957236
    26     43      0      0.00000000      1.00000000
    26     44      0      0.00000000      1.00000000
    26     45      0      0.00000000      1.00000000
    26     46      0      0.00000000      1.00000000
    26     47      0      0.00000000      1.00000000
    26     48      0      0.00000000      1.00000000
    26     49      0      0.00000000      1.00000000
    26     50      0      0.00000000      1.00000000
    26     51      0      0.00000000      1.27509217
    26     52      0      0.00000000      1.10603082
    26     53      0      0.00000000      1.24271816
    26     54      0      0.00000000      1.08686863
    26     55      0      0.00000000      1.17540922
    26     56      0      0.00000000      1.15204606
    26     57      0      0.00000000      1.37962681
    26     58      0      0.00000000      1.13501892
    26     59      0      0.00000000      1.21921133
    26     60      0      0.00000000      1.12048392
    26     61      0      0.00000000      1.31555066
    26     62      0      0.00000000      1.03038749
    26     63      0      0.00000000      1.84511543
    26     64      0      0.00000000      1.68704355
    26     65      0      0.00000000      1.55762711
    26     66      0      0.00000000      0.96181529
    26     67      0      0.00000000      1.46067563
    26     68      0      0.00000000      1.06477893
    26     69      0      0.00000000      1.32790319
    26     70      0      0.00000000      1.20185928
    26     71      0      0.00000000      1.31866374
    26     72      0      0.00000000      1.13779689
    26     73      0      0.00000000      1.23050990
    26     74      0      0.00000000      1.08576436
    26     75      0      0.00000000      1.10278670
    26     76      0      0.00000000      1.12280504
    26     77      0      0.00000000      1.16164355
    26     78      0      0.00000000      1.14633003
    26     79      0      0.00000000      1.97818095
    26     80      0      0.00000000      1.19328881
    26     81      0      0.00000000      1.28509385
    26     82      0      0.00000000      1.23190676
    26     83      0      0.00000000      1.20481434
    26     84      0      0.00000000      1.21377696
    26     85      0      0.00000000      1.15128086
    26     86      0      0.00000000      1.17772073
    26     87      0      0.00000000      1.22305072
    26     88      0      0.00000000      1.14687417
    26     89      0      0.00000000      1.16696459
    26     90      0      0.00000000      1.07337028
    26     91      0      0.00000000      1.11132521
    26     92      0      0.00000000      1.13051496
    26     93      0      0.00000000      1.14226108
    26     94      0      0.00000000      1.10701434
    26     95      0      0.00000000      1.22850919
    26     96      0      0.00000000      1.10015756
    26     97      0      0.00000000      1.12134126
    26     98      0      0.00000000      1.11371758
    26     99      0      0.00000000      1.21888200
    26    100      0      0.00000000      1.09592480
    26    101      0      0.00000000      1.02389607
    26    102      0      0.00000000      1.07156628
    26    103      0      0.00000000      1.11367048
    26    104      0      0.00000000      1.15192992
    26    105      0      0.00000000      1.23525698
    26    106      0      0.00000000      1.12695987
    26    107      0      0.00000000      1.06310765
    26    108      0      0.00000000      1.06542899
    26    109      0      0.00000000      0.99294441
    26    110      0      0.00000000      1.05226140
    26    111      0      0.00000000      1.04291653
    26    112      0      0.00000000      1.02311668
    26    113      0      0.00000000      1.10615704
    26    114      0      0.00000000      1.25287666
    26    115      0      0.00000000      0.97123949
    26    116      0      0.00000000      0.97464438
    26    117      0      0.00000000      0.93459652
    26    118      0      0.00000000      1.03640368
    26    119      0      0.00000000      1.01588400
    26    120      0      0.00000000      1.02432943
    26    121      0      0.00000000      1.00665084
    26    122      0      0.00000000      1.05304501
    26    123      0      0.00000000      1.06212113
    26    124      0      0.00000000      1.03679737
    26    125      0      0.00000000      0.96439427
    26    126      0      0.00000000      0.91465704
    26    127      0      0.00000000      0.91023801
    26    128      0      0.00000000      0.95217511
    26    129      0      0.00000000      0.93833904
    26    130      0      0.00000000      0.93042321
    26    131      0      0.00000000      0.90410532
    26    132      0      0.00000000      1.05311936
    26    133      0      0.00000000      0.98975947
    26    134      0      0.00000000      0.94199226
    26    135      0      0.00000000      0.90422097
    26    136      0      0.00000000      0.91433141
    26    137      0      0.00000000      0.91092543
    26    138      0      0.00000000      0.92589330
    26    139      0      0.00000000      0.89218021
    26    140      0      0.00000000      0.96607600
    26    141      0      0.00000000      1.01108100
    26    142      0      0.00000000      1.05380457
    26    143      0      0.00000000      0.87210435
    26    144      0      0.00000000      0.80183320
    26    145      0      0.00000000      0.82980749
    26    146      0      0.00000000      0.81397186
    26    147      0      0.00000000      0.84666347
    26    148      0      0.00000000      0.92873707
    26    149      0      0.00000000      1.00000000
    26    150      0      0.00000000      1.00000000
    26    151      0      0.00000000      1.00000000
    26    152      0      0.00000000      1.00000000
    26    153      0      0.00000000      1.00000000
    26    154      0      0.00000000      1.00000000
    26    155      0      0.00000000      1.00000000
    26    156      0      0.00000000      1.00000000
    26    157      0      0.00000000      0.99119672
    26    158      0      0.00000000      0.94897046
    26    159      0      0.00000000      0.89394551
    26    160      0      0.00000000      0.91292807
    26    161      0      0.00000000      0.90632613
    26    162      0      0.00000000      0.92125384
    26    163      0      0.00000000      0.91898386
    26    164      0      0.00000000      0.96135119
    26    165      0      0.00000000      0.96266527
    26    166      0      0.00000000      1.01450364
    26    167      0      0.00000000      1.00718475
    26    168      0      0.00000000      1.02974718
    26    169      0      0.00000000      1.03490467
    26    170      0      0.00000000      1.05323343
    26    171      0      0.00000000      1.04667385
    26    172      0      0.00000000      1.08709982
    26    173      0      0.00000000      1.04603729
    26    174      0      0.00000000      1.06810918
    26    175      0      0.00000000      1.10887748
    26    176      0      0.00000000      1.11415503
    26    177      0      0.00000000      1.12047658
    26    178      0      0.00000000      1.11959986
    26    179      0      0.00000000      1.09891898
    26    180      0      0.00000000      1.11854198
    26    181      0      0.00000000      1.10702986
    26    182      0      0.00000000      0.92918092
    26    183      0      0.00000000      1.16407107
    26    184      0      0.00000000      1.13158358
    26    185      0      0.00000000      1.16849515
    26    186      0      0.00000000      1.10473241
    26    187      0      0.00000000      1.10214855
    26    188      0      0.00000000      1.11249226
    26    189      0      0.00000000      1.08214839
    26    190      0      0.00000000      1.11033988
    26    191      0      0.00000000      1.06859840
    26    192      0      0.00000000      1.03316606
    26    193      0      0.00000000      0.97120846
    26    194      0      0.00000000      0.97004546
    26    195      0      0.00000000      0.89511084
    26    196      0      0.00000000      0.93819889
    26    197      0      0.00000000      0.95225783
    26    198      0      0.00000000      0.98242522
    26    199      0      0.00000000      1.08747893
    27      0      0      0.00000000      1.28950520
    27      1      0      0.00000000      0.97406883
    27      2      0      0.00000000      1.07727801
    27      3      0      0.00000000      1.10262427
    27      4      0      0.00000000      1.18370109
    27      5      0      0.00000000      1.07928008
    27      6      0      0.00000000      1.08774795
    27      7      0      0.00000000      1.79421784
    27      8      0      0.00000000      0.96400902
    27      9      0      0.00000000      1.28221397
    27     10      0      0.00000000      1.30907068
    27     11      0      0.00000000      1.43138220
    27     12      0      0.00000000      1.23790404
    27     13      0      0.00000000      0.98516177
    27     14      0      0.00000000      1.50025654
    27     15      0      0.00000000      1.27849670
    27     16      0      0.00000000      1.19604561
    27     17      0      0.00000000      1.31729494
    27     18      0      0.00000000      1.11290094
    27     19      0      0.00000000      1.24982310
    27     20      0      0.00000000      1.52772050
    27     21      0      0.00000000      1.22129922
    27     22      0      0.00000000      1.22773750
    27     23      0      0.00000000      1.26236549
    27     24      0      0.00000000      1.24555637
    27     25      0      0.00000000      1.15402058
    27     26      0      0.00000000      1.38428240
    27     27      0      0.00000000      1.24328280
    27     28      0      0.00000000      1.15857495
    27     29      0      0.00000000      1.33131381
    27     30      0      0.00000000      1.46242846
    27     31      0      0.00000000      1.36281039
    27     32      0      0.00000000      1.23653360
    27     33      0      0.00000000      1.30083092
    27     34      0      0.00000000      1.18662770
    27     35      0      0.00000000      1.53207562
    27     36      0      0.00000000      0.86670428
    27     37      0      0.00000000      1.00000000
    27     38      0      0.00000000      1.00000000
    27     39      0      0.00000000      1.00000000
    27     40      0      0.00000000      1.00000000
    27     41      0      0.00000000      1.00000000
    27     42      0      0.00000000      1.00000000
    27     43      0      0.00000000      1.00000000
    27     44      0      0.00000000      1.00000000
    27     45      0      0.00000000      1.00000000
    27     46      0      0.00000000      0.92074316
    27     47      0      0.00000000      1.29274198
    27     48      0      0.00000000      1.13699410
    27     49      0      0.00000000      1.17051015
    27     50      0      0.00000000      1.10539740
    27     51      0      0.00000000      1.24290095
    27     52      0      0.00000000      1.16936341
    27     53      0      0.00000000      1.33620060
    27     54      0      0.00000000      1.13792887
    27     55      0      0.00000000      1.23839255
    27     56      0      0.00000000      1.19663234
    27     57      0      0.00000000      1.29675927
    27     58      0      0.00000000      1.22887236
    27     59      0      0.00000000      1.38724540
    27     60      0      0.00000000      1.24226586
    27     61      0      0.00000000      1.28156782
    27     62      0      0.00000000      1.22566741
    27     63      0      0.00000000      1.34655307
    27     64      0      0.00000000      1.23484533
    27     65      0      0.00000000      1.25761884
    27     66      0      0.00000000      0.99040536
    27     67      0      0.00000000      1.30985703
    27     68      0      0.00000000      1.12418651
    27     69      0      0.00000000      1.34147483
    27     70      0      0.00000000      1.02550509
    27     71      0      0.00000000      1.43868059
    27     72      0      0.00000000      1.02304895
    27     73      0      0.00000000      1.50523243
    27     74      0      0.00000000      1.25664914
    27     75      0      0.00000000      1.19870776
    27     76      0      0.00000000      1.18611330
    27     77      0      0.00000000      1.13934527
    27     78      0      0.00000000      1.20567877
    27     79      0      0.00000000      1.20776110
    27     80      0      0.00000000      1.17134497
    27     81      0      0.00000000      1.21370409
    27     82      0      0.00000000      1.15926197
    27     83      0      0.00000000      1.25832206
    27     84      0      0.00000000      1.27572083
    27     85      0      0.00000000      1.24287372
    27     86      0      0.00000000      1.24402403
    27     87      0      0.00000000      1.22407070
    27     88      0      0.00000000      1.15972046
    27     89      0      0.00000000      1.18395680
    27     90      0      0.00000000      1.16800938
    27     91      0      0.00000000      1.23087165
    27     92      0      0.00000000      1.13609690
    27     93      0      0.00000000      1.19063187
    27     94      0      0.00000000      1.16960184
    27     95      0      0.00000000      1.23473007
    27     96      0      0.00000000      1.18191442
    27     97      0      0.00000000      1.18641045
    27     98      0      0.00000000      1.07379196
    27     99      0      0.00000000      1.07196287
    27    100      0      0.00000000      1.05284047
    27    101      0      0.00000000      1.09547452
    27    102      0      0.00000000      1.01473472
    27    103      0      0.00000000      1.06906389
    27    104      0      0.00000000      1.03146400
    27    105      0      0.00000000      1.10078025
    27    106      0      0.00000000      1.08286540
    27    107      0      0.00000000      1.13419681
    27    108      0      0.00000000      1.07164640
    27    109      0      0.00000000      1.04188741
    27    110      0      0.00000000      0.99903608
    27    111      0      0.00000000      1.03334968
    27    112      0      0.00000000      0.99709424
    27    113      0      0.00000000      1.07096629
    27    114      0      0.00000000      0.99972690
    27    115      0      0.00000000      1.13453479
    27    116      0      0.00000000      1.18686699
    27    117      0      0.00000000      1.00411292
    27    118      0      0.00000000      0.99112309
    27    119      0      0.00000000      0.97192935
    27    120      0      0.00000000      1.08474411
    27    121      0      0.00000000      1.05314032
    27    122      0      0.00000000      1.02716005
    27    123      0      0.00000000      1.02779895
    27    124      0      0.00000000      0.98779831
    27    125      0      0.00000000      1.09200041
    27    126      0      0.00000000      1.03117870
    27    127      0      0.00000000      0.99825315
    27    128      0      0.00000000      0.94493685
    27    129      0      0.00000000      0.97777431
    27    130      0      0.00000000      0.93589798
    27    131      0      0.00000000      0.93463987
    27    132      0      0.00000000      0.89970056
    27    133      0      0.00000000      0.92658299
    27    134      0      0.00000000      1.04279265
    27    135      0      0.00000000      1.03003135
    27    136      0      0.00000000      0.91671514
    27    137      0      0.00000000      0.88582736
    27    138      0      0.00000000      0.85874886
    27    139      0      0.00000000      0.95288443
    27    140      0      0.00000000      0.89342919
    27    141      0      0.00000000      0.94548266
    27    142      0      0.00000000      0.94930684
    27    143      0      0.00000000      1.04627207
    27    144      0      0.00000000      0.97337887
    27    145      0      0.00000000      0.85237760
    27    146      0      0.00000000      0.80455197
    27    147      0      0.00000000      0.89063832
    27    148      0      0.00000000      0.72934617
    27    149      0      0.00000000      0.84331894
    27    150      0      0.00000000      1.00000000
    27    151      0      0.00000000      1.00000000
    27    152      0      0.00000000      1.00000000
    27    153      0      0.00000000      1.00000000
    27    154      0      0.00000000      1.00000000
    27    155      0      0.00000000      1.00000000
    27    156      0      0.00000000      1.00000000
    27    157      0      0.00000000      1.00000000
    27    158      0      0.00000000      1.00000000
    27    159      0      0.00000000      0.96332938
    27    160      0      0.00000000      0.92553537
    27    161      0      0.00000000      0.97234474
    27    162      0      0.00000000      0.94528987
    27    163      0      0.00000000      0.98417533
    27    164      0      0.00000000      0.94754450
    27    165      0      0.00000000      1.00275307
    27    166      0      0.00000000      0.94682333
    27    167      0      0.00000000      1.02776584
    27    168      0      0.00000000      1.00259863
    27    169      0      0.00000000      1.09315720
    27    170      0      0.00000000      1.02942687
    27    171      0      0.00000000      1.09741274
    27    172      0      0.00000000      1.03444255
    27    173      0      0.00000000      1.09612386
    27    174      0      0.00000000      1.04251297
    27    175      0      0.00000000      1.08565359
    27    176      0      0.00000000      1.03432955
    27    177      0      0.00000000      1.01757016
    27    178      0      0.00000000      0.96058524
    27    179      0      0.00000000      1.01026574
    27    180      0      0.00000000      0.96010680
    27    181      0      0.00000000      0.99445921
    27    182      0      0.00000000      0.95756134
    27    183      0      0.00000000      1.04183622
    27    184      0      0.00000000      0.99391617
    27    185      0      0.00000000      0.98821191
    27    186      0      0.00000000      0.97091188
    27    187      0      0.00000000      0.96585230
    27    188      0      0.00000000      0.91393080
    27    189      0      0.00000000      0.88470307
    27    190      0      0.00000000      0.84723416
    27    191      0      0.00000000      0.86080236
    27    192      0      0.00000000      0.77974768
    27    193      0      0.00000000      0.75296671
    27    194      0      0.00000000      0.75445406
    27    195      0      0.00000000      0.97289674
    28      0      0      0.00000000      1.06356413
    28      1      0      0.00000000      1.20034437
    28      2      0      0.00000000      1.16733895
    28      3      0      0.00000000      1.16251489
    28      4      0      0.00000000      1.16936337
    28      5      0      0.00000000      1.10549508
    28      6      0      0.00000000      1.12955618
    28      7      0      0.00000000      1.23887587
    28      8      0      0.00000000      1.28227301
    28      9      0      0.00000000      1.24160841
    28     10      0      0.00000000      1.24160841
    28     11      0      0.00000000      1.24160841
    28     12      0      0.00000000      1.20764724
    28     13      0      0.00000000      1.30112802
    28     14      0      0.00000000      1.04584431
    28     15      0      0.00000000      1.35669568
    28     16      0      0.00000000      1.35188508
    28     17      0      0.00000000      1.31622942
    28     18      0      0.00000000      1.20948654
    28     19      0      0.00000000      1.16944024
    28     20      0      0.00000000      1.24634768
    28     21      0      0.00000000      1.13543223
    28     22      0      0.00000000      1.09406296
    28     23      0      0.00000000      1.25252566
    28     24      0      0.00000000      1.00000000
    28     25      0      0.00000000      1.00000000
    28     26      0      0.00000000      1.00000000
    28     27      0      0.00000000      1.00000000
    28     28      0      0.00000000      1.00000000
    28     29      0      0.00000000      1.00000000
    28     30      0      0.00000000      1.00000000
    28     31      0      0.00000000      1.00000000
    28     32      0      0.00000000      1.00000000
    28     33      0      0.00000000      1.21203432
    28     34      0      0.00000000      1.25444336
    28     35      0      0.00000000      1.02099751
    28     36      0      0.00000000      1.28359732
    28     37      0      0.00000000      1.28974341
    28     38      0      0.00000000      1.10335656
    28     39      0      0.00000000      1.27428932
    28     40      0      0.00000000      1.18584488
    28     41      0      0.00000000      1.16442331
    28     42      0      0.00000000      1.12063605
    28     43      0      0.00000000      1.10439863
    28     44      0      0.00000000      1.19699278
    28     45      0      0.00000000      1.12238662
    28     46      0      0.00000000      1.10521648
    28     47      0      0.00000000      1.12936053
    28     48      0      0.00000000      1.16551804
    28     49      0      0.00000000      1.18994157
    28     50      0      0.00000000      1.27815568
    28     51      0      0.00000000      1.15517491
    28     52      0      0.00000000      1.22261275
    28     53      0      0.00000000      1.23606736
    28     54      0      0.00000000      1.20514164
    28     55      0      0.00000000      1.25407967
    28     56      0      0.00000000      1.24431639
    28     57      0      0.00000000      1.26682733
    28     58      0      0.00000000      1.32998064
    28     59      0      0.00000000      1.23695392
    28     60      0      0.00000000      1.18540902
    28     61      0      0.00000000      1.24068779
    28     62      0      0.00000000      1.21262330
    28     63      0      0.00000000      1.21606890
    28     64      0      0.00000000      1.19621070
    28     65      0      0.00000000      1.25387780
    28     66      0      0.00000000      1.28862765
    28     67      0      0.00000000      1.32027564
    28     68      0      0.00000000      1.25650009
    28     69      0      0.00000000      1.29488260
    28     70      0      0.00000000      1.29251813
    28     71      0      0.00000000      1.26239764
    28     72      0      0.00000000      1.17952768
    28     73      0      0.00000000      1.22859016
    28     74      0      0.00000000      1.08074502
    28     75      0      0.00000000      1.08780532
    28     76      0      0.00000000      1.20883426
    28     77      0      0.00000000      1.09464811
    28     78      0      0.00000000      1.13489085
    28     79      0      0.00000000      1.21192042
    28     80      0      0.00000000      1.27614298
    28     81      0      0.00000000      1.24754585
    28     82      0      0.00000000      1.17886579
    28     83      0      0.00000000      1.15711081
    28     84      0      0.00000000      1.10729679
    28     85      0      0.00000000      1.12392054
    28     86      0      0.00000000      1.12211367
    28     87      0      0.00000000      1.13805174
    28     88      0      0.00000000      1.13536244
    28     89      0      0.00000000      1.07245151
    28     90      0      0.00000000      1.11810286
    28     91      0      0.00000000      1.16148130
    28     92      0      0.00000000      1.09544012
    28     93      0      0.00000000      1.10851010
    28     94      0      0.00000000      1.01624654
    28     95      0      0.00000000      0.97421413
    28     96      0      0.00000000      0.99107895
    28     97      0      0.00000000      1.02169581
    28     98      0      0.00000000      1.01167051
    28     99      0      0.00000000      1.02204821
    28    100      0      0.00000000      1.05479838
    28    101      0      0.00000000      1.11306082
    28    102      0      0.00000000      1.15649689
    28    103      0      0.00000000      1.15100578
    28    104      0      0.00000000      1.09313761
    28    105      0      0.00000000      1.11925305
    28    106      0      0.00000000      1.14116114
    28    107      0      0.00000000      1.10260873
    28    108      0      0.00000000      1.12340295
    28    109      0      0.00000000      1.16766340
    28    110      0      0.00000000      1.15174746
    28    111      0      0.00000000      1.24113010
    28    112      0      0.00000000      1.30300292
    28    113      0      0.00000000      1.01702993
    28    114      0      0.00000000      1.26613647
    28    115      0      0.00000000      1.02630009
    28    116      0      0.00000000      1.03438954
    28    117      0      0.00000000      0.99531328
    28    118      0      0.00000000      0.96118018
    28    119      0      0.00000000      0.97974355
    28    120      0      0.00000000      1.01919950
    28    121      0      0.00000000      1.01487459
    28    122      0      0.00000000      0.97939401
    28    123      0      0.00000000      0.99427263
    28    124      0      0.00000000      0.98162953
    28    125      0      0.00000000      0.96184074
    28    126      0      0.00000000      1.02534795
    28    127      0      0.00000000      1.04228638
    28    128      0      0.00000000      1.01297830
    28    129      0      0.00000000      1.13138963
    28    130      0      0.00000000      1.11407644
    28    131      0      0.00000000      0.98379225
    28    132      0      0.00000000      0.94405242
    28    133      0      0.00000000      0.93978558
    28    134      0      0.00000000      0.99569558
    28    135      0      0.00000000      0.96792527
    28    136      0      0.00000000      1.00289387
    28    137      0      0.00000000      1.08157646
    28    138      0      0.00000000      1.16202367
    28    139      0      0.00000000      0.98601693
    28    140      0      0.00000000      0.90493563
    28    141      0      0.00000000      0.95245452
    28    142      0      0.00000000      0.96181914
    28    143      0      0.00000000      0.90330293
    28    144      0      0.00000000      1.04832516
    28    145      0      0.00000000      1.00000000
    28    146      0      0.00000000      1.00000000
    28    147      0      0.00000000      1.00000000
    28    148      0      0.00000000      1.00000000
    28    149      0      0.00000000      1.00000000
    28    150      0      0.00000000      1.00000000
    28    151      0      0.00000000      1.00000000
    28    152      0      0.00000000      1.00000000
    28    153      0      0.00000000      1.00000000
    28    154      0      0.00000000      0.89627976
    28    155      0      0.00000000      0.92580163
    28    156      0      0.00000000      0.94647330
    28    157      0      0.00000000      1.00188211
    28    158      0      0.00000000      1.04099755
    28    159      0      0.00000000      1.05305700
    28    160      0      0.00000000      1.10952898
    28    161      0      0.00000000      1.16593229
    28    162      0      0.00000000      1.17791387
    28    163      0      0.00000000      1.16870147
    28    164      0      0.00000000      1.19538435
    28    165      0      0.00000000      1.20790070
    28    166      0      0.00000000      1.15647493
    28    167      0      0.00000000      1.17305126
    28    168      0      0.00000000      1.19403144
    28    169      0      0.00000000      1.16955180
    28    170      0      0.00000000      1.19875194
    28    171      0      0.00000000      1.15400494
    28    172      0      0.00000000      1.18394956
    28    173      0      0.00000000      1.09297040
    28    174      0      0.00000000      1.07599387
    28    175      0      0.00000000      1.10313602
    28    176      0      0.00000000      1.06824645
    28    177      0      0.00000000      1.09828748
    29      0      0      0.00000000      1.00000000
    29      1      0      0.00000000      1.00000000
    29      2      0      0.00000000      1.00000000
    29      3      0      0.00000000      1.00000000
    29      4      0      0.00000000      1.00000000
    29      5      0      0.00000000      0.94602248
    29      6      0      0.00000000      1.16213814
    29      7      0      0.00000000      1.20950133
    29      8      0      0.00000000      0.93426181
    29      9      0      0.00000000      0.89362971
    29     10      0      0.00000000      1.11460311
    29     11      0      0.00000000      1.19437927
    29     12      0      0.00000000      1.19532796
    29     13      0      0.00000000      0.95340271
    29     14      0      0.00000000      1.14861925
    29     15      0      0.00000000      1.22016558
    29     16      0      0.00000000      1.10858187
    29     17      0      0.00000000      1.12641398
    29     18      0      0.00000000      1.16902866
    29     19      0      0.00000000      1.20924352
    29     20      0      0.00000000      1.33837407
    29     21      0      0.00000000      1.42486000
    29     22      0      0.00000000      1.24019753
    29     23      0      0.00000000      1.31303313
    29     24      0      0.00000000      1.26811870
    29     25      0      0.00000000      1.23393332
    29     26      0      0.00000000      1.19988625
    29     27      0      0.00000000      1.27115680
    29     28      0      0.00000000      1.18080856
    29     29      0      0.00000000      1.27069428
    29     30      0      0.00000000      1.23331856
    29     31      0      0.00000000      1.18756955
    29     32      0      0.00000000      1.28300983
    29     33      0      0.00000000      1.30640817
    29     34      0      0.00000000      1.25284618
    29     35      0      0.00000000      1.20619833
    29     36      0      0.00000000      1.24292380
    29     37      0      0.00000000      1.29751462
    29     38      0      0.00000000      1.20359686
    29     39      0      0.00000000      1.22908642
    29     40      0      0.00000000      1.05836709
    29     41      0      0.00000000      1.14017781
    29     42      0      0.00000000      1.13589914
    29     43      0      0.00000000      1.22669249
    29     44      0      0.00000000      1.10628150
    29     45      0      0.00000000      1.14728560
    29     46      0      0.00000000      1.25544729
    29     47      0      0.00000000      1.27568547
    29     48      0      0.00000000      1.07004568
    29     49      0      0.00000000      1.35283214
    29     50      0      0.00000000      1.35779793
    29     51      0      0.00000000      1.31476783
    29     52      0      0.00000000      1.18465331
    29     53      0      0.00000000      1.15692712
    29     54      0      0.00000000      1.20424736
    29     55      0      0.00000000      1.15332521
    29     56      0      0.00000000      1.14343765
    29     57      0      0.00000000      1.15190145
    29     58      0      0.00000000      1.12601034
    29     59      0      0.00000000      1.14708179
    29     60      0      0.00000000      1.13941019
    29     61      0      0.00000000      1.19991861
    29     62      0      0.00000000      1.14461769
    29     63      0      0.00000000      1.12697539
    29     64      0      0.00000000      1.10094000
    29     65      0      0.00000000      1.09362791
    29     66      0      0.00000000      1.06361924
    29     67      0      0.00000000      1.09160199
    29     68      0      0.00000000      1.03439207
    29     69      0      0.00000000      1.00432842
    29     70      0      0.00000000      1.00343671
    29     71      0      0.00000000      1.03312218
    29     72      0      0.00000000      1.01725042
    29     73      0      0.00000000      1.04804380
    29     74      0      0.00000000      1.04403607
    29     75      0      0.00000000      1.02167256
    29     76      0      0.00000000      1.01830191
    29     77      0      0.00000000      1.05127923
    29     78      0      0.00000000      1.00807480
    29     79      0      0.00000000      1.05164547
    29     80      0      0.00000000      1.07566588
    29     81      0      0.00000000      1.15674340
    29     82      0      0.00000000      1.12047730
    29     83      0      0.00000000      1.20660621
    29     84      0      0.00000000      1.06865371
    29     85      0      0.00000000      1.09324215
    29     86      0      0.00000000      1.02562619
    29     87      0      0.00000000      1.01657920
    29     88      0      0.00000000      0.97175322
    29     89      0      0.00000000      1.00485668
    29     90      0      0.00000000      0.98988668
    29     91      0      0.00000000      1.17247366
    29     92      0      0.00000000      1.27860656
    29     93      0      0.00000000      0.97716074
    29     94      0      0.00000000      1.13619477
    29     95      0      0.00000000      1.03192441
    29     96      0      0.00000000      0.97026383
    29     97      0      0.00000000      1.10297095
    29     98      0      0.00000000      1.04175947
    29     99      0      0.00000000      1.09659061
    29    100      0      0.00000000      1.14907354
    29    101      0      0.00000000      1.20384573
    29    102      0      0.00000000      1.04811058
    29    103      0      0.00000000      1.09119907
    29    104      0      0.00000000      1.03905243
    29    105      0      0.00000000      1.03204749
    29    106      0      0.00000000      1.02302778
    29    107      0      0.00000000      1.05506360
    29    108      0      0.00000000      1.05553633
    29    109      0      0.00000000      1.22820265
    29    110      0      0.00000000      1.09672261
    29    111      0      0.00000000      1.03161152
    29    112      0      0.00000000      0.96460939
    29    113      0      0.00000000      0.95403619
    29    114      0      0.00000000      0.94027559
    29    115      0      0.00000000      0.91410041
    29    116      0      0.00000000      0.95637143
    29    117      0      0.00000000      1.09225507
    29    118      0      0.00000000      1.10079263
    29    119      0      0.00000000      0.94700705
    29    120      0      0.00000000      0.84501565
    29    121      0      0.00000000      1.03673649
    29    122      0      0.00000000      0.84449364
    29    123      0      0.00000000      1.04162047
    29    124      0      0.00000000      1.09387233
    29    125      0      0.00000000      1.00000000
    29    126      0      0.00000000      1.00000000
    29    127      0      0.00000000      1.00000000
    29    128      0      0.00000000      1.00000000
    29    129      0      0.00000000      1.00000000
    30      0      0      0.00000000      1.21476935
    30      1      0      0.00000000      1.26017710
    30      2      0      0.00000000      1.25277518
    30      3      0      0.00000000      1.24235735
    30      4      0      0.00000000      1.14397865
    30      5      0      0.00000000      1.29585948
    30      6      0      0.00000000      1.27041626
    30      7      0      0.00000000      1.16249082
    30      8      0      0.00000000      1.25324115
    30      9      0      0.00000000      1.20555528
    30     10      0      0.00000000      1.30385987
    30     11      0      0.00000000      1.24389921
    30     12      0      0.00000000      1.14856009
    30     13      0      0.00000000      1.23427655
    30     14      0      0.00000000      1.13822399
    30     15      0      0.00000000      1.36527171
    30     16      0      0.00000000      1.32828675
    30     17      0      0.00000000      1.33029144
    30     18      0      0.00000000      1.16430625
    30     19      0      0.00000000      1.29609969
    30     20      0      0.00000000      1.22360370
    30     21      0      0.00000000      1.27173205
    30     22      0      0.00000000      1.15238883
    30     23      0      0.00000000      1.12872491
    30     24      0      0.00000000      1.13847344
    30     25      0      0.00000000      1.13125772
    30     26      0      0.00000000      1.22957446
    30     27      0      0.00000000      1.15519845
    30     28      0      0.00000000      1.14695993
    30     29      0      0.00000000      1.29667881
    30     30      0      0.00000000      1.21524941
    30     31      0      0.00000000      1.23844086
    30     32      0      0.00000000      1.31316811
    30     33      0      0.00000000      1.27575431
    30     34      0      0.00000000      1.34151695
    30     35      0      0.00000000      1.19415863
    30     36      0      0.00000000      1.20762806
    30     37      0      0.00000000      1.22199497
    30     38      0      0.00000000      1.11563457
    30     39      0      0.00000000      1.18440397
    30     40      0      0.00000000      1.22919681
    30     41      0      0.00000000      0.98207911
    30     42      0      0.00000000      1.03112755
    30     43      0      0.00000000      0.99623020
    30     44      0      0.00000000      1.00155622
    30     45      0      0.00000000      1.36089743
    30     46      0      0.00000000      1.21450495
    30     47      0      0.00000000      1.04804151
    30     48      0      0.00000000      1.13807899
    30     49      0      0.00000000      1.07360863
    30     50      0      0.00000000      1.11305887
    30     51      0      0.00000000      1.09175361
    30     52      0      0.00000000      1.11319485
    30     53      0      0.00000000      1.18693368
    30     54      0      0.00000000      1.19692459
    30     55      0      0.00000000      1.22967079
    30     56      0      0.00000000      1.12777297
    30     57      0      0.00000000      1.09353951
    30     58      0      0.00000000      1.04280374
    30     59      0      0.00000000      1.02062958
    30     60      0      0.00000000      1.02183633
    30     61      0      0.00000000      1.09941482
    30     62      0      0.00000000      1.07053112
    30     63      0      0.00000000      1.07759015
    30     64      0      0.00000000      1.11437882
    30     65      0      0.00000000      1.12907420
    30     66      0      0.00000000      1.14166846
    30     67      0      0.00000000      1.16069020
    30     68      0      0.00000000      1.09642960
    30     69      0      0.00000000      1.08018005
    30     70      0      0.00000000      1.09054428
    30     71      0      0.00000000      1.07700155
    30     72      0      0.00000000      1.02160571
    30     73      0      0.00000000      1.03529630
    30     74      0      0.00000000      1.07451238
    30     75      0      0.00000000      1.15151353
    30     76      0      0.00000000      1.10451069
    30     77      0      0.00000000      1.13948448
    30     78      0      0.00000000      1.03625881
    30     79      0      0.00000000      1.07334733
    30     80      0      0.00000000      1.05793782
    30     81      0      0.00000000      1.04484463
    30     82      0      0.00000000      1.05474315
    30     83      0      0.00000000      1.13759733
    30     84      0      0.00000000      1.16244357
    30     85      0      0.00000000      1.01374565
    30     86      0      0.00000000      0.98572206
    30     87      0      0.00000000      0.98827362
    30     88      0      0.00000000      1.10305102
    30     89      0      0.00000000      1.09618175
    30     90      0      0.00000000      1.05038526
    30     91      0      0.00000000      1.01967865
    30     92      0      0.00000000      0.99078841
    30     93      0      0.00000000      1.08393962
    30     94      0      0.00000000      1.09642497
    30     95      0      0.00000000      0.92023700
    30     96      0      0.00000000      0.90726613
    30     97      0      0.00000000      0.90680063
    30     98      0      0.00000000      0.89848273
    30     99      0      0.00000000      0.90939303
    30    100      0      0.00000000      0.86126570
    30    101      0      0.00000000      0.98803229
    30    102      0      0.00000000      1.08448737
    30    103      0      0.00000000      0.96659394
    30    104      0      0.00000000      0.89687200
    30    105      0      0.00000000      0.88444263
    30    106      0      0.00000000      0.95118483
    30    107      0      0.00000000      1.02197767
    31      0      0      0.00000000      1.22462223
    31      1      0      0.00000000      1.24325391
    31      2      0      0.00000000      1.28649506
    31      3      0      0.00000000      1.23659778
    31      4      0      0.00000000      1.29192400
    31      5      0      0.00000000      1.16583541
    31      6      0      0.00000000      1.24119867
    31      7      0      0.00000000      1.16229533
    31      8      0      0.00000000      1.12898132
    31      9      0      0.00000000      1.15827424
    31     10      0      0.00000000      1.11910919
    31     11      0      0.00000000      1.17241983
    31     12      0      0.00000000      1.25723797
    31     13      0      0.00000000      1.23976191
    31     14      0      0.00000000      1.22798801
    31     15      0      0.00000000      1.24631384
    31     16      0      0.00000000      1.24569355
    31     17      0      0.00000000      1.19935740
    31     18      0      0.00000000      1.24296098
    31     19      0      0.00000000      1.16145754
    31     20      0      0.00000000      1.17534771
    31     21      0      0.00000000      1.20911248
    31     22      0      0.00000000      1.20348588
    31     23      0      0.00000000      1.09973946
    31     24      0      0.00000000      1.19089538
    31     25      0      0.00000000      1.16812156
    31     26      0      0.00000000      1.26064546
    31     27      0      0.00000000      1.28232308
    31     28      0      0.00000000      1.27723021
    31     29      0      0.00000000      1.24334743
    31     30      0      0.00000000      1.14692523
    31     31      0      0.00000000      1.16273332
    31     32      0      0.00000000      1.19347675
    31     33      0      0.00000000      1.12161097
    31     34      0      0.00000000      1.18302520
    31     35      0      0.00000000      1.15919119
    31     36      0      0.00000000      1.17863784
    31     37      0      0.00000000      0.99231053
    31     38      0      0.00000000      0.90536945
    31     39      0      0.00000000      1.02378769
    31     40      0      0.00000000      1.03020622
    31     41      0      0.00000000      1.23225966
    31     42      0      0.00000000      1.19527326
    31     43      0      0.00000000      1.15403502
    31     44      0      0.00000000      1.18774023
    31     45      0      0.00000000      1.16050423
    31     46      0      0.00000000      1.15752995
    31     47      0      0.00000000      1.19290059
    31     48      0      0.00000000      1.17647723
    31     49      0      0.00000000      1.21605909
    31     50      0      0.00000000      1.27353783
    31     51      0      0.00000000      1.20435160
    31     52      0      0.00000000      1.19165434
    31     53      0      0.00000000      1.11845372
    31     54      0      0.00000000      1.11687969
    31     55      0      0.00000000      1.11119122
    31     56      0      0.00000000      1.10529536
    31     57      0      0.00000000      1.08351278
    31     58      0      0.00000000      1.05189584
    31     59      0      0.00000000      1.06358577
    31     60      0      0.00000000      1.10851090
    31     61      0      0.00000000      1.11330622
    31     62      0      0.00000000      0.90937672
    31     63      0      0.00000000      0.90168495
    31     64      0      0.00000000      1.03437473
    31     65      0      0.00000000      1.01065771
    31     66      0      0.00000000      1.03516390
    31     67      0      0.00000000      1.01007018
    31     68      0      0.00000000      1.04374583
    31     69      0      0.00000000      1.06487949
    31     70      0      0.00000000      1.13572867
    31     71      0      0.00000000      1.12190072
    31     72      0      0.00000000      1.08957266
    31     73      0      0.00000000      0.99196996
    31     74      0      0.00000000      0.97100186
    31     75      0      0.00000000      0.96803666
    31     76      0      0.00000000      0.94803905
    31     77      0      0.00000000      0.92174829
    31     78      0      0.00000000      0.97691555
    31     79      0      0.00000000      1.10452039
    31     80      0      0.00000000      0.97837580
    31     81      0      0.00000000      0.96969941
    31     82      0      0.00000000      0.89076817
    31     83      0      0.00000000      0.91626638
    31     84      0      0.00000000      0.94726362
    31     85      0      0.00000000      0.86527525
    31     86      0      0.00000000      0.89154252
    31     87      0      0.00000000      0.87427428
    31     88      0      0.00000000      0.99034849
    31     89      0      0.00000000      0.99468028
########################################
# TPC TDC : ct = (t-p0)*p1             #
########################################
0	0	1	84.00000000	80.00000000
0	1	1	84.00000000	80.00000000
0	2	1	84.00000000	80.00000000
0	3	1	84.00000000	80.00000000
0	4	1	84.00000000	80.00000000
0	5	1	84.00000000	80.00000000
0	6	1	84.00000000	80.00000000
0	7	1	84.00000000	80.00000000
0	8	1	84.00000000	80.00000000
0	9	1	84.00000000	80.00000000
0	10	1	84.00000000	80.00000000
0	11	1	84.00000000	80.00000000
0	12	1	84.00000000	80.00000000
0	13	1	84.00000000	80.00000000
0	14	1	84.00000000	80.00000000
0	15	1	84.00000000	80.00000000
0	16	1	84.00000000	80.00000000
0	17	1	84.00000000	80.00000000
0	18	1	84.00000000	80.00000000
0	19	1	84.00000000	80.00000000
0	20	1	84.00000000	80.00000000
0	21	1	84.00000000	80.00000000
0	22	1	84.00000000	80.00000000
0	23	1	84.00000000	80.00000000
0	24	1	84.00000000	80.00000000
0	25	1	84.00000000	80.00000000
0	26	1	84.00000000	80.00000000
0	27	1	84.00000000	80.00000000
0	28	1	84.00000000	80.00000000
0	29	1	84.00000000	80.00000000
0	30	1	84.00000000	80.00000000
0	31	1	84.00000000	80.00000000
0	32	1	84.00000000	80.00000000
0	33	1	84.00000000	80.00000000
0	34	1	84.00000000	80.00000000
0	35	1	84.00000000	80.00000000
0	36	1	84.00000000	80.00000000
0	37	1	84.00000000	80.00000000
0	38	1	84.00000000	80.00000000
0	39	1	84.00000000	80.00000000
0	40	1	84.00000000	80.00000000
0	41	1	84.00000000	80.00000000
0	42	1	84.00000000	80.00000000
0	43	1	84.00000000	80.00000000
0	44	1	84.00000000	80.00000000
0	45	1	84.00000000	80.00000000
0	46	1	84.00000000	80.00000000
0	47	1	84.00000000	80.00000000
1	0	1	84.00000000	80.00000000
1	1	1	84.00000000	80.00000000
1	2	1	84.00000000	80.00000000
1	3	1	84.00000000	80.00000000
1	4	1	84.00000000	80.00000000
1	5	1	84.00000000	80.00000000
1	6	1	84.00000000	80.00000000
1	7	1	84.00000000	80.00000000
1	8	1	84.00000000	80.00000000
1	9	1	84.00000000	80.00000000
1	10	1	84.00000000	80.00000000
1	11	1	84.00000000	80.00000000
1	12	1	84.00000000	80.00000000
1	13	1	84.00000000	80.00000000
1	14	1	84.00000000	80.00000000
1	15	1	84.00000000	80.00000000
1	16	1	84.00000000	80.00000000
1	17	1	84.00000000	80.00000000
1	18	1	84.00000000	80.00000000
1	19	1	84.00000000	80.00000000
1	20	1	84.00000000	80.00000000
1	21	1	84.00000000	80.00000000
1	22	1	84.00000000	80.00000000
1	23	1	84.00000000	80.00000000
1	24	1	84.00000000	80.00000000
1	25	1	84.00000000	80.00000000
1	26	1	84.00000000	80.00000000
1	27	1	84.00000000	80.00000000
1	28	1	84.00000000	80.00000000
1	29	1	84.00000000	80.00000000
1	30	1	84.00000000	80.00000000
1	31	1	84.00000000	80.00000000
1	32	1	84.00000000	80.00000000
1	33	1	84.00000000	80.00000000
1	34	1	84.00000000	80.00000000
1	35	1	84.00000000	80.00000000
1	36	1	84.00000000	80.00000000
1	37	1	84.00000000	80.00000000
1	38	1	84.00000000	80.00000000
1	39	1	84.00000000	80.00000000
1	40	1	84.00000000	80.00000000
1	41	1	84.00000000	80.00000000
1	42	1	84.00000000	80.00000000
1	43	1	84.00000000	80.00000000
1	44	1	84.00000000	80.00000000
1	45	1	84.00000000	80.00000000
1	46	1	84.00000000	80.00000000
1	47	1	84.00000000	80.00000000
2	0	1	84.00000000	80.00000000
2	1	1	84.00000000	80.00000000
2	2	1	84.00000000	80.00000000
2	3	1	84.00000000	80.00000000
2	4	1	84.00000000	80.00000000
2	5	1	84.00000000	80.00000000
2	6	1	84.00000000	80.00000000
2	7	1	84.00000000	80.00000000
2	8	1	84.00000000	80.00000000
2	9	1	84.00000000	80.00000000
2	10	1	84.00000000	80.00000000
2	11	1	84.00000000	80.00000000
2	12	1	84.00000000	80.00000000
2	13	1	84.00000000	80.00000000
2	14	1	84.00000000	80.00000000
2	15	1	84.00000000	80.00000000
2	16	1	84.00000000	80.00000000
2	17	1	84.00000000	80.00000000
2	18	1	84.00000000	80.00000000
2	19	1	84.00000000	80.00000000
2	20	1	84.00000000	80.00000000
2	21	1	84.00000000	80.00000000
2	22	1	84.00000000	80.00000000
2	23	1	84.00000000	80.00000000
2	24	1	84.00000000	80.00000000
2	25	1	84.00000000	80.00000000
2	26	1	84.00000000	80.00000000
2	27	1	84.00000000	80.00000000
2	28	1	84.00000000	80.00000000
2	29	1	84.00000000	80.00000000
2	30	1	84.00000000	80.00000000
2	31	1	84.00000000	80.00000000
2	32	1	84.00000000	80.00000000
2	33	1	84.00000000	80.00000000
2	34	1	84.00000000	80.00000000
2	35	1	84.00000000	80.00000000
2	36	1	84.00000000	80.00000000
2	37	1	84.00000000	80.00000000
2	38	1	84.00000000	80.00000000
2	39	1	84.00000000	80.00000000
2	40	1	84.00000000	80.00000000
2	41	1	84.00000000	80.00000000
2	42	1	84.00000000	80.00000000
2	43	1	84.00000000	80.00000000
2	44	1	84.00000000	80.00000000
2	45	1	84.00000000	80.00000000
2	46	1	84.00000000	80.00000000
2	47	1	84.00000000	80.00000000
2	48	1	84.00000000	80.00000000
2	49	1	84.00000000	80.00000000
2	50	1	84.00000000	80.00000000
2	51	1	84.00000000	80.00000000
2	52	1	84.00000000	80.00000000
2	53	1	84.00000000	80.00000000
2	54	1	84.00000000	80.00000000
2	55	1	84.00000000	80.00000000
2	56	1	84.00000000	80.00000000
2	57	1	84.00000000	80.00000000
2	58	1	84.00000000	80.00000000
2	59	1	84.00000000	80.00000000
2	60	1	84.00000000	80.00000000
2	61	1	84.00000000	80.00000000
2	62	1	84.00000000	80.00000000
2	63	1	84.00000000	80.00000000
2	64	1	84.00000000	80.00000000
2	65	1	84.00000000	80.00000000
2	66	1	84.00000000	80.00000000
2	67	1	84.00000000	80.00000000
2	68	1	84.00000000	80.00000000
2	69	1	84.00000000	80.00000000
2	70	1	84.00000000	80.00000000
2	71	1	84.00000000	80.00000000
3	0	1	84.00000000	80.00000000
3	1	1	84.00000000	80.00000000
3	2	1	84.00000000	80.00000000
3	3	1	84.00000000	80.00000000
3	4	1	84.00000000	80.00000000
3	5	1	84.00000000	80.00000000
3	6	1	84.00000000	80.00000000
3	7	1	84.00000000	80.00000000
3	8	1	84.00000000	80.00000000
3	9	1	84.00000000	80.00000000
3	10	1	84.00000000	80.00000000
3	11	1	84.00000000	80.00000000
3	12	1	84.00000000	80.00000000
3	13	1	84.00000000	80.00000000
3	14	1	84.00000000	80.00000000
3	15	1	84.00000000	80.00000000
3	16	1	84.00000000	80.00000000
3	17	1	84.00000000	80.00000000
3	18	1	84.00000000	80.00000000
3	19	1	84.00000000	80.00000000
3	20	1	84.00000000	80.00000000
3	21	1	84.00000000	80.00000000
3	22	1	84.00000000	80.00000000
3	23	1	84.00000000	80.00000000
3	24	1	84.00000000	80.00000000
3	25	1	84.00000000	80.00000000
3	26	1	84.00000000	80.00000000
3	27	1	84.00000000	80.00000000
3	28	1	84.00000000	80.00000000
3	29	1	84.00000000	80.00000000
3	30	1	84.00000000	80.00000000
3	31	1	84.00000000	80.00000000
3	32	1	84.00000000	80.00000000
3	33	1	84.00000000	80.00000000
3	34	1	84.00000000	80.00000000
3	35	1	84.00000000	80.00000000
3	36	1	84.00000000	80.00000000
3	37	1	84.00000000	80.00000000
3	38	1	84.00000000	80.00000000
3	39	1	84.00000000	80.00000000
3	40	1	84.00000000	80.00000000
3	41	1	84.00000000	80.00000000
3	42	1	84.00000000	80.00000000
3	43	1	84.00000000	80.00000000
3	44	1	84.00000000	80.00000000
3	45	1	84.00000000	80.00000000
3	46	1	84.00000000	80.00000000
3	47	1	84.00000000	80.00000000
3	48	1	84.00000000	80.00000000
3	49	1	84.00000000	80.00000000
3	50	1	84.00000000	80.00000000
3	51	1	84.00000000	80.00000000
3	52	1	84.00000000	80.00000000
3	53	1	84.00000000	80.00000000
3	54	1	84.00000000	80.00000000
3	55	1	84.00000000	80.00000000
3	56	1	84.00000000	80.00000000
3	57	1	84.00000000	80.00000000
3	58	1	84.00000000	80.00000000
3	59	1	84.00000000	80.00000000
3	60	1	84.00000000	80.00000000
3	61	1	84.00000000	80.00000000
3	62	1	84.00000000	80.00000000
3	63	1	84.00000000	80.00000000
3	64	1	84.00000000	80.00000000
3	65	1	84.00000000	80.00000000
3	66	1	84.00000000	80.00000000
3	67	1	84.00000000	80.00000000
3	68	1	84.00000000	80.00000000
3	69	1	84.00000000	80.00000000
3	70	1	84.00000000	80.00000000
3	71	1	84.00000000	80.00000000
3	72	1	84.00000000	80.00000000
3	73	1	84.00000000	80.00000000
3	74	1	84.00000000	80.00000000
3	75	1	84.00000000	80.00000000
3	76	1	84.00000000	80.00000000
3	77	1	84.00000000	80.00000000
3	78	1	84.00000000	80.00000000
3	79	1	84.00000000	80.00000000
3	80	1	84.00000000	80.00000000
3	81	1	84.00000000	80.00000000
3	82	1	84.00000000	80.00000000
3	83	1	84.00000000	80.00000000
3	84	1	84.00000000	80.00000000
3	85	1	84.00000000	80.00000000
3	86	1	84.00000000	80.00000000
3	87	1	84.00000000	80.00000000
3	88	1	84.00000000	80.00000000
3	89	1	84.00000000	80.00000000
3	90	1	84.00000000	80.00000000
3	91	1	84.00000000	80.00000000
3	92	1	84.00000000	80.00000000
3	93	1	84.00000000	80.00000000
3	94	1	84.00000000	80.00000000
3	95	1	84.00000000	80.00000000
4	0	1	84.00000000	80.00000000
4	1	1	84.00000000	80.00000000
4	2	1	84.00000000	80.00000000
4	3	1	84.00000000	80.00000000
4	4	1	84.00000000	80.00000000
4	5	1	84.00000000	80.00000000
4	6	1	84.00000000	80.00000000
4	7	1	84.00000000	80.00000000
4	8	1	84.00000000	80.00000000
4	9	1	84.00000000	80.00000000
4	10	1	84.00000000	80.00000000
4	11	1	84.00000000	80.00000000
4	12	1	84.00000000	80.00000000
4	13	1	84.00000000	80.00000000
4	14	1	84.00000000	80.00000000
4	15	1	84.00000000	80.00000000
4	16	1	84.00000000	80.00000000
4	17	1	84.00000000	80.00000000
4	18	1	84.00000000	80.00000000
4	19	1	84.00000000	80.00000000
4	20	1	84.00000000	80.00000000
4	21	1	84.00000000	80.00000000
4	22	1	84.00000000	80.00000000
4	23	1	84.00000000	80.00000000
4	24	1	84.00000000	80.00000000
4	25	1	84.00000000	80.00000000
4	26	1	84.00000000	80.00000000
4	27	1	84.00000000	80.00000000
4	28	1	84.00000000	80.00000000
4	29	1	84.00000000	80.00000000
4	30	1	84.00000000	80.00000000
4	31	1	84.00000000	80.00000000
4	32	1	84.00000000	80.00000000
4	33	1	84.00000000	80.00000000
4	34	1	84.00000000	80.00000000
4	35	1	84.00000000	80.00000000
4	36	1	84.00000000	80.00000000
4	37	1	84.00000000	80.00000000
4	38	1	84.00000000	80.00000000
4	39	1	84.00000000	80.00000000
4	40	1	84.00000000	80.00000000
4	41	1	84.00000000	80.00000000
4	42	1	84.00000000	80.00000000
4	43	1	84.00000000	80.00000000
4	44	1	84.00000000	80.00000000
4	45	1	84.00000000	80.00000000
4	46	1	84.00000000	80.00000000
4	47	1	84.00000000	80.00000000
4	48	1	84.00000000	80.00000000
4	49	1	84.00000000	80.00000000
4	50	1	84.00000000	80.00000000
4	51	1	84.00000000	80.00000000
4	52	1	84.00000000	80.00000000
4	53	1	84.00000000	80.00000000
4	54	1	84.00000000	80.00000000
4	55	1	84.00000000	80.00000000
4	56	1	84.00000000	80.00000000
4	57	1	84.00000000	80.00000000
4	58	1	84.00000000	80.00000000
4	59	1	84.00000000	80.00000000
4	60	1	84.00000000	80.00000000
4	61	1	84.00000000	80.00000000
4	62	1	84.00000000	80.00000000
4	63	1	84.00000000	80.00000000
4	64	1	84.00000000	80.00000000
4	65	1	84.00000000	80.00000000
4	66	1	84.00000000	80.00000000
4	67	1	84.00000000	80.00000000
4	68	1	84.00000000	80.00000000
4	69	1	84.00000000	80.00000000
4	70	1	84.00000000	80.00000000
4	71	1	84.00000000	80.00000000
4	72	1	84.00000000	80.00000000
4	73	1	84.00000000	80.00000000
4	74	1	84.00000000	80.00000000
4	75	1	84.00000000	80.00000000
4	76	1	84.00000000	80.00000000
4	77	1	84.00000000	80.00000000
4	78	1	84.00000000	80.00000000
4	79	1	84.00000000	80.00000000
4	80	1	84.00000000	80.00000000
4	81	1	84.00000000	80.00000000
4	82	1	84.00000000	80.00000000
4	83	1	84.00000000	80.00000000
4	84	1	84.00000000	80.00000000
4	85	1	84.00000000	80.00000000
4	86	1	84.00000000	80.00000000
4	87	1	84.00000000	80.00000000
4	88	1	84.00000000	80.00000000
4	89	1	84.00000000	80.00000000
4	90	1	84.00000000	80.00000000
4	91	1	84.00000000	80.00000000
4	92	1	84.00000000	80.00000000
4	93	1	84.00000000	80.00000000
4	94	1	84.00000000	80.00000000
4	95	1	84.00000000	80.00000000
4	96	1	84.00000000	80.00000000
4	97	1	84.00000000	80.00000000
4	98	1	84.00000000	80.00000000
4	99	1	84.00000000	80.00000000
4	100	1	84.00000000	80.00000000
4	101	1	84.00000000	80.00000000
4	102	1	84.00000000	80.00000000
4	103	1	84.00000000	80.00000000
4	104	1	84.00000000	80.00000000
4	105	1	84.00000000	80.00000000
4	106	1	84.00000000	80.00000000
4	107	1	84.00000000	80.00000000
4	108	1	84.00000000	80.00000000
4	109	1	84.00000000	80.00000000
4	110	1	84.00000000	80.00000000
4	111	1	84.00000000	80.00000000
4	112	1	84.00000000	80.00000000
4	113	1	84.00000000	80.00000000
4	114	1	84.00000000	80.00000000
4	115	1	84.00000000	80.00000000
4	116	1	84.00000000	80.00000000
4	117	1	84.00000000	80.00000000
4	118	1	84.00000000	80.00000000
4	119	1	84.00000000	80.00000000
5	0	1	84.00000000	80.00000000
5	1	1	84.00000000	80.00000000
5	2	1	84.00000000	80.00000000
5	3	1	84.00000000	80.00000000
5	4	1	84.00000000	80.00000000
5	5	1	84.00000000	80.00000000
5	6	1	84.00000000	80.00000000
5	7	1	84.00000000	80.00000000
5	8	1	84.00000000	80.00000000
5	9	1	84.00000000	80.00000000
5	10	1	84.00000000	80.00000000
5	11	1	84.00000000	80.00000000
5	12	1	84.00000000	80.00000000
5	13	1	84.00000000	80.00000000
5	14	1	84.00000000	80.00000000
5	15	1	84.00000000	80.00000000
5	16	1	84.00000000	80.00000000
5	17	1	84.00000000	80.00000000
5	18	1	84.00000000	80.00000000
5	19	1	84.00000000	80.00000000
5	20	1	84.00000000	80.00000000
5	21	1	84.00000000	80.00000000
5	22	1	84.00000000	80.00000000
5	23	1	84.00000000	80.00000000
5	24	1	84.00000000	80.00000000
5	25	1	84.00000000	80.00000000
5	26	1	84.00000000	80.00000000
5	27	1	84.00000000	80.00000000
5	28	1	84.00000000	80.00000000
5	29	1	84.00000000	80.00000000
5	30	1	84.00000000	80.00000000
5	31	1	84.00000000	80.00000000
5	32	1	84.00000000	80.00000000
5	33	1	84.00000000	80.00000000
5	34	1	84.00000000	80.00000000
5	35	1	84.00000000	80.00000000
5	36	1	84.00000000	80.00000000
5	37	1	84.00000000	80.00000000
5	38	1	84.00000000	80.00000000
5	39	1	84.00000000	80.00000000
5	40	1	84.00000000	80.00000000
5	41	1	84.00000000	80.00000000
5	42	1	84.00000000	80.00000000
5	43	1	84.00000000	80.00000000
5	44	1	84.00000000	80.00000000
5	45	1	84.00000000	80.00000000
5	46	1	84.00000000	80.00000000
5	47	1	84.00000000	80.00000000
5	48	1	84.00000000	80.00000000
5	49	1	84.00000000	80.00000000
5	50	1	84.00000000	80.00000000
5	51	1	84.00000000	80.00000000
5	52	1	84.00000000	80.00000000
5	53	1	84.00000000	80.00000000
5	54	1	84.00000000	80.00000000
5	55	1	84.00000000	80.00000000
5	56	1	84.00000000	80.00000000
5	57	1	84.00000000	80.00000000
5	58	1	84.00000000	80.00000000
5	59	1	84.00000000	80.00000000
5	60	1	84.00000000	80.00000000
5	61	1	84.00000000	80.00000000
5	62	1	84.00000000	80.00000000
5	63	1	84.00000000	80.00000000
5	64	1	84.00000000	80.00000000
5	65	1	84.00000000	80.00000000
5	66	1	84.00000000	80.00000000
5	67	1	84.00000000	80.00000000
5	68	1	84.00000000	80.00000000
5	69	1	84.00000000	80.00000000
5	70	1	84.00000000	80.00000000
5	71	1	84.00000000	80.00000000
5	72	1	84.00000000	80.00000000
5	73	1	84.00000000	80.00000000
5	74	1	84.00000000	80.00000000
5	75	1	84.00000000	80.00000000
5	76	1	84.00000000	80.00000000
5	77	1	84.00000000	80.00000000
5	78	1	84.00000000	80.00000000
5	79	1	84.00000000	80.00000000
5	80	1	84.00000000	80.00000000
5	81	1	84.00000000	80.00000000
5	82	1	84.00000000	80.00000000
5	83	1	84.00000000	80.00000000
5	84	1	84.00000000	80.00000000
5	85	1	84.00000000	80.00000000
5	86	1	84.00000000	80.00000000
5	87	1	84.00000000	80.00000000
5	88	1	84.00000000	80.00000000
5	89	1	84.00000000	80.00000000
5	90	1	84.00000000	80.00000000
5	91	1	84.00000000	80.00000000
5	92	1	84.00000000	80.00000000
5	93	1	84.00000000	80.00000000
5	94	1	84.00000000	80.00000000
5	95	1	84.00000000	80.00000000
5	96	1	84.00000000	80.00000000
5	97	1	84.00000000	80.00000000
5	98	1	84.00000000	80.00000000
5	99	1	84.00000000	80.00000000
5	100	1	84.00000000	80.00000000
5	101	1	84.00000000	80.00000000
5	102	1	84.00000000	80.00000000
5	103	1	84.00000000	80.00000000
5	104	1	84.00000000	80.00000000
5	105	1	84.00000000	80.00000000
5	106	1	84.00000000	80.00000000
5	107	1	84.00000000	80.00000000
5	108	1	84.00000000	80.00000000
5	109	1	84.00000000	80.00000000
5	110	1	84.00000000	80.00000000
5	111	1	84.00000000	80.00000000
5	112	1	84.00000000	80.00000000
5	113	1	84.00000000	80.00000000
5	114	1	84.00000000	80.00000000
5	115	1	84.00000000	80.00000000
5	116	1	84.00000000	80.00000000
5	117	1	84.00000000	80.00000000
5	118	1	84.00000000	80.00000000
5	119	1	84.00000000	80.00000000
5	120	1	84.00000000	80.00000000
5	121	1	84.00000000	80.00000000
5	122	1	84.00000000	80.00000000
5	123	1	84.00000000	80.00000000
5	124	1	84.00000000	80.00000000
5	125	1	84.00000000	80.00000000
5	126	1	84.00000000	80.00000000
5	127	1	84.00000000	80.00000000
5	128	1	84.00000000	80.00000000
5	129	1	84.00000000	80.00000000
5	130	1	84.00000000	80.00000000
5	131	1	84.00000000	80.00000000
5	132	1	84.00000000	80.00000000
5	133	1	84.00000000	80.00000000
5	134	1	84.00000000	80.00000000
5	135	1	84.00000000	80.00000000
5	136	1	84.00000000	80.00000000
5	137	1	84.00000000	80.00000000
5	138	1	84.00000000	80.00000000
5	139	1	84.00000000	80.00000000
5	140	1	84.00000000	80.00000000
5	141	1	84.00000000	80.00000000
5	142	1	84.00000000	80.00000000
5	143	1	84.00000000	80.00000000
6	0	1	84.00000000	80.00000000
6	1	1	84.00000000	80.00000000
6	2	1	84.00000000	80.00000000
6	3	1	84.00000000	80.00000000
6	4	1	84.00000000	80.00000000
6	5	1	84.00000000	80.00000000
6	6	1	84.00000000	80.00000000
6	7	1	84.00000000	80.00000000
6	8	1	84.00000000	80.00000000
6	9	1	84.00000000	80.00000000
6	10	1	84.00000000	80.00000000
6	11	1	84.00000000	80.00000000
6	12	1	84.00000000	80.00000000
6	13	1	84.00000000	80.00000000
6	14	1	84.00000000	80.00000000
6	15	1	84.00000000	80.00000000
6	16	1	84.00000000	80.00000000
6	17	1	84.00000000	80.00000000
6	18	1	84.00000000	80.00000000
6	19	1	84.00000000	80.00000000
6	20	1	84.00000000	80.00000000
6	21	1	84.00000000	80.00000000
6	22	1	84.00000000	80.00000000
6	23	1	84.00000000	80.00000000
6	24	1	84.00000000	80.00000000
6	25	1	84.00000000	80.00000000
6	26	1	84.00000000	80.00000000
6	27	1	84.00000000	80.00000000
6	28	1	84.00000000	80.00000000
6	29	1	84.00000000	80.00000000
6	30	1	84.00000000	80.00000000
6	31	1	84.00000000	80.00000000
6	32	1	84.00000000	80.00000000
6	33	1	84.00000000	80.00000000
6	34	1	84.00000000	80.00000000
6	35	1	84.00000000	80.00000000
6	36	1	84.00000000	80.00000000
6	37	1	84.00000000	80.00000000
6	38	1	84.00000000	80.00000000
6	39	1	84.00000000	80.00000000
6	40	1	84.00000000	80.00000000
6	41	1	84.00000000	80.00000000
6	42	1	84.00000000	80.00000000
6	43	1	84.00000000	80.00000000
6	44	1	84.00000000	80.00000000
6	45	1	84.00000000	80.00000000
6	46	1	84.00000000	80.00000000
6	47	1	84.00000000	80.00000000
6	48	1	84.00000000	80.00000000
6	49	1	84.00000000	80.00000000
6	50	1	84.00000000	80.00000000
6	51	1	84.00000000	80.00000000
6	52	1	84.00000000	80.00000000
6	53	1	84.00000000	80.00000000
6	54	1	84.00000000	80.00000000
6	55	1	84.00000000	80.00000000
6	56	1	84.00000000	80.00000000
6	57	1	84.00000000	80.00000000
6	58	1	84.00000000	80.00000000
6	59	1	84.00000000	80.00000000
6	60	1	84.00000000	80.00000000
6	61	1	84.00000000	80.00000000
6	62	1	84.00000000	80.00000000
6	63	1	84.00000000	80.00000000
6	64	1	84.00000000	80.00000000
6	65	1	84.00000000	80.00000000
6	66	1	84.00000000	80.00000000
6	67	1	84.00000000	80.00000000
6	68	1	84.00000000	80.00000000
6	69	1	84.00000000	80.00000000
6	70	1	84.00000000	80.00000000
6	71	1	84.00000000	80.00000000
6	72	1	84.00000000	80.00000000
6	73	1	84.00000000	80.00000000
6	74	1	84.00000000	80.00000000
6	75	1	84.00000000	80.00000000
6	76	1	84.00000000	80.00000000
6	77	1	84.00000000	80.00000000
6	78	1	84.00000000	80.00000000
6	79	1	84.00000000	80.00000000
6	80	1	84.00000000	80.00000000
6	81	1	84.00000000	80.00000000
6	82	1	84.00000000	80.00000000
6	83	1	84.00000000	80.00000000
6	84	1	84.00000000	80.00000000
6	85	1	84.00000000	80.00000000
6	86	1	84.00000000	80.00000000
6	87	1	84.00000000	80.00000000
6	88	1	84.00000000	80.00000000
6	89	1	84.00000000	80.00000000
6	90	1	84.00000000	80.00000000
6	91	1	84.00000000	80.00000000
6	92	1	84.00000000	80.00000000
6	93	1	84.00000000	80.00000000
6	94	1	84.00000000	80.00000000
6	95	1	84.00000000	80.00000000
6	96	1	84.00000000	80.00000000
6	97	1	84.00000000	80.00000000
6	98	1	84.00000000	80.00000000
6	99	1	84.00000000	80.00000000
6	100	1	84.00000000	80.00000000
6	101	1	84.00000000	80.00000000
6	102	1	84.00000000	80.00000000
6	103	1	84.00000000	80.00000000
6	104	1	84.00000000	80.00000000
6	105	1	84.00000000	80.00000000
6	106	1	84.00000000	80.00000000
6	107	1	84.00000000	80.00000000
6	108	1	84.00000000	80.00000000
6	109	1	84.00000000	80.00000000
6	110	1	84.00000000	80.00000000
6	111	1	84.00000000	80.00000000
6	112	1	84.00000000	80.00000000
6	113	1	84.00000000	80.00000000
6	114	1	84.00000000	80.00000000
6	115	1	84.00000000	80.00000000
6	116	1	84.00000000	80.00000000
6	117	1	84.00000000	80.00000000
6	118	1	84.00000000	80.00000000
6	119	1	84.00000000	80.00000000
6	120	1	84.00000000	80.00000000
6	121	1	84.00000000	80.00000000
6	122	1	84.00000000	80.00000000
6	123	1	84.00000000	80.00000000
6	124	1	84.00000000	80.00000000
6	125	1	84.00000000	80.00000000
6	126	1	84.00000000	80.00000000
6	127	1	84.00000000	80.00000000
6	128	1	84.00000000	80.00000000
6	129	1	84.00000000	80.00000000
6	130	1	84.00000000	80.00000000
6	131	1	84.00000000	80.00000000
6	132	1	84.00000000	80.00000000
6	133	1	84.00000000	80.00000000
6	134	1	84.00000000	80.00000000
6	135	1	84.00000000	80.00000000
6	136	1	84.00000000	80.00000000
6	137	1	84.00000000	80.00000000
6	138	1	84.00000000	80.00000000
6	139	1	84.00000000	80.00000000
6	140	1	84.00000000	80.00000000
6	141	1	84.00000000	80.00000000
6	142	1	84.00000000	80.00000000
6	143	1	84.00000000	80.00000000
6	144	1	84.00000000	80.00000000
6	145	1	84.00000000	80.00000000
6	146	1	84.00000000	80.00000000
6	147	1	84.00000000	80.00000000
6	148	1	84.00000000	80.00000000
6	149	1	84.00000000	80.00000000
6	150	1	84.00000000	80.00000000
6	151	1	84.00000000	80.00000000
6	152	1	84.00000000	80.00000000
6	153	1	84.00000000	80.00000000
6	154	1	84.00000000	80.00000000
6	155	1	84.00000000	80.00000000
6	156	1	84.00000000	80.00000000
6	157	1	84.00000000	80.00000000
6	158	1	84.00000000	80.00000000
6	159	1	84.00000000	80.00000000
6	160	1	84.00000000	80.00000000
6	161	1	84.00000000	80.00000000
6	162	1	84.00000000	80.00000000
6	163	1	84.00000000	80.00000000
6	164	1	84.00000000	80.00000000
6	165	1	84.00000000	80.00000000
6	166	1	84.00000000	80.00000000
6	167	1	84.00000000	80.00000000
7	0	1	84.00000000	80.00000000
7	1	1	84.00000000	80.00000000
7	2	1	84.00000000	80.00000000
7	3	1	84.00000000	80.00000000
7	4	1	84.00000000	80.00000000
7	5	1	84.00000000	80.00000000
7	6	1	84.00000000	80.00000000
7	7	1	84.00000000	80.00000000
7	8	1	84.00000000	80.00000000
7	9	1	84.00000000	80.00000000
7	10	1	84.00000000	80.00000000
7	11	1	84.00000000	80.00000000
7	12	1	84.00000000	80.00000000
7	13	1	84.00000000	80.00000000
7	14	1	84.00000000	80.00000000
7	15	1	84.00000000	80.00000000
7	16	1	84.00000000	80.00000000
7	17	1	84.00000000	80.00000000
7	18	1	84.00000000	80.00000000
7	19	1	84.00000000	80.00000000
7	20	1	84.00000000	80.00000000
7	21	1	84.00000000	80.00000000
7	22	1	84.00000000	80.00000000
7	23	1	84.00000000	80.00000000
7	24	1	84.00000000	80.00000000
7	25	1	84.00000000	80.00000000
7	26	1	84.00000000	80.00000000
7	27	1	84.00000000	80.00000000
7	28	1	84.00000000	80.00000000
7	29	1	84.00000000	80.00000000
7	30	1	84.00000000	80.00000000
7	31	1	84.00000000	80.00000000
7	32	1	84.00000000	80.00000000
7	33	1	84.00000000	80.00000000
7	34	1	84.00000000	80.00000000
7	35	1	84.00000000	80.00000000
7	36	1	84.00000000	80.00000000
7	37	1	84.00000000	80.00000000
7	38	1	84.00000000	80.00000000
7	39	1	84.00000000	80.00000000
7	40	1	84.00000000	80.00000000
7	41	1	84.00000000	80.00000000
7	42	1	84.00000000	80.00000000
7	43	1	84.00000000	80.00000000
7	44	1	84.00000000	80.00000000
7	45	1	84.00000000	80.00000000
7	46	1	84.00000000	80.00000000
7	47	1	84.00000000	80.00000000
7	48	1	84.00000000	80.00000000
7	49	1	84.00000000	80.00000000
7	50	1	84.00000000	80.00000000
7	51	1	84.00000000	80.00000000
7	52	1	84.00000000	80.00000000
7	53	1	84.00000000	80.00000000
7	54	1	84.00000000	80.00000000
7	55	1	84.00000000	80.00000000
7	56	1	84.00000000	80.00000000
7	57	1	84.00000000	80.00000000
7	58	1	84.00000000	80.00000000
7	59	1	84.00000000	80.00000000
7	60	1	84.00000000	80.00000000
7	61	1	84.00000000	80.00000000
7	62	1	84.00000000	80.00000000
7	63	1	84.00000000	80.00000000
7	64	1	84.00000000	80.00000000
7	65	1	84.00000000	80.00000000
7	66	1	84.00000000	80.00000000
7	67	1	84.00000000	80.00000000
7	68	1	84.00000000	80.00000000
7	69	1	84.00000000	80.00000000
7	70	1	84.00000000	80.00000000
7	71	1	84.00000000	80.00000000
7	72	1	84.00000000	80.00000000
7	73	1	84.00000000	80.00000000
7	74	1	84.00000000	80.00000000
7	75	1	84.00000000	80.00000000
7	76	1	84.00000000	80.00000000
7	77	1	84.00000000	80.00000000
7	78	1	84.00000000	80.00000000
7	79	1	84.00000000	80.00000000
7	80	1	84.00000000	80.00000000
7	81	1	84.00000000	80.00000000
7	82	1	84.00000000	80.00000000
7	83	1	84.00000000	80.00000000
7	84	1	84.00000000	80.00000000
7	85	1	84.00000000	80.00000000
7	86	1	84.00000000	80.00000000
7	87	1	84.00000000	80.00000000
7	88	1	84.00000000	80.00000000
7	89	1	84.00000000	80.00000000
7	90	1	84.00000000	80.00000000
7	91	1	84.00000000	80.00000000
7	92	1	84.00000000	80.00000000
7	93	1	84.00000000	80.00000000
7	94	1	84.00000000	80.00000000
7	95	1	84.00000000	80.00000000
7	96	1	84.00000000	80.00000000
7	97	1	84.00000000	80.00000000
7	98	1	84.00000000	80.00000000
7	99	1	84.00000000	80.00000000
7	100	1	84.00000000	80.00000000
7	101	1	84.00000000	80.00000000
7	102	1	84.00000000	80.00000000
7	103	1	84.00000000	80.00000000
7	104	1	84.00000000	80.00000000
7	105	1	84.00000000	80.00000000
7	106	1	84.00000000	80.00000000
7	107	1	84.00000000	80.00000000
7	108	1	84.00000000	80.00000000
7	109	1	84.00000000	80.00000000
7	110	1	84.00000000	80.00000000
7	111	1	84.00000000	80.00000000
7	112	1	84.00000000	80.00000000
7	113	1	84.00000000	80.00000000
7	114	1	84.00000000	80.00000000
7	115	1	84.00000000	80.00000000
7	116	1	84.00000000	80.00000000
7	117	1	84.00000000	80.00000000
7	118	1	84.00000000	80.00000000
7	119	1	84.00000000	80.00000000
7	120	1	84.00000000	80.00000000
7	121	1	84.00000000	80.00000000
7	122	1	84.00000000	80.00000000
7	123	1	84.00000000	80.00000000
7	124	1	84.00000000	80.00000000
7	125	1	84.00000000	80.00000000
7	126	1	84.00000000	80.00000000
7	127	1	84.00000000	80.00000000
7	128	1	84.00000000	80.00000000
7	129	1	84.00000000	80.00000000
7	130	1	84.00000000	80.00000000
7	131	1	84.00000000	80.00000000
7	132	1	84.00000000	80.00000000
7	133	1	84.00000000	80.00000000
7	134	1	84.00000000	80.00000000
7	135	1	84.00000000	80.00000000
7	136	1	84.00000000	80.00000000
7	137	1	84.00000000	80.00000000
7	138	1	84.00000000	80.00000000
7	139	1	84.00000000	80.00000000
7	140	1	84.00000000	80.00000000
7	141	1	84.00000000	80.00000000
7	142	1	84.00000000	80.00000000
7	143	1	84.00000000	80.00000000
7	144	1	84.00000000	80.00000000
7	145	1	84.00000000	80.00000000
7	146	1	84.00000000	80.00000000
7	147	1	84.00000000	80.00000000
7	148	1	84.00000000	80.00000000
7	149	1	84.00000000	80.00000000
7	150	1	84.00000000	80.00000000
7	151	1	84.00000000	80.00000000
7	152	1	84.00000000	80.00000000
7	153	1	84.00000000	80.00000000
7	154	1	84.00000000	80.00000000
7	155	1	84.00000000	80.00000000
7	156	1	84.00000000	80.00000000
7	157	1	84.00000000	80.00000000
7	158	1	84.00000000	80.00000000
7	159	1	84.00000000	80.00000000
7	160	1	84.00000000	80.00000000
7	161	1	84.00000000	80.00000000
7	162	1	84.00000000	80.00000000
7	163	1	84.00000000	80.00000000
7	164	1	84.00000000	80.00000000
7	165	1	84.00000000	80.00000000
7	166	1	84.00000000	80.00000000
7	167	1	84.00000000	80.00000000
7	168	1	84.00000000	80.00000000
7	169	1	84.00000000	80.00000000
7	170	1	84.00000000	80.00000000
7	171	1	84.00000000	80.00000000
7	172	1	84.00000000	80.00000000
7	173	1	84.00000000	80.00000000
7	174	1	84.00000000	80.00000000
7	175	1	84.00000000	80.00000000
7	176	1	84.00000000	80.00000000
7	177	1	84.00000000	80.00000000
7	178	1	84.00000000	80.00000000
7	179	1	84.00000000	80.00000000
7	180	1	84.00000000	80.00000000
7	181	1	84.00000000	80.00000000
7	182	1	84.00000000	80.00000000
7	183	1	84.00000000	80.00000000
7	184	1	84.00000000	80.00000000
7	185	1	84.00000000	80.00000000
7	186	1	84.00000000	80.00000000
7	187	1	84.00000000	80.00000000
7	188	1	84.00000000	80.00000000
7	189	1	84.00000000	80.00000000
7	190	1	84.00000000	80.00000000
7	191	1	84.00000000	80.00000000
8	0	1	84.00000000	80.00000000
8	1	1	84.00000000	80.00000000
8	2	1	84.00000000	80.00000000
8	3	1	84.00000000	80.00000000
8	4	1	84.00000000	80.00000000
8	5	1	84.00000000	80.00000000
8	6	1	84.00000000	80.00000000
8	7	1	84.00000000	80.00000000
8	8	1	84.00000000	80.00000000
8	9	1	84.00000000	80.00000000
8	10	1	84.00000000	80.00000000
8	11	1	84.00000000	80.00000000
8	12	1	84.00000000	80.00000000
8	13	1	84.00000000	80.00000000
8	14	1	84.00000000	80.00000000
8	15	1	84.00000000	80.00000000
8	16	1	84.00000000	80.00000000
8	17	1	84.00000000	80.00000000
8	18	1	84.00000000	80.00000000
8	19	1	84.00000000	80.00000000
8	20	1	84.00000000	80.00000000
8	21	1	84.00000000	80.00000000
8	22	1	84.00000000	80.00000000
8	23	1	84.00000000	80.00000000
8	24	1	84.00000000	80.00000000
8	25	1	84.00000000	80.00000000
8	26	1	84.00000000	80.00000000
8	27	1	84.00000000	80.00000000
8	28	1	84.00000000	80.00000000
8	29	1	84.00000000	80.00000000
8	30	1	84.00000000	80.00000000
8	31	1	84.00000000	80.00000000
8	32	1	84.00000000	80.00000000
8	33	1	84.00000000	80.00000000
8	34	1	84.00000000	80.00000000
8	35	1	84.00000000	80.00000000
8	36	1	84.00000000	80.00000000
8	37	1	84.00000000	80.00000000
8	38	1	84.00000000	80.00000000
8	39	1	84.00000000	80.00000000
8	40	1	84.00000000	80.00000000
8	41	1	84.00000000	80.00000000
8	42	1	84.00000000	80.00000000
8	43	1	84.00000000	80.00000000
8	44	1	84.00000000	80.00000000
8	45	1	84.00000000	80.00000000
8	46	1	84.00000000	80.00000000
8	47	1	84.00000000	80.00000000
8	48	1	84.00000000	80.00000000
8	49	1	84.00000000	80.00000000
8	50	1	84.00000000	80.00000000
8	51	1	84.00000000	80.00000000
8	52	1	84.00000000	80.00000000
8	53	1	84.00000000	80.00000000
8	54	1	84.00000000	80.00000000
8	55	1	84.00000000	80.00000000
8	56	1	84.00000000	80.00000000
8	57	1	84.00000000	80.00000000
8	58	1	84.00000000	80.00000000
8	59	1	84.00000000	80.00000000
8	60	1	84.00000000	80.00000000
8	61	1	84.00000000	80.00000000
8	62	1	84.00000000	80.00000000
8	63	1	84.00000000	80.00000000
8	64	1	84.00000000	80.00000000
8	65	1	84.00000000	80.00000000
8	66	1	84.00000000	80.00000000
8	67	1	84.00000000	80.00000000
8	68	1	84.00000000	80.00000000
8	69	1	84.00000000	80.00000000
8	70	1	84.00000000	80.00000000
8	71	1	84.00000000	80.00000000
8	72	1	84.00000000	80.00000000
8	73	1	84.00000000	80.00000000
8	74	1	84.00000000	80.00000000
8	75	1	84.00000000	80.00000000
8	76	1	84.00000000	80.00000000
8	77	1	84.00000000	80.00000000
8	78	1	84.00000000	80.00000000
8	79	1	84.00000000	80.00000000
8	80	1	84.00000000	80.00000000
8	81	1	84.00000000	80.00000000
8	82	1	84.00000000	80.00000000
8	83	1	84.00000000	80.00000000
8	84	1	84.00000000	80.00000000
8	85	1	84.00000000	80.00000000
8	86	1	84.00000000	80.00000000
8	87	1	84.00000000	80.00000000
8	88	1	84.00000000	80.00000000
8	89	1	84.00000000	80.00000000
8	90	1	84.00000000	80.00000000
8	91	1	84.00000000	80.00000000
8	92	1	84.00000000	80.00000000
8	93	1	84.00000000	80.00000000
8	94	1	84.00000000	80.00000000
8	95	1	84.00000000	80.00000000
8	96	1	84.00000000	80.00000000
8	97	1	84.00000000	80.00000000
8	98	1	84.00000000	80.00000000
8	99	1	84.00000000	80.00000000
8	100	1	84.00000000	80.00000000
8	101	1	84.00000000	80.00000000
8	102	1	84.00000000	80.00000000
8	103	1	84.00000000	80.00000000
8	104	1	84.00000000	80.00000000
8	105	1	84.00000000	80.00000000
8	106	1	84.00000000	80.00000000
8	107	1	84.00000000	80.00000000
8	108	1	84.00000000	80.00000000
8	109	1	84.00000000	80.00000000
8	110	1	84.00000000	80.00000000
8	111	1	84.00000000	80.00000000
8	112	1	84.00000000	80.00000000
8	113	1	84.00000000	80.00000000
8	114	1	84.00000000	80.00000000
8	115	1	84.00000000	80.00000000
8	116	1	84.00000000	80.00000000
8	117	1	84.00000000	80.00000000
8	118	1	84.00000000	80.00000000
8	119	1	84.00000000	80.00000000
8	120	1	84.00000000	80.00000000
8	121	1	84.00000000	80.00000000
8	122	1	84.00000000	80.00000000
8	123	1	84.00000000	80.00000000
8	124	1	84.00000000	80.00000000
8	125	1	84.00000000	80.00000000
8	126	1	84.00000000	80.00000000
8	127	1	84.00000000	80.00000000
8	128	1	84.00000000	80.00000000
8	129	1	84.00000000	80.00000000
8	130	1	84.00000000	80.00000000
8	131	1	84.00000000	80.00000000
8	132	1	84.00000000	80.00000000
8	133	1	84.00000000	80.00000000
8	134	1	84.00000000	80.00000000
8	135	1	84.00000000	80.00000000
8	136	1	84.00000000	80.00000000
8	137	1	84.00000000	80.00000000
8	138	1	84.00000000	80.00000000
8	139	1	84.00000000	80.00000000
8	140	1	84.00000000	80.00000000
8	141	1	84.00000000	80.00000000
8	142	1	84.00000000	80.00000000
8	143	1	84.00000000	80.00000000
8	144	1	84.00000000	80.00000000
8	145	1	84.00000000	80.00000000
8	146	1	84.00000000	80.00000000
8	147	1	84.00000000	80.00000000
8	148	1	84.00000000	80.00000000
8	149	1	84.00000000	80.00000000
8	150	1	84.00000000	80.00000000
8	151	1	84.00000000	80.00000000
8	152	1	84.00000000	80.00000000
8	153	1	84.00000000	80.00000000
8	154	1	84.00000000	80.00000000
8	155	1	84.00000000	80.00000000
8	156	1	84.00000000	80.00000000
8	157	1	84.00000000	80.00000000
8	158	1	84.00000000	80.00000000
8	159	1	84.00000000	80.00000000
8	160	1	84.00000000	80.00000000
8	161	1	84.00000000	80.00000000
8	162	1	84.00000000	80.00000000
8	163	1	84.00000000	80.00000000
8	164	1	84.00000000	80.00000000
8	165	1	84.00000000	80.00000000
8	166	1	84.00000000	80.00000000
8	167	1	84.00000000	80.00000000
8	168	1	84.00000000	80.00000000
8	169	1	84.00000000	80.00000000
8	170	1	84.00000000	80.00000000
8	171	1	84.00000000	80.00000000
8	172	1	84.00000000	80.00000000
8	173	1	84.00000000	80.00000000
8	174	1	84.00000000	80.00000000
8	175	1	84.00000000	80.00000000
8	176	1	84.00000000	80.00000000
8	177	1	84.00000000	80.00000000
8	178	1	84.00000000	80.00000000
8	179	1	84.00000000	80.00000000
8	180	1	84.00000000	80.00000000
8	181	1	84.00000000	80.00000000
8	182	1	84.00000000	80.00000000
8	183	1	84.00000000	80.00000000
8	184	1	84.00000000	80.00000000
8	185	1	84.00000000	80.00000000
8	186	1	84.00000000	80.00000000
8	187	1	84.00000000	80.00000000
8	188	1	84.00000000	80.00000000
8	189	1	84.00000000	80.00000000
8	190	1	84.00000000	80.00000000
8	191	1	84.00000000	80.00000000
8	192	1	84.00000000	80.00000000
8	193	1	84.00000000	80.00000000
8	194	1	84.00000000	80.00000000
8	195	1	84.00000000	80.00000000
8	196	1	84.00000000	80.00000000
8	197	1	84.00000000	80.00000000
8	198	1	84.00000000	80.00000000
8	199	1	84.00000000	80.00000000
8	200	1	84.00000000	80.00000000
8	201	1	84.00000000	80.00000000
8	202	1	84.00000000	80.00000000
8	203	1	84.00000000	80.00000000
8	204	1	84.00000000	80.00000000
8	205	1	84.00000000	80.00000000
8	206	1	84.00000000	80.00000000
8	207	1	84.00000000	80.00000000
8	208	1	84.00000000	80.00000000
8	209	1	84.00000000	80.00000000
8	210	1	84.00000000	80.00000000
8	211	1	84.00000000	80.00000000
8	212	1	84.00000000	80.00000000
8	213	1	84.00000000	80.00000000
8	214	1	84.00000000	80.00000000
8	215	1	84.00000000	80.00000000
9	0	1	84.00000000	80.00000000
9	1	1	84.00000000	80.00000000
9	2	1	84.00000000	80.00000000
9	3	1	84.00000000	80.00000000
9	4	1	84.00000000	80.00000000
9	5	1	84.00000000	80.00000000
9	6	1	84.00000000	80.00000000
9	7	1	84.00000000	80.00000000
9	8	1	84.00000000	80.00000000
9	9	1	84.00000000	80.00000000
9	10	1	84.00000000	80.00000000
9	11	1	84.00000000	80.00000000
9	12	1	84.00000000	80.00000000
9	13	1	84.00000000	80.00000000
9	14	1	84.00000000	80.00000000
9	15	1	84.00000000	80.00000000
9	16	1	84.00000000	80.00000000
9	17	1	84.00000000	80.00000000
9	18	1	84.00000000	80.00000000
9	19	1	84.00000000	80.00000000
9	20	1	84.00000000	80.00000000
9	21	1	84.00000000	80.00000000
9	22	1	84.00000000	80.00000000
9	23	1	84.00000000	80.00000000
9	24	1	84.00000000	80.00000000
9	25	1	84.00000000	80.00000000
9	26	1	84.00000000	80.00000000
9	27	1	84.00000000	80.00000000
9	28	1	84.00000000	80.00000000
9	29	1	84.00000000	80.00000000
9	30	1	84.00000000	80.00000000
9	31	1	84.00000000	80.00000000
9	32	1	84.00000000	80.00000000
9	33	1	84.00000000	80.00000000
9	34	1	84.00000000	80.00000000
9	35	1	84.00000000	80.00000000
9	36	1	84.00000000	80.00000000
9	37	1	84.00000000	80.00000000
9	38	1	84.00000000	80.00000000
9	39	1	84.00000000	80.00000000
9	40	1	84.00000000	80.00000000
9	41	1	84.00000000	80.00000000
9	42	1	84.00000000	80.00000000
9	43	1	84.00000000	80.00000000
9	44	1	84.00000000	80.00000000
9	45	1	84.00000000	80.00000000
9	46	1	84.00000000	80.00000000
9	47	1	84.00000000	80.00000000
9	48	1	84.00000000	80.00000000
9	49	1	84.00000000	80.00000000
9	50	1	84.00000000	80.00000000
9	51	1	84.00000000	80.00000000
9	52	1	84.00000000	80.00000000
9	53	1	84.00000000	80.00000000
9	54	1	84.00000000	80.00000000
9	55	1	84.00000000	80.00000000
9	56	1	84.00000000	80.00000000
9	57	1	84.00000000	80.00000000
9	58	1	84.00000000	80.00000000
9	59	1	84.00000000	80.00000000
9	60	1	84.00000000	80.00000000
9	61	1	84.00000000	80.00000000
9	62	1	84.00000000	80.00000000
9	63	1	84.00000000	80.00000000
9	64	1	84.00000000	80.00000000
9	65	1	84.00000000	80.00000000
9	66	1	84.00000000	80.00000000
9	67	1	84.00000000	80.00000000
9	68	1	84.00000000	80.00000000
9	69	1	84.00000000	80.00000000
9	70	1	84.00000000	80.00000000
9	71	1	84.00000000	80.00000000
9	72	1	84.00000000	80.00000000
9	73	1	84.00000000	80.00000000
9	74	1	84.00000000	80.00000000
9	75	1	84.00000000	80.00000000
9	76	1	84.00000000	80.00000000
9	77	1	84.00000000	80.00000000
9	78	1	84.00000000	80.00000000
9	79	1	84.00000000	80.00000000
9	80	1	84.00000000	80.00000000
9	81	1	84.00000000	80.00000000
9	82	1	84.00000000	80.00000000
9	83	1	84.00000000	80.00000000
9	84	1	84.00000000	80.00000000
9	85	1	84.00000000	80.00000000
9	86	1	84.00000000	80.00000000
9	87	1	84.00000000	80.00000000
9	88	1	84.00000000	80.00000000
9	89	1	84.00000000	80.00000000
9	90	1	84.00000000	80.00000000
9	91	1	84.00000000	80.00000000
9	92	1	84.00000000	80.00000000
9	93	1	84.00000000	80.00000000
9	94	1	84.00000000	80.00000000
9	95	1	84.00000000	80.00000000
9	96	1	84.00000000	80.00000000
9	97	1	84.00000000	80.00000000
9	98	1	84.00000000	80.00000000
9	99	1	84.00000000	80.00000000
9	100	1	84.00000000	80.00000000
9	101	1	84.00000000	80.00000000
9	102	1	84.00000000	80.00000000
9	103	1	84.00000000	80.00000000
9	104	1	84.00000000	80.00000000
9	105	1	84.00000000	80.00000000
9	106	1	84.00000000	80.00000000
9	107	1	84.00000000	80.00000000
9	108	1	84.00000000	80.00000000
9	109	1	84.00000000	80.00000000
9	110	1	84.00000000	80.00000000
9	111	1	84.00000000	80.00000000
9	112	1	84.00000000	80.00000000
9	113	1	84.00000000	80.00000000
9	114	1	84.00000000	80.00000000
9	115	1	84.00000000	80.00000000
9	116	1	84.00000000	80.00000000
9	117	1	84.00000000	80.00000000
9	118	1	84.00000000	80.00000000
9	119	1	84.00000000	80.00000000
9	120	1	84.00000000	80.00000000
9	121	1	84.00000000	80.00000000
9	122	1	84.00000000	80.00000000
9	123	1	84.00000000	80.00000000
9	124	1	84.00000000	80.00000000
9	125	1	84.00000000	80.00000000
9	126	1	84.00000000	80.00000000
9	127	1	84.00000000	80.00000000
9	128	1	84.00000000	80.00000000
9	129	1	84.00000000	80.00000000
9	130	1	84.00000000	80.00000000
9	131	1	84.00000000	80.00000000
9	132	1	84.00000000	80.00000000
9	133	1	84.00000000	80.00000000
9	134	1	84.00000000	80.00000000
9	135	1	84.00000000	80.00000000
9	136	1	84.00000000	80.00000000
9	137	1	84.00000000	80.00000000
9	138	1	84.00000000	80.00000000
9	139	1	84.00000000	80.00000000
9	140	1	84.00000000	80.00000000
9	141	1	84.00000000	80.00000000
9	142	1	84.00000000	80.00000000
9	143	1	84.00000000	80.00000000
9	144	1	84.00000000	80.00000000
9	145	1	84.00000000	80.00000000
9	146	1	84.00000000	80.00000000
9	147	1	84.00000000	80.00000000
9	148	1	84.00000000	80.00000000
9	149	1	84.00000000	80.00000000
9	150	1	84.00000000	80.00000000
9	151	1	84.00000000	80.00000000
9	152	1	84.00000000	80.00000000
9	153	1	84.00000000	80.00000000
9	154	1	84.00000000	80.00000000
9	155	1	84.00000000	80.00000000
9	156	1	84.00000000	80.00000000
9	157	1	84.00000000	80.00000000
9	158	1	84.00000000	80.00000000
9	159	1	84.00000000	80.00000000
9	160	1	84.00000000	80.00000000
9	161	1	84.00000000	80.00000000
9	162	1	84.00000000	80.00000000
9	163	1	84.00000000	80.00000000
9	164	1	84.00000000	80.00000000
9	165	1	84.00000000	80.00000000
9	166	1	84.00000000	80.00000000
9	167	1	84.00000000	80.00000000
9	168	1	84.00000000	80.00000000
9	169	1	84.00000000	80.00000000
9	170	1	84.00000000	80.00000000
9	171	1	84.00000000	80.00000000
9	172	1	84.00000000	80.00000000
9	173	1	84.00000000	80.00000000
9	174	1	84.00000000	80.00000000
9	175	1	84.00000000	80.00000000
9	176	1	84.00000000	80.00000000
9	177	1	84.00000000	80.00000000
9	178	1	84.00000000	80.00000000
9	179	1	84.00000000	80.00000000
9	180	1	84.00000000	80.00000000
9	181	1	84.00000000	80.00000000
9	182	1	84.00000000	80.00000000
9	183	1	84.00000000	80.00000000
9	184	1	84.00000000	80.00000000
9	185	1	84.00000000	80.00000000
9	186	1	84.00000000	80.00000000
9	187	1	84.00000000	80.00000000
9	188	1	84.00000000	80.00000000
9	189	1	84.00000000	80.00000000
9	190	1	84.00000000	80.00000000
9	191	1	84.00000000	80.00000000
9	192	1	84.00000000	80.00000000
9	193	1	84.00000000	80.00000000
9	194	1	84.00000000	80.00000000
9	195	1	84.00000000	80.00000000
9	196	1	84.00000000	80.00000000
9	197	1	84.00000000	80.00000000
9	198	1	84.00000000	80.00000000
9	199	1	84.00000000	80.00000000
9	200	1	84.00000000	80.00000000
9	201	1	84.00000000	80.00000000
9	202	1	84.00000000	80.00000000
9	203	1	84.00000000	80.00000000
9	204	1	84.00000000	80.00000000
9	205	1	84.00000000	80.00000000
9	206	1	84.00000000	80.00000000
9	207	1	84.00000000	80.00000000
9	208	1	84.00000000	80.00000000
9	209	1	84.00000000	80.00000000
9	210	1	84.00000000	80.00000000
9	211	1	84.00000000	80.00000000
9	212	1	84.00000000	80.00000000
9	213	1	84.00000000	80.00000000
9	214	1	84.00000000	80.00000000
9	215	1	84.00000000	80.00000000
9	216	1	84.00000000	80.00000000
9	217	1	84.00000000	80.00000000
9	218	1	84.00000000	80.00000000
9	219	1	84.00000000	80.00000000
9	220	1	84.00000000	80.00000000
9	221	1	84.00000000	80.00000000
9	222	1	84.00000000	80.00000000
9	223	1	84.00000000	80.00000000
9	224	1	84.00000000	80.00000000
9	225	1	84.00000000	80.00000000
9	226	1	84.00000000	80.00000000
9	227	1	84.00000000	80.00000000
9	228	1	84.00000000	80.00000000
9	229	1	84.00000000	80.00000000
9	230	1	84.00000000	80.00000000
9	231	1	84.00000000	80.00000000
9	232	1	84.00000000	80.00000000
9	233	1	84.00000000	80.00000000
9	234	1	84.00000000	80.00000000
9	235	1	84.00000000	80.00000000
9	236	1	84.00000000	80.00000000
9	237	1	84.00000000	80.00000000
9	238	1	84.00000000	80.00000000
9	239	1	84.00000000	80.00000000
10	0	1	84.00000000	80.00000000
10	1	1	84.00000000	80.00000000
10	2	1	84.00000000	80.00000000
10	3	1	84.00000000	80.00000000
10	4	1	84.00000000	80.00000000
10	5	1	84.00000000	80.00000000
10	6	1	84.00000000	80.00000000
10	7	1	84.00000000	80.00000000
10	8	1	84.00000000	80.00000000
10	9	1	84.00000000	80.00000000
10	10	1	84.00000000	80.00000000
10	11	1	84.00000000	80.00000000
10	12	1	84.00000000	80.00000000
10	13	1	84.00000000	80.00000000
10	14	1	84.00000000	80.00000000
10	15	1	84.00000000	80.00000000
10	16	1	84.00000000	80.00000000
10	17	1	84.00000000	80.00000000
10	18	1	84.00000000	80.00000000
10	19	1	84.00000000	80.00000000
10	20	1	84.00000000	80.00000000
10	21	1	84.00000000	80.00000000
10	22	1	84.00000000	80.00000000
10	23	1	84.00000000	80.00000000
10	24	1	84.00000000	80.00000000
10	25	1	84.00000000	80.00000000
10	26	1	84.00000000	80.00000000
10	27	1	84.00000000	80.00000000
10	28	1	84.00000000	80.00000000
10	29	1	84.00000000	80.00000000
10	30	1	84.00000000	80.00000000
10	31	1	84.00000000	80.00000000
10	32	1	84.00000000	80.00000000
10	33	1	84.00000000	80.00000000
10	34	1	84.00000000	80.00000000
10	35	1	84.00000000	80.00000000
10	36	1	84.00000000	80.00000000
10	37	1	84.00000000	80.00000000
10	38	1	84.00000000	80.00000000
10	39	1	84.00000000	80.00000000
10	40	1	84.00000000	80.00000000
10	41	1	84.00000000	80.00000000
10	42	1	84.00000000	80.00000000
10	43	1	84.00000000	80.00000000
10	44	1	84.00000000	80.00000000
10	45	1	84.00000000	80.00000000
10	46	1	84.00000000	80.00000000
10	47	1	84.00000000	80.00000000
10	48	1	84.00000000	80.00000000
10	49	1	84.00000000	80.00000000
10	50	1	84.00000000	80.00000000
10	51	1	84.00000000	80.00000000
10	52	1	84.00000000	80.00000000
10	53	1	84.00000000	80.00000000
10	54	1	84.00000000	80.00000000
10	55	1	84.00000000	80.00000000
10	56	1	84.00000000	80.00000000
10	57	1	84.00000000	80.00000000
10	58	1	84.00000000	80.00000000
10	59	1	84.00000000	80.00000000
10	60	1	84.00000000	80.00000000
10	61	1	84.00000000	80.00000000
10	62	1	84.00000000	80.00000000
10	63	1	84.00000000	80.00000000
10	64	1	84.00000000	80.00000000
10	65	1	84.00000000	80.00000000
10	66	1	84.00000000	80.00000000
10	67	1	84.00000000	80.00000000
10	68	1	84.00000000	80.00000000
10	69	1	84.00000000	80.00000000
10	70	1	84.00000000	80.00000000
10	71	1	84.00000000	80.00000000
10	72	1	84.00000000	80.00000000
10	73	1	84.00000000	80.00000000
10	74	1	84.00000000	80.00000000
10	75	1	84.00000000	80.00000000
10	76	1	84.00000000	80.00000000
10	77	1	84.00000000	80.00000000
10	78	1	84.00000000	80.00000000
10	79	1	84.00000000	80.00000000
10	80	1	84.00000000	80.00000000
10	81	1	84.00000000	80.00000000
10	82	1	84.00000000	80.00000000
10	83	1	84.00000000	80.00000000
10	84	1	84.00000000	80.00000000
10	85	1	84.00000000	80.00000000
10	86	1	84.00000000	80.00000000
10	87	1	84.00000000	80.00000000
10	88	1	84.00000000	80.00000000
10	89	1	84.00000000	80.00000000
10	90	1	84.00000000	80.00000000
10	91	1	84.00000000	80.00000000
10	92	1	84.00000000	80.00000000
10	93	1	84.00000000	80.00000000
10	94	1	84.00000000	80.00000000
10	95	1	84.00000000	80.00000000
10	96	1	84.00000000	80.00000000
10	97	1	84.00000000	80.00000000
10	98	1	84.00000000	80.00000000
10	99	1	84.00000000	80.00000000
10	100	1	84.00000000	80.00000000
10	101	1	84.00000000	80.00000000
10	102	1	84.00000000	80.00000000
10	103	1	84.00000000	80.00000000
10	104	1	84.00000000	80.00000000
10	105	1	84.00000000	80.00000000
10	106	1	84.00000000	80.00000000
10	107	1	84.00000000	80.00000000
10	108	1	84.00000000	80.00000000
10	109	1	84.00000000	80.00000000
10	110	1	84.00000000	80.00000000
10	111	1	84.00000000	80.00000000
10	112	1	84.00000000	80.00000000
10	113	1	84.00000000	80.00000000
10	114	1	84.00000000	80.00000000
10	115	1	84.00000000	80.00000000
10	116	1	84.00000000	80.00000000
10	117	1	84.00000000	80.00000000
10	118	1	84.00000000	80.00000000
10	119	1	84.00000000	80.00000000
10	120	1	84.00000000	80.00000000
10	121	1	84.00000000	80.00000000
10	122	1	84.00000000	80.00000000
10	123	1	84.00000000	80.00000000
10	124	1	84.00000000	80.00000000
10	125	1	84.00000000	80.00000000
10	126	1	84.00000000	80.00000000
10	127	1	84.00000000	80.00000000
10	128	1	84.00000000	80.00000000
10	129	1	84.00000000	80.00000000
10	130	1	84.00000000	80.00000000
10	131	1	84.00000000	80.00000000
10	132	1	84.00000000	80.00000000
10	133	1	84.00000000	80.00000000
10	134	1	84.00000000	80.00000000
10	135	1	84.00000000	80.00000000
10	136	1	84.00000000	80.00000000
10	137	1	84.00000000	80.00000000
10	138	1	84.00000000	80.00000000
10	139	1	84.00000000	80.00000000
10	140	1	84.00000000	80.00000000
10	141	1	84.00000000	80.00000000
10	142	1	84.00000000	80.00000000
10	143	1	84.00000000	80.00000000
10	144	1	84.00000000	80.00000000
10	145	1	84.00000000	80.00000000
10	146	1	84.00000000	80.00000000
10	147	1	84.00000000	80.00000000
10	148	1	84.00000000	80.00000000
10	149	1	84.00000000	80.00000000
10	150	1	84.00000000	80.00000000
10	151	1	84.00000000	80.00000000
10	152	1	84.00000000	80.00000000
10	153	1	84.00000000	80.00000000
10	154	1	84.00000000	80.00000000
10	155	1	84.00000000	80.00000000
10	156	1	84.00000000	80.00000000
10	157	1	84.00000000	80.00000000
10	158	1	84.00000000	80.00000000
10	159	1	84.00000000	80.00000000
10	160	1	84.00000000	80.00000000
10	161	1	84.00000000	80.00000000
10	162	1	84.00000000	80.00000000
10	163	1	84.00000000	80.00000000
10	164	1	84.00000000	80.00000000
10	165	1	84.00000000	80.00000000
10	166	1	84.00000000	80.00000000
10	167	1	84.00000000	80.00000000
10	168	1	84.00000000	80.00000000
10	169	1	84.00000000	80.00000000
10	170	1	84.00000000	80.00000000
10	171	1	84.00000000	80.00000000
10	172	1	84.00000000	80.00000000
10	173	1	84.00000000	80.00000000
10	174	1	84.00000000	80.00000000
10	175	1	84.00000000	80.00000000
10	176	1	84.00000000	80.00000000
10	177	1	84.00000000	80.00000000
10	178	1	84.00000000	80.00000000
10	179	1	84.00000000	80.00000000
10	180	1	84.00000000	80.00000000
10	181	1	84.00000000	80.00000000
10	182	1	84.00000000	80.00000000
10	183	1	84.00000000	80.00000000
10	184	1	84.00000000	80.00000000
10	185	1	84.00000000	80.00000000
10	186	1	84.00000000	80.00000000
10	187	1	84.00000000	80.00000000
10	188	1	84.00000000	80.00000000
10	189	1	84.00000000	80.00000000
10	190	1	84.00000000	80.00000000
10	191	1	84.00000000	80.00000000
10	192	1	84.00000000	80.00000000
10	193	1	84.00000000	80.00000000
10	194	1	84.00000000	80.00000000
10	195	1	84.00000000	80.00000000
10	196	1	84.00000000	80.00000000
10	197	1	84.00000000	80.00000000
10	198	1	84.00000000	80.00000000
10	199	1	84.00000000	80.00000000
10	200	1	84.00000000	80.00000000
10	201	1	84.00000000	80.00000000
10	202	1	84.00000000	80.00000000
10	203	1	84.00000000	80.00000000
10	204	1	84.00000000	80.00000000
10	205	1	84.00000000	80.00000000
10	206	1	84.00000000	80.00000000
10	207	1	84.00000000	80.00000000
11	0	1	84.00000000	80.00000000
11	1	1	84.00000000	80.00000000
11	2	1	84.00000000	80.00000000
11	3	1	84.00000000	80.00000000
11	4	1	84.00000000	80.00000000
11	5	1	84.00000000	80.00000000
11	6	1	84.00000000	80.00000000
11	7	1	84.00000000	80.00000000
11	8	1	84.00000000	80.00000000
11	9	1	84.00000000	80.00000000
11	10	1	84.00000000	80.00000000
11	11	1	84.00000000	80.00000000
11	12	1	84.00000000	80.00000000
11	13	1	84.00000000	80.00000000
11	14	1	84.00000000	80.00000000
11	15	1	84.00000000	80.00000000
11	16	1	84.00000000	80.00000000
11	17	1	84.00000000	80.00000000
11	18	1	84.00000000	80.00000000
11	19	1	84.00000000	80.00000000
11	20	1	84.00000000	80.00000000
11	21	1	84.00000000	80.00000000
11	22	1	84.00000000	80.00000000
11	23	1	84.00000000	80.00000000
11	24	1	84.00000000	80.00000000
11	25	1	84.00000000	80.00000000
11	26	1	84.00000000	80.00000000
11	27	1	84.00000000	80.00000000
11	28	1	84.00000000	80.00000000
11	29	1	84.00000000	80.00000000
11	30	1	84.00000000	80.00000000
11	31	1	84.00000000	80.00000000
11	32	1	84.00000000	80.00000000
11	33	1	84.00000000	80.00000000
11	34	1	84.00000000	80.00000000
11	35	1	84.00000000	80.00000000
11	36	1	84.00000000	80.00000000
11	37	1	84.00000000	80.00000000
11	38	1	84.00000000	80.00000000
11	39	1	84.00000000	80.00000000
11	40	1	84.00000000	80.00000000
11	41	1	84.00000000	80.00000000
11	42	1	84.00000000	80.00000000
11	43	1	84.00000000	80.00000000
11	44	1	84.00000000	80.00000000
11	45	1	84.00000000	80.00000000
11	46	1	84.00000000	80.00000000
11	47	1	84.00000000	80.00000000
11	48	1	84.00000000	80.00000000
11	49	1	84.00000000	80.00000000
11	50	1	84.00000000	80.00000000
11	51	1	84.00000000	80.00000000
11	52	1	84.00000000	80.00000000
11	53	1	84.00000000	80.00000000
11	54	1	84.00000000	80.00000000
11	55	1	84.00000000	80.00000000
11	56	1	84.00000000	80.00000000
11	57	1	84.00000000	80.00000000
11	58	1	84.00000000	80.00000000
11	59	1	84.00000000	80.00000000
11	60	1	84.00000000	80.00000000
11	61	1	84.00000000	80.00000000
11	62	1	84.00000000	80.00000000
11	63	1	84.00000000	80.00000000
11	64	1	84.00000000	80.00000000
11	65	1	84.00000000	80.00000000
11	66	1	84.00000000	80.00000000
11	67	1	84.00000000	80.00000000
11	68	1	84.00000000	80.00000000
11	69	1	84.00000000	80.00000000
11	70	1	84.00000000	80.00000000
11	71	1	84.00000000	80.00000000
11	72	1	84.00000000	80.00000000
11	73	1	84.00000000	80.00000000
11	74	1	84.00000000	80.00000000
11	75	1	84.00000000	80.00000000
11	76	1	84.00000000	80.00000000
11	77	1	84.00000000	80.00000000
11	78	1	84.00000000	80.00000000
11	79	1	84.00000000	80.00000000
11	80	1	84.00000000	80.00000000
11	81	1	84.00000000	80.00000000
11	82	1	84.00000000	80.00000000
11	83	1	84.00000000	80.00000000
11	84	1	84.00000000	80.00000000
11	85	1	84.00000000	80.00000000
11	86	1	84.00000000	80.00000000
11	87	1	84.00000000	80.00000000
11	88	1	84.00000000	80.00000000
11	89	1	84.00000000	80.00000000
11	90	1	84.00000000	80.00000000
11	91	1	84.00000000	80.00000000
11	92	1	84.00000000	80.00000000
11	93	1	84.00000000	80.00000000
11	94	1	84.00000000	80.00000000
11	95	1	84.00000000	80.00000000
11	96	1	84.00000000	80.00000000
11	97	1	84.00000000	80.00000000
11	98	1	84.00000000	80.00000000
11	99	1	84.00000000	80.00000000
11	100	1	84.00000000	80.00000000
11	101	1	84.00000000	80.00000000
11	102	1	84.00000000	80.00000000
11	103	1	84.00000000	80.00000000
11	104	1	84.00000000	80.00000000
11	105	1	84.00000000	80.00000000
11	106	1	84.00000000	80.00000000
11	107	1	84.00000000	80.00000000
11	108	1	84.00000000	80.00000000
11	109	1	84.00000000	80.00000000
11	110	1	84.00000000	80.00000000
11	111	1	84.00000000	80.00000000
11	112	1	84.00000000	80.00000000
11	113	1	84.00000000	80.00000000
11	114	1	84.00000000	80.00000000
11	115	1	84.00000000	80.00000000
11	116	1	84.00000000	80.00000000
11	117	1	84.00000000	80.00000000
11	118	1	84.00000000	80.00000000
11	119	1	84.00000000	80.00000000
11	120	1	84.00000000	80.00000000
11	121	1	84.00000000	80.00000000
11	122	1	84.00000000	80.00000000
11	123	1	84.00000000	80.00000000
11	124	1	84.00000000	80.00000000
11	125	1	84.00000000	80.00000000
11	126	1	84.00000000	80.00000000
11	127	1	84.00000000	80.00000000
11	128	1	84.00000000	80.00000000
11	129	1	84.00000000	80.00000000
11	130	1	84.00000000	80.00000000
11	131	1	84.00000000	80.00000000
11	132	1	84.00000000	80.00000000
11	133	1	84.00000000	80.00000000
11	134	1	84.00000000	80.00000000
11	135	1	84.00000000	80.00000000
11	136	1	84.00000000	80.00000000
11	137	1	84.00000000	80.00000000
11	138	1	84.00000000	80.00000000
11	139	1	84.00000000	80.00000000
11	140	1	84.00000000	80.00000000
11	141	1	84.00000000	80.00000000
11	142	1	84.00000000	80.00000000
11	143	1	84.00000000	80.00000000
11	144	1	84.00000000	80.00000000
11	145	1	84.00000000	80.00000000
11	146	1	84.00000000	80.00000000
11	147	1	84.00000000	80.00000000
11	148	1	84.00000000	80.00000000
11	149	1	84.00000000	80.00000000
11	150	1	84.00000000	80.00000000
11	151	1	84.00000000	80.00000000
11	152	1	84.00000000	80.00000000
11	153	1	84.00000000	80.00000000
11	154	1	84.00000000	80.00000000
11	155	1	84.00000000	80.00000000
11	156	1	84.00000000	80.00000000
11	157	1	84.00000000	80.00000000
11	158	1	84.00000000	80.00000000
11	159	1	84.00000000	80.00000000
11	160	1	84.00000000	80.00000000
11	161	1	84.00000000	80.00000000
11	162	1	84.00000000	80.00000000
11	163	1	84.00000000	80.00000000
11	164	1	84.00000000	80.00000000
11	165	1	84.00000000	80.00000000
11	166	1	84.00000000	80.00000000
11	167	1	84.00000000	80.00000000
11	168	1	84.00000000	80.00000000
11	169	1	84.00000000	80.00000000
11	170	1	84.00000000	80.00000000
11	171	1	84.00000000	80.00000000
11	172	1	84.00000000	80.00000000
11	173	1	84.00000000	80.00000000
11	174	1	84.00000000	80.00000000
11	175	1	84.00000000	80.00000000
11	176	1	84.00000000	80.00000000
11	177	1	84.00000000	80.00000000
11	178	1	84.00000000	80.00000000
11	179	1	84.00000000	80.00000000
11	180	1	84.00000000	80.00000000
11	181	1	84.00000000	80.00000000
11	182	1	84.00000000	80.00000000
11	183	1	84.00000000	80.00000000
11	184	1	84.00000000	80.00000000
11	185	1	84.00000000	80.00000000
11	186	1	84.00000000	80.00000000
11	187	1	84.00000000	80.00000000
11	188	1	84.00000000	80.00000000
11	189	1	84.00000000	80.00000000
11	190	1	84.00000000	80.00000000
11	191	1	84.00000000	80.00000000
11	192	1	84.00000000	80.00000000
11	193	1	84.00000000	80.00000000
11	194	1	84.00000000	80.00000000
11	195	1	84.00000000	80.00000000
11	196	1	84.00000000	80.00000000
11	197	1	84.00000000	80.00000000
11	198	1	84.00000000	80.00000000
11	199	1	84.00000000	80.00000000
11	200	1	84.00000000	80.00000000
11	201	1	84.00000000	80.00000000
11	202	1	84.00000000	80.00000000
11	203	1	84.00000000	80.00000000
11	204	1	84.00000000	80.00000000
11	205	1	84.00000000	80.00000000
11	206	1	84.00000000	80.00000000
11	207	1	84.00000000	80.00000000
11	208	1	84.00000000	80.00000000
11	209	1	84.00000000	80.00000000
11	210	1	84.00000000	80.00000000
11	211	1	84.00000000	80.00000000
11	212	1	84.00000000	80.00000000
11	213	1	84.00000000	80.00000000
11	214	1	84.00000000	80.00000000
11	215	1	84.00000000	80.00000000
11	216	1	84.00000000	80.00000000
11	217	1	84.00000000	80.00000000
12	0	1	84.00000000	80.00000000
12	1	1	84.00000000	80.00000000
12	2	1	84.00000000	80.00000000
12	3	1	84.00000000	80.00000000
12	4	1	84.00000000	80.00000000
12	5	1	84.00000000	80.00000000
12	6	1	84.00000000	80.00000000
12	7	1	84.00000000	80.00000000
12	8	1	84.00000000	80.00000000
12	9	1	84.00000000	80.00000000
12	10	1	84.00000000	80.00000000
12	11	1	84.00000000	80.00000000
12	12	1	84.00000000	80.00000000
12	13	1	84.00000000	80.00000000
12	14	1	84.00000000	80.00000000
12	15	1	84.00000000	80.00000000
12	16	1	84.00000000	80.00000000
12	17	1	84.00000000	80.00000000
12	18	1	84.00000000	80.00000000
12	19	1	84.00000000	80.00000000
12	20	1	84.00000000	80.00000000
12	21	1	84.00000000	80.00000000
12	22	1	84.00000000	80.00000000
12	23	1	84.00000000	80.00000000
12	24	1	84.00000000	80.00000000
12	25	1	84.00000000	80.00000000
12	26	1	84.00000000	80.00000000
12	27	1	84.00000000	80.00000000
12	28	1	84.00000000	80.00000000
12	29	1	84.00000000	80.00000000
12	30	1	84.00000000	80.00000000
12	31	1	84.00000000	80.00000000
12	32	1	84.00000000	80.00000000
12	33	1	84.00000000	80.00000000
12	34	1	84.00000000	80.00000000
12	35	1	84.00000000	80.00000000
12	36	1	84.00000000	80.00000000
12	37	1	84.00000000	80.00000000
12	38	1	84.00000000	80.00000000
12	39	1	84.00000000	80.00000000
12	40	1	84.00000000	80.00000000
12	41	1	84.00000000	80.00000000
12	42	1	84.00000000	80.00000000
12	43	1	84.00000000	80.00000000
12	44	1	84.00000000	80.00000000
12	45	1	84.00000000	80.00000000
12	46	1	84.00000000	80.00000000
12	47	1	84.00000000	80.00000000
12	48	1	84.00000000	80.00000000
12	49	1	84.00000000	80.00000000
12	50	1	84.00000000	80.00000000
12	51	1	84.00000000	80.00000000
12	52	1	84.00000000	80.00000000
12	53	1	84.00000000	80.00000000
12	54	1	84.00000000	80.00000000
12	55	1	84.00000000	80.00000000
12	56	1	84.00000000	80.00000000
12	57	1	84.00000000	80.00000000
12	58	1	84.00000000	80.00000000
12	59	1	84.00000000	80.00000000
12	60	1	84.00000000	80.00000000
12	61	1	84.00000000	80.00000000
12	62	1	84.00000000	80.00000000
12	63	1	84.00000000	80.00000000
12	64	1	84.00000000	80.00000000
12	65	1	84.00000000	80.00000000
12	66	1	84.00000000	80.00000000
12	67	1	84.00000000	80.00000000
12	68	1	84.00000000	80.00000000
12	69	1	84.00000000	80.00000000
12	70	1	84.00000000	80.00000000
12	71	1	84.00000000	80.00000000
12	72	1	84.00000000	80.00000000
12	73	1	84.00000000	80.00000000
12	74	1	84.00000000	80.00000000
12	75	1	84.00000000	80.00000000
12	76	1	84.00000000	80.00000000
12	77	1	84.00000000	80.00000000
12	78	1	84.00000000	80.00000000
12	79	1	84.00000000	80.00000000
12	80	1	84.00000000	80.00000000
12	81	1	84.00000000	80.00000000
12	82	1	84.00000000	80.00000000
12	83	1	84.00000000	80.00000000
12	84	1	84.00000000	80.00000000
12	85	1	84.00000000	80.00000000
12	86	1	84.00000000	80.00000000
12	87	1	84.00000000	80.00000000
12	88	1	84.00000000	80.00000000
12	89	1	84.00000000	80.00000000
12	90	1	84.00000000	80.00000000
12	91	1	84.00000000	80.00000000
12	92	1	84.00000000	80.00000000
12	93	1	84.00000000	80.00000000
12	94	1	84.00000000	80.00000000
12	95	1	84.00000000	80.00000000
12	96	1	84.00000000	80.00000000
12	97	1	84.00000000	80.00000000
12	98	1	84.00000000	80.00000000
12	99	1	84.00000000	80.00000000
12	100	1	84.00000000	80.00000000
12	101	1	84.00000000	80.00000000
12	102	1	84.00000000	80.00000000
12	103	1	84.00000000	80.00000000
12	104	1	84.00000000	80.00000000
12	105	1	84.00000000	80.00000000
12	106	1	84.00000000	80.00000000
12	107	1	84.00000000	80.00000000
12	108	1	84.00000000	80.00000000
12	109	1	84.00000000	80.00000000
12	110	1	84.00000000	80.00000000
12	111	1	84.00000000	80.00000000
12	112	1	84.00000000	80.00000000
12	113	1	84.00000000	80.00000000
12	114	1	84.00000000	80.00000000
12	115	1	84.00000000	80.00000000
12	116	1	84.00000000	80.00000000
12	117	1	84.00000000	80.00000000
12	118	1	84.00000000	80.00000000
12	119	1	84.00000000	80.00000000
12	120	1	84.00000000	80.00000000
12	121	1	84.00000000	80.00000000
12	122	1	84.00000000	80.00000000
12	123	1	84.00000000	80.00000000
12	124	1	84.00000000	80.00000000
12	125	1	84.00000000	80.00000000
12	126	1	84.00000000	80.00000000
12	127	1	84.00000000	80.00000000
12	128	1	84.00000000	80.00000000
12	129	1	84.00000000	80.00000000
12	130	1	84.00000000	80.00000000
12	131	1	84.00000000	80.00000000
12	132	1	84.00000000	80.00000000
12	133	1	84.00000000	80.00000000
12	134	1	84.00000000	80.00000000
12	135	1	84.00000000	80.00000000
12	136	1	84.00000000	80.00000000
12	137	1	84.00000000	80.00000000
12	138	1	84.00000000	80.00000000
12	139	1	84.00000000	80.00000000
12	140	1	84.00000000	80.00000000
12	141	1	84.00000000	80.00000000
12	142	1	84.00000000	80.00000000
12	143	1	84.00000000	80.00000000
12	144	1	84.00000000	80.00000000
12	145	1	84.00000000	80.00000000
12	146	1	84.00000000	80.00000000
12	147	1	84.00000000	80.00000000
12	148	1	84.00000000	80.00000000
12	149	1	84.00000000	80.00000000
12	150	1	84.00000000	80.00000000
12	151	1	84.00000000	80.00000000
12	152	1	84.00000000	80.00000000
12	153	1	84.00000000	80.00000000
12	154	1	84.00000000	80.00000000
12	155	1	84.00000000	80.00000000
12	156	1	84.00000000	80.00000000
12	157	1	84.00000000	80.00000000
12	158	1	84.00000000	80.00000000
12	159	1	84.00000000	80.00000000
12	160	1	84.00000000	80.00000000
12	161	1	84.00000000	80.00000000
12	162	1	84.00000000	80.00000000
12	163	1	84.00000000	80.00000000
12	164	1	84.00000000	80.00000000
12	165	1	84.00000000	80.00000000
12	166	1	84.00000000	80.00000000
12	167	1	84.00000000	80.00000000
12	168	1	84.00000000	80.00000000
12	169	1	84.00000000	80.00000000
12	170	1	84.00000000	80.00000000
12	171	1	84.00000000	80.00000000
12	172	1	84.00000000	80.00000000
12	173	1	84.00000000	80.00000000
12	174	1	84.00000000	80.00000000
12	175	1	84.00000000	80.00000000
12	176	1	84.00000000	80.00000000
12	177	1	84.00000000	80.00000000
12	178	1	84.00000000	80.00000000
12	179	1	84.00000000	80.00000000
12	180	1	84.00000000	80.00000000
12	181	1	84.00000000	80.00000000
12	182	1	84.00000000	80.00000000
12	183	1	84.00000000	80.00000000
12	184	1	84.00000000	80.00000000
12	185	1	84.00000000	80.00000000
12	186	1	84.00000000	80.00000000
12	187	1	84.00000000	80.00000000
12	188	1	84.00000000	80.00000000
12	189	1	84.00000000	80.00000000
12	190	1	84.00000000	80.00000000
12	191	1	84.00000000	80.00000000
12	192	1	84.00000000	80.00000000
12	193	1	84.00000000	80.00000000
12	194	1	84.00000000	80.00000000
12	195	1	84.00000000	80.00000000
12	196	1	84.00000000	80.00000000
12	197	1	84.00000000	80.00000000
12	198	1	84.00000000	80.00000000
12	199	1	84.00000000	80.00000000
12	200	1	84.00000000	80.00000000
12	201	1	84.00000000	80.00000000
12	202	1	84.00000000	80.00000000
12	203	1	84.00000000	80.00000000
12	204	1	84.00000000	80.00000000
12	205	1	84.00000000	80.00000000
12	206	1	84.00000000	80.00000000
12	207	1	84.00000000	80.00000000
12	208	1	84.00000000	80.00000000
12	209	1	84.00000000	80.00000000
12	210	1	84.00000000	80.00000000
12	211	1	84.00000000	80.00000000
12	212	1	84.00000000	80.00000000
12	213	1	84.00000000	80.00000000
12	214	1	84.00000000	80.00000000
12	215	1	84.00000000	80.00000000
12	216	1	84.00000000	80.00000000
12	217	1	84.00000000	80.00000000
12	218	1	84.00000000	80.00000000
12	219	1	84.00000000	80.00000000
12	220	1	84.00000000	80.00000000
12	221	1	84.00000000	80.00000000
12	222	1	84.00000000	80.00000000
12	223	1	84.00000000	80.00000000
12	224	1	84.00000000	80.00000000
12	225	1	84.00000000	80.00000000
12	226	1	84.00000000	80.00000000
12	227	1	84.00000000	80.00000000
12	228	1	84.00000000	80.00000000
12	229	1	84.00000000	80.00000000
13	0	1	84.00000000	80.00000000
13	1	1	84.00000000	80.00000000
13	2	1	84.00000000	80.00000000
13	3	1	84.00000000	80.00000000
13	4	1	84.00000000	80.00000000
13	5	1	84.00000000	80.00000000
13	6	1	84.00000000	80.00000000
13	7	1	84.00000000	80.00000000
13	8	1	84.00000000	80.00000000
13	9	1	84.00000000	80.00000000
13	10	1	84.00000000	80.00000000
13	11	1	84.00000000	80.00000000
13	12	1	84.00000000	80.00000000
13	13	1	84.00000000	80.00000000
13	14	1	84.00000000	80.00000000
13	15	1	84.00000000	80.00000000
13	16	1	84.00000000	80.00000000
13	17	1	84.00000000	80.00000000
13	18	1	84.00000000	80.00000000
13	19	1	84.00000000	80.00000000
13	20	1	84.00000000	80.00000000
13	21	1	84.00000000	80.00000000
13	22	1	84.00000000	80.00000000
13	23	1	84.00000000	80.00000000
13	24	1	84.00000000	80.00000000
13	25	1	84.00000000	80.00000000
13	26	1	84.00000000	80.00000000
13	27	1	84.00000000	80.00000000
13	28	1	84.00000000	80.00000000
13	29	1	84.00000000	80.00000000
13	30	1	84.00000000	80.00000000
13	31	1	84.00000000	80.00000000
13	32	1	84.00000000	80.00000000
13	33	1	84.00000000	80.00000000
13	34	1	84.00000000	80.00000000
13	35	1	84.00000000	80.00000000
13	36	1	84.00000000	80.00000000
13	37	1	84.00000000	80.00000000
13	38	1	84.00000000	80.00000000
13	39	1	84.00000000	80.00000000
13	40	1	84.00000000	80.00000000
13	41	1	84.00000000	80.00000000
13	42	1	84.00000000	80.00000000
13	43	1	84.00000000	80.00000000
13	44	1	84.00000000	80.00000000
13	45	1	84.00000000	80.00000000
13	46	1	84.00000000	80.00000000
13	47	1	84.00000000	80.00000000
13	48	1	84.00000000	80.00000000
13	49	1	84.00000000	80.00000000
13	50	1	84.00000000	80.00000000
13	51	1	84.00000000	80.00000000
13	52	1	84.00000000	80.00000000
13	53	1	84.00000000	80.00000000
13	54	1	84.00000000	80.00000000
13	55	1	84.00000000	80.00000000
13	56	1	84.00000000	80.00000000
13	57	1	84.00000000	80.00000000
13	58	1	84.00000000	80.00000000
13	59	1	84.00000000	80.00000000
13	60	1	84.00000000	80.00000000
13	61	1	84.00000000	80.00000000
13	62	1	84.00000000	80.00000000
13	63	1	84.00000000	80.00000000
13	64	1	84.00000000	80.00000000
13	65	1	84.00000000	80.00000000
13	66	1	84.00000000	80.00000000
13	67	1	84.00000000	80.00000000
13	68	1	84.00000000	80.00000000
13	69	1	84.00000000	80.00000000
13	70	1	84.00000000	80.00000000
13	71	1	84.00000000	80.00000000
13	72	1	84.00000000	80.00000000
13	73	1	84.00000000	80.00000000
13	74	1	84.00000000	80.00000000
13	75	1	84.00000000	80.00000000
13	76	1	84.00000000	80.00000000
13	77	1	84.00000000	80.00000000
13	78	1	84.00000000	80.00000000
13	79	1	84.00000000	80.00000000
13	80	1	84.00000000	80.00000000
13	81	1	84.00000000	80.00000000
13	82	1	84.00000000	80.00000000
13	83	1	84.00000000	80.00000000
13	84	1	84.00000000	80.00000000
13	85	1	84.00000000	80.00000000
13	86	1	84.00000000	80.00000000
13	87	1	84.00000000	80.00000000
13	88	1	84.00000000	80.00000000
13	89	1	84.00000000	80.00000000
13	90	1	84.00000000	80.00000000
13	91	1	84.00000000	80.00000000
13	92	1	84.00000000	80.00000000
13	93	1	84.00000000	80.00000000
13	94	1	84.00000000	80.00000000
13	95	1	84.00000000	80.00000000
13	96	1	84.00000000	80.00000000
13	97	1	84.00000000	80.00000000
13	98	1	84.00000000	80.00000000
13	99	1	84.00000000	80.00000000
13	100	1	84.00000000	80.00000000
13	101	1	84.00000000	80.00000000
13	102	1	84.00000000	80.00000000
13	103	1	84.00000000	80.00000000
13	104	1	84.00000000	80.00000000
13	105	1	84.00000000	80.00000000
13	106	1	84.00000000	80.00000000
13	107	1	84.00000000	80.00000000
13	108	1	84.00000000	80.00000000
13	109	1	84.00000000	80.00000000
13	110	1	84.00000000	80.00000000
13	111	1	84.00000000	80.00000000
13	112	1	84.00000000	80.00000000
13	113	1	84.00000000	80.00000000
13	114	1	84.00000000	80.00000000
13	115	1	84.00000000	80.00000000
13	116	1	84.00000000	80.00000000
13	117	1	84.00000000	80.00000000
13	118	1	84.00000000	80.00000000
13	119	1	84.00000000	80.00000000
13	120	1	84.00000000	80.00000000
13	121	1	84.00000000	80.00000000
13	122	1	84.00000000	80.00000000
13	123	1	84.00000000	80.00000000
13	124	1	84.00000000	80.00000000
13	125	1	84.00000000	80.00000000
13	126	1	84.00000000	80.00000000
13	127	1	84.00000000	80.00000000
13	128	1	84.00000000	80.00000000
13	129	1	84.00000000	80.00000000
13	130	1	84.00000000	80.00000000
13	131	1	84.00000000	80.00000000
13	132	1	84.00000000	80.00000000
13	133	1	84.00000000	80.00000000
13	134	1	84.00000000	80.00000000
13	135	1	84.00000000	80.00000000
13	136	1	84.00000000	80.00000000
13	137	1	84.00000000	80.00000000
13	138	1	84.00000000	80.00000000
13	139	1	84.00000000	80.00000000
13	140	1	84.00000000	80.00000000
13	141	1	84.00000000	80.00000000
13	142	1	84.00000000	80.00000000
13	143	1	84.00000000	80.00000000
13	144	1	84.00000000	80.00000000
13	145	1	84.00000000	80.00000000
13	146	1	84.00000000	80.00000000
13	147	1	84.00000000	80.00000000
13	148	1	84.00000000	80.00000000
13	149	1	84.00000000	80.00000000
13	150	1	84.00000000	80.00000000
13	151	1	84.00000000	80.00000000
13	152	1	84.00000000	80.00000000
13	153	1	84.00000000	80.00000000
13	154	1	84.00000000	80.00000000
13	155	1	84.00000000	80.00000000
13	156	1	84.00000000	80.00000000
13	157	1	84.00000000	80.00000000
13	158	1	84.00000000	80.00000000
13	159	1	84.00000000	80.00000000
13	160	1	84.00000000	80.00000000
13	161	1	84.00000000	80.00000000
13	162	1	84.00000000	80.00000000
13	163	1	84.00000000	80.00000000
13	164	1	84.00000000	80.00000000
13	165	1	84.00000000	80.00000000
13	166	1	84.00000000	80.00000000
13	167	1	84.00000000	80.00000000
13	168	1	84.00000000	80.00000000
13	169	1	84.00000000	80.00000000
13	170	1	84.00000000	80.00000000
13	171	1	84.00000000	80.00000000
13	172	1	84.00000000	80.00000000
13	173	1	84.00000000	80.00000000
13	174	1	84.00000000	80.00000000
13	175	1	84.00000000	80.00000000
13	176	1	84.00000000	80.00000000
13	177	1	84.00000000	80.00000000
13	178	1	84.00000000	80.00000000
13	179	1	84.00000000	80.00000000
13	180	1	84.00000000	80.00000000
13	181	1	84.00000000	80.00000000
13	182	1	84.00000000	80.00000000
13	183	1	84.00000000	80.00000000
13	184	1	84.00000000	80.00000000
13	185	1	84.00000000	80.00000000
13	186	1	84.00000000	80.00000000
13	187	1	84.00000000	80.00000000
13	188	1	84.00000000	80.00000000
13	189	1	84.00000000	80.00000000
13	190	1	84.00000000	80.00000000
13	191	1	84.00000000	80.00000000
13	192	1	84.00000000	80.00000000
13	193	1	84.00000000	80.00000000
13	194	1	84.00000000	80.00000000
13	195	1	84.00000000	80.00000000
13	196	1	84.00000000	80.00000000
13	197	1	84.00000000	80.00000000
13	198	1	84.00000000	80.00000000
13	199	1	84.00000000	80.00000000
13	200	1	84.00000000	80.00000000
13	201	1	84.00000000	80.00000000
13	202	1	84.00000000	80.00000000
13	203	1	84.00000000	80.00000000
13	204	1	84.00000000	80.00000000
13	205	1	84.00000000	80.00000000
13	206	1	84.00000000	80.00000000
13	207	1	84.00000000	80.00000000
13	208	1	84.00000000	80.00000000
13	209	1	84.00000000	80.00000000
13	210	1	84.00000000	80.00000000
13	211	1	84.00000000	80.00000000
13	212	1	84.00000000	80.00000000
13	213	1	84.00000000	80.00000000
14	0	1	84.00000000	80.00000000
14	1	1	84.00000000	80.00000000
14	2	1	84.00000000	80.00000000
14	3	1	84.00000000	80.00000000
14	4	1	84.00000000	80.00000000
14	5	1	84.00000000	80.00000000
14	6	1	84.00000000	80.00000000
14	7	1	84.00000000	80.00000000
14	8	1	84.00000000	80.00000000
14	9	1	84.00000000	80.00000000
14	10	1	84.00000000	80.00000000
14	11	1	84.00000000	80.00000000
14	12	1	84.00000000	80.00000000
14	13	1	84.00000000	80.00000000
14	14	1	84.00000000	80.00000000
14	15	1	84.00000000	80.00000000
14	16	1	84.00000000	80.00000000
14	17	1	84.00000000	80.00000000
14	18	1	84.00000000	80.00000000
14	19	1	84.00000000	80.00000000
14	20	1	84.00000000	80.00000000
14	21	1	84.00000000	80.00000000
14	22	1	84.00000000	80.00000000
14	23	1	84.00000000	80.00000000
14	24	1	84.00000000	80.00000000
14	25	1	84.00000000	80.00000000
14	26	1	84.00000000	80.00000000
14	27	1	84.00000000	80.00000000
14	28	1	84.00000000	80.00000000
14	29	1	84.00000000	80.00000000
14	30	1	84.00000000	80.00000000
14	31	1	84.00000000	80.00000000
14	32	1	84.00000000	80.00000000
14	33	1	84.00000000	80.00000000
14	34	1	84.00000000	80.00000000
14	35	1	84.00000000	80.00000000
14	36	1	84.00000000	80.00000000
14	37	1	84.00000000	80.00000000
14	38	1	84.00000000	80.00000000
14	39	1	84.00000000	80.00000000
14	40	1	84.00000000	80.00000000
14	41	1	84.00000000	80.00000000
14	42	1	84.00000000	80.00000000
14	43	1	84.00000000	80.00000000
14	44	1	84.00000000	80.00000000
14	45	1	84.00000000	80.00000000
14	46	1	84.00000000	80.00000000
14	47	1	84.00000000	80.00000000
14	48	1	84.00000000	80.00000000
14	49	1	84.00000000	80.00000000
14	50	1	84.00000000	80.00000000
14	51	1	84.00000000	80.00000000
14	52	1	84.00000000	80.00000000
14	53	1	84.00000000	80.00000000
14	54	1	84.00000000	80.00000000
14	55	1	84.00000000	80.00000000
14	56	1	84.00000000	80.00000000
14	57	1	84.00000000	80.00000000
14	58	1	84.00000000	80.00000000
14	59	1	84.00000000	80.00000000
14	60	1	84.00000000	80.00000000
14	61	1	84.00000000	80.00000000
14	62	1	84.00000000	80.00000000
14	63	1	84.00000000	80.00000000
14	64	1	84.00000000	80.00000000
14	65	1	84.00000000	80.00000000
14	66	1	84.00000000	80.00000000
14	67	1	84.00000000	80.00000000
14	68	1	84.00000000	80.00000000
14	69	1	84.00000000	80.00000000
14	70	1	84.00000000	80.00000000
14	71	1	84.00000000	80.00000000
14	72	1	84.00000000	80.00000000
14	73	1	84.00000000	80.00000000
14	74	1	84.00000000	80.00000000
14	75	1	84.00000000	80.00000000
14	76	1	84.00000000	80.00000000
14	77	1	84.00000000	80.00000000
14	78	1	84.00000000	80.00000000
14	79	1	84.00000000	80.00000000
14	80	1	84.00000000	80.00000000
14	81	1	84.00000000	80.00000000
14	82	1	84.00000000	80.00000000
14	83	1	84.00000000	80.00000000
14	84	1	84.00000000	80.00000000
14	85	1	84.00000000	80.00000000
14	86	1	84.00000000	80.00000000
14	87	1	84.00000000	80.00000000
14	88	1	84.00000000	80.00000000
14	89	1	84.00000000	80.00000000
14	90	1	84.00000000	80.00000000
14	91	1	84.00000000	80.00000000
14	92	1	84.00000000	80.00000000
14	93	1	84.00000000	80.00000000
14	94	1	84.00000000	80.00000000
14	95	1	84.00000000	80.00000000
14	96	1	84.00000000	80.00000000
14	97	1	84.00000000	80.00000000
14	98	1	84.00000000	80.00000000
14	99	1	84.00000000	80.00000000
14	100	1	84.00000000	80.00000000
14	101	1	84.00000000	80.00000000
14	102	1	84.00000000	80.00000000
14	103	1	84.00000000	80.00000000
14	104	1	84.00000000	80.00000000
14	105	1	84.00000000	80.00000000
14	106	1	84.00000000	80.00000000
14	107	1	84.00000000	80.00000000
14	108	1	84.00000000	80.00000000
14	109	1	84.00000000	80.00000000
14	110	1	84.00000000	80.00000000
14	111	1	84.00000000	80.00000000
14	112	1	84.00000000	80.00000000
14	113	1	84.00000000	80.00000000
14	114	1	84.00000000	80.00000000
14	115	1	84.00000000	80.00000000
14	116	1	84.00000000	80.00000000
14	117	1	84.00000000	80.00000000
14	118	1	84.00000000	80.00000000
14	119	1	84.00000000	80.00000000
14	120	1	84.00000000	80.00000000
14	121	1	84.00000000	80.00000000
14	122	1	84.00000000	80.00000000
14	123	1	84.00000000	80.00000000
14	124	1	84.00000000	80.00000000
14	125	1	84.00000000	80.00000000
14	126	1	84.00000000	80.00000000
14	127	1	84.00000000	80.00000000
14	128	1	84.00000000	80.00000000
14	129	1	84.00000000	80.00000000
14	130	1	84.00000000	80.00000000
14	131	1	84.00000000	80.00000000
14	132	1	84.00000000	80.00000000
14	133	1	84.00000000	80.00000000
14	134	1	84.00000000	80.00000000
14	135	1	84.00000000	80.00000000
14	136	1	84.00000000	80.00000000
14	137	1	84.00000000	80.00000000
14	138	1	84.00000000	80.00000000
14	139	1	84.00000000	80.00000000
14	140	1	84.00000000	80.00000000
14	141	1	84.00000000	80.00000000
14	142	1	84.00000000	80.00000000
14	143	1	84.00000000	80.00000000
14	144	1	84.00000000	80.00000000
14	145	1	84.00000000	80.00000000
14	146	1	84.00000000	80.00000000
14	147	1	84.00000000	80.00000000
14	148	1	84.00000000	80.00000000
14	149	1	84.00000000	80.00000000
14	150	1	84.00000000	80.00000000
14	151	1	84.00000000	80.00000000
14	152	1	84.00000000	80.00000000
14	153	1	84.00000000	80.00000000
14	154	1	84.00000000	80.00000000
14	155	1	84.00000000	80.00000000
14	156	1	84.00000000	80.00000000
14	157	1	84.00000000	80.00000000
14	158	1	84.00000000	80.00000000
14	159	1	84.00000000	80.00000000
14	160	1	84.00000000	80.00000000
14	161	1	84.00000000	80.00000000
14	162	1	84.00000000	80.00000000
14	163	1	84.00000000	80.00000000
14	164	1	84.00000000	80.00000000
14	165	1	84.00000000	80.00000000
14	166	1	84.00000000	80.00000000
14	167	1	84.00000000	80.00000000
14	168	1	84.00000000	80.00000000
14	169	1	84.00000000	80.00000000
14	170	1	84.00000000	80.00000000
14	171	1	84.00000000	80.00000000
14	172	1	84.00000000	80.00000000
14	173	1	84.00000000	80.00000000
14	174	1	84.00000000	80.00000000
14	175	1	84.00000000	80.00000000
14	176	1	84.00000000	80.00000000
14	177	1	84.00000000	80.00000000
14	178	1	84.00000000	80.00000000
14	179	1	84.00000000	80.00000000
14	180	1	84.00000000	80.00000000
14	181	1	84.00000000	80.00000000
14	182	1	84.00000000	80.00000000
14	183	1	84.00000000	80.00000000
14	184	1	84.00000000	80.00000000
14	185	1	84.00000000	80.00000000
14	186	1	84.00000000	80.00000000
14	187	1	84.00000000	80.00000000
14	188	1	84.00000000	80.00000000
14	189	1	84.00000000	80.00000000
14	190	1	84.00000000	80.00000000
14	191	1	84.00000000	80.00000000
14	192	1	84.00000000	80.00000000
14	193	1	84.00000000	80.00000000
14	194	1	84.00000000	80.00000000
14	195	1	84.00000000	80.00000000
14	196	1	84.00000000	80.00000000
14	197	1	84.00000000	80.00000000
14	198	1	84.00000000	80.00000000
14	199	1	84.00000000	80.00000000
14	200	1	84.00000000	80.00000000
14	201	1	84.00000000	80.00000000
14	202	1	84.00000000	80.00000000
14	203	1	84.00000000	80.00000000
14	204	1	84.00000000	80.00000000
14	205	1	84.00000000	80.00000000
14	206	1	84.00000000	80.00000000
14	207	1	84.00000000	80.00000000
14	208	1	84.00000000	80.00000000
14	209	1	84.00000000	80.00000000
14	210	1	84.00000000	80.00000000
14	211	1	84.00000000	80.00000000
15	0	1	84.00000000	80.00000000
15	1	1	84.00000000	80.00000000
15	2	1	84.00000000	80.00000000
15	3	1	84.00000000	80.00000000
15	4	1	84.00000000	80.00000000
15	5	1	84.00000000	80.00000000
15	6	1	84.00000000	80.00000000
15	7	1	84.00000000	80.00000000
15	8	1	84.00000000	80.00000000
15	9	1	84.00000000	80.00000000
15	10	1	84.00000000	80.00000000
15	11	1	84.00000000	80.00000000
15	12	1	84.00000000	80.00000000
15	13	1	84.00000000	80.00000000
15	14	1	84.00000000	80.00000000
15	15	1	84.00000000	80.00000000
15	16	1	84.00000000	80.00000000
15	17	1	84.00000000	80.00000000
15	18	1	84.00000000	80.00000000
15	19	1	84.00000000	80.00000000
15	20	1	84.00000000	80.00000000
15	21	1	84.00000000	80.00000000
15	22	1	84.00000000	80.00000000
15	23	1	84.00000000	80.00000000
15	24	1	84.00000000	80.00000000
15	25	1	84.00000000	80.00000000
15	26	1	84.00000000	80.00000000
15	27	1	84.00000000	80.00000000
15	28	1	84.00000000	80.00000000
15	29	1	84.00000000	80.00000000
15	30	1	84.00000000	80.00000000
15	31	1	84.00000000	80.00000000
15	32	1	84.00000000	80.00000000
15	33	1	84.00000000	80.00000000
15	34	1	84.00000000	80.00000000
15	35	1	84.00000000	80.00000000
15	36	1	84.00000000	80.00000000
15	37	1	84.00000000	80.00000000
15	38	1	84.00000000	80.00000000
15	39	1	84.00000000	80.00000000
15	40	1	84.00000000	80.00000000
15	41	1	84.00000000	80.00000000
15	42	1	84.00000000	80.00000000
15	43	1	84.00000000	80.00000000
15	44	1	84.00000000	80.00000000
15	45	1	84.00000000	80.00000000
15	46	1	84.00000000	80.00000000
15	47	1	84.00000000	80.00000000
15	48	1	84.00000000	80.00000000
15	49	1	84.00000000	80.00000000
15	50	1	84.00000000	80.00000000
15	51	1	84.00000000	80.00000000
15	52	1	84.00000000	80.00000000
15	53	1	84.00000000	80.00000000
15	54	1	84.00000000	80.00000000
15	55	1	84.00000000	80.00000000
15	56	1	84.00000000	80.00000000
15	57	1	84.00000000	80.00000000
15	58	1	84.00000000	80.00000000
15	59	1	84.00000000	80.00000000
15	60	1	84.00000000	80.00000000
15	61	1	84.00000000	80.00000000
15	62	1	84.00000000	80.00000000
15	63	1	84.00000000	80.00000000
15	64	1	84.00000000	80.00000000
15	65	1	84.00000000	80.00000000
15	66	1	84.00000000	80.00000000
15	67	1	84.00000000	80.00000000
15	68	1	84.00000000	80.00000000
15	69	1	84.00000000	80.00000000
15	70	1	84.00000000	80.00000000
15	71	1	84.00000000	80.00000000
15	72	1	84.00000000	80.00000000
15	73	1	84.00000000	80.00000000
15	74	1	84.00000000	80.00000000
15	75	1	84.00000000	80.00000000
15	76	1	84.00000000	80.00000000
15	77	1	84.00000000	80.00000000
15	78	1	84.00000000	80.00000000
15	79	1	84.00000000	80.00000000
15	80	1	84.00000000	80.00000000
15	81	1	84.00000000	80.00000000
15	82	1	84.00000000	80.00000000
15	83	1	84.00000000	80.00000000
15	84	1	84.00000000	80.00000000
15	85	1	84.00000000	80.00000000
15	86	1	84.00000000	80.00000000
15	87	1	84.00000000	80.00000000
15	88	1	84.00000000	80.00000000
15	89	1	84.00000000	80.00000000
15	90	1	84.00000000	80.00000000
15	91	1	84.00000000	80.00000000
15	92	1	84.00000000	80.00000000
15	93	1	84.00000000	80.00000000
15	94	1	84.00000000	80.00000000
15	95	1	84.00000000	80.00000000
15	96	1	84.00000000	80.00000000
15	97	1	84.00000000	80.00000000
15	98	1	84.00000000	80.00000000
15	99	1	84.00000000	80.00000000
15	100	1	84.00000000	80.00000000
15	101	1	84.00000000	80.00000000
15	102	1	84.00000000	80.00000000
15	103	1	84.00000000	80.00000000
15	104	1	84.00000000	80.00000000
15	105	1	84.00000000	80.00000000
15	106	1	84.00000000	80.00000000
15	107	1	84.00000000	80.00000000
15	108	1	84.00000000	80.00000000
15	109	1	84.00000000	80.00000000
15	110	1	84.00000000	80.00000000
15	111	1	84.00000000	80.00000000
15	112	1	84.00000000	80.00000000
15	113	1	84.00000000	80.00000000
15	114	1	84.00000000	80.00000000
15	115	1	84.00000000	80.00000000
15	116	1	84.00000000	80.00000000
15	117	1	84.00000000	80.00000000
15	118	1	84.00000000	80.00000000
15	119	1	84.00000000	80.00000000
15	120	1	84.00000000	80.00000000
15	121	1	84.00000000	80.00000000
15	122	1	84.00000000	80.00000000
15	123	1	84.00000000	80.00000000
15	124	1	84.00000000	80.00000000
15	125	1	84.00000000	80.00000000
15	126	1	84.00000000	80.00000000
15	127	1	84.00000000	80.00000000
15	128	1	84.00000000	80.00000000
15	129	1	84.00000000	80.00000000
15	130	1	84.00000000	80.00000000
15	131	1	84.00000000	80.00000000
15	132	1	84.00000000	80.00000000
15	133	1	84.00000000	80.00000000
15	134	1	84.00000000	80.00000000
15	135	1	84.00000000	80.00000000
15	136	1	84.00000000	80.00000000
15	137	1	84.00000000	80.00000000
15	138	1	84.00000000	80.00000000
15	139	1	84.00000000	80.00000000
15	140	1	84.00000000	80.00000000
15	141	1	84.00000000	80.00000000
15	142	1	84.00000000	80.00000000
15	143	1	84.00000000	80.00000000
15	144	1	84.00000000	80.00000000
15	145	1	84.00000000	80.00000000
15	146	1	84.00000000	80.00000000
15	147	1	84.00000000	80.00000000
15	148	1	84.00000000	80.00000000
15	149	1	84.00000000	80.00000000
15	150	1	84.00000000	80.00000000
15	151	1	84.00000000	80.00000000
15	152	1	84.00000000	80.00000000
15	153	1	84.00000000	80.00000000
15	154	1	84.00000000	80.00000000
15	155	1	84.00000000	80.00000000
15	156	1	84.00000000	80.00000000
15	157	1	84.00000000	80.00000000
15	158	1	84.00000000	80.00000000
15	159	1	84.00000000	80.00000000
15	160	1	84.00000000	80.00000000
15	161	1	84.00000000	80.00000000
15	162	1	84.00000000	80.00000000
15	163	1	84.00000000	80.00000000
15	164	1	84.00000000	80.00000000
15	165	1	84.00000000	80.00000000
15	166	1	84.00000000	80.00000000
15	167	1	84.00000000	80.00000000
15	168	1	84.00000000	80.00000000
15	169	1	84.00000000	80.00000000
15	170	1	84.00000000	80.00000000
15	171	1	84.00000000	80.00000000
15	172	1	84.00000000	80.00000000
15	173	1	84.00000000	80.00000000
15	174	1	84.00000000	80.00000000
15	175	1	84.00000000	80.00000000
15	176	1	84.00000000	80.00000000
15	177	1	84.00000000	80.00000000
15	178	1	84.00000000	80.00000000
15	179	1	84.00000000	80.00000000
15	180	1	84.00000000	80.00000000
15	181	1	84.00000000	80.00000000
15	182	1	84.00000000	80.00000000
15	183	1	84.00000000	80.00000000
15	184	1	84.00000000	80.00000000
15	185	1	84.00000000	80.00000000
15	186	1	84.00000000	80.00000000
15	187	1	84.00000000	80.00000000
15	188	1	84.00000000	80.00000000
15	189	1	84.00000000	80.00000000
15	190	1	84.00000000	80.00000000
15	191	1	84.00000000	80.00000000
15	192	1	84.00000000	80.00000000
15	193	1	84.00000000	80.00000000
15	194	1	84.00000000	80.00000000
15	195	1	84.00000000	80.00000000
15	196	1	84.00000000	80.00000000
15	197	1	84.00000000	80.00000000
15	198	1	84.00000000	80.00000000
15	199	1	84.00000000	80.00000000
15	200	1	84.00000000	80.00000000
15	201	1	84.00000000	80.00000000
15	202	1	84.00000000	80.00000000
15	203	1	84.00000000	80.00000000
15	204	1	84.00000000	80.00000000
15	205	1	84.00000000	80.00000000
15	206	1	84.00000000	80.00000000
15	207	1	84.00000000	80.00000000
15	208	1	84.00000000	80.00000000
15	209	1	84.00000000	80.00000000
15	210	1	84.00000000	80.00000000
15	211	1	84.00000000	80.00000000
15	212	1	84.00000000	80.00000000
15	213	1	84.00000000	80.00000000
16	0	1	84.00000000	80.00000000
16	1	1	84.00000000	80.00000000
16	2	1	84.00000000	80.00000000
16	3	1	84.00000000	80.00000000
16	4	1	84.00000000	80.00000000
16	5	1	84.00000000	80.00000000
16	6	1	84.00000000	80.00000000
16	7	1	84.00000000	80.00000000
16	8	1	84.00000000	80.00000000
16	9	1	84.00000000	80.00000000
16	10	1	84.00000000	80.00000000
16	11	1	84.00000000	80.00000000
16	12	1	84.00000000	80.00000000
16	13	1	84.00000000	80.00000000
16	14	1	84.00000000	80.00000000
16	15	1	84.00000000	80.00000000
16	16	1	84.00000000	80.00000000
16	17	1	84.00000000	80.00000000
16	18	1	84.00000000	80.00000000
16	19	1	84.00000000	80.00000000
16	20	1	84.00000000	80.00000000
16	21	1	84.00000000	80.00000000
16	22	1	84.00000000	80.00000000
16	23	1	84.00000000	80.00000000
16	24	1	84.00000000	80.00000000
16	25	1	84.00000000	80.00000000
16	26	1	84.00000000	80.00000000
16	27	1	84.00000000	80.00000000
16	28	1	84.00000000	80.00000000
16	29	1	84.00000000	80.00000000
16	30	1	84.00000000	80.00000000
16	31	1	84.00000000	80.00000000
16	32	1	84.00000000	80.00000000
16	33	1	84.00000000	80.00000000
16	34	1	84.00000000	80.00000000
16	35	1	84.00000000	80.00000000
16	36	1	84.00000000	80.00000000
16	37	1	84.00000000	80.00000000
16	38	1	84.00000000	80.00000000
16	39	1	84.00000000	80.00000000
16	40	1	84.00000000	80.00000000
16	41	1	84.00000000	80.00000000
16	42	1	84.00000000	80.00000000
16	43	1	84.00000000	80.00000000
16	44	1	84.00000000	80.00000000
16	45	1	84.00000000	80.00000000
16	46	1	84.00000000	80.00000000
16	47	1	84.00000000	80.00000000
16	48	1	84.00000000	80.00000000
16	49	1	84.00000000	80.00000000
16	50	1	84.00000000	80.00000000
16	51	1	84.00000000	80.00000000
16	52	1	84.00000000	80.00000000
16	53	1	84.00000000	80.00000000
16	54	1	84.00000000	80.00000000
16	55	1	84.00000000	80.00000000
16	56	1	84.00000000	80.00000000
16	57	1	84.00000000	80.00000000
16	58	1	84.00000000	80.00000000
16	59	1	84.00000000	80.00000000
16	60	1	84.00000000	80.00000000
16	61	1	84.00000000	80.00000000
16	62	1	84.00000000	80.00000000
16	63	1	84.00000000	80.00000000
16	64	1	84.00000000	80.00000000
16	65	1	84.00000000	80.00000000
16	66	1	84.00000000	80.00000000
16	67	1	84.00000000	80.00000000
16	68	1	84.00000000	80.00000000
16	69	1	84.00000000	80.00000000
16	70	1	84.00000000	80.00000000
16	71	1	84.00000000	80.00000000
16	72	1	84.00000000	80.00000000
16	73	1	84.00000000	80.00000000
16	74	1	84.00000000	80.00000000
16	75	1	84.00000000	80.00000000
16	76	1	84.00000000	80.00000000
16	77	1	84.00000000	80.00000000
16	78	1	84.00000000	80.00000000
16	79	1	84.00000000	80.00000000
16	80	1	84.00000000	80.00000000
16	81	1	84.00000000	80.00000000
16	82	1	84.00000000	80.00000000
16	83	1	84.00000000	80.00000000
16	84	1	84.00000000	80.00000000
16	85	1	84.00000000	80.00000000
16	86	1	84.00000000	80.00000000
16	87	1	84.00000000	80.00000000
16	88	1	84.00000000	80.00000000
16	89	1	84.00000000	80.00000000
16	90	1	84.00000000	80.00000000
16	91	1	84.00000000	80.00000000
16	92	1	84.00000000	80.00000000
16	93	1	84.00000000	80.00000000
16	94	1	84.00000000	80.00000000
16	95	1	84.00000000	80.00000000
16	96	1	84.00000000	80.00000000
16	97	1	84.00000000	80.00000000
16	98	1	84.00000000	80.00000000
16	99	1	84.00000000	80.00000000
16	100	1	84.00000000	80.00000000
16	101	1	84.00000000	80.00000000
16	102	1	84.00000000	80.00000000
16	103	1	84.00000000	80.00000000
16	104	1	84.00000000	80.00000000
16	105	1	84.00000000	80.00000000
16	106	1	84.00000000	80.00000000
16	107	1	84.00000000	80.00000000
16	108	1	84.00000000	80.00000000
16	109	1	84.00000000	80.00000000
16	110	1	84.00000000	80.00000000
16	111	1	84.00000000	80.00000000
16	112	1	84.00000000	80.00000000
16	113	1	84.00000000	80.00000000
16	114	1	84.00000000	80.00000000
16	115	1	84.00000000	80.00000000
16	116	1	84.00000000	80.00000000
16	117	1	84.00000000	80.00000000
16	118	1	84.00000000	80.00000000
16	119	1	84.00000000	80.00000000
16	120	1	84.00000000	80.00000000
16	121	1	84.00000000	80.00000000
16	122	1	84.00000000	80.00000000
16	123	1	84.00000000	80.00000000
16	124	1	84.00000000	80.00000000
16	125	1	84.00000000	80.00000000
16	126	1	84.00000000	80.00000000
16	127	1	84.00000000	80.00000000
16	128	1	84.00000000	80.00000000
16	129	1	84.00000000	80.00000000
16	130	1	84.00000000	80.00000000
16	131	1	84.00000000	80.00000000
16	132	1	84.00000000	80.00000000
16	133	1	84.00000000	80.00000000
16	134	1	84.00000000	80.00000000
16	135	1	84.00000000	80.00000000
16	136	1	84.00000000	80.00000000
16	137	1	84.00000000	80.00000000
16	138	1	84.00000000	80.00000000
16	139	1	84.00000000	80.00000000
16	140	1	84.00000000	80.00000000
16	141	1	84.00000000	80.00000000
16	142	1	84.00000000	80.00000000
16	143	1	84.00000000	80.00000000
16	144	1	84.00000000	80.00000000
16	145	1	84.00000000	80.00000000
16	146	1	84.00000000	80.00000000
16	147	1	84.00000000	80.00000000
16	148	1	84.00000000	80.00000000
16	149	1	84.00000000	80.00000000
16	150	1	84.00000000	80.00000000
16	151	1	84.00000000	80.00000000
16	152	1	84.00000000	80.00000000
16	153	1	84.00000000	80.00000000
16	154	1	84.00000000	80.00000000
16	155	1	84.00000000	80.00000000
16	156	1	84.00000000	80.00000000
16	157	1	84.00000000	80.00000000
16	158	1	84.00000000	80.00000000
16	159	1	84.00000000	80.00000000
16	160	1	84.00000000	80.00000000
16	161	1	84.00000000	80.00000000
16	162	1	84.00000000	80.00000000
16	163	1	84.00000000	80.00000000
16	164	1	84.00000000	80.00000000
16	165	1	84.00000000	80.00000000
16	166	1	84.00000000	80.00000000
16	167	1	84.00000000	80.00000000
16	168	1	84.00000000	80.00000000
16	169	1	84.00000000	80.00000000
16	170	1	84.00000000	80.00000000
16	171	1	84.00000000	80.00000000
16	172	1	84.00000000	80.00000000
16	173	1	84.00000000	80.00000000
16	174	1	84.00000000	80.00000000
16	175	1	84.00000000	80.00000000
16	176	1	84.00000000	80.00000000
16	177	1	84.00000000	80.00000000
16	178	1	84.00000000	80.00000000
16	179	1	84.00000000	80.00000000
16	180	1	84.00000000	80.00000000
16	181	1	84.00000000	80.00000000
16	182	1	84.00000000	80.00000000
16	183	1	84.00000000	80.00000000
16	184	1	84.00000000	80.00000000
16	185	1	84.00000000	80.00000000
16	186	1	84.00000000	80.00000000
16	187	1	84.00000000	80.00000000
16	188	1	84.00000000	80.00000000
16	189	1	84.00000000	80.00000000
16	190	1	84.00000000	80.00000000
16	191	1	84.00000000	80.00000000
16	192	1	84.00000000	80.00000000
16	193	1	84.00000000	80.00000000
16	194	1	84.00000000	80.00000000
16	195	1	84.00000000	80.00000000
16	196	1	84.00000000	80.00000000
16	197	1	84.00000000	80.00000000
16	198	1	84.00000000	80.00000000
16	199	1	84.00000000	80.00000000
16	200	1	84.00000000	80.00000000
16	201	1	84.00000000	80.00000000
16	202	1	84.00000000	80.00000000
16	203	1	84.00000000	80.00000000
16	204	1	84.00000000	80.00000000
16	205	1	84.00000000	80.00000000
16	206	1	84.00000000	80.00000000
16	207	1	84.00000000	80.00000000
16	208	1	84.00000000	80.00000000
16	209	1	84.00000000	80.00000000
16	210	1	84.00000000	80.00000000
16	211	1	84.00000000	80.00000000
16	212	1	84.00000000	80.00000000
16	213	1	84.00000000	80.00000000
16	214	1	84.00000000	80.00000000
16	215	1	84.00000000	80.00000000
16	216	1	84.00000000	80.00000000
16	217	1	84.00000000	80.00000000
16	218	1	84.00000000	80.00000000
16	219	1	84.00000000	80.00000000
17	0	1	84.00000000	80.00000000
17	1	1	84.00000000	80.00000000
17	2	1	84.00000000	80.00000000
17	3	1	84.00000000	80.00000000
17	4	1	84.00000000	80.00000000
17	5	1	84.00000000	80.00000000
17	6	1	84.00000000	80.00000000
17	7	1	84.00000000	80.00000000
17	8	1	84.00000000	80.00000000
17	9	1	84.00000000	80.00000000
17	10	1	84.00000000	80.00000000
17	11	1	84.00000000	80.00000000
17	12	1	84.00000000	80.00000000
17	13	1	84.00000000	80.00000000
17	14	1	84.00000000	80.00000000
17	15	1	84.00000000	80.00000000
17	16	1	84.00000000	80.00000000
17	17	1	84.00000000	80.00000000
17	18	1	84.00000000	80.00000000
17	19	1	84.00000000	80.00000000
17	20	1	84.00000000	80.00000000
17	21	1	84.00000000	80.00000000
17	22	1	84.00000000	80.00000000
17	23	1	84.00000000	80.00000000
17	24	1	84.00000000	80.00000000
17	25	1	84.00000000	80.00000000
17	26	1	84.00000000	80.00000000
17	27	1	84.00000000	80.00000000
17	28	1	84.00000000	80.00000000
17	29	1	84.00000000	80.00000000
17	30	1	84.00000000	80.00000000
17	31	1	84.00000000	80.00000000
17	32	1	84.00000000	80.00000000
17	33	1	84.00000000	80.00000000
17	34	1	84.00000000	80.00000000
17	35	1	84.00000000	80.00000000
17	36	1	84.00000000	80.00000000
17	37	1	84.00000000	80.00000000
17	38	1	84.00000000	80.00000000
17	39	1	84.00000000	80.00000000
17	40	1	84.00000000	80.00000000
17	41	1	84.00000000	80.00000000
17	42	1	84.00000000	80.00000000
17	43	1	84.00000000	80.00000000
17	44	1	84.00000000	80.00000000
17	45	1	84.00000000	80.00000000
17	46	1	84.00000000	80.00000000
17	47	1	84.00000000	80.00000000
17	48	1	84.00000000	80.00000000
17	49	1	84.00000000	80.00000000
17	50	1	84.00000000	80.00000000
17	51	1	84.00000000	80.00000000
17	52	1	84.00000000	80.00000000
17	53	1	84.00000000	80.00000000
17	54	1	84.00000000	80.00000000
17	55	1	84.00000000	80.00000000
17	56	1	84.00000000	80.00000000
17	57	1	84.00000000	80.00000000
17	58	1	84.00000000	80.00000000
17	59	1	84.00000000	80.00000000
17	60	1	84.00000000	80.00000000
17	61	1	84.00000000	80.00000000
17	62	1	84.00000000	80.00000000
17	63	1	84.00000000	80.00000000
17	64	1	84.00000000	80.00000000
17	65	1	84.00000000	80.00000000
17	66	1	84.00000000	80.00000000
17	67	1	84.00000000	80.00000000
17	68	1	84.00000000	80.00000000
17	69	1	84.00000000	80.00000000
17	70	1	84.00000000	80.00000000
17	71	1	84.00000000	80.00000000
17	72	1	84.00000000	80.00000000
17	73	1	84.00000000	80.00000000
17	74	1	84.00000000	80.00000000
17	75	1	84.00000000	80.00000000
17	76	1	84.00000000	80.00000000
17	77	1	84.00000000	80.00000000
17	78	1	84.00000000	80.00000000
17	79	1	84.00000000	80.00000000
17	80	1	84.00000000	80.00000000
17	81	1	84.00000000	80.00000000
17	82	1	84.00000000	80.00000000
17	83	1	84.00000000	80.00000000
17	84	1	84.00000000	80.00000000
17	85	1	84.00000000	80.00000000
17	86	1	84.00000000	80.00000000
17	87	1	84.00000000	80.00000000
17	88	1	84.00000000	80.00000000
17	89	1	84.00000000	80.00000000
17	90	1	84.00000000	80.00000000
17	91	1	84.00000000	80.00000000
17	92	1	84.00000000	80.00000000
17	93	1	84.00000000	80.00000000
17	94	1	84.00000000	80.00000000
17	95	1	84.00000000	80.00000000
17	96	1	84.00000000	80.00000000
17	97	1	84.00000000	80.00000000
17	98	1	84.00000000	80.00000000
17	99	1	84.00000000	80.00000000
17	100	1	84.00000000	80.00000000
17	101	1	84.00000000	80.00000000
17	102	1	84.00000000	80.00000000
17	103	1	84.00000000	80.00000000
17	104	1	84.00000000	80.00000000
17	105	1	84.00000000	80.00000000
17	106	1	84.00000000	80.00000000
17	107	1	84.00000000	80.00000000
17	108	1	84.00000000	80.00000000
17	109	1	84.00000000	80.00000000
17	110	1	84.00000000	80.00000000
17	111	1	84.00000000	80.00000000
17	112	1	84.00000000	80.00000000
17	113	1	84.00000000	80.00000000
17	114	1	84.00000000	80.00000000
17	115	1	84.00000000	80.00000000
17	116	1	84.00000000	80.00000000
17	117	1	84.00000000	80.00000000
17	118	1	84.00000000	80.00000000
17	119	1	84.00000000	80.00000000
17	120	1	84.00000000	80.00000000
17	121	1	84.00000000	80.00000000
17	122	1	84.00000000	80.00000000
17	123	1	84.00000000	80.00000000
17	124	1	84.00000000	80.00000000
17	125	1	84.00000000	80.00000000
17	126	1	84.00000000	80.00000000
17	127	1	84.00000000	80.00000000
17	128	1	84.00000000	80.00000000
17	129	1	84.00000000	80.00000000
17	130	1	84.00000000	80.00000000
17	131	1	84.00000000	80.00000000
17	132	1	84.00000000	80.00000000
17	133	1	84.00000000	80.00000000
17	134	1	84.00000000	80.00000000
17	135	1	84.00000000	80.00000000
17	136	1	84.00000000	80.00000000
17	137	1	84.00000000	80.00000000
17	138	1	84.00000000	80.00000000
17	139	1	84.00000000	80.00000000
17	140	1	84.00000000	80.00000000
17	141	1	84.00000000	80.00000000
17	142	1	84.00000000	80.00000000
17	143	1	84.00000000	80.00000000
17	144	1	84.00000000	80.00000000
17	145	1	84.00000000	80.00000000
17	146	1	84.00000000	80.00000000
17	147	1	84.00000000	80.00000000
17	148	1	84.00000000	80.00000000
17	149	1	84.00000000	80.00000000
17	150	1	84.00000000	80.00000000
17	151	1	84.00000000	80.00000000
17	152	1	84.00000000	80.00000000
17	153	1	84.00000000	80.00000000
17	154	1	84.00000000	80.00000000
17	155	1	84.00000000	80.00000000
17	156	1	84.00000000	80.00000000
17	157	1	84.00000000	80.00000000
17	158	1	84.00000000	80.00000000
17	159	1	84.00000000	80.00000000
17	160	1	84.00000000	80.00000000
17	161	1	84.00000000	80.00000000
17	162	1	84.00000000	80.00000000
17	163	1	84.00000000	80.00000000
17	164	1	84.00000000	80.00000000
17	165	1	84.00000000	80.00000000
17	166	1	84.00000000	80.00000000
17	167	1	84.00000000	80.00000000
17	168	1	84.00000000	80.00000000
17	169	1	84.00000000	80.00000000
17	170	1	84.00000000	80.00000000
17	171	1	84.00000000	80.00000000
17	172	1	84.00000000	80.00000000
17	173	1	84.00000000	80.00000000
17	174	1	84.00000000	80.00000000
17	175	1	84.00000000	80.00000000
17	176	1	84.00000000	80.00000000
17	177	1	84.00000000	80.00000000
17	178	1	84.00000000	80.00000000
17	179	1	84.00000000	80.00000000
17	180	1	84.00000000	80.00000000
17	181	1	84.00000000	80.00000000
17	182	1	84.00000000	80.00000000
17	183	1	84.00000000	80.00000000
17	184	1	84.00000000	80.00000000
17	185	1	84.00000000	80.00000000
17	186	1	84.00000000	80.00000000
17	187	1	84.00000000	80.00000000
17	188	1	84.00000000	80.00000000
17	189	1	84.00000000	80.00000000
17	190	1	84.00000000	80.00000000
17	191	1	84.00000000	80.00000000
17	192	1	84.00000000	80.00000000
17	193	1	84.00000000	80.00000000
17	194	1	84.00000000	80.00000000
17	195	1	84.00000000	80.00000000
17	196	1	84.00000000	80.00000000
17	197	1	84.00000000	80.00000000
17	198	1	84.00000000	80.00000000
17	199	1	84.00000000	80.00000000
17	200	1	84.00000000	80.00000000
17	201	1	84.00000000	80.00000000
17	202	1	84.00000000	80.00000000
17	203	1	84.00000000	80.00000000
17	204	1	84.00000000	80.00000000
17	205	1	84.00000000	80.00000000
17	206	1	84.00000000	80.00000000
17	207	1	84.00000000	80.00000000
17	208	1	84.00000000	80.00000000
17	209	1	84.00000000	80.00000000
17	210	1	84.00000000	80.00000000
17	211	1	84.00000000	80.00000000
17	212	1	84.00000000	80.00000000
17	213	1	84.00000000	80.00000000
17	214	1	84.00000000	80.00000000
17	215	1	84.00000000	80.00000000
17	216	1	84.00000000	80.00000000
17	217	1	84.00000000	80.00000000
17	218	1	84.00000000	80.00000000
17	219	1	84.00000000	80.00000000
17	220	1	84.00000000	80.00000000
17	221	1	84.00000000	80.00000000
17	222	1	84.00000000	80.00000000
17	223	1	84.00000000	80.00000000
18	0	1	84.00000000	80.00000000
18	1	1	84.00000000	80.00000000
18	2	1	84.00000000	80.00000000
18	3	1	84.00000000	80.00000000
18	4	1	84.00000000	80.00000000
18	5	1	84.00000000	80.00000000
18	6	1	84.00000000	80.00000000
18	7	1	84.00000000	80.00000000
18	8	1	84.00000000	80.00000000
18	9	1	84.00000000	80.00000000
18	10	1	84.00000000	80.00000000
18	11	1	84.00000000	80.00000000
18	12	1	84.00000000	80.00000000
18	13	1	84.00000000	80.00000000
18	14	1	84.00000000	80.00000000
18	15	1	84.00000000	80.00000000
18	16	1	84.00000000	80.00000000
18	17	1	84.00000000	80.00000000
18	18	1	84.00000000	80.00000000
18	19	1	84.00000000	80.00000000
18	20	1	84.00000000	80.00000000
18	21	1	84.00000000	80.00000000
18	22	1	84.00000000	80.00000000
18	23	1	84.00000000	80.00000000
18	24	1	84.00000000	80.00000000
18	25	1	84.00000000	80.00000000
18	26	1	84.00000000	80.00000000
18	27	1	84.00000000	80.00000000
18	28	1	84.00000000	80.00000000
18	29	1	84.00000000	80.00000000
18	30	1	84.00000000	80.00000000
18	31	1	84.00000000	80.00000000
18	32	1	84.00000000	80.00000000
18	33	1	84.00000000	80.00000000
18	34	1	84.00000000	80.00000000
18	35	1	84.00000000	80.00000000
18	36	1	84.00000000	80.00000000
18	37	1	84.00000000	80.00000000
18	38	1	84.00000000	80.00000000
18	39	1	84.00000000	80.00000000
18	40	1	84.00000000	80.00000000
18	41	1	84.00000000	80.00000000
18	42	1	84.00000000	80.00000000
18	43	1	84.00000000	80.00000000
18	44	1	84.00000000	80.00000000
18	45	1	84.00000000	80.00000000
18	46	1	84.00000000	80.00000000
18	47	1	84.00000000	80.00000000
18	48	1	84.00000000	80.00000000
18	49	1	84.00000000	80.00000000
18	50	1	84.00000000	80.00000000
18	51	1	84.00000000	80.00000000
18	52	1	84.00000000	80.00000000
18	53	1	84.00000000	80.00000000
18	54	1	84.00000000	80.00000000
18	55	1	84.00000000	80.00000000
18	56	1	84.00000000	80.00000000
18	57	1	84.00000000	80.00000000
18	58	1	84.00000000	80.00000000
18	59	1	84.00000000	80.00000000
18	60	1	84.00000000	80.00000000
18	61	1	84.00000000	80.00000000
18	62	1	84.00000000	80.00000000
18	63	1	84.00000000	80.00000000
18	64	1	84.00000000	80.00000000
18	65	1	84.00000000	80.00000000
18	66	1	84.00000000	80.00000000
18	67	1	84.00000000	80.00000000
18	68	1	84.00000000	80.00000000
18	69	1	84.00000000	80.00000000
18	70	1	84.00000000	80.00000000
18	71	1	84.00000000	80.00000000
18	72	1	84.00000000	80.00000000
18	73	1	84.00000000	80.00000000
18	74	1	84.00000000	80.00000000
18	75	1	84.00000000	80.00000000
18	76	1	84.00000000	80.00000000
18	77	1	84.00000000	80.00000000
18	78	1	84.00000000	80.00000000
18	79	1	84.00000000	80.00000000
18	80	1	84.00000000	80.00000000
18	81	1	84.00000000	80.00000000
18	82	1	84.00000000	80.00000000
18	83	1	84.00000000	80.00000000
18	84	1	84.00000000	80.00000000
18	85	1	84.00000000	80.00000000
18	86	1	84.00000000	80.00000000
18	87	1	84.00000000	80.00000000
18	88	1	84.00000000	80.00000000
18	89	1	84.00000000	80.00000000
18	90	1	84.00000000	80.00000000
18	91	1	84.00000000	80.00000000
18	92	1	84.00000000	80.00000000
18	93	1	84.00000000	80.00000000
18	94	1	84.00000000	80.00000000
18	95	1	84.00000000	80.00000000
18	96	1	84.00000000	80.00000000
18	97	1	84.00000000	80.00000000
18	98	1	84.00000000	80.00000000
18	99	1	84.00000000	80.00000000
18	100	1	84.00000000	80.00000000
18	101	1	84.00000000	80.00000000
18	102	1	84.00000000	80.00000000
18	103	1	84.00000000	80.00000000
18	104	1	84.00000000	80.00000000
18	105	1	84.00000000	80.00000000
18	106	1	84.00000000	80.00000000
18	107	1	84.00000000	80.00000000
18	108	1	84.00000000	80.00000000
18	109	1	84.00000000	80.00000000
18	110	1	84.00000000	80.00000000
18	111	1	84.00000000	80.00000000
18	112	1	84.00000000	80.00000000
18	113	1	84.00000000	80.00000000
18	114	1	84.00000000	80.00000000
18	115	1	84.00000000	80.00000000
18	116	1	84.00000000	80.00000000
18	117	1	84.00000000	80.00000000
18	118	1	84.00000000	80.00000000
18	119	1	84.00000000	80.00000000
18	120	1	84.00000000	80.00000000
18	121	1	84.00000000	80.00000000
18	122	1	84.00000000	80.00000000
18	123	1	84.00000000	80.00000000
18	124	1	84.00000000	80.00000000
18	125	1	84.00000000	80.00000000
18	126	1	84.00000000	80.00000000
18	127	1	84.00000000	80.00000000
18	128	1	84.00000000	80.00000000
18	129	1	84.00000000	80.00000000
18	130	1	84.00000000	80.00000000
18	131	1	84.00000000	80.00000000
18	132	1	84.00000000	80.00000000
18	133	1	84.00000000	80.00000000
18	134	1	84.00000000	80.00000000
18	135	1	84.00000000	80.00000000
18	136	1	84.00000000	80.00000000
18	137	1	84.00000000	80.00000000
18	138	1	84.00000000	80.00000000
18	139	1	84.00000000	80.00000000
18	140	1	84.00000000	80.00000000
18	141	1	84.00000000	80.00000000
18	142	1	84.00000000	80.00000000
18	143	1	84.00000000	80.00000000
18	144	1	84.00000000	80.00000000
18	145	1	84.00000000	80.00000000
18	146	1	84.00000000	80.00000000
18	147	1	84.00000000	80.00000000
18	148	1	84.00000000	80.00000000
18	149	1	84.00000000	80.00000000
18	150	1	84.00000000	80.00000000
18	151	1	84.00000000	80.00000000
18	152	1	84.00000000	80.00000000
18	153	1	84.00000000	80.00000000
18	154	1	84.00000000	80.00000000
18	155	1	84.00000000	80.00000000
18	156	1	84.00000000	80.00000000
18	157	1	84.00000000	80.00000000
18	158	1	84.00000000	80.00000000
18	159	1	84.00000000	80.00000000
18	160	1	84.00000000	80.00000000
18	161	1	84.00000000	80.00000000
18	162	1	84.00000000	80.00000000
18	163	1	84.00000000	80.00000000
18	164	1	84.00000000	80.00000000
18	165	1	84.00000000	80.00000000
18	166	1	84.00000000	80.00000000
18	167	1	84.00000000	80.00000000
18	168	1	84.00000000	80.00000000
18	169	1	84.00000000	80.00000000
18	170	1	84.00000000	80.00000000
18	171	1	84.00000000	80.00000000
18	172	1	84.00000000	80.00000000
18	173	1	84.00000000	80.00000000
18	174	1	84.00000000	80.00000000
18	175	1	84.00000000	80.00000000
18	176	1	84.00000000	80.00000000
18	177	1	84.00000000	80.00000000
18	178	1	84.00000000	80.00000000
18	179	1	84.00000000	80.00000000
18	180	1	84.00000000	80.00000000
18	181	1	84.00000000	80.00000000
18	182	1	84.00000000	80.00000000
18	183	1	84.00000000	80.00000000
18	184	1	84.00000000	80.00000000
18	185	1	84.00000000	80.00000000
18	186	1	84.00000000	80.00000000
18	187	1	84.00000000	80.00000000
18	188	1	84.00000000	80.00000000
18	189	1	84.00000000	80.00000000
18	190	1	84.00000000	80.00000000
18	191	1	84.00000000	80.00000000
18	192	1	84.00000000	80.00000000
18	193	1	84.00000000	80.00000000
18	194	1	84.00000000	80.00000000
18	195	1	84.00000000	80.00000000
18	196	1	84.00000000	80.00000000
18	197	1	84.00000000	80.00000000
18	198	1	84.00000000	80.00000000
18	199	1	84.00000000	80.00000000
18	200	1	84.00000000	80.00000000
18	201	1	84.00000000	80.00000000
18	202	1	84.00000000	80.00000000
18	203	1	84.00000000	80.00000000
18	204	1	84.00000000	80.00000000
18	205	1	84.00000000	80.00000000
18	206	1	84.00000000	80.00000000
18	207	1	84.00000000	80.00000000
18	208	1	84.00000000	80.00000000
18	209	1	84.00000000	80.00000000
18	210	1	84.00000000	80.00000000
18	211	1	84.00000000	80.00000000
18	212	1	84.00000000	80.00000000
18	213	1	84.00000000	80.00000000
18	214	1	84.00000000	80.00000000
18	215	1	84.00000000	80.00000000
18	216	1	84.00000000	80.00000000
18	217	1	84.00000000	80.00000000
18	218	1	84.00000000	80.00000000
18	219	1	84.00000000	80.00000000
18	220	1	84.00000000	80.00000000
18	221	1	84.00000000	80.00000000
18	222	1	84.00000000	80.00000000
18	223	1	84.00000000	80.00000000
18	224	1	84.00000000	80.00000000
18	225	1	84.00000000	80.00000000
18	226	1	84.00000000	80.00000000
18	227	1	84.00000000	80.00000000
18	228	1	84.00000000	80.00000000
18	229	1	84.00000000	80.00000000
18	230	1	84.00000000	80.00000000
18	231	1	84.00000000	80.00000000
19	0	1	84.00000000	80.00000000
19	1	1	84.00000000	80.00000000
19	2	1	84.00000000	80.00000000
19	3	1	84.00000000	80.00000000
19	4	1	84.00000000	80.00000000
19	5	1	84.00000000	80.00000000
19	6	1	84.00000000	80.00000000
19	7	1	84.00000000	80.00000000
19	8	1	84.00000000	80.00000000
19	9	1	84.00000000	80.00000000
19	10	1	84.00000000	80.00000000
19	11	1	84.00000000	80.00000000
19	12	1	84.00000000	80.00000000
19	13	1	84.00000000	80.00000000
19	14	1	84.00000000	80.00000000
19	15	1	84.00000000	80.00000000
19	16	1	84.00000000	80.00000000
19	17	1	84.00000000	80.00000000
19	18	1	84.00000000	80.00000000
19	19	1	84.00000000	80.00000000
19	20	1	84.00000000	80.00000000
19	21	1	84.00000000	80.00000000
19	22	1	84.00000000	80.00000000
19	23	1	84.00000000	80.00000000
19	24	1	84.00000000	80.00000000
19	25	1	84.00000000	80.00000000
19	26	1	84.00000000	80.00000000
19	27	1	84.00000000	80.00000000
19	28	1	84.00000000	80.00000000
19	29	1	84.00000000	80.00000000
19	30	1	84.00000000	80.00000000
19	31	1	84.00000000	80.00000000
19	32	1	84.00000000	80.00000000
19	33	1	84.00000000	80.00000000
19	34	1	84.00000000	80.00000000
19	35	1	84.00000000	80.00000000
19	36	1	84.00000000	80.00000000
19	37	1	84.00000000	80.00000000
19	38	1	84.00000000	80.00000000
19	39	1	84.00000000	80.00000000
19	40	1	84.00000000	80.00000000
19	41	1	84.00000000	80.00000000
19	42	1	84.00000000	80.00000000
19	43	1	84.00000000	80.00000000
19	44	1	84.00000000	80.00000000
19	45	1	84.00000000	80.00000000
19	46	1	84.00000000	80.00000000
19	47	1	84.00000000	80.00000000
19	48	1	84.00000000	80.00000000
19	49	1	84.00000000	80.00000000
19	50	1	84.00000000	80.00000000
19	51	1	84.00000000	80.00000000
19	52	1	84.00000000	80.00000000
19	53	1	84.00000000	80.00000000
19	54	1	84.00000000	80.00000000
19	55	1	84.00000000	80.00000000
19	56	1	84.00000000	80.00000000
19	57	1	84.00000000	80.00000000
19	58	1	84.00000000	80.00000000
19	59	1	84.00000000	80.00000000
19	60	1	84.00000000	80.00000000
19	61	1	84.00000000	80.00000000
19	62	1	84.00000000	80.00000000
19	63	1	84.00000000	80.00000000
19	64	1	84.00000000	80.00000000
19	65	1	84.00000000	80.00000000
19	66	1	84.00000000	80.00000000
19	67	1	84.00000000	80.00000000
19	68	1	84.00000000	80.00000000
19	69	1	84.00000000	80.00000000
19	70	1	84.00000000	80.00000000
19	71	1	84.00000000	80.00000000
19	72	1	84.00000000	80.00000000
19	73	1	84.00000000	80.00000000
19	74	1	84.00000000	80.00000000
19	75	1	84.00000000	80.00000000
19	76	1	84.00000000	80.00000000
19	77	1	84.00000000	80.00000000
19	78	1	84.00000000	80.00000000
19	79	1	84.00000000	80.00000000
19	80	1	84.00000000	80.00000000
19	81	1	84.00000000	80.00000000
19	82	1	84.00000000	80.00000000
19	83	1	84.00000000	80.00000000
19	84	1	84.00000000	80.00000000
19	85	1	84.00000000	80.00000000
19	86	1	84.00000000	80.00000000
19	87	1	84.00000000	80.00000000
19	88	1	84.00000000	80.00000000
19	89	1	84.00000000	80.00000000
19	90	1	84.00000000	80.00000000
19	91	1	84.00000000	80.00000000
19	92	1	84.00000000	80.00000000
19	93	1	84.00000000	80.00000000
19	94	1	84.00000000	80.00000000
19	95	1	84.00000000	80.00000000
19	96	1	84.00000000	80.00000000
19	97	1	84.00000000	80.00000000
19	98	1	84.00000000	80.00000000
19	99	1	84.00000000	80.00000000
19	100	1	84.00000000	80.00000000
19	101	1	84.00000000	80.00000000
19	102	1	84.00000000	80.00000000
19	103	1	84.00000000	80.00000000
19	104	1	84.00000000	80.00000000
19	105	1	84.00000000	80.00000000
19	106	1	84.00000000	80.00000000
19	107	1	84.00000000	80.00000000
19	108	1	84.00000000	80.00000000
19	109	1	84.00000000	80.00000000
19	110	1	84.00000000	80.00000000
19	111	1	84.00000000	80.00000000
19	112	1	84.00000000	80.00000000
19	113	1	84.00000000	80.00000000
19	114	1	84.00000000	80.00000000
19	115	1	84.00000000	80.00000000
19	116	1	84.00000000	80.00000000
19	117	1	84.00000000	80.00000000
19	118	1	84.00000000	80.00000000
19	119	1	84.00000000	80.00000000
19	120	1	84.00000000	80.00000000
19	121	1	84.00000000	80.00000000
19	122	1	84.00000000	80.00000000
19	123	1	84.00000000	80.00000000
19	124	1	84.00000000	80.00000000
19	125	1	84.00000000	80.00000000
19	126	1	84.00000000	80.00000000
19	127	1	84.00000000	80.00000000
19	128	1	84.00000000	80.00000000
19	129	1	84.00000000	80.00000000
19	130	1	84.00000000	80.00000000
19	131	1	84.00000000	80.00000000
19	132	1	84.00000000	80.00000000
19	133	1	84.00000000	80.00000000
19	134	1	84.00000000	80.00000000
19	135	1	84.00000000	80.00000000
19	136	1	84.00000000	80.00000000
19	137	1	84.00000000	80.00000000
19	138	1	84.00000000	80.00000000
19	139	1	84.00000000	80.00000000
19	140	1	84.00000000	80.00000000
19	141	1	84.00000000	80.00000000
19	142	1	84.00000000	80.00000000
19	143	1	84.00000000	80.00000000
19	144	1	84.00000000	80.00000000
19	145	1	84.00000000	80.00000000
19	146	1	84.00000000	80.00000000
19	147	1	84.00000000	80.00000000
19	148	1	84.00000000	80.00000000
19	149	1	84.00000000	80.00000000
19	150	1	84.00000000	80.00000000
19	151	1	84.00000000	80.00000000
19	152	1	84.00000000	80.00000000
19	153	1	84.00000000	80.00000000
19	154	1	84.00000000	80.00000000
19	155	1	84.00000000	80.00000000
19	156	1	84.00000000	80.00000000
19	157	1	84.00000000	80.00000000
19	158	1	84.00000000	80.00000000
19	159	1	84.00000000	80.00000000
19	160	1	84.00000000	80.00000000
19	161	1	84.00000000	80.00000000
19	162	1	84.00000000	80.00000000
19	163	1	84.00000000	80.00000000
19	164	1	84.00000000	80.00000000
19	165	1	84.00000000	80.00000000
19	166	1	84.00000000	80.00000000
19	167	1	84.00000000	80.00000000
19	168	1	84.00000000	80.00000000
19	169	1	84.00000000	80.00000000
19	170	1	84.00000000	80.00000000
19	171	1	84.00000000	80.00000000
19	172	1	84.00000000	80.00000000
19	173	1	84.00000000	80.00000000
19	174	1	84.00000000	80.00000000
19	175	1	84.00000000	80.00000000
19	176	1	84.00000000	80.00000000
19	177	1	84.00000000	80.00000000
19	178	1	84.00000000	80.00000000
19	179	1	84.00000000	80.00000000
19	180	1	84.00000000	80.00000000
19	181	1	84.00000000	80.00000000
19	182	1	84.00000000	80.00000000
19	183	1	84.00000000	80.00000000
19	184	1	84.00000000	80.00000000
19	185	1	84.00000000	80.00000000
19	186	1	84.00000000	80.00000000
19	187	1	84.00000000	80.00000000
19	188	1	84.00000000	80.00000000
19	189	1	84.00000000	80.00000000
19	190	1	84.00000000	80.00000000
19	191	1	84.00000000	80.00000000
19	192	1	84.00000000	80.00000000
19	193	1	84.00000000	80.00000000
19	194	1	84.00000000	80.00000000
19	195	1	84.00000000	80.00000000
19	196	1	84.00000000	80.00000000
19	197	1	84.00000000	80.00000000
19	198	1	84.00000000	80.00000000
19	199	1	84.00000000	80.00000000
19	200	1	84.00000000	80.00000000
19	201	1	84.00000000	80.00000000
19	202	1	84.00000000	80.00000000
19	203	1	84.00000000	80.00000000
19	204	1	84.00000000	80.00000000
19	205	1	84.00000000	80.00000000
19	206	1	84.00000000	80.00000000
19	207	1	84.00000000	80.00000000
19	208	1	84.00000000	80.00000000
19	209	1	84.00000000	80.00000000
19	210	1	84.00000000	80.00000000
19	211	1	84.00000000	80.00000000
19	212	1	84.00000000	80.00000000
19	213	1	84.00000000	80.00000000
19	214	1	84.00000000	80.00000000
19	215	1	84.00000000	80.00000000
19	216	1	84.00000000	80.00000000
19	217	1	84.00000000	80.00000000
19	218	1	84.00000000	80.00000000
19	219	1	84.00000000	80.00000000
19	220	1	84.00000000	80.00000000
19	221	1	84.00000000	80.00000000
19	222	1	84.00000000	80.00000000
19	223	1	84.00000000	80.00000000
19	224	1	84.00000000	80.00000000
19	225	1	84.00000000	80.00000000
19	226	1	84.00000000	80.00000000
19	227	1	84.00000000	80.00000000
19	228	1	84.00000000	80.00000000
19	229	1	84.00000000	80.00000000
19	230	1	84.00000000	80.00000000
19	231	1	84.00000000	80.00000000
19	232	1	84.00000000	80.00000000
19	233	1	84.00000000	80.00000000
19	234	1	84.00000000	80.00000000
19	235	1	84.00000000	80.00000000
19	236	1	84.00000000	80.00000000
19	237	1	84.00000000	80.00000000
20	0	1	84.00000000	80.00000000
20	1	1	84.00000000	80.00000000
20	2	1	84.00000000	80.00000000
20	3	1	84.00000000	80.00000000
20	4	1	84.00000000	80.00000000
20	5	1	84.00000000	80.00000000
20	6	1	84.00000000	80.00000000
20	7	1	84.00000000	80.00000000
20	8	1	84.00000000	80.00000000
20	9	1	84.00000000	80.00000000
20	10	1	84.00000000	80.00000000
20	11	1	84.00000000	80.00000000
20	12	1	84.00000000	80.00000000
20	13	1	84.00000000	80.00000000
20	14	1	84.00000000	80.00000000
20	15	1	84.00000000	80.00000000
20	16	1	84.00000000	80.00000000
20	17	1	84.00000000	80.00000000
20	18	1	84.00000000	80.00000000
20	19	1	84.00000000	80.00000000
20	20	1	84.00000000	80.00000000
20	21	1	84.00000000	80.00000000
20	22	1	84.00000000	80.00000000
20	23	1	84.00000000	80.00000000
20	24	1	84.00000000	80.00000000
20	25	1	84.00000000	80.00000000
20	26	1	84.00000000	80.00000000
20	27	1	84.00000000	80.00000000
20	28	1	84.00000000	80.00000000
20	29	1	84.00000000	80.00000000
20	30	1	84.00000000	80.00000000
20	31	1	84.00000000	80.00000000
20	32	1	84.00000000	80.00000000
20	33	1	84.00000000	80.00000000
20	34	1	84.00000000	80.00000000
20	35	1	84.00000000	80.00000000
20	36	1	84.00000000	80.00000000
20	37	1	84.00000000	80.00000000
20	38	1	84.00000000	80.00000000
20	39	1	84.00000000	80.00000000
20	40	1	84.00000000	80.00000000
20	41	1	84.00000000	80.00000000
20	42	1	84.00000000	80.00000000
20	43	1	84.00000000	80.00000000
20	44	1	84.00000000	80.00000000
20	45	1	84.00000000	80.00000000
20	46	1	84.00000000	80.00000000
20	47	1	84.00000000	80.00000000
20	48	1	84.00000000	80.00000000
20	49	1	84.00000000	80.00000000
20	50	1	84.00000000	80.00000000
20	51	1	84.00000000	80.00000000
20	52	1	84.00000000	80.00000000
20	53	1	84.00000000	80.00000000
20	54	1	84.00000000	80.00000000
20	55	1	84.00000000	80.00000000
20	56	1	84.00000000	80.00000000
20	57	1	84.00000000	80.00000000
20	58	1	84.00000000	80.00000000
20	59	1	84.00000000	80.00000000
20	60	1	84.00000000	80.00000000
20	61	1	84.00000000	80.00000000
20	62	1	84.00000000	80.00000000
20	63	1	84.00000000	80.00000000
20	64	1	84.00000000	80.00000000
20	65	1	84.00000000	80.00000000
20	66	1	84.00000000	80.00000000
20	67	1	84.00000000	80.00000000
20	68	1	84.00000000	80.00000000
20	69	1	84.00000000	80.00000000
20	70	1	84.00000000	80.00000000
20	71	1	84.00000000	80.00000000
20	72	1	84.00000000	80.00000000
20	73	1	84.00000000	80.00000000
20	74	1	84.00000000	80.00000000
20	75	1	84.00000000	80.00000000
20	76	1	84.00000000	80.00000000
20	77	1	84.00000000	80.00000000
20	78	1	84.00000000	80.00000000
20	79	1	84.00000000	80.00000000
20	80	1	84.00000000	80.00000000
20	81	1	84.00000000	80.00000000
20	82	1	84.00000000	80.00000000
20	83	1	84.00000000	80.00000000
20	84	1	84.00000000	80.00000000
20	85	1	84.00000000	80.00000000
20	86	1	84.00000000	80.00000000
20	87	1	84.00000000	80.00000000
20	88	1	84.00000000	80.00000000
20	89	1	84.00000000	80.00000000
20	90	1	84.00000000	80.00000000
20	91	1	84.00000000	80.00000000
20	92	1	84.00000000	80.00000000
20	93	1	84.00000000	80.00000000
20	94	1	84.00000000	80.00000000
20	95	1	84.00000000	80.00000000
20	96	1	84.00000000	80.00000000
20	97	1	84.00000000	80.00000000
20	98	1	84.00000000	80.00000000
20	99	1	84.00000000	80.00000000
20	100	1	84.00000000	80.00000000
20	101	1	84.00000000	80.00000000
20	102	1	84.00000000	80.00000000
20	103	1	84.00000000	80.00000000
20	104	1	84.00000000	80.00000000
20	105	1	84.00000000	80.00000000
20	106	1	84.00000000	80.00000000
20	107	1	84.00000000	80.00000000
20	108	1	84.00000000	80.00000000
20	109	1	84.00000000	80.00000000
20	110	1	84.00000000	80.00000000
20	111	1	84.00000000	80.00000000
20	112	1	84.00000000	80.00000000
20	113	1	84.00000000	80.00000000
20	114	1	84.00000000	80.00000000
20	115	1	84.00000000	80.00000000
20	116	1	84.00000000	80.00000000
20	117	1	84.00000000	80.00000000
20	118	1	84.00000000	80.00000000
20	119	1	84.00000000	80.00000000
20	120	1	84.00000000	80.00000000
20	121	1	84.00000000	80.00000000
20	122	1	84.00000000	80.00000000
20	123	1	84.00000000	80.00000000
20	124	1	84.00000000	80.00000000
20	125	1	84.00000000	80.00000000
20	126	1	84.00000000	80.00000000
20	127	1	84.00000000	80.00000000
20	128	1	84.00000000	80.00000000
20	129	1	84.00000000	80.00000000
20	130	1	84.00000000	80.00000000
20	131	1	84.00000000	80.00000000
20	132	1	84.00000000	80.00000000
20	133	1	84.00000000	80.00000000
20	134	1	84.00000000	80.00000000
20	135	1	84.00000000	80.00000000
20	136	1	84.00000000	80.00000000
20	137	1	84.00000000	80.00000000
20	138	1	84.00000000	80.00000000
20	139	1	84.00000000	80.00000000
20	140	1	84.00000000	80.00000000
20	141	1	84.00000000	80.00000000
20	142	1	84.00000000	80.00000000
20	143	1	84.00000000	80.00000000
20	144	1	84.00000000	80.00000000
20	145	1	84.00000000	80.00000000
20	146	1	84.00000000	80.00000000
20	147	1	84.00000000	80.00000000
20	148	1	84.00000000	80.00000000
20	149	1	84.00000000	80.00000000
20	150	1	84.00000000	80.00000000
20	151	1	84.00000000	80.00000000
20	152	1	84.00000000	80.00000000
20	153	1	84.00000000	80.00000000
20	154	1	84.00000000	80.00000000
20	155	1	84.00000000	80.00000000
20	156	1	84.00000000	80.00000000
20	157	1	84.00000000	80.00000000
20	158	1	84.00000000	80.00000000
20	159	1	84.00000000	80.00000000
20	160	1	84.00000000	80.00000000
20	161	1	84.00000000	80.00000000
20	162	1	84.00000000	80.00000000
20	163	1	84.00000000	80.00000000
20	164	1	84.00000000	80.00000000
20	165	1	84.00000000	80.00000000
20	166	1	84.00000000	80.00000000
20	167	1	84.00000000	80.00000000
20	168	1	84.00000000	80.00000000
20	169	1	84.00000000	80.00000000
20	170	1	84.00000000	80.00000000
20	171	1	84.00000000	80.00000000
20	172	1	84.00000000	80.00000000
20	173	1	84.00000000	80.00000000
20	174	1	84.00000000	80.00000000
20	175	1	84.00000000	80.00000000
20	176	1	84.00000000	80.00000000
20	177	1	84.00000000	80.00000000
20	178	1	84.00000000	80.00000000
20	179	1	84.00000000	80.00000000
20	180	1	84.00000000	80.00000000
20	181	1	84.00000000	80.00000000
20	182	1	84.00000000	80.00000000
20	183	1	84.00000000	80.00000000
20	184	1	84.00000000	80.00000000
20	185	1	84.00000000	80.00000000
20	186	1	84.00000000	80.00000000
20	187	1	84.00000000	80.00000000
20	188	1	84.00000000	80.00000000
20	189	1	84.00000000	80.00000000
20	190	1	84.00000000	80.00000000
20	191	1	84.00000000	80.00000000
20	192	1	84.00000000	80.00000000
20	193	1	84.00000000	80.00000000
20	194	1	84.00000000	80.00000000
20	195	1	84.00000000	80.00000000
20	196	1	84.00000000	80.00000000
20	197	1	84.00000000	80.00000000
20	198	1	84.00000000	80.00000000
20	199	1	84.00000000	80.00000000
20	200	1	84.00000000	80.00000000
20	201	1	84.00000000	80.00000000
20	202	1	84.00000000	80.00000000
20	203	1	84.00000000	80.00000000
20	204	1	84.00000000	80.00000000
20	205	1	84.00000000	80.00000000
20	206	1	84.00000000	80.00000000
20	207	1	84.00000000	80.00000000
20	208	1	84.00000000	80.00000000
20	209	1	84.00000000	80.00000000
20	210	1	84.00000000	80.00000000
20	211	1	84.00000000	80.00000000
20	212	1	84.00000000	80.00000000
20	213	1	84.00000000	80.00000000
20	214	1	84.00000000	80.00000000
20	215	1	84.00000000	80.00000000
20	216	1	84.00000000	80.00000000
20	217	1	84.00000000	80.00000000
20	218	1	84.00000000	80.00000000
20	219	1	84.00000000	80.00000000
20	220	1	84.00000000	80.00000000
20	221	1	84.00000000	80.00000000
20	222	1	84.00000000	80.00000000
20	223	1	84.00000000	80.00000000
20	224	1	84.00000000	80.00000000
20	225	1	84.00000000	80.00000000
20	226	1	84.00000000	80.00000000
20	227	1	84.00000000	80.00000000
20	228	1	84.00000000	80.00000000
20	229	1	84.00000000	80.00000000
20	230	1	84.00000000	80.00000000
20	231	1	84.00000000	80.00000000
20	232	1	84.00000000	80.00000000
20	233	1	84.00000000	80.00000000
20	234	1	84.00000000	80.00000000
20	235	1	84.00000000	80.00000000
20	236	1	84.00000000	80.00000000
20	237	1	84.00000000	80.00000000
20	238	1	84.00000000	80.00000000
20	239	1	84.00000000	80.00000000
20	240	1	84.00000000	80.00000000
20	241	1	84.00000000	80.00000000
20	242	1	84.00000000	80.00000000
20	243	1	84.00000000	80.00000000
21	0	1	84.00000000	80.00000000
21	1	1	84.00000000	80.00000000
21	2	1	84.00000000	80.00000000
21	3	1	84.00000000	80.00000000
21	4	1	84.00000000	80.00000000
21	5	1	84.00000000	80.00000000
21	6	1	84.00000000	80.00000000
21	7	1	84.00000000	80.00000000
21	8	1	84.00000000	80.00000000
21	9	1	84.00000000	80.00000000
21	10	1	84.00000000	80.00000000
21	11	1	84.00000000	80.00000000
21	12	1	84.00000000	80.00000000
21	13	1	84.00000000	80.00000000
21	14	1	84.00000000	80.00000000
21	15	1	84.00000000	80.00000000
21	16	1	84.00000000	80.00000000
21	17	1	84.00000000	80.00000000
21	18	1	84.00000000	80.00000000
21	19	1	84.00000000	80.00000000
21	20	1	84.00000000	80.00000000
21	21	1	84.00000000	80.00000000
21	22	1	84.00000000	80.00000000
21	23	1	84.00000000	80.00000000
21	24	1	84.00000000	80.00000000
21	25	1	84.00000000	80.00000000
21	26	1	84.00000000	80.00000000
21	27	1	84.00000000	80.00000000
21	28	1	84.00000000	80.00000000
21	29	1	84.00000000	80.00000000
21	30	1	84.00000000	80.00000000
21	31	1	84.00000000	80.00000000
21	32	1	84.00000000	80.00000000
21	33	1	84.00000000	80.00000000
21	34	1	84.00000000	80.00000000
21	35	1	84.00000000	80.00000000
21	36	1	84.00000000	80.00000000
21	37	1	84.00000000	80.00000000
21	38	1	84.00000000	80.00000000
21	39	1	84.00000000	80.00000000
21	40	1	84.00000000	80.00000000
21	41	1	84.00000000	80.00000000
21	42	1	84.00000000	80.00000000
21	43	1	84.00000000	80.00000000
21	44	1	84.00000000	80.00000000
21	45	1	84.00000000	80.00000000
21	46	1	84.00000000	80.00000000
21	47	1	84.00000000	80.00000000
21	48	1	84.00000000	80.00000000
21	49	1	84.00000000	80.00000000
21	50	1	84.00000000	80.00000000
21	51	1	84.00000000	80.00000000
21	52	1	84.00000000	80.00000000
21	53	1	84.00000000	80.00000000
21	54	1	84.00000000	80.00000000
21	55	1	84.00000000	80.00000000
21	56	1	84.00000000	80.00000000
21	57	1	84.00000000	80.00000000
21	58	1	84.00000000	80.00000000
21	59	1	84.00000000	80.00000000
21	60	1	84.00000000	80.00000000
21	61	1	84.00000000	80.00000000
21	62	1	84.00000000	80.00000000
21	63	1	84.00000000	80.00000000
21	64	1	84.00000000	80.00000000
21	65	1	84.00000000	80.00000000
21	66	1	84.00000000	80.00000000
21	67	1	84.00000000	80.00000000
21	68	1	84.00000000	80.00000000
21	69	1	84.00000000	80.00000000
21	70	1	84.00000000	80.00000000
21	71	1	84.00000000	80.00000000
21	72	1	84.00000000	80.00000000
21	73	1	84.00000000	80.00000000
21	74	1	84.00000000	80.00000000
21	75	1	84.00000000	80.00000000
21	76	1	84.00000000	80.00000000
21	77	1	84.00000000	80.00000000
21	78	1	84.00000000	80.00000000
21	79	1	84.00000000	80.00000000
21	80	1	84.00000000	80.00000000
21	81	1	84.00000000	80.00000000
21	82	1	84.00000000	80.00000000
21	83	1	84.00000000	80.00000000
21	84	1	84.00000000	80.00000000
21	85	1	84.00000000	80.00000000
21	86	1	84.00000000	80.00000000
21	87	1	84.00000000	80.00000000
21	88	1	84.00000000	80.00000000
21	89	1	84.00000000	80.00000000
21	90	1	84.00000000	80.00000000
21	91	1	84.00000000	80.00000000
21	92	1	84.00000000	80.00000000
21	93	1	84.00000000	80.00000000
21	94	1	84.00000000	80.00000000
21	95	1	84.00000000	80.00000000
21	96	1	84.00000000	80.00000000
21	97	1	84.00000000	80.00000000
21	98	1	84.00000000	80.00000000
21	99	1	84.00000000	80.00000000
21	100	1	84.00000000	80.00000000
21	101	1	84.00000000	80.00000000
21	102	1	84.00000000	80.00000000
21	103	1	84.00000000	80.00000000
21	104	1	84.00000000	80.00000000
21	105	1	84.00000000	80.00000000
21	106	1	84.00000000	80.00000000
21	107	1	84.00000000	80.00000000
21	108	1	84.00000000	80.00000000
21	109	1	84.00000000	80.00000000
21	110	1	84.00000000	80.00000000
21	111	1	84.00000000	80.00000000
21	112	1	84.00000000	80.00000000
21	113	1	84.00000000	80.00000000
21	114	1	84.00000000	80.00000000
21	115	1	84.00000000	80.00000000
21	116	1	84.00000000	80.00000000
21	117	1	84.00000000	80.00000000
21	118	1	84.00000000	80.00000000
21	119	1	84.00000000	80.00000000
21	120	1	84.00000000	80.00000000
21	121	1	84.00000000	80.00000000
21	122	1	84.00000000	80.00000000
21	123	1	84.00000000	80.00000000
21	124	1	84.00000000	80.00000000
21	125	1	84.00000000	80.00000000
21	126	1	84.00000000	80.00000000
21	127	1	84.00000000	80.00000000
21	128	1	84.00000000	80.00000000
21	129	1	84.00000000	80.00000000
21	130	1	84.00000000	80.00000000
21	131	1	84.00000000	80.00000000
21	132	1	84.00000000	80.00000000
21	133	1	84.00000000	80.00000000
21	134	1	84.00000000	80.00000000
21	135	1	84.00000000	80.00000000
21	136	1	84.00000000	80.00000000
21	137	1	84.00000000	80.00000000
21	138	1	84.00000000	80.00000000
21	139	1	84.00000000	80.00000000
21	140	1	84.00000000	80.00000000
21	141	1	84.00000000	80.00000000
21	142	1	84.00000000	80.00000000
21	143	1	84.00000000	80.00000000
21	144	1	84.00000000	80.00000000
21	145	1	84.00000000	80.00000000
21	146	1	84.00000000	80.00000000
21	147	1	84.00000000	80.00000000
21	148	1	84.00000000	80.00000000
21	149	1	84.00000000	80.00000000
21	150	1	84.00000000	80.00000000
21	151	1	84.00000000	80.00000000
21	152	1	84.00000000	80.00000000
21	153	1	84.00000000	80.00000000
21	154	1	84.00000000	80.00000000
21	155	1	84.00000000	80.00000000
21	156	1	84.00000000	80.00000000
21	157	1	84.00000000	80.00000000
21	158	1	84.00000000	80.00000000
21	159	1	84.00000000	80.00000000
21	160	1	84.00000000	80.00000000
21	161	1	84.00000000	80.00000000
21	162	1	84.00000000	80.00000000
21	163	1	84.00000000	80.00000000
21	164	1	84.00000000	80.00000000
21	165	1	84.00000000	80.00000000
21	166	1	84.00000000	80.00000000
21	167	1	84.00000000	80.00000000
21	168	1	84.00000000	80.00000000
21	169	1	84.00000000	80.00000000
21	170	1	84.00000000	80.00000000
21	171	1	84.00000000	80.00000000
21	172	1	84.00000000	80.00000000
21	173	1	84.00000000	80.00000000
21	174	1	84.00000000	80.00000000
21	175	1	84.00000000	80.00000000
21	176	1	84.00000000	80.00000000
21	177	1	84.00000000	80.00000000
21	178	1	84.00000000	80.00000000
21	179	1	84.00000000	80.00000000
21	180	1	84.00000000	80.00000000
21	181	1	84.00000000	80.00000000
21	182	1	84.00000000	80.00000000
21	183	1	84.00000000	80.00000000
21	184	1	84.00000000	80.00000000
21	185	1	84.00000000	80.00000000
21	186	1	84.00000000	80.00000000
21	187	1	84.00000000	80.00000000
21	188	1	84.00000000	80.00000000
21	189	1	84.00000000	80.00000000
21	190	1	84.00000000	80.00000000
21	191	1	84.00000000	80.00000000
21	192	1	84.00000000	80.00000000
21	193	1	84.00000000	80.00000000
21	194	1	84.00000000	80.00000000
21	195	1	84.00000000	80.00000000
21	196	1	84.00000000	80.00000000
21	197	1	84.00000000	80.00000000
21	198	1	84.00000000	80.00000000
21	199	1	84.00000000	80.00000000
21	200	1	84.00000000	80.00000000
21	201	1	84.00000000	80.00000000
21	202	1	84.00000000	80.00000000
21	203	1	84.00000000	80.00000000
21	204	1	84.00000000	80.00000000
21	205	1	84.00000000	80.00000000
21	206	1	84.00000000	80.00000000
21	207	1	84.00000000	80.00000000
21	208	1	84.00000000	80.00000000
21	209	1	84.00000000	80.00000000
21	210	1	84.00000000	80.00000000
21	211	1	84.00000000	80.00000000
21	212	1	84.00000000	80.00000000
21	213	1	84.00000000	80.00000000
21	214	1	84.00000000	80.00000000
21	215	1	84.00000000	80.00000000
21	216	1	84.00000000	80.00000000
21	217	1	84.00000000	80.00000000
21	218	1	84.00000000	80.00000000
21	219	1	84.00000000	80.00000000
21	220	1	84.00000000	80.00000000
21	221	1	84.00000000	80.00000000
21	222	1	84.00000000	80.00000000
21	223	1	84.00000000	80.00000000
21	224	1	84.00000000	80.00000000
21	225	1	84.00000000	80.00000000
21	226	1	84.00000000	80.00000000
21	227	1	84.00000000	80.00000000
21	228	1	84.00000000	80.00000000
21	229	1	84.00000000	80.00000000
21	230	1	84.00000000	80.00000000
21	231	1	84.00000000	80.00000000
22	0	1	84.00000000	80.00000000
22	1	1	84.00000000	80.00000000
22	2	1	84.00000000	80.00000000
22	3	1	84.00000000	80.00000000
22	4	1	84.00000000	80.00000000
22	5	1	84.00000000	80.00000000
22	6	1	84.00000000	80.00000000
22	7	1	84.00000000	80.00000000
22	8	1	84.00000000	80.00000000
22	9	1	84.00000000	80.00000000
22	10	1	84.00000000	80.00000000
22	11	1	84.00000000	80.00000000
22	12	1	84.00000000	80.00000000
22	13	1	84.00000000	80.00000000
22	14	1	84.00000000	80.00000000
22	15	1	84.00000000	80.00000000
22	16	1	84.00000000	80.00000000
22	17	1	84.00000000	80.00000000
22	18	1	84.00000000	80.00000000
22	19	1	84.00000000	80.00000000
22	20	1	84.00000000	80.00000000
22	21	1	84.00000000	80.00000000
22	22	1	84.00000000	80.00000000
22	23	1	84.00000000	80.00000000
22	24	1	84.00000000	80.00000000
22	25	1	84.00000000	80.00000000
22	26	1	84.00000000	80.00000000
22	27	1	84.00000000	80.00000000
22	28	1	84.00000000	80.00000000
22	29	1	84.00000000	80.00000000
22	30	1	84.00000000	80.00000000
22	31	1	84.00000000	80.00000000
22	32	1	84.00000000	80.00000000
22	33	1	84.00000000	80.00000000
22	34	1	84.00000000	80.00000000
22	35	1	84.00000000	80.00000000
22	36	1	84.00000000	80.00000000
22	37	1	84.00000000	80.00000000
22	38	1	84.00000000	80.00000000
22	39	1	84.00000000	80.00000000
22	40	1	84.00000000	80.00000000
22	41	1	84.00000000	80.00000000
22	42	1	84.00000000	80.00000000
22	43	1	84.00000000	80.00000000
22	44	1	84.00000000	80.00000000
22	45	1	84.00000000	80.00000000
22	46	1	84.00000000	80.00000000
22	47	1	84.00000000	80.00000000
22	48	1	84.00000000	80.00000000
22	49	1	84.00000000	80.00000000
22	50	1	84.00000000	80.00000000
22	51	1	84.00000000	80.00000000
22	52	1	84.00000000	80.00000000
22	53	1	84.00000000	80.00000000
22	54	1	84.00000000	80.00000000
22	55	1	84.00000000	80.00000000
22	56	1	84.00000000	80.00000000
22	57	1	84.00000000	80.00000000
22	58	1	84.00000000	80.00000000
22	59	1	84.00000000	80.00000000
22	60	1	84.00000000	80.00000000
22	61	1	84.00000000	80.00000000
22	62	1	84.00000000	80.00000000
22	63	1	84.00000000	80.00000000
22	64	1	84.00000000	80.00000000
22	65	1	84.00000000	80.00000000
22	66	1	84.00000000	80.00000000
22	67	1	84.00000000	80.00000000
22	68	1	84.00000000	80.00000000
22	69	1	84.00000000	80.00000000
22	70	1	84.00000000	80.00000000
22	71	1	84.00000000	80.00000000
22	72	1	84.00000000	80.00000000
22	73	1	84.00000000	80.00000000
22	74	1	84.00000000	80.00000000
22	75	1	84.00000000	80.00000000
22	76	1	84.00000000	80.00000000
22	77	1	84.00000000	80.00000000
22	78	1	84.00000000	80.00000000
22	79	1	84.00000000	80.00000000
22	80	1	84.00000000	80.00000000
22	81	1	84.00000000	80.00000000
22	82	1	84.00000000	80.00000000
22	83	1	84.00000000	80.00000000
22	84	1	84.00000000	80.00000000
22	85	1	84.00000000	80.00000000
22	86	1	84.00000000	80.00000000
22	87	1	84.00000000	80.00000000
22	88	1	84.00000000	80.00000000
22	89	1	84.00000000	80.00000000
22	90	1	84.00000000	80.00000000
22	91	1	84.00000000	80.00000000
22	92	1	84.00000000	80.00000000
22	93	1	84.00000000	80.00000000
22	94	1	84.00000000	80.00000000
22	95	1	84.00000000	80.00000000
22	96	1	84.00000000	80.00000000
22	97	1	84.00000000	80.00000000
22	98	1	84.00000000	80.00000000
22	99	1	84.00000000	80.00000000
22	100	1	84.00000000	80.00000000
22	101	1	84.00000000	80.00000000
22	102	1	84.00000000	80.00000000
22	103	1	84.00000000	80.00000000
22	104	1	84.00000000	80.00000000
22	105	1	84.00000000	80.00000000
22	106	1	84.00000000	80.00000000
22	107	1	84.00000000	80.00000000
22	108	1	84.00000000	80.00000000
22	109	1	84.00000000	80.00000000
22	110	1	84.00000000	80.00000000
22	111	1	84.00000000	80.00000000
22	112	1	84.00000000	80.00000000
22	113	1	84.00000000	80.00000000
22	114	1	84.00000000	80.00000000
22	115	1	84.00000000	80.00000000
22	116	1	84.00000000	80.00000000
22	117	1	84.00000000	80.00000000
22	118	1	84.00000000	80.00000000
22	119	1	84.00000000	80.00000000
22	120	1	84.00000000	80.00000000
22	121	1	84.00000000	80.00000000
22	122	1	84.00000000	80.00000000
22	123	1	84.00000000	80.00000000
22	124	1	84.00000000	80.00000000
22	125	1	84.00000000	80.00000000
22	126	1	84.00000000	80.00000000
22	127	1	84.00000000	80.00000000
22	128	1	84.00000000	80.00000000
22	129	1	84.00000000	80.00000000
22	130	1	84.00000000	80.00000000
22	131	1	84.00000000	80.00000000
22	132	1	84.00000000	80.00000000
22	133	1	84.00000000	80.00000000
22	134	1	84.00000000	80.00000000
22	135	1	84.00000000	80.00000000
22	136	1	84.00000000	80.00000000
22	137	1	84.00000000	80.00000000
22	138	1	84.00000000	80.00000000
22	139	1	84.00000000	80.00000000
22	140	1	84.00000000	80.00000000
22	141	1	84.00000000	80.00000000
22	142	1	84.00000000	80.00000000
22	143	1	84.00000000	80.00000000
22	144	1	84.00000000	80.00000000
22	145	1	84.00000000	80.00000000
22	146	1	84.00000000	80.00000000
22	147	1	84.00000000	80.00000000
22	148	1	84.00000000	80.00000000
22	149	1	84.00000000	80.00000000
22	150	1	84.00000000	80.00000000
22	151	1	84.00000000	80.00000000
22	152	1	84.00000000	80.00000000
22	153	1	84.00000000	80.00000000
22	154	1	84.00000000	80.00000000
22	155	1	84.00000000	80.00000000
22	156	1	84.00000000	80.00000000
22	157	1	84.00000000	80.00000000
22	158	1	84.00000000	80.00000000
22	159	1	84.00000000	80.00000000
22	160	1	84.00000000	80.00000000
22	161	1	84.00000000	80.00000000
22	162	1	84.00000000	80.00000000
22	163	1	84.00000000	80.00000000
22	164	1	84.00000000	80.00000000
22	165	1	84.00000000	80.00000000
22	166	1	84.00000000	80.00000000
22	167	1	84.00000000	80.00000000
22	168	1	84.00000000	80.00000000
22	169	1	84.00000000	80.00000000
22	170	1	84.00000000	80.00000000
22	171	1	84.00000000	80.00000000
22	172	1	84.00000000	80.00000000
22	173	1	84.00000000	80.00000000
22	174	1	84.00000000	80.00000000
22	175	1	84.00000000	80.00000000
22	176	1	84.00000000	80.00000000
22	177	1	84.00000000	80.00000000
22	178	1	84.00000000	80.00000000
22	179	1	84.00000000	80.00000000
22	180	1	84.00000000	80.00000000
22	181	1	84.00000000	80.00000000
22	182	1	84.00000000	80.00000000
22	183	1	84.00000000	80.00000000
22	184	1	84.00000000	80.00000000
22	185	1	84.00000000	80.00000000
22	186	1	84.00000000	80.00000000
22	187	1	84.00000000	80.00000000
22	188	1	84.00000000	80.00000000
22	189	1	84.00000000	80.00000000
22	190	1	84.00000000	80.00000000
22	191	1	84.00000000	80.00000000
22	192	1	84.00000000	80.00000000
22	193	1	84.00000000	80.00000000
22	194	1	84.00000000	80.00000000
22	195	1	84.00000000	80.00000000
22	196	1	84.00000000	80.00000000
22	197	1	84.00000000	80.00000000
22	198	1	84.00000000	80.00000000
22	199	1	84.00000000	80.00000000
22	200	1	84.00000000	80.00000000
22	201	1	84.00000000	80.00000000
22	202	1	84.00000000	80.00000000
22	203	1	84.00000000	80.00000000
22	204	1	84.00000000	80.00000000
22	205	1	84.00000000	80.00000000
22	206	1	84.00000000	80.00000000
22	207	1	84.00000000	80.00000000
22	208	1	84.00000000	80.00000000
22	209	1	84.00000000	80.00000000
22	210	1	84.00000000	80.00000000
22	211	1	84.00000000	80.00000000
22	212	1	84.00000000	80.00000000
22	213	1	84.00000000	80.00000000
22	214	1	84.00000000	80.00000000
22	215	1	84.00000000	80.00000000
22	216	1	84.00000000	80.00000000
22	217	1	84.00000000	80.00000000
23	0	1	84.00000000	80.00000000
23	1	1	84.00000000	80.00000000
23	2	1	84.00000000	80.00000000
23	3	1	84.00000000	80.00000000
23	4	1	84.00000000	80.00000000
23	5	1	84.00000000	80.00000000
23	6	1	84.00000000	80.00000000
23	7	1	84.00000000	80.00000000
23	8	1	84.00000000	80.00000000
23	9	1	84.00000000	80.00000000
23	10	1	84.00000000	80.00000000
23	11	1	84.00000000	80.00000000
23	12	1	84.00000000	80.00000000
23	13	1	84.00000000	80.00000000
23	14	1	84.00000000	80.00000000
23	15	1	84.00000000	80.00000000
23	16	1	84.00000000	80.00000000
23	17	1	84.00000000	80.00000000
23	18	1	84.00000000	80.00000000
23	19	1	84.00000000	80.00000000
23	20	1	84.00000000	80.00000000
23	21	1	84.00000000	80.00000000
23	22	1	84.00000000	80.00000000
23	23	1	84.00000000	80.00000000
23	24	1	84.00000000	80.00000000
23	25	1	84.00000000	80.00000000
23	26	1	84.00000000	80.00000000
23	27	1	84.00000000	80.00000000
23	28	1	84.00000000	80.00000000
23	29	1	84.00000000	80.00000000
23	30	1	84.00000000	80.00000000
23	31	1	84.00000000	80.00000000
23	32	1	84.00000000	80.00000000
23	33	1	84.00000000	80.00000000
23	34	1	84.00000000	80.00000000
23	35	1	84.00000000	80.00000000
23	36	1	84.00000000	80.00000000
23	37	1	84.00000000	80.00000000
23	38	1	84.00000000	80.00000000
23	39	1	84.00000000	80.00000000
23	40	1	84.00000000	80.00000000
23	41	1	84.00000000	80.00000000
23	42	1	84.00000000	80.00000000
23	43	1	84.00000000	80.00000000
23	44	1	84.00000000	80.00000000
23	45	1	84.00000000	80.00000000
23	46	1	84.00000000	80.00000000
23	47	1	84.00000000	80.00000000
23	48	1	84.00000000	80.00000000
23	49	1	84.00000000	80.00000000
23	50	1	84.00000000	80.00000000
23	51	1	84.00000000	80.00000000
23	52	1	84.00000000	80.00000000
23	53	1	84.00000000	80.00000000
23	54	1	84.00000000	80.00000000
23	55	1	84.00000000	80.00000000
23	56	1	84.00000000	80.00000000
23	57	1	84.00000000	80.00000000
23	58	1	84.00000000	80.00000000
23	59	1	84.00000000	80.00000000
23	60	1	84.00000000	80.00000000
23	61	1	84.00000000	80.00000000
23	62	1	84.00000000	80.00000000
23	63	1	84.00000000	80.00000000
23	64	1	84.00000000	80.00000000
23	65	1	84.00000000	80.00000000
23	66	1	84.00000000	80.00000000
23	67	1	84.00000000	80.00000000
23	68	1	84.00000000	80.00000000
23	69	1	84.00000000	80.00000000
23	70	1	84.00000000	80.00000000
23	71	1	84.00000000	80.00000000
23	72	1	84.00000000	80.00000000
23	73	1	84.00000000	80.00000000
23	74	1	84.00000000	80.00000000
23	75	1	84.00000000	80.00000000
23	76	1	84.00000000	80.00000000
23	77	1	84.00000000	80.00000000
23	78	1	84.00000000	80.00000000
23	79	1	84.00000000	80.00000000
23	80	1	84.00000000	80.00000000
23	81	1	84.00000000	80.00000000
23	82	1	84.00000000	80.00000000
23	83	1	84.00000000	80.00000000
23	84	1	84.00000000	80.00000000
23	85	1	84.00000000	80.00000000
23	86	1	84.00000000	80.00000000
23	87	1	84.00000000	80.00000000
23	88	1	84.00000000	80.00000000
23	89	1	84.00000000	80.00000000
23	90	1	84.00000000	80.00000000
23	91	1	84.00000000	80.00000000
23	92	1	84.00000000	80.00000000
23	93	1	84.00000000	80.00000000
23	94	1	84.00000000	80.00000000
23	95	1	84.00000000	80.00000000
23	96	1	84.00000000	80.00000000
23	97	1	84.00000000	80.00000000
23	98	1	84.00000000	80.00000000
23	99	1	84.00000000	80.00000000
23	100	1	84.00000000	80.00000000
23	101	1	84.00000000	80.00000000
23	102	1	84.00000000	80.00000000
23	103	1	84.00000000	80.00000000
23	104	1	84.00000000	80.00000000
23	105	1	84.00000000	80.00000000
23	106	1	84.00000000	80.00000000
23	107	1	84.00000000	80.00000000
23	108	1	84.00000000	80.00000000
23	109	1	84.00000000	80.00000000
23	110	1	84.00000000	80.00000000
23	111	1	84.00000000	80.00000000
23	112	1	84.00000000	80.00000000
23	113	1	84.00000000	80.00000000
23	114	1	84.00000000	80.00000000
23	115	1	84.00000000	80.00000000
23	116	1	84.00000000	80.00000000
23	117	1	84.00000000	80.00000000
23	118	1	84.00000000	80.00000000
23	119	1	84.00000000	80.00000000
23	120	1	84.00000000	80.00000000
23	121	1	84.00000000	80.00000000
23	122	1	84.00000000	80.00000000
23	123	1	84.00000000	80.00000000
23	124	1	84.00000000	80.00000000
23	125	1	84.00000000	80.00000000
23	126	1	84.00000000	80.00000000
23	127	1	84.00000000	80.00000000
23	128	1	84.00000000	80.00000000
23	129	1	84.00000000	80.00000000
23	130	1	84.00000000	80.00000000
23	131	1	84.00000000	80.00000000
23	132	1	84.00000000	80.00000000
23	133	1	84.00000000	80.00000000
23	134	1	84.00000000	80.00000000
23	135	1	84.00000000	80.00000000
23	136	1	84.00000000	80.00000000
23	137	1	84.00000000	80.00000000
23	138	1	84.00000000	80.00000000
23	139	1	84.00000000	80.00000000
23	140	1	84.00000000	80.00000000
23	141	1	84.00000000	80.00000000
23	142	1	84.00000000	80.00000000
23	143	1	84.00000000	80.00000000
23	144	1	84.00000000	80.00000000
23	145	1	84.00000000	80.00000000
23	146	1	84.00000000	80.00000000
23	147	1	84.00000000	80.00000000
23	148	1	84.00000000	80.00000000
23	149	1	84.00000000	80.00000000
23	150	1	84.00000000	80.00000000
23	151	1	84.00000000	80.00000000
23	152	1	84.00000000	80.00000000
23	153	1	84.00000000	80.00000000
23	154	1	84.00000000	80.00000000
23	155	1	84.00000000	80.00000000
23	156	1	84.00000000	80.00000000
23	157	1	84.00000000	80.00000000
23	158	1	84.00000000	80.00000000
23	159	1	84.00000000	80.00000000
23	160	1	84.00000000	80.00000000
23	161	1	84.00000000	80.00000000
23	162	1	84.00000000	80.00000000
23	163	1	84.00000000	80.00000000
23	164	1	84.00000000	80.00000000
23	165	1	84.00000000	80.00000000
23	166	1	84.00000000	80.00000000
23	167	1	84.00000000	80.00000000
23	168	1	84.00000000	80.00000000
23	169	1	84.00000000	80.00000000
23	170	1	84.00000000	80.00000000
23	171	1	84.00000000	80.00000000
23	172	1	84.00000000	80.00000000
23	173	1	84.00000000	80.00000000
23	174	1	84.00000000	80.00000000
23	175	1	84.00000000	80.00000000
23	176	1	84.00000000	80.00000000
23	177	1	84.00000000	80.00000000
23	178	1	84.00000000	80.00000000
23	179	1	84.00000000	80.00000000
23	180	1	84.00000000	80.00000000
23	181	1	84.00000000	80.00000000
23	182	1	84.00000000	80.00000000
23	183	1	84.00000000	80.00000000
23	184	1	84.00000000	80.00000000
23	185	1	84.00000000	80.00000000
23	186	1	84.00000000	80.00000000
23	187	1	84.00000000	80.00000000
23	188	1	84.00000000	80.00000000
23	189	1	84.00000000	80.00000000
23	190	1	84.00000000	80.00000000
23	191	1	84.00000000	80.00000000
23	192	1	84.00000000	80.00000000
23	193	1	84.00000000	80.00000000
23	194	1	84.00000000	80.00000000
23	195	1	84.00000000	80.00000000
23	196	1	84.00000000	80.00000000
23	197	1	84.00000000	80.00000000
23	198	1	84.00000000	80.00000000
23	199	1	84.00000000	80.00000000
23	200	1	84.00000000	80.00000000
23	201	1	84.00000000	80.00000000
23	202	1	84.00000000	80.00000000
23	203	1	84.00000000	80.00000000
23	204	1	84.00000000	80.00000000
23	205	1	84.00000000	80.00000000
23	206	1	84.00000000	80.00000000
23	207	1	84.00000000	80.00000000
23	208	1	84.00000000	80.00000000
23	209	1	84.00000000	80.00000000
24	0	1	84.00000000	80.00000000
24	1	1	84.00000000	80.00000000
24	2	1	84.00000000	80.00000000
24	3	1	84.00000000	80.00000000
24	4	1	84.00000000	80.00000000
24	5	1	84.00000000	80.00000000
24	6	1	84.00000000	80.00000000
24	7	1	84.00000000	80.00000000
24	8	1	84.00000000	80.00000000
24	9	1	84.00000000	80.00000000
24	10	1	84.00000000	80.00000000
24	11	1	84.00000000	80.00000000
24	12	1	84.00000000	80.00000000
24	13	1	84.00000000	80.00000000
24	14	1	84.00000000	80.00000000
24	15	1	84.00000000	80.00000000
24	16	1	84.00000000	80.00000000
24	17	1	84.00000000	80.00000000
24	18	1	84.00000000	80.00000000
24	19	1	84.00000000	80.00000000
24	20	1	84.00000000	80.00000000
24	21	1	84.00000000	80.00000000
24	22	1	84.00000000	80.00000000
24	23	1	84.00000000	80.00000000
24	24	1	84.00000000	80.00000000
24	25	1	84.00000000	80.00000000
24	26	1	84.00000000	80.00000000
24	27	1	84.00000000	80.00000000
24	28	1	84.00000000	80.00000000
24	29	1	84.00000000	80.00000000
24	30	1	84.00000000	80.00000000
24	31	1	84.00000000	80.00000000
24	32	1	84.00000000	80.00000000
24	33	1	84.00000000	80.00000000
24	34	1	84.00000000	80.00000000
24	35	1	84.00000000	80.00000000
24	36	1	84.00000000	80.00000000
24	37	1	84.00000000	80.00000000
24	38	1	84.00000000	80.00000000
24	39	1	84.00000000	80.00000000
24	40	1	84.00000000	80.00000000
24	41	1	84.00000000	80.00000000
24	42	1	84.00000000	80.00000000
24	43	1	84.00000000	80.00000000
24	44	1	84.00000000	80.00000000
24	45	1	84.00000000	80.00000000
24	46	1	84.00000000	80.00000000
24	47	1	84.00000000	80.00000000
24	48	1	84.00000000	80.00000000
24	49	1	84.00000000	80.00000000
24	50	1	84.00000000	80.00000000
24	51	1	84.00000000	80.00000000
24	52	1	84.00000000	80.00000000
24	53	1	84.00000000	80.00000000
24	54	1	84.00000000	80.00000000
24	55	1	84.00000000	80.00000000
24	56	1	84.00000000	80.00000000
24	57	1	84.00000000	80.00000000
24	58	1	84.00000000	80.00000000
24	59	1	84.00000000	80.00000000
24	60	1	84.00000000	80.00000000
24	61	1	84.00000000	80.00000000
24	62	1	84.00000000	80.00000000
24	63	1	84.00000000	80.00000000
24	64	1	84.00000000	80.00000000
24	65	1	84.00000000	80.00000000
24	66	1	84.00000000	80.00000000
24	67	1	84.00000000	80.00000000
24	68	1	84.00000000	80.00000000
24	69	1	84.00000000	80.00000000
24	70	1	84.00000000	80.00000000
24	71	1	84.00000000	80.00000000
24	72	1	84.00000000	80.00000000
24	73	1	84.00000000	80.00000000
24	74	1	84.00000000	80.00000000
24	75	1	84.00000000	80.00000000
24	76	1	84.00000000	80.00000000
24	77	1	84.00000000	80.00000000
24	78	1	84.00000000	80.00000000
24	79	1	84.00000000	80.00000000
24	80	1	84.00000000	80.00000000
24	81	1	84.00000000	80.00000000
24	82	1	84.00000000	80.00000000
24	83	1	84.00000000	80.00000000
24	84	1	84.00000000	80.00000000
24	85	1	84.00000000	80.00000000
24	86	1	84.00000000	80.00000000
24	87	1	84.00000000	80.00000000
24	88	1	84.00000000	80.00000000
24	89	1	84.00000000	80.00000000
24	90	1	84.00000000	80.00000000
24	91	1	84.00000000	80.00000000
24	92	1	84.00000000	80.00000000
24	93	1	84.00000000	80.00000000
24	94	1	84.00000000	80.00000000
24	95	1	84.00000000	80.00000000
24	96	1	84.00000000	80.00000000
24	97	1	84.00000000	80.00000000
24	98	1	84.00000000	80.00000000
24	99	1	84.00000000	80.00000000
24	100	1	84.00000000	80.00000000
24	101	1	84.00000000	80.00000000
24	102	1	84.00000000	80.00000000
24	103	1	84.00000000	80.00000000
24	104	1	84.00000000	80.00000000
24	105	1	84.00000000	80.00000000
24	106	1	84.00000000	80.00000000
24	107	1	84.00000000	80.00000000
24	108	1	84.00000000	80.00000000
24	109	1	84.00000000	80.00000000
24	110	1	84.00000000	80.00000000
24	111	1	84.00000000	80.00000000
24	112	1	84.00000000	80.00000000
24	113	1	84.00000000	80.00000000
24	114	1	84.00000000	80.00000000
24	115	1	84.00000000	80.00000000
24	116	1	84.00000000	80.00000000
24	117	1	84.00000000	80.00000000
24	118	1	84.00000000	80.00000000
24	119	1	84.00000000	80.00000000
24	120	1	84.00000000	80.00000000
24	121	1	84.00000000	80.00000000
24	122	1	84.00000000	80.00000000
24	123	1	84.00000000	80.00000000
24	124	1	84.00000000	80.00000000
24	125	1	84.00000000	80.00000000
24	126	1	84.00000000	80.00000000
24	127	1	84.00000000	80.00000000
24	128	1	84.00000000	80.00000000
24	129	1	84.00000000	80.00000000
24	130	1	84.00000000	80.00000000
24	131	1	84.00000000	80.00000000
24	132	1	84.00000000	80.00000000
24	133	1	84.00000000	80.00000000
24	134	1	84.00000000	80.00000000
24	135	1	84.00000000	80.00000000
24	136	1	84.00000000	80.00000000
24	137	1	84.00000000	80.00000000
24	138	1	84.00000000	80.00000000
24	139	1	84.00000000	80.00000000
24	140	1	84.00000000	80.00000000
24	141	1	84.00000000	80.00000000
24	142	1	84.00000000	80.00000000
24	143	1	84.00000000	80.00000000
24	144	1	84.00000000	80.00000000
24	145	1	84.00000000	80.00000000
24	146	1	84.00000000	80.00000000
24	147	1	84.00000000	80.00000000
24	148	1	84.00000000	80.00000000
24	149	1	84.00000000	80.00000000
24	150	1	84.00000000	80.00000000
24	151	1	84.00000000	80.00000000
24	152	1	84.00000000	80.00000000
24	153	1	84.00000000	80.00000000
24	154	1	84.00000000	80.00000000
24	155	1	84.00000000	80.00000000
24	156	1	84.00000000	80.00000000
24	157	1	84.00000000	80.00000000
24	158	1	84.00000000	80.00000000
24	159	1	84.00000000	80.00000000
24	160	1	84.00000000	80.00000000
24	161	1	84.00000000	80.00000000
24	162	1	84.00000000	80.00000000
24	163	1	84.00000000	80.00000000
24	164	1	84.00000000	80.00000000
24	165	1	84.00000000	80.00000000
24	166	1	84.00000000	80.00000000
24	167	1	84.00000000	80.00000000
24	168	1	84.00000000	80.00000000
24	169	1	84.00000000	80.00000000
24	170	1	84.00000000	80.00000000
24	171	1	84.00000000	80.00000000
24	172	1	84.00000000	80.00000000
24	173	1	84.00000000	80.00000000
24	174	1	84.00000000	80.00000000
24	175	1	84.00000000	80.00000000
24	176	1	84.00000000	80.00000000
24	177	1	84.00000000	80.00000000
24	178	1	84.00000000	80.00000000
24	179	1	84.00000000	80.00000000
24	180	1	84.00000000	80.00000000
24	181	1	84.00000000	80.00000000
24	182	1	84.00000000	80.00000000
24	183	1	84.00000000	80.00000000
24	184	1	84.00000000	80.00000000
24	185	1	84.00000000	80.00000000
24	186	1	84.00000000	80.00000000
24	187	1	84.00000000	80.00000000
24	188	1	84.00000000	80.00000000
24	189	1	84.00000000	80.00000000
24	190	1	84.00000000	80.00000000
24	191	1	84.00000000	80.00000000
24	192	1	84.00000000	80.00000000
24	193	1	84.00000000	80.00000000
24	194	1	84.00000000	80.00000000
24	195	1	84.00000000	80.00000000
24	196	1	84.00000000	80.00000000
24	197	1	84.00000000	80.00000000
24	198	1	84.00000000	80.00000000
24	199	1	84.00000000	80.00000000
24	200	1	84.00000000	80.00000000
24	201	1	84.00000000	80.00000000
24	202	1	84.00000000	80.00000000
24	203	1	84.00000000	80.00000000
24	204	1	84.00000000	80.00000000
24	205	1	84.00000000	80.00000000
25	0	1	84.00000000	80.00000000
25	1	1	84.00000000	80.00000000
25	2	1	84.00000000	80.00000000
25	3	1	84.00000000	80.00000000
25	4	1	84.00000000	80.00000000
25	5	1	84.00000000	80.00000000
25	6	1	84.00000000	80.00000000
25	7	1	84.00000000	80.00000000
25	8	1	84.00000000	80.00000000
25	9	1	84.00000000	80.00000000
25	10	1	84.00000000	80.00000000
25	11	1	84.00000000	80.00000000
25	12	1	84.00000000	80.00000000
25	13	1	84.00000000	80.00000000
25	14	1	84.00000000	80.00000000
25	15	1	84.00000000	80.00000000
25	16	1	84.00000000	80.00000000
25	17	1	84.00000000	80.00000000
25	18	1	84.00000000	80.00000000
25	19	1	84.00000000	80.00000000
25	20	1	84.00000000	80.00000000
25	21	1	84.00000000	80.00000000
25	22	1	84.00000000	80.00000000
25	23	1	84.00000000	80.00000000
25	24	1	84.00000000	80.00000000
25	25	1	84.00000000	80.00000000
25	26	1	84.00000000	80.00000000
25	27	1	84.00000000	80.00000000
25	28	1	84.00000000	80.00000000
25	29	1	84.00000000	80.00000000
25	30	1	84.00000000	80.00000000
25	31	1	84.00000000	80.00000000
25	32	1	84.00000000	80.00000000
25	33	1	84.00000000	80.00000000
25	34	1	84.00000000	80.00000000
25	35	1	84.00000000	80.00000000
25	36	1	84.00000000	80.00000000
25	37	1	84.00000000	80.00000000
25	38	1	84.00000000	80.00000000
25	39	1	84.00000000	80.00000000
25	40	1	84.00000000	80.00000000
25	41	1	84.00000000	80.00000000
25	42	1	84.00000000	80.00000000
25	43	1	84.00000000	80.00000000
25	44	1	84.00000000	80.00000000
25	45	1	84.00000000	80.00000000
25	46	1	84.00000000	80.00000000
25	47	1	84.00000000	80.00000000
25	48	1	84.00000000	80.00000000
25	49	1	84.00000000	80.00000000
25	50	1	84.00000000	80.00000000
25	51	1	84.00000000	80.00000000
25	52	1	84.00000000	80.00000000
25	53	1	84.00000000	80.00000000
25	54	1	84.00000000	80.00000000
25	55	1	84.00000000	80.00000000
25	56	1	84.00000000	80.00000000
25	57	1	84.00000000	80.00000000
25	58	1	84.00000000	80.00000000
25	59	1	84.00000000	80.00000000
25	60	1	84.00000000	80.00000000
25	61	1	84.00000000	80.00000000
25	62	1	84.00000000	80.00000000
25	63	1	84.00000000	80.00000000
25	64	1	84.00000000	80.00000000
25	65	1	84.00000000	80.00000000
25	66	1	84.00000000	80.00000000
25	67	1	84.00000000	80.00000000
25	68	1	84.00000000	80.00000000
25	69	1	84.00000000	80.00000000
25	70	1	84.00000000	80.00000000
25	71	1	84.00000000	80.00000000
25	72	1	84.00000000	80.00000000
25	73	1	84.00000000	80.00000000
25	74	1	84.00000000	80.00000000
25	75	1	84.00000000	80.00000000
25	76	1	84.00000000	80.00000000
25	77	1	84.00000000	80.00000000
25	78	1	84.00000000	80.00000000
25	79	1	84.00000000	80.00000000
25	80	1	84.00000000	80.00000000
25	81	1	84.00000000	80.00000000
25	82	1	84.00000000	80.00000000
25	83	1	84.00000000	80.00000000
25	84	1	84.00000000	80.00000000
25	85	1	84.00000000	80.00000000
25	86	1	84.00000000	80.00000000
25	87	1	84.00000000	80.00000000
25	88	1	84.00000000	80.00000000
25	89	1	84.00000000	80.00000000
25	90	1	84.00000000	80.00000000
25	91	1	84.00000000	80.00000000
25	92	1	84.00000000	80.00000000
25	93	1	84.00000000	80.00000000
25	94	1	84.00000000	80.00000000
25	95	1	84.00000000	80.00000000
25	96	1	84.00000000	80.00000000
25	97	1	84.00000000	80.00000000
25	98	1	84.00000000	80.00000000
25	99	1	84.00000000	80.00000000
25	100	1	84.00000000	80.00000000
25	101	1	84.00000000	80.00000000
25	102	1	84.00000000	80.00000000
25	103	1	84.00000000	80.00000000
25	104	1	84.00000000	80.00000000
25	105	1	84.00000000	80.00000000
25	106	1	84.00000000	80.00000000
25	107	1	84.00000000	80.00000000
25	108	1	84.00000000	80.00000000
25	109	1	84.00000000	80.00000000
25	110	1	84.00000000	80.00000000
25	111	1	84.00000000	80.00000000
25	112	1	84.00000000	80.00000000
25	113	1	84.00000000	80.00000000
25	114	1	84.00000000	80.00000000
25	115	1	84.00000000	80.00000000
25	116	1	84.00000000	80.00000000
25	117	1	84.00000000	80.00000000
25	118	1	84.00000000	80.00000000
25	119	1	84.00000000	80.00000000
25	120	1	84.00000000	80.00000000
25	121	1	84.00000000	80.00000000
25	122	1	84.00000000	80.00000000
25	123	1	84.00000000	80.00000000
25	124	1	84.00000000	80.00000000
25	125	1	84.00000000	80.00000000
25	126	1	84.00000000	80.00000000
25	127	1	84.00000000	80.00000000
25	128	1	84.00000000	80.00000000
25	129	1	84.00000000	80.00000000
25	130	1	84.00000000	80.00000000
25	131	1	84.00000000	80.00000000
25	132	1	84.00000000	80.00000000
25	133	1	84.00000000	80.00000000
25	134	1	84.00000000	80.00000000
25	135	1	84.00000000	80.00000000
25	136	1	84.00000000	80.00000000
25	137	1	84.00000000	80.00000000
25	138	1	84.00000000	80.00000000
25	139	1	84.00000000	80.00000000
25	140	1	84.00000000	80.00000000
25	141	1	84.00000000	80.00000000
25	142	1	84.00000000	80.00000000
25	143	1	84.00000000	80.00000000
25	144	1	84.00000000	80.00000000
25	145	1	84.00000000	80.00000000
25	146	1	84.00000000	80.00000000
25	147	1	84.00000000	80.00000000
25	148	1	84.00000000	80.00000000
25	149	1	84.00000000	80.00000000
25	150	1	84.00000000	80.00000000
25	151	1	84.00000000	80.00000000
25	152	1	84.00000000	80.00000000
25	153	1	84.00000000	80.00000000
25	154	1	84.00000000	80.00000000
25	155	1	84.00000000	80.00000000
25	156	1	84.00000000	80.00000000
25	157	1	84.00000000	80.00000000
25	158	1	84.00000000	80.00000000
25	159	1	84.00000000	80.00000000
25	160	1	84.00000000	80.00000000
25	161	1	84.00000000	80.00000000
25	162	1	84.00000000	80.00000000
25	163	1	84.00000000	80.00000000
25	164	1	84.00000000	80.00000000
25	165	1	84.00000000	80.00000000
25	166	1	84.00000000	80.00000000
25	167	1	84.00000000	80.00000000
25	168	1	84.00000000	80.00000000
25	169	1	84.00000000	80.00000000
25	170	1	84.00000000	80.00000000
25	171	1	84.00000000	80.00000000
25	172	1	84.00000000	80.00000000
25	173	1	84.00000000	80.00000000
25	174	1	84.00000000	80.00000000
25	175	1	84.00000000	80.00000000
25	176	1	84.00000000	80.00000000
25	177	1	84.00000000	80.00000000
25	178	1	84.00000000	80.00000000
25	179	1	84.00000000	80.00000000
25	180	1	84.00000000	80.00000000
25	181	1	84.00000000	80.00000000
25	182	1	84.00000000	80.00000000
25	183	1	84.00000000	80.00000000
25	184	1	84.00000000	80.00000000
25	185	1	84.00000000	80.00000000
25	186	1	84.00000000	80.00000000
25	187	1	84.00000000	80.00000000
25	188	1	84.00000000	80.00000000
25	189	1	84.00000000	80.00000000
25	190	1	84.00000000	80.00000000
25	191	1	84.00000000	80.00000000
25	192	1	84.00000000	80.00000000
25	193	1	84.00000000	80.00000000
25	194	1	84.00000000	80.00000000
25	195	1	84.00000000	80.00000000
25	196	1	84.00000000	80.00000000
25	197	1	84.00000000	80.00000000
25	198	1	84.00000000	80.00000000
25	199	1	84.00000000	80.00000000
25	200	1	84.00000000	80.00000000
25	201	1	84.00000000	80.00000000
26	0	1	84.00000000	80.00000000
26	1	1	84.00000000	80.00000000
26	2	1	84.00000000	80.00000000
26	3	1	84.00000000	80.00000000
26	4	1	84.00000000	80.00000000
26	5	1	84.00000000	80.00000000
26	6	1	84.00000000	80.00000000
26	7	1	84.00000000	80.00000000
26	8	1	84.00000000	80.00000000
26	9	1	84.00000000	80.00000000
26	10	1	84.00000000	80.00000000
26	11	1	84.00000000	80.00000000
26	12	1	84.00000000	80.00000000
26	13	1	84.00000000	80.00000000
26	14	1	84.00000000	80.00000000
26	15	1	84.00000000	80.00000000
26	16	1	84.00000000	80.00000000
26	17	1	84.00000000	80.00000000
26	18	1	84.00000000	80.00000000
26	19	1	84.00000000	80.00000000
26	20	1	84.00000000	80.00000000
26	21	1	84.00000000	80.00000000
26	22	1	84.00000000	80.00000000
26	23	1	84.00000000	80.00000000
26	24	1	84.00000000	80.00000000
26	25	1	84.00000000	80.00000000
26	26	1	84.00000000	80.00000000
26	27	1	84.00000000	80.00000000
26	28	1	84.00000000	80.00000000
26	29	1	84.00000000	80.00000000
26	30	1	84.00000000	80.00000000
26	31	1	84.00000000	80.00000000
26	32	1	84.00000000	80.00000000
26	33	1	84.00000000	80.00000000
26	34	1	84.00000000	80.00000000
26	35	1	84.00000000	80.00000000
26	36	1	84.00000000	80.00000000
26	37	1	84.00000000	80.00000000
26	38	1	84.00000000	80.00000000
26	39	1	84.00000000	80.00000000
26	40	1	84.00000000	80.00000000
26	41	1	84.00000000	80.00000000
26	42	1	84.00000000	80.00000000
26	43	1	84.00000000	80.00000000
26	44	1	84.00000000	80.00000000
26	45	1	84.00000000	80.00000000
26	46	1	84.00000000	80.00000000
26	47	1	84.00000000	80.00000000
26	48	1	84.00000000	80.00000000
26	49	1	84.00000000	80.00000000
26	50	1	84.00000000	80.00000000
26	51	1	84.00000000	80.00000000
26	52	1	84.00000000	80.00000000
26	53	1	84.00000000	80.00000000
26	54	1	84.00000000	80.00000000
26	55	1	84.00000000	80.00000000
26	56	1	84.00000000	80.00000000
26	57	1	84.00000000	80.00000000
26	58	1	84.00000000	80.00000000
26	59	1	84.00000000	80.00000000
26	60	1	84.00000000	80.00000000
26	61	1	84.00000000	80.00000000
26	62	1	84.00000000	80.00000000
26	63	1	84.00000000	80.00000000
26	64	1	84.00000000	80.00000000
26	65	1	84.00000000	80.00000000
26	66	1	84.00000000	80.00000000
26	67	1	84.00000000	80.00000000
26	68	1	84.00000000	80.00000000
26	69	1	84.00000000	80.00000000
26	70	1	84.00000000	80.00000000
26	71	1	84.00000000	80.00000000
26	72	1	84.00000000	80.00000000
26	73	1	84.00000000	80.00000000
26	74	1	84.00000000	80.00000000
26	75	1	84.00000000	80.00000000
26	76	1	84.00000000	80.00000000
26	77	1	84.00000000	80.00000000
26	78	1	84.00000000	80.00000000
26	79	1	84.00000000	80.00000000
26	80	1	84.00000000	80.00000000
26	81	1	84.00000000	80.00000000
26	82	1	84.00000000	80.00000000
26	83	1	84.00000000	80.00000000
26	84	1	84.00000000	80.00000000
26	85	1	84.00000000	80.00000000
26	86	1	84.00000000	80.00000000
26	87	1	84.00000000	80.00000000
26	88	1	84.00000000	80.00000000
26	89	1	84.00000000	80.00000000
26	90	1	84.00000000	80.00000000
26	91	1	84.00000000	80.00000000
26	92	1	84.00000000	80.00000000
26	93	1	84.00000000	80.00000000
26	94	1	84.00000000	80.00000000
26	95	1	84.00000000	80.00000000
26	96	1	84.00000000	80.00000000
26	97	1	84.00000000	80.00000000
26	98	1	84.00000000	80.00000000
26	99	1	84.00000000	80.00000000
26	100	1	84.00000000	80.00000000
26	101	1	84.00000000	80.00000000
26	102	1	84.00000000	80.00000000
26	103	1	84.00000000	80.00000000
26	104	1	84.00000000	80.00000000
26	105	1	84.00000000	80.00000000
26	106	1	84.00000000	80.00000000
26	107	1	84.00000000	80.00000000
26	108	1	84.00000000	80.00000000
26	109	1	84.00000000	80.00000000
26	110	1	84.00000000	80.00000000
26	111	1	84.00000000	80.00000000
26	112	1	84.00000000	80.00000000
26	113	1	84.00000000	80.00000000
26	114	1	84.00000000	80.00000000
26	115	1	84.00000000	80.00000000
26	116	1	84.00000000	80.00000000
26	117	1	84.00000000	80.00000000
26	118	1	84.00000000	80.00000000
26	119	1	84.00000000	80.00000000
26	120	1	84.00000000	80.00000000
26	121	1	84.00000000	80.00000000
26	122	1	84.00000000	80.00000000
26	123	1	84.00000000	80.00000000
26	124	1	84.00000000	80.00000000
26	125	1	84.00000000	80.00000000
26	126	1	84.00000000	80.00000000
26	127	1	84.00000000	80.00000000
26	128	1	84.00000000	80.00000000
26	129	1	84.00000000	80.00000000
26	130	1	84.00000000	80.00000000
26	131	1	84.00000000	80.00000000
26	132	1	84.00000000	80.00000000
26	133	1	84.00000000	80.00000000
26	134	1	84.00000000	80.00000000
26	135	1	84.00000000	80.00000000
26	136	1	84.00000000	80.00000000
26	137	1	84.00000000	80.00000000
26	138	1	84.00000000	80.00000000
26	139	1	84.00000000	80.00000000
26	140	1	84.00000000	80.00000000
26	141	1	84.00000000	80.00000000
26	142	1	84.00000000	80.00000000
26	143	1	84.00000000	80.00000000
26	144	1	84.00000000	80.00000000
26	145	1	84.00000000	80.00000000
26	146	1	84.00000000	80.00000000
26	147	1	84.00000000	80.00000000
26	148	1	84.00000000	80.00000000
26	149	1	84.00000000	80.00000000
26	150	1	84.00000000	80.00000000
26	151	1	84.00000000	80.00000000
26	152	1	84.00000000	80.00000000
26	153	1	84.00000000	80.00000000
26	154	1	84.00000000	80.00000000
26	155	1	84.00000000	80.00000000
26	156	1	84.00000000	80.00000000
26	157	1	84.00000000	80.00000000
26	158	1	84.00000000	80.00000000
26	159	1	84.00000000	80.00000000
26	160	1	84.00000000	80.00000000
26	161	1	84.00000000	80.00000000
26	162	1	84.00000000	80.00000000
26	163	1	84.00000000	80.00000000
26	164	1	84.00000000	80.00000000
26	165	1	84.00000000	80.00000000
26	166	1	84.00000000	80.00000000
26	167	1	84.00000000	80.00000000
26	168	1	84.00000000	80.00000000
26	169	1	84.00000000	80.00000000
26	170	1	84.00000000	80.00000000
26	171	1	84.00000000	80.00000000
26	172	1	84.00000000	80.00000000
26	173	1	84.00000000	80.00000000
26	174	1	84.00000000	80.00000000
26	175	1	84.00000000	80.00000000
26	176	1	84.00000000	80.00000000
26	177	1	84.00000000	80.00000000
26	178	1	84.00000000	80.00000000
26	179	1	84.00000000	80.00000000
26	180	1	84.00000000	80.00000000
26	181	1	84.00000000	80.00000000
26	182	1	84.00000000	80.00000000
26	183	1	84.00000000	80.00000000
26	184	1	84.00000000	80.00000000
26	185	1	84.00000000	80.00000000
26	186	1	84.00000000	80.00000000
26	187	1	84.00000000	80.00000000
26	188	1	84.00000000	80.00000000
26	189	1	84.00000000	80.00000000
26	190	1	84.00000000	80.00000000
26	191	1	84.00000000	80.00000000
26	192	1	84.00000000	80.00000000
26	193	1	84.00000000	80.00000000
26	194	1	84.00000000	80.00000000
26	195	1	84.00000000	80.00000000
26	196	1	84.00000000	80.00000000
26	197	1	84.00000000	80.00000000
26	198	1	84.00000000	80.00000000
26	199	1	84.00000000	80.00000000
27	0	1	84.00000000	80.00000000
27	1	1	84.00000000	80.00000000
27	2	1	84.00000000	80.00000000
27	3	1	84.00000000	80.00000000
27	4	1	84.00000000	80.00000000
27	5	1	84.00000000	80.00000000
27	6	1	84.00000000	80.00000000
27	7	1	84.00000000	80.00000000
27	8	1	84.00000000	80.00000000
27	9	1	84.00000000	80.00000000
27	10	1	84.00000000	80.00000000
27	11	1	84.00000000	80.00000000
27	12	1	84.00000000	80.00000000
27	13	1	84.00000000	80.00000000
27	14	1	84.00000000	80.00000000
27	15	1	84.00000000	80.00000000
27	16	1	84.00000000	80.00000000
27	17	1	84.00000000	80.00000000
27	18	1	84.00000000	80.00000000
27	19	1	84.00000000	80.00000000
27	20	1	84.00000000	80.00000000
27	21	1	84.00000000	80.00000000
27	22	1	84.00000000	80.00000000
27	23	1	84.00000000	80.00000000
27	24	1	84.00000000	80.00000000
27	25	1	84.00000000	80.00000000
27	26	1	84.00000000	80.00000000
27	27	1	84.00000000	80.00000000
27	28	1	84.00000000	80.00000000
27	29	1	84.00000000	80.00000000
27	30	1	84.00000000	80.00000000
27	31	1	84.00000000	80.00000000
27	32	1	84.00000000	80.00000000
27	33	1	84.00000000	80.00000000
27	34	1	84.00000000	80.00000000
27	35	1	84.00000000	80.00000000
27	36	1	84.00000000	80.00000000
27	37	1	84.00000000	80.00000000
27	38	1	84.00000000	80.00000000
27	39	1	84.00000000	80.00000000
27	40	1	84.00000000	80.00000000
27	41	1	84.00000000	80.00000000
27	42	1	84.00000000	80.00000000
27	43	1	84.00000000	80.00000000
27	44	1	84.00000000	80.00000000
27	45	1	84.00000000	80.00000000
27	46	1	84.00000000	80.00000000
27	47	1	84.00000000	80.00000000
27	48	1	84.00000000	80.00000000
27	49	1	84.00000000	80.00000000
27	50	1	84.00000000	80.00000000
27	51	1	84.00000000	80.00000000
27	52	1	84.00000000	80.00000000
27	53	1	84.00000000	80.00000000
27	54	1	84.00000000	80.00000000
27	55	1	84.00000000	80.00000000
27	56	1	84.00000000	80.00000000
27	57	1	84.00000000	80.00000000
27	58	1	84.00000000	80.00000000
27	59	1	84.00000000	80.00000000
27	60	1	84.00000000	80.00000000
27	61	1	84.00000000	80.00000000
27	62	1	84.00000000	80.00000000
27	63	1	84.00000000	80.00000000
27	64	1	84.00000000	80.00000000
27	65	1	84.00000000	80.00000000
27	66	1	84.00000000	80.00000000
27	67	1	84.00000000	80.00000000
27	68	1	84.00000000	80.00000000
27	69	1	84.00000000	80.00000000
27	70	1	84.00000000	80.00000000
27	71	1	84.00000000	80.00000000
27	72	1	84.00000000	80.00000000
27	73	1	84.00000000	80.00000000
27	74	1	84.00000000	80.00000000
27	75	1	84.00000000	80.00000000
27	76	1	84.00000000	80.00000000
27	77	1	84.00000000	80.00000000
27	78	1	84.00000000	80.00000000
27	79	1	84.00000000	80.00000000
27	80	1	84.00000000	80.00000000
27	81	1	84.00000000	80.00000000
27	82	1	84.00000000	80.00000000
27	83	1	84.00000000	80.00000000
27	84	1	84.00000000	80.00000000
27	85	1	84.00000000	80.00000000
27	86	1	84.00000000	80.00000000
27	87	1	84.00000000	80.00000000
27	88	1	84.00000000	80.00000000
27	89	1	84.00000000	80.00000000
27	90	1	84.00000000	80.00000000
27	91	1	84.00000000	80.00000000
27	92	1	84.00000000	80.00000000
27	93	1	84.00000000	80.00000000
27	94	1	84.00000000	80.00000000
27	95	1	84.00000000	80.00000000
27	96	1	84.00000000	80.00000000
27	97	1	84.00000000	80.00000000
27	98	1	84.00000000	80.00000000
27	99	1	84.00000000	80.00000000
27	100	1	84.00000000	80.00000000
27	101	1	84.00000000	80.00000000
27	102	1	84.00000000	80.00000000
27	103	1	84.00000000	80.00000000
27	104	1	84.00000000	80.00000000
27	105	1	84.00000000	80.00000000
27	106	1	84.00000000	80.00000000
27	107	1	84.00000000	80.00000000
27	108	1	84.00000000	80.00000000
27	109	1	84.00000000	80.00000000
27	110	1	84.00000000	80.00000000
27	111	1	84.00000000	80.00000000
27	112	1	84.00000000	80.00000000
27	113	1	84.00000000	80.00000000
27	114	1	84.00000000	80.00000000
27	115	1	84.00000000	80.00000000
27	116	1	84.00000000	80.00000000
27	117	1	84.00000000	80.00000000
27	118	1	84.00000000	80.00000000
27	119	1	84.00000000	80.00000000
27	120	1	84.00000000	80.00000000
27	121	1	84.00000000	80.00000000
27	122	1	84.00000000	80.00000000
27	123	1	84.00000000	80.00000000
27	124	1	84.00000000	80.00000000
27	125	1	84.00000000	80.00000000
27	126	1	84.00000000	80.00000000
27	127	1	84.00000000	80.00000000
27	128	1	84.00000000	80.00000000
27	129	1	84.00000000	80.00000000
27	130	1	84.00000000	80.00000000
27	131	1	84.00000000	80.00000000
27	132	1	84.00000000	80.00000000
27	133	1	84.00000000	80.00000000
27	134	1	84.00000000	80.00000000
27	135	1	84.00000000	80.00000000
27	136	1	84.00000000	80.00000000
27	137	1	84.00000000	80.00000000
27	138	1	84.00000000	80.00000000
27	139	1	84.00000000	80.00000000
27	140	1	84.00000000	80.00000000
27	141	1	84.00000000	80.00000000
27	142	1	84.00000000	80.00000000
27	143	1	84.00000000	80.00000000
27	144	1	84.00000000	80.00000000
27	145	1	84.00000000	80.00000000
27	146	1	84.00000000	80.00000000
27	147	1	84.00000000	80.00000000
27	148	1	84.00000000	80.00000000
27	149	1	84.00000000	80.00000000
27	150	1	84.00000000	80.00000000
27	151	1	84.00000000	80.00000000
27	152	1	84.00000000	80.00000000
27	153	1	84.00000000	80.00000000
27	154	1	84.00000000	80.00000000
27	155	1	84.00000000	80.00000000
27	156	1	84.00000000	80.00000000
27	157	1	84.00000000	80.00000000
27	158	1	84.00000000	80.00000000
27	159	1	84.00000000	80.00000000
27	160	1	84.00000000	80.00000000
27	161	1	84.00000000	80.00000000
27	162	1	84.00000000	80.00000000
27	163	1	84.00000000	80.00000000
27	164	1	84.00000000	80.00000000
27	165	1	84.00000000	80.00000000
27	166	1	84.00000000	80.00000000
27	167	1	84.00000000	80.00000000
27	168	1	84.00000000	80.00000000
27	169	1	84.00000000	80.00000000
27	170	1	84.00000000	80.00000000
27	171	1	84.00000000	80.00000000
27	172	1	84.00000000	80.00000000
27	173	1	84.00000000	80.00000000
27	174	1	84.00000000	80.00000000
27	175	1	84.00000000	80.00000000
27	176	1	84.00000000	80.00000000
27	177	1	84.00000000	80.00000000
27	178	1	84.00000000	80.00000000
27	179	1	84.00000000	80.00000000
27	180	1	84.00000000	80.00000000
27	181	1	84.00000000	80.00000000
27	182	1	84.00000000	80.00000000
27	183	1	84.00000000	80.00000000
27	184	1	84.00000000	80.00000000
27	185	1	84.00000000	80.00000000
27	186	1	84.00000000	80.00000000
27	187	1	84.00000000	80.00000000
27	188	1	84.00000000	80.00000000
27	189	1	84.00000000	80.00000000
27	190	1	84.00000000	80.00000000
27	191	1	84.00000000	80.00000000
27	192	1	84.00000000	80.00000000
27	193	1	84.00000000	80.00000000
27	194	1	84.00000000	80.00000000
27	195	1	84.00000000	80.00000000
28	0	1	84.00000000	80.00000000
28	1	1	84.00000000	80.00000000
28	2	1	84.00000000	80.00000000
28	3	1	84.00000000	80.00000000
28	4	1	84.00000000	80.00000000
28	5	1	84.00000000	80.00000000
28	6	1	84.00000000	80.00000000
28	7	1	84.00000000	80.00000000
28	8	1	84.00000000	80.00000000
28	9	1	84.00000000	80.00000000
28	10	1	84.00000000	80.00000000
28	11	1	84.00000000	80.00000000
28	12	1	84.00000000	80.00000000
28	13	1	84.00000000	80.00000000
28	14	1	84.00000000	80.00000000
28	15	1	84.00000000	80.00000000
28	16	1	84.00000000	80.00000000
28	17	1	84.00000000	80.00000000
28	18	1	84.00000000	80.00000000
28	19	1	84.00000000	80.00000000
28	20	1	84.00000000	80.00000000
28	21	1	84.00000000	80.00000000
28	22	1	84.00000000	80.00000000
28	23	1	84.00000000	80.00000000
28	24	1	84.00000000	80.00000000
28	25	1	84.00000000	80.00000000
28	26	1	84.00000000	80.00000000
28	27	1	84.00000000	80.00000000
28	28	1	84.00000000	80.00000000
28	29	1	84.00000000	80.00000000
28	30	1	84.00000000	80.00000000
28	31	1	84.00000000	80.00000000
28	32	1	84.00000000	80.00000000
28	33	1	84.00000000	80.00000000
28	34	1	84.00000000	80.00000000
28	35	1	84.00000000	80.00000000
28	36	1	84.00000000	80.00000000
28	37	1	84.00000000	80.00000000
28	38	1	84.00000000	80.00000000
28	39	1	84.00000000	80.00000000
28	40	1	84.00000000	80.00000000
28	41	1	84.00000000	80.00000000
28	42	1	84.00000000	80.00000000
28	43	1	84.00000000	80.00000000
28	44	1	84.00000000	80.00000000
28	45	1	84.00000000	80.00000000
28	46	1	84.00000000	80.00000000
28	47	1	84.00000000	80.00000000
28	48	1	84.00000000	80.00000000
28	49	1	84.00000000	80.00000000
28	50	1	84.00000000	80.00000000
28	51	1	84.00000000	80.00000000
28	52	1	84.00000000	80.00000000
28	53	1	84.00000000	80.00000000
28	54	1	84.00000000	80.00000000
28	55	1	84.00000000	80.00000000
28	56	1	84.00000000	80.00000000
28	57	1	84.00000000	80.00000000
28	58	1	84.00000000	80.00000000
28	59	1	84.00000000	80.00000000
28	60	1	84.00000000	80.00000000
28	61	1	84.00000000	80.00000000
28	62	1	84.00000000	80.00000000
28	63	1	84.00000000	80.00000000
28	64	1	84.00000000	80.00000000
28	65	1	84.00000000	80.00000000
28	66	1	84.00000000	80.00000000
28	67	1	84.00000000	80.00000000
28	68	1	84.00000000	80.00000000
28	69	1	84.00000000	80.00000000
28	70	1	84.00000000	80.00000000
28	71	1	84.00000000	80.00000000
28	72	1	84.00000000	80.00000000
28	73	1	84.00000000	80.00000000
28	74	1	84.00000000	80.00000000
28	75	1	84.00000000	80.00000000
28	76	1	84.00000000	80.00000000
28	77	1	84.00000000	80.00000000
28	78	1	84.00000000	80.00000000
28	79	1	84.00000000	80.00000000
28	80	1	84.00000000	80.00000000
28	81	1	84.00000000	80.00000000
28	82	1	84.00000000	80.00000000
28	83	1	84.00000000	80.00000000
28	84	1	84.00000000	80.00000000
28	85	1	84.00000000	80.00000000
28	86	1	84.00000000	80.00000000
28	87	1	84.00000000	80.00000000
28	88	1	84.00000000	80.00000000
28	89	1	84.00000000	80.00000000
28	90	1	84.00000000	80.00000000
28	91	1	84.00000000	80.00000000
28	92	1	84.00000000	80.00000000
28	93	1	84.00000000	80.00000000
28	94	1	84.00000000	80.00000000
28	95	1	84.00000000	80.00000000
28	96	1	84.00000000	80.00000000
28	97	1	84.00000000	80.00000000
28	98	1	84.00000000	80.00000000
28	99	1	84.00000000	80.00000000
28	100	1	84.00000000	80.00000000
28	101	1	84.00000000	80.00000000
28	102	1	84.00000000	80.00000000
28	103	1	84.00000000	80.00000000
28	104	1	84.00000000	80.00000000
28	105	1	84.00000000	80.00000000
28	106	1	84.00000000	80.00000000
28	107	1	84.00000000	80.00000000
28	108	1	84.00000000	80.00000000
28	109	1	84.00000000	80.00000000
28	110	1	84.00000000	80.00000000
28	111	1	84.00000000	80.00000000
28	112	1	84.00000000	80.00000000
28	113	1	84.00000000	80.00000000
28	114	1	84.00000000	80.00000000
28	115	1	84.00000000	80.00000000
28	116	1	84.00000000	80.00000000
28	117	1	84.00000000	80.00000000
28	118	1	84.00000000	80.00000000
28	119	1	84.00000000	80.00000000
28	120	1	84.00000000	80.00000000
28	121	1	84.00000000	80.00000000
28	122	1	84.00000000	80.00000000
28	123	1	84.00000000	80.00000000
28	124	1	84.00000000	80.00000000
28	125	1	84.00000000	80.00000000
28	126	1	84.00000000	80.00000000
28	127	1	84.00000000	80.00000000
28	128	1	84.00000000	80.00000000
28	129	1	84.00000000	80.00000000
28	130	1	84.00000000	80.00000000
28	131	1	84.00000000	80.00000000
28	132	1	84.00000000	80.00000000
28	133	1	84.00000000	80.00000000
28	134	1	84.00000000	80.00000000
28	135	1	84.00000000	80.00000000
28	136	1	84.00000000	80.00000000
28	137	1	84.00000000	80.00000000
28	138	1	84.00000000	80.00000000
28	139	1	84.00000000	80.00000000
28	140	1	84.00000000	80.00000000
28	141	1	84.00000000	80.00000000
28	142	1	84.00000000	80.00000000
28	143	1	84.00000000	80.00000000
28	144	1	84.00000000	80.00000000
28	145	1	84.00000000	80.00000000
28	146	1	84.00000000	80.00000000
28	147	1	84.00000000	80.00000000
28	148	1	84.00000000	80.00000000
28	149	1	84.00000000	80.00000000
28	150	1	84.00000000	80.00000000
28	151	1	84.00000000	80.00000000
28	152	1	84.00000000	80.00000000
28	153	1	84.00000000	80.00000000
28	154	1	84.00000000	80.00000000
28	155	1	84.00000000	80.00000000
28	156	1	84.00000000	80.00000000
28	157	1	84.00000000	80.00000000
28	158	1	84.00000000	80.00000000
28	159	1	84.00000000	80.00000000
28	160	1	84.00000000	80.00000000
28	161	1	84.00000000	80.00000000
28	162	1	84.00000000	80.00000000
28	163	1	84.00000000	80.00000000
28	164	1	84.00000000	80.00000000
28	165	1	84.00000000	80.00000000
28	166	1	84.00000000	80.00000000
28	167	1	84.00000000	80.00000000
28	168	1	84.00000000	80.00000000
28	169	1	84.00000000	80.00000000
28	170	1	84.00000000	80.00000000
28	171	1	84.00000000	80.00000000
28	172	1	84.00000000	80.00000000
28	173	1	84.00000000	80.00000000
28	174	1	84.00000000	80.00000000
28	175	1	84.00000000	80.00000000
28	176	1	84.00000000	80.00000000
28	177	1	84.00000000	80.00000000
29	0	1	84.00000000	80.00000000
29	1	1	84.00000000	80.00000000
29	2	1	84.00000000	80.00000000
29	3	1	84.00000000	80.00000000
29	4	1	84.00000000	80.00000000
29	5	1	84.00000000	80.00000000
29	6	1	84.00000000	80.00000000
29	7	1	84.00000000	80.00000000
29	8	1	84.00000000	80.00000000
29	9	1	84.00000000	80.00000000
29	10	1	84.00000000	80.00000000
29	11	1	84.00000000	80.00000000
29	12	1	84.00000000	80.00000000
29	13	1	84.00000000	80.00000000
29	14	1	84.00000000	80.00000000
29	15	1	84.00000000	80.00000000
29	16	1	84.00000000	80.00000000
29	17	1	84.00000000	80.00000000
29	18	1	84.00000000	80.00000000
29	19	1	84.00000000	80.00000000
29	20	1	84.00000000	80.00000000
29	21	1	84.00000000	80.00000000
29	22	1	84.00000000	80.00000000
29	23	1	84.00000000	80.00000000
29	24	1	84.00000000	80.00000000
29	25	1	84.00000000	80.00000000
29	26	1	84.00000000	80.00000000
29	27	1	84.00000000	80.00000000
29	28	1	84.00000000	80.00000000
29	29	1	84.00000000	80.00000000
29	30	1	84.00000000	80.00000000
29	31	1	84.00000000	80.00000000
29	32	1	84.00000000	80.00000000
29	33	1	84.00000000	80.00000000
29	34	1	84.00000000	80.00000000
29	35	1	84.00000000	80.00000000
29	36	1	84.00000000	80.00000000
29	37	1	84.00000000	80.00000000
29	38	1	84.00000000	80.00000000
29	39	1	84.00000000	80.00000000
29	40	1	84.00000000	80.00000000
29	41	1	84.00000000	80.00000000
29	42	1	84.00000000	80.00000000
29	43	1	84.00000000	80.00000000
29	44	1	84.00000000	80.00000000
29	45	1	84.00000000	80.00000000
29	46	1	84.00000000	80.00000000
29	47	1	84.00000000	80.00000000
29	48	1	84.00000000	80.00000000
29	49	1	84.00000000	80.00000000
29	50	1	84.00000000	80.00000000
29	51	1	84.00000000	80.00000000
29	52	1	84.00000000	80.00000000
29	53	1	84.00000000	80.00000000
29	54	1	84.00000000	80.00000000
29	55	1	84.00000000	80.00000000
29	56	1	84.00000000	80.00000000
29	57	1	84.00000000	80.00000000
29	58	1	84.00000000	80.00000000
29	59	1	84.00000000	80.00000000
29	60	1	84.00000000	80.00000000
29	61	1	84.00000000	80.00000000
29	62	1	84.00000000	80.00000000
29	63	1	84.00000000	80.00000000
29	64	1	84.00000000	80.00000000
29	65	1	84.00000000	80.00000000
29	66	1	84.00000000	80.00000000
29	67	1	84.00000000	80.00000000
29	68	1	84.00000000	80.00000000
29	69	1	84.00000000	80.00000000
29	70	1	84.00000000	80.00000000
29	71	1	84.00000000	80.00000000
29	72	1	84.00000000	80.00000000
29	73	1	84.00000000	80.00000000
29	74	1	84.00000000	80.00000000
29	75	1	84.00000000	80.00000000
29	76	1	84.00000000	80.00000000
29	77	1	84.00000000	80.00000000
29	78	1	84.00000000	80.00000000
29	79	1	84.00000000	80.00000000
29	80	1	84.00000000	80.00000000
29	81	1	84.00000000	80.00000000
29	82	1	84.00000000	80.00000000
29	83	1	84.00000000	80.00000000
29	84	1	84.00000000	80.00000000
29	85	1	84.00000000	80.00000000
29	86	1	84.00000000	80.00000000
29	87	1	84.00000000	80.00000000
29	88	1	84.00000000	80.00000000
29	89	1	84.00000000	80.00000000
29	90	1	84.00000000	80.00000000
29	91	1	84.00000000	80.00000000
29	92	1	84.00000000	80.00000000
29	93	1	84.00000000	80.00000000
29	94	1	84.00000000	80.00000000
29	95	1	84.00000000	80.00000000
29	96	1	84.00000000	80.00000000
29	97	1	84.00000000	80.00000000
29	98	1	84.00000000	80.00000000
29	99	1	84.00000000	80.00000000
29	100	1	84.00000000	80.00000000
29	101	1	84.00000000	80.00000000
29	102	1	84.00000000	80.00000000
29	103	1	84.00000000	80.00000000
29	104	1	84.00000000	80.00000000
29	105	1	84.00000000	80.00000000
29	106	1	84.00000000	80.00000000
29	107	1	84.00000000	80.00000000
29	108	1	84.00000000	80.00000000
29	109	1	84.00000000	80.00000000
29	110	1	84.00000000	80.00000000
29	111	1	84.00000000	80.00000000
29	112	1	84.00000000	80.00000000
29	113	1	84.00000000	80.00000000
29	114	1	84.00000000	80.00000000
29	115	1	84.00000000	80.00000000
29	116	1	84.00000000	80.00000000
29	117	1	84.00000000	80.00000000
29	118	1	84.00000000	80.00000000
29	119	1	84.00000000	80.00000000
29	120	1	84.00000000	80.00000000
29	121	1	84.00000000	80.00000000
29	122	1	84.00000000	80.00000000
29	123	1	84.00000000	80.00000000
29	124	1	84.00000000	80.00000000
29	125	1	84.00000000	80.00000000
29	126	1	84.00000000	80.00000000
29	127	1	84.00000000	80.00000000
29	128	1	84.00000000	80.00000000
29	129	1	84.00000000	80.00000000
30	0	1	84.00000000	80.00000000
30	1	1	84.00000000	80.00000000
30	2	1	84.00000000	80.00000000
30	3	1	84.00000000	80.00000000
30	4	1	84.00000000	80.00000000
30	5	1	84.00000000	80.00000000
30	6	1	84.00000000	80.00000000
30	7	1	84.00000000	80.00000000
30	8	1	84.00000000	80.00000000
30	9	1	84.00000000	80.00000000
30	10	1	84.00000000	80.00000000
30	11	1	84.00000000	80.00000000
30	12	1	84.00000000	80.00000000
30	13	1	84.00000000	80.00000000
30	14	1	84.00000000	80.00000000
30	15	1	84.00000000	80.00000000
30	16	1	84.00000000	80.00000000
30	17	1	84.00000000	80.00000000
30	18	1	84.00000000	80.00000000
30	19	1	84.00000000	80.00000000
30	20	1	84.00000000	80.00000000
30	21	1	84.00000000	80.00000000
30	22	1	84.00000000	80.00000000
30	23	1	84.00000000	80.00000000
30	24	1	84.00000000	80.00000000
30	25	1	84.00000000	80.00000000
30	26	1	84.00000000	80.00000000
30	27	1	84.00000000	80.00000000
30	28	1	84.00000000	80.00000000
30	29	1	84.00000000	80.00000000
30	30	1	84.00000000	80.00000000
30	31	1	84.00000000	80.00000000
30	32	1	84.00000000	80.00000000
30	33	1	84.00000000	80.00000000
30	34	1	84.00000000	80.00000000
30	35	1	84.00000000	80.00000000
30	36	1	84.00000000	80.00000000
30	37	1	84.00000000	80.00000000
30	38	1	84.00000000	80.00000000
30	39	1	84.00000000	80.00000000
30	40	1	84.00000000	80.00000000
30	41	1	84.00000000	80.00000000
30	42	1	84.00000000	80.00000000
30	43	1	84.00000000	80.00000000
30	44	1	84.00000000	80.00000000
30	45	1	84.00000000	80.00000000
30	46	1	84.00000000	80.00000000
30	47	1	84.00000000	80.00000000
30	48	1	84.00000000	80.00000000
30	49	1	84.00000000	80.00000000
30	50	1	84.00000000	80.00000000
30	51	1	84.00000000	80.00000000
30	52	1	84.00000000	80.00000000
30	53	1	84.00000000	80.00000000
30	54	1	84.00000000	80.00000000
30	55	1	84.00000000	80.00000000
30	56	1	84.00000000	80.00000000
30	57	1	84.00000000	80.00000000
30	58	1	84.00000000	80.00000000
30	59	1	84.00000000	80.00000000
30	60	1	84.00000000	80.00000000
30	61	1	84.00000000	80.00000000
30	62	1	84.00000000	80.00000000
30	63	1	84.00000000	80.00000000
30	64	1	84.00000000	80.00000000
30	65	1	84.00000000	80.00000000
30	66	1	84.00000000	80.00000000
30	67	1	84.00000000	80.00000000
30	68	1	84.00000000	80.00000000
30	69	1	84.00000000	80.00000000
30	70	1	84.00000000	80.00000000
30	71	1	84.00000000	80.00000000
30	72	1	84.00000000	80.00000000
30	73	1	84.00000000	80.00000000
30	74	1	84.00000000	80.00000000
30	75	1	84.00000000	80.00000000
30	76	1	84.00000000	80.00000000
30	77	1	84.00000000	80.00000000
30	78	1	84.00000000	80.00000000
30	79	1	84.00000000	80.00000000
30	80	1	84.00000000	80.00000000
30	81	1	84.00000000	80.00000000
30	82	1	84.00000000	80.00000000
30	83	1	84.00000000	80.00000000
30	84	1	84.00000000	80.00000000
30	85	1	84.00000000	80.00000000
30	86	1	84.00000000	80.00000000
30	87	1	84.00000000	80.00000000
30	88	1	84.00000000	80.00000000
30	89	1	84.00000000	80.00000000
30	90	1	84.00000000	80.00000000
30	91	1	84.00000000	80.00000000
30	92	1	84.00000000	80.00000000
30	93	1	84.00000000	80.00000000
30	94	1	84.00000000	80.00000000
30	95	1	84.00000000	80.00000000
30	96	1	84.00000000	80.00000000
30	97	1	84.00000000	80.00000000
30	98	1	84.00000000	80.00000000
30	99	1	84.00000000	80.00000000
30	100	1	84.00000000	80.00000000
30	101	1	84.00000000	80.00000000
30	102	1	84.00000000	80.00000000
30	103	1	84.00000000	80.00000000
30	104	1	84.00000000	80.00000000
30	105	1	84.00000000	80.00000000
30	106	1	84.00000000	80.00000000
30	107	1	84.00000000	80.00000000
31	0	1	84.00000000	80.00000000
31	1	1	84.00000000	80.00000000
31	2	1	84.00000000	80.00000000
31	3	1	84.00000000	80.00000000
31	4	1	84.00000000	80.00000000
31	5	1	84.00000000	80.00000000
31	6	1	84.00000000	80.00000000
31	7	1	84.00000000	80.00000000
31	8	1	84.00000000	80.00000000
31	9	1	84.00000000	80.00000000
31	10	1	84.00000000	80.00000000
31	11	1	84.00000000	80.00000000
31	12	1	84.00000000	80.00000000
31	13	1	84.00000000	80.00000000
31	14	1	84.00000000	80.00000000
31	15	1	84.00000000	80.00000000
31	16	1	84.00000000	80.00000000
31	17	1	84.00000000	80.00000000
31	18	1	84.00000000	80.00000000
31	19	1	84.00000000	80.00000000
31	20	1	84.00000000	80.00000000
31	21	1	84.00000000	80.00000000
31	22	1	84.00000000	80.00000000
31	23	1	84.00000000	80.00000000
31	24	1	84.00000000	80.00000000
31	25	1	84.00000000	80.00000000
31	26	1	84.00000000	80.00000000
31	27	1	84.00000000	80.00000000
31	28	1	84.00000000	80.00000000
31	29	1	84.00000000	80.00000000
31	30	1	84.00000000	80.00000000
31	31	1	84.00000000	80.00000000
31	32	1	84.00000000	80.00000000
31	33	1	84.00000000	80.00000000
31	34	1	84.00000000	80.00000000
31	35	1	84.00000000	80.00000000
31	36	1	84.00000000	80.00000000
31	37	1	84.00000000	80.00000000
31	38	1	84.00000000	80.00000000
31	39	1	84.00000000	80.00000000
31	40	1	84.00000000	80.00000000
31	41	1	84.00000000	80.00000000
31	42	1	84.00000000	80.00000000
31	43	1	84.00000000	80.00000000
31	44	1	84.00000000	80.00000000
31	45	1	84.00000000	80.00000000
31	46	1	84.00000000	80.00000000
31	47	1	84.00000000	80.00000000
31	48	1	84.00000000	80.00000000
31	49	1	84.00000000	80.00000000
31	50	1	84.00000000	80.00000000
31	51	1	84.00000000	80.00000000
31	52	1	84.00000000	80.00000000
31	53	1	84.00000000	80.00000000
31	54	1	84.00000000	80.00000000
31	55	1	84.00000000	80.00000000
31	56	1	84.00000000	80.00000000
31	57	1	84.00000000	80.00000000
31	58	1	84.00000000	80.00000000
31	59	1	84.00000000	80.00000000
31	60	1	84.00000000	80.00000000
31	61	1	84.00000000	80.00000000
31	62	1	84.00000000	80.00000000
31	63	1	84.00000000	80.00000000
31	64	1	84.00000000	80.00000000
31	65	1	84.00000000	80.00000000
31	66	1	84.00000000	80.00000000
31	67	1	84.00000000	80.00000000
31	68	1	84.00000000	80.00000000
31	69	1	84.00000000	80.00000000
31	70	1	84.00000000	80.00000000
31	71	1	84.00000000	80.00000000
31	72	1	84.00000000	80.00000000
31	73	1	84.00000000	80.00000000
31	74	1	84.00000000	80.00000000
31	75	1	84.00000000	80.00000000
31	76	1	84.00000000	80.00000000
31	77	1	84.00000000	80.00000000
31	78	1	84.00000000	80.00000000
31	79	1	84.00000000	80.00000000
31	80	1	84.00000000	80.00000000
31	81	1	84.00000000	80.00000000
31	82	1	84.00000000	80.00000000
31	83	1	84.00000000	80.00000000
31	84	1	84.00000000	80.00000000
31	85	1	84.00000000	80.00000000
31	86	1	84.00000000	80.00000000
31	87	1	84.00000000	80.00000000
31	88	1	84.00000000	80.00000000
31	89	1	84.00000000	80.00000000
########################################
# TPC Y : y = (ct-p0)*p1               #
########################################
0	0	2	-1254.43237003	0.05500000
0	1	2	-1268.91911934	0.05500000
0	2	2	-1282.69261595	0.05500000
0	3	2	-1248.72339330	0.05500000
0	4	2	-1256.03326621	0.05500000
0	5	2	-1269.85482688	0.05500000
0	6	2	-1262.24038731	0.05500000
0	7	2	-1282.71670715	0.05500000
0	8	2	-1306.08078261	0.05500000
0	9	2	-1236.04571096	0.05500000
0	10	2	-1270.50899850	0.05500000
0	11	2	-1320.59347341	0.05500000
0	12	2	-1260.11746754	0.05500000
0	13	2	-1267.90190691	0.05500000
0	14	2	-1275.31472120	0.05500000
0	15	2	-1267.50118849	0.05500000
0	16	2	-1273.24765025	0.05500000
0	17	2	-1236.36363600	0.05500000
0	18	2	-1291.69531791	0.05500000
0	19	2	-1245.37933898	0.05500000
0	20	2	-1301.57280799	0.05500000
0	21	2	-1259.01641143	0.05500000
0	22	2	-1286.51035068	0.05500000
0	23	2	-1245.51777456	0.05500000
0	24	2	-1259.00029455	0.05500000
0	25	2	-1242.05090209	0.05500000
0	26	2	-1268.63740222	0.05500000
0	27	2	-1280.96649658	0.05500000
0	28	2	-1243.01755868	0.05500000
0	29	2	-1251.73390883	0.05500000
0	30	2	-1264.15736092	0.05500000
0	31	2	-1217.36756209	0.05500000
0	32	2	-1271.16113437	0.05500000
0	33	2	-1243.35625959	0.05500000
0	34	2	-1278.23526505	0.05500000
0	35	2	-1256.60670679	0.05500000
0	36	2	-1262.28396639	0.05500000
0	37	2	-1245.99857556	0.05500000
0	38	2	-1305.70047682	0.05500000
0	39	2	-1246.27786090	0.05500000
0	40	2	-1221.86363329	0.05500000
0	41	2	-1250.02243639	0.05500000
0	42	2	-1262.22922846	0.05500000
0	43	2	-1267.14656641	0.05500000
0	44	2	-1268.57779342	0.05500000
0	45	2	-1257.25583227	0.05500000
0	46	2	-1261.44991249	0.05500000
0	47	2	-1243.03835676	0.05500000
1	0	2	-1248.02719943	0.05500000
1	1	2	-1268.37220135	0.05500000
1	2	2	-1248.02356560	0.05500000
1	3	2	-1278.63855739	0.05500000
1	4	2	-1252.43685331	0.05500000
1	5	2	-1272.03077917	0.05500000
1	6	2	-1254.03824348	0.05500000
1	7	2	-1258.02345883	0.05500000
1	8	2	-1268.50590738	0.05500000
1	9	2	-1215.38722365	0.05500000
1	10	2	-1282.04892281	0.05500000
1	11	2	-1233.47542702	0.05500000
1	12	2	-1263.20836418	0.05500000
1	13	2	-1308.92442411	0.05500000
1	14	2	-1262.56139894	0.05500000
1	15	2	-1265.14111259	0.05500000
1	16	2	-1280.80314587	0.05500000
1	17	2	-1247.23263592	0.05500000
1	18	2	-1256.82065739	0.05500000
1	19	2	-1272.47360895	0.05500000
1	20	2	-1244.81775053	0.05500000
1	21	2	-1263.04619175	0.05500000
1	22	2	-1260.81486298	0.05500000
1	23	2	-1262.45469725	0.05500000
1	24	2	-1244.96165401	0.05500000
1	25	2	-1269.00262291	0.05500000
1	26	2	-1275.50722594	0.05500000
1	27	2	-1251.90300932	0.05500000
1	28	2	-1260.07663020	0.05500000
1	29	2	-1268.92168599	0.05500000
1	30	2	-1230.55034964	0.05500000
1	31	2	-1277.69057782	0.05500000
1	32	2	-1242.27277068	0.05500000
1	33	2	-1281.20807586	0.05500000
1	34	2	-1254.50890803	0.05500000
1	35	2	-1270.23779745	0.05500000
1	36	2	-1264.34581882	0.05500000
1	37	2	-1283.48541199	0.05500000
1	38	2	-1254.53415590	0.05500000
1	39	2	-1273.02841042	0.05500000
1	40	2	-1273.61241734	0.05500000
1	41	2	-1266.61206613	0.05500000
1	42	2	-1266.62597724	0.05500000
1	43	2	-1261.43967291	0.05500000
1	44	2	-1274.76614806	0.05500000
1	45	2	-1263.70783848	0.05500000
1	46	2	-1268.32255169	0.05500000
1	47	2	-1257.18572209	0.05500000
2	0	2	-1255.76019331	0.05500000
2	1	2	-1272.58734662	0.05500000
2	2	2	-1263.19267701	0.05500000
2	3	2	-1259.33120291	0.05500000
2	4	2	-1272.96484459	0.05500000
2	5	2	-1247.66530945	0.05500000
2	6	2	-1280.32958969	0.05500000
2	7	2	-1250.94911329	0.05500000
2	8	2	-1281.57463283	0.05500000
2	9	2	-1260.34071606	0.05500000
2	10	2	-1306.58640377	0.05500000
2	11	2	-1261.64572390	0.05500000
2	12	2	-1249.55973136	0.05500000
2	13	2	-1255.41372996	0.05500000
2	14	2	-1311.78831174	0.05500000
2	15	2	-1278.88692200	0.05500000
2	16	2	-1252.40038395	0.05500000
2	17	2	-1263.68388577	0.05500000
2	18	2	-1318.59538089	0.05500000
2	19	2	-1239.45469825	0.05500000
2	20	2	-1257.96278747	0.05500000
2	21	2	-1282.82018728	0.05500000
2	22	2	-1289.73892972	0.05500000
2	23	2	-1241.85456563	0.05500000
2	24	2	-1307.72110424	0.05500000
2	25	2	-1260.48371308	0.05500000
2	26	2	-1275.07420429	0.05500000
2	27	2	-1276.31953132	0.05500000
2	28	2	-1270.51191439	0.05500000
2	29	2	-1268.43747323	0.05500000
2	30	2	-1267.19508459	0.05500000
2	31	2	-1265.41962439	0.05500000
2	32	2	-1272.29917245	0.05500000
2	33	2	-1251.46290616	0.05500000
2	34	2	-1282.58737408	0.05500000
2	35	2	-1257.20215723	0.05500000
2	36	2	-1263.53901149	0.05500000
2	37	2	-1245.70657255	0.05500000
2	38	2	-1267.15903656	0.05500000
2	39	2	-1240.79042194	0.05500000
2	40	2	-1264.00359270	0.05500000
2	41	2	-1260.93711587	0.05500000
2	42	2	-1254.66548241	0.05500000
2	43	2	-1239.21930762	0.05500000
2	44	2	-1254.87052965	0.05500000
2	45	2	-1278.43969090	0.05500000
2	46	2	-1261.11649479	0.05500000
2	47	2	-1246.44113875	0.05500000
2	48	2	-1292.25645817	0.05500000
2	49	2	-1249.51495768	0.05500000
2	50	2	-1272.31388005	0.05500000
2	51	2	-1255.57795869	0.05500000
2	52	2	-1264.53908538	0.05500000
2	53	2	-1266.39993871	0.05500000
2	54	2	-1251.84118638	0.05500000
2	55	2	-1258.67133231	0.05500000
2	56	2	-1273.85221948	0.05500000
2	57	2	-1256.84444727	0.05500000
2	58	2	-1282.27704393	0.05500000
2	59	2	-1231.90702962	0.05500000
2	60	2	-1276.45466209	0.05500000
2	61	2	-1280.49919152	0.05500000
2	62	2	-1240.84054276	0.05500000
2	63	2	-1265.45068449	0.05500000
2	64	2	-1277.32405217	0.05500000
2	65	2	-1255.08930390	0.05500000
2	66	2	-1281.51968248	0.05500000
2	67	2	-1251.53348553	0.05500000
2	68	2	-1258.49511175	0.05500000
2	69	2	-1261.23320474	0.05500000
2	70	2	-1256.60428895	0.05500000
2	71	2	-1254.45999987	0.05500000
3	0	2	-1249.22946940	0.05500000
3	1	2	-1269.51902333	0.05500000
3	2	2	-1257.90878458	0.05500000
3	3	2	-1246.84491534	0.05500000
3	4	2	-1273.08570601	0.05500000
3	5	2	-1247.68408201	0.05500000
3	6	2	-1282.95908456	0.05500000
3	7	2	-1269.77459762	0.05500000
3	8	2	-1263.91399775	0.05500000
3	9	2	-1264.35246075	0.05500000
3	10	2	-1265.53930909	0.05500000
3	11	2	-1258.85461017	0.05500000
3	12	2	-1263.74735107	0.05500000
3	13	2	-1303.44331874	0.05500000
3	14	2	-1257.23410253	0.05500000
3	15	2	-1236.36363600	0.05500000
3	16	2	-1274.78066189	0.05500000
3	17	2	-1286.45604967	0.05500000
3	18	2	-1261.71688413	0.05500000
3	19	2	-1256.68416600	0.05500000
3	20	2	-1276.13027873	0.05500000
3	21	2	-1286.18025005	0.05500000
3	22	2	-1256.28372319	0.05500000
3	23	2	-1263.12091151	0.05500000
3	24	2	-1263.21284760	0.05500000
3	25	2	-1248.49078430	0.05500000
3	26	2	-1327.63218543	0.05500000
3	27	2	-1282.75628805	0.05500000
3	28	2	-1259.32179902	0.05500000
3	29	2	-1279.56876951	0.05500000
3	30	2	-1278.73962305	0.05500000
3	31	2	-1252.70183314	0.05500000
3	32	2	-1280.96815154	0.05500000
3	33	2	-1264.49435414	0.05500000
3	34	2	-1290.29983966	0.05500000
3	35	2	-1253.49272267	0.05500000
3	36	2	-1301.46362796	0.05500000
3	37	2	-1239.86073309	0.05500000
3	38	2	-1280.15333377	0.05500000
3	39	2	-1256.84222817	0.05500000
3	40	2	-1263.49443445	0.05500000
3	41	2	-1266.75634693	0.05500000
3	42	2	-1270.86997189	0.05500000
3	43	2	-1261.09413427	0.05500000
3	44	2	-1259.28730558	0.05500000
3	45	2	-1257.80682482	0.05500000
3	46	2	-1259.80678056	0.05500000
3	47	2	-1258.65955096	0.05500000
3	48	2	-1261.59786839	0.05500000
3	49	2	-1251.46117526	0.05500000
3	50	2	-1264.29701057	0.05500000
3	51	2	-1251.04768217	0.05500000
3	52	2	-1246.54310676	0.05500000
3	53	2	-1273.83398170	0.05500000
3	54	2	-1235.83522624	0.05500000
3	55	2	-1261.61286641	0.05500000
3	56	2	-1255.47811119	0.05500000
3	57	2	-1251.09463749	0.05500000
3	58	2	-1316.41125687	0.05500000
3	59	2	-1251.57088060	0.05500000
3	60	2	-1266.57427884	0.05500000
3	61	2	-1261.34573819	0.05500000
3	62	2	-1247.51999722	0.05500000
3	63	2	-1307.35595717	0.05500000
3	64	2	-1258.94779814	0.05500000
3	65	2	-1216.46388995	0.05500000
3	66	2	-1270.90139397	0.05500000
3	67	2	-1265.89266762	0.05500000
3	68	2	-1274.51601433	0.05500000
3	69	2	-1255.34359277	0.05500000
3	70	2	-1261.10267771	0.05500000
3	71	2	-1260.39227716	0.05500000
3	72	2	-1269.06640047	0.05500000
3	73	2	-1267.70485601	0.05500000
3	74	2	-1267.66632343	0.05500000
3	75	2	-1273.84343796	0.05500000
3	76	2	-1251.67314082	0.05500000
3	77	2	-1275.17915582	0.05500000
3	78	2	-1279.31434767	0.05500000
3	79	2	-1271.12822495	0.05500000
3	80	2	-1249.15390863	0.05500000
3	81	2	-1271.38421315	0.05500000
3	82	2	-1268.76518012	0.05500000
3	83	2	-1257.80475339	0.05500000
3	84	2	-1271.36041494	0.05500000
3	85	2	-1258.43434578	0.05500000
3	86	2	-1255.96502046	0.05500000
3	87	2	-1264.52795852	0.05500000
3	88	2	-1272.35532764	0.05500000
3	89	2	-1262.46029949	0.05500000
3	90	2	-1275.09825745	0.05500000
3	91	2	-1259.17285774	0.05500000
3	92	2	-1257.38073982	0.05500000
3	93	2	-1263.77739060	0.05500000
3	94	2	-1266.24396920	0.05500000
3	95	2	-1250.85552617	0.05500000
4	0	2	-1225.85562541	0.05500000
4	1	2	-1233.88549665	0.05500000
4	2	2	-1236.20777441	0.05500000
4	3	2	-1221.00202849	0.05500000
4	4	2	-1233.61718519	0.05500000
4	5	2	-1233.34948463	0.05500000
4	6	2	-1238.09211516	0.05500000
4	7	2	-1238.51214596	0.05500000
4	8	2	-1242.70407124	0.05500000
4	9	2	-1232.60440030	0.05500000
4	10	2	-1241.32711368	0.05500000
4	11	2	-1217.11338031	0.05500000
4	12	2	-1256.88534995	0.05500000
4	13	2	-1209.66221183	0.05500000
4	14	2	-1254.20273758	0.05500000
4	15	2	-1231.69264534	0.05500000
4	16	2	-1258.48049122	0.05500000
4	17	2	-1240.94468029	0.05500000
4	18	2	-1268.64981760	0.05500000
4	19	2	-1228.80318979	0.05500000
4	20	2	-1253.23327898	0.05500000
4	21	2	-1227.43648346	0.05500000
4	22	2	-1240.97852986	0.05500000
4	23	2	-1262.93577676	0.05500000
4	24	2	-1244.10988065	0.05500000
4	25	2	-1246.28483797	0.05500000
4	26	2	-1260.67451592	0.05500000
4	27	2	-1239.82124257	0.05500000
4	28	2	-1244.22500296	0.05500000
4	29	2	-1260.31650077	0.05500000
4	30	2	-1248.54781527	0.05500000
4	31	2	-1238.73247424	0.05500000
4	32	2	-1311.15973229	0.05500000
4	33	2	-1250.20598718	0.05500000
4	34	2	-1260.97320858	0.05500000
4	35	2	-1227.64992132	0.05500000
4	36	2	-1267.30120307	0.05500000
4	37	2	-1258.75291432	0.05500000
4	38	2	-1258.44472122	0.05500000
4	39	2	-1250.18454777	0.05500000
4	40	2	-1253.51294773	0.05500000
4	41	2	-1230.80000113	0.05500000
4	42	2	-1296.42490966	0.05500000
4	43	2	-1217.66452275	0.05500000
4	44	2	-1253.63892934	0.05500000
4	45	2	-1258.91953535	0.05500000
4	46	2	-1236.47757366	0.05500000
4	47	2	-1276.96779716	0.05500000
4	48	2	-1237.17365077	0.05500000
4	49	2	-1249.83366407	0.05500000
4	50	2	-1257.51485468	0.05500000
4	51	2	-1237.79372560	0.05500000
4	52	2	-1247.62176709	0.05500000
4	53	2	-1245.88716399	0.05500000
4	54	2	-1238.45461697	0.05500000
4	55	2	-1241.13665765	0.05500000
4	56	2	-1232.17177480	0.05500000
4	57	2	-1237.10333892	0.05500000
4	58	2	-1232.14036196	0.05500000
4	59	2	-1227.82212113	0.05500000
4	60	2	-1284.91384531	0.05500000
4	61	2	-1258.73163813	0.05500000
4	62	2	-1215.37287637	0.05500000
4	63	2	-1234.11449652	0.05500000
4	64	2	-1272.21838079	0.05500000
4	65	2	-1230.53904688	0.05500000
4	66	2	-1295.18153048	0.05500000
4	67	2	-1241.60628482	0.05500000
4	68	2	-1277.47788975	0.05500000
4	69	2	-1305.04670992	0.05500000
4	70	2	-1263.34353975	0.05500000
4	71	2	-1262.47712254	0.05500000
4	72	2	-1277.86691338	0.05500000
4	73	2	-1287.23574870	0.05500000
4	74	2	-1272.29054545	0.05500000
4	75	2	-1254.59734748	0.05500000
4	76	2	-1296.43563416	0.05500000
4	77	2	-1260.47684341	0.05500000
4	78	2	-1284.17543414	0.05500000
4	79	2	-1266.71692414	0.05500000
4	80	2	-1276.57387073	0.05500000
4	81	2	-1267.56114615	0.05500000
4	82	2	-1263.15357860	0.05500000
4	83	2	-1289.29693198	0.05500000
4	84	2	-1281.30741668	0.05500000
4	85	2	-1242.43324675	0.05500000
4	86	2	-1271.96973528	0.05500000
4	87	2	-1270.32708220	0.05500000
4	88	2	-1277.46086619	0.05500000
4	89	2	-1257.73788722	0.05500000
4	90	2	-1294.28662187	0.05500000
4	91	2	-1269.28353396	0.05500000
4	92	2	-1269.36486273	0.05500000
4	93	2	-1280.56584620	0.05500000
4	94	2	-1288.28341603	0.05500000
4	95	2	-1269.60792976	0.05500000
4	96	2	-1287.66025740	0.05500000
4	97	2	-955.44028548	0.05500000
4	98	2	-1283.75596116	0.05500000
4	99	2	-1266.38519638	0.05500000
4	100	2	-1248.89829580	0.05500000
4	101	2	-1238.87427464	0.05500000
4	102	2	-1253.15770604	0.05500000
4	103	2	-1226.57792317	0.05500000
4	104	2	-1225.94722741	0.05500000
4	105	2	-1234.28283523	0.05500000
4	106	2	-1236.85937342	0.05500000
4	107	2	-1238.49315850	0.05500000
4	108	2	-1232.44881812	0.05500000
4	109	2	-1230.64896452	0.05500000
4	110	2	-1222.78930786	0.05500000
4	111	2	-1240.26049969	0.05500000
4	112	2	-1238.22306777	0.05500000
4	113	2	-1243.83913280	0.05500000
4	114	2	-1221.04207246	0.05500000
4	115	2	-1239.74606055	0.05500000
4	116	2	-1221.35853723	0.05500000
4	117	2	-1268.18891929	0.05500000
4	118	2	-1227.99685580	0.05500000
4	119	2	-1227.65237678	0.05500000
     5      0      2    -1216.32185983        0.05500988
     5      1      2    -1229.02805347        0.05500988
     5      2      2    -1226.87550612        0.05500988
     5      3      2    -1227.80399821        0.05500988
     5      4      2    -1234.29625927        0.05500988
     5      5      2    -1238.49971392        0.05500988
     5      6      2    -1221.10348849        0.05500988
     5      7      2    -1324.53560696        0.05500988
     5      8      2    -1224.64889703        0.05500988
     5      9      2    -1203.34708387        0.05500988
     5     10      2    -1222.26254135        0.05500988
     5     11      2    -1241.49024568        0.05500988
     5     12      2    -1269.37881040        0.05500988
     5     13      2    -1240.01489271        0.05500988
     5     14      2    -1240.42404025        0.05500988
     5     15      2    -1218.56000448        0.05500988
     5     16      2    -1183.05700718        0.05500988
     5     17      2    -1217.44039281        0.05500988
     5     18      2    -1165.74119989        0.05500988
     5     19      2    -1210.11061278        0.05500988
     5     20      2    -1220.66255906        0.05500988
     5     21      2    -1219.15356053        0.05500988
     5     22      2    -1199.59448152        0.05500988
     5     23      2    -1223.14430127        0.05500988
     5     24      2    -1211.14502371        0.05500988
     5     25      2    -1212.45147789        0.05500988
     5     26      2    -1171.47355140        0.05500988
     5     27      2    -1194.99533833        0.05500988
     5     28      2    -1197.86692544        0.05500988
     5     29      2    -1248.62093872        0.05500988
     5     30      2    -1235.57894260        0.05500988
     5     31      2    -1252.05253638        0.05500988
     5     32      2    -1245.99989539        0.05500988
     5     33      2    -1239.91475916        0.05500988
     5     34      2    -1229.48552437        0.05500988
     5     35      2    -1231.20418940        0.05500988
     5     36      2    -1237.39348351        0.05500988
     5     37      2    -1216.25958605        0.05500988
     5     38      2    -1234.87505216        0.05500988
     5     39      2    -1235.27754944        0.05500988
     5     40      2    -1186.23705612        0.05500988
     5     41      2    -1217.60674242        0.05500988
     5     42      2    -1185.47627589        0.05500988
     5     43      2    -1165.27413779        0.05500988
     5     44      2    -1165.30887567        0.05500988
     5     45      2    -1150.43302057        0.05500988
     5     46      2    -1163.38134509        0.05500988
     5     47      2    -1180.19442254        0.05500988
     5     48      2    -1171.63050479        0.05500988
     5     49      2    -1167.23056918        0.05500988
     5     50      2    -1170.76900669        0.05500988
     5     51      2    -1175.73490100        0.05500988
     5     52      2    -1199.85062354        0.05500988
     5     53      2    -1222.23813530        0.05500988
     5     54      2    -1212.80885063        0.05500988
     5     55      2    -1234.90969622        0.05500988
     5     56      2    -1235.52359991        0.05500988
     5     57      2    -1182.17769154        0.05500988
     5     58      2    -1179.00173941        0.05500988
     5     59      2    -1168.67640295        0.05500988
     5     60      2    -1194.43718693        0.05500988
     5     61      2    -1216.56530675        0.05500988
     5     62      2    -1213.19736116        0.05500988
     5     63      2    -1216.64889242        0.05500988
     5     64      2    -1204.37429934        0.05500988
     5     65      2    -1226.08694124        0.05500988
     5     66      2    -1215.55135624        0.05500988
     5     67      2    -1236.87213966        0.05500988
     5     68      2    -1225.10713570        0.05500988
     5     69      2    -1217.11465014        0.05500988
     5     70      2    -1208.59327091        0.05500988
     5     71      2    -1217.43667532        0.05500988
     5     72      2    -1245.72911001        0.05500988
     5     73      2    -1261.54904250        0.05500988
     5     74      2    -1245.37338475        0.05500988
     5     75      2    -1262.52510721        0.05500988
     5     76      2    -1246.89208626        0.05500988
     5     77      2    -1255.36184993        0.05500988
     5     78      2    -1240.54498743        0.05500988
     5     79      2    -1256.30905223        0.05500988
     5     80      2    -1231.34542387        0.05500988
     5     81      2    -1259.79610423        0.05500988
     5     82      2    -1233.10938359        0.05500988
     5     83      2    -1262.05508398        0.05500988
     5     84      2    -1242.10152294        0.05500988
     5     85      2    -1254.84024935        0.05500988
     5     86      2    -1270.86446767        0.05500988
     5     87      2    -1250.20739844        0.05500988
     5     88      2    -1253.05264465        0.05500988
     5     89      2    -1251.87809634        0.05500988
     5     90      2    -1236.59455823        0.05500988
     5     91      2    -1255.41298406        0.05500988
     5     92      2    -1236.48119400        0.05500988
     5     93      2    -1270.98913726        0.05500988
     5     94      2    -1241.86840369        0.05500988
     5     95      2    -1265.38641061        0.05500988
     5     96      2    -1245.50404603        0.05500988
     5     97      2    -1266.30793469        0.05500988
     5     98      2    -1239.09788801        0.05500988
     5     99      2    -1267.12460265        0.05500988
     5    100      2    -1245.74541695        0.05500988
     5    101      2    -1269.10471896        0.05500988
     5    102      2    -1243.63030724        0.05500988
     5    103      2    -1260.79340090        0.05500988
     5    104      2    -1243.31527260        0.05500988
     5    105      2    -1262.60049724        0.05500988
     5    106      2    -1241.06828783        0.05500988
     5    107      2    -1266.89025577        0.05500988
     5    108      2    -1251.29158926        0.05500988
     5    109      2    -1266.65169455        0.05500988
     5    110      2    -1247.45939142        0.05500988
     5    111      2    -1268.88764311        0.05500988
     5    112      2    -1254.33635647        0.05500988
     5    113      2    -1267.30927284        0.05500988
     5    114      2    -1251.78534579        0.05500988
     5    115      2    -1271.13375177        0.05500988
     5    116      2    -1251.18506423        0.05500988
     5    117      2    -1277.18055755        0.05500988
     5    118      2    -1247.34914599        0.05500988
     5    119      2    -1266.13245981        0.05500988
     5    120      2    -1224.61266348        0.05500988
     5    121      2    -1220.25802134        0.05500988
     5    122      2    -1222.35154518        0.05500988
     5    123      2    -1212.40728925        0.05500988
     5    124      2    -1224.50981193        0.05500988
     5    125      2    -1212.48756938        0.05500988
     5    126      2    -1214.34316912        0.05500988
     5    127      2    -1209.79129830        0.05500988
     5    128      2    -1214.90411538        0.05500988
     5    129      2    -1212.70907308        0.05500988
     5    130      2    -1223.91266912        0.05500988
     5    131      2    -1235.97831861        0.05500988
     5    132      2    -1230.89421459        0.05500988
     5    133      2    -1222.33727929        0.05500988
     5    134      2    -1225.42995383        0.05500988
     5    135      2    -1222.64610928        0.05500988
     5    136      2    -1225.35130535        0.05500988
     5    137      2    -1221.07388167        0.05500988
     5    138      2    -1227.90622945        0.05500988
     5    139      2    -1221.65897969        0.05500988
     5    140      2    -1231.01033257        0.05500988
     5    141      2    -1217.13037300        0.05500988
     5    142      2    -1229.62901799        0.05500988
     5    143      2    -1221.68051569        0.05500988
     6      0      2    -1263.83373643        0.05491320
     6      1      2    -1259.80397951        0.05491320
     6      2      2    -1253.28356019        0.05491320
     6      3      2    -1256.72362498        0.05491320
     6      4      2    -1258.61966768        0.05491320
     6      5      2    -1258.33785743        0.05491320
     6      6      2    -1272.59508976        0.05491320
     6      7      2    -1262.07166490        0.05491320
     6      8      2    -1301.57326858        0.05491320
     6      9      2    -1330.08853717        0.05491320
     6     10      2    -1273.50924419        0.05491320
     6     11      2    -1263.73520049        0.05491320
     6     12      2    -1266.07344767        0.05491320
     6     13      2    -1262.53112809        0.05491320
     6     14      2    -1305.85564603        0.05491320
     6     15      2    -1268.21686015        0.05491320
     6     16      2    -1265.44415774        0.05491320
     6     17      2    -1274.53594519        0.05491320
     6     18      2    -1262.47074982        0.05491320
     6     19      2    -1261.77244537        0.05491320
     6     20      2    -1270.10812533        0.05491320
     6     21      2    -1265.51269666        0.05491320
     6     22      2    -1262.43431184        0.05491320
     6     23      2    -1264.39797399        0.05491320
     6     24      2    -1261.02582690        0.05491320
     6     25      2    -1264.56513946        0.05491320
     6     26      2    -1269.67331576        0.05491320
     6     27      2    -1265.19887810        0.05491320
     6     28      2    -1227.39754955        0.05491320
     6     29      2    -1226.51181254        0.05491320
     6     30      2    -1230.45594127        0.05491320
     6     31      2    -1218.94498954        0.05491320
     6     32      2    -1240.92328583        0.05491320
     6     33      2    -1221.89822839        0.05491320
     6     34      2    -1228.62075573        0.05491320
     6     35      2    -1222.21822396        0.05491320
     6     36      2    -1236.36383395        0.05491320
     6     37      2    -1230.19828697        0.05491320
     6     38      2    -1237.40595001        0.05491320
     6     39      2    -1215.53349769        0.05491320
     6     40      2    -1234.88077571        0.05491320
     6     41      2    -1222.62328410        0.05491320
     6     42      2    -1235.17103827        0.05491320
     6     43      2    -1213.80433432        0.05491320
     6     44      2    -1237.31354327        0.05491320
     6     45      2    -1227.52739899        0.05491320
     6     46      2    -1226.84372958        0.05491320
     6     47      2    -1230.91721419        0.05491320
     6     48      2    -1232.52920317        0.05491320
     6     49      2    -1228.32340120        0.05491320
     6     50      2    -1230.23656401        0.05491320
     6     51      2    -1225.75926858        0.05491320
     6     52      2    -1243.84190109        0.05491320
     6     53      2    -1218.71348536        0.05491320
     6     54      2    -1236.50038170        0.05491320
     6     55      2    -1219.34803244        0.05491320
     6     56      2    -1229.19704549        0.05491320
     6     57      2    -1225.90412065        0.05491320
     6     58      2    -1229.63337834        0.05491320
     6     59      2    -1217.54363653        0.05491320
     6     60      2    -1233.52359892        0.05491320
     6     61      2    -1216.77614773        0.05491320
     6     62      2    -1235.50674809        0.05491320
     6     63      2    -1210.31313646        0.05491320
     6     64      2    -1231.11133349        0.05491320
     6     65      2    -1216.54631959        0.05491320
     6     66      2    -1225.31296671        0.05491320
     6     67      2    -1214.26683189        0.05491320
     6     68      2    -1237.09492221        0.05491320
     6     69      2    -1214.53378515        0.05491320
     6     70      2    -1181.31720320        0.05491320
     6     71      2    -1220.93876210        0.05491320
     6     72      2    -1223.14316327        0.05491320
     6     73      2    -1215.62530803        0.05491320
     6     74      2    -1227.42000074        0.05491320
     6     75      2    -1214.32107881        0.05491320
     6     76      2    -1138.34876686        0.05491320
     6     77      2    -1201.73084874        0.05491320
     6     78      2    -1216.36840008        0.05491320
     6     79      2    -1196.46692327        0.05491320
     6     80      2    -1202.17920594        0.05491320
     6     81      2    -1192.72265529        0.05491320
     6     82      2    -1200.14616275        0.05491320
     6     83      2    -1191.67498060        0.05491320
     6     84      2    -1217.84738489        0.05491320
     6     85      2    -1209.58702361        0.05491320
     6     86      2    -1214.38286038        0.05491320
     6     87      2    -1215.61258606        0.05491320
     6     88      2    -1216.07386741        0.05491320
     6     89      2    -1206.58392138        0.05491320
     6     90      2    -1212.15470959        0.05491320
     6     91      2    -1215.72560184        0.05491320
     6     92      2    -1209.69176915        0.05491320
     6     93      2    -1208.52475788        0.05491320
     6     94      2    -1211.09970102        0.05491320
     6     95      2    -1209.89759190        0.05491320
     6     96      2    -1216.27641358        0.05491320
     6     97      2    -1208.15609305        0.05491320
     6     98      2    -1219.40164554        0.05491320
     6     99      2    -1211.76420984        0.05491320
     6    100      2    -1216.12949118        0.05491320
     6    101      2    -1228.70557608        0.05491320
     6    102      2    -1211.61375607        0.05491320
     6    103      2    -1218.90584250        0.05491320
     6    104      2    -1215.19237378        0.05491320
     6    105      2    -1220.85782466        0.05491320
     6    106      2    -1221.41476502        0.05491320
     6    107      2    -1219.95434943        0.05491320
     6    108      2    -1224.47195233        0.05491320
     6    109      2    -1226.13296268        0.05491320
     6    110      2    -1222.76247960        0.05491320
     6    111      2    -1231.11497850        0.05491320
     6    112      2    -1226.83978076        0.05491320
     6    113      2    -1238.39928221        0.05491320
     6    114      2    -1227.17215852        0.05491320
     6    115      2    -1232.14518314        0.05491320
     6    116      2    -1234.61881050        0.05491320
     6    117      2    -1231.06887699        0.05491320
     6    118      2    -1222.39827486        0.05491320
     6    119      2    -1234.13972845        0.05491320
     6    120      2    -1222.82795060        0.05491320
     6    121      2    -1230.12849711        0.05491320
     6    122      2    -1226.83522093        0.05491320
     6    123      2    -1230.50118095        0.05491320
     6    124      2    -1225.25843911        0.05491320
     6    125      2    -1229.22579561        0.05491320
     6    126      2    -1231.75003457        0.05491320
     6    127      2    -1233.60284848        0.05491320
     6    128      2    -1228.77271243        0.05491320
     6    129      2    -1233.41886701        0.05491320
     6    130      2    -1230.63817334        0.05491320
     6    131      2    -1230.83035061        0.05491320
     6    132      2    -1232.52583944        0.05491320
     6    133      2    -1235.69759762        0.05491320
     6    134      2    -1232.90128854        0.05491320
     6    135      2    -1229.77854761        0.05491320
     6    136      2    -1233.75572569        0.05491320
     6    137      2    -1226.76145846        0.05491320
     6    138      2    -1229.20036113        0.05491320
     6    139      2    -1227.48400581        0.05491320
     6    140      2    -1247.18479910        0.05491320
     6    141      2    -1255.32357383        0.05491320
     6    142      2    -1247.92460675        0.05491320
     6    143      2    -1252.59390866        0.05491320
     6    144      2    -1251.05251505        0.05491320
     6    145      2    -1252.37424389        0.05491320
     6    146      2    -1245.92218338        0.05491320
     6    147      2    -1256.98057066        0.05491320
     6    148      2    -1240.26840482        0.05491320
     6    149      2    -1253.33058285        0.05491320
     6    150      2    -1245.06655320        0.05491320
     6    151      2    -1251.17738548        0.05491320
     6    152      2    -1250.47491912        0.05491320
     6    153      2    -1256.70392671        0.05491320
     6    154      2    -1253.95540783        0.05491320
     6    155      2    -1263.87949922        0.05491320
     6    156      2    -1250.59741497        0.05491320
     6    157      2    -1253.00546138        0.05491320
     6    158      2    -1250.57781051        0.05491320
     6    159      2    -1254.96140899        0.05491320
     6    160      2    -1249.78080338        0.05491320
     6    161      2    -1255.00744988        0.05491320
     6    162      2    -1249.99557120        0.05491320
     6    163      2    -1256.14942395        0.05491320
     6    164      2    -1249.42680522        0.05491320
     6    165      2    -1252.11443798        0.05491320
     6    166      2    -1255.46330355        0.05491320
     6    167      2    -1267.18659825        0.05491320
     7      0      2    -1263.13759344        0.05495103
     7      1      2    -1253.18588084        0.05495103
     7      2      2    -1252.07861047        0.05495103
     7      3      2    -1254.98646957        0.05495103
     7      4      2    -1260.50069854        0.05495103
     7      5      2    -1244.54215404        0.05495103
     7      6      2    -1256.86196329        0.05495103
     7      7      2    -1257.00829809        0.05495103
     7      8      2    -1260.79232745        0.05495103
     7      9      2    -1255.61079190        0.05495103
     7     10      2    -1269.61555000        0.05495103
     7     11      2    -1257.89322284        0.05495103
     7     12      2    -1264.49710092        0.05495103
     7     13      2    -1260.91410356        0.05495103
     7     14      2    -1262.79902636        0.05495103
     7     15      2    -1258.86704414        0.05495103
     7     16      2    -1268.06683464        0.05495103
     7     17      2    -1253.29625270        0.05495103
     7     18      2    -1281.10420743        0.05495103
     7     19      2    -1257.65742702        0.05495103
     7     20      2    -1241.90147239        0.05495103
     7     21      2    -1259.76327021        0.05495103
     7     22      2    -1268.59392762        0.05495103
     7     23      2    -1256.82273948        0.05495103
     7     24      2    -1263.86507691        0.05495103
     7     25      2    -1258.01004560        0.05495103
     7     26      2    -1260.75098630        0.05495103
     7     27      2    -1283.45330994        0.05495103
     7     28      2    -1231.63955957        0.05495103
     7     29      2    -1263.01484551        0.05495103
     7     30      2    -1269.63110039        0.05495103
     7     31      2    -1262.56740976        0.05495103
     7     32      2    -1227.34489374        0.05495103
     7     33      2    -1242.66296386        0.05495103
     7     34      2    -1240.74778194        0.05495103
     7     35      2    -1233.43451348        0.05495103
     7     36      2    -1245.99681102        0.05495103
     7     37      2    -1250.47756787        0.05495103
     7     38      2    -1235.17940665        0.05495103
     7     39      2    -1237.03126117        0.05495103
     7     40      2    -1246.21420267        0.05495103
     7     41      2    -1250.91451120        0.05495103
     7     42      2    -1237.18574976        0.05495103
     7     43      2    -1251.39766443        0.05495103
     7     44      2    -1229.29006198        0.05495103
     7     45      2    -1246.11528559        0.05495103
     7     46      2    -1233.03148199        0.05495103
     7     47      2    -1212.24200918        0.05495103
     7     48      2    -1271.49932092        0.05495103
     7     49      2    -1216.00141901        0.05495103
     7     50      2    -1231.29037675        0.05495103
     7     51      2    -1232.16603090        0.05495103
     7     52      2    -1264.38862191        0.05495103
     7     53      2    -1215.81897800        0.05495103
     7     54      2    -1246.68397691        0.05495103
     7     55      2    -1244.16231369        0.05495103
     7     56      2    -1236.41180118        0.05495103
     7     57      2    -1250.05726921        0.05495103
     7     58      2    -1246.49712738        0.05495103
     7     59      2    -1242.28844528        0.05495103
     7     60      2    -1242.10297385        0.05495103
     7     61      2    -1246.05435919        0.05495103
     7     62      2    -1238.90850044        0.05495103
     7     63      2    -1254.18246705        0.05495103
     7     64      2    -1236.79134513        0.05495103
     7     65      2    -1242.44580909        0.05495103
     7     66      2    -1239.77319862        0.05495103
     7     67      2    -1241.39247120        0.05495103
     7     68      2    -1241.34924344        0.05495103
     7     69      2    -1237.05078521        0.05495103
     7     70      2    -1247.39276706        0.05495103
     7     71      2    -1232.69070062        0.05495103
     7     72      2    -1241.84807146        0.05495103
     7     73      2    -1229.65808542        0.05495103
     7     74      2    -1240.07517079        0.05495103
     7     75      2    -1230.89759291        0.05495103
     7     76      2    -1238.91451017        0.05495103
     7     77      2    -1232.07758271        0.05495103
     7     78      2    -1238.73588598        0.05495103
     7     79      2    -1230.23609553        0.05495103
     7     80      2    -1238.39262396        0.05495103
     7     81      2    -1229.95100667        0.05495103
     7     82      2    -1236.96468752        0.05495103
     7     83      2    -1236.36127691        0.05495103
     7     84      2    -1229.55010884        0.05495103
     7     85      2    -1234.44402813        0.05495103
     7     86      2    -1234.52490683        0.05495103
     7     87      2    -1232.51688080        0.05495103
     7     88      2    -1228.90316108        0.05495103
     7     89      2    -1223.47978073        0.05495103
     7     90      2    -1224.77231637        0.05495103
     7     91      2    -1194.94050763        0.05495103
     7     92      2    -1210.17763824        0.05495103
     7     93      2    -1200.97218082        0.05495103
     7     94      2    -1210.60655770        0.05495103
     7     95      2    -1213.43838265        0.05495103
     7     96      2    -1192.16759145        0.05495103
     7     97      2    -1192.25464562        0.05495103
     7     98      2    -1187.21316074        0.05495103
     7     99      2    -1187.94446922        0.05495103
     7    100      2    -1181.35142465        0.05495103
     7    101      2    -1184.74806676        0.05495103
     7    102      2    -1185.12299093        0.05495103
     7    103      2    -1188.64106226        0.05495103
     7    104      2    -1183.36800856        0.05495103
     7    105      2    -1186.73873443        0.05495103
     7    106      2    -1188.29672537        0.05495103
     7    107      2    -1184.93751493        0.05495103
     7    108      2    -1183.86556236        0.05495103
     7    109      2    -1189.41091269        0.05495103
     7    110      2    -1190.42837392        0.05495103
     7    111      2    -1190.99704182        0.05495103
     7    112      2    -1184.95016411        0.05495103
     7    113      2    -1202.86642682        0.05495103
     7    114      2    -1186.51903160        0.05495103
     7    115      2    -1195.11170976        0.05495103
     7    116      2    -1204.64627572        0.05495103
     7    117      2    -1195.97119154        0.05495103
     7    118      2    -1204.42573576        0.05495103
     7    119      2    -1199.75292635        0.05495103
     7    120      2    -1200.03298016        0.05495103
     7    121      2    -1206.01609027        0.05495103
     7    122      2    -1199.47078098        0.05495103
     7    123      2    -1214.89630396        0.05495103
     7    124      2    -1203.31257563        0.05495103
     7    125      2    -1205.54969629        0.05495103
     7    126      2    -1210.47581325        0.05495103
     7    127      2    -1209.96740598        0.05495103
     7    128      2    -1213.73795471        0.05495103
     7    129      2    -1211.43010054        0.05495103
     7    130      2    -1208.10926148        0.05495103
     7    131      2    -1219.39074379        0.05495103
     7    132      2    -1206.12152514        0.05495103
     7    133      2    -1217.22503017        0.05495103
     7    134      2    -1212.54813357        0.05495103
     7    135      2    -1208.86168728        0.05495103
     7    136      2    -1209.85610841        0.05495103
     7    137      2    -1212.89257436        0.05495103
     7    138      2    -1205.72229976        0.05495103
     7    139      2    -1211.85530795        0.05495103
     7    140      2    -1207.41948785        0.05495103
     7    141      2    -1209.87281143        0.05495103
     7    142      2    -1209.37831003        0.05495103
     7    143      2    -1210.91249865        0.05495103
     7    144      2    -1206.26701351        0.05495103
     7    145      2    -1210.26908770        0.05495103
     7    146      2    -1208.72744920        0.05495103
     7    147      2    -1216.68598736        0.05495103
     7    148      2    -1208.15895329        0.05495103
     7    149      2    -1216.41300455        0.05495103
     7    150      2    -1210.23235779        0.05495103
     7    151      2    -1212.80966082        0.05495103
     7    152      2    -1218.90562961        0.05495103
     7    153      2    -1214.11125679        0.05495103
     7    154      2    -1204.99381843        0.05495103
     7    155      2    -1217.19300818        0.05495103
     7    156      2    -1203.33039371        0.05495103
     7    157      2    -1214.82227323        0.05495103
     7    158      2    -1202.22803353        0.05495103
     7    159      2    -1209.41997240        0.05495103
     7    160      2    -1256.48565223        0.05495103
     7    161      2    -1255.29909014        0.05495103
     7    162      2    -1250.28683371        0.05495103
     7    163      2    -1260.31801348        0.05495103
     7    164      2    -1256.19661796        0.05495103
     7    165      2    -1259.25253387        0.05495103
     7    166      2    -1250.54773856        0.05495103
     7    167      2    -1263.41615471        0.05495103
     7    168      2    -1248.83366280        0.05495103
     7    169      2    -1262.82042259        0.05495103
     7    170      2    -1249.58771699        0.05495103
     7    171      2    -1264.30902969        0.05495103
     7    172      2    -1247.29620521        0.05495103
     7    173      2    -1260.30596702        0.05495103
     7    174      2    -1251.33850498        0.05495103
     7    175      2    -1253.26032687        0.05495103
     7    176      2    -1256.66194530        0.05495103
     7    177      2    -1260.97479724        0.05495103
     7    178      2    -1255.16204367        0.05495103
     7    179      2    -1260.72776533        0.05495103
     7    180      2    -1259.98377221        0.05495103
     7    181      2    -1250.96668693        0.05495103
     7    182      2    -1249.97235080        0.05495103
     7    183      2    -1266.43111429        0.05495103
     7    184      2    -1259.74054529        0.05495103
     7    185      2    -1258.55886796        0.05495103
     7    186      2    -1257.93208343        0.05495103
     7    187      2    -1257.51433259        0.05495103
     7    188      2    -1245.37419551        0.05495103
     7    189      2    -1242.57405138        0.05495103
     7    190      2    -1251.07513803        0.05495103
     7    191      2    -1256.34099237        0.05495103
     8      0      2    -1234.44342319        0.05494130
     8      1      2    -1234.75084320        0.05494130
     8      2      2    -1233.76980089        0.05494130
     8      3      2    -1240.58178594        0.05494130
     8      4      2    -1226.30977425        0.05494130
     8      5      2    -1221.44559134        0.05494130
     8      6      2    -1222.14043919        0.05494130
     8      7      2    -1238.88013006        0.05494130
     8      8      2    -1247.65341384        0.05494130
     8      9      2    -1182.61872185        0.05494130
     8     10      2    -1250.05042349        0.05494130
     8     11      2    -1244.77234013        0.05494130
     8     12      2    -1234.23433889        0.05494130
     8     13      2    -1269.66822333        0.05494130
     8     14      2    -1235.66757354        0.05494130
     8     15      2    -1242.07444834        0.05494130
     8     16      2    -1254.62774079        0.05494130
     8     17      2    -1252.96993358        0.05494130
     8     18      2    -1215.47950697        0.05494130
     8     19      2    -1252.30988856        0.05494130
     8     20      2    -1251.44662889        0.05494130
     8     21      2    -1233.84340401        0.05494130
     8     22      2    -1250.24039994        0.05494130
     8     23      2    -1240.76459153        0.05494130
     8     24      2    -1249.53087410        0.05494130
     8     25      2    -1263.05773099        0.05494130
     8     26      2    -1247.48031756        0.05494130
     8     27      2    -1259.65892241        0.05494130
     8     28      2    -1216.43425922        0.05494130
     8     29      2    -1263.29030902        0.05494130
     8     30      2    -1236.32381323        0.05494130
     8     31      2    -1265.41372290        0.05494130
     8     32      2    -1254.27466208        0.05494130
     8     33      2    -1266.52089272        0.05494130
     8     34      2    -1255.36899705        0.05494130
     8     35      2    -1254.74121316        0.05494130
     8     36      2    -1263.30077624        0.05494130
     8     37      2    -1267.40580555        0.05494130
     8     38      2    -1271.15857430        0.05494130
     8     39      2    -1274.72535001        0.05494130
     8     40      2    -1268.41811582        0.05494130
     8     41      2    -1290.19432000        0.05494130
     8     42      2    -1262.62920530        0.05494130
     8     43      2    -1291.95144623        0.05494130
     8     44      2    -1272.63322431        0.05494130
     8     45      2    -1271.75655543        0.05494130
     8     46      2    -1274.49970508        0.05494130
     8     47      2    -1261.50515207        0.05494130
     8     48      2    -1277.89270820        0.05494130
     8     49      2    -1251.80029020        0.05494130
     8     50      2    -1266.04687477        0.05494130
     8     51      2    -1274.16046694        0.05494130
     8     52      2    -1248.52068977        0.05494130
     8     53      2    -1278.02223085        0.05494130
     8     54      2    -1247.52822745        0.05494130
     8     55      2    -1283.98898967        0.05494130
     8     56      2    -1261.14911048        0.05494130
     8     57      2    -1269.94832666        0.05494130
     8     58      2    -1270.06824352        0.05494130
     8     59      2    -1278.99387973        0.05494130
     8     60      2    -1243.34843622        0.05494130
     8     61      2    -1266.54277554        0.05494130
     8     62      2    -1332.59896728        0.05494130
     8     63      2    -1235.58670763        0.05494130
     8     64      2    -1259.70203658        0.05494130
     8     65      2    -1282.78360761        0.05494130
     8     66      2    -1260.07747784        0.05494130
     8     67      2    -1269.46910363        0.05494130
     8     68      2    -1274.21792589        0.05494130
     8     69      2    -1251.65006764        0.05494130
     8     70      2    -1288.79255924        0.05494130
     8     71      2    -1255.66421186        0.05494130
     8     72      2    -1268.15161504        0.05494130
     8     73      2    -1277.55627967        0.05494130
     8     74      2    -1259.58433965        0.05494130
     8     75      2    -1265.80888829        0.05494130
     8     76      2    -1226.92456290        0.05494130
     8     77      2    -1226.92456290        0.05494130
     8     78      2    -1226.92456290        0.05494130
     8     79      2    -1226.92456290        0.05494130
     8     80      2    -1226.92456290        0.05494130
     8     81      2    -1226.92456290        0.05494130
     8     82      2    -1226.92456290        0.05494130
     8     83      2    -1226.92456290        0.05494130
     8     84      2    -1226.92456290        0.05494130
     8     85      2    -1226.92456290        0.05494130
     8     86      2    -1254.38084366        0.05494130
     8     87      2    -1261.81095156        0.05494130
     8     88      2    -1252.36229077        0.05494130
     8     89      2    -1260.02784706        0.05494130
     8     90      2    -1252.04400354        0.05494130
     8     91      2    -1260.55028587        0.05494130
     8     92      2    -1258.00210899        0.05494130
     8     93      2    -1258.59943246        0.05494130
     8     94      2    -1257.97995955        0.05494130
     8     95      2    -1255.05310390        0.05494130
     8     96      2    -1258.26026648        0.05494130
     8     97      2    -1256.44839473        0.05494130
     8     98      2    -1253.21256831        0.05494130
     8     99      2    -1260.65647230        0.05494130
     8    100      2    -1250.13003484        0.05494130
     8    101      2    -1252.42008319        0.05494130
     8    102      2    -1206.91220322        0.05494130
     8    103      2    -1222.74864784        0.05494130
     8    104      2    -1215.53357523        0.05494130
     8    105      2    -1226.85272217        0.05494130
     8    106      2    -1233.59712162        0.05494130
     8    107      2    -1235.08303837        0.05494130
     8    108      2    -1251.77825282        0.05494130
     8    109      2    -1252.32964255        0.05494130
     8    110      2    -1249.47112904        0.05494130
     8    111      2    -1256.51496169        0.05494130
     8    112      2    -1253.19707245        0.05494130
     8    113      2    -1252.79456881        0.05494130
     8    114      2    -1254.57540849        0.05494130
     8    115      2    -1251.32894575        0.05494130
     8    116      2    -1254.15848697        0.05494130
     8    117      2    -1246.93853802        0.05494130
     8    118      2    -1250.89502300        0.05494130
     8    119      2    -1257.24945210        0.05494130
     8    120      2    -1241.22481356        0.05494130
     8    121      2    -1260.82374871        0.05494130
     8    122      2    -1252.16207901        0.05494130
     8    123      2    -1269.77013349        0.05494130
     8    124      2    -1259.90089881        0.05494130
     8    125      2    -1262.67993014        0.05494130
     8    126      2    -1226.92456290        0.05494130
     8    127      2    -1259.36061027        0.05494130
     8    128      2    -1262.53854257        0.05494130
     8    129      2    -1260.21550075        0.05494130
     8    130      2    -1277.93320148        0.05494130
     8    131      2    -1226.92456290        0.05494130
     8    132      2    -1487.25723587        0.05494130
     8    133      2    -1226.92456290        0.05494130
     8    134      2    -1059.64173483        0.05494130
     8    135      2    -1226.92456290        0.05494130
     8    136      2    -1226.92456290        0.05494130
     8    137      2    -1281.46599432        0.05494130
     8    138      2    -1226.92456290        0.05494130
     8    139      2    -1310.56050008        0.05494130
     8    140      2    -1263.00788407        0.05494130
     8    141      2    -1271.56463439        0.05494130
     8    142      2    -1266.09259228        0.05494130
     8    143      2    -1291.27241732        0.05494130
     8    144      2    -1267.71232735        0.05494130
     8    145      2    -1277.31597743        0.05494130
     8    146      2    -1276.71421042        0.05494130
     8    147      2    -1270.45697618        0.05494130
     8    148      2    -1286.12551834        0.05494130
     8    149      2    -1274.20926127        0.05494130
     8    150      2    -1269.57397068        0.05494130
     8    151      2    -1283.94309455        0.05494130
     8    152      2    -1270.08680518        0.05494130
     8    153      2    -1275.40950258        0.05494130
     8    154      2    -1245.63440800        0.05494130
     8    155      2    -1277.92423454        0.05494130
     8    156      2    -1270.76039768        0.05494130
     8    157      2    -1281.48508370        0.05494130
     8    158      2    -1224.07443840        0.05494130
     8    159      2    -1278.82167408        0.05494130
     8    160      2    -1269.98509793        0.05494130
     8    161      2    -1277.83176396        0.05494130
     8    162      2    -1267.06752771        0.05494130
     8    163      2    -1276.52436722        0.05494130
     8    164      2    -1267.73281967        0.05494130
     8    165      2    -1280.91005085        0.05494130
     8    166      2    -1272.57601681        0.05494130
     8    167      2    -1276.05911175        0.05494130
     8    168      2    -1268.00705771        0.05494130
     8    169      2    -1279.77885064        0.05494130
     8    170      2    -1262.31494061        0.05494130
     8    171      2    -1274.43364508        0.05494130
     8    172      2    -1258.57322391        0.05494130
     8    173      2    -1271.04245805        0.05494130
     8    174      2    -1264.00156612        0.05494130
     8    175      2    -1274.38515801        0.05494130
     8    176      2    -1267.79841499        0.05494130
     8    177      2    -1273.71034572        0.05494130
     8    178      2    -1265.24077487        0.05494130
     8    179      2    -1272.29960876        0.05494130
     8    180      2    -1262.85703140        0.05494130
     8    181      2    -1263.98800065        0.05494130
     8    182      2    -1267.82325209        0.05494130
     8    183      2    -1261.84964451        0.05494130
     8    184      2    -1276.82927806        0.05494130
     8    185      2    -1261.90005206        0.05494130
     8    186      2    -1270.27003407        0.05494130
     8    187      2    -1271.48038234        0.05494130
     8    188      2    -1251.89872712        0.05494130
     8    189      2    -1270.27801628        0.05494130
     8    190      2    -1266.74657547        0.05494130
     8    191      2    -1260.49045270        0.05494130
     8    192      2    -1265.07492262        0.05494130
     8    193      2    -1264.05370626        0.05494130
     8    194      2    -1259.16489639        0.05494130
     8    195      2    -1261.10125458        0.05494130
     8    196      2    -1256.86794620        0.05494130
     8    197      2    -1258.92520910        0.05494130
     8    198      2    -1253.97322367        0.05494130
     8    199      2    -1252.70737118        0.05494130
     8    200      2    -1252.46511509        0.05494130
     8    201      2    -1260.61584682        0.05494130
     8    202      2    -1260.42273403        0.05494130
     8    203      2    -1266.27015979        0.05494130
     8    204      2    -1262.46583077        0.05494130
     8    205      2    -1259.69248820        0.05494130
     8    206      2    -1261.52802355        0.05494130
     8    207      2    -1257.42781651        0.05494130
     8    208      2    -1264.17340067        0.05494130
     8    209      2    -1247.03304691        0.05494130
     8    210      2    -1251.13455486        0.05494130
     8    211      2    -1254.56870800        0.05494130
     8    212      2    -1244.85083462        0.05494130
     8    213      2    -1247.96490773        0.05494130
     8    214      2    -1248.82103749        0.05494130
     8    215      2    -1262.07492002        0.05494130
     9      0      2    -1240.89892790        0.05502115
     9      1      2    -1222.73880668        0.05502115
     9      2      2    -1216.17294668        0.05502115
     9      3      2    -1213.04224149        0.05502115
     9      4      2    -1222.36400999        0.05502115
     9      5      2    -1211.35049369        0.05502115
     9      6      2    -1202.95751523        0.05502115
     9      7      2    -1243.73747630        0.05502115
     9      8      2    -1247.49972063        0.05502115
     9      9      2    -1255.28103398        0.05502115
     9     10      2    -1235.94096556        0.05502115
     9     11      2    -1258.91405838        0.05502115
     9     12      2    -1248.23789223        0.05502115
     9     13      2    -1239.31228778        0.05502115
     9     14      2    -1253.50803972        0.05502115
     9     15      2    -1249.50568229        0.05502115
     9     16      2    -1244.91881785        0.05502115
     9     17      2    -1253.87064233        0.05502115
     9     18      2    -1245.57478606        0.05502115
     9     19      2    -1253.22526070        0.05502115
     9     20      2    -1246.79389764        0.05502115
     9     21      2    -1255.31622208        0.05502115
     9     22      2    -1245.58613951        0.05502115
     9     23      2    -1268.34618235        0.05502115
     9     24      2    -1244.27050113        0.05502115
     9     25      2    -1262.20201900        0.05502115
     9     26      2    -1265.45108451        0.05502115
     9     27      2    -1265.52251825        0.05502115
     9     28      2    -1255.16643635        0.05502115
     9     29      2    -1262.83570741        0.05502115
     9     30      2    -1266.04996058        0.05502115
     9     31      2    -1265.34591124        0.05502115
     9     32      2    -1254.52272886        0.05502115
     9     33      2    -1281.65607462        0.05502115
     9     34      2    -1267.58900120        0.05502115
     9     35      2    -1259.90979595        0.05502115
     9     36      2    -1271.30462728        0.05502115
     9     37      2    -1276.90506277        0.05502115
     9     38      2    -1252.18036437        0.05502115
     9     39      2    -1281.43237887        0.05502115
     9     40      2    -1259.60842267        0.05502115
     9     41      2    -1297.70480034        0.05502115
     9     42      2    -1267.06016709        0.05502115
     9     43      2    -1277.02345583        0.05502115
     9     44      2    -1268.13011839        0.05502115
     9     45      2    -1287.38928695        0.05502115
     9     46      2    -1269.63332110        0.05502115
     9     47      2    -1289.37418394        0.05502115
     9     48      2    -1272.41801017        0.05502115
     9     49      2    -1293.92098618        0.05502115
     9     50      2    -1268.32062648        0.05502115
     9     51      2    -1276.70579879        0.05502115
     9     52      2    -1288.80592446        0.05502115
     9     53      2    -1278.14458289        0.05502115
     9     54      2    -1268.25541447        0.05502115
     9     55      2    -1282.55351794        0.05502115
     9     56      2    -1275.86342587        0.05502115
     9     57      2    -1286.78996566        0.05502115
     9     58      2    -1257.64425407        0.05502115
     9     59      2    -1292.46898028        0.05502115
     9     60      2    -1263.36514995        0.05502115
     9     61      2    -1278.43352203        0.05502115
     9     62      2    -1277.99118768        0.05502115
     9     63      2    -1276.03381501        0.05502115
     9     64      2    -1284.95346093        0.05502115
     9     65      2    -1273.66562271        0.05502115
     9     66      2    -1272.57846854        0.05502115
     9     67      2    -1275.51615633        0.05502115
     9     68      2    -1271.44477403        0.05502115
     9     69      2    -1286.35775795        0.05502115
     9     70      2    -1266.35088195        0.05502115
     9     71      2    -1274.84311298        0.05502115
     9     72      2    -1226.43417521        0.05502115
     9     73      2    -1226.43417521        0.05502115
     9     74      2    -1226.43417521        0.05502115
     9     75      2    -1226.43417521        0.05502115
     9     76      2    -1226.43417521        0.05502115
     9     77      2    -1226.43417521        0.05502115
     9     78      2    -1226.43417521        0.05502115
     9     79      2    -1226.43417521        0.05502115
     9     80      2    -1226.43417521        0.05502115
     9     81      2    -1226.43417521        0.05502115
     9     82      2    -1226.43417521        0.05502115
     9     83      2    -1226.43417521        0.05502115
     9     84      2    -1226.43417521        0.05502115
     9     85      2    -1226.43417521        0.05502115
     9     86      2    -1226.43417521        0.05502115
     9     87      2    -1226.43417521        0.05502115
     9     88      2    -1226.43417521        0.05502115
     9     89      2    -1226.43417521        0.05502115
     9     90      2    -1226.43417521        0.05502115
     9     91      2    -1226.43417521        0.05502115
     9     92      2    -1226.43417521        0.05502115
     9     93      2    -1226.43417521        0.05502115
     9     94      2    -1226.43417521        0.05502115
     9     95      2    -1226.43417521        0.05502115
     9     96      2    -1226.43417521        0.05502115
     9     97      2    -1226.43417521        0.05502115
     9     98      2    -1226.43417521        0.05502115
     9     99      2    -1226.43417521        0.05502115
     9    100      2    -1226.43417521        0.05502115
     9    101      2    -1226.43417521        0.05502115
     9    102      2    -1226.43417521        0.05502115
     9    103      2    -1226.43417521        0.05502115
     9    104      2    -1226.43417521        0.05502115
     9    105      2    -1255.53087243        0.05502115
     9    106      2    -1226.42662935        0.05502115
     9    107      2    -1304.47324173        0.05502115
     9    108      2    -1262.95020566        0.05502115
     9    109      2    -1258.01055351        0.05502115
     9    110      2    -1265.15801945        0.05502115
     9    111      2    -1262.45287294        0.05502115
     9    112      2    -1259.16928667        0.05502115
     9    113      2    -1256.83219723        0.05502115
     9    114      2    -1256.62812009        0.05502115
     9    115      2    -1245.36257054        0.05502115
     9    116      2    -1235.82197698        0.05502115
     9    117      2    -1241.90917825        0.05502115
     9    118      2    -1244.16037914        0.05502115
     9    119      2    -1247.60178586        0.05502115
     9    120      2    -1251.24818438        0.05502115
     9    121      2    -1252.90647783        0.05502115
     9    122      2    -1250.25150980        0.05502115
     9    123      2    -1247.14914978        0.05502115
     9    124      2    -1244.47564326        0.05502115
     9    125      2    -1249.98699434        0.05502115
     9    126      2    -1253.72144985        0.05502115
     9    127      2    -1250.64487865        0.05502115
     9    128      2    -1253.74295203        0.05502115
     9    129      2    -1250.67162387        0.05502115
     9    130      2    -1252.42253155        0.05502115
     9    131      2    -1252.16440215        0.05502115
     9    132      2    -1280.98696132        0.05502115
     9    133      2    -1270.60031657        0.05502115
     9    134      2    -1303.40224330        0.05502115
     9    135      2    -1226.43417521        0.05502115
     9    136      2    -1226.43417521        0.05502115
     9    137      2    -1226.43417521        0.05502115
     9    138      2    -1226.43417521        0.05502115
     9    139      2    -1226.43417521        0.05502115
     9    140      2    -1226.43417521        0.05502115
     9    141      2    -1226.43417521        0.05502115
     9    142      2    -1226.43417521        0.05502115
     9    143      2    -1226.43417521        0.05502115
     9    144      2    -1226.43417521        0.05502115
     9    145      2    -1226.43417521        0.05502115
     9    146      2    -1226.43417521        0.05502115
     9    147      2    -1226.43417521        0.05502115
     9    148      2    -1226.43417521        0.05502115
     9    149      2    -1226.43417521        0.05502115
     9    150      2    -1226.43417521        0.05502115
     9    151      2    -1226.43417521        0.05502115
     9    152      2    -1226.43417521        0.05502115
     9    153      2    -1226.43417521        0.05502115
     9    154      2    -1226.43417521        0.05502115
     9    155      2    -1226.43417521        0.05502115
     9    156      2    -1226.43417521        0.05502115
     9    157      2    -1226.43417521        0.05502115
     9    158      2    -1226.43417521        0.05502115
     9    159      2    -1226.43417521        0.05502115
     9    160      2    -1226.43417521        0.05502115
     9    161      2    -1226.43417521        0.05502115
     9    162      2    -1226.43417521        0.05502115
     9    163      2    -1226.43417521        0.05502115
     9    164      2    -1226.43417521        0.05502115
     9    165      2    -1226.43417521        0.05502115
     9    166      2    -1226.43417521        0.05502115
     9    167      2    -1328.25702891        0.05502115
     9    168      2    -1275.97945977        0.05502115
     9    169      2    -1282.85876326        0.05502115
     9    170      2    -1280.95974102        0.05502115
     9    171      2    -1273.52587408        0.05502115
     9    172      2    -1288.16526913        0.05502115
     9    173      2    -1280.96825610        0.05502115
     9    174      2    -1280.05847697        0.05502115
     9    175      2    -1280.99613035        0.05502115
     9    176      2    -1283.17286801        0.05502115
     9    177      2    -1275.80425061        0.05502115
     9    178      2    -1279.29555914        0.05502115
     9    179      2    -1282.53757167        0.05502115
     9    180      2    -1282.21223947        0.05502115
     9    181      2    -1279.44671260        0.05502115
     9    182      2    -1277.21219038        0.05502115
     9    183      2    -1278.54076257        0.05502115
     9    184      2    -1282.20402453        0.05502115
     9    185      2    -1277.35481616        0.05502115
     9    186      2    -1273.01692764        0.05502115
     9    187      2    -1284.11306042        0.05502115
     9    188      2    -1272.37099193        0.05502115
     9    189      2    -1269.30259696        0.05502115
     9    190      2    -1277.14172028        0.05502115
     9    191      2    -1265.59360372        0.05502115
     9    192      2    -1276.88848845        0.05502115
     9    193      2    -1273.30886674        0.05502115
     9    194      2    -1265.31200632        0.05502115
     9    195      2    -1267.82279501        0.05502115
     9    196      2    -1272.26574748        0.05502115
     9    197      2    -1263.81983553        0.05502115
     9    198      2    -1271.29661117        0.05502115
     9    199      2    -1271.89127771        0.05502115
     9    200      2    -1265.30164984        0.05502115
     9    201      2    -1270.56278158        0.05502115
     9    202      2    -1269.18594424        0.05502115
     9    203      2    -1271.17718061        0.05502115
     9    204      2    -1264.21301040        0.05502115
     9    205      2    -1264.85024713        0.05502115
     9    206      2    -1274.31804535        0.05502115
     9    207      2    -1259.69549976        0.05502115
     9    208      2    -1270.10128906        0.05502115
     9    209      2    -1267.61563864        0.05502115
     9    210      2    -1261.70413239        0.05502115
     9    211      2    -1270.81163913        0.05502115
     9    212      2    -1261.61402988        0.05502115
     9    213      2    -1262.83627284        0.05502115
     9    214      2    -1264.39182668        0.05502115
     9    215      2    -1263.40329294        0.05502115
     9    216      2    -1262.29463646        0.05502115
     9    217      2    -1254.62621858        0.05502115
     9    218      2    -1265.15653987        0.05502115
     9    219      2    -1256.87864228        0.05502115
     9    220      2    -1262.61749759        0.05502115
     9    221      2    -1257.83705589        0.05502115
     9    222      2    -1252.46512962        0.05502115
     9    223      2    -1248.75991327        0.05502115
     9    224      2    -1259.05679103        0.05502115
     9    225      2    -1250.84980945        0.05502115
     9    226      2    -1259.39341460        0.05502115
     9    227      2    -1260.20627523        0.05502115
     9    228      2    -1255.46490622        0.05502115
     9    229      2    -1252.46892997        0.05502115
     9    230      2    -1256.78757756        0.05502115
     9    231      2    -1251.96484806        0.05502115
     9    232      2    -1259.51617350        0.05502115
     9    233      2    -1241.93599250        0.05502115
     9    234      2    -1257.85625369        0.05502115
     9    235      2    -1245.21123621        0.05502115
     9    236      2    -1251.10712978        0.05502115
     9    237      2    -1237.88157073        0.05502115
     9    238      2    -1244.47573708        0.05502115
     9    239      2    -1252.11149488        0.05502115
    10      0      2    -1187.76772125        0.05494200
    10      1      2    -1196.60330856        0.05494200
    10      2      2    -1187.33065641        0.05494200
    10      3      2    -1209.66099985        0.05494200
    10      4      2    -1189.91347885        0.05494200
    10      5      2    -1215.72085345        0.05494200
    10      6      2    -1194.47800859        0.05494200
    10      7      2    -1209.36531204        0.05494200
    10      8      2    -1200.68151585        0.05494200
    10      9      2    -1210.07398675        0.05494200
    10     10      2    -1220.17566921        0.05494200
    10     11      2    -1213.20147770        0.05494200
    10     12      2    -1219.75947143        0.05494200
    10     13      2    -1214.46826799        0.05494200
    10     14      2    -1221.76520295        0.05494200
    10     15      2    -1214.35300155        0.05494200
    10     16      2    -1228.04739406        0.05494200
    10     17      2    -1262.77906632        0.05494200
    10     18      2    -1208.13795056        0.05494200
    10     19      2    -1257.29725563        0.05494200
    10     20      2    -1216.57588872        0.05494200
    10     21      2    -1221.17580046        0.05494200
    10     22      2    -1224.21961147        0.05494200
    10     23      2    -1236.98034772        0.05494200
    10     24      2    -1215.75289629        0.05494200
    10     25      2    -1229.59901737        0.05494200
    10     26      2    -1231.02747232        0.05494200
    10     27      2    -1237.50787367        0.05494200
    10     28      2    -1247.54135318        0.05494200
    10     29      2    -1240.44851129        0.05494200
    10     30      2    -1251.83992557        0.05494200
    10     31      2    -1227.04416079        0.05494200
    10     32      2    -1243.94922833        0.05494200
    10     33      2    -1253.96306693        0.05494200
    10     34      2    -1249.26072064        0.05494200
    10     35      2    -1234.43120860        0.05494200
    10     36      2    -1244.45661682        0.05494200
    10     37      2    -1255.49831687        0.05494200
    10     38      2    -1211.14203857        0.05494200
    10     39      2    -1263.41596661        0.05494200
    10     40      2    -1232.34032872        0.05494200
    10     41      2    -1242.04609175        0.05494200
    10     42      2    -1225.68498129        0.05494200
    10     43      2    -1268.96308452        0.05494200
    10     44      2    -1220.42136360        0.05494200
    10     45      2    -1241.13665904        0.05494200
    10     46      2    -1251.85322750        0.05494200
    10     47      2    -1238.33281465        0.05494200
    10     48      2    -1222.26855461        0.05494200
    10     49      2    -1232.76177348        0.05494200
    10     50      2    -1232.76177348        0.05494200
    10     51      2    -1232.76177348        0.05494200
    10     52      2    -1232.76177348        0.05494200
    10     53      2    -1232.76177348        0.05494200
    10     54      2    -1232.76177348        0.05494200
    10     55      2    -1232.76177348        0.05494200
    10     56      2    -1232.76177348        0.05494200
    10     57      2    -1232.76177348        0.05494200
    10     58      2    -1232.76177348        0.05494200
    10     59      2    -1232.76177348        0.05494200
    10     60      2    -1232.76177348        0.05494200
    10     61      2    -1232.76177348        0.05494200
    10     62      2    -1232.76177348        0.05494200
    10     63      2    -1232.76177348        0.05494200
    10     64      2    -1232.76177348        0.05494200
    10     65      2    -1232.76177348        0.05494200
    10     66      2    -1232.76177348        0.05494200
    10     67      2    -1232.76177348        0.05494200
    10     68      2    -1232.76177348        0.05494200
    10     69      2    -1232.76177348        0.05494200
    10     70      2    -1232.76177348        0.05494200
    10     71      2    -1232.76177348        0.05494200
    10     72      2    -1232.76177348        0.05494200
    10     73      2    -1232.76177348        0.05494200
    10     74      2    -1232.76177348        0.05494200
    10     75      2    -1232.76177348        0.05494200
    10     76      2    -1232.76177348        0.05494200
    10     77      2    -1232.76177348        0.05494200
    10     78      2    -1232.76177348        0.05494200
    10     79      2    -1232.76177348        0.05494200
    10     80      2    -1232.76177348        0.05494200
    10     81      2    -1232.76177348        0.05494200
    10     82      2    -1232.76177348        0.05494200
    10     83      2    -1232.76177348        0.05494200
    10     84      2    -1232.76177348        0.05494200
    10     85      2    -1232.76177348        0.05494200
    10     86      2    -1232.76177348        0.05494200
    10     87      2    -1232.76177348        0.05494200
    10     88      2    -1232.76177348        0.05494200
    10     89      2    -1232.76177348        0.05494200
    10     90      2    -1232.76177348        0.05494200
    10     91      2    -1232.76177348        0.05494200
    10     92      2    -1232.76177348        0.05494200
    10     93      2    -1232.76177348        0.05494200
    10     94      2    -1232.76177348        0.05494200
    10     95      2    -1239.45667625        0.05494200
    10     96      2    -1232.76177348        0.05494200
    10     97      2    -1250.55829598        0.05494200
    10     98      2    -1159.91483782        0.05494200
    10     99      2    -1187.49320629        0.05494200
    10    100      2    -1185.92323165        0.05494200
    10    101      2    -1193.63837772        0.05494200
    10    102      2    -1187.44643801        0.05494200
    10    103      2    -1193.36225836        0.05494200
    10    104      2    -1216.13412834        0.05494200
    10    105      2    -1196.64606353        0.05494200
    10    106      2    -1220.13386123        0.05494200
    10    107      2    -1207.48751070        0.05494200
    10    108      2    -1217.68115731        0.05494200
    10    109      2    -1205.43749997        0.05494200
    10    110      2    -1248.37655634        0.05494200
    10    111      2    -1237.73103272        0.05494200
    10    112      2    -1227.08893418        0.05494200
    10    113      2    -1165.02631007        0.05494200
    10    114      2    -1196.26781622        0.05494200
    10    115      2    -1232.76177348        0.05494200
    10    116      2    -1232.76177348        0.05494200
    10    117      2    -1232.76177348        0.05494200
    10    118      2    -1232.76177348        0.05494200
    10    119      2    -1232.76177348        0.05494200
    10    120      2    -1232.76177348        0.05494200
    10    121      2    -1232.76177348        0.05494200
    10    122      2    -1232.76177348        0.05494200
    10    123      2    -1232.76177348        0.05494200
    10    124      2    -1232.76177348        0.05494200
    10    125      2    -1328.03733229        0.05494200
    10    126      2    -1218.21616396        0.05494200
    10    127      2    -1232.76177348        0.05494200
    10    128      2    -1222.38393520        0.05494200
    10    129      2    -1249.96338916        0.05494200
    10    130      2    -1244.70786312        0.05494200
    10    131      2    -1254.94620900        0.05494200
    10    132      2    -1242.10901389        0.05494200
    10    133      2    -1236.29806526        0.05494200
    10    134      2    -1269.96115193        0.05494200
    10    135      2    -1165.03313474        0.05494200
    10    136      2    -1259.62122964        0.05494200
    10    137      2    -1269.12798612        0.05494200
    10    138      2    -1218.61212076        0.05494200
    10    139      2    -1232.76177348        0.05494200
    10    140      2    -1247.30778343        0.05494200
    10    141      2    -1232.76177348        0.05494200
    10    142      2    -1232.76177348        0.05494200
    10    143      2    -1232.76177348        0.05494200
    10    144      2    -1232.76177348        0.05494200
    10    145      2    -1232.76177348        0.05494200
    10    146      2    -1232.76177348        0.05494200
    10    147      2    -1232.76177348        0.05494200
    10    148      2    -1232.76177348        0.05494200
    10    149      2    -1232.76177348        0.05494200
    10    150      2    -1232.76177348        0.05494200
    10    151      2    -1232.76177348        0.05494200
    10    152      2    -1232.76177348        0.05494200
    10    153      2    -1232.76177348        0.05494200
    10    154      2    -1232.76177348        0.05494200
    10    155      2    -1232.76177348        0.05494200
    10    156      2    -1232.76177348        0.05494200
    10    157      2    -1234.78982360        0.05494200
    10    158      2    -1232.76177348        0.05494200
    10    159      2    -1220.28493027        0.05494200
    10    160      2    -1252.46893933        0.05494200
    10    161      2    -1229.90480257        0.05494200
    10    162      2    -1246.07541993        0.05494200
    10    163      2    -1235.06292064        0.05494200
    10    164      2    -1244.27013537        0.05494200
    10    165      2    -1230.18034347        0.05494200
    10    166      2    -1251.21750746        0.05494200
    10    167      2    -1235.02298158        0.05494200
    10    168      2    -1235.59268561        0.05494200
    10    169      2    -1237.12400599        0.05494200
    10    170      2    -1234.46460269        0.05494200
    10    171      2    -1230.84858396        0.05494200
    10    172      2    -1236.76589752        0.05494200
    10    173      2    -1229.15175457        0.05494200
    10    174      2    -1238.87880083        0.05494200
    10    175      2    -1233.91930635        0.05494200
    10    176      2    -1231.36897825        0.05494200
    10    177      2    -1223.78419087        0.05494200
    10    178      2    -1233.32570756        0.05494200
    10    179      2    -1219.52722725        0.05494200
    10    180      2    -1237.91477104        0.05494200
    10    181      2    -1223.89048406        0.05494200
    10    182      2    -1224.97326571        0.05494200
    10    183      2    -1225.03016157        0.05494200
    10    184      2    -1226.27813220        0.05494200
    10    185      2    -1222.77704795        0.05494200
    10    186      2    -1234.55623876        0.05494200
    10    187      2    -1217.83696758        0.05494200
    10    188      2    -1236.93736643        0.05494200
    10    189      2    -1220.10693139        0.05494200
    10    190      2    -1227.07516785        0.05494200
    10    191      2    -1224.78121634        0.05494200
    10    192      2    -1228.49211918        0.05494200
    10    193      2    -1223.34213485        0.05494200
    10    194      2    -1232.76675123        0.05494200
    10    195      2    -1220.59779245        0.05494200
    10    196      2    -1231.08644058        0.05494200
    10    197      2    -1234.53396868        0.05494200
    10    198      2    -1217.92651087        0.05494200
    10    199      2    -1230.76700391        0.05494200
    10    200      2    -1225.43166009        0.05494200
    10    201      2    -1215.60671573        0.05494200
    10    202      2    -1230.10468968        0.05494200
    10    203      2    -1219.18062119        0.05494200
    10    204      2    -1223.61711063        0.05494200
    10    205      2    -1208.26562525        0.05494200
    10    206      2    -1222.49404898        0.05494200
    10    207      2    -1209.23994698        0.05494200
    11      0      2    -1177.44745107        0.05496136
    11      1      2    -1191.69530692        0.05496136
    11      2      2    -1191.06466091        0.05496136
    11      3      2    -1182.45644551        0.05496136
    11      4      2    -1223.76506435        0.05496136
    11      5      2    -1182.53285799        0.05496136
    11      6      2    -1224.16094123        0.05496136
    11      7      2    -1200.37030376        0.05496136
    11      8      2    -1221.94892086        0.05496136
    11      9      2    -1205.00533898        0.05496136
    11     10      2    -1226.34499925        0.05496136
    11     11      2    -1220.82423730        0.05496136
    11     12      2    -1206.11016126        0.05496136
    11     13      2    -1228.02697107        0.05496136
    11     14      2    -1218.05660915        0.05496136
    11     15      2    -1228.84852677        0.05496136
    11     16      2    -1194.41087281        0.05496136
    11     17      2    -1260.63538810        0.05496136
    11     18      2    -1201.40499445        0.05496136
    11     19      2    -1238.33461061        0.05496136
    11     20      2    -1226.73104827        0.05496136
    11     21      2    -1213.49392749        0.05496136
    11     22      2    -1261.37259746        0.05496136
    11     23      2    -1213.33723738        0.05496136
    11     24      2    -1234.89738501        0.05496136
    11     25      2    -1247.14459044        0.05496136
    11     26      2    -1218.17565784        0.05496136
    11     27      2    -1270.69004051        0.05496136
    11     28      2    -1229.45100110        0.05496136
    11     29      2    -1217.67750612        0.05496136
    11     30      2    -1268.76305407        0.05496136
    11     31      2    -1226.33437739        0.05496136
    11     32      2    -1242.01972553        0.05496136
    11     33      2    -1240.80983805        0.05496136
    11     34      2    -1231.62327947        0.05496136
    11     35      2    -1232.63003682        0.05496136
    11     36      2    -1255.36327728        0.05496136
    11     37      2    -1224.75501299        0.05496136
    11     38      2    -1230.54645188        0.05496136
    11     39      2    -1239.82141989        0.05496136
    11     40      2    -1234.57298355        0.05496136
    11     41      2    -1233.36389406        0.05496136
    11     42      2    -1226.77061972        0.05496136
    11     43      2    -1226.77061972        0.05496136
    11     44      2    -1226.77061972        0.05496136
    11     45      2    -1226.77061972        0.05496136
    11     46      2    -1226.77061972        0.05496136
    11     47      2    -1226.77061972        0.05496136
    11     48      2    -1226.77061972        0.05496136
    11     49      2    -1226.77061972        0.05496136
    11     50      2    -1226.77061972        0.05496136
    11     51      2    -1226.77061972        0.05496136
    11     52      2    -1226.77061972        0.05496136
    11     53      2    -1226.77061972        0.05496136
    11     54      2    -1226.77061972        0.05496136
    11     55      2    -1226.77061972        0.05496136
    11     56      2    -1236.50713590        0.05496136
    11     57      2    -1255.98179267        0.05496136
    11     58      2    -1206.06206065        0.05496136
    11     59      2    -1290.05421073        0.05496136
    11     60      2    -1220.40820979        0.05496136
    11     61      2    -1259.48002657        0.05496136
    11     62      2    -1260.31944576        0.05496136
    11     63      2    -1247.24251757        0.05496136
    11     64      2    -1245.77551526        0.05496136
    11     65      2    -1265.66373480        0.05496136
    11     66      2    -1241.29933001        0.05496136
    11     67      2    -1253.94751257        0.05496136
    11     68      2    -1371.42092326        0.05496136
    11     69      2    -1247.31728657        0.05496136
    11     70      2    -1238.17562498        0.05496136
    11     71      2    -1253.53103352        0.05496136
    11     72      2    -1248.71605138        0.05496136
    11     73      2    -1246.31297541        0.05496136
    11     74      2    -1252.82180130        0.05496136
    11     75      2    -1244.63936275        0.05496136
    11     76      2    -1245.72486828        0.05496136
    11     77      2    -1229.52807746        0.05496136
    11     78      2    -1245.25905176        0.05496136
    11     79      2    -1243.98864742        0.05496136
    11     80      2    -1242.17498770        0.05496136
    11     81      2    -1248.98513196        0.05496136
    11     82      2    -1248.88076902        0.05496136
    11     83      2    -1250.09752253        0.05496136
    11     84      2    -1241.32952303        0.05496136
    11     85      2    -1258.31512015        0.05496136
    11     86      2    -1237.31277495        0.05496136
    11     87      2    -1246.18813014        0.05496136
    11     88      2    -1238.94073187        0.05496136
    11     89      2    -1237.26222865        0.05496136
    11     90      2    -1242.97298858        0.05496136
    11     91      2    -1236.58576742        0.05496136
    11     92      2    -1227.17360661        0.05496136
    11     93      2    -1235.38498041        0.05496136
    11     94      2    -1226.77061972        0.05496136
    11     95      2    -1214.10221970        0.05496136
    11     96      2    -1226.77061972        0.05496136
    11     97      2    -1224.53600235        0.05496136
    11     98      2    -1226.77061972        0.05496136
    11     99      2    -1226.77061972        0.05496136
    11    100      2    -1226.77061972        0.05496136
    11    101      2    -1226.77061972        0.05496136
    11    102      2    -1226.77061972        0.05496136
    11    103      2    -1226.77061972        0.05496136
    11    104      2    -1226.77061972        0.05496136
    11    105      2    -1202.33106776        0.05496136
    11    106      2    -1207.66495817        0.05496136
    11    107      2    -1248.12683196        0.05496136
    11    108      2    -1197.68107093        0.05496136
    11    109      2    -1189.79764464        0.05496136
    11    110      2    -1236.17363385        0.05496136
    11    111      2    -1248.27125163        0.05496136
    11    112      2    -1308.28271687        0.05496136
    11    113      2    -1226.77061972        0.05496136
    11    114      2    -1226.77061972        0.05496136
    11    115      2    -1226.77061972        0.05496136
    11    116      2    -1226.77061972        0.05496136
    11    117      2    -1226.77061972        0.05496136
    11    118      2    -1228.20033558        0.05496136
    11    119      2    -1189.00125463        0.05496136
    11    120      2    -1242.98159358        0.05496136
    11    121      2    -1179.60140335        0.05496136
    11    122      2    -1360.68425855        0.05496136
    11    123      2    -1223.36811305        0.05496136
    11    124      2    -1211.56343375        0.05496136
    11    125      2    -1206.29332502        0.05496136
    11    126      2    -1216.43711526        0.05496136
    11    127      2    -1213.82449944        0.05496136
    11    128      2    -1222.80762057        0.05496136
    11    129      2    -1213.60879065        0.05496136
    11    130      2    -1225.75575784        0.05496136
    11    131      2    -1218.95063363        0.05496136
    11    132      2    -1227.97658105        0.05496136
    11    133      2    -1223.22869298        0.05496136
    11    134      2    -1233.99648067        0.05496136
    11    135      2    -1225.83723656        0.05496136
    11    136      2    -1231.42102638        0.05496136
    11    137      2    -1226.07827172        0.05496136
    11    138      2    -1234.70012291        0.05496136
    11    139      2    -1228.03609809        0.05496136
    11    140      2    -1234.54861682        0.05496136
    11    141      2    -1228.21375667        0.05496136
    11    142      2    -1237.88114033        0.05496136
    11    143      2    -1231.93017655        0.05496136
    11    144      2    -1242.24278603        0.05496136
    11    145      2    -1235.28245190        0.05496136
    11    146      2    -1243.67653731        0.05496136
    11    147      2    -1235.01253486        0.05496136
    11    148      2    -1245.01347224        0.05496136
    11    149      2    -1235.87835051        0.05496136
    11    150      2    -1248.03496303        0.05496136
    11    151      2    -1242.08548977        0.05496136
    11    152      2    -1253.05377786        0.05496136
    11    153      2    -1242.00920133        0.05496136
    11    154      2    -1249.50749963        0.05496136
    11    155      2    -1238.95927392        0.05496136
    11    156      2    -1248.33450931        0.05496136
    11    157      2    -1242.87675455        0.05496136
    11    158      2    -1241.17047538        0.05496136
    11    159      2    -1231.62313386        0.05496136
    11    160      2    -1235.06412805        0.05496136
    11    161      2    -1227.90647504        0.05496136
    11    162      2    -1235.84271866        0.05496136
    11    163      2    -1226.77061972        0.05496136
    11    164      2    -1226.77061972        0.05496136
    11    165      2    -1226.77061972        0.05496136
    11    166      2    -1226.77061972        0.05496136
    11    167      2    -1226.77061972        0.05496136
    11    168      2    -1226.77061972        0.05496136
    11    169      2    -1226.77061972        0.05496136
    11    170      2    -1226.77061972        0.05496136
    11    171      2    -1226.77061972        0.05496136
    11    172      2    -1226.77061972        0.05496136
    11    173      2    -1226.77061972        0.05496136
    11    174      2    -1226.77061972        0.05496136
    11    175      2    -1226.77061972        0.05496136
    11    176      2    -1225.10755679        0.05496136
    11    177      2    -1224.93256471        0.05496136
    11    178      2    -1235.23583555        0.05496136
    11    179      2    -1215.65531486        0.05496136
    11    180      2    -1238.93253010        0.05496136
    11    181      2    -1222.33163037        0.05496136
    11    182      2    -1225.95214765        0.05496136
    11    183      2    -1229.68197363        0.05496136
    11    184      2    -1209.35872833        0.05496136
    11    185      2    -1240.46044531        0.05496136
    11    186      2    -1207.59124013        0.05496136
    11    187      2    -1225.39726375        0.05496136
    11    188      2    -1218.90429848        0.05496136
    11    189      2    -1212.36358413        0.05496136
    11    190      2    -1214.59715682        0.05496136
    11    191      2    -1214.15755065        0.05496136
    11    192      2    -1209.94965434        0.05496136
    11    193      2    -1209.89509388        0.05496136
    11    194      2    -1225.89940973        0.05496136
    11    195      2    -1189.92165986        0.05496136
    11    196      2    -1219.40986351        0.05496136
    11    197      2    -1205.40543146        0.05496136
    11    198      2    -1207.42522495        0.05496136
    11    199      2    -1203.69958594        0.05496136
    11    200      2    -1203.69540092        0.05496136
    11    201      2    -1209.68978928        0.05496136
    11    202      2    -1202.15070978        0.05496136
    11    203      2    -1209.13274353        0.05496136
    11    204      2    -1205.96134496        0.05496136
    11    205      2    -1212.43647497        0.05496136
    11    206      2    -1199.94491115        0.05496136
    11    207      2    -1208.81075594        0.05496136
    11    208      2    -1214.20075027        0.05496136
    11    209      2    -1206.85288908        0.05496136
    11    210      2    -1213.33003858        0.05496136
    11    211      2    -1203.74560333        0.05496136
    11    212      2    -1213.84615497        0.05496136
    11    213      2    -1208.10877158        0.05496136
    11    214      2    -1215.59449722        0.05496136
    11    215      2    -1200.10570825        0.05496136
    11    216      2    -1219.00887280        0.05496136
    11    217      2    -1202.35100790        0.05496136
    12      0      2    -1203.85593767        0.05498367
    12      1      2    -1229.75521330        0.05498367
    12      2      2    -1225.87311331        0.05498367
    12      3      2    -1242.93698341        0.05498367
    12      4      2    -1225.38465190        0.05498367
    12      5      2    -1276.93150462        0.05498367
    12      6      2    -1224.13535011        0.05498367
    12      7      2    -1267.63289811        0.05498367
    12      8      2    -1281.15170425        0.05498367
    12      9      2    -1269.75402449        0.05498367
    12     10      2    -1260.70340333        0.05498367
    12     11      2    -1304.85603885        0.05498367
    12     12      2    -1246.09343009        0.05498367
    12     13      2    -1296.37833169        0.05498367
    12     14      2    -1271.28631116        0.05498367
    12     15      2    -1288.13930149        0.05498367
    12     16      2    -1292.69232711        0.05498367
    12     17      2    -1272.37485038        0.05498367
    12     18      2    -1291.57448663        0.05498367
    12     19      2    -1289.74429569        0.05498367
    12     20      2    -1298.04058064        0.05498367
    12     21      2    -1292.82852516        0.05498367
    12     22      2    -1278.57207455        0.05498367
    12     23      2    -1318.12344172        0.05498367
    12     24      2    -1282.04230648        0.05498367
    12     25      2    -1292.57962077        0.05498367
    12     26      2    -1308.95588065        0.05498367
    12     27      2    -1301.37409030        0.05498367
    12     28      2    -1296.13703687        0.05498367
    12     29      2    -1307.48846803        0.05498367
    12     30      2    -1298.25017628        0.05498367
    12     31      2    -1294.40318970        0.05498367
    12     32      2    -1311.75871896        0.05498367
    12     33      2    -1295.70126301        0.05498367
    12     34      2    -1292.00246684        0.05498367
    12     35      2    -1301.76000142        0.05498367
    12     36      2    -1271.19760953        0.05498367
    12     37      2    -1271.19760953        0.05498367
    12     38      2    -1271.19760953        0.05498367
    12     39      2    -1271.19760953        0.05498367
    12     40      2    -1271.19760953        0.05498367
    12     41      2    -1271.19760953        0.05498367
    12     42      2    -1271.19760953        0.05498367
    12     43      2    -1271.19760953        0.05498367
    12     44      2    -1271.19760953        0.05498367
    12     45      2    -1271.19760953        0.05498367
    12     46      2    -1271.19760953        0.05498367
    12     47      2    -1271.19760953        0.05498367
    12     48      2    -1305.98330738        0.05498367
    12     49      2    -1293.99702472        0.05498367
    12     50      2    -1299.95754373        0.05498367
    12     51      2    -1301.45021242        0.05498367
    12     52      2    -1309.41731135        0.05498367
    12     53      2    -1306.38060655        0.05498367
    12     54      2    -1306.89601437        0.05498367
    12     55      2    -1303.78874098        0.05498367
    12     56      2    -1316.76629624        0.05498367
    12     57      2    -1289.36402154        0.05498367
    12     58      2    -1322.31665429        0.05498367
    12     59      2    -1301.20507743        0.05498367
    12     60      2    -1310.75030587        0.05498367
    12     61      2    -1324.15813439        0.05498367
    12     62      2    -1304.01615074        0.05498367
    12     63      2    -1312.39294432        0.05498367
    12     64      2    -1321.61583313        0.05498367
    12     65      2    -1316.00523880        0.05498367
    12     66      2    -1305.17107623        0.05498367
    12     67      2    -1337.27720753        0.05498367
    12     68      2    -1300.85279211        0.05498367
    12     69      2    -1334.05426268        0.05498367
    12     70      2    -1312.33648850        0.05498367
    12     71      2    -1319.83299111        0.05498367
    12     72      2    -1315.29488276        0.05498367
    12     73      2    -1322.60712158        0.05498367
    12     74      2    -1303.42078589        0.05498367
    12     75      2    -1331.37273935        0.05498367
    12     76      2    -1292.69073929        0.05498367
    12     77      2    -1340.53244009        0.05498367
    12     78      2    -1293.74344700        0.05498367
    12     79      2    -1325.42972231        0.05498367
    12     80      2    -1305.53100327        0.05498367
    12     81      2    -1325.37704717        0.05498367
    12     82      2    -1307.80640343        0.05498367
    12     83      2    -1322.31372213        0.05498367
    12     84      2    -1292.95421041        0.05498367
    12     85      2    -1358.38838047        0.05498367
    12     86      2    -1295.54564291        0.05498367
    12     87      2    -1313.41803670        0.05498367
    12     88      2    -1308.37418435        0.05498367
    12     89      2    -1319.58666631        0.05498367
    12     90      2    -1303.79057095        0.05498367
    12     91      2    -1311.94281402        0.05498367
    12     92      2    -1303.57408806        0.05498367
    12     93      2    -1307.00115574        0.05498367
    12     94      2    -1277.61124336        0.05498367
    12     95      2    -1383.27451633        0.05498367
    12     96      2    -1283.67917234        0.05498367
    12     97      2    -1298.11774027        0.05498367
    12     98      2    -1292.79184040        0.05498367
    12     99      2    -1291.10626938        0.05498367
    12    100      2    -1286.55996611        0.05498367
    12    101      2    -1290.28099427        0.05498367
    12    102      2    -1281.05265223        0.05498367
    12    103      2    -1278.64453719        0.05498367
    12    104      2    -1290.39265284        0.05498367
    12    105      2    -1263.07300572        0.05498367
    12    106      2    -1271.19760953        0.05498367
    12    107      2    -1271.19760953        0.05498367
    12    108      2    -1311.26565666        0.05498367
    12    109      2    -1263.92543525        0.05498367
    12    110      2    -1271.19760953        0.05498367
    12    111      2    -1271.19760953        0.05498367
    12    112      2    -1271.19760953        0.05498367
    12    113      2    -1271.19760953        0.05498367
    12    114      2    -1271.19760953        0.05498367
    12    115      2    -1271.19760953        0.05498367
    12    116      2    -1271.19760953        0.05498367
    12    117      2    -1271.19760953        0.05498367
    12    118      2    -1325.71647487        0.05498367
    12    119      2    -1321.73734107        0.05498367
    12    120      2    -1292.98163094        0.05498367
    12    121      2    -1286.36053861        0.05498367
    12    122      2    -1271.19760953        0.05498367
    12    123      2    -1271.19760953        0.05498367
    12    124      2    -1263.03159482        0.05498367
    12    125      2    -1284.01299943        0.05498367
    12    126      2    -1280.82923804        0.05498367
    12    127      2    -1282.22623799        0.05498367
    12    128      2    -1279.00328950        0.05498367
    12    129      2    -1283.97710674        0.05498367
    12    130      2    -1280.31466871        0.05498367
    12    131      2    -1296.55167889        0.05498367
    12    132      2    -1289.83872243        0.05498367
    12    133      2    -1296.23129059        0.05498367
    12    134      2    -1292.70725029        0.05498367
    12    135      2    -1300.53663233        0.05498367
    12    136      2    -1298.03578233        0.05498367
    12    137      2    -1303.40515078        0.05498367
    12    138      2    -1300.48084109        0.05498367
    12    139      2    -1307.34817156        0.05498367
    12    140      2    -1305.65512488        0.05498367
    12    141      2    -1307.60082332        0.05498367
    12    142      2    -1311.41469568        0.05498367
    12    143      2    -1310.55943926        0.05498367
    12    144      2    -1311.60588045        0.05498367
    12    145      2    -1314.10774381        0.05498367
    12    146      2    -1312.41485916        0.05498367
    12    147      2    -1317.70517621        0.05498367
    12    148      2    -1310.84044796        0.05498367
    12    149      2    -1318.20202472        0.05498367
    12    150      2    -1315.42998292        0.05498367
    12    151      2    -1321.29867575        0.05498367
    12    152      2    -1321.90009344        0.05498367
    12    153      2    -1320.96519375        0.05498367
    12    154      2    -1322.63892936        0.05498367
    12    155      2    -1326.87295310        0.05498367
    12    156      2    -1324.70745743        0.05498367
    12    157      2    -1327.71770149        0.05498367
    12    158      2    -1331.03329855        0.05498367
    12    159      2    -1331.80786728        0.05498367
    12    160      2    -1331.20725723        0.05498367
    12    161      2    -1335.03614176        0.05498367
    12    162      2    -1332.10956738        0.05498367
    12    163      2    -1335.61825406        0.05498367
    12    164      2    -1332.05076431        0.05498367
    12    165      2    -1339.29580361        0.05498367
    12    166      2    -1332.07366544        0.05498367
    12    167      2    -1334.16891966        0.05498367
    12    168      2    -1325.46009871        0.05498367
    12    169      2    -1329.83140067        0.05498367
    12    170      2    -1325.20943439        0.05498367
    12    171      2    -1328.29072853        0.05498367
    12    172      2    -1321.21479997        0.05498367
    12    173      2    -1327.63536398        0.05498367
    12    174      2    -1321.88634649        0.05498367
    12    175      2    -1326.01841809        0.05498367
    12    176      2    -1321.80081918        0.05498367
    12    177      2    -1315.18527449        0.05498367
    12    178      2    -1323.47805872        0.05498367
    12    179      2    -1306.84014228        0.05498367
    12    180      2    -1312.15472832        0.05498367
    12    181      2    -1316.33070127        0.05498367
    12    182      2    -1271.19760953        0.05498367
    12    183      2    -1271.19760953        0.05498367
    12    184      2    -1271.19760953        0.05498367
    12    185      2    -1271.19760953        0.05498367
    12    186      2    -1271.19760953        0.05498367
    12    187      2    -1271.19760953        0.05498367
    12    188      2    -1271.19760953        0.05498367
    12    189      2    -1271.19760953        0.05498367
    12    190      2    -1271.19760953        0.05498367
    12    191      2    -1271.19760953        0.05498367
    12    192      2    -1271.19760953        0.05498367
    12    193      2    -1271.19760953        0.05498367
    12    194      2    -1292.18426255        0.05498367
    12    195      2    -1307.95312648        0.05498367
    12    196      2    -1280.78908070        0.05498367
    12    197      2    -1298.94183990        0.05498367
    12    198      2    -1282.00135240        0.05498367
    12    199      2    -1295.91466242        0.05498367
    12    200      2    -1274.13298828        0.05498367
    12    201      2    -1271.44251484        0.05498367
    12    202      2    -1280.39846366        0.05498367
    12    203      2    -1272.10162507        0.05498367
    12    204      2    -1267.62929233        0.05498367
    12    205      2    -1263.01687583        0.05498367
    12    206      2    -1268.94852553        0.05498367
    12    207      2    -1268.59943952        0.05498367
    12    208      2    -1269.75418751        0.05498367
    12    209      2    -1254.47906101        0.05498367
    12    210      2    -1259.64424887        0.05498367
    12    211      2    -1260.14316141        0.05498367
    12    212      2    -1234.12106445        0.05498367
    12    213      2    -1256.23773902        0.05498367
    12    214      2    -1246.61213322        0.05498367
    12    215      2    -1266.98239628        0.05498367
    12    216      2    -1249.67853313        0.05498367
    12    217      2    -1278.85172865        0.05498367
    12    218      2    -1232.64042559        0.05498367
    12    219      2    -1278.74494036        0.05498367
    12    220      2    -1248.88211266        0.05498367
    12    221      2    -1253.37150041        0.05498367
    12    222      2    -1266.79723550        0.05498367
    12    223      2    -1252.01633582        0.05498367
    12    224      2    -1282.02601006        0.05498367
    12    225      2    -1273.44607616        0.05498367
    12    226      2    -1264.59602417        0.05498367
    12    227      2    -1276.21598822        0.05498367
    12    228      2    -1275.80560668        0.05498367
    12    229      2    -1281.96255259        0.05498367
    13      0      2    -1298.26277880        0.05501150
    13      1      2    -1270.63140843        0.05501150
    13      2      2    -1307.69731962        0.05501150
    13      3      2    -1288.16990716        0.05501150
    13      4      2    -1294.88664610        0.05501150
    13      5      2    -1260.68181265        0.05501150
    13      6      2    -1301.57777670        0.05501150
    13      7      2    -1280.57699543        0.05501150
    13      8      2    -1272.89818274        0.05501150
    13      9      2    -1289.24287810        0.05501150
    13     10      2    -1321.44975948        0.05501150
    13     11      2    -1276.58605173        0.05501150
    13     12      2    -1324.78403986        0.05501150
    13     13      2    -1269.56622003        0.05501150
    13     14      2    -1313.35291986        0.05501150
    13     15      2    -1293.01533344        0.05501150
    13     16      2    -1303.67920633        0.05501150
    13     17      2    -1268.84044883        0.05501150
    13     18      2    -1268.84044883        0.05501150
    13     19      2    -1268.84044883        0.05501150
    13     20      2    -1268.84044883        0.05501150
    13     21      2    -1268.84044883        0.05501150
    13     22      2    -1268.84044883        0.05501150
    13     23      2    -1268.84044883        0.05501150
    13     24      2    -1268.84044883        0.05501150
    13     25      2    -1268.84044883        0.05501150
    13     26      2    -1268.84044883        0.05501150
    13     27      2    -1268.84044883        0.05501150
    13     28      2    -1320.52325199        0.05501150
    13     29      2    -1289.52684771        0.05501150
    13     30      2    -1349.22648794        0.05501150
    13     31      2    -1268.73706319        0.05501150
    13     32      2    -1339.67425090        0.05501150
    13     33      2    -1299.95238766        0.05501150
    13     34      2    -1299.86046961        0.05501150
    13     35      2    -1311.19961400        0.05501150
    13     36      2    -1325.17388446        0.05501150
    13     37      2    -1296.49227872        0.05501150
    13     38      2    -1318.21785744        0.05501150
    13     39      2    -1301.82769464        0.05501150
    13     40      2    -1327.53207826        0.05501150
    13     41      2    -1304.34269889        0.05501150
    13     42      2    -1320.24761140        0.05501150
    13     43      2    -1312.55934722        0.05501150
    13     44      2    -1319.20891680        0.05501150
    13     45      2    -1319.31778857        0.05501150
    13     46      2    -1306.31560917        0.05501150
    13     47      2    -1327.39270473        0.05501150
    13     48      2    -1305.36261402        0.05501150
    13     49      2    -1316.84861971        0.05501150
    13     50      2    -1324.96068597        0.05501150
    13     51      2    -1307.18856453        0.05501150
    13     52      2    -1332.71789958        0.05501150
    13     53      2    -1315.64066651        0.05501150
    13     54      2    -1322.91959766        0.05501150
    13     55      2    -1322.08031248        0.05501150
    13     56      2    -1322.64722721        0.05501150
    13     57      2    -1321.30257084        0.05501150
    13     58      2    -1323.10679734        0.05501150
    13     59      2    -1320.74676640        0.05501150
    13     60      2    -1324.41492260        0.05501150
    13     61      2    -1303.42977883        0.05501150
    13     62      2    -1347.55560062        0.05501150
    13     63      2    -1290.69374357        0.05501150
    13     64      2    -1351.85536441        0.05501150
    13     65      2    -1292.72205552        0.05501150
    13     66      2    -1341.40343899        0.05501150
    13     67      2    -1307.80242302        0.05501150
    13     68      2    -1325.04472859        0.05501150
    13     69      2    -1323.26773891        0.05501150
    13     70      2    -1445.23446155        0.05501150
    13     71      2    -1321.70707400        0.05501150
    13     72      2    -1318.84237302        0.05501150
    13     73      2    -1322.09357953        0.05501150
    13     74      2    -1323.06519788        0.05501150
    13     75      2    -1316.90689414        0.05501150
    13     76      2    -1331.32792113        0.05501150
    13     77      2    -1301.66138502        0.05501150
    13     78      2    -1355.23911663        0.05501150
    13     79      2    -1296.76599293        0.05501150
    13     80      2    -1323.74080989        0.05501150
    13     81      2    -1315.72107085        0.05501150
    13     82      2    -1315.04045723        0.05501150
    13     83      2    -1304.94489347        0.05501150
    13     84      2    -1323.20584544        0.05501150
    13     85      2    -1299.31579052        0.05501150
    13     86      2    -1313.65105468        0.05501150
    13     87      2    -1292.25090824        0.05501150
    13     88      2    -1305.78306230        0.05501150
    13     89      2    -1291.87855541        0.05501150
    13     90      2    -1301.20090855        0.05501150
    13     91      2    -1288.97519224        0.05501150
    13     92      2    -1299.80229882        0.05501150
    13     93      2    -1288.78321258        0.05501150
    13     94      2    -1292.58646154        0.05501150
    13     95      2    -1286.29777341        0.05501150
    13     96      2    -1289.14718168        0.05501150
    13     97      2    -1281.32669941        0.05501150
    13     98      2    -1281.35819087        0.05501150
    13     99      2    -1299.85707291        0.05501150
    13    100      2    -1268.84044883        0.05501150
    13    101      2    -1367.03384695        0.05501150
    13    102      2    -1268.84044883        0.05501150
    13    103      2    -1268.84044883        0.05501150
    13    104      2    -1268.84044883        0.05501150
    13    105      2    -1268.84044883        0.05501150
    13    106      2    -1268.84044883        0.05501150
    13    107      2    -1268.84044883        0.05501150
    13    108      2    -1268.84044883        0.05501150
    13    109      2    -1268.84044883        0.05501150
    13    110      2    -1268.84044883        0.05501150
    13    111      2    -1286.44953513        0.05501150
    13    112      2    -1291.51263383        0.05501150
    13    113      2    -1268.84044883        0.05501150
    13    114      2    -1296.45276536        0.05501150
    13    115      2    -1266.85048794        0.05501150
    13    116      2    -1270.80933107        0.05501150
    13    117      2    -1273.47375226        0.05501150
    13    118      2    -1273.32874787        0.05501150
    13    119      2    -1269.74531234        0.05501150
    13    120      2    -1276.03929488        0.05501150
    13    121      2    -1274.05558089        0.05501150
    13    122      2    -1278.05062132        0.05501150
    13    123      2    -1277.42100588        0.05501150
    13    124      2    -1280.41032598        0.05501150
    13    125      2    -1279.29544510        0.05501150
    13    126      2    -1280.53234737        0.05501150
    13    127      2    -1280.60493147        0.05501150
    13    128      2    -1284.32475054        0.05501150
    13    129      2    -1285.55311638        0.05501150
    13    130      2    -1286.68580296        0.05501150
    13    131      2    -1287.81465362        0.05501150
    13    132      2    -1294.23164513        0.05501150
    13    133      2    -1292.85121027        0.05501150
    13    134      2    -1293.82560516        0.05501150
    13    135      2    -1295.65628889        0.05501150
    13    136      2    -1295.04838862        0.05501150
    13    137      2    -1297.34457741        0.05501150
    13    138      2    -1299.30148034        0.05501150
    13    139      2    -1296.24712136        0.05501150
    13    140      2    -1299.62766855        0.05501150
    13    141      2    -1298.31932946        0.05501150
    13    142      2    -1305.27585190        0.05501150
    13    143      2    -1300.99589576        0.05501150
    13    144      2    -1310.24365490        0.05501150
    13    145      2    -1308.58190170        0.05501150
    13    146      2    -1317.40358028        0.05501150
    13    147      2    -1313.15632872        0.05501150
    13    148      2    -1317.49658969        0.05501150
    13    149      2    -1319.98834961        0.05501150
    13    150      2    -1322.25086431        0.05501150
    13    151      2    -1321.12976930        0.05501150
    13    152      2    -1325.57740706        0.05501150
    13    153      2    -1320.73822911        0.05501150
    13    154      2    -1327.11711733        0.05501150
    13    155      2    -1323.70532044        0.05501150
    13    156      2    -1327.50401820        0.05501150
    13    157      2    -1324.40922290        0.05501150
    13    158      2    -1327.19913240        0.05501150
    13    159      2    -1330.33885883        0.05501150
    13    160      2    -1326.74905528        0.05501150
    13    161      2    -1333.81933314        0.05501150
    13    162      2    -1327.21466309        0.05501150
    13    163      2    -1332.62065936        0.05501150
    13    164      2    -1326.37872259        0.05501150
    13    165      2    -1331.98276692        0.05501150
    13    166      2    -1331.05689489        0.05501150
    13    167      2    -1331.46565043        0.05501150
    13    168      2    -1327.78577056        0.05501150
    13    169      2    -1334.73376793        0.05501150
    13    170      2    -1327.76740788        0.05501150
    13    171      2    -1328.51482855        0.05501150
    13    172      2    -1329.80793808        0.05501150
    13    173      2    -1330.71430700        0.05501150
    13    174      2    -1331.35003735        0.05501150
    13    175      2    -1319.55667708        0.05501150
    13    176      2    -1328.49113881        0.05501150
    13    177      2    -1325.66028724        0.05501150
    13    178      2    -1316.27789272        0.05501150
    13    179      2    -1335.65581807        0.05501150
    13    180      2    -1312.50882532        0.05501150
    13    181      2    -1320.97204960        0.05501150
    13    182      2    -1320.88548189        0.05501150
    13    183      2    -1317.79936057        0.05501150
    13    184      2    -1312.66075668        0.05501150
    13    185      2    -1310.00159949        0.05501150
    13    186      2    -1268.84044883        0.05501150
    13    187      2    -1268.84044883        0.05501150
    13    188      2    -1268.84044883        0.05501150
    13    189      2    -1268.84044883        0.05501150
    13    190      2    -1268.84044883        0.05501150
    13    191      2    -1268.84044883        0.05501150
    13    192      2    -1268.84044883        0.05501150
    13    193      2    -1268.84044883        0.05501150
    13    194      2    -1268.84044883        0.05501150
    13    195      2    -1268.84044883        0.05501150
    13    196      2    -1268.84044883        0.05501150
    13    197      2    -1262.86619763        0.05501150
    13    198      2    -1232.75189394        0.05501150
    13    199      2    -1285.39939815        0.05501150
    13    200      2    -1217.53630477        0.05501150
    13    201      2    -1249.21432526        0.05501150
    13    202      2    -1225.05459997        0.05501150
    13    203      2    -1201.72963032        0.05501150
    13    204      2    -1200.51526449        0.05501150
    13    205      2    -1206.64095300        0.05501150
    13    206      2    -1178.22616295        0.05501150
    13    207      2    -1203.83333725        0.05501150
    13    208      2    -1152.40308267        0.05501150
    13    209      2    -1142.13035678        0.05501150
    13    210      2    -1147.50538817        0.05501150
    13    211      2    -1164.51343596        0.05501150
    13    212      2    -1144.34300485        0.05501150
    13    213      2    -1123.18989805        0.05501150
    14      0      2    -1200.64726083        0.05499868
    14      1      2    -1217.05925952        0.05499868
    14      2      2    -1207.14612619        0.05499868
    14      3      2    -1267.93005178        0.05499868
    14      4      2    -1267.93005178        0.05499868
    14      5      2    -1267.93005178        0.05499868
    14      6      2    -1267.93005178        0.05499868
    14      7      2    -1267.93005178        0.05499868
    14      8      2    -1267.93005178        0.05499868
    14      9      2    -1267.93005178        0.05499868
    14     10      2    -1267.93005178        0.05499868
    14     11      2    -1267.93005178        0.05499868
    14     12      2    -1267.93005178        0.05499868
    14     13      2    -1267.93005178        0.05499868
    14     14      2    -1248.63073149        0.05499868
    14     15      2    -1262.44429535        0.05499868
    14     16      2    -1260.57648278        0.05499868
    14     17      2    -1261.84195303        0.05499868
    14     18      2    -1267.69183681        0.05499868
    14     19      2    -1273.28730957        0.05499868
    14     20      2    -1258.39405249        0.05499868
    14     21      2    -1277.84881064        0.05499868
    14     22      2    -1258.15369861        0.05499868
    14     23      2    -1277.24176831        0.05499868
    14     24      2    -1252.99781586        0.05499868
    14     25      2    -1279.50020961        0.05499868
    14     26      2    -1268.42676099        0.05499868
    14     27      2    -1272.24820110        0.05499868
    14     28      2    -1265.62439915        0.05499868
    14     29      2    -1287.82581138        0.05499868
    14     30      2    -1254.15193696        0.05499868
    14     31      2    -1310.22003340        0.05499868
    14     32      2    -1250.57986393        0.05499868
    14     33      2    -1278.99624860        0.05499868
    14     34      2    -1284.82854729        0.05499868
    14     35      2    -1245.73320595        0.05499868
    14     36      2    -1307.27075990        0.05499868
    14     37      2    -1254.62697716        0.05499868
    14     38      2    -1280.89795471        0.05499868
    14     39      2    -1278.95418385        0.05499868
    14     40      2    -1276.93461269        0.05499868
    14     41      2    -1264.80911960        0.05499868
    14     42      2    -1285.37940606        0.05499868
    14     43      2    -1263.17712260        0.05499868
    14     44      2    -1283.80270808        0.05499868
    14     45      2    -1284.64562587        0.05499868
    14     46      2    -1267.66319748        0.05499868
    14     47      2    -1288.06121524        0.05499868
    14     48      2    -1262.13860950        0.05499868
    14     49      2    -1285.50248221        0.05499868
    14     50      2    -1275.06498361        0.05499868
    14     51      2    -1283.03615583        0.05499868
    14     52      2    -1274.91717469        0.05499868
    14     53      2    -1284.74820144        0.05499868
    14     54      2    -1269.43286974        0.05499868
    14     55      2    -1292.91414995        0.05499868
    14     56      2    -1261.79907961        0.05499868
    14     57      2    -1291.43687059        0.05499868
    14     58      2    -1271.39274490        0.05499868
    14     59      2    -1287.88650023        0.05499868
    14     60      2    -1272.84560662        0.05499868
    14     61      2    -1290.05940223        0.05499868
    14     62      2    -1275.68615217        0.05499868
    14     63      2    -1279.97471758        0.05499868
    14     64      2    -1255.33444534        0.05499868
    14     65      2    -1285.32316979        0.05499868
    14     66      2    -1274.74206828        0.05499868
    14     67      2    -1283.06366896        0.05499868
    14     68      2    -1271.60710133        0.05499868
    14     69      2    -1245.30213601        0.05499868
    14     70      2    -1304.70251101        0.05499868
    14     71      2    -1249.32234707        0.05499868
    14     72      2    -1254.06550231        0.05499868
    14     73      2    -1307.45715456        0.05499868
    14     74      2    -1253.38429334        0.05499868
    14     75      2    -1280.28264391        0.05499868
    14     76      2    -1268.01387587        0.05499868
    14     77      2    -1254.85897988        0.05499868
    14     78      2    -1298.80284289        0.05499868
    14     79      2    -1374.17746784        0.05499868
    14     80      2    -1241.67220712        0.05499868
    14     81      2    -1266.42583727        0.05499868
    14     82      2    -1256.47882002        0.05499868
    14     83      2    -1265.80178687        0.05499868
    14     84      2    -1251.35853996        0.05499868
    14     85      2    -1258.60338086        0.05499868
    14     86      2    -1247.05123179        0.05499868
    14     87      2    -1259.20869129        0.05499868
    14     88      2    -1245.82454729        0.05499868
    14     89      2    -1253.58969685        0.05499868
    14     90      2    -1240.66322852        0.05499868
    14     91      2    -1252.31349996        0.05499868
    14     92      2    -1236.51820589        0.05499868
    14     93      2    -1246.65829951        0.05499868
    14     94      2    -1229.23722409        0.05499868
    14     95      2    -1267.93005178        0.05499868
    14     96      2    -1231.56192547        0.05499868
    14     97      2    -1267.93005178        0.05499868
    14     98      2    -1267.93005178        0.05499868
    14     99      2    -1267.93005178        0.05499868
    14    100      2    -1267.93005178        0.05499868
    14    101      2    -1267.93005178        0.05499868
    14    102      2    -1209.20671750        0.05499868
    14    103      2    -1314.30765268        0.05499868
    14    104      2    -1225.69194792        0.05499868
    14    105      2    -1231.61309850        0.05499868
    14    106      2    -1241.96733224        0.05499868
    14    107      2    -1231.56245351        0.05499868
    14    108      2    -1259.52504619        0.05499868
    14    109      2    -1209.34822689        0.05499868
    14    110      2    -1267.93005178        0.05499868
    14    111      2    -1267.93005178        0.05499868
    14    112      2    -1267.93005178        0.05499868
    14    113      2    -1267.93005178        0.05499868
    14    114      2    -1267.93005178        0.05499868
    14    115      2    -1275.28380858        0.05499868
    14    116      2    -1264.47882983        0.05499868
    14    117      2    -1243.33359640        0.05499868
    14    118      2    -1244.39155079        0.05499868
    14    119      2    -1237.50992841        0.05499868
    14    120      2    -1248.64957742        0.05499868
    14    121      2    -1240.00490541        0.05499868
    14    122      2    -1248.28134943        0.05499868
    14    123      2    -1243.00303893        0.05499868
    14    124      2    -1250.06494183        0.05499868
    14    125      2    -1244.39552360        0.05499868
    14    126      2    -1250.25086664        0.05499868
    14    127      2    -1242.57859038        0.05499868
    14    128      2    -1252.52134505        0.05499868
    14    129      2    -1247.46661185        0.05499868
    14    130      2    -1253.57930465        0.05499868
    14    131      2    -1248.42676461        0.05499868
    14    132      2    -1254.62586888        0.05499868
    14    133      2    -1252.34963977        0.05499868
    14    134      2    -1258.13982033        0.05499868
    14    135      2    -1254.02494520        0.05499868
    14    136      2    -1258.55878658        0.05499868
    14    137      2    -1256.40718425        0.05499868
    14    138      2    -1261.36493134        0.05499868
    14    139      2    -1258.85314462        0.05499868
    14    140      2    -1265.70949136        0.05499868
    14    141      2    -1265.60349948        0.05499868
    14    142      2    -1265.32707083        0.05499868
    14    143      2    -1266.91101214        0.05499868
    14    144      2    -1269.89159340        0.05499868
    14    145      2    -1267.76564362        0.05499868
    14    146      2    -1274.21870479        0.05499868
    14    147      2    -1270.83621694        0.05499868
    14    148      2    -1274.90124392        0.05499868
    14    149      2    -1276.56824324        0.05499868
    14    150      2    -1279.91718691        0.05499868
    14    151      2    -1282.08880927        0.05499868
    14    152      2    -1279.59511747        0.05499868
    14    153      2    -1285.22904297        0.05499868
    14    154      2    -1284.37059074        0.05499868
    14    155      2    -1284.68611881        0.05499868
    14    156      2    -1288.17937459        0.05499868
    14    157      2    -1285.29814146        0.05499868
    14    158      2    -1289.50125662        0.05499868
    14    159      2    -1283.91388179        0.05499868
    14    160      2    -1290.49870318        0.05499868
    14    161      2    -1287.02401616        0.05499868
    14    162      2    -1281.25012325        0.05499868
    14    163      2    -1285.35516348        0.05499868
    14    164      2    -1287.21162952        0.05499868
    14    165      2    -1280.91842849        0.05499868
    14    166      2    -1290.17528785        0.05499868
    14    167      2    -1281.61627928        0.05499868
    14    168      2    -1292.75610234        0.05499868
    14    169      2    -1280.85350642        0.05499868
    14    170      2    -1294.11612286        0.05499868
    14    171      2    -1269.23117178        0.05499868
    14    172      2    -1288.40286956        0.05499868
    14    173      2    -1279.50329334        0.05499868
    14    174      2    -1283.37533563        0.05499868
    14    175      2    -1278.62693078        0.05499868
    14    176      2    -1279.67193480        0.05499868
    14    177      2    -1281.18334290        0.05499868
    14    178      2    -1280.34617985        0.05499868
    14    179      2    -1281.90157791        0.05499868
    14    180      2    -1277.79561121        0.05499868
    14    181      2    -1281.12232518        0.05499868
    14    182      2    -1279.23420772        0.05499868
    14    183      2    -1291.24325456        0.05499868
    14    184      2    -1268.60625453        0.05499868
    14    185      2    -1287.38469579        0.05499868
    14    186      2    -1271.78964683        0.05499868
    14    187      2    -1279.48123232        0.05499868
    14    188      2    -1282.36948962        0.05499868
    14    189      2    -1264.48616806        0.05499868
    14    190      2    -1266.80479412        0.05499868
    14    191      2    -1268.75793673        0.05499868
    14    192      2    -1274.07161139        0.05499868
    14    193      2    -1236.09981344        0.05499868
    14    194      2    -1275.42489530        0.05499868
    14    195      2    -1244.55462034        0.05499868
    14    196      2    -1236.69747211        0.05499868
    14    197      2    -1233.94996024        0.05499868
    14    198      2    -1267.93005178        0.05499868
    14    199      2    -1267.93005178        0.05499868
    14    200      2    -1267.93005178        0.05499868
    14    201      2    -1267.93005178        0.05499868
    14    202      2    -1267.93005178        0.05499868
    14    203      2    -1267.93005178        0.05499868
    14    204      2    -1267.93005178        0.05499868
    14    205      2    -1267.93005178        0.05499868
    14    206      2    -1267.93005178        0.05499868
    14    207      2    -1267.93005178        0.05499868
    14    208      2    -1053.31558615        0.05499868
    14    209      2    -1074.08346707        0.05499868
    14    210      2    -1031.07051397        0.05499868
    14    211      2     -902.39380590        0.05499868
    15      0      2    -1266.11238804        0.05500888
    15      1      2    -1266.11238804        0.05500888
    15      2      2    -1266.11238804        0.05500888
    15      3      2    -1266.11238804        0.05500888
    15      4      2    -1202.77699209        0.05500888
    15      5      2    -1207.81598818        0.05500888
    15      6      2    -1213.97453829        0.05500888
    15      7      2    -1217.53938573        0.05500888
    15      8      2    -1226.60374841        0.05500888
    15      9      2    -1221.23771392        0.05500888
    15     10      2    -1250.47300972        0.05500888
    15     11      2    -1223.62991414        0.05500888
    15     12      2    -1251.55656398        0.05500888
    15     13      2    -1240.75476521        0.05500888
    15     14      2    -1248.70565240        0.05500888
    15     15      2    -1249.05984860        0.05500888
    15     16      2    -1250.97323848        0.05500888
    15     17      2    -1256.71204513        0.05500888
    15     18      2    -1253.47114671        0.05500888
    15     19      2    -1249.46213438        0.05500888
    15     20      2    -1270.95379636        0.05500888
    15     21      2    -1248.40919636        0.05500888
    15     22      2    -1254.59273243        0.05500888
    15     23      2    -1268.45880687        0.05500888
    15     24      2    -1234.77541177        0.05500888
    15     25      2    -1282.99255694        0.05500888
    15     26      2    -1249.38398766        0.05500888
    15     27      2    -1258.91912097        0.05500888
    15     28      2    -1274.07226410        0.05500888
    15     29      2    -1265.08734299        0.05500888
    15     30      2    -1255.87164902        0.05500888
    15     31      2    -1266.31988470        0.05500888
    15     32      2    -1266.57780445        0.05500888
    15     33      2    -1605.76871719        0.05500888
    15     34      2    -1270.54297260        0.05500888
    15     35      2    -1260.67253284        0.05500888
    15     36      2    -1266.84004204        0.05500888
    15     37      2    -1266.72917298        0.05500888
    15     38      2    -1257.62125014        0.05500888
    15     39      2    -1265.18192582        0.05500888
    15     40      2    -1268.40917025        0.05500888
    15     41      2    -1256.47849219        0.05500888
    15     42      2    -1277.66013800        0.05500888
    15     43      2    -1250.95112225        0.05500888
    15     44      2    -1272.63327338        0.05500888
    15     45      2    -1271.45779094        0.05500888
    15     46      2    -1258.37826995        0.05500888
    15     47      2    -1287.11665922        0.05500888
    15     48      2    -1257.45154475        0.05500888
    15     49      2    -1275.11493292        0.05500888
    15     50      2    -1273.85073542        0.05500888
    15     51      2    -1268.30780371        0.05500888
    15     52      2    -1278.43954884        0.05500888
    15     53      2    -1276.84688483        0.05500888
    15     54      2    -1278.10447364        0.05500888
    15     55      2    -1275.29522075        0.05500888
    15     56      2    -1278.62444468        0.05500888
    15     57      2    -1278.67936524        0.05500888
    15     58      2    -1293.49119185        0.05500888
    15     59      2    -1259.65412425        0.05500888
    15     60      2    -1302.66645925        0.05500888
    15     61      2    -1255.32965440        0.05500888
    15     62      2    -1290.29590769        0.05500888
    15     63      2    -1414.27730775        0.05500888
    15     64      2    -1288.72649739        0.05500888
    15     65      2    -1273.63396005        0.05500888
    15     66      2    -1425.45224525        0.05500888
    15     67      2    -1274.67230998        0.05500888
    15     68      2    -1248.94392955        0.05500888
    15     69      2    -1292.29331977        0.05500888
    15     70      2    -1282.07186460        0.05500888
    15     71      2    -1258.99006772        0.05500888
    15     72      2    -1292.38790474        0.05500888
    15     73      2    -1268.14959296        0.05500888
    15     74      2    -1285.14306197        0.05500888
    15     75      2    -1261.36432605        0.05500888
    15     76      2    -1279.75752917        0.05500888
    15     77      2    -1254.61750743        0.05500888
    15     78      2    -1368.23048390        0.05500888
    15     79      2    -1244.04538341        0.05500888
    15     80      2    -1268.90117392        0.05500888
    15     81      2    -1257.48116627        0.05500888
    15     82      2    -1271.23990827        0.05500888
    15     83      2    -1242.06470087        0.05500888
    15     84      2    -1270.19717171        0.05500888
    15     85      2    -1247.19084129        0.05500888
    15     86      2    -1260.87320620        0.05500888
    15     87      2    -1246.89171640        0.05500888
    15     88      2    -1254.40890745        0.05500888
    15     89      2    -1246.82599483        0.05500888
    15     90      2    -1250.00307458        0.05500888
    15     91      2    -1261.08681128        0.05500888
    15     92      2    -1266.11238804        0.05500888
    15     93      2    -1266.11238804        0.05500888
    15     94      2    -1266.11238804        0.05500888
    15     95      2    -1266.11238804        0.05500888
    15     96      2    -1266.11238804        0.05500888
    15     97      2    -1266.11238804        0.05500888
    15     98      2    -1266.11238804        0.05500888
    15     99      2    -1222.47979386        0.05500888
    15    100      2    -1260.91883342        0.05500888
    15    101      2    -1234.20436522        0.05500888
    15    102      2    -1245.07200140        0.05500888
    15    103      2    -1234.09432265        0.05500888
    15    104      2    -1241.63731766        0.05500888
    15    105      2    -1235.68871848        0.05500888
    15    106      2    -1240.69854392        0.05500888
    15    107      2    -1232.96702473        0.05500888
    15    108      2    -1233.11159014        0.05500888
    15    109      2    -1226.90286590        0.05500888
    15    110      2    -1231.69052360        0.05500888
    15    111      2    -1223.63006102        0.05500888
    15    112      2    -1224.28051159        0.05500888
    15    113      2    -1266.30590149        0.05500888
    15    114      2    -1147.49131218        0.05500888
    15    115      2    -1240.05918195        0.05500888
    15    116      2    -1266.11238804        0.05500888
    15    117      2    -1266.11238804        0.05500888
    15    118      2    -1266.11238804        0.05500888
    15    119      2    -1266.11238804        0.05500888
    15    120      2    -1266.11238804        0.05500888
    15    121      2    -1344.84205443        0.05500888
    15    122      2    -1254.00637966        0.05500888
    15    123      2    -1232.84937003        0.05500888
    15    124      2    -1240.83098913        0.05500888
    15    125      2    -1240.13776788        0.05500888
    15    126      2    -1240.81892699        0.05500888
    15    127      2    -1240.05352522        0.05500888
    15    128      2    -1239.61234506        0.05500888
    15    129      2    -1237.99081515        0.05500888
    15    130      2    -1241.74479708        0.05500888
    15    131      2    -1240.22772695        0.05500888
    15    132      2    -1241.39088760        0.05500888
    15    133      2    -1242.84832712        0.05500888
    15    134      2    -1241.96353376        0.05500888
    15    135      2    -1240.90915845        0.05500888
    15    136      2    -1245.38687361        0.05500888
    15    137      2    -1243.50002319        0.05500888
    15    138      2    -1245.71515522        0.05500888
    15    139      2    -1244.61923097        0.05500888
    15    140      2    -1247.02297202        0.05500888
    15    141      2    -1248.25727897        0.05500888
    15    142      2    -1248.59139396        0.05500888
    15    143      2    -1253.29830517        0.05500888
    15    144      2    -1251.88813500        0.05500888
    15    145      2    -1256.58682281        0.05500888
    15    146      2    -1259.16467041        0.05500888
    15    147      2    -1256.89269488        0.05500888
    15    148      2    -1261.27876270        0.05500888
    15    149      2    -1257.09957351        0.05500888
    15    150      2    -1269.38268525        0.05500888
    15    151      2    -1257.99106202        0.05500888
    15    152      2    -1270.69886215        0.05500888
    15    153      2    -1265.31582817        0.05500888
    15    154      2    -1270.83245166        0.05500888
    15    155      2    -1270.44999886        0.05500888
    15    156      2    -1270.64333893        0.05500888
    15    157      2    -1268.02753128        0.05500888
    15    158      2    -1268.98841216        0.05500888
    15    159      2    -1272.51130745        0.05500888
    15    160      2    -1275.64807042        0.05500888
    15    161      2    -1271.98155003        0.05500888
    15    162      2    -1280.96339470        0.05500888
    15    163      2    -1273.50717864        0.05500888
    15    164      2    -1279.51330153        0.05500888
    15    165      2    -1277.81652529        0.05500888
    15    166      2    -1277.60141868        0.05500888
    15    167      2    -1277.20578939        0.05500888
    15    168      2    -1279.25390756        0.05500888
    15    169      2    -1274.81167760        0.05500888
    15    170      2    -1282.24847980        0.05500888
    15    171      2    -1270.57336360        0.05500888
    15    172      2    -1282.67556531        0.05500888
    15    173      2    -1266.55028230        0.05500888
    15    174      2    -1287.66341856        0.05500888
    15    175      2    -1262.23062300        0.05500888
    15    176      2    -1284.06502029        0.05500888
    15    177      2    -1269.22158242        0.05500888
    15    178      2    -1280.70371083        0.05500888
    15    179      2    -1268.77158734        0.05500888
    15    180      2    -1281.66768148        0.05500888
    15    181      2    -1266.41339659        0.05500888
    15    182      2    -1278.81594248        0.05500888
    15    183      2    -1267.00723432        0.05500888
    15    184      2    -1282.83602800        0.05500888
    15    185      2    -1265.21452388        0.05500888
    15    186      2    -1283.14618309        0.05500888
    15    187      2    -1271.93384386        0.05500888
    15    188      2    -1277.34949260        0.05500888
    15    189      2    -1258.30511280        0.05500888
    15    190      2    -1282.17065219        0.05500888
    15    191      2    -1257.15291361        0.05500888
    15    192      2    -1271.98655783        0.05500888
    15    193      2    -1272.88851638        0.05500888
    15    194      2    -1260.68898447        0.05500888
    15    195      2    -1259.92759710        0.05500888
    15    196      2    -1265.42043909        0.05500888
    15    197      2    -1255.70962313        0.05500888
    15    198      2    -1266.59666864        0.05500888
    15    199      2    -1239.61559233        0.05500888
    15    200      2    -1251.09659367        0.05500888
    15    201      2    -1215.46344214        0.05500888
    15    202      2    -1279.37022330        0.05500888
    15    203      2    -1201.90623764        0.05500888
    15    204      2    -1223.07415205        0.05500888
    15    205      2    -1200.41020871        0.05500888
    15    206      2    -1198.16376578        0.05500888
    15    207      2    -1143.98502556        0.05500888
    15    208      2    -1172.58914962        0.05500888
    15    209      2    -1115.30000002        0.05500888
    15    210      2    -1266.11238804        0.05500888
    15    211      2    -1266.11238804        0.05500888
    15    212      2    -1266.11238804        0.05500888
    15    213      2    -1266.11238804        0.05500888
    16      0      2    -1161.10528878        0.05499701
    16      1      2    -1224.34224061        0.05499701
    16      2      2    -1201.51499383        0.05499701
    16      3      2    -1245.61193744        0.05499701
    16      4      2    -1234.27711019        0.05499701
    16      5      2    -1269.26723987        0.05499701
    16      6      2    -1267.82860454        0.05499701
    16      7      2    -1269.34350436        0.05499701
    16      8      2    -1290.50539148        0.05499701
    16      9      2    -1282.97458164        0.05499701
    16     10      2    -1298.25830406        0.05499701
    16     11      2    -1302.07421917        0.05499701
    16     12      2    -1305.37004917        0.05499701
    16     13      2    -1318.22029779        0.05499701
    16     14      2    -1298.66651294        0.05499701
    16     15      2    -1327.79987397        0.05499701
    16     16      2    -1315.59237885        0.05499701
    16     17      2    -1315.53811160        0.05499701
    16     18      2    -1321.00417671        0.05499701
    16     19      2    -1328.23593210        0.05499701
    16     20      2    -1315.79281849        0.05499701
    16     21      2    -1319.78703619        0.05499701
    16     22      2    -1330.80283454        0.05499701
    16     23      2    -1323.82258361        0.05499701
    16     24      2    -1329.95657499        0.05499701
    16     25      2    -1333.71345967        0.05499701
    16     26      2    -1319.23486002        0.05499701
    16     27      2    -1336.67501525        0.05499701
    16     28      2    -1333.14117188        0.05499701
    16     29      2    -1325.52567904        0.05499701
    16     30      2    -1328.64703216        0.05499701
    16     31      2    -1329.92189955        0.05499701
    16     32      2    -1326.02968561        0.05499701
    16     33      2    -1341.77917020        0.05499701
    16     34      2    -1319.50417481        0.05499701
    16     35      2    -1334.72968165        0.05499701
    16     36      2    -1337.12246909        0.05499701
    16     37      2    -1327.59233570        0.05499701
    16     38      2    -1315.65475716        0.05499701
    16     39      2    -1359.42080611        0.05499701
    16     40      2    -1297.65772115        0.05499701
    16     41      2    -1358.40256948        0.05499701
    16     42      2    -1313.49735903        0.05499701
    16     43      2    -1331.65145935        0.05499701
    16     44      2    -1344.94156682        0.05499701
    16     45      2    -1320.38763878        0.05499701
    16     46      2    -1340.46435593        0.05499701
    16     47      2    -1349.16066625        0.05499701
    16     48      2    -1321.39826918        0.05499701
    16     49      2    -1363.95053317        0.05499701
    16     50      2    -1331.33903741        0.05499701
    16     51      2    -1344.68120661        0.05499701
    16     52      2    -1336.98730746        0.05499701
    16     53      2    -1336.95299470        0.05499701
    16     54      2    -1339.05541333        0.05499701
    16     55      2    -1345.51397696        0.05499701
    16     56      2    -1350.93700970        0.05499701
    16     57      2    -1328.86500548        0.05499701
    16     58      2    -1368.59096397        0.05499701
    16     59      2    -1334.16668557        0.05499701
    16     60      2    -1337.87846287        0.05499701
    16     61      2    -1360.35292790        0.05499701
    16     62      2    -1350.17637213        0.05499701
    16     63      2    -1342.81265814        0.05499701
    16     64      2    -1362.11948647        0.05499701
    16     65      2    -1333.45880514        0.05499701
    16     66      2    -1356.15988636        0.05499701
    16     67      2    -1337.37569614        0.05499701
    16     68      2    -1355.60763610        0.05499701
    16     69      2    -1353.60233669        0.05499701
    16     70      2    -1348.56919737        0.05499701
    16     71      2    -1348.65750875        0.05499701
    16     72      2    -1353.73870552        0.05499701
    16     73      2    -1338.59077750        0.05499701
    16     74      2    -1345.47142675        0.05499701
    16     75      2    -1333.87621002        0.05499701
    16     76      2    -1327.08416974        0.05499701
    16     77      2    -1414.76926815        0.05499701
    16     78      2    -1325.06562918        0.05499701
    16     79      2    -1325.62160172        0.05499701
    16     80      2    -1341.20522335        0.05499701
    16     81      2    -1324.52132585        0.05499701
    16     82      2    -1330.75460530        0.05499701
    16     83      2    -1316.61492294        0.05499701
    16     84      2    -1329.23971725        0.05499701
    16     85      2    -1317.32896338        0.05499701
    16     86      2    -1319.60663299        0.05499701
    16     87      2    -1317.27129859        0.05499701
    16     88      2    -1313.51362868        0.05499701
    16     89      2    -1310.49460146        0.05499701
    16     90      2    -1312.40048842        0.05499701
    16     91      2    -1317.90943264        0.05499701
    16     92      2    -1265.00163144        0.05499701
    16     93      2    -1265.00163144        0.05499701
    16     94      2    -1265.00163144        0.05499701
    16     95      2    -1265.00163144        0.05499701
    16     96      2    -1265.00163144        0.05499701
    16     97      2    -1265.00163144        0.05499701
    16     98      2    -1347.78320358        0.05499701
    16     99      2    -1301.52862058        0.05499701
    16    100      2    -1301.05071683        0.05499701
    16    101      2    -1298.32199150        0.05499701
    16    102      2    -1298.06369281        0.05499701
    16    103      2    -1293.43125100        0.05499701
    16    104      2    -1295.25306425        0.05499701
    16    105      2    -1298.42833469        0.05499701
    16    106      2    -1306.17362356        0.05499701
    16    107      2    -1292.12137314        0.05499701
    16    108      2    -1292.08811696        0.05499701
    16    109      2    -1292.73989720        0.05499701
    16    110      2    -1302.31870331        0.05499701
    16    111      2    -1301.84701501        0.05499701
    16    112      2    -1307.52572527        0.05499701
    16    113      2    -1304.87365697        0.05499701
    16    114      2    -1304.05466885        0.05499701
    16    115      2    -1303.34422813        0.05499701
    16    116      2    -1305.68416284        0.05499701
    16    117      2    -1303.55763875        0.05499701
    16    118      2    -1304.94452130        0.05499701
    16    119      2    -1300.41999964        0.05499701
    16    120      2    -1350.72092293        0.05499701
    16    121      2    -1240.29610175        0.05499701
    16    122      2    -1265.00163144        0.05499701
    16    123      2    -1265.00163144        0.05499701
    16    124      2    -1265.00163144        0.05499701
    16    125      2    -1265.00163144        0.05499701
    16    126      2    -1265.00163144        0.05499701
    16    127      2    -1265.00163144        0.05499701
    16    128      2    -1326.39961834        0.05499701
    16    129      2    -1310.48775139        0.05499701
    16    130      2    -1313.59150504        0.05499701
    16    131      2    -1312.57797702        0.05499701
    16    132      2    -1315.18660934        0.05499701
    16    133      2    -1313.60799050        0.05499701
    16    134      2    -1315.85579304        0.05499701
    16    135      2    -1314.41176461        0.05499701
    16    136      2    -1315.32784934        0.05499701
    16    137      2    -1318.06449516        0.05499701
    16    138      2    -1316.97435629        0.05499701
    16    139      2    -1316.85244974        0.05499701
    16    140      2    -1315.21342073        0.05499701
    16    141      2    -1314.86427908        0.05499701
    16    142      2    -1316.47098272        0.05499701
    16    143      2    -1317.50796212        0.05499701
    16    144      2    -1319.50212914        0.05499701
    16    145      2    -1319.60546312        0.05499701
    16    146      2    -1321.58805540        0.05499701
    16    147      2    -1322.42026702        0.05499701
    16    148      2    -1322.96631255        0.05499701
    16    149      2    -1324.26812465        0.05499701
    16    150      2    -1326.43111168        0.05499701
    16    151      2    -1327.21350644        0.05499701
    16    152      2    -1330.73027153        0.05499701
    16    153      2    -1329.95137927        0.05499701
    16    154      2    -1328.80298154        0.05499701
    16    155      2    -1334.64015467        0.05499701
    16    156      2    -1330.59512153        0.05499701
    16    157      2    -1335.08417454        0.05499701
    16    158      2    -1331.42676302        0.05499701
    16    159      2    -1336.47115554        0.05499701
    16    160      2    -1335.50682184        0.05499701
    16    161      2    -1337.88951228        0.05499701
    16    162      2    -1332.50953191        0.05499701
    16    163      2    -1265.00163144        0.05499701
    16    164      2    -1333.41334923        0.05499701
    16    165      2    -1337.35397465        0.05499701
    16    166      2    -1333.66186203        0.05499701
    16    167      2    -1338.17199749        0.05499701
    16    168      2    -1341.03450168        0.05499701
    16    169      2    -1337.44643836        0.05499701
    16    170      2    -1339.80217752        0.05499701
    16    171      2    -1265.00163144        0.05499701
    16    172      2    -1337.02549084        0.05499701
    16    173      2    -1343.23110139        0.05499701
    16    174      2    -1336.40324516        0.05499701
    16    175      2    -1335.27878270        0.05499701
    16    176      2    -1340.66679656        0.05499701
    16    177      2    -1339.90778513        0.05499701
    16    178      2    -1338.57596786        0.05499701
    16    179      2    -1338.43240314        0.05499701
    16    180      2    -1327.65553718        0.05499701
    16    181      2    -1340.21603676        0.05499701
    16    182      2    -1330.65269614        0.05499701
    16    183      2    -1327.41399509        0.05499701
    16    184      2    -1344.71280790        0.05499701
    16    185      2    -1326.86715878        0.05499701
    16    186      2    -1332.37010064        0.05499701
    16    187      2    -1342.81421114        0.05499701
    16    188      2    -1321.24848552        0.05499701
    16    189      2    -1332.36173505        0.05499701
    16    190      2    -1329.22713688        0.05499701
    16    191      2    -1323.20099451        0.05499701
    16    192      2    -1335.87742893        0.05499701
    16    193      2    -1316.35641736        0.05499701
    16    194      2    -1330.26814710        0.05499701
    16    195      2    -1320.82366429        0.05499701
    16    196      2    -1325.03669056        0.05499701
    16    197      2    -1329.24401418        0.05499701
    16    198      2    -1311.96455512        0.05499701
    16    199      2    -1318.47472920        0.05499701
    16    200      2    -1323.23840680        0.05499701
    16    201      2    -1320.76026033        0.05499701
    16    202      2    -1313.64725569        0.05499701
    16    203      2    -1306.04763185        0.05499701
    16    204      2    -1335.35097970        0.05499701
    16    205      2    -1290.46900708        0.05499701
    16    206      2    -1311.70938577        0.05499701
    16    207      2    -1298.28955581        0.05499701
    16    208      2    -1301.01157789        0.05499701
    16    209      2    -1284.46497884        0.05499701
    16    210      2    -1261.22792411        0.05499701
    16    211      2    -1299.21456264        0.05499701
    16    212      2    -1231.77671755        0.05499701
    16    213      2    -1248.16313897        0.05499701
    16    214      2    -1205.04358444        0.05499701
    16    215      2    -1183.07962259        0.05499701
    16    216      2    -1092.76513767        0.05499701
    16    217      2    -1155.61457494        0.05499701
    16    218      2    -1077.77234486        0.05499701
    16    219      2    -1265.00163144        0.05499701
    17      0      2    -1095.36948764        0.05498661
    17      1      2    -1239.10408424        0.05498661
    17      2      2    -1212.89233814        0.05498661
    17      3      2    -1219.41082086        0.05498661
    17      4      2    -1281.58296824        0.05498661
    17      5      2    -1256.42384341        0.05498661
    17      6      2    -1273.36824446        0.05498661
    17      7      2    -1278.81142737        0.05498661
    17      8      2    -1291.11219682        0.05498661
    17      9      2    -1301.33849302        0.05498661
    17     10      2    -1300.21872782        0.05498661
    17     11      2    -1302.44587691        0.05498661
    17     12      2    -1303.44867166        0.05498661
    17     13      2    -1303.27516693        0.05498661
    17     14      2    -1317.06070564        0.05498661
    17     15      2    -1307.35579213        0.05498661
    17     16      2    -1314.44982992        0.05498661
    17     17      2    -1318.61428541        0.05498661
    17     18      2    -1314.61484371        0.05498661
    17     19      2    -1315.69355177        0.05498661
    17     20      2    -1325.52496491        0.05498661
    17     21      2    -1313.99947398        0.05498661
    17     22      2    -1346.58462027        0.05498661
    17     23      2    -1281.07753123        0.05498661
    17     24      2    -1349.78479512        0.05498661
    17     25      2    -1308.05556422        0.05498661
    17     26      2    -1333.96000319        0.05498661
    17     27      2    -1328.37127536        0.05498661
    17     28      2    -1318.58912922        0.05498661
    17     29      2    -1335.67659666        0.05498661
    17     30      2    -1326.60392908        0.05498661
    17     31      2    -1320.11497092        0.05498661
    17     32      2    -1334.35704263        0.05498661
    17     33      2    -1323.94728247        0.05498661
    17     34      2    -1328.31068949        0.05498661
    17     35      2    -1339.13279492        0.05498661
    17     36      2    -1324.30251039        0.05498661
    17     37      2    -1339.23780049        0.05498661
    17     38      2    -1323.97644085        0.05498661
    17     39      2    -1342.45637051        0.05498661
    17     40      2    -1321.83690462        0.05498661
    17     41      2    -1341.64815650        0.05498661
    17     42      2    -1321.47084524        0.05498661
    17     43      2    -1341.39202328        0.05498661
    17     44      2    -1339.55540106        0.05498661
    17     45      2    -1308.50957453        0.05498661
    17     46      2    -1357.28800354        0.05498661
    17     47      2    -1325.64349940        0.05498661
    17     48      2    -1337.41293896        0.05498661
    17     49      2    -1341.06250535        0.05498661
    17     50      2    -1343.92944266        0.05498661
    17     51      2    -1334.29530209        0.05498661
    17     52      2    -1345.94577803        0.05498661
    17     53      2    -1354.36786781        0.05498661
    17     54      2    -1310.71832926        0.05498661
    17     55      2    -1367.67762001        0.05498661
    17     56      2    -1338.12795979        0.05498661
    17     57      2    -1265.25580134        0.05498661
    17     58      2    -1348.70622810        0.05498661
    17     59      2    -1340.54795032        0.05498661
    17     60      2    -1347.03691560        0.05498661
    17     61      2    -1351.29664473        0.05498661
    17     62      2    -1360.84761582        0.05498661
    17     63      2    -1348.19250181        0.05498661
    17     64      2    -1364.68895994        0.05498661
    17     65      2    -1346.47105746        0.05498661
    17     66      2    -1355.57510233        0.05498661
    17     67      2    -1364.27745431        0.05498661
    17     68      2    -1343.76048590        0.05498661
    17     69      2    -1379.21396994        0.05498661
    17     70      2    -1332.38866228        0.05498661
    17     71      2    -1374.47301366        0.05498661
    17     72      2    -1343.05781920        0.05498661
    17     73      2    -1352.03675787        0.05498661
    17     74      2    -1355.84065601        0.05498661
    17     75      2    -1355.15154683        0.05498661
    17     76      2    -1355.63059294        0.05498661
    17     77      2    -1335.97577691        0.05498661
    17     78      2    -1362.41290860        0.05498661
    17     79      2    -1334.40293552        0.05498661
    17     80      2    -1340.48033716        0.05498661
    17     81      2    -1335.99069706        0.05498661
    17     82      2    -1335.31313769        0.05498661
    17     83      2    -1337.91803543        0.05498661
    17     84      2    -1324.27017844        0.05498661
    17     85      2    -1329.09935877        0.05498661
    17     86      2    -1330.50912160        0.05498661
    17     87      2    -1320.34323873        0.05498661
    17     88      2    -1318.59960228        0.05498661
    17     89      2    -1323.48401731        0.05498661
    17     90      2    -1265.25580134        0.05498661
    17     91      2    -1265.25580134        0.05498661
    17     92      2    -1265.25580134        0.05498661
    17     93      2    -1265.25580134        0.05498661
    17     94      2    -1265.25580134        0.05498661
    17     95      2    -1265.25580134        0.05498661
    17     96      2    -1265.25580134        0.05498661
    17     97      2    -1330.25128977        0.05498661
    17     98      2    -1307.87660970        0.05498661
    17     99      2    -1309.01387199        0.05498661
    17    100      2    -1308.28843287        0.05498661
    17    101      2    -1307.84982607        0.05498661
    17    102      2    -1307.84771801        0.05498661
    17    103      2    -1304.03420873        0.05498661
    17    104      2    -1303.71938809        0.05498661
    17    105      2    -1301.23356328        0.05498661
    17    106      2    -1304.79958102        0.05498661
    17    107      2    -1311.96550981        0.05498661
    17    108      2    -1313.17722334        0.05498661
    17    109      2    -1306.22591343        0.05498661
    17    110      2    -1304.17785141        0.05498661
    17    111      2    -1300.00896813        0.05498661
    17    112      2    -1295.12723623        0.05498661
    17    113      2    -1294.76295506        0.05498661
    17    114      2    -1300.22171007        0.05498661
    17    115      2    -1300.56219311        0.05498661
    17    116      2    -1299.09688240        0.05498661
    17    117      2    -1295.23267296        0.05498661
    17    118      2    -1296.81682933        0.05498661
    17    119      2    -1296.68341423        0.05498661
    17    120      2    -1297.90058336        0.05498661
    17    121      2    -1295.69134817        0.05498661
    17    122      2    -1298.62298443        0.05498661
    17    123      2    -1299.95559470        0.05498661
    17    124      2    -1297.69157031        0.05498661
    17    125      2    -1298.63900018        0.05498661
    17    126      2    -1291.25874690        0.05498661
    17    127      2    -1436.16223182        0.05498661
    17    128      2    -1265.25580134        0.05498661
    17    129      2    -1265.25580134        0.05498661
    17    130      2    -1265.25580134        0.05498661
    17    131      2    -1265.25580134        0.05498661
    17    132      2    -1265.25580134        0.05498661
    17    133      2    -1265.25580134        0.05498661
    17    134      2    -1320.26459911        0.05498661
    17    135      2    -1317.56647309        0.05498661
    17    136      2    -1313.11275422        0.05498661
    17    137      2    -1311.28934162        0.05498661
    17    138      2    -1315.36086153        0.05498661
    17    139      2    -1315.22448430        0.05498661
    17    140      2    -1316.43498781        0.05498661
    17    141      2    -1313.48490909        0.05498661
    17    142      2    -1315.89489515        0.05498661
    17    143      2    -1312.30526437        0.05498661
    17    144      2    -1313.90490814        0.05498661
    17    145      2    -1310.75313015        0.05498661
    17    146      2    -1314.03806538        0.05498661
    17    147      2    -1315.20666915        0.05498661
    17    148      2    -1317.90461743        0.05498661
    17    149      2    -1320.97727827        0.05498661
    17    150      2    -1325.29713256        0.05498661
    17    151      2    -1328.32079367        0.05498661
    17    152      2    -1324.78036971        0.05498661
    17    153      2    -1330.16419384        0.05498661
    17    154      2    -1330.98821749        0.05498661
    17    155      2    -1330.55492354        0.05498661
    17    156      2    -1334.31055598        0.05498661
    17    157      2    -1333.92677131        0.05498661
    17    158      2    -1333.08206625        0.05498661
    17    159      2    -1332.62716133        0.05498661
    17    160      2    -1337.71697802        0.05498661
    17    161      2    -1332.49869977        0.05498661
    17    162      2    -1341.11235017        0.05498661
    17    163      2    -1332.93277631        0.05498661
    17    164      2    -1342.61973295        0.05498661
    17    165      2    -1338.53249560        0.05498661
    17    166      2    -1340.35936315        0.05498661
    17    167      2    -1337.04123952        0.05498661
    17    168      2    -1339.70181980        0.05498661
    17    169      2    -1339.86320555        0.05498661
    17    170      2    -1334.20386555        0.05498661
    17    171      2    -1348.73486423        0.05498661
    17    172      2    -1337.11427815        0.05498661
    17    173      2    -1342.38554000        0.05498661
    17    174      2    -1344.43002864        0.05498661
    17    175      2    -1347.83262871        0.05498661
    17    176      2    -1336.64265390        0.05498661
    17    177      2    -1345.36680090        0.05498661
    17    178      2    -1340.13562126        0.05498661
    17    179      2    -1343.27119349        0.05498661
    17    180      2    -1338.98463985        0.05498661
    17    181      2    -1346.96990178        0.05498661
    17    182      2    -1338.07680796        0.05498661
    17    183      2    -1347.40695882        0.05498661
    17    184      2    -1334.44377158        0.05498661
    17    185      2    -1361.61177603        0.05498661
    17    186      2    -1325.36073445        0.05498661
    17    187      2    -1341.19214192        0.05498661
    17    188      2    -1333.35227728        0.05498661
    17    189      2    -1336.45281814        0.05498661
    17    190      2    -1334.16654737        0.05498661
    17    191      2    -1330.05272103        0.05498661
    17    192      2    -1337.75762471        0.05498661
    17    193      2    -1329.62997665        0.05498661
    17    194      2    -1330.10459525        0.05498661
    17    195      2    -1332.69086075        0.05498661
    17    196      2    -1330.62267127        0.05498661
    17    197      2    -1328.32589011        0.05498661
    17    198      2    -1323.81427954        0.05498661
    17    199      2    -1336.31595822        0.05498661
    17    200      2    -1314.68414443        0.05498661
    17    201      2    -1334.87839465        0.05498661
    17    202      2    -1317.53858435        0.05498661
    17    203      2    -1342.30723849        0.05498661
    17    204      2    -1314.60034677        0.05498661
    17    205      2    -1331.84592988        0.05498661
    17    206      2    -1320.71775679        0.05498661
    17    207      2    -1328.87437509        0.05498661
    17    208      2    -1310.89029916        0.05498661
    17    209      2    -1327.26656607        0.05498661
    17    210      2    -1325.75369011        0.05498661
    17    211      2    -1299.81853879        0.05498661
    17    212      2    -1330.26966043        0.05498661
    17    213      2    -1314.15666208        0.05498661
    17    214      2    -1294.29438205        0.05498661
    17    215      2    -1303.25312343        0.05498661
    17    216      2    -1276.67589179        0.05498661
    17    217      2    -1286.31734981        0.05498661
    17    218      2    -1248.73331555        0.05498661
    17    219      2    -1256.57258088        0.05498661
    17    220      2    -1211.87944941        0.05498661
    17    221      2    -1177.40372643        0.05498661
    17    222      2    -1174.44105960        0.05498661
    17    223      2    -1078.46470945        0.05498661
    18      0      2    -1146.88289852        0.05502025
    18      1      2    -1159.10359575        0.05502025
    18      2      2    -1165.13453247        0.05502025
    18      3      2    -1228.93706283        0.05502025
    18      4      2    -1212.60751152        0.05502025
    18      5      2    -1239.10468308        0.05502025
    18      6      2    -1234.36252812        0.05502025
    18      7      2    -1255.98511336        0.05502025
    18      8      2    -1251.39690428        0.05502025
    18      9      2    -1261.94908897        0.05502025
    18     10      2    -1263.98193603        0.05502025
    18     11      2    -1272.10689052        0.05502025
    18     12      2    -1260.32304442        0.05502025
    18     13      2    -1282.74166890        0.05502025
    18     14      2    -1259.41125836        0.05502025
    18     15      2    -1274.34900792        0.05502025
    18     16      2    -1276.59786244        0.05502025
    18     17      2    -1260.52475438        0.05502025
    18     18      2    -1290.24558339        0.05502025
    18     19      2    -1276.08017832        0.05502025
    18     20      2    -1267.35426332        0.05502025
    18     21      2    -1300.83121022        0.05502025
    18     22      2    -1265.14878169        0.05502025
    18     23      2    -1288.53554954        0.05502025
    18     24      2    -1299.96658140        0.05502025
    18     25      2    -1273.62782365        0.05502025
    18     26      2    -1299.01032164        0.05502025
    18     27      2    -1280.84900090        0.05502025
    18     28      2    -1279.08244999        0.05502025
    18     29      2    -1295.81874199        0.05502025
    18     30      2    -1276.32070842        0.05502025
    18     31      2    -1309.49923312        0.05502025
    18     32      2    -1277.61438228        0.05502025
    18     33      2    -1305.09073940        0.05502025
    18     34      2    -1295.75662747        0.05502025
    18     35      2    -1278.40326822        0.05502025
    18     36      2    -1297.70927519        0.05502025
    18     37      2    -1304.44186519        0.05502025
    18     38      2    -1256.37647951        0.05502025
    18     39      2    -1331.56218127        0.05502025
    18     40      2    -1279.63287042        0.05502025
    18     41      2    -1288.77749874        0.05502025
    18     42      2    -1303.31767894        0.05502025
    18     43      2    -1292.13489288        0.05502025
    18     44      2    -1289.94842227        0.05502025
    18     45      2    -1305.61936858        0.05502025
    18     46      2    -1308.30757955        0.05502025
    18     47      2    -1284.60274170        0.05502025
    18     48      2    -1323.89096925        0.05502025
    18     49      2    -1294.20399566        0.05502025
    18     50      2    -1301.67554171        0.05502025
    18     51      2    -1311.55608912        0.05502025
    18     52      2    -1303.20586193        0.05502025
    18     53      2    -1300.60103437        0.05502025
    18     54      2    -1310.72689322        0.05502025
    18     55      2    -1296.30172375        0.05502025
    18     56      2    -1308.86785248        0.05502025
    18     57      2    -1308.65975721        0.05502025
    18     58      2    -1313.67381583        0.05502025
    18     59      2    -1276.86920436        0.05502025
    18     60      2    -1307.51707798        0.05502025
    18     61      2    -1315.14339186        0.05502025
    18     62      2    -1319.72449086        0.05502025
    18     63      2    -1303.31594555        0.05502025
    18     64      2    -1339.69345724        0.05502025
    18     65      2    -1308.40653520        0.05502025
    18     66      2    -1324.81572000        0.05502025
    18     67      2    -1324.35881236        0.05502025
    18     68      2    -1423.71196960        0.05502025
    18     69      2    -1327.43117098        0.05502025
    18     70      2    -1317.51016191        0.05502025
    18     71      2    -1330.25522820        0.05502025
    18     72      2    -1322.86287179        0.05502025
    18     73      2    -1312.67647299        0.05502025
    18     74      2    -1330.00468315        0.05502025
    18     75      2    -1321.31685777        0.05502025
    18     76      2    -1315.60652031        0.05502025
    18     77      2    -1312.08372566        0.05502025
    18     78      2    -1312.87267647        0.05502025
    18     79      2    -1304.36693770        0.05502025
    18     80      2    -1296.74948931        0.05502025
    18     81      2    -1294.03735132        0.05502025
    18     82      2    -1299.94007532        0.05502025
    18     83      2    -1296.87770913        0.05502025
    18     84      2    -1287.42998375        0.05502025
    18     85      2    -1285.89652211        0.05502025
    18     86      2    -1287.22115972        0.05502025
    18     87      2    -1282.74356110        0.05502025
    18     88      2    -1279.12671139        0.05502025
    18     89      2    -1293.52780871        0.05502025
    18     90      2    -1264.54414202        0.05502025
    18     91      2    -1264.54414202        0.05502025
    18     92      2    -1264.54414202        0.05502025
    18     93      2    -1264.54414202        0.05502025
    18     94      2    -1264.54414202        0.05502025
    18     95      2    -1264.54414202        0.05502025
    18     96      2    -1264.54414202        0.05502025
    18     97      2    -1265.42174774        0.05502025
    18     98      2    -1263.94178394        0.05502025
    18     99      2    -1277.64616729        0.05502025
    18    100      2    -1260.83490084        0.05502025
    18    101      2    -1274.24940708        0.05502025
    18    102      2    -1265.66452879        0.05502025
    18    103      2    -1270.60951939        0.05502025
    18    104      2    -1257.10525539        0.05502025
    18    105      2    -1264.71725379        0.05502025
    18    106      2    -1259.99701850        0.05502025
    18    107      2    -1266.27350464        0.05502025
    18    108      2    -1258.84517152        0.05502025
    18    109      2    -1264.11670311        0.05502025
    18    110      2    -1249.44738844        0.05502025
    18    111      2    -1266.05070566        0.05502025
    18    112      2    -1256.30055012        0.05502025
    18    113      2    -1261.68935295        0.05502025
    18    114      2    -1257.31262474        0.05502025
    18    115      2    -1264.81908271        0.05502025
    18    116      2    -1249.16345642        0.05502025
    18    117      2    -1270.82729572        0.05502025
    18    118      2    -1251.22011035        0.05502025
    18    119      2    -1268.66993720        0.05502025
    18    120      2    -1248.93999305        0.05502025
    18    121      2    -1264.94546641        0.05502025
    18    122      2    -1248.18152965        0.05502025
    18    123      2    -1266.25870626        0.05502025
    18    124      2    -1246.51801957        0.05502025
    18    125      2    -1263.64688821        0.05502025
    18    126      2    -1247.00469563        0.05502025
    18    127      2    -1259.27963231        0.05502025
    18    128      2    -1248.14113520        0.05502025
    18    129      2    -1271.17870610        0.05502025
    18    130      2    -1253.09026215        0.05502025
    18    131      2    -1270.40642063        0.05502025
    18    132      2    -1251.50887893        0.05502025
    18    133      2    -1274.21582889        0.05502025
    18    134      2    -1264.55813273        0.05502025
    18    135      2    -1264.54414202        0.05502025
    18    136      2    -1264.54414202        0.05502025
    18    137      2    -1264.54414202        0.05502025
    18    138      2    -1264.54414202        0.05502025
    18    139      2    -1264.54414202        0.05502025
    18    140      2    -1264.54414202        0.05502025
    18    141      2    -1264.54414202        0.05502025
    18    142      2    -1267.79289740        0.05502025
    18    143      2    -1282.82885498        0.05502025
    18    144      2    -1259.42149564        0.05502025
    18    145      2    -1283.10077015        0.05502025
    18    146      2    -1260.81262107        0.05502025
    18    147      2    -1283.30704916        0.05502025
    18    148      2    -1260.62217639        0.05502025
    18    149      2    -1284.43334606        0.05502025
    18    150      2    -1262.79815291        0.05502025
    18    151      2    -1286.60222961        0.05502025
    18    152      2    -1261.12407136        0.05502025
    18    153      2    -1288.03074080        0.05502025
    18    154      2    -1260.72514648        0.05502025
    18    155      2    -1292.70575377        0.05502025
    18    156      2    -1260.11014576        0.05502025
    18    157      2    -1294.52381118        0.05502025
    18    158      2    -1267.19263784        0.05502025
    18    159      2    -1296.30887525        0.05502025
    18    160      2    -1271.13012330        0.05502025
    18    161      2    -1292.33456861        0.05502025
    18    162      2    -1268.48826455        0.05502025
    18    163      2    -1296.26188295        0.05502025
    18    164      2    -1268.66927631        0.05502025
    18    165      2    -1297.77611707        0.05502025
    18    166      2    -1267.57578481        0.05502025
    18    167      2    -1303.34339137        0.05502025
    18    168      2    -1268.03976937        0.05502025
    18    169      2    -1305.30467117        0.05502025
    18    170      2    -1273.12506855        0.05502025
    18    171      2    -1302.90511462        0.05502025
    18    172      2    -1275.72604781        0.05502025
    18    173      2    -1300.65844851        0.05502025
    18    174      2    -1277.13395090        0.05502025
    18    175      2    -1298.20294334        0.05502025
    18    176      2    -1274.78113632        0.05502025
    18    177      2    -1297.02088692        0.05502025
    18    178      2    -1275.72896552        0.05502025
    18    179      2    -1295.45537342        0.05502025
    18    180      2    -1276.22959708        0.05502025
    18    181      2    -1292.84863621        0.05502025
    18    182      2    -1273.41464931        0.05502025
    18    183      2    -1302.47476795        0.05502025
    18    184      2    -1268.66444398        0.05502025
    18    185      2    -1300.51811194        0.05502025
    18    186      2    -1271.34560916        0.05502025
    18    187      2    -1300.18013674        0.05502025
    18    188      2    -1270.25646475        0.05502025
    18    189      2    -1299.78367749        0.05502025
    18    190      2    -1262.96700252        0.05502025
    18    191      2    -1299.82241331        0.05502025
    18    192      2    -1266.47436663        0.05502025
    18    193      2    -1285.81830332        0.05502025
    18    194      2    -1275.79428269        0.05502025
    18    195      2    -1280.75337373        0.05502025
    18    196      2    -1277.08848443        0.05502025
    18    197      2    -1271.59930634        0.05502025
    18    198      2    -1268.55052648        0.05502025
    18    199      2    -1284.06490256        0.05502025
    18    200      2    -1265.37031725        0.05502025
    18    201      2    -1267.53722656        0.05502025
    18    202      2    -1267.14421303        0.05502025
    18    203      2    -1277.45774796        0.05502025
    18    204      2    -1246.97470472        0.05502025
    18    205      2    -1288.78686434        0.05502025
    18    206      2    -1255.65998744        0.05502025
    18    207      2    -1276.63696246        0.05502025
    18    208      2    -1264.17586012        0.05502025
    18    209      2    -1273.16818034        0.05502025
    18    210      2    -1258.85433260        0.05502025
    18    211      2    -1268.37952394        0.05502025
    18    212      2    -1257.29489953        0.05502025
    18    213      2    -1282.87732716        0.05502025
    18    214      2    -1240.44563671        0.05502025
    18    215      2    -1286.17791025        0.05502025
    18    216      2    -1258.91851452        0.05502025
    18    217      2    -1262.09799917        0.05502025
    18    218      2    -1269.36458953        0.05502025
    18    219      2    -1252.62560069        0.05502025
    18    220      2    -1272.64070158        0.05502025
    18    221      2    -1253.06167791        0.05502025
    18    222      2    -1252.31282203        0.05502025
    18    223      2    -1263.38905816        0.05502025
    18    224      2    -1235.05882295        0.05502025
    18    225      2    -1237.84063224        0.05502025
    18    226      2    -1224.07459070        0.05502025
    18    227      2    -1207.64370421        0.05502025
    18    228      2    -1186.05011154        0.05502025
    18    229      2    -1170.58940156        0.05502025
    18    230      2    -1105.12054260        0.05502025
    18    231      2    -1084.76424316        0.05502025
    19      0      2    -1212.59084270        0.05499242
    19      1      2    -1165.70412955        0.05499242
    19      2      2    -1240.26285337        0.05499242
    19      3      2    -1247.23025244        0.05499242
    19      4      2    -1244.91659867        0.05499242
    19      5      2    -1260.83633752        0.05499242
    19      6      2    -1243.53126699        0.05499242
    19      7      2    -1264.62592951        0.05499242
    19      8      2    -1270.90176621        0.05499242
    19      9      2    -1273.85797291        0.05499242
    19     10      2    -1254.84364121        0.05499242
    19     11      2    -1284.29821791        0.05499242
    19     12      2    -1267.17127888        0.05499242
    19     13      2    -1275.68501427        0.05499242
    19     14      2    -1276.50328344        0.05499242
    19     15      2    -1269.25046374        0.05499242
    19     16      2    -1285.84063974        0.05499242
    19     17      2    -1272.44749615        0.05499242
    19     18      2    -1292.86020389        0.05499242
    19     19      2    -1264.44597411        0.05499242
    19     20      2    -1290.57090189        0.05499242
    19     21      2    -1266.41866377        0.05499242
    19     22      2    -1305.54621819        0.05499242
    19     23      2    -1266.64133879        0.05499242
    19     24      2    -1289.15744124        0.05499242
    19     25      2    -1285.63637917        0.05499242
    19     26      2    -1308.45061695        0.05499242
    19     27      2    -1278.43596879        0.05499242
    19     28      2    -1293.09540867        0.05499242
    19     29      2    -1287.89267043        0.05499242
    19     30      2    -1311.81734227        0.05499242
    19     31      2    -1279.33724267        0.05499242
    19     32      2    -1313.70913898        0.05499242
    19     33      2    -1284.38745932        0.05499242
    19     34      2    -1305.23487678        0.05499242
    19     35      2    -1292.54890997        0.05499242
    19     36      2    -1288.05939842        0.05499242
    19     37      2    -1319.68812131        0.05499242
    19     38      2    -1282.68842132        0.05499242
    19     39      2    -1301.45481593        0.05499242
    19     40      2    -1306.44791469        0.05499242
    19     41      2    -1296.53612540        0.05499242
    19     42      2    -1309.89729815        0.05499242
    19     43      2    -1293.00737802        0.05499242
    19     44      2    -1311.56983403        0.05499242
    19     45      2    -1289.65741381        0.05499242
    19     46      2    -1315.86577939        0.05499242
    19     47      2    -1291.69692813        0.05499242
    19     48      2    -1303.99884919        0.05499242
    19     49      2    -1307.40941294        0.05499242
    19     50      2    -1304.07285015        0.05499242
    19     51      2    -1307.03502770        0.05499242
    19     52      2    -1297.83035614        0.05499242
    19     53      2    -1315.79391019        0.05499242
    19     54      2    -1289.83104694        0.05499242
    19     55      2    -1316.19435461        0.05499242
    19     56      2    -1304.29282727        0.05499242
    19     57      2    -1311.28428060        0.05499242
    19     58      2    -1267.74630921        0.05499242
    19     59      2    -1314.10990771        0.05499242
    19     60      2    -1322.13085264        0.05499242
    19     61      2    -1312.55875015        0.05499242
    19     62      2    -1322.73761758        0.05499242
    19     63      2    -1321.74280996        0.05499242
    19     64      2    -1320.27694409        0.05499242
    19     65      2    -1320.45561597        0.05499242
    19     66      2    -1322.51242239        0.05499242
    19     67      2    -1324.76868323        0.05499242
    19     68      2    -1323.53454808        0.05499242
    19     69      2    -1421.39529024        0.05499242
    19     70      2    -1329.56373224        0.05499242
    19     71      2    -1325.21561041        0.05499242
    19     72      2    -1430.40819722        0.05499242
    19     73      2    -1341.73633638        0.05499242
    19     74      2    -1332.58550876        0.05499242
    19     75      2    -1319.34792885        0.05499242
    19     76      2    -1333.04081944        0.05499242
    19     77      2    -1308.14100754        0.05499242
    19     78      2    -1325.93119717        0.05499242
    19     79      2    -1312.38337916        0.05499242
    19     80      2    -1309.74859997        0.05499242
    19     81      2    -1300.41470969        0.05499242
    19     82      2    -1312.84658760        0.05499242
    19     83      2    -1293.70613763        0.05499242
    19     84      2    -1311.46573596        0.05499242
    19     85      2    -1276.22694165        0.05499242
    19     86      2    -1301.42694139        0.05499242
    19     87      2    -1289.04731132        0.05499242
    19     88      2    -1263.89341198        0.05499242
    19     89      2    -1263.89341198        0.05499242
    19     90      2    -1263.89341198        0.05499242
    19     91      2    -1263.89341198        0.05499242
    19     92      2    -1263.89341198        0.05499242
    19     93      2    -1263.89341198        0.05499242
    19     94      2    -1263.89341198        0.05499242
    19     95      2    -1263.89341198        0.05499242
    19     96      2    -1287.62318025        0.05499242
    19     97      2    -1279.09004378        0.05499242
    19     98      2    -1273.77952486        0.05499242
    19     99      2    -1277.12811083        0.05499242
    19    100      2    -1273.40371213        0.05499242
    19    101      2    -1272.55612944        0.05499242
    19    102      2    -1274.07769113        0.05499242
    19    103      2    -1273.79917594        0.05499242
    19    104      2    -1269.67255411        0.05499242
    19    105      2    -1272.36187879        0.05499242
    19    106      2    -1266.47975926        0.05499242
    19    107      2    -1273.08457775        0.05499242
    19    108      2    -1263.88727723        0.05499242
    19    109      2    -1273.06272494        0.05499242
    19    110      2    -1269.83498121        0.05499242
    19    111      2    -1277.62510863        0.05499242
    19    112      2    -1264.94266967        0.05499242
    19    113      2    -1273.10862116        0.05499242
    19    114      2    -1279.78066103        0.05499242
    19    115      2    -1276.92175870        0.05499242
    19    116      2    -1268.35358893        0.05499242
    19    117      2    -1272.98516236        0.05499242
    19    118      2    -1273.76474661        0.05499242
    19    119      2    -1268.15622400        0.05499242
    19    120      2    -1264.55256056        0.05499242
    19    121      2    -1269.97220906        0.05499242
    19    122      2    -1272.40982113        0.05499242
    19    123      2    -1267.82984117        0.05499242
    19    124      2    -1266.21658371        0.05499242
    19    125      2    -1268.25642466        0.05499242
    19    126      2    -1264.90451403        0.05499242
    19    127      2    -1266.53661196        0.05499242
    19    128      2    -1262.46759431        0.05499242
    19    129      2    -1267.43198233        0.05499242
    19    130      2    -1262.50893489        0.05499242
    19    131      2    -1268.90391129        0.05499242
    19    132      2    -1264.66905679        0.05499242
    19    133      2    -1272.57771593        0.05499242
    19    134      2    -1264.76436871        0.05499242
    19    135      2    -1272.67206264        0.05499242
    19    136      2    -1266.05540216        0.05499242
    19    137      2    -1274.99267473        0.05499242
    19    138      2    -1269.70547894        0.05499242
    19    139      2    -1274.46442469        0.05499242
    19    140      2    -1270.51879835        0.05499242
    19    141      2    -1284.01601545        0.05499242
    19    142      2    -1263.89341198        0.05499242
    19    143      2    -1263.89341198        0.05499242
    19    144      2    -1263.89341198        0.05499242
    19    145      2    -1263.89341198        0.05499242
    19    146      2    -1263.89341198        0.05499242
    19    147      2    -1263.89341198        0.05499242
    19    148      2    -1263.89341198        0.05499242
    19    149      2    -1290.67216845        0.05499242
    19    150      2    -1277.18142956        0.05499242
    19    151      2    -1282.66334865        0.05499242
    19    152      2    -1279.02519270        0.05499242
    19    153      2    -1284.85965576        0.05499242
    19    154      2    -1279.54628197        0.05499242
    19    155      2    -1287.91998244        0.05499242
    19    156      2    -1285.47723645        0.05499242
    19    157      2    -1294.96127585        0.05499242
    19    158      2    -1285.97920903        0.05499242
    19    159      2    -1297.62111507        0.05499242
    19    160      2    -1286.73895129        0.05499242
    19    161      2    -1299.75677302        0.05499242
    19    162      2    -1289.61783019        0.05499242
    19    163      2    -1301.02802159        0.05499242
    19    164      2    -1289.02837418        0.05499242
    19    165      2    -1304.46416010        0.05499242
    19    166      2    -1292.44597504        0.05499242
    19    167      2    -1302.27618562        0.05499242
    19    168      2    -1293.78311015        0.05499242
    19    169      2    -1304.65538224        0.05499242
    19    170      2    -1295.32342231        0.05499242
    19    171      2    -1307.28807569        0.05499242
    19    172      2    -1299.08644302        0.05499242
    19    173      2    -1308.76489918        0.05499242
    19    174      2    -1296.57816675        0.05499242
    19    175      2    -1309.78440546        0.05499242
    19    176      2    -1296.66051098        0.05499242
    19    177      2    -1310.96290158        0.05499242
    19    178      2    -1299.78256040        0.05499242
    19    179      2    -1308.29842731        0.05499242
    19    180      2    -1302.77489412        0.05499242
    19    181      2    -1311.78438233        0.05499242
    19    182      2    -1304.29741091        0.05499242
    19    183      2    -1307.20902276        0.05499242
    19    184      2    -1308.27449456        0.05499242
    19    185      2    -1303.21224615        0.05499242
    19    186      2    -1306.86737475        0.05499242
    19    187      2    -1307.93178822        0.05499242
    19    188      2    -1305.26111105        0.05499242
    19    189      2    -1307.11941905        0.05499242
    19    190      2    -1311.78891292        0.05499242
    19    191      2    -1296.24015154        0.05499242
    19    192      2    -1317.95293537        0.05499242
    19    193      2    -1295.59260193        0.05499242
    19    194      2    -1310.77578948        0.05499242
    19    195      2    -1297.77514484        0.05499242
    19    196      2    -1308.08425745        0.05499242
    19    197      2    -1298.37605848        0.05499242
    19    198      2    -1294.44381058        0.05499242
    19    199      2    -1302.91155716        0.05499242
    19    200      2    -1291.70388600        0.05499242
    19    201      2    -1298.23393038        0.05499242
    19    202      2    -1288.96115197        0.05499242
    19    203      2    -1289.20112641        0.05499242
    19    204      2    -1293.61762404        0.05499242
    19    205      2    -1283.67114616        0.05499242
    19    206      2    -1287.30093762        0.05499242
    19    207      2    -1277.69050229        0.05499242
    19    208      2    -1290.83055440        0.05499242
    19    209      2    -1262.13381158        0.05499242
    19    210      2    -1282.73881461        0.05499242
    19    211      2    -1268.22323996        0.05499242
    19    212      2    -1278.16496812        0.05499242
    19    213      2    -1272.05833277        0.05499242
    19    214      2    -1286.32426943        0.05499242
    19    215      2    -1268.47979621        0.05499242
    19    216      2    -1283.11082692        0.05499242
    19    217      2    -1260.94638837        0.05499242
    19    218      2    -1284.05859225        0.05499242
    19    219      2    -1264.98571235        0.05499242
    19    220      2    -1272.10917943        0.05499242
    19    221      2    -1260.78298310        0.05499242
    19    222      2    -1270.86247555        0.05499242
    19    223      2    -1266.48897587        0.05499242
    19    224      2    -1268.57667576        0.05499242
    19    225      2    -1272.64735098        0.05499242
    19    226      2    -1270.50749083        0.05499242
    19    227      2    -1259.11741861        0.05499242
    19    228      2    -1285.00701142        0.05499242
    19    229      2    -1259.56248075        0.05499242
    19    230      2    -1259.82937591        0.05499242
    19    231      2    -1257.47032591        0.05499242
    19    232      2    -1268.47894233        0.05499242
    19    233      2    -1231.36353360        0.05499242
    19    234      2    -1238.13603562        0.05499242
    19    235      2    -1228.81325994        0.05499242
    19    236      2    -1191.36123921        0.05499242
    19    237      2    -1164.51621505        0.05499242
    20      0      2    -1206.91163229        0.05501678
    20      1      2    -1219.46070150        0.05501678
    20      2      2    -1227.84108062        0.05501678
    20      3      2    -1241.56145117        0.05501678
    20      4      2    -1227.20205905        0.05501678
    20      5      2    -1243.90723433        0.05501678
    20      6      2    -1254.03508398        0.05501678
    20      7      2    -1222.37527117        0.05501678
    20      8      2    -1273.06013126        0.05501678
    20      9      2    -1234.14901884        0.05501678
    20     10      2    -1247.54867293        0.05501678
    20     11      2    -1252.33566410        0.05501678
    20     12      2    -1264.13484074        0.05501678
    20     13      2    -1250.46634402        0.05501678
    20     14      2    -1264.26836151        0.05501678
    20     15      2    -1254.05451284        0.05501678
    20     16      2    -1256.87935053        0.05501678
    20     17      2    -1271.74127579        0.05501678
    20     18      2    -1261.91614168        0.05501678
    20     19      2    -1250.03424576        0.05501678
    20     20      2    -1280.47249768        0.05501678
    20     21      2    -1248.57141350        0.05501678
    20     22      2    -1277.83485469        0.05501678
    20     23      2    -1249.80564726        0.05501678
    20     24      2    -1282.18336839        0.05501678
    20     25      2    -1257.34296046        0.05501678
    20     26      2    -1267.63369078        0.05501678
    20     27      2    -1267.13540170        0.05501678
    20     28      2    -1277.37603483        0.05501678
    20     29      2    -1267.54217670        0.05501678
    20     30      2    -1280.96162208        0.05501678
    20     31      2    -1268.60497358        0.05501678
    20     32      2    -1281.58900027        0.05501678
    20     33      2    -1270.05493647        0.05501678
    20     34      2    -1287.09276024        0.05501678
    20     35      2    -1265.68145271        0.05501678
    20     36      2    -1288.36261866        0.05501678
    20     37      2    -1265.41796821        0.05501678
    20     38      2    -1291.18478922        0.05501678
    20     39      2    -1262.48660714        0.05501678
    20     40      2    -1285.75302931        0.05501678
    20     41      2    -1275.25935701        0.05501678
    20     42      2    -1278.74549852        0.05501678
    20     43      2    -1269.98901465        0.05501678
    20     44      2    -1280.06759505        0.05501678
    20     45      2    -1268.61386416        0.05501678
    20     46      2    -1284.25801871        0.05501678
    20     47      2    -1275.47620304        0.05501678
    20     48      2    -1288.88294425        0.05501678
    20     49      2    -1262.84805500        0.05501678
    20     50      2    -1292.65417864        0.05501678
    20     51      2    -1281.37908502        0.05501678
    20     52      2    -1289.33144160        0.05501678
    20     53      2    -1279.06942856        0.05501678
    20     54      2    -1297.13978311        0.05501678
    20     55      2    -1273.29496311        0.05501678
    20     56      2    -1302.51038432        0.05501678
    20     57      2    -1297.96671720        0.05501678
    20     58      2    -1291.96465729        0.05501678
    20     59      2    -1292.03320143        0.05501678
    20     60      2    -1296.24878709        0.05501678
    20     61      2    -1298.06815166        0.05501678
    20     62      2    -1302.58999373        0.05501678
    20     63      2    -1299.42904995        0.05501678
    20     64      2    -1289.71000160        0.05501678
    20     65      2    -1291.84249418        0.05501678
    20     66      2    -1321.15112806        0.05501678
    20     67      2    -1266.81052846        0.05501678
    20     68      2    -1321.81881327        0.05501678
    20     69      2    -1292.22710497        0.05501678
    20     70      2    -1414.40852377        0.05501678
    20     71      2    -1298.35308236        0.05501678
    20     72      2    -1311.77053001        0.05501678
    20     73      2    -1304.01096910        0.05501678
    20     74      2    -1323.73597771        0.05501678
    20     75      2    -1279.67429767        0.05501678
    20     76      2    -1389.97839666        0.05501678
    20     77      2    -1278.08505734        0.05501678
    20     78      2    -1287.04783031        0.05501678
    20     79      2    -1331.03956618        0.05501678
    20     80      2    -1270.43431436        0.05501678
    20     81      2    -1278.87443193        0.05501678
    20     82      2    -1298.24398043        0.05501678
    20     83      2    -1267.71404217        0.05501678
    20     84      2    -1288.51801959        0.05501678
    20     85      2    -1258.53154557        0.05501678
    20     86      2    -1281.18433835        0.05501678
    20     87      2    -1224.87016727        0.05501678
    20     88      2    -1224.87016727        0.05501678
    20     89      2    -1224.87016727        0.05501678
    20     90      2    -1224.87016727        0.05501678
    20     91      2    -1224.87016727        0.05501678
    20     92      2    -1224.87016727        0.05501678
    20     93      2    -1224.87016727        0.05501678
    20     94      2    -1224.87016727        0.05501678
    20     95      2    -1224.87016727        0.05501678
    20     96      2    -1268.06939022        0.05501678
    20     97      2    -1234.88996834        0.05501678
    20     98      2    -1266.55687894        0.05501678
    20     99      2    -1239.59706019        0.05501678
    20    100      2    -1258.92361035        0.05501678
    20    101      2    -1240.54436785        0.05501678
    20    102      2    -1256.54596995        0.05501678
    20    103      2    -1236.88391202        0.05501678
    20    104      2    -1256.30576280        0.05501678
    20    105      2    -1231.01969888        0.05501678
    20    106      2    -1254.13082298        0.05501678
    20    107      2    -1231.67692197        0.05501678
    20    108      2    -1253.16545199        0.05501678
    20    109      2    -1224.08441561        0.05501678
    20    110      2    -1254.62264821        0.05501678
    20    111      2    -1225.10037072        0.05501678
    20    112      2    -1250.68502082        0.05501678
    20    113      2    -1226.84124420        0.05501678
    20    114      2    -1250.77409256        0.05501678
    20    115      2    -1225.82650721        0.05501678
    20    116      2    -1249.42809661        0.05501678
    20    117      2    -1242.20255163        0.05501678
    20    118      2    -1267.98199175        0.05501678
    20    119      2    -1234.42164750        0.05501678
    20    120      2    -1252.67934632        0.05501678
    20    121      2    -1232.92380033        0.05501678
    20    122      2    -1259.84168025        0.05501678
    20    123      2    -1250.71862467        0.05501678
    20    124      2    -1257.55775488        0.05501678
    20    125      2    -1250.28883570        0.05501678
    20    126      2    -1257.30031455        0.05501678
    20    127      2    -1249.10093598        0.05501678
    20    128      2    -1257.21245252        0.05501678
    20    129      2    -1252.57322371        0.05501678
    20    130      2    -1258.82409507        0.05501678
    20    131      2    -1252.82937972        0.05501678
    20    132      2    -1260.83943950        0.05501678
    20    133      2    -1252.48362701        0.05501678
    20    134      2    -1258.27126324        0.05501678
    20    135      2    -1252.98143814        0.05501678
    20    136      2    -1259.68477250        0.05501678
    20    137      2    -1262.41391532        0.05501678
    20    138      2    -1266.46815180        0.05501678
    20    139      2    -1266.47824962        0.05501678
    20    140      2    -1268.00660427        0.05501678
    20    141      2    -1267.12529528        0.05501678
    20    142      2    -1268.60829805        0.05501678
    20    143      2    -1267.53027165        0.05501678
    20    144      2    -1268.29919041        0.05501678
    20    145      2    -1267.97185314        0.05501678
    20    146      2    -1269.89138831        0.05501678
    20    147      2    -1267.01605650        0.05501678
    20    148      2    -1295.98787112        0.05501678
    20    149      2    -1224.87016727        0.05501678
    20    150      2    -1224.87016727        0.05501678
    20    151      2    -1224.87016727        0.05501678
    20    152      2    -1224.87016727        0.05501678
    20    153      2    -1224.87016727        0.05501678
    20    154      2    -1224.87016727        0.05501678
    20    155      2    -1224.87016727        0.05501678
    20    156      2    -1290.76203985        0.05501678
    20    157      2    -1274.64221693        0.05501678
    20    158      2    -1277.89056259        0.05501678
    20    159      2    -1279.45618054        0.05501678
    20    160      2    -1280.66182045        0.05501678
    20    161      2    -1281.93092570        0.05501678
    20    162      2    -1283.95928576        0.05501678
    20    163      2    -1282.34283574        0.05501678
    20    164      2    -1284.67447500        0.05501678
    20    165      2    -1278.01234289        0.05501678
    20    166      2    -1285.93237045        0.05501678
    20    167      2    -1281.65327582        0.05501678
    20    168      2    -1288.15671745        0.05501678
    20    169      2    -1284.24152901        0.05501678
    20    170      2    -1292.94390233        0.05501678
    20    171      2    -1279.74667266        0.05501678
    20    172      2    -1290.47839003        0.05501678
    20    173      2    -1281.71770315        0.05501678
    20    174      2    -1286.36357006        0.05501678
    20    175      2    -1289.85479847        0.05501678
    20    176      2    -1284.56124246        0.05501678
    20    177      2    -1293.13886356        0.05501678
    20    178      2    -1288.96496569        0.05501678
    20    179      2    -1293.93098067        0.05501678
    20    180      2    -1290.63730127        0.05501678
    20    181      2    -1294.98314081        0.05501678
    20    182      2    -1297.97890146        0.05501678
    20    183      2    -1298.75496971        0.05501678
    20    184      2    -1291.07423451        0.05501678
    20    185      2    -1299.57999905        0.05501678
    20    186      2    -1291.15074710        0.05501678
    20    187      2    -1292.75577466        0.05501678
    20    188      2    -1297.13393693        0.05501678
    20    189      2    -1289.05533990        0.05501678
    20    190      2    -1295.82817244        0.05501678
    20    191      2    -1290.88269014        0.05501678
    20    192      2    -1294.28861853        0.05501678
    20    193      2    -1292.66501221        0.05501678
    20    194      2    -1289.23042180        0.05501678
    20    195      2    -1294.07950669        0.05501678
    20    196      2    -1292.68957672        0.05501678
    20    197      2    -1291.54001923        0.05501678
    20    198      2    -1281.72128252        0.05501678
    20    199      2    -1283.67236948        0.05501678
    20    200      2    -1285.44286726        0.05501678
    20    201      2    -1287.04151132        0.05501678
    20    202      2    -1280.65297785        0.05501678
    20    203      2    -1279.09728656        0.05501678
    20    204      2    -1286.66328184        0.05501678
    20    205      2    -1270.98331744        0.05501678
    20    206      2    -1283.72431023        0.05501678
    20    207      2    -1268.64810795        0.05501678
    20    208      2    -1274.23555041        0.05501678
    20    209      2    -1266.43898200        0.05501678
    20    210      2    -1278.17610975        0.05501678
    20    211      2    -1260.77750081        0.05501678
    20    212      2    -1270.51801217        0.05501678
    20    213      2    -1258.74435838        0.05501678
    20    214      2    -1262.27764598        0.05501678
    20    215      2    -1255.94973238        0.05501678
    20    216      2    -1258.05839642        0.05501678
    20    217      2    -1239.65801217        0.05501678
    20    218      2    -1256.62150247        0.05501678
    20    219      2    -1243.79640598        0.05501678
    20    220      2    -1242.63220814        0.05501678
    20    221      2    -1225.15977122        0.05501678
    20    222      2    -1261.13751484        0.05501678
    20    223      2    -1197.29742587        0.05501678
    20    224      2    -1251.62004572        0.05501678
    20    225      2    -1208.34938110        0.05501678
    20    226      2    -1209.86922457        0.05501678
    20    227      2    -1222.91621700        0.05501678
    20    228      2    -1222.04597593        0.05501678
    20    229      2    -1205.97323042        0.05501678
    20    230      2    -1205.10526647        0.05501678
    20    231      2    -1232.95271210        0.05501678
    20    232      2    -1219.32554671        0.05501678
    20    233      2    -1242.85110440        0.05501678
    20    234      2    -1210.38097456        0.05501678
    20    235      2    -1219.06652980        0.05501678
    20    236      2    -1212.88253021        0.05501678
    20    237      2    -1219.90265563        0.05501678
    20    238      2    -1213.16698730        0.05501678
    20    239      2    -1190.03266650        0.05501678
    20    240      2    -1217.37060016        0.05501678
    20    241      2    -1158.61244164        0.05501678
    20    242      2    -1156.51409143        0.05501678
    20    243      2    -1143.08400076        0.05501678
    21      0      2    -1245.24232950        0.05505209
    21      1      2    -1273.21874098        0.05505209
    21      2      2    -1252.10135949        0.05505209
    21      3      2    -1278.18026930        0.05505209
    21      4      2    -1263.01912390        0.05505209
    21      5      2    -1269.22805482        0.05505209
    21      6      2    -1267.21318525        0.05505209
    21      7      2    -1271.54980209        0.05505209
    21      8      2    -1275.35494048        0.05505209
    21      9      2    -1277.99717413        0.05505209
    21     10      2    -1269.31149554        0.05505209
    21     11      2    -1273.84484721        0.05505209
    21     12      2    -1277.94850131        0.05505209
    21     13      2    -1270.98276080        0.05505209
    21     14      2    -1278.71765544        0.05505209
    21     15      2    -1278.14029171        0.05505209
    21     16      2    -1282.04221323        0.05505209
    21     17      2    -1277.82582924        0.05505209
    21     18      2    -1284.37777275        0.05505209
    21     19      2    -1283.41853703        0.05505209
    21     20      2    -1279.11074630        0.05505209
    21     21      2    -1293.55961730        0.05505209
    21     22      2    -1282.66217833        0.05505209
    21     23      2    -1291.13694338        0.05505209
    21     24      2    -1286.02473308        0.05505209
    21     25      2    -1282.83879103        0.05505209
    21     26      2    -1299.80525760        0.05505209
    21     27      2    -1275.54255450        0.05505209
    21     28      2    -1297.42569676        0.05505209
    21     29      2    -1286.86620062        0.05505209
    21     30      2    -1295.08780396        0.05505209
    21     31      2    -1288.06188323        0.05505209
    21     32      2    -1281.45543644        0.05505209
    21     33      2    -1291.73877144        0.05505209
    21     34      2    -1290.20179130        0.05505209
    21     35      2    -1286.76929587        0.05505209
    21     36      2    -1297.84217581        0.05505209
    21     37      2    -1283.22666291        0.05505209
    21     38      2    -1290.64106485        0.05505209
    21     39      2    -1277.35155251        0.05505209
    21     40      2    -1287.22486139        0.05505209
    21     41      2    -1290.54968688        0.05505209
    21     42      2    -1290.10221658        0.05505209
    21     43      2    -1286.08461786        0.05505209
    21     44      2    -1297.62091413        0.05505209
    21     45      2    -1287.11775624        0.05505209
    21     46      2    -1301.86256785        0.05505209
    21     47      2    -1284.66574081        0.05505209
    21     48      2    -1271.05264111        0.05505209
    21     49      2    -1313.38110879        0.05505209
    21     50      2    -1293.80369996        0.05505209
    21     51      2    -1304.41596816        0.05505209
    21     52      2    -1318.34359227        0.05505209
    21     53      2    -1299.96317742        0.05505209
    21     54      2    -1313.63164069        0.05505209
    21     55      2    -1300.74356383        0.05505209
    21     56      2    -1317.58572461        0.05505209
    21     57      2    -1302.75842366        0.05505209
    21     58      2    -1324.63081797        0.05505209
    21     59      2    -1310.22982973        0.05505209
    21     60      2    -1322.84295312        0.05505209
    21     61      2    -1323.01435806        0.05505209
    21     62      2    -1310.56187912        0.05505209
    21     63      2    -1334.49302588        0.05505209
    21     64      2    -1410.43955504        0.05505209
    21     65      2    -1333.45240590        0.05505209
    21     66      2    -1318.47508244        0.05505209
    21     67      2    -1293.25847917        0.05505209
    21     68      2    -1355.18168403        0.05505209
    21     69      2    -1324.58160494        0.05505209
    21     70      2    -1283.20310286        0.05505209
    21     71      2    -1300.35275845        0.05505209
    21     72      2    -1325.41961129        0.05505209
    21     73      2    -1296.23874306        0.05505209
    21     74      2    -1305.12844107        0.05505209
    21     75      2    -1293.03637230        0.05505209
    21     76      2    -1283.56140728        0.05505209
    21     77      2    -1286.35793157        0.05505209
    21     78      2    -1260.99777553        0.05505209
    21     79      2    -1224.65316249        0.05505209
    21     80      2    -1224.65316249        0.05505209
    21     81      2    -1224.65316249        0.05505209
    21     82      2    -1224.65316249        0.05505209
    21     83      2    -1224.65316249        0.05505209
    21     84      2    -1224.65316249        0.05505209
    21     85      2    -1268.10003330        0.05505209
    21     86      2    -1268.27526490        0.05505209
    21     87      2    -1268.43172580        0.05505209
    21     88      2    -1267.15070744        0.05505209
    21     89      2    -1270.67341785        0.05505209
    21     90      2    -1267.03736761        0.05505209
    21     91      2    -1266.83529939        0.05505209
    21     92      2    -1270.71563901        0.05505209
    21     93      2    -1261.16824365        0.05505209
    21     94      2    -1260.79933196        0.05505209
    21     95      2    -1264.84860531        0.05505209
    21     96      2    -1258.99903370        0.05505209
    21     97      2    -1262.68327089        0.05505209
    21     98      2    -1255.78456958        0.05505209
    21     99      2    -1260.39900718        0.05505209
    21    100      2    -1254.76427427        0.05505209
    21    101      2    -1257.56744396        0.05505209
    21    102      2    -1253.56599270        0.05505209
    21    103      2    -1256.11733468        0.05505209
    21    104      2    -1252.93038092        0.05505209
    21    105      2    -1251.99249668        0.05505209
    21    106      2    -1258.40528756        0.05505209
    21    107      2    -1253.55002036        0.05505209
    21    108      2    -1261.55144728        0.05505209
    21    109      2    -1252.17445641        0.05505209
    21    110      2    -1250.22957298        0.05505209
    21    111      2    -1257.52690833        0.05505209
    21    112      2    -1244.40316444        0.05505209
    21    113      2    -1248.43559472        0.05505209
    21    114      2    -1249.34403353        0.05505209
    21    115      2    -1248.06603646        0.05505209
    21    116      2    -1250.37767536        0.05505209
    21    117      2    -1237.87399231        0.05505209
    21    118      2    -1252.13309611        0.05505209
    21    119      2    -1242.61218425        0.05505209
    21    120      2    -1250.89319855        0.05505209
    21    121      2    -1240.62581247        0.05505209
    21    122      2    -1250.91846854        0.05505209
    21    123      2    -1244.81902629        0.05505209
    21    124      2    -1248.14235530        0.05505209
    21    125      2    -1242.14429530        0.05505209
    21    126      2    -1251.25284533        0.05505209
    21    127      2    -1246.77082169        0.05505209
    21    128      2    -1255.93578562        0.05505209
    21    129      2    -1251.99980018        0.05505209
    21    130      2    -1261.35994066        0.05505209
    21    131      2    -1253.34820965        0.05505209
    21    132      2    -1268.90447405        0.05505209
    21    133      2    -1261.37971905        0.05505209
    21    134      2    -1270.32068969        0.05505209
    21    135      2    -1262.85516354        0.05505209
    21    136      2    -1271.23801292        0.05505209
    21    137      2    -1265.21532305        0.05505209
    21    138      2    -1271.22729347        0.05505209
    21    139      2    -1260.77043422        0.05505209
    21    140      2    -1270.70019540        0.05505209
    21    141      2    -1263.36664717        0.05505209
    21    142      2    -1272.56241955        0.05505209
    21    143      2    -1264.88523888        0.05505209
    21    144      2    -1272.67449602        0.05505209
    21    145      2    -1267.27675603        0.05505209
    21    146      2    -1018.40067317        0.05505209
    21    147      2    -1224.65316249        0.05505209
    21    148      2    -1224.65316249        0.05505209
    21    149      2    -1224.65316249        0.05505209
    21    150      2    -1224.65316249        0.05505209
    21    151      2    -1224.65316249        0.05505209
    21    152      2    -1224.65316249        0.05505209
    21    153      2    -1256.84408012        0.05505209
    21    154      2    -1281.55256248        0.05505209
    21    155      2    -1274.63784134        0.05505209
    21    156      2    -1286.11356604        0.05505209
    21    157      2    -1281.13995006        0.05505209
    21    158      2    -1291.41387531        0.05505209
    21    159      2    -1279.19639362        0.05505209
    21    160      2    -1293.41790271        0.05505209
    21    161      2    -1283.89560824        0.05505209
    21    162      2    -1295.75501713        0.05505209
    21    163      2    -1284.29931642        0.05505209
    21    164      2    -1297.13711470        0.05505209
    21    165      2    -1290.41794834        0.05505209
    21    166      2    -1303.21855220        0.05505209
    21    167      2    -1288.72812756        0.05505209
    21    168      2    -1301.38161176        0.05505209
    21    169      2    -1288.99266220        0.05505209
    21    170      2    -1297.41834264        0.05505209
    21    171      2    -1291.34998599        0.05505209
    21    172      2    -1302.59725189        0.05505209
    21    173      2    -1288.45066267        0.05505209
    21    174      2    -1305.19271499        0.05505209
    21    175      2    -1294.72166059        0.05505209
    21    176      2    -1302.34910821        0.05505209
    21    177      2    -1293.84228673        0.05505209
    21    178      2    -1305.53716371        0.05505209
    21    179      2    -1303.63276853        0.05505209
    21    180      2    -1305.62661447        0.05505209
    21    181      2    -1294.74173171        0.05505209
    21    182      2    -1303.65904587        0.05505209
    21    183      2    -1294.76014858        0.05505209
    21    184      2    -1300.04949882        0.05505209
    21    185      2    -1300.75583429        0.05505209
    21    186      2    -1296.35785241        0.05505209
    21    187      2    -1303.68009372        0.05505209
    21    188      2    -1296.79808199        0.05505209
    21    189      2    -1301.10373782        0.05505209
    21    190      2    -1298.43392472        0.05505209
    21    191      2    -1297.67212714        0.05505209
    21    192      2    -1308.50678921        0.05505209
    21    193      2    -1283.81882474        0.05505209
    21    194      2    -1305.84539646        0.05505209
    21    195      2    -1288.46506680        0.05505209
    21    196      2    -1302.42622962        0.05505209
    21    197      2    -1292.41701176        0.05505209
    21    198      2    -1294.80447546        0.05505209
    21    199      2    -1276.02197798        0.05505209
    21    200      2    -1299.73155692        0.05505209
    21    201      2    -1270.39472664        0.05505209
    21    202      2    -1281.44600990        0.05505209
    21    203      2    -1272.76038623        0.05505209
    21    204      2    -1281.73865051        0.05505209
    21    205      2    -1252.35138712        0.05505209
    21    206      2    -1287.16369340        0.05505209
    21    207      2    -1247.84745581        0.05505209
    21    208      2    -1266.88648278        0.05505209
    21    209      2    -1243.23708228        0.05505209
    21    210      2    -1251.94982429        0.05505209
    21    211      2    -1238.95460404        0.05505209
    21    212      2    -1238.18875898        0.05505209
    21    213      2    -1217.62331259        0.05505209
    21    214      2    -1217.47695053        0.05505209
    21    215      2    -1203.91551732        0.05505209
    21    216      2    -1198.39795628        0.05505209
    21    217      2    -1168.06248476        0.05505209
    21    218      2    -1172.46230052        0.05505209
    21    219      2    -1157.33890225        0.05505209
    21    220      2    -1152.70335178        0.05505209
    21    221      2    -1142.49127460        0.05505209
    21    222      2    -1130.55834693        0.05505209
    21    223      2    -1187.13674853        0.05505209
    21    224      2    -1098.99319340        0.05505209
    21    225      2    -1113.94992490        0.05505209
    21    226      2    -1087.42313173        0.05505209
    21    227      2    -1098.84096693        0.05505209
    21    228      2    -1088.76898375        0.05505209
    21    229      2    -1046.89148533        0.05505209
    21    230      2    -1010.94521764        0.05505209
    21    231      2    -1088.17813287        0.05505209
    22      0      2    -1230.92697775        0.05498531
    22      1      2    -1234.89706147        0.05498531
    22      2      2    -1245.61773933        0.05498531
    22      3      2    -1223.78768052        0.05498531
    22      4      2    -1246.18745320        0.05498531
    22      5      2    -1220.79429213        0.05498531
    22      6      2    -1228.33849710        0.05498531
    22      7      2    -1240.38034584        0.05498531
    22      8      2    -1231.91510808        0.05498531
    22      9      2    -1239.26699186        0.05498531
    22     10      2    -1246.64155724        0.05498531
    22     11      2    -1241.59870614        0.05498531
    22     12      2    -1249.73042567        0.05498531
    22     13      2    -1239.93551884        0.05498531
    22     14      2    -1248.07919610        0.05498531
    22     15      2    -1250.93489160        0.05498531
    22     16      2    -1247.72488988        0.05498531
    22     17      2    -1252.63748428        0.05498531
    22     18      2    -1246.28185773        0.05498531
    22     19      2    -1249.60440975        0.05498531
    22     20      2    -1249.43004454        0.05498531
    22     21      2    -1255.42113289        0.05498531
    22     22      2    -1255.61553625        0.05498531
    22     23      2    -1224.96413258        0.05498531
    22     24      2    -1276.20033078        0.05498531
    22     25      2    -1230.77369005        0.05498531
    22     26      2    -1267.37135389        0.05498531
    22     27      2    -1246.59016596        0.05498531
    22     28      2    -1249.33541680        0.05498531
    22     29      2    -1255.98305356        0.05498531
    22     30      2    -1250.75555144        0.05498531
    22     31      2    -1251.64653873        0.05498531
    22     32      2    -1257.03359099        0.05498531
    22     33      2    -1240.99030060        0.05498531
    22     34      2    -1259.19862597        0.05498531
    22     35      2    -1249.87384983        0.05498531
    22     36      2    -1258.17332651        0.05498531
    22     37      2    -1206.11053794        0.05498531
    22     38      2    -1256.78991211        0.05498531
    22     39      2    -1256.36693245        0.05498531
    22     40      2    -1264.51548313        0.05498531
    22     41      2    -1261.12572298        0.05498531
    22     42      2    -1275.09859811        0.05498531
    22     43      2    -1256.85150512        0.05498531
    22     44      2    -1291.21833770        0.05498531
    22     45      2    -1271.74099255        0.05498531
    22     46      2    -1267.64640052        0.05498531
    22     47      2    -1260.07947979        0.05498531
    22     48      2    -1289.99980916        0.05498531
    22     49      2    -1256.39964495        0.05498531
    22     50      2    -1284.19555433        0.05498531
    22     51      2    -1268.48603738        0.05498531
    22     52      2    -1291.64738634        0.05498531
    22     53      2    -1273.23979324        0.05498531
    22     54      2    -1342.58938058        0.05498531
    22     55      2    -1271.04297817        0.05498531
    22     56      2    -1265.87072148        0.05498531
    22     57      2    -1291.41983544        0.05498531
    22     58      2    -1274.89382865        0.05498531
    22     59      2    -1293.60184415        0.05498531
    22     60      2    -1255.25126683        0.05498531
    22     61      2    -1293.16308581        0.05498531
    22     62      2    -1256.82453434        0.05498531
    22     63      2    -1273.60842950        0.05498531
    22     64      2    -1256.20958022        0.05498531
    22     65      2    -1255.02665477        0.05498531
    22     66      2    -1243.36523091        0.05498531
    22     67      2    -1223.45498572        0.05498531
    22     68      2    -1223.45498572        0.05498531
    22     69      2    -1223.45498572        0.05498531
    22     70      2    -1223.45498572        0.05498531
    22     71      2    -1223.45498572        0.05498531
    22     72      2    -1223.45498572        0.05498531
    22     73      2    -1223.45498572        0.05498531
    22     74      2    -1222.93612638        0.05498531
    22     75      2    -1243.29616208        0.05498531
    22     76      2    -1232.30688644        0.05498531
    22     77      2    -1229.78912872        0.05498531
    22     78      2    -1230.93694536        0.05498531
    22     79      2    -1226.62355998        0.05498531
    22     80      2    -1227.17764840        0.05498531
    22     81      2    -1224.73321203        0.05498531
    22     82      2    -1220.31567904        0.05498531
    22     83      2    -1221.67049580        0.05498531
    22     84      2    -1218.51111951        0.05498531
    22     85      2    -1215.03988701        0.05498531
    22     86      2    -1218.93809611        0.05498531
    22     87      2    -1216.70004349        0.05498531
    22     88      2    -1212.34858040        0.05498531
    22     89      2    -1216.52070597        0.05498531
    22     90      2    -1210.41382825        0.05498531
    22     91      2    -1215.18436803        0.05498531
    22     92      2    -1210.54888344        0.05498531
    22     93      2    -1209.09657504        0.05498531
    22     94      2    -1201.72514867        0.05498531
    22     95      2    -1208.15390987        0.05498531
    22     96      2    -1202.95490709        0.05498531
    22     97      2    -1206.05459327        0.05498531
    22     98      2    -1204.15502127        0.05498531
    22     99      2    -1209.75437891        0.05498531
    22    100      2    -1204.07764692        0.05498531
    22    101      2    -1208.60912895        0.05498531
    22    102      2    -1203.04465251        0.05498531
    22    103      2    -1191.23560502        0.05498531
    22    104      2    -1192.17791545        0.05498531
    22    105      2    -1204.24863319        0.05498531
    22    106      2    -1205.45683975        0.05498531
    22    107      2    -1215.00145794        0.05498531
    22    108      2    -1206.88944281        0.05498531
    22    109      2    -1225.19003947        0.05498531
    22    110      2    -1206.32933027        0.05498531
    22    111      2    -1221.28947848        0.05498531
    22    112      2    -1206.82976488        0.05498531
    22    113      2    -1217.80165868        0.05498531
    22    114      2    -1203.21982411        0.05498531
    22    115      2    -1222.91477318        0.05498531
    22    116      2    -1206.59633485        0.05498531
    22    117      2    -1219.68460498        0.05498531
    22    118      2    -1204.11231890        0.05498531
    22    119      2    -1219.25221522        0.05498531
    22    120      2    -1205.65452341        0.05498531
    22    121      2    -1224.32587931        0.05498531
    22    122      2    -1212.45073115        0.05498531
    22    123      2    -1227.42290902        0.05498531
    22    124      2    -1215.92422233        0.05498531
    22    125      2    -1231.27221088        0.05498531
    22    126      2    -1221.88445174        0.05498531
    22    127      2    -1236.06448257        0.05498531
    22    128      2    -1226.66798067        0.05498531
    22    129      2    -1238.12274886        0.05498531
    22    130      2    -1230.48497928        0.05498531
    22    131      2    -1237.62446965        0.05498531
    22    132      2    -1231.70108996        0.05498531
    22    133      2    -1240.14748966        0.05498531
    22    134      2    -1234.69384573        0.05498531
    22    135      2    -1240.52348441        0.05498531
    22    136      2    -1231.48669755        0.05498531
    22    137      2    -1239.24567853        0.05498531
    22    138      2    -1231.33009197        0.05498531
    22    139      2    -1238.46464912        0.05498531
    22    140      2    -1231.95375542        0.05498531
    22    141      2    -1230.13858318        0.05498531
    22    142      2    -1229.97566833        0.05498531
    22    143      2    -1197.88322369        0.05498531
    22    144      2    -1223.45498572        0.05498531
    22    145      2    -1223.45498572        0.05498531
    22    146      2    -1223.45498572        0.05498531
    22    147      2    -1223.45498572        0.05498531
    22    148      2    -1223.45498572        0.05498531
    22    149      2    -1223.45498572        0.05498531
    22    150      2    -1236.95872753        0.05498531
    22    151      2    -1238.99128209        0.05498531
    22    152      2    -1237.18413182        0.05498531
    22    153      2    -1240.57270198        0.05498531
    22    154      2    -1241.38243884        0.05498531
    22    155      2    -1245.00268450        0.05498531
    22    156      2    -1243.32368659        0.05498531
    22    157      2    -1250.94298630        0.05498531
    22    158      2    -1245.17384272        0.05498531
    22    159      2    -1254.74763294        0.05498531
    22    160      2    -1247.66262642        0.05498531
    22    161      2    -1253.62341013        0.05498531
    22    162      2    -1244.64171376        0.05498531
    22    163      2    -1255.45683843        0.05498531
    22    164      2    -1249.95861786        0.05498531
    22    165      2    -1253.24020165        0.05498531
    22    166      2    -1248.82142005        0.05498531
    22    167      2    -1255.26841661        0.05498531
    22    168      2    -1250.62450065        0.05498531
    22    169      2    -1260.02310195        0.05498531
    22    170      2    -1253.09687630        0.05498531
    22    171      2    -1257.90299890        0.05498531
    22    172      2    -1256.16105594        0.05498531
    22    173      2    -1262.51973422        0.05498531
    22    174      2    -1253.75971640        0.05498531
    22    175      2    -1266.41797009        0.05498531
    22    176      2    -1254.49380469        0.05498531
    22    177      2    -1263.33462061        0.05498531
    22    178      2    -1254.77724716        0.05498531
    22    179      2    -1261.60065650        0.05498531
    22    180      2    -1259.52307563        0.05498531
    22    181      2    -1260.59314319        0.05498531
    22    182      2    -1253.73182255        0.05498531
    22    183      2    -1261.68274098        0.05498531
    22    184      2    -1260.42181377        0.05498531
    22    185      2    -1252.85570461        0.05498531
    22    186      2    -1259.36302677        0.05498531
    22    187      2    -1258.57544354        0.05498531
    22    188      2    -1241.12196562        0.05498531
    22    189      2    -1268.42478311        0.05498531
    22    190      2    -1245.60919696        0.05498531
    22    191      2    -1255.11871092        0.05498531
    22    192      2    -1240.75536118        0.05498531
    22    193      2    -1261.71251407        0.05498531
    22    194      2    -1234.66663723        0.05498531
    22    195      2    -1248.93294045        0.05498531
    22    196      2    -1235.18862302        0.05498531
    22    197      2    -1249.79015744        0.05498531
    22    198      2    -1221.12239207        0.05498531
    22    199      2    -1228.35399295        0.05498531
    22    200      2    -1229.07630064        0.05498531
    22    201      2    -1222.81762713        0.05498531
    22    202      2    -1197.45095985        0.05498531
    22    203      2    -1234.72493490        0.05498531
    22    204      2    -1171.60075030        0.05498531
    22    205      2    -1204.34572153        0.05498531
    22    206      2    -1162.84241369        0.05498531
    22    207      2    -1180.44815920        0.05498531
    22    208      2    -1155.03750401        0.05498531
    22    209      2    -1136.50604296        0.05498531
    22    210      2    -1135.22245095        0.05498531
    22    211      2    -1115.66359292        0.05498531
    22    212      2    -1073.17105742        0.05498531
    22    213      2    -1068.87138071        0.05498531
    22    214      2    -1009.77431102        0.05498531
    22    215      2    -1062.45058270        0.05498531
    22    216      2     -944.31223746        0.05498531
    22    217      2     -823.29653829        0.05498531
    23      0      2    -1208.91662278        0.05503176
    23      1      2    -1226.08630189        0.05503176
    23      2      2    -1220.47846607        0.05503176
    23      3      2    -1238.37061560        0.05503176
    23      4      2    -1213.33509834        0.05503176
    23      5      2    -1242.33710591        0.05503176
    23      6      2    -1204.17896097        0.05503176
    23      7      2    -1238.68552617        0.05503176
    23      8      2    -1237.17175386        0.05503176
    23      9      2    -1244.76632218        0.05503176
    23     10      2    -1234.97944035        0.05503176
    23     11      2    -1245.72285518        0.05503176
    23     12      2    -1239.75851798        0.05503176
    23     13      2    -1250.64269687        0.05503176
    23     14      2    -1228.64596471        0.05503176
    23     15      2    -1257.56429180        0.05503176
    23     16      2    -1224.70397596        0.05503176
    23     17      2    -1262.76403373        0.05503176
    23     18      2    -1217.60828779        0.05503176
    23     19      2    -1258.06068706        0.05503176
    23     20      2    -1229.78775514        0.05503176
    23     21      2    -1259.33514337        0.05503176
    23     22      2    -1238.17852579        0.05503176
    23     23      2    -1222.93024810        0.05503176
    23     24      2    -1260.25262613        0.05503176
    23     25      2    -1214.83885312        0.05503176
    23     26      2    -1249.55210512        0.05503176
    23     27      2    -1241.61518098        0.05503176
    23     28      2    -1240.32584857        0.05503176
    23     29      2    -1265.09775729        0.05503176
    23     30      2    -1240.63600793        0.05503176
    23     31      2    -1255.82700186        0.05503176
    23     32      2    -1231.46036160        0.05503176
    23     33      2    -1269.07758685        0.05503176
    23     34      2    -1224.52066251        0.05503176
    23     35      2    -1269.03342570        0.05503176
    23     36      2    -1234.43602905        0.05503176
    23     37      2    -1253.92908432        0.05503176
    23     38      2    -1268.26160903        0.05503176
    23     39      2    -1237.93275922        0.05503176
    23     40      2    -1264.68908280        0.05503176
    23     41      2    -1269.66229531        0.05503176
    23     42      2    -1261.54464537        0.05503176
    23     43      2    -1267.91710863        0.05503176
    23     44      2    -1232.26986716        0.05503176
    23     45      2    -1311.36872353        0.05503176
    23     46      2    -1255.93287143        0.05503176
    23     47      2    -1275.64365428        0.05503176
    23     48      2    -1277.91893245        0.05503176
    23     49      2    -1279.79386181        0.05503176
    23     50      2    -1264.80389674        0.05503176
    23     51      2    -1286.70910431        0.05503176
    23     52      2    -1262.91668969        0.05503176
    23     53      2    -1287.63553121        0.05503176
    23     54      2    -1271.10075345        0.05503176
    23     55      2    -1273.32825278        0.05503176
    23     56      2    -1258.58244559        0.05503176
    23     57      2    -1264.12711502        0.05503176
    23     58      2    -1241.58287975        0.05503176
    23     59      2    -1223.77031938        0.05503176
    23     60      2    -1223.77031938        0.05503176
    23     61      2    -1223.77031938        0.05503176
    23     62      2    -1223.77031938        0.05503176
    23     63      2    -1223.77031938        0.05503176
    23     64      2    -1223.77031938        0.05503176
    23     65      2    -1223.77031938        0.05503176
    23     66      2    -1223.77031938        0.05503176
    23     67      2    -1223.77031938        0.05503176
    23     68      2    -1218.52459959        0.05503176
    23     69      2    -1231.04465340        0.05503176
    23     70      2    -1232.37751009        0.05503176
    23     71      2    -1231.69185165        0.05503176
    23     72      2    -1229.07020327        0.05503176
    23     73      2    -1232.05000573        0.05503176
    23     74      2    -1223.10333580        0.05503176
    23     75      2    -1229.64090024        0.05503176
    23     76      2    -1221.55662189        0.05503176
    23     77      2    -1224.72700916        0.05503176
    23     78      2    -1220.01466594        0.05503176
    23     79      2    -1230.22392713        0.05503176
    23     80      2    -1214.95722953        0.05503176
    23     81      2    -1229.57731795        0.05503176
    23     82      2    -1210.66197011        0.05503176
    23     83      2    -1228.77287832        0.05503176
    23     84      2    -1207.19202922        0.05503176
    23     85      2    -1223.13663074        0.05503176
    23     86      2    -1205.73506618        0.05503176
    23     87      2    -1224.32991258        0.05503176
    23     88      2    -1202.88265851        0.05503176
    23     89      2    -1220.42119757        0.05503176
    23     90      2    -1200.15698362        0.05503176
    23     91      2    -1223.20577466        0.05503176
    23     92      2    -1199.90542641        0.05503176
    23     93      2    -1221.81290400        0.05503176
    23     94      2    -1201.59380702        0.05503176
    23     95      2    -1217.65428541        0.05503176
    23     96      2    -1198.84909336        0.05503176
    23     97      2    -1219.14350390        0.05503176
    23     98      2    -1196.38744435        0.05503176
    23     99      2    -1206.34607683        0.05503176
    23    100      2    -1186.70138000        0.05503176
    23    101      2    -1204.52292005        0.05503176
    23    102      2    -1195.33575490        0.05503176
    23    103      2    -1214.71401295        0.05503176
    23    104      2    -1193.16830597        0.05503176
    23    105      2    -1199.48989791        0.05503176
    23    106      2    -1206.82329075        0.05503176
    23    107      2    -1199.61785728        0.05503176
    23    108      2    -1203.76134608        0.05503176
    23    109      2    -1198.95661310        0.05503176
    23    110      2    -1205.99448287        0.05503176
    23    111      2    -1199.13825781        0.05503176
    23    112      2    -1294.23770370        0.05503176
    23    113      2    -1196.72512438        0.05503176
    23    114      2    -1201.76171727        0.05503176
    23    115      2    -1199.58980981        0.05503176
    23    116      2    -1186.14499266        0.05503176
    23    117      2    -1198.42928046        0.05503176
    23    118      2    -1211.60941526        0.05503176
    23    119      2    -1206.49931028        0.05503176
    23    120      2    -1213.70790465        0.05503176
    23    121      2    -1209.51866731        0.05503176
    23    122      2    -1217.13188445        0.05503176
    23    123      2    -1216.24176605        0.05503176
    23    124      2    -1222.98137880        0.05503176
    23    125      2    -1219.54160836        0.05503176
    23    126      2    -1221.99634465        0.05503176
    23    127      2    -1220.76297319        0.05503176
    23    128      2    -1229.37514396        0.05503176
    23    129      2    -1225.46668020        0.05503176
    23    130      2    -1232.25256933        0.05503176
    23    131      2    -1230.61647949        0.05503176
    23    132      2    -1235.61651885        0.05503176
    23    133      2    -1229.34173645        0.05503176
    23    134      2    -1235.73206033        0.05503176
    23    135      2    -1232.22157116        0.05503176
    23    136      2    -1231.98409354        0.05503176
    23    137      2    -1226.21481393        0.05503176
    23    138      2    -1231.36494506        0.05503176
    23    139      2    -1224.88864375        0.05503176
    23    140      2    -1227.23633612        0.05503176
    23    141      2    -1225.19314944        0.05503176
    23    142      2    -1236.44973484        0.05503176
    23    143      2    -1223.77031938        0.05503176
    23    144      2    -1223.77031938        0.05503176
    23    145      2    -1223.77031938        0.05503176
    23    146      2    -1223.77031938        0.05503176
    23    147      2    -1223.77031938        0.05503176
    23    148      2    -1223.77031938        0.05503176
    23    149      2    -1223.77031938        0.05503176
    23    150      2    -1271.17750119        0.05503176
    23    151      2    -1236.94236814        0.05503176
    23    152      2    -1244.95488541        0.05503176
    23    153      2    -1243.17512814        0.05503176
    23    154      2    -1245.11898720        0.05503176
    23    155      2    -1248.45236384        0.05503176
    23    156      2    -1252.14304852        0.05503176
    23    157      2    -1247.43760373        0.05503176
    23    158      2    -1248.25088514        0.05503176
    23    159      2    -1250.12978961        0.05503176
    23    160      2    -1247.59866026        0.05503176
    23    161      2    -1249.88710037        0.05503176
    23    162      2    -1252.15420165        0.05503176
    23    163      2    -1247.41742585        0.05503176
    23    164      2    -1255.93961299        0.05503176
    23    165      2    -1251.18782990        0.05503176
    23    166      2    -1254.06273156        0.05503176
    23    167      2    -1256.59033157        0.05503176
    23    168      2    -1258.79230387        0.05503176
    23    169      2    -1252.37673807        0.05503176
    23    170      2    -1258.92226045        0.05503176
    23    171      2    -1251.86961193        0.05503176
    23    172      2    -1260.73052549        0.05503176
    23    173      2    -1248.40128678        0.05503176
    23    174      2    -1268.19616857        0.05503176
    23    175      2    -1246.02006520        0.05503176
    23    176      2    -1262.95983084        0.05503176
    23    177      2    -1254.81475386        0.05503176
    23    178      2    -1259.61628708        0.05503176
    23    179      2    -1255.54212777        0.05503176
    23    180      2    -1261.77192269        0.05503176
    23    181      2    -1251.14868340        0.05503176
    23    182      2    -1262.41185650        0.05503176
    23    183      2    -1248.03590707        0.05503176
    23    184      2    -1260.93831491        0.05503176
    23    185      2    -1243.02607311        0.05503176
    23    186      2    -1260.01626369        0.05503176
    23    187      2    -1240.66569771        0.05503176
    23    188      2    -1256.99122543        0.05503176
    23    189      2    -1236.63976079        0.05503176
    23    190      2    -1251.81870617        0.05503176
    23    191      2    -1236.42991039        0.05503176
    23    192      2    -1252.19561782        0.05503176
    23    193      2    -1230.48820761        0.05503176
    23    194      2    -1237.04082210        0.05503176
    23    195      2    -1235.59585497        0.05503176
    23    196      2    -1241.04637126        0.05503176
    23    197      2    -1225.02314926        0.05503176
    23    198      2    -1227.06085400        0.05503176
    23    199      2    -1217.12328309        0.05503176
    23    200      2    -1217.55211709        0.05503176
    23    201      2    -1205.35525334        0.05503176
    23    202      2    -1197.95311405        0.05503176
    23    203      2    -1180.40688240        0.05503176
    23    204      2    -1201.09969896        0.05503176
    23    205      2    -1107.90997123        0.05503176
    23    206      2    -1147.36672575        0.05503176
    23    207      2    -1131.74290482        0.05503176
    23    208      2    -1090.40492086        0.05503176
    23    209      2    -1066.56859958        0.05503176
    24      0      2    -1245.84587489        0.05502839
    24      1      2    -1254.95412567        0.05502839
    24      2      2    -1275.23973725        0.05502839
    24      3      2    -1271.07404234        0.05502839
    24      4      2    -1264.60111423        0.05502839
    24      5      2    -1271.45820133        0.05502839
    24      6      2    -1271.51678724        0.05502839
    24      7      2    -1277.04171215        0.05502839
    24      8      2    -1264.85737773        0.05502839
    24      9      2    -1281.09117089        0.05502839
    24     10      2    -1268.63347177        0.05502839
    24     11      2    -1296.70459193        0.05502839
    24     12      2    -1239.53703207        0.05502839
    24     13      2    -1297.29935350        0.05502839
    24     14      2    -1267.76757895        0.05502839
    24     15      2    -1278.46919508        0.05502839
    24     16      2    -1272.59145900        0.05502839
    24     17      2    -1275.64986061        0.05502839
    24     18      2    -1276.88169954        0.05502839
    24     19      2    -1276.42756898        0.05502839
    24     20      2    -1273.89081838        0.05502839
    24     21      2    -1276.59535012        0.05502839
    24     22      2    -1269.65391448        0.05502839
    24     23      2    -1285.26924132        0.05502839
    24     24      2    -1261.27329744        0.05502839
    24     25      2    -1286.27664015        0.05502839
    24     26      2    -1279.00877481        0.05502839
    24     27      2    -1288.28857139        0.05502839
    24     28      2    -1265.41229563        0.05502839
    24     29      2    -1302.94668313        0.05502839
    24     30      2    -1265.55551059        0.05502839
    24     31      2    -1306.88022188        0.05502839
    24     32      2    -1282.90083764        0.05502839
    24     33      2    -1292.50317460        0.05502839
    24     34      2    -1293.20190008        0.05502839
    24     35      2    -1291.71264681        0.05502839
    24     36      2    -1301.73658484        0.05502839
    24     37      2    -1298.99530101        0.05502839
    24     38      2    -1298.61449422        0.05502839
    24     39      2    -1303.77184433        0.05502839
    24     40      2    -1310.42997447        0.05502839
    24     41      2    -1318.96148912        0.05502839
    24     42      2    -1308.49264390        0.05502839
    24     43      2    -1305.50462090        0.05502839
    24     44      2    -1305.02546096        0.05502839
    24     45      2    -1307.52905691        0.05502839
    24     46      2    -1301.49385244        0.05502839
    24     47      2    -1307.50323377        0.05502839
    24     48      2    -1287.09678116        0.05502839
    24     49      2    -1367.51732463        0.05502839
    24     50      2    -1273.16590809        0.05502839
    24     51      2    -1293.59656804        0.05502839
    24     52      2    -1277.59116605        0.05502839
    24     53      2    -1224.02453235        0.05502839
    24     54      2    -1224.02453235        0.05502839
    24     55      2    -1224.02453235        0.05502839
    24     56      2    -1224.02453235        0.05502839
    24     57      2    -1224.02453235        0.05502839
    24     58      2    -1224.02453235        0.05502839
    24     59      2    -1224.02453235        0.05502839
    24     60      2    -1224.02453235        0.05502839
    24     61      2    -1269.84565765        0.05502839
    24     62      2    -1264.45991063        0.05502839
    24     63      2    -1250.06909347        0.05502839
    24     64      2    -1264.14329369        0.05502839
    24     65      2    -1256.56308630        0.05502839
    24     66      2    -1253.78569820        0.05502839
    24     67      2    -1264.84914835        0.05502839
    24     68      2    -1253.63817661        0.05502839
    24     69      2    -1254.57248989        0.05502839
    24     70      2    -1254.68209140        0.05502839
    24     71      2    -1255.35328535        0.05502839
    24     72      2    -1245.76709557        0.05502839
    24     73      2    -1257.35873479        0.05502839
    24     74      2    -1243.08291608        0.05502839
    24     75      2    -1254.43924821        0.05502839
    24     76      2    -1246.21163231        0.05502839
    24     77      2    -1254.39031873        0.05502839
    24     78      2    -1249.77543717        0.05502839
    24     79      2    -1251.24174257        0.05502839
    24     80      2    -1246.95363875        0.05502839
    24     81      2    -1249.20582235        0.05502839
    24     82      2    -1244.30703317        0.05502839
    24     83      2    -1250.43255122        0.05502839
    24     84      2    -1245.56002760        0.05502839
    24     85      2    -1243.74678597        0.05502839
    24     86      2    -1240.55451326        0.05502839
    24     87      2    -1246.85647504        0.05502839
    24     88      2    -1234.82594444        0.05502839
    24     89      2    -1245.37588830        0.05502839
    24     90      2    -1237.20102278        0.05502839
    24     91      2    -1243.31481031        0.05502839
    24     92      2    -1234.59824577        0.05502839
    24     93      2    -1238.61073887        0.05502839
    24     94      2    -1233.41946480        0.05502839
    24     95      2    -1239.43923563        0.05502839
    24     96      2    -1233.39777785        0.05502839
    24     97      2    -1233.92295164        0.05502839
    24     98      2    -1230.89331481        0.05502839
    24     99      2    -1234.08720599        0.05502839
    24    100      2    -1232.36888146        0.05502839
    24    101      2    -1231.59858247        0.05502839
    24    102      2    -1227.39969721        0.05502839
    24    103      2    -1245.61632927        0.05502839
    24    104      2    -1244.28184635        0.05502839
    24    105      2    -1247.87552328        0.05502839
    24    106      2    -1242.23450657        0.05502839
    24    107      2    -1246.29499113        0.05502839
    24    108      2    -1238.26719767        0.05502839
    24    109      2    -1253.98146734        0.05502839
    24    110      2    -1252.56040493        0.05502839
    24    111      2    -1247.61247885        0.05502839
    24    112      2    -1243.34146872        0.05502839
    24    113      2    -1243.42758783        0.05502839
    24    114      2    -1241.80972294        0.05502839
    24    115      2    -1243.66072060        0.05502839
    24    116      2    -1250.03949699        0.05502839
    24    117      2    -1253.29785064        0.05502839
    24    118      2    -1254.42948042        0.05502839
    24    119      2    -1255.99919119        0.05502839
    24    120      2    -1254.23613603        0.05502839
    24    121      2    -1258.10396777        0.05502839
    24    122      2    -1260.11979675        0.05502839
    24    123      2    -1261.31669967        0.05502839
    24    124      2    -1262.44455589        0.05502839
    24    125      2    -1262.30240953        0.05502839
    24    126      2    -1264.25368046        0.05502839
    24    127      2    -1269.01483915        0.05502839
    24    128      2    -1271.29167384        0.05502839
    24    129      2    -1268.20287718        0.05502839
    24    130      2    -1272.29677028        0.05502839
    24    131      2    -1269.29700981        0.05502839
    24    132      2    -1275.30498125        0.05502839
    24    133      2    -1271.04995465        0.05502839
    24    134      2    -1275.86170033        0.05502839
    24    135      2    -1273.01520412        0.05502839
    24    136      2    -1275.95327121        0.05502839
    24    137      2    -1274.69624411        0.05502839
    24    138      2    -1273.63621945        0.05502839
    24    139      2    -1270.09066968        0.05502839
    24    140      2    -1259.32660099        0.05502839
    24    141      2    -1255.68938947        0.05502839
    24    142      2    -1260.67648936        0.05502839
    24    143      2    -1260.17668502        0.05502839
    24    144      2    -1249.90113894        0.05502839
    24    145      2    -1224.02453235        0.05502839
    24    146      2    -1224.02453235        0.05502839
    24    147      2    -1224.02453235        0.05502839
    24    148      2    -1224.02453235        0.05502839
    24    149      2    -1224.02453235        0.05502839
    24    150      2    -1224.02453235        0.05502839
    24    151      2    -1224.02453235        0.05502839
    24    152      2    -1224.02453235        0.05502839
    24    153      2    -1265.80242248        0.05502839
    24    154      2    -1273.67321583        0.05502839
    24    155      2    -1268.81831809        0.05502839
    24    156      2    -1271.90837471        0.05502839
    24    157      2    -1277.19260929        0.05502839
    24    158      2    -1274.29051647        0.05502839
    24    159      2    -1279.68146807        0.05502839
    24    160      2    -1279.54700618        0.05502839
    24    161      2    -1279.03939596        0.05502839
    24    162      2    -1287.18691721        0.05502839
    24    163      2    -1279.46709111        0.05502839
    24    164      2    -1286.83953607        0.05502839
    24    165      2    -1285.78524170        0.05502839
    24    166      2    -1292.19298663        0.05502839
    24    167      2    -1286.27124768        0.05502839
    24    168      2    -1289.71697524        0.05502839
    24    169      2    -1287.89878938        0.05502839
    24    170      2    -1288.19153691        0.05502839
    24    171      2    -1287.51700866        0.05502839
    24    172      2    -1291.05757662        0.05502839
    24    173      2    -1284.34635161        0.05502839
    24    174      2    -1293.61080599        0.05502839
    24    175      2    -1284.98818128        0.05502839
    24    176      2    -1287.00333365        0.05502839
    24    177      2    -1290.74402522        0.05502839
    24    178      2    -1287.50668621        0.05502839
    24    179      2    -1284.76355308        0.05502839
    24    180      2    -1289.32998118        0.05502839
    24    181      2    -1279.87518396        0.05502839
    24    182      2    -1289.90891427        0.05502839
    24    183      2    -1278.81629590        0.05502839
    24    184      2    -1281.84869659        0.05502839
    24    185      2    -1286.78180946        0.05502839
    24    186      2    -1280.00008094        0.05502839
    24    187      2    -1276.75765967        0.05502839
    24    188      2    -1282.05780997        0.05502839
    24    189      2    -1282.64095923        0.05502839
    24    190      2    -1275.45434826        0.05502839
    24    191      2    -1286.47471378        0.05502839
    24    192      2    -1274.72553013        0.05502839
    24    193      2    -1282.87927634        0.05502839
    24    194      2    -1280.87401000        0.05502839
    24    195      2    -1266.57192940        0.05502839
    24    196      2    -1287.98850443        0.05502839
    24    197      2    -1270.81615556        0.05502839
    24    198      2    -1278.04370691        0.05502839
    24    199      2    -1261.36000804        0.05502839
    24    200      2    -1283.16365053        0.05502839
    24    201      2    -1236.39691262        0.05502839
    24    202      2    -1269.23609904        0.05502839
    24    203      2    -1241.52077410        0.05502839
    24    204      2    -1220.96710452        0.05502839
    24    205      2    -1211.46854808        0.05502839
    25      0      2    -1224.21318458        0.05503575
    25      1      2    -1222.92986274        0.05503575
    25      2      2    -1243.47241470        0.05503575
    25      3      2    -1233.41320568        0.05503575
    25      4      2    -1244.25993990        0.05503575
    25      5      2    -1244.35600588        0.05503575
    25      6      2    -1238.78626667        0.05503575
    25      7      2    -1239.02600657        0.05503575
    25      8      2    -1253.00160874        0.05503575
    25      9      2    -1223.38812784        0.05503575
    25     10      2    -1247.82450501        0.05503575
    25     11      2    -1238.20185119        0.05503575
    25     12      2    -1250.22519962        0.05503575
    25     13      2    -1244.60128707        0.05503575
    25     14      2    -1245.41403933        0.05503575
    25     15      2    -1242.39681174        0.05503575
    25     16      2    -1243.34845023        0.05503575
    25     17      2    -1249.75999858        0.05503575
    25     18      2    -1234.22168215        0.05503575
    25     19      2    -1238.93103914        0.05503575
    25     20      2    -1247.04910429        0.05503575
    25     21      2    -1253.03127631        0.05503575
    25     22      2    -1247.73686272        0.05503575
    25     23      2    -1254.87901563        0.05503575
    25     24      2    -1252.76684516        0.05503575
    25     25      2    -1264.63779646        0.05503575
    25     26      2    -1255.07410292        0.05503575
    25     27      2    -1254.46430798        0.05503575
    25     28      2    -1263.03229136        0.05503575
    25     29      2    -1248.98322834        0.05503575
    25     30      2    -1275.74673307        0.05503575
    25     31      2    -1253.39439463        0.05503575
    25     32      2    -1265.47600576        0.05503575
    25     33      2    -1251.63686864        0.05503575
    25     34      2    -1271.59284262        0.05503575
    25     35      2    -1269.63573682        0.05503575
    25     36      2    -1344.51876062        0.05503575
    25     37      2    -1247.88390465        0.05503575
    25     38      2    -1273.84372353        0.05503575
    25     39      2    -1332.93321830        0.05503575
    25     40      2    -1257.58730666        0.05503575
    25     41      2    -1259.11705849        0.05503575
    25     42      2    -1270.30601067        0.05503575
    25     43      2    -1336.74090857        0.05503575
    25     44      2    -1260.30667164        0.05503575
    25     45      2    -1250.71435332        0.05503575
    25     46      2    -1358.29195362        0.05503575
    25     47      2    -1247.35896785        0.05503575
    25     48      2    -1224.21318458        0.05503575
    25     49      2    -1224.21318458        0.05503575
    25     50      2    -1224.21318458        0.05503575
    25     51      2    -1224.21318458        0.05503575
    25     52      2    -1224.21318458        0.05503575
    25     53      2    -1224.21318458        0.05503575
    25     54      2    -1224.21318458        0.05503575
    25     55      2    -1264.21251215        0.05503575
    25     56      2    -1251.31570549        0.05503575
    25     57      2    -1233.02709768        0.05503575
    25     58      2    -1253.75297664        0.05503575
    25     59      2    -1237.86729712        0.05503575
    25     60      2    -1237.77234199        0.05503575
    25     61      2    -1230.04075770        0.05503575
    25     62      2    -1252.60921275        0.05503575
    25     63      2    -1245.03124179        0.05503575
    25     64      2    -1246.49526150        0.05503575
    25     65      2    -1245.16932794        0.05503575
    25     66      2    -1250.59604078        0.05503575
    25     67      2    -1237.33081658        0.05503575
    25     68      2    -1259.83021172        0.05503575
    25     69      2    -1235.51262674        0.05503575
    25     70      2    -1252.04440235        0.05503575
    25     71      2    -1242.94316600        0.05503575
    25     72      2    -1244.35648629        0.05503575
    25     73      2    -1242.17510151        0.05503575
    25     74      2    -1251.95175601        0.05503575
    25     75      2    -1245.41352323        0.05503575
    25     76      2    -1249.71971079        0.05503575
    25     77      2    -1239.50818454        0.05503575
    25     78      2    -1250.31803801        0.05503575
    25     79      2    -1234.61122642        0.05503575
    25     80      2    -1248.60371840        0.05503575
    25     81      2    -1236.56382983        0.05503575
    25     82      2    -1245.16845922        0.05503575
    25     83      2    -1235.64436514        0.05503575
    25     84      2    -1243.72179110        0.05503575
    25     85      2    -1231.01119700        0.05503575
    25     86      2    -1242.89694299        0.05503575
    25     87      2    -1232.98392040        0.05503575
    25     88      2    -1236.19077613        0.05503575
    25     89      2    -1230.23251768        0.05503575
    25     90      2    -1235.43911222        0.05503575
    25     91      2    -1225.19599709        0.05503575
    25     92      2    -1230.77072908        0.05503575
    25     93      2    -1226.81887340        0.05503575
    25     94      2    -1234.79095395        0.05503575
    25     95      2    -1225.10676940        0.05503575
    25     96      2    -1224.33253901        0.05503575
    25     97      2    -1228.22261051        0.05503575
    25     98      2    -1238.46895274        0.05503575
    25     99      2    -1231.36293253        0.05503575
    25    100      2    -1232.75090838        0.05503575
    25    101      2    -1237.95091096        0.05503575
    25    102      2    -1236.47145058        0.05503575
    25    103      2    -1240.07409683        0.05503575
    25    104      2    -1233.44396653        0.05503575
    25    105      2    -1235.75678854        0.05503575
    25    106      2    -1230.83999589        0.05503575
    25    107      2    -1236.57095131        0.05503575
    25    108      2    -1235.15339911        0.05503575
    25    109      2    -1232.81506287        0.05503575
    25    110      2    -1228.78472458        0.05503575
    25    111      2    -1233.69939424        0.05503575
    25    112      2    -1229.27304719        0.05503575
    25    113      2    -1234.80593766        0.05503575
    25    114      2    -1234.96845174        0.05503575
    25    115      2    -1237.81569837        0.05503575
    25    116      2    -1240.87017065        0.05503575
    25    117      2    -1242.64368468        0.05503575
    25    118      2    -1239.82264956        0.05503575
    25    119      2    -1247.36919619        0.05503575
    25    120      2    -1247.33466297        0.05503575
    25    121      2    -1249.35711186        0.05503575
    25    122      2    -1244.72681240        0.05503575
    25    123      2    -1251.35747667        0.05503575
    25    124      2    -1249.40817944        0.05503575
    25    125      2    -1255.47442567        0.05503575
    25    126      2    -1256.54449975        0.05503575
    25    127      2    -1253.44817713        0.05503575
    25    128      2    -1255.33267411        0.05503575
    25    129      2    -1259.05552642        0.05503575
    25    130      2    -1253.29743261        0.05503575
    25    131      2    -1258.27536380        0.05503575
    25    132      2    -1259.54058121        0.05503575
    25    133      2    -1258.95066279        0.05503575
    25    134      2    -1259.98605811        0.05503575
    25    135      2    -1260.66562165        0.05503575
    25    136      2    -1259.15570655        0.05503575
    25    137      2    -1260.53862390        0.05503575
    25    138      2    -1262.45066551        0.05503575
    25    139      2    -1260.81207369        0.05503575
    25    140      2    -1257.00462306        0.05503575
    25    141      2    -1258.65999332        0.05503575
    25    142      2    -1260.24486848        0.05503575
    25    143      2    -1261.10867836        0.05503575
    25    144      2    -1261.77877577        0.05503575
    25    145      2    -1258.07491427        0.05503575
    25    146      2    -1270.89520384        0.05503575
    25    147      2    -1224.21318458        0.05503575
    25    148      2    -1224.21318458        0.05503575
    25    149      2    -1224.21318458        0.05503575
    25    150      2    -1224.21318458        0.05503575
    25    151      2    -1224.21318458        0.05503575
    25    152      2    -1224.21318458        0.05503575
    25    153      2    -1224.21318458        0.05503575
    25    154      2    -1267.45365367        0.05503575
    25    155      2    -1273.71245088        0.05503575
    25    156      2    -1268.73356481        0.05503575
    25    157      2    -1276.88788603        0.05503575
    25    158      2    -1275.96980567        0.05503575
    25    159      2    -1273.06735068        0.05503575
    25    160      2    -1277.54554372        0.05503575
    25    161      2    -1278.06504994        0.05503575
    25    162      2    -1274.33560912        0.05503575
    25    163      2    -1280.64483216        0.05503575
    25    164      2    -1279.78512975        0.05503575
    25    165      2    -1278.29106334        0.05503575
    25    166      2    -1283.79684226        0.05503575
    25    167      2    -1284.81831286        0.05503575
    25    168      2    -1277.91933994        0.05503575
    25    169      2    -1279.29817377        0.05503575
    25    170      2    -1281.67519757        0.05503575
    25    171      2    -1274.10201894        0.05503575
    25    172      2    -1285.31554222        0.05503575
    25    173      2    -1276.55603142        0.05503575
    25    174      2    -1285.10540876        0.05503575
    25    175      2    -1274.61866223        0.05503575
    25    176      2    -1287.77564202        0.05503575
    25    177      2    -1281.35813470        0.05503575
    25    178      2    -1289.02611978        0.05503575
    25    179      2    -1282.78760841        0.05503575
    25    180      2    -1287.89348265        0.05503575
    25    181      2    -1279.25972183        0.05503575
    25    182      2    -1292.34471003        0.05503575
    25    183      2    -1286.13393187        0.05503575
    25    184      2    -1287.13398654        0.05503575
    25    185      2    -1298.59583164        0.05503575
    25    186      2    -1284.25433069        0.05503575
    25    187      2    -1292.00389882        0.05503575
    25    188      2    -1293.49671890        0.05503575
    25    189      2    -1282.87953175        0.05503575
    25    190      2    -1312.31299612        0.05503575
    25    191      2    -1285.09922208        0.05503575
    25    192      2    -1301.87538535        0.05503575
    25    193      2    -1296.04645555        0.05503575
    25    194      2    -1310.03919805        0.05503575
    25    195      2    -1292.18147894        0.05503575
    25    196      2    -1302.09018010        0.05503575
    25    197      2    -1304.14440895        0.05503575
    25    198      2    -1302.53465183        0.05503575
    25    199      2    -1284.51754639        0.05503575
    25    200      2    -1287.22744873        0.05503575
    25    201      2    -1287.74890003        0.05503575
    26      0      2    -1163.92538386        0.05504441
    26      1      2    -1187.89949597        0.05504441
    26      2      2    -1172.55631266        0.05504441
    26      3      2    -1188.70357094        0.05504441
    26      4      2    -1175.91176492        0.05504441
    26      5      2    -1147.08271326        0.05504441
    26      6      2    -1170.74642361        0.05504441
    26      7      2    -1189.55455152        0.05504441
    26      8      2    -1183.22076094        0.05504441
    26      9      2    -1183.15823060        0.05504441
    26     10      2    -1184.72717154        0.05504441
    26     11      2    -1173.53456349        0.05504441
    26     12      2    -1194.02501362        0.05504441
    26     13      2    -1176.84094825        0.05504441
    26     14      2    -1167.71135556        0.05504441
    26     15      2    -1202.15399525        0.05504441
    26     16      2    -1178.23915529        0.05504441
    26     17      2    -1197.95962937        0.05504441
    26     18      2    -1199.55066847        0.05504441
    26     19      2    -1192.59617669        0.05504441
    26     20      2    -1213.82819183        0.05504441
    26     21      2    -1188.73328915        0.05504441
    26     22      2    -1188.45876338        0.05504441
    26     23      2    -1219.98400963        0.05504441
    26     24      2    -1176.38983197        0.05504441
    26     25      2    -1230.21714840        0.05504441
    26     26      2    -1196.18330491        0.05504441
    26     27      2    -1207.20503432        0.05504441
    26     28      2    -1149.95085890        0.05504441
    26     29      2    -1209.78487634        0.05504441
    26     30      2    -1226.98860823        0.05504441
    26     31      2    -1232.89979735        0.05504441
    26     32      2    -1238.97820746        0.05504441
    26     33      2    -1238.52471653        0.05504441
    26     34      2    -1245.33988951        0.05504441
    26     35      2    -1227.17863870        0.05504441
    26     36      2    -1241.18707800        0.05504441
    26     37      2    -1231.56340348        0.05504441
    26     38      2    -1249.57331461        0.05504441
    26     39      2    -1237.90178916        0.05504441
    26     40      2    -1253.27431866        0.05504441
    26     41      2    -1232.37537326        0.05504441
    26     42      2    -1231.10714580        0.05504441
    26     43      2    -1225.10016177        0.05504441
    26     44      2    -1225.10016177        0.05504441
    26     45      2    -1225.10016177        0.05504441
    26     46      2    -1225.10016177        0.05504441
    26     47      2    -1225.10016177        0.05504441
    26     48      2    -1225.10016177        0.05504441
    26     49      2    -1225.10016177        0.05504441
    26     50      2    -1225.10016177        0.05504441
    26     51      2    -1228.36222357        0.05504441
    26     52      2    -1216.22771261        0.05504441
    26     53      2    -1234.96527830        0.05504441
    26     54      2    -1222.78732567        0.05504441
    26     55      2    -1224.24220563        0.05504441
    26     56      2    -1229.90534396        0.05504441
    26     57      2    -1217.49420103        0.05504441
    26     58      2    -1240.31406758        0.05504441
    26     59      2    -1214.55553751        0.05504441
    26     60      2    -1228.90592961        0.05504441
    26     61      2    -1226.23973520        0.05504441
    26     62      2    -1218.37417519        0.05504441
    26     63      2    -1228.81885101        0.05504441
    26     64      2    -1215.42493458        0.05504441
    26     65      2    -1227.31260757        0.05504441
    26     66      2    -1217.40079232        0.05504441
    26     67      2    -1224.06722795        0.05504441
    26     68      2    -1214.23337802        0.05504441
    26     69      2    -1219.34728617        0.05504441
    26     70      2    -1219.64799742        0.05504441
    26     71      2    -1218.19318497        0.05504441
    26     72      2    -1216.49022886        0.05504441
    26     73      2    -1221.13816452        0.05504441
    26     74      2    -1221.21408284        0.05504441
    26     75      2    -1267.49860626        0.05504441
    26     76      2    -1220.15739656        0.05504441
    26     77      2    -1220.46445067        0.05504441
    26     78      2    -1223.20398939        0.05504441
    26     79      2    -1200.62116687        0.05504441
    26     80      2    -1215.14897096        0.05504441
    26     81      2    -1215.28390374        0.05504441
    26     82      2    -1216.77403145        0.05504441
    26     83      2    -1209.91605588        0.05504441
    26     84      2    -1211.15865966        0.05504441
    26     85      2    -1208.57741219        0.05504441
    26     86      2    -1210.72629128        0.05504441
    26     87      2    -1212.26686557        0.05504441
    26     88      2    -1209.19607599        0.05504441
    26     89      2    -1207.29137983        0.05504441
    26     90      2    -1210.51064805        0.05504441
    26     91      2    -1208.36001657        0.05504441
    26     92      2    -1210.86517594        0.05504441
    26     93      2    -1202.49811126        0.05504441
    26     94      2    -1206.70852038        0.05504441
    26     95      2    -1211.49946848        0.05504441
    26     96      2    -1208.16665730        0.05504441
    26     97      2    -1201.60912491        0.05504441
    26     98      2    -1205.45812463        0.05504441
    26     99      2    -1201.09003040        0.05504441
    26    100      2    -1212.42775264        0.05504441
    26    101      2    -1205.53513451        0.05504441
    26    102      2    -1203.57534451        0.05504441
    26    103      2    -1201.72411083        0.05504441
    26    104      2    -1204.25520751        0.05504441
    26    105      2    -1212.43765682        0.05504441
    26    106      2    -1211.43997647        0.05504441
    26    107      2    -1207.74097687        0.05504441
    26    108      2    -1209.96725930        0.05504441
    26    109      2    -1204.66864675        0.05504441
    26    110      2    -1208.21505044        0.05504441
    26    111      2    -1204.50031467        0.05504441
    26    112      2    -1211.81354373        0.05504441
    26    113      2    -1211.81809337        0.05504441
    26    114      2    -1214.45835281        0.05504441
    26    115      2    -1213.97375130        0.05504441
    26    116      2    -1214.44802231        0.05504441
    26    117      2    -1210.24295336        0.05504441
    26    118      2    -1214.50314535        0.05504441
    26    119      2    -1215.51185632        0.05504441
    26    120      2    -1218.21703925        0.05504441
    26    121      2    -1215.65292241        0.05504441
    26    122      2    -1215.56046284        0.05504441
    26    123      2    -1214.23494357        0.05504441
    26    124      2    -1220.06953698        0.05504441
    26    125      2    -1217.92946135        0.05504441
    26    126      2    -1215.65375896        0.05504441
    26    127      2    -1211.99819972        0.05504441
    26    128      2    -1212.00406866        0.05504441
    26    129      2    -1211.87983552        0.05504441
    26    130      2    -1215.79933535        0.05504441
    26    131      2    -1216.32314735        0.05504441
    26    132      2    -1219.93182023        0.05504441
    26    133      2    -1213.61909271        0.05504441
    26    134      2    -1220.64620938        0.05504441
    26    135      2    -1221.49122757        0.05504441
    26    136      2    -1220.36947606        0.05504441
    26    137      2    -1223.90462243        0.05504441
    26    138      2    -1222.05371502        0.05504441
    26    139      2    -1223.88707504        0.05504441
    26    140      2    -1226.84263523        0.05504441
    26    141      2    -1230.07007652        0.05504441
    26    142      2    -1225.13255986        0.05504441
    26    143      2    -1227.63501161        0.05504441
    26    144      2    -1228.49445226        0.05504441
    26    145      2    -1226.93978243        0.05504441
    26    146      2    -1224.55430525        0.05504441
    26    147      2    -1221.56275655        0.05504441
    26    148      2    -1218.99257753        0.05504441
    26    149      2    -1219.37150191        0.05504441
    26    150      2    -1225.10016177        0.05504441
    26    151      2    -1225.10016177        0.05504441
    26    152      2    -1225.10016177        0.05504441
    26    153      2    -1225.10016177        0.05504441
    26    154      2    -1225.10016177        0.05504441
    26    155      2    -1225.10016177        0.05504441
    26    156      2    -1225.10016177        0.05504441
    26    157      2    -1220.10572581        0.05504441
    26    158      2    -1218.54603974        0.05504441
    26    159      2    -1222.91854816        0.05504441
    26    160      2    -1217.50065918        0.05504441
    26    161      2    -1220.86873321        0.05504441
    26    162      2    -1225.89151127        0.05504441
    26    163      2    -1217.00036413        0.05504441
    26    164      2    -1227.52510242        0.05504441
    26    165      2    -1216.61506661        0.05504441
    26    166      2    -1224.15029126        0.05504441
    26    167      2    -1219.80382041        0.05504441
    26    168      2    -1226.62832492        0.05504441
    26    169      2    -1218.50343231        0.05504441
    26    170      2    -1223.96090840        0.05504441
    26    171      2    -1225.87317945        0.05504441
    26    172      2    -1206.62011440        0.05504441
    26    173      2    -1226.94369417        0.05504441
    26    174      2    -1215.75567257        0.05504441
    26    175      2    -1226.86880616        0.05504441
    26    176      2    -1219.26205032        0.05504441
    26    177      2    -1226.54203778        0.05504441
    26    178      2    -1227.33381358        0.05504441
    26    179      2    -1229.73181227        0.05504441
    26    180      2    -1235.43063624        0.05504441
    26    181      2    -1230.61480176        0.05504441
    26    182      2    -1233.15680299        0.05504441
    26    183      2    -1243.14527792        0.05504441
    26    184      2    -1238.64161707        0.05504441
    26    185      2    -1246.83486400        0.05504441
    26    186      2    -1244.43896078        0.05504441
    26    187      2    -1242.99084538        0.05504441
    26    188      2    -1262.75230949        0.05504441
    26    189      2    -1245.44788185        0.05504441
    26    190      2    -1264.25886275        0.05504441
    26    191      2    -1259.75772444        0.05504441
    26    192      2    -1263.52289817        0.05504441
    26    193      2    -1273.03494193        0.05504441
    26    194      2    -1252.20362818        0.05504441
    26    195      2    -1283.10545233        0.05504441
    26    196      2    -1265.79629477        0.05504441
    26    197      2    -1270.90035308        0.05504441
    26    198      2    -1260.30952432        0.05504441
    26    199      2    -1264.82839530        0.05504441
    27      0      2    -1031.58320993        0.05508860
    27      1      2    -1110.86155703        0.05508860
    27      2      2    -1065.08816152        0.05508860
    27      3      2    -1078.45813483        0.05508860
    27      4      2    -1072.22353738        0.05508860
    27      5      2    -1106.29290373        0.05508860
    27      6      2    -1059.75580613        0.05508860
    27      7      2    -1084.46054183        0.05508860
    27      8      2    -1042.89515348        0.05508860
    27      9      2    -1103.94331310        0.05508860
    27     10      2    -1116.78203611        0.05508860
    27     11      2    -1090.53281101        0.05508860
    27     12      2    -1135.03091839        0.05508860
    27     13      2    -1112.35004139        0.05508860
    27     14      2    -1118.16378536        0.05508860
    27     15      2    -1094.87420865        0.05508860
    27     16      2    -1103.52043022        0.05508860
    27     17      2    -1127.32335913        0.05508860
    27     18      2    -1123.44375673        0.05508860
    27     19      2    -1121.71131399        0.05508860
    27     20      2    -1123.63433225        0.05508860
    27     21      2    -1139.47893964        0.05508860
    27     22      2    -1437.49625484        0.05508860
    27     23      2    -1104.18282659        0.05508860
    27     24      2    -1118.25022074        0.05508860
    27     25      2    -1167.26205131        0.05508860
    27     26      2    -1158.83680980        0.05508860
    27     27      2    -1148.95487733        0.05508860
    27     28      2    -1192.89671904        0.05508860
    27     29      2    -1146.12579573        0.05508860
    27     30      2    -1222.20336133        0.05508860
    27     31      2    -1159.89103237        0.05508860
    27     32      2    -1177.94481838        0.05508860
    27     33      2    -1201.33688630        0.05508860
    27     34      2    -1175.62893250        0.05508860
    27     35      2    -1201.33998223        0.05508860
    27     36      2    -1170.72042686        0.05508860
    27     37      2    -1226.08650092        0.05508860
    27     38      2    -1226.08650092        0.05508860
    27     39      2    -1226.08650092        0.05508860
    27     40      2    -1226.08650092        0.05508860
    27     41      2    -1226.08650092        0.05508860
    27     42      2    -1226.08650092        0.05508860
    27     43      2    -1226.08650092        0.05508860
    27     44      2    -1226.08650092        0.05508860
    27     45      2    -1226.08650092        0.05508860
    27     46      2    -1203.20849128        0.05508860
    27     47      2    -1201.75878704        0.05508860
    27     48      2    -1203.94531063        0.05508860
    27     49      2    -1196.93256749        0.05508860
    27     50      2    -1216.96856116        0.05508860
    27     51      2    -1193.34653014        0.05508860
    27     52      2    -1214.24988395        0.05508860
    27     53      2    -1206.95452265        0.05508860
    27     54      2    -1208.09105780        0.05508860
    27     55      2    -1218.85392373        0.05508860
    27     56      2    -1200.68156948        0.05508860
    27     57      2    -1223.56613931        0.05508860
    27     58      2    -1207.96277087        0.05508860
    27     59      2    -1209.42601486        0.05508860
    27     60      2    -1225.26032991        0.05508860
    27     61      2    -1209.51543184        0.05508860
    27     62      2    -1227.77492678        0.05508860
    27     63      2    -1210.50947794        0.05508860
    27     64      2    -1217.30758535        0.05508860
    27     65      2    -1213.06744152        0.05508860
    27     66      2    -1213.03842040        0.05508860
    27     67      2    -1217.43571372        0.05508860
    27     68      2    -1213.36086303        0.05508860
    27     69      2    -1216.65373205        0.05508860
    27     70      2    -1206.74823481        0.05508860
    27     71      2    -1217.14161111        0.05508860
    27     72      2    -1206.10947153        0.05508860
    27     73      2    -1216.25717169        0.05508860
    27     74      2    -1204.60155164        0.05508860
    27     75      2    -1215.95108776        0.05508860
    27     76      2    -1201.64973049        0.05508860
    27     77      2    -1209.89567278        0.05508860
    27     78      2    -1200.78225545        0.05508860
    27     79      2    -1208.73173925        0.05508860
    27     80      2    -1199.92762430        0.05508860
    27     81      2    -1206.02579320        0.05508860
    27     82      2    -1199.85076205        0.05508860
    27     83      2    -1204.38605356        0.05508860
    27     84      2    -1197.20779033        0.05508860
    27     85      2    -1199.07934848        0.05508860
    27     86      2    -1195.29031496        0.05508860
    27     87      2    -1201.53969223        0.05508860
    27     88      2    -1198.27211998        0.05508860
    27     89      2    -1199.06783943        0.05508860
    27     90      2    -1195.62975129        0.05508860
    27     91      2    -1200.88174948        0.05508860
    27     92      2    -1195.44963608        0.05508860
    27     93      2    -1201.00609322        0.05508860
    27     94      2    -1202.73046970        0.05508860
    27     95      2    -1202.34497908        0.05508860
    27     96      2    -1188.73722925        0.05508860
    27     97      2    -1192.13363720        0.05508860
    27     98      2    -1205.03748198        0.05508860
    27     99      2    -1192.00757337        0.05508860
    27    100      2    -1207.59002122        0.05508860
    27    101      2    -1196.98148233        0.05508860
    27    102      2    -1205.39818047        0.05508860
    27    103      2    -1194.59076044        0.05508860
    27    104      2    -1208.04871946        0.05508860
    27    105      2    -1196.55361577        0.05508860
    27    106      2    -1204.13980128        0.05508860
    27    107      2    -1194.63221694        0.05508860
    27    108      2    -1205.04356299        0.05508860
    27    109      2    -1194.08129818        0.05508860
    27    110      2    -1206.19123288        0.05508860
    27    111      2    -1200.00541414        0.05508860
    27    112      2    -1209.91604062        0.05508860
    27    113      2    -1202.39879135        0.05508860
    27    114      2    -1211.06959495        0.05508860
    27    115      2    -1204.55427623        0.05508860
    27    116      2    -1212.53873396        0.05508860
    27    117      2    -1214.90162001        0.05508860
    27    118      2    -1210.07869417        0.05508860
    27    119      2    -1211.61054497        0.05508860
    27    120      2    -1215.85488119        0.05508860
    27    121      2    -1211.38908051        0.05508860
    27    122      2    -1217.63645630        0.05508860
    27    123      2    -1215.00540152        0.05508860
    27    124      2    -1218.42315520        0.05508860
    27    125      2    -1215.99034422        0.05508860
    27    126      2    -1213.87172415        0.05508860
    27    127      2    -1210.48953630        0.05508860
    27    128      2    -1211.92231856        0.05508860
    27    129      2    -1208.42731348        0.05508860
    27    130      2    -1209.27513471        0.05508860
    27    131      2    -1205.71977381        0.05508860
    27    132      2    -1209.41798223        0.05508860
    27    133      2    -1207.17379507        0.05508860
    27    134      2    -1213.87536383        0.05508860
    27    135      2    -1201.60092445        0.05508860
    27    136      2    -1210.66839765        0.05508860
    27    137      2    -1208.55043322        0.05508860
    27    138      2    -1214.93838228        0.05508860
    27    139      2    -1207.38032874        0.05508860
    27    140      2    -1214.85794314        0.05508860
    27    141      2    -1210.63750421        0.05508860
    27    142      2    -1213.22445255        0.05508860
    27    143      2    -1209.57790168        0.05508860
    27    144      2    -1210.49482578        0.05508860
    27    145      2    -1206.47807522        0.05508860
    27    146      2    -1213.13723254        0.05508860
    27    147      2    -1205.80997414        0.05508860
    27    148      2    -1205.70974082        0.05508860
    27    149      2    -1196.16711987        0.05508860
    27    150      2    -1226.08650092        0.05508860
    27    151      2    -1226.08650092        0.05508860
    27    152      2    -1226.08650092        0.05508860
    27    153      2    -1226.08650092        0.05508860
    27    154      2    -1226.08650092        0.05508860
    27    155      2    -1226.08650092        0.05508860
    27    156      2    -1226.08650092        0.05508860
    27    157      2    -1226.08650092        0.05508860
    27    158      2    -1226.08650092        0.05508860
    27    159      2    -1174.38141989        0.05508860
    27    160      2    -1188.88927821        0.05508860
    27    161      2    -1173.64937988        0.05508860
    27    162      2    -1177.97940612        0.05508860
    27    163      2    -1173.77854448        0.05508860
    27    164      2    -1175.97700281        0.05508860
    27    165      2    -1171.11085946        0.05508860
    27    166      2    -1163.81558330        0.05508860
    27    167      2    -1170.97801285        0.05508860
    27    168      2    -1177.93389366        0.05508860
    27    169      2    -1163.83534034        0.05508860
    27    170      2    -1175.00073171        0.05508860
    27    171      2    -1152.43350888        0.05508860
    27    172      2    -1164.24262649        0.05508860
    27    173      2    -1169.23689132        0.05508860
    27    174      2    -1174.20218400        0.05508860
    27    175      2    -1172.89170870        0.05508860
    27    176      2    -1191.72096839        0.05508860
    27    177      2    -1178.67396041        0.05508860
    27    178      2    -1201.66934626        0.05508860
    27    179      2    -1197.90182129        0.05508860
    27    180      2    -1211.46945249        0.05508860
    27    181      2    -1205.92303696        0.05508860
    27    182      2    -1229.72966956        0.05508860
    27    183      2    -1212.68824867        0.05508860
    27    184      2    -1241.14753256        0.05508860
    27    185      2    -1235.89278275        0.05508860
    27    186      2    -1244.56978386        0.05508860
    27    187      2    -1234.22413562        0.05508860
    27    188      2    -1262.19051785        0.05508860
    27    189      2    -1259.18842665        0.05508860
    27    190      2    -1247.60298601        0.05508860
    27    191      2    -1275.75151387        0.05508860
    27    192      2    -1273.31502667        0.05508860
    27    193      2    -1262.34074609        0.05508860
    27    194      2    -1275.92736635        0.05508860
    27    195      2    -1264.28581179        0.05508860
    28      0      2     -913.50777071        0.05496747
    28      1      2    -1012.28785635        0.05496747
    28      2      2    -1013.83484043        0.05496747
    28      3      2     -909.80502322        0.05496747
    28      4      2     -884.26784850        0.05496747
    28      5      2     -929.07442444        0.05496747
    28      6      2     -986.14677138        0.05496747
    28      7      2     -924.66547526        0.05496747
    28      8      2     -940.92937872        0.05496747
    28      9      2     -992.80494019        0.05496747
    28     10      2     -986.45753745        0.05496747
    28     11      2     -954.26610839        0.05496747
    28     12      2     -936.40335389        0.05496747
    28     13      2    -1008.36367219        0.05496747
    28     14      2     -942.44327464        0.05496747
    28     15      2    -1029.22540118        0.05496747
    28     16      2     -962.72648857        0.05496747
    28     17      2    -1042.28026045        0.05496747
    28     18      2    -1038.83358876        0.05496747
    28     19      2     -997.41645920        0.05496747
    28     20      2    -1062.40266593        0.05496747
    28     21      2    -1103.82176283        0.05496747
    28     22      2    -1070.80596139        0.05496747
    28     23      2    -1071.84891789        0.05496747
    28     24      2    -1227.25152783        0.05496747
    28     25      2    -1227.25152783        0.05496747
    28     26      2    -1227.25152783        0.05496747
    28     27      2    -1227.25152783        0.05496747
    28     28      2    -1227.25152783        0.05496747
    28     29      2    -1227.25152783        0.05496747
    28     30      2    -1227.25152783        0.05496747
    28     31      2    -1227.25152783        0.05496747
    28     32      2    -1227.25152783        0.05496747
    28     33      2    -1175.69935596        0.05496747
    28     34      2    -1191.72447181        0.05496747
    28     35      2    -1191.65296121        0.05496747
    28     36      2    -1193.74904307        0.05496747
    28     37      2    -1202.09374784        0.05496747
    28     38      2    -1219.24554036        0.05496747
    28     39      2    -1212.86398415        0.05496747
    28     40      2    -1210.86629291        0.05496747
    28     41      2    -1233.32788705        0.05496747
    28     42      2    -1218.65049384        0.05496747
    28     43      2    -1238.55621717        0.05496747
    28     44      2    -1231.05835961        0.05496747
    28     45      2    -1241.53200138        0.05496747
    28     46      2    -1241.83376393        0.05496747
    28     47      2    -1242.70528012        0.05496747
    28     48      2    -1246.36630522        0.05496747
    28     49      2    -1252.96748797        0.05496747
    28     50      2    -1247.56024860        0.05496747
    28     51      2    -1254.29730825        0.05496747
    28     52      2    -1250.07950119        0.05496747
    28     53      2    -1251.63197204        0.05496747
    28     54      2    -1243.07156873        0.05496747
    28     55      2    -1256.33518627        0.05496747
    28     56      2    -1245.22588981        0.05496747
    28     57      2    -1253.32704921        0.05496747
    28     58      2    -1249.67271224        0.05496747
    28     59      2    -1250.75988569        0.05496747
    28     60      2    -1243.46128499        0.05496747
    28     61      2    -1251.70017812        0.05496747
    28     62      2    -1244.08611486        0.05496747
    28     63      2    -1242.38760492        0.05496747
    28     64      2    -1243.01336979        0.05496747
    28     65      2    -1242.69166215        0.05496747
    28     66      2    -1242.97656545        0.05496747
    28     67      2    -1242.37967774        0.05496747
    28     68      2    -1238.19616709        0.05496747
    28     69      2    -1236.50675171        0.05496747
    28     70      2    -1238.97510991        0.05496747
    28     71      2    -1235.96688292        0.05496747
    28     72      2    -1232.00388980        0.05496747
    28     73      2    -1239.57636890        0.05496747
    28     74      2    -1229.03609092        0.05496747
    28     75      2    -1240.82832137        0.05496747
    28     76      2    -1225.60619031        0.05496747
    28     77      2    -1239.92009205        0.05496747
    28     78      2    -1222.79904209        0.05496747
    28     79      2    -1240.07669976        0.05496747
    28     80      2    -1224.29210764        0.05496747
    28     81      2    -1235.54403199        0.05496747
    28     82      2    -1219.86871007        0.05496747
    28     83      2    -1235.00753341        0.05496747
    28     84      2    -1225.42367054        0.05496747
    28     85      2    -1229.55807770        0.05496747
    28     86      2    -1220.27316243        0.05496747
    28     87      2    -1230.85248899        0.05496747
    28     88      2    -1211.64685086        0.05496747
    28     89      2    -1225.76780028        0.05496747
    28     90      2    -1238.76296927        0.05496747
    28     91      2    -1223.93147369        0.05496747
    28     92      2    -1235.25366348        0.05496747
    28     93      2    -1226.56382236        0.05496747
    28     94      2    -1235.95383897        0.05496747
    28     95      2    -1227.07337195        0.05496747
    28     96      2    -1239.45050774        0.05496747
    28     97      2    -1226.57895537        0.05496747
    28     98      2    -1235.26925956        0.05496747
    28     99      2    -1226.26877767        0.05496747
    28    100      2    -1236.86576557        0.05496747
    28    101      2    -1228.59315669        0.05496747
    28    102      2    -1242.08534210        0.05496747
    28    103      2    -1236.19501349        0.05496747
    28    104      2    -1247.12455785        0.05496747
    28    105      2    -1236.78180648        0.05496747
    28    106      2    -1246.61737672        0.05496747
    28    107      2    -1238.10183263        0.05496747
    28    108      2    -1250.70636520        0.05496747
    28    109      2    -1239.36149505        0.05496747
    28    110      2    -1252.96646268        0.05496747
    28    111      2    -1242.01224136        0.05496747
    28    112      2    -1254.63227318        0.05496747
    28    113      2    -1244.03605023        0.05496747
    28    114      2    -1257.38669204        0.05496747
    28    115      2    -1246.00301349        0.05496747
    28    116      2    -1257.96783793        0.05496747
    28    117      2    -1248.52655297        0.05496747
    28    118      2    -1258.23570424        0.05496747
    28    119      2    -1245.71655682        0.05496747
    28    120      2    -1257.13449053        0.05496747
    28    121      2    -1245.00226580        0.05496747
    28    122      2    -1248.99154956        0.05496747
    28    123      2    -1240.33578621        0.05496747
    28    124      2    -1247.20465042        0.05496747
    28    125      2    -1237.41355618        0.05496747
    28    126      2    -1245.06067120        0.05496747
    28    127      2    -1232.10029855        0.05496747
    28    128      2    -1244.67147704        0.05496747
    28    129      2    -1229.15323101        0.05496747
    28    130      2    -1237.41790325        0.05496747
    28    131      2    -1229.81814284        0.05496747
    28    132      2    -1234.08570771        0.05496747
    28    133      2    -1223.59869989        0.05496747
    28    134      2    -1229.76620281        0.05496747
    28    135      2    -1222.46806188        0.05496747
    28    136      2    -1225.64259108        0.05496747
    28    137      2    -1214.27221032        0.05496747
    28    138      2    -1225.86395411        0.05496747
    28    139      2    -1205.04201887        0.05496747
    28    140      2    -1219.65888728        0.05496747
    28    141      2    -1197.53728932        0.05496747
    28    142      2    -1197.32845407        0.05496747
    28    143      2    -1203.20104765        0.05496747
    28    144      2    -1188.86535805        0.05496747
    28    145      2    -1227.25152783        0.05496747
    28    146      2    -1227.25152783        0.05496747
    28    147      2    -1227.25152783        0.05496747
    28    148      2    -1227.25152783        0.05496747
    28    149      2    -1227.25152783        0.05496747
    28    150      2    -1227.25152783        0.05496747
    28    151      2    -1227.25152783        0.05496747
    28    152      2    -1227.25152783        0.05496747
    28    153      2    -1227.25152783        0.05496747
    28    154      2    -1116.41914467        0.05496747
    28    155      2    -1120.66335694        0.05496747
    28    156      2    -1099.57447869        0.05496747
    28    157      2    -1103.93068871        0.05496747
    28    158      2    -1125.10284624        0.05496747
    28    159      2    -1071.96706133        0.05496747
    28    160      2    -1107.46313804        0.05496747
    28    161      2    -1108.55436179        0.05496747
    28    162      2    -1112.08295872        0.05496747
    28    163      2    -1094.70198194        0.05496747
    28    164      2    -1105.02520920        0.05496747
    28    165      2    -1114.73491859        0.05496747
    28    166      2    -1114.77796923        0.05496747
    28    167      2    -1104.19412951        0.05496747
    28    168      2    -1136.48385375        0.05496747
    28    169      2    -1145.09920591        0.05496747
    28    170      2    -1144.91025746        0.05496747
    28    171      2    -1172.82411559        0.05496747
    28    172      2    -1178.85817757        0.05496747
    28    173      2    -1179.12591125        0.05496747
    28    174      2    -1210.51964022        0.05496747
    28    175      2    -1202.91037600        0.05496747
    28    176      2    -1216.48393332        0.05496747
    28    177      2    -1213.00449459        0.05496747
    29      0      2    -1229.69042222        0.05489329
    29      1      2    -1229.69042222        0.05489329
    29      2      2    -1229.69042222        0.05489329
    29      3      2    -1229.69042222        0.05489329
    29      4      2    -1229.69042222        0.05489329
    29      5      2     -964.65172700        0.05489329
    29      6      2    -1040.62403185        0.05489329
    29      7      2    -1084.21835140        0.05489329
    29      8      2    -1092.42869667        0.05489329
    29      9      2    -1062.72433333        0.05489329
    29     10      2    -1121.88472346        0.05489329
    29     11      2    -1117.82247785        0.05489329
    29     12      2    -1184.56835037        0.05489329
    29     13      2    -1128.20853508        0.05489329
    29     14      2    -1196.74622664        0.05489329
    29     15      2    -1181.00620608        0.05489329
    29     16      2    -1203.75051854        0.05489329
    29     17      2    -1198.46305080        0.05489329
    29     18      2    -1211.39733079        0.05489329
    29     19      2    -1224.55414396        0.05489329
    29     20      2    -1223.06676218        0.05489329
    29     21      2    -1238.41217595        0.05489329
    29     22      2    -1234.25974716        0.05489329
    29     23      2    -1240.07775568        0.05489329
    29     24      2    -1247.18297847        0.05489329
    29     25      2    -1244.88773381        0.05489329
    29     26      2    -1253.78262148        0.05489329
    29     27      2    -1248.46404071        0.05489329
    29     28      2    -1250.94133025        0.05489329
    29     29      2    -1254.87843899        0.05489329
    29     30      2    -1247.51276584        0.05489329
    29     31      2    -1255.25116627        0.05489329
    29     32      2    -1249.90000345        0.05489329
    29     33      2    -1260.41417455        0.05489329
    29     34      2    -1245.02482407        0.05489329
    29     35      2    -1261.17397341        0.05489329
    29     36      2    -1246.89660630        0.05489329
    29     37      2    -1255.03553596        0.05489329
    29     38      2    -1246.86988575        0.05489329
    29     39      2    -1254.29601573        0.05489329
    29     40      2    -1248.97709241        0.05489329
    29     41      2    -1247.84965991        0.05489329
    29     42      2    -1257.54267750        0.05489329
    29     43      2    -1245.65749778        0.05489329
    29     44      2    -1251.27633766        0.05489329
    29     45      2    -1250.63829619        0.05489329
    29     46      2    -1244.92655574        0.05489329
    29     47      2    -1250.49406493        0.05489329
    29     48      2    -1250.30176934        0.05489329
    29     49      2    -1243.67576428        0.05489329
    29     50      2    -1252.17943059        0.05489329
    29     51      2    -1246.26279835        0.05489329
    29     52      2    -1243.48003460        0.05489329
    29     53      2    -1246.81978960        0.05489329
    29     54      2    -1241.77077041        0.05489329
    29     55      2    -1244.45409256        0.05489329
    29     56      2    -1238.56503726        0.05489329
    29     57      2    -1245.48650872        0.05489329
    29     58      2    -1242.59421696        0.05489329
    29     59      2    -1238.70184962        0.05489329
    29     60      2    -1236.36393954        0.05489329
    29     61      2    -1239.08852362        0.05489329
    29     62      2    -1241.27020449        0.05489329
    29     63      2    -1235.17245756        0.05489329
    29     64      2    -1233.43117347        0.05489329
    29     65      2    -1237.87616755        0.05489329
    29     66      2    -1224.13007098        0.05489329
    29     67      2    -1238.77397370        0.05489329
    29     68      2    -1228.08838830        0.05489329
    29     69      2    -1235.81982960        0.05489329
    29     70      2    -1224.13160057        0.05489329
    29     71      2    -1237.91913314        0.05489329
    29     72      2    -1227.27218331        0.05489329
    29     73      2    -1235.31713114        0.05489329
    29     74      2    -1224.18006471        0.05489329
    29     75      2    -1233.70714795        0.05489329
    29     76      2    -1221.10261494        0.05489329
    29     77      2    -1233.63892024        0.05489329
    29     78      2    -1228.55534719        0.05489329
    29     79      2    -1241.48300235        0.05489329
    29     80      2    -1234.51469058        0.05489329
    29     81      2    -1239.91050215        0.05489329
    29     82      2    -1238.02420254        0.05489329
    29     83      2    -1238.40332595        0.05489329
    29     84      2    -1241.52221709        0.05489329
    29     85      2    -1244.82478901        0.05489329
    29     86      2    -1246.84916540        0.05489329
    29     87      2    -1245.86546275        0.05489329
    29     88      2    -1246.38520402        0.05489329
    29     89      2    -1249.86175857        0.05489329
    29     90      2    -1244.78009445        0.05489329
    29     91      2    -1248.49474982        0.05489329
    29     92      2    -1251.67611053        0.05489329
    29     93      2    -1243.20588455        0.05489329
    29     94      2    -1251.00958462        0.05489329
    29     95      2    -1252.54834439        0.05489329
    29     96      2    -1246.16156222        0.05489329
    29     97      2    -1251.18388853        0.05489329
    29     98      2    -1245.52971918        0.05489329
    29     99      2    -1244.27290781        0.05489329
    29    100      2    -1246.41195494        0.05489329
    29    101      2    -1241.60656655        0.05489329
    29    102      2    -1240.44225630        0.05489329
    29    103      2    -1240.93179155        0.05489329
    29    104      2    -1233.10559409        0.05489329
    29    105      2    -1238.57238724        0.05489329
    29    106      2    -1228.41161228        0.05489329
    29    107      2    -1228.62636718        0.05489329
    29    108      2    -1219.33492553        0.05489329
    29    109      2    -1224.42476119        0.05489329
    29    110      2    -1202.92432434        0.05489329
    29    111      2    -1211.73879492        0.05489329
    29    112      2    -1196.89522806        0.05489329
    29    113      2    -1196.23217566        0.05489329
    29    114      2    -1190.30235205        0.05489329
    29    115      2    -1180.66707962        0.05489329
    29    116      2    -1165.66680348        0.05489329
    29    117      2    -1145.58767165        0.05489329
    29    118      2    -1200.59199822        0.05489329
    29    119      2    -1133.02091704        0.05489329
    29    120      2    -1105.87239777        0.05489329
    29    121      2    -1103.57787292        0.05489329
    29    122      2    -1067.07829457        0.05489329
    29    123      2    -1087.38574605        0.05489329
    29    124      2    -1046.18647005        0.05489329
    29    125      2    -1229.69042222        0.05489329
    29    126      2    -1229.69042222        0.05489329
    29    127      2    -1229.69042222        0.05489329
    29    128      2    -1229.69042222        0.05489329
    29    129      2    -1229.69042222        0.05489329
    30      0      2     -955.49359262        0.05491897
    30      1      2    -1095.72981920        0.05491897
    30      2      2    -1168.99217795        0.05491897
    30      3      2    -1100.56455759        0.05491897
    30      4      2    -1077.96612205        0.05491897
    30      5      2    -1118.75603006        0.05491897
    30      6      2    -1112.02063747        0.05491897
    30      7      2    -1127.26305634        0.05491897
    30      8      2    -1150.72382785        0.05491897
    30      9      2    -1169.76181573        0.05491897
    30     10      2    -1157.22322399        0.05491897
    30     11      2    -1186.92269276        0.05491897
    30     12      2    -1171.58390428        0.05491897
    30     13      2    -1190.72236259        0.05491897
    30     14      2    -1196.32283760        0.05491897
    30     15      2    -1190.31713929        0.05491897
    30     16      2    -1205.54839682        0.05491897
    30     17      2    -1200.26374810        0.05491897
    30     18      2    -1209.05915946        0.05491897
    30     19      2    -1212.06259661        0.05491897
    30     20      2    -1209.72814427        0.05491897
    30     21      2    -1211.53075538        0.05491897
    30     22      2    -1215.09424431        0.05491897
    30     23      2    -1214.46759683        0.05491897
    30     24      2    -1215.82040158        0.05491897
    30     25      2    -1216.43129351        0.05491897
    30     26      2    -1213.48874172        0.05491897
    30     27      2    -1228.73206777        0.05491897
    30     28      2    -1201.58568361        0.05491897
    30     29      2    -1228.04102842        0.05491897
    30     30      2    -1219.68543858        0.05491897
    30     31      2    -1215.45806073        0.05491897
    30     32      2    -1218.65724046        0.05491897
    30     33      2    -1210.22191494        0.05491897
    30     34      2    -1218.02893557        0.05491897
    30     35      2    -1212.44192250        0.05491897
    30     36      2    -1217.04494585        0.05491897
    30     37      2    -1209.78954415        0.05491897
    30     38      2    -1213.03340368        0.05491897
    30     39      2    -1204.61557084        0.05491897
    30     40      2    -1215.28008383        0.05491897
    30     41      2    -1204.92921009        0.05491897
    30     42      2    -1213.19330522        0.05491897
    30     43      2    -1199.33736902        0.05491897
    30     44      2    -1208.44754317        0.05491897
    30     45      2    -1197.00784329        0.05491897
    30     46      2    -1204.44749002        0.05491897
    30     47      2    -1195.72827622        0.05491897
    30     48      2    -1202.77498566        0.05491897
    30     49      2    -1190.32791610        0.05491897
    30     50      2    -1199.76596705        0.05491897
    30     51      2    -1197.77018949        0.05491897
    30     52      2    -1191.28318991        0.05491897
    30     53      2    -1180.38737781        0.05491897
    30     54      2    -1193.64726951        0.05491897
    30     55      2    -1190.07953152        0.05491897
    30     56      2    -1196.20893404        0.05491897
    30     57      2    -1183.77768638        0.05491897
    30     58      2    -1191.13741543        0.05491897
    30     59      2    -1180.64660904        0.05491897
    30     60      2    -1188.22149201        0.05491897
    30     61      2    -1182.62907370        0.05491897
    30     62      2    -1188.06044488        0.05491897
    30     63      2    -1178.26583804        0.05491897
    30     64      2    -1179.95375714        0.05491897
    30     65      2    -1175.14865501        0.05491897
    30     66      2    -1185.21139994        0.05491897
    30     67      2    -1183.48983920        0.05491897
    30     68      2    -1191.81960632        0.05491897
    30     69      2    -1179.69471181        0.05491897
    30     70      2    -1192.94257541        0.05491897
    30     71      2    -1182.88018036        0.05491897
    30     72      2    -1193.39991496        0.05491897
    30     73      2    -1186.45570130        0.05491897
    30     74      2    -1194.88101690        0.05491897
    30     75      2    -1189.25936987        0.05491897
    30     76      2    -1198.27283515        0.05491897
    30     77      2    -1189.54900489        0.05491897
    30     78      2    -1197.54933804        0.05491897
    30     79      2    -1188.76351307        0.05491897
    30     80      2    -1195.41285814        0.05491897
    30     81      2    -1185.64935735        0.05491897
    30     82      2    -1197.65511117        0.05491897
    30     83      2    -1182.31515125        0.05491897
    30     84      2    -1191.17589344        0.05491897
    30     85      2    -1176.71431382        0.05491897
    30     86      2    -1190.43526213        0.05491897
    30     87      2    -1174.61962087        0.05491897
    30     88      2    -1187.56618870        0.05491897
    30     89      2    -1175.25468453        0.05491897
    30     90      2    -1184.57003432        0.05491897
    30     91      2    -1169.73680760        0.05491897
    30     92      2    -1177.49236506        0.05491897
    30     93      2    -1156.87347168        0.05491897
    30     94      2    -1165.08019364        0.05491897
    30     95      2    -1156.40673891        0.05491897
    30     96      2    -1163.96793040        0.05491897
    30     97      2    -1142.28786680        0.05491897
    30     98      2    -1145.27371059        0.05491897
    30     99      2    -1121.54103409        0.05491897
    30    100      2    -1131.05316726        0.05491897
    30    101      2    -1090.62750353        0.05491897
    30    102      2    -1144.27743213        0.05491897
    30    103      2    -1084.73317505        0.05491897
    30    104      2    -1076.17239374        0.05491897
    30    105      2    -1045.89624590        0.05491897
    30    106      2    -1053.31551760        0.05491897
    30    107      2    -1031.57741300        0.05491897
    31      0      2    -1103.49413113        0.05495760
    31      1      2    -1129.57176128        0.05495760
    31      2      2    -1167.98184364        0.05495760
    31      3      2    -1142.81351893        0.05495760
    31      4      2    -1170.34277760        0.05495760
    31      5      2    -1171.97614015        0.05495760
    31      6      2    -1185.33786594        0.05495760
    31      7      2    -1184.34234802        0.05495760
    31      8      2    -1207.37316823        0.05495760
    31      9      2    -1193.30592429        0.05495760
    31     10      2    -1216.84773535        0.05495760
    31     11      2    -1206.32714712        0.05495760
    31     12      2    -1216.07187323        0.05495760
    31     13      2    -1213.44451982        0.05495760
    31     14      2    -1226.58727264        0.05495760
    31     15      2    -1219.54730581        0.05495760
    31     16      2    -1217.80825596        0.05495760
    31     17      2    -1226.68456346        0.05495760
    31     18      2    -1209.74465423        0.05495760
    31     19      2    -1233.21937634        0.05495760
    31     20      2    -1216.00247539        0.05495760
    31     21      2    -1228.63285876        0.05495760
    31     22      2    -1223.72091024        0.05495760
    31     23      2    -1223.43237135        0.05495760
    31     24      2    -1218.30318751        0.05495760
    31     25      2    -1223.22015206        0.05495760
    31     26      2    -1217.20710849        0.05495760
    31     27      2    -1220.03819900        0.05495760
    31     28      2    -1209.56878881        0.05495760
    31     29      2    -1212.69544069        0.05495760
    31     30      2    -1218.88536695        0.05495760
    31     31      2    -1209.84757040        0.05495760
    31     32      2    -1206.64416848        0.05495760
    31     33      2    -1208.44001737        0.05495760
    31     34      2    -1204.45488483        0.05495760
    31     35      2    -1199.40782801        0.05495760
    31     36      2    -1201.12977164        0.05495760
    31     37      2    -1197.43533761        0.05495760
    31     38      2    -1191.70397083        0.05495760
    31     39      2    -1176.45863657        0.05495760
    31     40      2    -1187.52429418        0.05495760
    31     41      2    -1179.22717219        0.05495760
    31     42      2    -1182.82118332        0.05495760
    31     43      2    -1180.73248382        0.05495760
    31     44      2    -1173.37732414        0.05495760
    31     45      2    -1176.93146659        0.05495760
    31     46      2    -1174.32471252        0.05495760
    31     47      2    -1177.83546954        0.05495760
    31     48      2    -1172.86795617        0.05495760
    31     49      2    -1164.24468972        0.05495760
    31     50      2    -1181.05051153        0.05495760
    31     51      2    -1179.29727138        0.05495760
    31     52      2    -1179.43084772        0.05495760
    31     53      2    -1171.95549377        0.05495760
    31     54      2    -1167.67581777        0.05495760
    31     55      2    -1164.06071431        0.05495760
    31     56      2    -1167.72355683        0.05495760
    31     57      2    -1166.78207316        0.05495760
    31     58      2    -1176.41557966        0.05495760
    31     59      2    -1172.54601029        0.05495760
    31     60      2    -1179.46271386        0.05495760
    31     61      2    -1179.68792228        0.05495760
    31     62      2    -1190.06318383        0.05495760
    31     63      2    -1186.04290851        0.05495760
    31     64      2    -1180.03726965        0.05495760
    31     65      2    -1191.62059282        0.05495760
    31     66      2    -1185.61966268        0.05495760
    31     67      2    -1186.63840055        0.05495760
    31     68      2    -1184.05737805        0.05495760
    31     69      2    -1186.18658290        0.05495760
    31     70      2    -1174.05679548        0.05495760
    31     71      2    -1191.88568046        0.05495760
    31     72      2    -1177.17184849        0.05495760
    31     73      2    -1183.04468684        0.05495760
    31     74      2    -1173.77578181        0.05495760
    31     75      2    -1178.24980407        0.05495760
    31     76      2    -1170.06961995        0.05495760
    31     77      2    -1170.11232003        0.05495760
    31     78      2    -1160.33168451        0.05495760
    31     79      2    -1157.66731185        0.05495760
    31     80      2    -1140.13757429        0.05495760
    31     81      2    -1154.73559992        0.05495760
    31     82      2    -1141.04136972        0.05495760
    31     83      2    -1139.90839350        0.05495760
    31     84      2    -1135.16714493        0.05495760
    31     85      2    -1126.97934946        0.05495760
    31     86      2    -1109.26377314        0.05495760
    31     87      2    -1103.33392390        0.05495760
    31     88      2    -1093.25024649        0.05495760
    31     89      2    -1102.14056914        0.05495760
########################################
# Coboparameter                        #
# no parameter corresponds to be 50.   #
########################################
#Cobo 	dummy	ATY	p0	p1     p2
       0       0       3             -80     20.17117142      0.01000000
       1       0       3             -80     19.52476909      0.01000000
       2       0       3             -80     18.77746465      0.01000000
       3       0       3             -80    -10.57835902      0.01000000
       4       0       3             -80    -31.26123930      0.01000000
       5       0       3             -80     19.12634699      0.01000000
       6       0       3             -80     18.07884132      0.01000000
       7       0       3             -80     18.77514888      0.01000000
#####################################################################
# TPC Resolution Parameter (L : p0)			            #
# res_xz^2 = p0^2 + p2^2/(exp(-p1*y)/p3*y + p4^2/12*tan(alpha)^2/p5 #
# res_y^2 = p6^2 + p7^2/(exp(-p1*y)/p8*y                            #
#####################################################################
#B    INorOUt  ATY	p0	p1	p2	p3	p4	p5	p6	p7	p8
#
0	0	4	0.75030000	0.00000000	0.35560000	100.00000000	9.00000000	1.69080000	1.00000000	0.00000000	1.00000000
0	1	4	0.38710000	0.00000000	0.35560000	100.00000000	12.50000000	3.65020000	1.00000000	0.00000000	1.00000000
1	0	4	0.75030000	0.00000000	0.09530000	100.00000000	9.00000000	1.69080000	1.00000000	0.00000000	1.00000000
1	1	4	0.38710000	0.00000000	0.09530000	100.00000000	12.50000000	3.65020000	1.00000000	0.00000000	1.00000000
