#
#  TPCParam_e72_run02448
#  Gain Calib : HS On HTOF calib (20260616 ver)
#  Cobo Phaseshift : run02448
#  
#______________________________________________________________________________
#
# Layer	Row	ATY	p0	p1
#
########################################
# TPC ADC : cde = (de-p0)*p1           #
########################################
     0      0      0      0.00000000      1.35199057
     0      1      0      0.00000000      1.35199057
     0      2      0      0.00000000      1.35199057
     0      3      0      0.00000000      1.35199057
     0      4      0      0.00000000      1.35199057
     0      5      0      0.00000000      1.35199057
     0      6      0      0.00000000      1.35199057
     0      7      0      0.00000000      1.35199057
     0      8      0      0.00000000      1.35199057
     0      9      0      0.00000000      1.35199057
     0     10      0      0.00000000      1.35199057
     0     11      0      0.00000000      1.35199057
     0     12      0      0.00000000      1.35199057
     0     13      0      0.00000000      1.35199057
     0     14      0      0.00000000      1.35199057
     0     15      0      0.00000000      1.35199057
     0     16      0      0.00000000      1.35199057
     0     17      0      0.00000000      1.35199057
     0     18      0      0.00000000      1.35199057
     0     19      0      0.00000000      1.35199057
     0     20      0      0.00000000      1.35199057
     0     21      0      0.00000000      1.35199057
     0     22      0      0.00000000      1.35199057
     0     23      0      0.00000000      1.35199057
     0     24      0      0.00000000      1.35199057
     0     25      0      0.00000000      1.35199057
     0     26      0      0.00000000      1.35199057
     0     27      0      0.00000000      1.35199057
     0     28      0      0.00000000      1.35199057
     0     29      0      0.00000000      1.35199057
     0     30      0      0.00000000      1.35199057
     0     31      0      0.00000000      1.35199057
     0     32      0      0.00000000      1.35199057
     0     33      0      0.00000000      1.35199057
     0     34      0      0.00000000      1.35199057
     0     35      0      0.00000000      1.35199057
     0     36      0      0.00000000      1.35199057
     0     37      0      0.00000000      1.35199057
     0     38      0      0.00000000      1.35199057
     0     39      0      0.00000000      1.35199057
     0     40      0      0.00000000      1.35199057
     0     41      0      0.00000000      1.35199057
     0     42      0      0.00000000      1.35199057
     0     43      0      0.00000000      1.35199057
     0     44      0      0.00000000      1.35199057
     0     45      0      0.00000000      1.35199057
     0     46      0      0.00000000      1.35199057
     0     47      0      0.00000000      1.35199057
     1      0      0      0.00000000      1.35199057
     1      1      0      0.00000000      1.35199057
     1      2      0      0.00000000      1.35199057
     1      3      0      0.00000000      1.35199057
     1      4      0      0.00000000      1.35199057
     1      5      0      0.00000000      1.35199057
     1      6      0      0.00000000      1.35199057
     1      7      0      0.00000000      1.35199057
     1      8      0      0.00000000      1.35199057
     1      9      0      0.00000000      1.35199057
     1     10      0      0.00000000      1.35199057
     1     11      0      0.00000000      1.35199057
     1     12      0      0.00000000      1.35199057
     1     13      0      0.00000000      1.35199057
     1     14      0      0.00000000      1.35199057
     1     15      0      0.00000000      1.35199057
     1     16      0      0.00000000      1.35199057
     1     17      0      0.00000000      1.35199057
     1     18      0      0.00000000      1.04449758
     1     19      0      0.00000000      1.35199057
     1     20      0      0.00000000      1.35199057
     1     21      0      0.00000000      1.35199057
     1     22      0      0.00000000      1.35199057
     1     23      0      0.00000000      1.35199057
     1     24      0      0.00000000      1.35199057
     1     25      0      0.00000000      1.35199057
     1     26      0      0.00000000      1.35199057
     1     27      0      0.00000000      1.35199057
     1     28      0      0.00000000      1.35199057
     1     29      0      0.00000000      1.35199057
     1     30      0      0.00000000      1.35199057
     1     31      0      0.00000000      1.35199057
     1     32      0      0.00000000      1.35199057
     1     33      0      0.00000000      1.35199057
     1     34      0      0.00000000      1.35199057
     1     35      0      0.00000000      1.35199057
     1     36      0      0.00000000      1.35199057
     1     37      0      0.00000000      1.35199057
     1     38      0      0.00000000      1.35199057
     1     39      0      0.00000000      1.35199057
     1     40      0      0.00000000      1.35199057
     1     41      0      0.00000000      1.35199057
     1     42      0      0.00000000      1.35199057
     1     43      0      0.00000000      1.35199057
     1     44      0      0.00000000      1.35199057
     1     45      0      0.00000000      1.35199057
     1     46      0      0.00000000      1.35199057
     1     47      0      0.00000000      1.35199057
     2      0      0      0.00000000      1.35199057
     2      1      0      0.00000000      1.35199057
     2      2      0      0.00000000      1.35199057
     2      3      0      0.00000000      1.35199057
     2      4      0      0.00000000      1.35199057
     2      5      0      0.00000000      1.35199057
     2      6      0      0.00000000      1.35199057
     2      7      0      0.00000000      1.35199057
     2      8      0      0.00000000      1.35199057
     2      9      0      0.00000000      1.35199057
     2     10      0      0.00000000      1.35199057
     2     11      0      0.00000000      1.35199057
     2     12      0      0.00000000      1.35199057
     2     13      0      0.00000000      1.35199057
     2     14      0      0.00000000      1.35199057
     2     15      0      0.00000000      1.35199057
     2     16      0      0.00000000      1.35199057
     2     17      0      0.00000000      1.35199057
     2     18      0      0.00000000      1.35199057
     2     19      0      0.00000000      1.35199057
     2     20      0      0.00000000      1.35199057
     2     21      0      0.00000000      1.35199057
     2     22      0      0.00000000      1.35199057
     2     23      0      0.00000000      1.35199057
     2     24      0      0.00000000      1.35199057
     2     25      0      0.00000000      1.35199057
     2     26      0      0.00000000      1.35199057
     2     27      0      0.00000000      1.35199057
     2     28      0      0.00000000      1.35199057
     2     29      0      0.00000000      1.35199057
     2     30      0      0.00000000      1.35199057
     2     31      0      0.00000000      1.35199057
     2     32      0      0.00000000      1.35199057
     2     33      0      0.00000000      1.35199057
     2     34      0      0.00000000      1.35199057
     2     35      0      0.00000000      1.35199057
     2     36      0      0.00000000      1.35199057
     2     37      0      0.00000000      1.35199057
     2     38      0      0.00000000      1.35199057
     2     39      0      0.00000000      1.35199057
     2     40      0      0.00000000      1.35199057
     2     41      0      0.00000000      1.35199057
     2     42      0      0.00000000      1.35199057
     2     43      0      0.00000000      1.35199057
     2     44      0      0.00000000      1.35199057
     2     45      0      0.00000000      1.35199057
     2     46      0      0.00000000      1.35199057
     2     47      0      0.00000000      1.35199057
     2     48      0      0.00000000      1.35199057
     2     49      0      0.00000000      1.35199057
     2     50      0      0.00000000      1.35199057
     2     51      0      0.00000000      1.35199057
     2     52      0      0.00000000      1.35199057
     2     53      0      0.00000000      1.35199057
     2     54      0      0.00000000      1.35199057
     2     55      0      0.00000000      1.35199057
     2     56      0      0.00000000      1.35199057
     2     57      0      0.00000000      1.35199057
     2     58      0      0.00000000      1.35199057
     2     59      0      0.00000000      1.35199057
     2     60      0      0.00000000      1.35199057
     2     61      0      0.00000000      1.35199057
     2     62      0      0.00000000      1.35199057
     2     63      0      0.00000000      1.35199057
     2     64      0      0.00000000      1.35199057
     2     65      0      0.00000000      1.35199057
     2     66      0      0.00000000      1.35199057
     2     67      0      0.00000000      1.35199057
     2     68      0      0.00000000      1.35199057
     2     69      0      0.00000000      1.35199057
     2     70      0      0.00000000      1.35199057
     2     71      0      0.00000000      1.35199057
     3      0      0      0.00000000      1.35199057
     3      1      0      0.00000000      1.35199057
     3      2      0      0.00000000      1.35199057
     3      3      0      0.00000000      1.35199057
     3      4      0      0.00000000      1.35199057
     3      5      0      0.00000000      1.35199057
     3      6      0      0.00000000      1.35199057
     3      7      0      0.00000000      1.35199057
     3      8      0      0.00000000      1.35199057
     3      9      0      0.00000000      1.35199057
     3     10      0      0.00000000      1.35199057
     3     11      0      0.00000000      1.35199057
     3     12      0      0.00000000      1.35199057
     3     13      0      0.00000000      1.35199057
     3     14      0      0.00000000      1.35199057
     3     15      0      0.00000000      1.35199057
     3     16      0      0.00000000      1.35199057
     3     17      0      0.00000000      1.35199057
     3     18      0      0.00000000      1.35199057
     3     19      0      0.00000000      1.35199057
     3     20      0      0.00000000      1.35199057
     3     21      0      0.00000000      1.35199057
     3     22      0      0.00000000      1.35199057
     3     23      0      0.00000000      1.35199057
     3     24      0      0.00000000      1.35199057
     3     25      0      0.00000000      1.35199057
     3     26      0      0.00000000      1.35199057
     3     27      0      0.00000000      1.35199057
     3     28      0      0.00000000      1.35199057
     3     29      0      0.00000000      1.35199057
     3     30      0      0.00000000      1.35199057
     3     31      0      0.00000000      1.35199057
     3     32      0      0.00000000      1.35199057
     3     33      0      0.00000000      1.35199057
     3     34      0      0.00000000      1.35199057
     3     35      0      0.00000000      1.35199057
     3     36      0      0.00000000      1.35199057
     3     37      0      0.00000000      1.35199057
     3     38      0      0.00000000      1.35199057
     3     39      0      0.00000000      1.35199057
     3     40      0      0.00000000      1.35199057
     3     41      0      0.00000000      1.35199057
     3     42      0      0.00000000      1.35199057
     3     43      0      0.00000000      1.35199057
     3     44      0      0.00000000      1.35199057
     3     45      0      0.00000000      1.35199057
     3     46      0      0.00000000      1.35199057
     3     47      0      0.00000000      1.35199057
     3     48      0      0.00000000      1.35199057
     3     49      0      0.00000000      1.35199057
     3     50      0      0.00000000      1.35199057
     3     51      0      0.00000000      1.35199057
     3     52      0      0.00000000      1.35199057
     3     53      0      0.00000000      1.35199057
     3     54      0      0.00000000      1.35199057
     3     55      0      0.00000000      1.35199057
     3     56      0      0.00000000      1.35199057
     3     57      0      0.00000000      1.35199057
     3     58      0      0.00000000      1.35199057
     3     59      0      0.00000000      1.35199057
     3     60      0      0.00000000      1.35199057
     3     61      0      0.00000000      1.35199057
     3     62      0      0.00000000      1.35199057
     3     63      0      0.00000000      1.35199057
     3     64      0      0.00000000      1.35199057
     3     65      0      0.00000000      1.35199057
     3     66      0      0.00000000      1.35199057
     3     67      0      0.00000000      1.35199057
     3     68      0      0.00000000      1.35199057
     3     69      0      0.00000000      1.35199057
     3     70      0      0.00000000      1.35199057
     3     71      0      0.00000000      1.35199057
     3     72      0      0.00000000      1.35199057
     3     73      0      0.00000000      1.35199057
     3     74      0      0.00000000      1.35199057
     3     75      0      0.00000000      1.35199057
     3     76      0      0.00000000      1.35199057
     3     77      0      0.00000000      1.35199057
     3     78      0      0.00000000      1.35199057
     3     79      0      0.00000000      1.35199057
     3     80      0      0.00000000      1.35199057
     3     81      0      0.00000000      1.35199057
     3     82      0      0.00000000      1.35199057
     3     83      0      0.00000000      1.35199057
     3     84      0      0.00000000      1.35199057
     3     85      0      0.00000000      1.35199057
     3     86      0      0.00000000      1.35199057
     3     87      0      0.00000000      1.35199057
     3     88      0      0.00000000      1.35199057
     3     89      0      0.00000000      1.35199057
     3     90      0      0.00000000      1.35199057
     3     91      0      0.00000000      1.35199057
     3     92      0      0.00000000      1.35199057
     3     93      0      0.00000000      1.35199057
     3     94      0      0.00000000      1.35199057
     3     95      0      0.00000000      1.35199057
     4      0      0      0.00000000      1.35199057
     4      1      0      0.00000000      1.35199057
     4      2      0      0.00000000      1.35199057
     4      3      0      0.00000000      1.35199057
     4      4      0      0.00000000      1.35199057
     4      5      0      0.00000000      1.35199057
     4      6      0      0.00000000      1.35199057
     4      7      0      0.00000000      1.35199057
     4      8      0      0.00000000      1.35199057
     4      9      0      0.00000000      1.35199057
     4     10      0      0.00000000      1.35199057
     4     11      0      0.00000000      1.35199057
     4     12      0      0.00000000      1.35199057
     4     13      0      0.00000000      1.35199057
     4     14      0      0.00000000      1.35199057
     4     15      0      0.00000000      1.35199057
     4     16      0      0.00000000      1.35199057
     4     17      0      0.00000000      1.35199057
     4     18      0      0.00000000      1.35199057
     4     19      0      0.00000000      1.35199057
     4     20      0      0.00000000      1.35199057
     4     21      0      0.00000000      1.35199057
     4     22      0      0.00000000      1.35199057
     4     23      0      0.00000000      1.35199057
     4     24      0      0.00000000      1.35199057
     4     25      0      0.00000000      1.35199057
     4     26      0      0.00000000      1.35199057
     4     27      0      0.00000000      1.35199057
     4     28      0      0.00000000      1.35199057
     4     29      0      0.00000000      1.35199057
     4     30      0      0.00000000      1.35199057
     4     31      0      0.00000000      1.35199057
     4     32      0      0.00000000      1.35199057
     4     33      0      0.00000000      1.35199057
     4     34      0      0.00000000      1.35199057
     4     35      0      0.00000000      1.35199057
     4     36      0      0.00000000      1.35199057
     4     37      0      0.00000000      1.35199057
     4     38      0      0.00000000      1.35199057
     4     39      0      0.00000000      1.35199057
     4     40      0      0.00000000      1.35199057
     4     41      0      0.00000000      1.35199057
     4     42      0      0.00000000      1.35199057
     4     43      0      0.00000000      1.35199057
     4     44      0      0.00000000      1.35199057
     4     45      0      0.00000000      1.35199057
     4     46      0      0.00000000      1.35199057
     4     47      0      0.00000000      1.35739061
     4     48      0      0.00000000      1.35199057
     4     49      0      0.00000000      1.35199057
     4     50      0      0.00000000      1.35199057
     4     51      0      0.00000000      1.26179385
     4     52      0      0.00000000      1.19583182
     4     53      0      0.00000000      1.35716455
     4     54      0      0.00000000      1.32487714
     4     55      0      0.00000000      1.34374368
     4     56      0      0.00000000      1.32473684
     4     57      0      0.00000000      1.43011901
     4     58      0      0.00000000      1.35463777
     4     59      0      0.00000000      1.46618325
     4     60      0      0.00000000      1.34050492
     4     61      0      0.00000000      1.38413523
     4     62      0      0.00000000      1.34578012
     4     63      0      0.00000000      1.46541630
     4     64      0      0.00000000      1.46845470
     4     65      0      0.00000000      1.45315522
     4     66      0      0.00000000      1.33761014
     4     67      0      0.00000000      1.40530624
     4     68      0      0.00000000      1.26921910
     4     69      0      0.00000000      1.38512335
     4     70      0      0.00000000      1.37088560
     4     71      0      0.00000000      1.35199057
     4     72      0      0.00000000      1.27286972
     4     73      0      0.00000000      1.35973801
     4     74      0      0.00000000      1.27106790
     4     75      0      0.00000000      1.30112808
     4     76      0      0.00000000      1.25859191
     4     77      0      0.00000000      1.21655129
     4     78      0      0.00000000      2.16443812
     4     79      0      0.00000000      1.25549857
     4     80      0      0.00000000      1.35199057
     4     81      0      0.00000000      1.30440921
     4     82      0      0.00000000      1.35199057
     4     83      0      0.00000000      1.35199057
     4     84      0      0.00000000      1.35199057
     4     85      0      0.00000000      1.35199057
     4     86      0      0.00000000      1.35199057
     4     87      0      0.00000000      1.35199057
     4     88      0      0.00000000      1.35199057
     4     89      0      0.00000000      1.35199057
     4     90      0      0.00000000      1.35199057
     4     91      0      0.00000000      1.35199057
     4     92      0      0.00000000      1.35199057
     4     93      0      0.00000000      1.35199057
     4     94      0      0.00000000      1.35199057
     4     95      0      0.00000000      1.35199057
     4     96      0      0.00000000      1.35199057
     4     97      0      0.00000000      1.35199057
     4     98      0      0.00000000      1.35199057
     4     99      0      0.00000000      1.35199057
     4    100      0      0.00000000      1.35199057
     4    101      0      0.00000000      1.35199057
     4    102      0      0.00000000      1.35199057
     4    103      0      0.00000000      1.35199057
     4    104      0      0.00000000      1.35199057
     4    105      0      0.00000000      1.35199057
     4    106      0      0.00000000      1.35199057
     4    107      0      0.00000000      1.35199057
     4    108      0      0.00000000      1.35199057
     4    109      0      0.00000000      1.35199057
     4    110      0      0.00000000      1.35199057
     4    111      0      0.00000000      1.35199057
     4    112      0      0.00000000      1.35199057
     4    113      0      0.00000000      1.35199057
     4    114      0      0.00000000      1.35199057
     4    115      0      0.00000000      1.35199057
     4    116      0      0.00000000      1.35199057
     4    117      0      0.00000000      1.35199057
     4    118      0      0.00000000      1.35199057
     4    119      0      0.00000000      1.35199057
     5      0      0      0.00000000      1.33720973
     5      1      0      0.00000000      1.33570212
     5      2      0      0.00000000      1.33789255
     5      3      0      0.00000000      1.33944249
     5      4      0      0.00000000      1.36321230
     5      5      0      0.00000000      1.35730640
     5      6      0      0.00000000      1.40612987
     5      7      0      0.00000000      1.45275118
     5      8      0      0.00000000      1.34970003
     5      9      0      0.00000000      1.37007698
     5     10      0      0.00000000      1.34950955
     5     11      0      0.00000000      1.28378027
     5     12      0      0.00000000      1.28987070
     5     13      0      0.00000000      1.29064902
     5     14      0      0.00000000      1.32017223
     5     15      0      0.00000000      1.31597194
     5     16      0      0.00000000      1.29345044
     5     17      0      0.00000000      1.46677667
     5     18      0      0.00000000      1.30127156
     5     19      0      0.00000000      1.34828656
     5     20      0      0.00000000      1.39854795
     5     21      0      0.00000000      1.31439730
     5     22      0      0.00000000      1.23832579
     5     23      0      0.00000000      1.29964331
     5     24      0      0.00000000      1.38301258
     5     25      0      0.00000000      1.37691840
     5     26      0      0.00000000      1.40096635
     5     27      0      0.00000000      1.23382619
     5     28      0      0.00000000      1.29786797
     5     29      0      0.00000000      1.42726936
     5     30      0      0.00000000      1.31300825
     5     31      0      0.00000000      1.23193209
     5     32      0      0.00000000      1.28146826
     5     33      0      0.00000000      1.20732126
     5     34      0      0.00000000      1.30526643
     5     35      0      0.00000000      1.25052050
     5     36      0      0.00000000      1.28148141
     5     37      0      0.00000000      1.26098836
     5     38      0      0.00000000      1.32499813
     5     39      0      0.00000000      1.32750529
     5     40      0      0.00000000      1.13612376
     5     41      0      0.00000000      1.22723553
     5     42      0      0.00000000      1.29175014
     5     43      0      0.00000000      1.30797660
     5     44      0      0.00000000      1.30877026
     5     45      0      0.00000000      1.23365393
     5     46      0      0.00000000      1.20663325
     5     47      0      0.00000000      1.30246838
     5     48      0      0.00000000      1.29450294
     5     49      0      0.00000000      1.24799523
     5     50      0      0.00000000      1.22347792
     5     51      0      0.00000000      1.30258078
     5     52      0      0.00000000      1.21098340
     5     53      0      0.00000000      1.30712050
     5     54      0      0.00000000      1.41968062
     5     55      0      0.00000000      1.36212157
     5     56      0      0.00000000      1.42494460
     5     57      0      0.00000000      1.33389729
     5     58      0      0.00000000      1.31982306
     5     59      0      0.00000000      1.22122720
     5     60      0      0.00000000      1.28347651
     5     61      0      0.00000000      1.33735345
     5     62      0      0.00000000      1.30142549
     5     63      0      0.00000000      1.27990003
     5     64      0      0.00000000      1.23968660
     5     65      0      0.00000000      1.22268835
     5     66      0      0.00000000      1.23302487
     5     67      0      0.00000000      1.23870996
     5     68      0      0.00000000      1.19655219
     5     69      0      0.00000000      1.03323388
     5     70      0      0.00000000      1.10975276
     5     71      0      0.00000000      1.23665343
     5     72      0      0.00000000      1.21013458
     5     73      0      0.00000000      1.20455147
     5     74      0      0.00000000      1.22697920
     5     75      0      0.00000000      1.19839020
     5     76      0      0.00000000      1.23260214
     5     77      0      0.00000000      1.13054043
     5     78      0      0.00000000      1.23559521
     5     79      0      0.00000000      1.14306518
     5     80      0      0.00000000      1.15601289
     5     81      0      0.00000000      1.30507977
     5     82      0      0.00000000      1.12874113
     5     83      0      0.00000000      1.21285352
     5     84      0      0.00000000      1.15049710
     5     85      0      0.00000000      1.21815089
     5     86      0      0.00000000      1.02526709
     5     87      0      0.00000000      1.23279091
     5     88      0      0.00000000      1.38136783
     5     89      0      0.00000000      1.08399668
     5     90      0      0.00000000      1.19351824
     5     91      0      0.00000000      1.15822500
     5     92      0      0.00000000      1.13140539
     5     93      0      0.00000000      1.35999528
     5     94      0      0.00000000      1.11690338
     5     95      0      0.00000000      1.15880135
     5     96      0      0.00000000      1.16837583
     5     97      0      0.00000000      1.09633069
     5     98      0      0.00000000      1.22629145
     5     99      0      0.00000000      1.14229227
     5    100      0      0.00000000      1.30790988
     5    101      0      0.00000000      1.17319607
     5    102      0      0.00000000      1.20356010
     5    103      0      0.00000000      1.24726507
     5    104      0      0.00000000      1.14121024
     5    105      0      0.00000000      1.35616862
     5    106      0      0.00000000      1.28307931
     5    107      0      0.00000000      1.18661968
     5    108      0      0.00000000      1.27031271
     5    109      0      0.00000000      1.35399664
     5    110      0      0.00000000      1.32446688
     5    111      0      0.00000000      1.26977137
     5    112      0      0.00000000      1.24337585
     5    113      0      0.00000000      1.27352292
     5    114      0      0.00000000      1.37956481
     5    115      0      0.00000000      1.26316305
     5    116      0      0.00000000      1.25816126
     5    117      0      0.00000000      1.32059736
     5    118      0      0.00000000      1.23211255
     5    119      0      0.00000000      1.30882541
     5    120      0      0.00000000      1.28338893
     5    121      0      0.00000000      1.28790428
     5    122      0      0.00000000      1.34110713
     5    123      0      0.00000000      1.25281669
     5    124      0      0.00000000      1.26381128
     5    125      0      0.00000000      1.28835527
     5    126      0      0.00000000      1.27688574
     5    127      0      0.00000000      1.23982263
     5    128      0      0.00000000      1.26655535
     5    129      0      0.00000000      1.30549194
     5    130      0      0.00000000      1.27917252
     5    131      0      0.00000000      1.27136815
     5    132      0      0.00000000      1.28072084
     5    133      0      0.00000000      1.23310674
     5    134      0      0.00000000      1.25869774
     5    135      0      0.00000000      1.17709175
     5    136      0      0.00000000      1.35285176
     5    137      0      0.00000000      1.29697997
     5    138      0      0.00000000      1.31809795
     5    139      0      0.00000000      1.28470346
     5    140      0      0.00000000      1.26065638
     5    141      0      0.00000000      1.31651091
     5    142      0      0.00000000      1.30951320
     5    143      0      0.00000000      1.32346139
     6      0      0      0.00000000      1.19447807
     6      1      0      0.00000000      1.20958966
     6      2      0      0.00000000      1.24417085
     6      3      0      0.00000000      1.22985166
     6      4      0      0.00000000      1.24468811
     6      5      0      0.00000000      1.18167356
     6      6      0      0.00000000      1.24445788
     6      7      0      0.00000000      1.26923037
     6      8      0      0.00000000      1.18314795
     6      9      0      0.00000000      1.28962756
     6     10      0      0.00000000      1.29797120
     6     11      0      0.00000000      1.26805138
     6     12      0      0.00000000      1.25413301
     6     13      0      0.00000000      1.18139129
     6     14      0      0.00000000      1.18229983
     6     15      0      0.00000000      1.27710084
     6     16      0      0.00000000      1.14781835
     6     17      0      0.00000000      1.20985044
     6     18      0      0.00000000      1.14684618
     6     19      0      0.00000000      1.13448865
     6     20      0      0.00000000      1.13866444
     6     21      0      0.00000000      1.10401927
     6     22      0      0.00000000      1.31582169
     6     23      0      0.00000000      1.16628334
     6     24      0      0.00000000      1.12257806
     6     25      0      0.00000000      1.09328715
     6     26      0      0.00000000      1.20453514
     6     27      0      0.00000000      1.17462771
     6     28      0      0.00000000      1.37742522
     6     29      0      0.00000000      1.52501398
     6     30      0      0.00000000      1.20508788
     6     31      0      0.00000000      1.24770448
     6     32      0      0.00000000      1.36945012
     6     33      0      0.00000000      1.26650099
     6     34      0      0.00000000      1.32842393
     6     35      0      0.00000000      1.25770332
     6     36      0      0.00000000      1.27716699
     6     37      0      0.00000000      1.19104375
     6     38      0      0.00000000      1.30443228
     6     39      0      0.00000000      1.19823385
     6     40      0      0.00000000      1.23711320
     6     41      0      0.00000000      1.40467738
     6     42      0      0.00000000      1.30040993
     6     43      0      0.00000000      1.23948941
     6     44      0      0.00000000      1.36758357
     6     45      0      0.00000000      1.31306704
     6     46      0      0.00000000      1.43076891
     6     47      0      0.00000000      1.26796440
     6     48      0      0.00000000      1.34012731
     6     49      0      0.00000000      1.34125168
     6     50      0      0.00000000      1.26101868
     6     51      0      0.00000000      1.35807979
     6     52      0      0.00000000      1.01456054
     6     53      0      0.00000000      1.12167641
     6     54      0      0.00000000      1.35345426
     6     55      0      0.00000000      1.12265372
     6     56      0      0.00000000      1.23773512
     6     57      0      0.00000000      1.18425066
     6     58      0      0.00000000      1.43491513
     6     59      0      0.00000000      1.28905417
     6     60      0      0.00000000      1.27296879
     6     61      0      0.00000000      1.38917081
     6     62      0      0.00000000      1.37107809
     6     63      0      0.00000000      1.43328858
     6     64      0      0.00000000      1.46704512
     6     65      0      0.00000000      1.35672817
     6     66      0      0.00000000      1.29272837
     6     67      0      0.00000000      1.42012920
     6     68      0      0.00000000      1.43181800
     6     69      0      0.00000000      1.32140134
     6     70      0      0.00000000      1.32785257
     6     71      0      0.00000000      1.26212481
     6     72      0      0.00000000      1.29321362
     6     73      0      0.00000000      1.31716380
     6     74      0      0.00000000      1.29458106
     6     75      0      0.00000000      1.26461410
     6     76      0      0.00000000      1.26444075
     6     77      0      0.00000000      1.25813782
     6     78      0      0.00000000      1.29303297
     6     79      0      0.00000000      1.25851184
     6     80      0      0.00000000      1.20378265
     6     81      0      0.00000000      1.15405978
     6     82      0      0.00000000      1.14932875
     6     83      0      0.00000000      1.30090734
     6     84      0      0.00000000      1.29596130
     6     85      0      0.00000000      1.33591323
     6     86      0      0.00000000      1.27191918
     6     87      0      0.00000000      1.36025257
     6     88      0      0.00000000      1.30423843
     6     89      0      0.00000000      1.28076710
     6     90      0      0.00000000      1.27433483
     6     91      0      0.00000000      1.30413999
     6     92      0      0.00000000      1.18472160
     6     93      0      0.00000000      1.30600585
     6     94      0      0.00000000      1.21917701
     6     95      0      0.00000000      1.21679825
     6     96      0      0.00000000      1.28497506
     6     97      0      0.00000000      1.22041431
     6     98      0      0.00000000      1.29950418
     6     99      0      0.00000000      1.21866725
     6    100      0      0.00000000      1.23522263
     6    101      0      0.00000000      1.01976504
     6    102      0      0.00000000      1.21422074
     6    103      0      0.00000000      1.33723638
     6    104      0      0.00000000      1.15296234
     6    105      0      0.00000000      1.20129093
     6    106      0      0.00000000      1.18746215
     6    107      0      0.00000000      1.12387257
     6    108      0      0.00000000      1.40374891
     6    109      0      0.00000000      1.16164878
     6    110      0      0.00000000      1.23484133
     6    111      0      0.00000000      1.22123655
     6    112      0      0.00000000      1.15162713
     6    113      0      0.00000000      1.35238167
     6    114      0      0.00000000      1.16470458
     6    115      0      0.00000000      1.33154060
     6    116      0      0.00000000      1.38998164
     6    117      0      0.00000000      1.21306047
     6    118      0      0.00000000      1.26120071
     6    119      0      0.00000000      1.24705917
     6    120      0      0.00000000      1.17481669
     6    121      0      0.00000000      1.25198868
     6    122      0      0.00000000      1.31002146
     6    123      0      0.00000000      1.39218702
     6    124      0      0.00000000      1.28148178
     6    125      0      0.00000000      1.22184076
     6    126      0      0.00000000      1.32713588
     6    127      0      0.00000000      1.35881530
     6    128      0      0.00000000      1.38329938
     6    129      0      0.00000000      1.27753352
     6    130      0      0.00000000      1.33969944
     6    131      0      0.00000000      1.26902232
     6    132      0      0.00000000      1.36635448
     6    133      0      0.00000000      1.25262131
     6    134      0      0.00000000      1.37065153
     6    135      0      0.00000000      1.40999258
     6    136      0      0.00000000      1.13004210
     6    137      0      0.00000000      1.29021763
     6    138      0      0.00000000      1.28464153
     6    139      0      0.00000000      1.34924368
     6    140      0      0.00000000      1.18918598
     6    141      0      0.00000000      1.22787390
     6    142      0      0.00000000      1.31423422
     6    143      0      0.00000000      1.25211765
     6    144      0      0.00000000      1.32283064
     6    145      0      0.00000000      1.11418015
     6    146      0      0.00000000      1.17090012
     6    147      0      0.00000000      1.20590668
     6    148      0      0.00000000      1.27837989
     6    149      0      0.00000000      1.19269839
     6    150      0      0.00000000      1.26028509
     6    151      0      0.00000000      1.19526833
     6    152      0      0.00000000      1.24269038
     6    153      0      0.00000000      1.13998363
     6    154      0      0.00000000      1.13156480
     6    155      0      0.00000000      1.21268388
     6    156      0      0.00000000      1.18937166
     6    157      0      0.00000000      1.24715005
     6    158      0      0.00000000      1.27087596
     6    159      0      0.00000000      1.28684360
     6    160      0      0.00000000      1.26219150
     6    161      0      0.00000000      1.24915354
     6    162      0      0.00000000      1.25390187
     6    163      0      0.00000000      1.24468573
     6    164      0      0.00000000      1.18679804
     6    165      0      0.00000000      1.15794801
     6    166      0      0.00000000      1.19572846
     6    167      0      0.00000000      1.19478039
     7      0      0      0.00000000      1.25197329
     7      1      0      0.00000000      1.30322522
     7      2      0      0.00000000      1.27010497
     7      3      0      0.00000000      1.30580276
     7      4      0      0.00000000      1.28309527
     7      5      0      0.00000000      1.24112876
     7      6      0      0.00000000      1.24902336
     7      7      0      0.00000000      1.26548212
     7      8      0      0.00000000      1.20949481
     7      9      0      0.00000000      1.29468783
     7     10      0      0.00000000      1.26595196
     7     11      0      0.00000000      1.29706006
     7     12      0      0.00000000      1.32179440
     7     13      0      0.00000000      1.36861844
     7     14      0      0.00000000      1.24481483
     7     15      0      0.00000000      1.31252236
     7     16      0      0.00000000      1.20929101
     7     17      0      0.00000000      1.18955804
     7     18      0      0.00000000      1.30046317
     7     19      0      0.00000000      1.31914809
     7     20      0      0.00000000      1.26881339
     7     21      0      0.00000000      1.28411004
     7     22      0      0.00000000      1.16497495
     7     23      0      0.00000000      1.06065975
     7     24      0      0.00000000      1.17171635
     7     25      0      0.00000000      1.07661090
     7     26      0      0.00000000      0.99964549
     7     27      0      0.00000000      0.95139998
     7     28      0      0.00000000      0.91845749
     7     29      0      0.00000000      1.10963472
     7     30      0      0.00000000      1.09221037
     7     31      0      0.00000000      1.15365864
     7     32      0      0.00000000      1.35226464
     7     33      0      0.00000000      1.23423441
     7     34      0      0.00000000      1.17814123
     7     35      0      0.00000000      1.30145627
     7     36      0      0.00000000      1.33839742
     7     37      0      0.00000000      1.36656754
     7     38      0      0.00000000      1.40102351
     7     39      0      0.00000000      1.22090237
     7     40      0      0.00000000      1.27317254
     7     41      0      0.00000000      1.44681600
     7     42      0      0.00000000      1.23923387
     7     43      0      0.00000000      1.41520204
     7     44      0      0.00000000      1.15537456
     7     45      0      0.00000000      1.20040159
     7     46      0      0.00000000      1.26700475
     7     47      0      0.00000000      1.21244103
     7     48      0      0.00000000      1.12251011
     7     49      0      0.00000000      1.20392515
     7     50      0      0.00000000      1.21927485
     7     51      0      0.00000000      1.33416930
     7     52      0      0.00000000      1.27294007
     7     53      0      0.00000000      1.33241394
     7     54      0      0.00000000      1.26955165
     7     55      0      0.00000000      1.22441886
     7     56      0      0.00000000      1.19744948
     7     57      0      0.00000000      1.25024959
     7     58      0      0.00000000      1.23653413
     7     59      0      0.00000000      1.34955415
     7     60      0      0.00000000      1.28355165
     7     61      0      0.00000000      1.40147075
     7     62      0      0.00000000      1.19680392
     7     63      0      0.00000000      1.25974208
     7     64      0      0.00000000      1.34992846
     7     65      0      0.00000000      1.37367662
     7     66      0      0.00000000      1.28799163
     7     67      0      0.00000000      1.31038331
     7     68      0      0.00000000      1.29509657
     7     69      0      0.00000000      1.36405307
     7     70      0      0.00000000      1.24564684
     7     71      0      0.00000000      1.35260875
     7     72      0      0.00000000      1.33424353
     7     73      0      0.00000000      1.43090565
     7     74      0      0.00000000      1.39030666
     7     75      0      0.00000000      1.36241497
     7     76      0      0.00000000      1.36368493
     7     77      0      0.00000000      1.31566035
     7     78      0      0.00000000      1.33942070
     7     79      0      0.00000000      1.33631361
     7     80      0      0.00000000      1.40751819
     7     81      0      0.00000000      1.35062201
     7     82      0      0.00000000      1.38888912
     7     83      0      0.00000000      1.35214791
     7     84      0      0.00000000      1.31022544
     7     85      0      0.00000000      1.36807991
     7     86      0      0.00000000      1.38692416
     7     87      0      0.00000000      1.29541183
     7     88      0      0.00000000      1.22769772
     7     89      0      0.00000000      1.25546087
     7     90      0      0.00000000      1.21052007
     7     91      0      0.00000000      1.26630687
     7     92      0      0.00000000      1.21840503
     7     93      0      0.00000000      1.18341914
     7     94      0      0.00000000      1.17793895
     7     95      0      0.00000000      1.27244448
     7     96      0      0.00000000      1.33298722
     7     97      0      0.00000000      1.33885089
     7     98      0      0.00000000      1.43564384
     7     99      0      0.00000000      1.37278006
     7    100      0      0.00000000      1.37051903
     7    101      0      0.00000000      1.36852530
     7    102      0      0.00000000      1.36497459
     7    103      0      0.00000000      1.45294184
     7    104      0      0.00000000      1.29589696
     7    105      0      0.00000000      1.37291689
     7    106      0      0.00000000      1.37342411
     7    107      0      0.00000000      1.26844157
     7    108      0      0.00000000      1.42716903
     7    109      0      0.00000000      1.24675948
     7    110      0      0.00000000      1.23880060
     7    111      0      0.00000000      1.50929065
     7    112      0      0.00000000      1.17830794
     7    113      0      0.00000000      1.51190813
     7    114      0      0.00000000      1.30173486
     7    115      0      0.00000000      1.35285750
     7    116      0      0.00000000      1.11233892
     7    117      0      0.00000000      1.31986182
     7    118      0      0.00000000      1.49623010
     7    119      0      0.00000000      1.27257413
     7    120      0      0.00000000      1.36565280
     7    121      0      0.00000000      1.31806103
     7    122      0      0.00000000      1.23711397
     7    123      0      0.00000000      1.53603208
     7    124      0      0.00000000      1.27095725
     7    125      0      0.00000000      1.32566221
     7    126      0      0.00000000      1.34501792
     7    127      0      0.00000000      1.18265348
     7    128      0      0.00000000      1.33544162
     7    129      0      0.00000000      1.23817302
     7    130      0      0.00000000      1.34289040
     7    131      0      0.00000000      1.47754306
     7    132      0      0.00000000      1.25662170
     7    133      0      0.00000000      1.33416432
     7    134      0      0.00000000      1.33942909
     7    135      0      0.00000000      1.28043936
     7    136      0      0.00000000      1.34077431
     7    137      0      0.00000000      1.40334435
     7    138      0      0.00000000      1.42626699
     7    139      0      0.00000000      1.35490177
     7    140      0      0.00000000      1.31819590
     7    141      0      0.00000000      1.37192119
     7    142      0      0.00000000      1.31331561
     7    143      0      0.00000000      1.30648498
     7    144      0      0.00000000      1.23566017
     7    145      0      0.00000000      1.41574217
     7    146      0      0.00000000      1.31034281
     7    147      0      0.00000000      1.37260124
     7    148      0      0.00000000      1.31888384
     7    149      0      0.00000000      1.41029460
     7    150      0      0.00000000      1.27844072
     7    151      0      0.00000000      1.33884848
     7    152      0      0.00000000      1.40549402
     7    153      0      0.00000000      1.52532215
     7    154      0      0.00000000      1.51205058
     7    155      0      0.00000000      1.31827945
     7    156      0      0.00000000      1.30903487
     7    157      0      0.00000000      1.68371303
     7    158      0      0.00000000      1.06737291
     7    159      0      0.00000000      1.42797921
     7    160      0      0.00000000      1.06369584
     7    161      0      0.00000000      0.86953890
     7    162      0      0.00000000      0.94978657
     7    163      0      0.00000000      0.99917873
     7    164      0      0.00000000      0.90689451
     7    165      0      0.00000000      0.92303816
     7    166      0      0.00000000      0.93316746
     7    167      0      0.00000000      0.91938588
     7    168      0      0.00000000      0.96311571
     7    169      0      0.00000000      1.23705178
     7    170      0      0.00000000      1.27640332
     7    171      0      0.00000000      1.20087473
     7    172      0      0.00000000      1.28629544
     7    173      0      0.00000000      1.18642735
     7    174      0      0.00000000      1.27613383
     7    175      0      0.00000000      1.22990833
     7    176      0      0.00000000      1.33212596
     7    177      0      0.00000000      1.28807215
     7    178      0      0.00000000      1.28372246
     7    179      0      0.00000000      1.25969634
     7    180      0      0.00000000      1.30873755
     7    181      0      0.00000000      1.16502803
     7    182      0      0.00000000      1.30475623
     7    183      0      0.00000000      1.19372041
     7    184      0      0.00000000      1.30430235
     7    185      0      0.00000000      1.24636943
     7    186      0      0.00000000      1.20901478
     7    187      0      0.00000000      1.19588236
     7    188      0      0.00000000      1.17963519
     7    189      0      0.00000000      1.20887546
     7    190      0      0.00000000      1.21332545
     7    191      0      0.00000000      1.26778806
     8      0      0      0.00000000      1.48160098
     8      1      0      0.00000000      1.37297460
     8      2      0      0.00000000      1.51742009
     8      3      0      0.00000000      1.39168587
     8      4      0      0.00000000      1.50995148
     8      5      0      0.00000000      1.44669849
     8      6      0      0.00000000      1.38546159
     8      7      0      0.00000000      1.37166497
     8      8      0      0.00000000      1.40812963
     8      9      0      0.00000000      1.33658512
     8     10      0      0.00000000      1.42724555
     8     11      0      0.00000000      1.35824668
     8     12      0      0.00000000      1.43542285
     8     13      0      0.00000000      1.41399845
     8     14      0      0.00000000      1.36412791
     8     15      0      0.00000000      1.41109719
     8     16      0      0.00000000      1.48053773
     8     17      0      0.00000000      1.35412907
     8     18      0      0.00000000      1.66019396
     8     19      0      0.00000000      1.28367093
     8     20      0      0.00000000      1.45909482
     8     21      0      0.00000000      1.25008039
     8     22      0      0.00000000      1.40241375
     8     23      0      0.00000000      1.36089407
     8     24      0      0.00000000      1.32829307
     8     25      0      0.00000000      1.35321057
     8     26      0      0.00000000      1.39887658
     8     27      0      0.00000000      1.39631224
     8     28      0      0.00000000      1.29750684
     8     29      0      0.00000000      1.32012555
     8     30      0      0.00000000      1.22907876
     8     31      0      0.00000000      1.84508690
     8     32      0      0.00000000      1.26350183
     8     33      0      0.00000000      1.26183058
     8     34      0      0.00000000      1.25720956
     8     35      0      0.00000000      1.53107712
     8     36      0      0.00000000      1.30369210
     8     37      0      0.00000000      1.31809919
     8     38      0      0.00000000      1.48295304
     8     39      0      0.00000000      1.22007200
     8     40      0      0.00000000      1.25446528
     8     41      0      0.00000000      1.39295497
     8     42      0      0.00000000      1.35280672
     8     43      0      0.00000000      1.35132531
     8     44      0      0.00000000      1.37754256
     8     45      0      0.00000000      1.17781096
     8     46      0      0.00000000      1.52317063
     8     47      0      0.00000000      1.31217098
     8     48      0      0.00000000      1.39019463
     8     49      0      0.00000000      1.23386289
     8     50      0      0.00000000      1.28838152
     8     51      0      0.00000000      1.53414628
     8     52      0      0.00000000      1.37049603
     8     53      0      0.00000000      1.25818331
     8     54      0      0.00000000      1.38365602
     8     55      0      0.00000000      1.44131762
     8     56      0      0.00000000      1.29980779
     8     57      0      0.00000000      1.41255572
     8     58      0      0.00000000      1.40611120
     8     59      0      0.00000000      1.23225323
     8     60      0      0.00000000      1.36245964
     8     61      0      0.00000000      1.26428943
     8     62      0      0.00000000      1.34500810
     8     63      0      0.00000000      1.33197583
     8     64      0      0.00000000      1.37948723
     8     65      0      0.00000000      1.21782574
     8     66      0      0.00000000      1.30615018
     8     67      0      0.00000000      1.39439022
     8     68      0      0.00000000      1.36528220
     8     69      0      0.00000000      1.33842741
     8     70      0      0.00000000      1.33440992
     8     71      0      0.00000000      1.38000695
     8     72      0      0.00000000      1.36266408
     8     73      0      0.00000000      1.30924320
     8     74      0      0.00000000      1.40587426
     8     75      0      0.00000000      1.34154204
     8     76      0      0.00000000      1.00000000
     8     77      0      0.00000000      1.00000000
     8     78      0      0.00000000      1.00000000
     8     79      0      0.00000000      1.00000000
     8     80      0      0.00000000      1.00000000
     8     81      0      0.00000000      1.00000000
     8     82      0      0.00000000      1.00000000
     8     83      0      0.00000000      1.00000000
     8     84      0      0.00000000      1.00000000
     8     85      0      0.00000000      1.00000000
     8     86      0      0.00000000      1.37847441
     8     87      0      0.00000000      1.43333923
     8     88      0      0.00000000      1.42575793
     8     89      0      0.00000000      1.33396035
     8     90      0      0.00000000      1.36396689
     8     91      0      0.00000000      1.40476717
     8     92      0      0.00000000      1.38464281
     8     93      0      0.00000000      1.41620103
     8     94      0      0.00000000      1.37319196
     8     95      0      0.00000000      1.37252591
     8     96      0      0.00000000      1.29844402
     8     97      0      0.00000000      1.31974476
     8     98      0      0.00000000      1.37316082
     8     99      0      0.00000000      1.31496693
     8    100      0      0.00000000      1.31096527
     8    101      0      0.00000000      1.25129123
     8    102      0      0.00000000      1.35299524
     8    103      0      0.00000000      1.31066304
     8    104      0      0.00000000      1.22136040
     8    105      0      0.00000000      1.17537815
     8    106      0      0.00000000      1.23403405
     8    107      0      0.00000000      1.29066907
     8    108      0      0.00000000      1.30420746
     8    109      0      0.00000000      1.29835682
     8    110      0      0.00000000      1.24346781
     8    111      0      0.00000000      1.27303880
     8    112      0      0.00000000      1.23054807
     8    113      0      0.00000000      1.34390244
     8    114      0      0.00000000      1.29678224
     8    115      0      0.00000000      1.35644726
     8    116      0      0.00000000      1.19445672
     8    117      0      0.00000000      1.27513993
     8    118      0      0.00000000      1.30693568
     8    119      0      0.00000000      1.18942441
     8    120      0      0.00000000      1.30877814
     8    121      0      0.00000000      1.28947717
     8    122      0      0.00000000      1.19151986
     8    123      0      0.00000000      1.36347773
     8    124      0      0.00000000      1.22344972
     8    125      0      0.00000000      1.30059597
     8    126      0      0.00000000      1.24234008
     8    127      0      0.00000000      1.18908958
     8    128      0      0.00000000      1.29163408
     8    129      0      0.00000000      1.22934662
     8    130      0      0.00000000      1.00000000
     8    131      0      0.00000000      1.00000000
     8    132      0      0.00000000      1.00000000
     8    133      0      0.00000000      1.00000000
     8    134      0      0.00000000      1.00000000
     8    135      0      0.00000000      1.00000000
     8    136      0      0.00000000      1.00000000
     8    137      0      0.00000000      1.00000000
     8    138      0      0.00000000      1.00000000
     8    139      0      0.00000000      1.00000000
     8    140      0      0.00000000      1.20535275
     8    141      0      0.00000000      1.26908405
     8    142      0      0.00000000      1.19397358
     8    143      0      0.00000000      1.32516706
     8    144      0      0.00000000      1.13791068
     8    145      0      0.00000000      1.13553323
     8    146      0      0.00000000      1.28529967
     8    147      0      0.00000000      1.18210400
     8    148      0      0.00000000      1.23066754
     8    149      0      0.00000000      1.29339187
     8    150      0      0.00000000      1.21524193
     8    151      0      0.00000000      1.32171423
     8    152      0      0.00000000      1.18642751
     8    153      0      0.00000000      1.30547503
     8    154      0      0.00000000      0.98973078
     8    155      0      0.00000000      1.18561823
     8    156      0      0.00000000      1.26947413
     8    157      0      0.00000000      1.37380574
     8    158      0      0.00000000      1.26719201
     8    159      0      0.00000000      1.18015961
     8    160      0      0.00000000      1.17778534
     8    161      0      0.00000000      1.22778538
     8    162      0      0.00000000      1.15092548
     8    163      0      0.00000000      1.28667565
     8    164      0      0.00000000      1.11026354
     8    165      0      0.00000000      1.22677259
     8    166      0      0.00000000      1.23599305
     8    167      0      0.00000000      1.25903143
     8    168      0      0.00000000      1.30084654
     8    169      0      0.00000000      1.30620168
     8    170      0      0.00000000      0.86596325
     8    171      0      0.00000000      0.99183765
     8    172      0      0.00000000      0.99251735
     8    173      0      0.00000000      0.93014477
     8    174      0      0.00000000      0.95216955
     8    175      0      0.00000000      1.04773393
     8    176      0      0.00000000      1.13939591
     8    177      0      0.00000000      1.24007078
     8    178      0      0.00000000      1.17098900
     8    179      0      0.00000000      1.21535758
     8    180      0      0.00000000      1.19711950
     8    181      0      0.00000000      1.24890398
     8    182      0      0.00000000      1.27622464
     8    183      0      0.00000000      1.33279075
     8    184      0      0.00000000      1.24684389
     8    185      0      0.00000000      1.24108479
     8    186      0      0.00000000      1.20299505
     8    187      0      0.00000000      1.28816325
     8    188      0      0.00000000      1.27007985
     8    189      0      0.00000000      1.28392366
     8    190      0      0.00000000      1.30792553
     8    191      0      0.00000000      1.31564524
     8    192      0      0.00000000      1.25583020
     8    193      0      0.00000000      1.34392380
     8    194      0      0.00000000      1.23631566
     8    195      0      0.00000000      1.29357309
     8    196      0      0.00000000      1.19017850
     8    197      0      0.00000000      1.26622238
     8    198      0      0.00000000      1.25063202
     8    199      0      0.00000000      1.24053950
     8    200      0      0.00000000      1.27424873
     8    201      0      0.00000000      1.33217099
     8    202      0      0.00000000      1.35175316
     8    203      0      0.00000000      1.47618610
     8    204      0      0.00000000      1.36153328
     8    205      0      0.00000000      1.29760846
     8    206      0      0.00000000      0.96166150
     8    207      0      0.00000000      1.38552490
     8    208      0      0.00000000      1.39817887
     8    209      0      0.00000000      1.40118267
     8    210      0      0.00000000      1.36158135
     8    211      0      0.00000000      1.36882854
     8    212      0      0.00000000      1.30323714
     8    213      0      0.00000000      1.32815185
     8    214      0      0.00000000      1.42135256
     8    215      0      0.00000000      1.40682892
     9      0      0      0.00000000      1.45387290
     9      1      0      0.00000000      1.56554067
     9      2      0      0.00000000      1.47077641
     9      3      0      0.00000000      1.45200369
     9      4      0      0.00000000      1.36886850
     9      5      0      0.00000000      1.45193987
     9      6      0      0.00000000      1.35503842
     9      7      0      0.00000000      1.41711912
     9      8      0      0.00000000      1.42668540
     9      9      0      0.00000000      1.33559992
     9     10      0      0.00000000      1.43873038
     9     11      0      0.00000000      1.32102156
     9     12      0      0.00000000      1.38247749
     9     13      0      0.00000000      1.38363556
     9     14      0      0.00000000      1.39269331
     9     15      0      0.00000000      1.32956270
     9     16      0      0.00000000      1.43071940
     9     17      0      0.00000000      1.30417811
     9     18      0      0.00000000      1.50256634
     9     19      0      0.00000000      1.38548420
     9     20      0      0.00000000      1.43548859
     9     21      0      0.00000000      1.41122842
     9     22      0      0.00000000      1.33437959
     9     23      0      0.00000000      1.39282112
     9     24      0      0.00000000      1.35049113
     9     25      0      0.00000000      1.33266121
     9     26      0      0.00000000      1.35462501
     9     27      0      0.00000000      1.39697066
     9     28      0      0.00000000      1.33698853
     9     29      0      0.00000000      1.29475369
     9     30      0      0.00000000      1.34204591
     9     31      0      0.00000000      1.29547314
     9     32      0      0.00000000      1.25124540
     9     33      0      0.00000000      1.88212337
     9     34      0      0.00000000      1.49342118
     9     35      0      0.00000000      1.31092393
     9     36      0      0.00000000      1.46915353
     9     37      0      0.00000000      1.09929243
     9     38      0      0.00000000      1.44806987
     9     39      0      0.00000000      1.38987940
     9     40      0      0.00000000      1.22218834
     9     41      0      0.00000000      1.49709351
     9     42      0      0.00000000      1.37299372
     9     43      0      0.00000000      1.23396177
     9     44      0      0.00000000      1.44394705
     9     45      0      0.00000000      1.29730740
     9     46      0      0.00000000      1.42867874
     9     47      0      0.00000000      1.25115222
     9     48      0      0.00000000      1.26887749
     9     49      0      0.00000000      1.43897773
     9     50      0      0.00000000      1.22335011
     9     51      0      0.00000000      1.34763319
     9     52      0      0.00000000      1.50155847
     9     53      0      0.00000000      1.31538584
     9     54      0      0.00000000      1.22224358
     9     55      0      0.00000000      1.27280404
     9     56      0      0.00000000      1.27021872
     9     57      0      0.00000000      1.34993762
     9     58      0      0.00000000      1.32501042
     9     59      0      0.00000000      1.28045687
     9     60      0      0.00000000      1.39961106
     9     61      0      0.00000000      1.28632437
     9     62      0      0.00000000      1.19584059
     9     63      0      0.00000000      1.29868032
     9     64      0      0.00000000      1.44254475
     9     65      0      0.00000000      1.23856835
     9     66      0      0.00000000      1.36961763
     9     67      0      0.00000000      1.37234956
     9     68      0      0.00000000      1.41148117
     9     69      0      0.00000000      1.35778471
     9     70      0      0.00000000      1.41125850
     9     71      0      0.00000000      1.41570165
     9     72      0      0.00000000      1.00000000
     9     73      0      0.00000000      1.00000000
     9     74      0      0.00000000      1.00000000
     9     75      0      0.00000000      1.00000000
     9     76      0      0.00000000      1.00000000
     9     77      0      0.00000000      1.00000000
     9     78      0      0.00000000      1.00000000
     9     79      0      0.00000000      1.00000000
     9     80      0      0.00000000      1.00000000
     9     81      0      0.00000000      1.00000000
     9     82      0      0.00000000      1.00000000
     9     83      0      0.00000000      1.00000000
     9     84      0      0.00000000      1.00000000
     9     85      0      0.00000000      1.00000000
     9     86      0      0.00000000      1.00000000
     9     87      0      0.00000000      1.00000000
     9     88      0      0.00000000      1.00000000
     9     89      0      0.00000000      1.00000000
     9     90      0      0.00000000      1.00000000
     9     91      0      0.00000000      1.00000000
     9     92      0      0.00000000      1.00000000
     9     93      0      0.00000000      1.00000000
     9     94      0      0.00000000      1.00000000
     9     95      0      0.00000000      1.00000000
     9     96      0      0.00000000      1.00000000
     9     97      0      0.00000000      1.00000000
     9     98      0      0.00000000      1.00000000
     9     99      0      0.00000000      1.00000000
     9    100      0      0.00000000      1.00000000
     9    101      0      0.00000000      1.00000000
     9    102      0      0.00000000      1.00000000
     9    103      0      0.00000000      1.00000000
     9    104      0      0.00000000      1.00000000
     9    105      0      0.00000000      1.00000000
     9    106      0      0.00000000      1.00000000
     9    107      0      0.00000000      1.00000000
     9    108      0      0.00000000      1.28630823
     9    109      0      0.00000000      1.31480279
     9    110      0      0.00000000      1.30668945
     9    111      0      0.00000000      1.35230473
     9    112      0      0.00000000      1.28973705
     9    113      0      0.00000000      1.24536018
     9    114      0      0.00000000      1.25453536
     9    115      0      0.00000000      1.28957145
     9    116      0      0.00000000      1.22711983
     9    117      0      0.00000000      1.20461113
     9    118      0      0.00000000      1.19231439
     9    119      0      0.00000000      1.30004352
     9    120      0      0.00000000      1.30156306
     9    121      0      0.00000000      1.39667178
     9    122      0      0.00000000      1.31833160
     9    123      0      0.00000000      1.39292132
     9    124      0      0.00000000      1.37795464
     9    125      0      0.00000000      1.45251351
     9    126      0      0.00000000      1.37657623
     9    127      0      0.00000000      1.39746244
     9    128      0      0.00000000      1.40737543
     9    129      0      0.00000000      1.40227179
     9    130      0      0.00000000      1.44857773
     9    131      0      0.00000000      1.39344613
     9    132      0      0.00000000      1.00000000
     9    133      0      0.00000000      1.00000000
     9    134      0      0.00000000      1.00000000
     9    135      0      0.00000000      1.00000000
     9    136      0      0.00000000      1.00000000
     9    137      0      0.00000000      1.00000000
     9    138      0      0.00000000      1.00000000
     9    139      0      0.00000000      1.00000000
     9    140      0      0.00000000      1.00000000
     9    141      0      0.00000000      1.00000000
     9    142      0      0.00000000      1.00000000
     9    143      0      0.00000000      1.00000000
     9    144      0      0.00000000      1.00000000
     9    145      0      0.00000000      1.00000000
     9    146      0      0.00000000      1.00000000
     9    147      0      0.00000000      1.00000000
     9    148      0      0.00000000      1.00000000
     9    149      0      0.00000000      1.00000000
     9    150      0      0.00000000      1.00000000
     9    151      0      0.00000000      1.00000000
     9    152      0      0.00000000      1.00000000
     9    153      0      0.00000000      1.00000000
     9    154      0      0.00000000      1.00000000
     9    155      0      0.00000000      1.00000000
     9    156      0      0.00000000      1.00000000
     9    157      0      0.00000000      1.00000000
     9    158      0      0.00000000      1.00000000
     9    159      0      0.00000000      1.00000000
     9    160      0      0.00000000      1.00000000
     9    161      0      0.00000000      1.00000000
     9    162      0      0.00000000      1.00000000
     9    163      0      0.00000000      1.00000000
     9    164      0      0.00000000      1.00000000
     9    165      0      0.00000000      1.00000000
     9    166      0      0.00000000      1.00000000
     9    167      0      0.00000000      1.00000000
     9    168      0      0.00000000      1.29966579
     9    169      0      0.00000000      1.53069005
     9    170      0      0.00000000      1.20991236
     9    171      0      0.00000000      1.36137977
     9    172      0      0.00000000      1.45984529
     9    173      0      0.00000000      1.26954201
     9    174      0      0.00000000      1.25004945
     9    175      0      0.00000000      1.38443822
     9    176      0      0.00000000      1.29773214
     9    177      0      0.00000000      1.34105812
     9    178      0      0.00000000      1.29161078
     9    179      0      0.00000000      1.29152542
     9    180      0      0.00000000      1.36521870
     9    181      0      0.00000000      1.33956055
     9    182      0      0.00000000      1.29461742
     9    183      0      0.00000000      1.35431528
     9    184      0      0.00000000      1.29599972
     9    185      0      0.00000000      1.54882513
     9    186      0      0.00000000      1.31822090
     9    187      0      0.00000000      1.44170224
     9    188      0      0.00000000      1.34919864
     9    189      0      0.00000000      1.32746075
     9    190      0      0.00000000      1.29909537
     9    191      0      0.00000000      1.25961876
     9    192      0      0.00000000      1.44596279
     9    193      0      0.00000000      1.36205556
     9    194      0      0.00000000      1.37984172
     9    195      0      0.00000000      1.49314713
     9    196      0      0.00000000      1.29197244
     9    197      0      0.00000000      1.40439371
     9    198      0      0.00000000      1.21101921
     9    199      0      0.00000000      1.29331587
     9    200      0      0.00000000      1.27745746
     9    201      0      0.00000000      1.37067176
     9    202      0      0.00000000      1.27489027
     9    203      0      0.00000000      1.50015977
     9    204      0      0.00000000      1.33489124
     9    205      0      0.00000000      1.44215889
     9    206      0      0.00000000      1.25072020
     9    207      0      0.00000000      1.41896496
     9    208      0      0.00000000      1.31353336
     9    209      0      0.00000000      1.54607352
     9    210      0      0.00000000      1.36928372
     9    211      0      0.00000000      1.35202688
     9    212      0      0.00000000      1.18574485
     9    213      0      0.00000000      1.44194432
     9    214      0      0.00000000      1.33455871
     9    215      0      0.00000000      1.39868576
     9    216      0      0.00000000      1.41316670
     9    217      0      0.00000000      1.45030711
     9    218      0      0.00000000      1.38955601
     9    219      0      0.00000000      1.51359091
     9    220      0      0.00000000      1.43866359
     9    221      0      0.00000000      1.49503170
     9    222      0      0.00000000      1.35032270
     9    223      0      0.00000000      1.41249449
     9    224      0      0.00000000      1.29385310
     9    225      0      0.00000000      1.36142226
     9    226      0      0.00000000      1.40027088
     9    227      0      0.00000000      1.38536757
     9    228      0      0.00000000      1.44787397
     9    229      0      0.00000000      1.46210560
     9    230      0      0.00000000      1.36019177
     9    231      0      0.00000000      1.38037939
     9    232      0      0.00000000      1.61188802
     9    233      0      0.00000000      2.54767251
     9    234      0      0.00000000      1.47422342
     9    235      0      0.00000000      1.63132454
     9    236      0      0.00000000      1.52760202
     9    237      0      0.00000000      1.56515836
     9    238      0      0.00000000      1.47615821
     9    239      0      0.00000000      1.55252786
    10      0      0      0.00000000      1.25681666
    10      1      0      0.00000000      1.37200345
    10      2      0      0.00000000      1.18117073
    10      3      0      0.00000000      1.14107525
    10      4      0      0.00000000      1.21365360
    10      5      0      0.00000000      1.21258332
    10      6      0      0.00000000      1.21552577
    10      7      0      0.00000000      1.13728904
    10      8      0      0.00000000      1.07254103
    10      9      0      0.00000000      1.10487116
    10     10      0      0.00000000      1.21215817
    10     11      0      0.00000000      1.15641641
    10     12      0      0.00000000      1.30082571
    10     13      0      0.00000000      1.04713526
    10     14      0      0.00000000      1.17731467
    10     15      0      0.00000000      1.12957187
    10     16      0      0.00000000      0.94031082
    10     17      0      0.00000000      1.00852808
    10     18      0      0.00000000      1.04804838
    10     19      0      0.00000000      1.04179742
    10     20      0      0.00000000      0.94945667
    10     21      0      0.00000000      1.14233786
    10     22      0      0.00000000      1.02867129
    10     23      0      0.00000000      1.20753493
    10     24      0      0.00000000      1.09279125
    10     25      0      0.00000000      1.11508432
    10     26      0      0.00000000      1.13848110
    10     27      0      0.00000000      1.05697824
    10     28      0      0.00000000      1.15475400
    10     29      0      0.00000000      1.12965943
    10     30      0      0.00000000      1.14204052
    10     31      0      0.00000000      1.20488982
    10     32      0      0.00000000      1.15855678
    10     33      0      0.00000000      1.16305694
    10     34      0      0.00000000      1.18651691
    10     35      0      0.00000000      1.08795109
    10     36      0      0.00000000      1.09014140
    10     37      0      0.00000000      0.89876845
    10     38      0      0.00000000      1.01864930
    10     39      0      0.00000000      1.11562120
    10     40      0      0.00000000      0.86992431
    10     41      0      0.00000000      1.01603066
    10     42      0      0.00000000      0.87954234
    10     43      0      0.00000000      0.98062627
    10     44      0      0.00000000      0.84161751
    10     45      0      0.00000000      1.06355541
    10     46      0      0.00000000      0.91438602
    10     47      0      0.00000000      1.23520655
    10     48      0      0.00000000      1.10220538
    10     49      0      0.00000000      1.00000000
    10     50      0      0.00000000      1.00000000
    10     51      0      0.00000000      1.00000000
    10     52      0      0.00000000      1.00000000
    10     53      0      0.00000000      1.00000000
    10     54      0      0.00000000      1.00000000
    10     55      0      0.00000000      1.00000000
    10     56      0      0.00000000      1.00000000
    10     57      0      0.00000000      1.00000000
    10     58      0      0.00000000      1.00000000
    10     59      0      0.00000000      1.00000000
    10     60      0      0.00000000      1.00000000
    10     61      0      0.00000000      1.00000000
    10     62      0      0.00000000      1.00000000
    10     63      0      0.00000000      1.00000000
    10     64      0      0.00000000      1.00000000
    10     65      0      0.00000000      1.00000000
    10     66      0      0.00000000      1.00000000
    10     67      0      0.00000000      1.00000000
    10     68      0      0.00000000      1.00000000
    10     69      0      0.00000000      1.00000000
    10     70      0      0.00000000      1.00000000
    10     71      0      0.00000000      1.00000000
    10     72      0      0.00000000      1.00000000
    10     73      0      0.00000000      1.00000000
    10     74      0      0.00000000      1.00000000
    10     75      0      0.00000000      1.00000000
    10     76      0      0.00000000      1.00000000
    10     77      0      0.00000000      1.00000000
    10     78      0      0.00000000      1.00000000
    10     79      0      0.00000000      1.00000000
    10     80      0      0.00000000      1.00000000
    10     81      0      0.00000000      1.00000000
    10     82      0      0.00000000      1.00000000
    10     83      0      0.00000000      1.00000000
    10     84      0      0.00000000      1.00000000
    10     85      0      0.00000000      1.00000000
    10     86      0      0.00000000      1.00000000
    10     87      0      0.00000000      1.00000000
    10     88      0      0.00000000      1.00000000
    10     89      0      0.00000000      1.00000000
    10     90      0      0.00000000      1.00000000
    10     91      0      0.00000000      1.00000000
    10     92      0      0.00000000      1.00000000
    10     93      0      0.00000000      1.00000000
    10     94      0      0.00000000      1.00000000
    10     95      0      0.00000000      1.00000000
    10     96      0      0.00000000      1.00000000
    10     97      0      0.00000000      1.00000000
    10     98      0      0.00000000      1.11700260
    10     99      0      0.00000000      1.10931748
    10    100      0      0.00000000      1.20779508
    10    101      0      0.00000000      1.14035255
    10    102      0      0.00000000      1.14546267
    10    103      0      0.00000000      1.14259029
    10    104      0      0.00000000      1.19388357
    10    105      0      0.00000000      1.12908474
    10    106      0      0.00000000      1.07838758
    10    107      0      0.00000000      1.18474493
    10    108      0      0.00000000      1.05982789
    10    109      0      0.00000000      1.16799020
    10    110      0      0.00000000      1.00000000
    10    111      0      0.00000000      1.00000000
    10    112      0      0.00000000      1.00000000
    10    113      0      0.00000000      1.00000000
    10    114      0      0.00000000      1.00000000
    10    115      0      0.00000000      1.00000000
    10    116      0      0.00000000      1.00000000
    10    117      0      0.00000000      1.00000000
    10    118      0      0.00000000      1.00000000
    10    119      0      0.00000000      1.00000000
    10    120      0      0.00000000      1.00000000
    10    121      0      0.00000000      1.00000000
    10    122      0      0.00000000      1.00000000
    10    123      0      0.00000000      1.00000000
    10    124      0      0.00000000      1.00000000
    10    125      0      0.00000000      1.00000000
    10    126      0      0.00000000      1.00000000
    10    127      0      0.00000000      1.00000000
    10    128      0      0.00000000      1.00000000
    10    129      0      0.00000000      1.00000000
    10    130      0      0.00000000      1.00000000
    10    131      0      0.00000000      1.00000000
    10    132      0      0.00000000      1.00000000
    10    133      0      0.00000000      1.00000000
    10    134      0      0.00000000      1.00000000
    10    135      0      0.00000000      1.00000000
    10    136      0      0.00000000      1.00000000
    10    137      0      0.00000000      1.00000000
    10    138      0      0.00000000      1.00000000
    10    139      0      0.00000000      1.00000000
    10    140      0      0.00000000      1.00000000
    10    141      0      0.00000000      1.00000000
    10    142      0      0.00000000      1.00000000
    10    143      0      0.00000000      1.00000000
    10    144      0      0.00000000      1.00000000
    10    145      0      0.00000000      1.00000000
    10    146      0      0.00000000      1.00000000
    10    147      0      0.00000000      1.00000000
    10    148      0      0.00000000      1.00000000
    10    149      0      0.00000000      1.00000000
    10    150      0      0.00000000      1.00000000
    10    151      0      0.00000000      1.00000000
    10    152      0      0.00000000      1.00000000
    10    153      0      0.00000000      1.00000000
    10    154      0      0.00000000      1.00000000
    10    155      0      0.00000000      1.00000000
    10    156      0      0.00000000      1.00000000
    10    157      0      0.00000000      1.00000000
    10    158      0      0.00000000      1.00000000
    10    159      0      0.00000000      0.92972674
    10    160      0      0.00000000      1.02378319
    10    161      0      0.00000000      1.02119928
    10    162      0      0.00000000      1.02287532
    10    163      0      0.00000000      1.24324087
    10    164      0      0.00000000      1.23091258
    10    165      0      0.00000000      0.90956455
    10    166      0      0.00000000      0.90302342
    10    167      0      0.00000000      0.89081658
    10    168      0      0.00000000      0.81693316
    10    169      0      0.00000000      0.91842515
    10    170      0      0.00000000      1.01530370
    10    171      0      0.00000000      1.03032871
    10    172      0      0.00000000      1.00669378
    10    173      0      0.00000000      1.12246702
    10    174      0      0.00000000      0.98240316
    10    175      0      0.00000000      1.08315719
    10    176      0      0.00000000      1.05293467
    10    177      0      0.00000000      1.05621923
    10    178      0      0.00000000      1.05512311
    10    179      0      0.00000000      1.13863216
    10    180      0      0.00000000      1.09966017
    10    181      0      0.00000000      1.22072042
    10    182      0      0.00000000      0.98297525
    10    183      0      0.00000000      1.11274011
    10    184      0      0.00000000      1.05570495
    10    185      0      0.00000000      1.06036620
    10    186      0      0.00000000      0.96861656
    10    187      0      0.00000000      1.08554953
    10    188      0      0.00000000      1.02043574
    10    189      0      0.00000000      1.13236897
    10    190      0      0.00000000      1.09238516
    10    191      0      0.00000000      1.13006385
    10    192      0      0.00000000      1.11963968
    10    193      0      0.00000000      1.11895328
    10    194      0      0.00000000      1.10738408
    10    195      0      0.00000000      1.13014199
    10    196      0      0.00000000      1.04431704
    10    197      0      0.00000000      1.08547852
    10    198      0      0.00000000      1.01170704
    10    199      0      0.00000000      1.10898810
    10    200      0      0.00000000      1.12514804
    10    201      0      0.00000000      1.16197488
    10    202      0      0.00000000      1.12640249
    10    203      0      0.00000000      1.10038551
    10    204      0      0.00000000      1.07447453
    10    205      0      0.00000000      1.01178307
    10    206      0      0.00000000      1.02293746
    10    207      0      0.00000000      1.03020429
    11      0      0      0.00000000      1.04423107
    11      1      0      0.00000000      1.01814954
    11      2      0      0.00000000      0.91055252
    11      3      0      0.00000000      0.80189226
    11      4      0      0.00000000      1.10818824
    11      5      0      0.00000000      1.44745604
    11      6      0      0.00000000      1.25916312
    11      7      0      0.00000000      1.16183291
    11      8      0      0.00000000      0.99331476
    11      9      0      0.00000000      0.88543436
    11     10      0      0.00000000      0.66395557
    11     11      0      0.00000000      0.83115279
    11     12      0      0.00000000      0.92960228
    11     13      0      0.00000000      0.88813386
    11     14      0      0.00000000      1.00632473
    11     15      0      0.00000000      1.11112386
    11     16      0      0.00000000      0.90350865
    11     17      0      0.00000000      1.15140323
    11     18      0      0.00000000      0.89783795
    11     19      0      0.00000000      1.10031869
    11     20      0      0.00000000      1.07427479
    11     21      0      0.00000000      1.14387425
    11     22      0      0.00000000      1.15086684
    11     23      0      0.00000000      1.14367668
    11     24      0      0.00000000      1.21858201
    11     25      0      0.00000000      0.94741699
    11     26      0      0.00000000      0.89564862
    11     27      0      0.00000000      1.17693824
    11     28      0      0.00000000      1.08682007
    11     29      0      0.00000000      1.10759051
    11     30      0      0.00000000      1.09603750
    11     31      0      0.00000000      1.10419989
    11     32      0      0.00000000      1.10721004
    11     33      0      0.00000000      1.00821504
    11     34      0      0.00000000      0.88670609
    11     35      0      0.00000000      0.91018089
    11     36      0      0.00000000      0.82622893
    11     37      0      0.00000000      0.82356897
    11     38      0      0.00000000      0.76205734
    11     39      0      0.00000000      1.08049788
    11     40      0      0.00000000      1.82154092
    11     41      0      0.00000000      1.07301808
    11     42      0      0.00000000      1.00000000
    11     43      0      0.00000000      1.00000000
    11     44      0      0.00000000      1.00000000
    11     45      0      0.00000000      1.00000000
    11     46      0      0.00000000      1.00000000
    11     47      0      0.00000000      1.00000000
    11     48      0      0.00000000      1.00000000
    11     49      0      0.00000000      1.00000000
    11     50      0      0.00000000      1.00000000
    11     51      0      0.00000000      1.00000000
    11     52      0      0.00000000      1.00000000
    11     53      0      0.00000000      1.00000000
    11     54      0      0.00000000      1.00000000
    11     55      0      0.00000000      1.00000000
    11     56      0      0.00000000      1.01156250
    11     57      0      0.00000000      1.27000893
    11     58      0      0.00000000      1.31320464
    11     59      0      0.00000000      1.37212805
    11     60      0      0.00000000      1.32629132
    11     61      0      0.00000000      1.16718982
    11     62      0      0.00000000      1.28314810
    11     63      0      0.00000000      1.16513313
    11     64      0      0.00000000      1.31669474
    11     65      0      0.00000000      1.25303615
    11     66      0      0.00000000      1.26824056
    11     67      0      0.00000000      1.28461359
    11     68      0      0.00000000      1.32901033
    11     69      0      0.00000000      1.30036008
    11     70      0      0.00000000      1.25120143
    11     71      0      0.00000000      1.28722867
    11     72      0      0.00000000      1.23092578
    11     73      0      0.00000000      1.21325904
    11     74      0      0.00000000      1.21195325
    11     75      0      0.00000000      1.22651616
    11     76      0      0.00000000      1.36634578
    11     77      0      0.00000000      1.24827682
    11     78      0      0.00000000      4.38588160
    11     79      0      0.00000000      1.32053840
    11     80      0      0.00000000      1.30627029
    11     81      0      0.00000000      1.28161546
    11     82      0      0.00000000      1.22664173
    11     83      0      0.00000000      1.27897114
    11     84      0      0.00000000      1.23652522
    11     85      0      0.00000000      1.35044536
    11     86      0      0.00000000      1.20580533
    11     87      0      0.00000000      1.23381978
    11     88      0      0.00000000      1.15761541
    11     89      0      0.00000000      1.15618109
    11     90      0      0.00000000      1.21291225
    11     91      0      0.00000000      1.17573167
    11     92      0      0.00000000      1.37740097
    11     93      0      0.00000000      1.33139818
    11     94      0      0.00000000      1.00000000
    11     95      0      0.00000000      1.00000000
    11     96      0      0.00000000      1.00000000
    11     97      0      0.00000000      1.00000000
    11     98      0      0.00000000      1.00000000
    11     99      0      0.00000000      1.00000000
    11    100      0      0.00000000      1.00000000
    11    101      0      0.00000000      1.00000000
    11    102      0      0.00000000      1.00000000
    11    103      0      0.00000000      1.00000000
    11    104      0      0.00000000      1.00000000
    11    105      0      0.00000000      1.00000000
    11    106      0      0.00000000      1.00000000
    11    107      0      0.00000000      1.00000000
    11    108      0      0.00000000      1.11501661
    11    109      0      0.00000000      1.13267986
    11    110      0      0.00000000      1.00000000
    11    111      0      0.00000000      1.00000000
    11    112      0      0.00000000      1.00000000
    11    113      0      0.00000000      1.00000000
    11    114      0      0.00000000      1.00000000
    11    115      0      0.00000000      1.00000000
    11    116      0      0.00000000      1.00000000
    11    117      0      0.00000000      1.00000000
    11    118      0      0.00000000      1.00000000
    11    119      0      0.00000000      1.00000000
    11    120      0      0.00000000      1.00000000
    11    121      0      0.00000000      1.00000000
    11    122      0      0.00000000      1.00000000
    11    123      0      0.00000000      1.00000000
    11    124      0      0.00000000      0.85420282
    11    125      0      0.00000000      0.79194361
    11    126      0      0.00000000      0.81029330
    11    127      0      0.00000000      0.83130825
    11    128      0      0.00000000      0.86059418
    11    129      0      0.00000000      0.85272553
    11    130      0      0.00000000      0.85887853
    11    131      0      0.00000000      0.83663079
    11    132      0      0.00000000      0.85294017
    11    133      0      0.00000000      0.85018985
    11    134      0      0.00000000      0.88896835
    11    135      0      0.00000000      0.89035554
    11    136      0      0.00000000      0.90587461
    11    137      0      0.00000000      0.94447308
    11    138      0      0.00000000      0.94371965
    11    139      0      0.00000000      0.93912073
    11    140      0      0.00000000      0.95880986
    11    141      0      0.00000000      0.94033431
    11    142      0      0.00000000      0.93416806
    11    143      0      0.00000000      0.92944534
    11    144      0      0.00000000      0.92786439
    11    145      0      0.00000000      0.94178793
    11    146      0      0.00000000      0.89353306
    11    147      0      0.00000000      0.89909170
    11    148      0      0.00000000      0.88009666
    11    149      0      0.00000000      0.85591207
    11    150      0      0.00000000      0.83030449
    11    151      0      0.00000000      0.83307633
    11    152      0      0.00000000      0.80372509
    11    153      0      0.00000000      0.82864236
    11    154      0      0.00000000      0.76980123
    11    155      0      0.00000000      0.82833955
    11    156      0      0.00000000      0.85478320
    11    157      0      0.00000000      0.88844017
    11    158      0      0.00000000      0.83361662
    11    159      0      0.00000000      0.81355017
    11    160      0      0.00000000      0.84450249
    11    161      0      0.00000000      0.94721225
    11    162      0      0.00000000      1.00000000
    11    163      0      0.00000000      1.00000000
    11    164      0      0.00000000      1.00000000
    11    165      0      0.00000000      1.00000000
    11    166      0      0.00000000      1.00000000
    11    167      0      0.00000000      1.00000000
    11    168      0      0.00000000      1.00000000
    11    169      0      0.00000000      1.00000000
    11    170      0      0.00000000      1.00000000
    11    171      0      0.00000000      1.00000000
    11    172      0      0.00000000      1.00000000
    11    173      0      0.00000000      1.00000000
    11    174      0      0.00000000      1.00000000
    11    175      0      0.00000000      1.00000000
    11    176      0      0.00000000      0.95919313
    11    177      0      0.00000000      0.88012818
    11    178      0      0.00000000      0.99359045
    11    179      0      0.00000000      0.99619831
    11    180      0      0.00000000      0.95800591
    11    181      0      0.00000000      0.95680805
    11    182      0      0.00000000      0.96360756
    11    183      0      0.00000000      0.97391954
    11    184      0      0.00000000      1.09000326
    11    185      0      0.00000000      1.14157700
    11    186      0      0.00000000      1.08715560
    11    187      0      0.00000000      1.03605172
    11    188      0      0.00000000      1.07033343
    11    189      0      0.00000000      1.07878445
    11    190      0      0.00000000      1.02030891
    11    191      0      0.00000000      1.04963120
    11    192      0      0.00000000      1.05702741
    11    193      0      0.00000000      1.13023434
    11    194      0      0.00000000      1.08370949
    11    195      0      0.00000000      1.11421572
    11    196      0      0.00000000      1.07284844
    11    197      0      0.00000000      1.10345137
    11    198      0      0.00000000      1.12520175
    11    199      0      0.00000000      1.04852773
    11    200      0      0.00000000      1.04430431
    11    201      0      0.00000000      1.10529929
    11    202      0      0.00000000      1.05769206
    11    203      0      0.00000000      1.07977790
    11    204      0      0.00000000      1.10453543
    11    205      0      0.00000000      1.15126965
    11    206      0      0.00000000      1.09173411
    11    207      0      0.00000000      1.23944303
    11    208      0      0.00000000      1.12500610
    11    209      0      0.00000000      1.13678927
    11    210      0      0.00000000      1.05961768
    11    211      0      0.00000000      1.14661017
    11    212      0      0.00000000      1.07221920
    11    213      0      0.00000000      1.07526215
    11    214      0      0.00000000      1.08606617
    11    215      0      0.00000000      1.08987457
    11    216      0      0.00000000      1.15014336
    11    217      0      0.00000000      1.05456962
    12      0      0      0.00000000      1.13180915
    12      1      0      0.00000000      0.96777118
    12      2      0      0.00000000      0.83851298
    12      3      0      0.00000000      1.08894752
    12      4      0      0.00000000      0.83524077
    12      5      0      0.00000000      0.91395814
    12      6      0      0.00000000      1.03777838
    12      7      0      0.00000000      0.91301828
    12      8      0      0.00000000      1.42810287
    12      9      0      0.00000000      0.77637424
    12     10      0      0.00000000      1.03106016
    12     11      0      0.00000000      1.66171339
    12     12      0      0.00000000      1.56574326
    12     13      0      0.00000000      0.87080119
    12     14      0      0.00000000      1.03186708
    12     15      0      0.00000000      0.93486893
    12     16      0      0.00000000      0.96687248
    12     17      0      0.00000000      1.24266626
    12     18      0      0.00000000      1.03416699
    12     19      0      0.00000000      1.14965462
    12     20      0      0.00000000      1.23175762
    12     21      0      0.00000000      1.11612918
    12     22      0      0.00000000      1.03062861
    12     23      0      0.00000000      0.85049452
    12     24      0      0.00000000      1.02754460
    12     25      0      0.00000000      1.18533698
    12     26      0      0.00000000      0.98765625
    12     27      0      0.00000000      1.16410228
    12     28      0      0.00000000      1.02681443
    12     29      0      0.00000000      1.69126428
    12     30      0      0.00000000      1.17140710
    12     31      0      0.00000000      1.11818805
    12     32      0      0.00000000      1.02643528
    12     33      0      0.00000000      0.98299868
    12     34      0      0.00000000      0.99922023
    12     35      0      0.00000000      1.78941474
    12     36      0      0.00000000      1.00000000
    12     37      0      0.00000000      1.00000000
    12     38      0      0.00000000      1.00000000
    12     39      0      0.00000000      1.00000000
    12     40      0      0.00000000      1.00000000
    12     41      0      0.00000000      1.00000000
    12     42      0      0.00000000      1.00000000
    12     43      0      0.00000000      1.00000000
    12     44      0      0.00000000      1.00000000
    12     45      0      0.00000000      1.00000000
    12     46      0      0.00000000      1.00000000
    12     47      0      0.00000000      1.00000000
    12     48      0      0.00000000      1.93140576
    12     49      0      0.00000000      1.27503965
    12     50      0      0.00000000      1.38722580
    12     51      0      0.00000000      1.29443362
    12     52      0      0.00000000      1.35417333
    12     53      0      0.00000000      1.27138622
    12     54      0      0.00000000      1.39320707
    12     55      0      0.00000000      1.39708007
    12     56      0      0.00000000      1.34354738
    12     57      0      0.00000000      1.40456610
    12     58      0      0.00000000      1.29779288
    12     59      0      0.00000000      1.42720740
    12     60      0      0.00000000      1.29253796
    12     61      0      0.00000000      1.31130263
    12     62      0      0.00000000      1.29261197
    12     63      0      0.00000000      1.33433131
    12     64      0      0.00000000      1.31331140
    12     65      0      0.00000000      1.31462375
    12     66      0      0.00000000      1.21004649
    12     67      0      0.00000000      1.33539310
    12     68      0      0.00000000      1.11185360
    12     69      0      0.00000000      1.32477275
    12     70      0      0.00000000      1.17090298
    12     71      0      0.00000000      1.18910544
    12     72      0      0.00000000      1.39494095
    12     73      0      0.00000000      1.17247714
    12     74      0      0.00000000      1.31443864
    12     75      0      0.00000000      1.21053842
    12     76      0      0.00000000      1.37459986
    12     77      0      0.00000000      1.25382308
    12     78      0      0.00000000      1.34170257
    12     79      0      0.00000000      1.26666232
    12     80      0      0.00000000      1.01998569
    12     81      0      0.00000000      1.35498063
    12     82      0      0.00000000      1.39542465
    12     83      0      0.00000000      1.30247210
    12     84      0      0.00000000      1.22046711
    12     85      0      0.00000000      1.28061141
    12     86      0      0.00000000      1.22545180
    12     87      0      0.00000000      1.30540018
    12     88      0      0.00000000      1.28090059
    12     89      0      0.00000000      1.24808257
    12     90      0      0.00000000      1.28626943
    12     91      0      0.00000000      1.18828163
    12     92      0      0.00000000      1.22642050
    12     93      0      0.00000000      1.19310918
    12     94      0      0.00000000      1.28229858
    12     95      0      0.00000000      1.35414484
    12     96      0      0.00000000      1.39485608
    12     97      0      0.00000000      1.28078966
    12     98      0      0.00000000      1.26210023
    12     99      0      0.00000000      1.28172508
    12    100      0      0.00000000      1.29108141
    12    101      0      0.00000000      1.33665033
    12    102      0      0.00000000      1.29322956
    12    103      0      0.00000000      1.34831668
    12    104      0      0.00000000      1.34669370
    12    105      0      0.00000000      1.35486162
    12    106      0      0.00000000      1.00000000
    12    107      0      0.00000000      1.00000000
    12    108      0      0.00000000      1.00000000
    12    109      0      0.00000000      1.00000000
    12    110      0      0.00000000      1.00000000
    12    111      0      0.00000000      1.00000000
    12    112      0      0.00000000      1.00000000
    12    113      0      0.00000000      1.00000000
    12    114      0      0.00000000      1.00000000
    12    115      0      0.00000000      1.00000000
    12    116      0      0.00000000      1.00000000
    12    117      0      0.00000000      1.00000000
    12    118      0      0.00000000      1.00000000
    12    119      0      0.00000000      1.00000000
    12    120      0      0.00000000      1.00000000
    12    121      0      0.00000000      1.00000000
    12    122      0      0.00000000      1.00000000
    12    123      0      0.00000000      1.00000000
    12    124      0      0.00000000      0.75334936
    12    125      0      0.00000000      0.82369154
    12    126      0      0.00000000      0.84534500
    12    127      0      0.00000000      0.84544428
    12    128      0      0.00000000      0.83012934
    12    129      0      0.00000000      0.85404263
    12    130      0      0.00000000      0.81098456
    12    131      0      0.00000000      0.87604058
    12    132      0      0.00000000      0.90196343
    12    133      0      0.00000000      0.88521405
    12    134      0      0.00000000      0.90135587
    12    135      0      0.00000000      0.90885409
    12    136      0      0.00000000      0.92610147
    12    137      0      0.00000000      0.93394581
    12    138      0      0.00000000      0.94615602
    12    139      0      0.00000000      0.96899985
    12    140      0      0.00000000      0.92076292
    12    141      0      0.00000000      0.92704628
    12    142      0      0.00000000      0.90810743
    12    143      0      0.00000000      0.94367578
    12    144      0      0.00000000      0.93195491
    12    145      0      0.00000000      0.91532297
    12    146      0      0.00000000      0.84921666
    12    147      0      0.00000000      0.87463748
    12    148      0      0.00000000      0.83979146
    12    149      0      0.00000000      0.85377435
    12    150      0      0.00000000      0.84336900
    12    151      0      0.00000000      0.83663327
    12    152      0      0.00000000      0.81744792
    12    153      0      0.00000000      0.81090301
    12    154      0      0.00000000      0.77900671
    12    155      0      0.00000000      0.79742438
    12    156      0      0.00000000      0.82796285
    12    157      0      0.00000000      0.81922233
    12    158      0      0.00000000      0.83231750
    12    159      0      0.00000000      0.84951709
    12    160      0      0.00000000      0.86383302
    12    161      0      0.00000000      0.88802761
    12    162      0      0.00000000      0.86171265
    12    163      0      0.00000000      0.87543046
    12    164      0      0.00000000      0.86754217
    12    165      0      0.00000000      0.90829729
    12    166      0      0.00000000      0.90500456
    12    167      0      0.00000000      0.91784888
    12    168      0      0.00000000      0.95299813
    12    169      0      0.00000000      0.92473107
    12    170      0      0.00000000      0.94222419
    12    171      0      0.00000000      0.90053224
    12    172      0      0.00000000      0.93033506
    12    173      0      0.00000000      0.95194113
    12    174      0      0.00000000      0.84436386
    12    175      0      0.00000000      0.88225736
    12    176      0      0.00000000      0.83568332
    12    177      0      0.00000000      0.88681404
    12    178      0      0.00000000      0.86673419
    12    179      0      0.00000000      0.92010707
    12    180      0      0.00000000      0.87447827
    12    181      0      0.00000000      0.98263243
    12    182      0      0.00000000      1.00000000
    12    183      0      0.00000000      1.00000000
    12    184      0      0.00000000      1.00000000
    12    185      0      0.00000000      1.00000000
    12    186      0      0.00000000      1.00000000
    12    187      0      0.00000000      1.00000000
    12    188      0      0.00000000      1.00000000
    12    189      0      0.00000000      1.00000000
    12    190      0      0.00000000      1.00000000
    12    191      0      0.00000000      1.00000000
    12    192      0      0.00000000      1.00000000
    12    193      0      0.00000000      1.00000000
    12    194      0      0.00000000      0.92332842
    12    195      0      0.00000000      1.00652830
    12    196      0      0.00000000      0.95199260
    12    197      0      0.00000000      1.01297681
    12    198      0      0.00000000      0.86118238
    12    199      0      0.00000000      0.97859982
    12    200      0      0.00000000      1.02887787
    12    201      0      0.00000000      1.11186869
    12    202      0      0.00000000      0.98679869
    12    203      0      0.00000000      1.04194299
    12    204      0      0.00000000      1.09719813
    12    205      0      0.00000000      1.07667283
    12    206      0      0.00000000      1.00630878
    12    207      0      0.00000000      1.01123278
    12    208      0      0.00000000      0.92436182
    12    209      0      0.00000000      1.02979250
    12    210      0      0.00000000      1.03146690
    12    211      0      0.00000000      1.08539691
    12    212      0      0.00000000      1.07239194
    12    213      0      0.00000000      1.11461954
    12    214      0      0.00000000      1.04036639
    12    215      0      0.00000000      1.09744649
    12    216      0      0.00000000      1.03849276
    12    217      0      0.00000000      1.08742400
    12    218      0      0.00000000      1.04348582
    12    219      0      0.00000000      1.07478557
    12    220      0      0.00000000      1.08558205
    12    221      0      0.00000000      1.11795024
    12    222      0      0.00000000      1.13313275
    12    223      0      0.00000000      1.08447159
    12    224      0      0.00000000      1.05845637
    12    225      0      0.00000000      1.18181970
    12    226      0      0.00000000      1.02593109
    12    227      0      0.00000000      1.02845364
    12    228      0      0.00000000      1.02345399
    12    229      0      0.00000000      1.13958713
    13      0      0      0.00000000      1.20191638
    13      1      0      0.00000000      1.06925034
    13      2      0      0.00000000      1.27013255
    13      3      0      0.00000000      1.07014752
    13      4      0      0.00000000      1.12423733
    13      5      0      0.00000000      1.09190864
    13      6      0      0.00000000      1.71890508
    13      7      0      0.00000000      1.22184745
    13      8      0      0.00000000      1.00578339
    13      9      0      0.00000000      1.21503612
    13     10      0      0.00000000      1.14489536
    13     11      0      0.00000000      1.91658642
    13     12      0      0.00000000      1.06251143
    13     13      0      0.00000000      1.06486111
    13     14      0      0.00000000      1.04951627
    13     15      0      0.00000000      1.08537625
    13     16      0      0.00000000      1.19037349
    13     17      0      0.00000000      1.00000000
    13     18      0      0.00000000      1.00000000
    13     19      0      0.00000000      1.00000000
    13     20      0      0.00000000      1.00000000
    13     21      0      0.00000000      1.00000000
    13     22      0      0.00000000      1.00000000
    13     23      0      0.00000000      1.00000000
    13     24      0      0.00000000      1.00000000
    13     25      0      0.00000000      1.00000000
    13     26      0      0.00000000      1.00000000
    13     27      0      0.00000000      1.00000000
    13     28      0      0.00000000      1.21550067
    13     29      0      0.00000000      1.38726708
    13     30      0      0.00000000      1.12736890
    13     31      0      0.00000000      1.30323020
    13     32      0      0.00000000      1.37793350
    13     33      0      0.00000000      1.17720532
    13     34      0      0.00000000      1.02973091
    13     35      0      0.00000000      1.12308835
    13     36      0      0.00000000      1.12308835
    13     37      0      0.00000000      1.12308835
    13     38      0      0.00000000      1.25047957
    13     39      0      0.00000000      1.24856619
    13     40      0      0.00000000      1.22736118
    13     41      0      0.00000000      1.26345298
    13     42      0      0.00000000      1.28123242
    13     43      0      0.00000000      1.33957191
    13     44      0      0.00000000      1.30490758
    13     45      0      0.00000000      1.49570071
    13     46      0      0.00000000      1.33144681
    13     47      0      0.00000000      1.28267244
    13     48      0      0.00000000      1.38840258
    13     49      0      0.00000000      1.26101970
    13     50      0      0.00000000      1.28727962
    13     51      0      0.00000000      1.33071444
    13     52      0      0.00000000      1.30450704
    13     53      0      0.00000000      1.38683651
    13     54      0      0.00000000      1.30108165
    13     55      0      0.00000000      1.32693695
    13     56      0      0.00000000      1.23394652
    13     57      0      0.00000000      1.19684858
    13     58      0      0.00000000      1.21652732
    13     59      0      0.00000000      1.19957081
    13     60      0      0.00000000      1.36129817
    13     61      0      0.00000000      1.25794402
    13     62      0      0.00000000      1.29604064
    13     63      0      0.00000000      1.20292962
    13     64      0      0.00000000      1.24921993
    13     65      0      0.00000000      1.23666677
    13     66      0      0.00000000      1.34746451
    13     67      0      0.00000000      1.26238809
    13     68      0      0.00000000      1.31262632
    13     69      0      0.00000000      4.58169986
    13     70      0      0.00000000      1.22970491
    13     71      0      0.00000000      1.38877694
    13     72      0      0.00000000      1.23700410
    13     73      0      0.00000000      1.28196117
    13     74      0      0.00000000      1.25600322
    13     75      0      0.00000000      1.32904477
    13     76      0      0.00000000      1.34653438
    13     77      0      0.00000000      1.15462325
    13     78      0      0.00000000      1.35544347
    13     79      0      0.00000000      1.21822061
    13     80      0      0.00000000      1.29035835
    13     81      0      0.00000000      1.22539596
    13     82      0      0.00000000      1.28614963
    13     83      0      0.00000000      1.47835028
    13     84      0      0.00000000      1.37189996
    13     85      0      0.00000000      1.37417826
    13     86      0      0.00000000      1.30000512
    13     87      0      0.00000000      1.34174668
    13     88      0      0.00000000      1.25706443
    13     89      0      0.00000000      1.35609119
    13     90      0      0.00000000      1.30796597
    13     91      0      0.00000000      1.47700763
    13     92      0      0.00000000      1.41545140
    13     93      0      0.00000000      1.34878758
    13     94      0      0.00000000      1.30847861
    13     95      0      0.00000000      1.33562220
    13     96      0      0.00000000      1.30933497
    13     97      0      0.00000000      1.36573957
    13     98      0      0.00000000      1.28854099
    13     99      0      0.00000000      1.00000000
    13    100      0      0.00000000      1.00000000
    13    101      0      0.00000000      1.00000000
    13    102      0      0.00000000      1.00000000
    13    103      0      0.00000000      1.00000000
    13    104      0      0.00000000      1.00000000
    13    105      0      0.00000000      1.00000000
    13    106      0      0.00000000      1.00000000
    13    107      0      0.00000000      1.00000000
    13    108      0      0.00000000      1.00000000
    13    109      0      0.00000000      1.00000000
    13    110      0      0.00000000      1.00000000
    13    111      0      0.00000000      1.00000000
    13    112      0      0.00000000      1.00000000
    13    113      0      0.00000000      1.00000000
    13    114      0      0.00000000      1.00000000
    13    115      0      0.00000000      0.83702575
    13    116      0      0.00000000      0.83525486
    13    117      0      0.00000000      0.93507158
    13    118      0      0.00000000      0.92789104
    13    119      0      0.00000000      0.97433438
    13    120      0      0.00000000      0.99173605
    13    121      0      0.00000000      0.96528791
    13    122      0      0.00000000      0.98698288
    13    123      0      0.00000000      0.94088149
    13    124      0      0.00000000      0.91173355
    13    125      0      0.00000000      0.85247978
    13    126      0      0.00000000      0.84594451
    13    127      0      0.00000000      0.85110075
    13    128      0      0.00000000      0.85184342
    13    129      0      0.00000000      0.86057401
    13    130      0      0.00000000      0.90122661
    13    131      0      0.00000000      0.88819679
    13    132      0      0.00000000      0.91406867
    13    133      0      0.00000000      0.93310356
    13    134      0      0.00000000      0.99858629
    13    135      0      0.00000000      0.99036815
    13    136      0      0.00000000      1.00922720
    13    137      0      0.00000000      0.99814094
    13    138      0      0.00000000      1.02992519
    13    139      0      0.00000000      1.01606141
    13    140      0      0.00000000      1.05012076
    13    141      0      0.00000000      1.03317302
    13    142      0      0.00000000      1.02455766
    13    143      0      0.00000000      1.04261287
    13    144      0      0.00000000      1.04317783
    13    145      0      0.00000000      1.03812428
    13    146      0      0.00000000      1.03833674
    13    147      0      0.00000000      1.01595586
    13    148      0      0.00000000      1.02506973
    13    149      0      0.00000000      1.00314047
    13    150      0      0.00000000      1.00214900
    13    151      0      0.00000000      0.98439556
    13    152      0      0.00000000      1.02547519
    13    153      0      0.00000000      0.96012387
    13    154      0      0.00000000      0.95755845
    13    155      0      0.00000000      0.94875930
    13    156      0      0.00000000      0.97692605
    13    157      0      0.00000000      0.95506905
    13    158      0      0.00000000      0.91383958
    13    159      0      0.00000000      0.92188123
    13    160      0      0.00000000      0.91271804
    13    161      0      0.00000000      0.86662181
    13    162      0      0.00000000      0.84045125
    13    163      0      0.00000000      0.74717788
    13    164      0      0.00000000      0.76539628
    13    165      0      0.00000000      0.76757080
    13    166      0      0.00000000      0.80567803
    13    167      0      0.00000000      0.73917778
    13    168      0      0.00000000      0.73885565
    13    169      0      0.00000000      0.72577574
    13    170      0      0.00000000      0.74062691
    13    171      0      0.00000000      0.79036792
    13    172      0      0.00000000      0.84758103
    13    173      0      0.00000000      0.85723932
    13    174      0      0.00000000      0.93495169
    13    175      0      0.00000000      0.92542540
    13    176      0      0.00000000      0.97648180
    13    177      0      0.00000000      0.95605447
    13    178      0      0.00000000      0.99981441
    13    179      0      0.00000000      0.95924343
    13    180      0      0.00000000      0.89104052
    13    181      0      0.00000000      0.83264997
    13    182      0      0.00000000      0.87156230
    13    183      0      0.00000000      0.92657292
    13    184      0      0.00000000      0.93368067
    13    185      0      0.00000000      0.99383472
    13    186      0      0.00000000      1.00000000
    13    187      0      0.00000000      1.00000000
    13    188      0      0.00000000      1.00000000
    13    189      0      0.00000000      1.00000000
    13    190      0      0.00000000      1.00000000
    13    191      0      0.00000000      1.00000000
    13    192      0      0.00000000      1.00000000
    13    193      0      0.00000000      1.00000000
    13    194      0      0.00000000      1.00000000
    13    195      0      0.00000000      1.00000000
    13    196      0      0.00000000      1.00000000
    13    197      0      0.00000000      1.12460558
    13    198      0      0.00000000      1.07954742
    13    199      0      0.00000000      1.02335262
    13    200      0      0.00000000      0.92083510
    13    201      0      0.00000000      0.97696418
    13    202      0      0.00000000      0.98895007
    13    203      0      0.00000000      0.95749720
    13    204      0      0.00000000      1.02274347
    13    205      0      0.00000000      1.08553028
    13    206      0      0.00000000      1.09781210
    13    207      0      0.00000000      1.11679434
    13    208      0      0.00000000      1.21554735
    13    209      0      0.00000000      1.18256436
    13    210      0      0.00000000      1.15938689
    13    211      0      0.00000000      1.12996705
    13    212      0      0.00000000      1.27703092
    13    213      0      0.00000000      1.28869435
    14      0      0      0.00000000      1.21499069
    14      1      0      0.00000000      1.27726098
    14      2      0      0.00000000      1.19399808
    14      3      0      0.00000000      1.28304829
    14      4      0      0.00000000      1.00000000
    14      5      0      0.00000000      1.00000000
    14      6      0      0.00000000      1.00000000
    14      7      0      0.00000000      1.00000000
    14      8      0      0.00000000      1.00000000
    14      9      0      0.00000000      1.00000000
    14     10      0      0.00000000      1.00000000
    14     11      0      0.00000000      1.00000000
    14     12      0      0.00000000      1.00000000
    14     13      0      0.00000000      1.00000000
    14     14      0      0.00000000      1.28304829
    14     15      0      0.00000000      1.17512952
    14     16      0      0.00000000      1.19747817
    14     17      0      0.00000000      1.08496256
    14     18      0      0.00000000      1.09653591
    14     19      0      0.00000000      1.06337992
    14     20      0      0.00000000      1.20542388
    14     21      0      0.00000000      1.17175269
    14     22      0      0.00000000      1.28742768
    14     23      0      0.00000000      1.28802327
    14     24      0      0.00000000      1.34127187
    14     25      0      0.00000000      1.41486415
    14     26      0      0.00000000      1.30364219
    14     27      0      0.00000000      1.17444228
    14     28      0      0.00000000      0.87829732
    14     29      0      0.00000000      0.93501371
    14     30      0      0.00000000      0.99203582
    14     31      0      0.00000000      1.19828868
    14     32      0      0.00000000      1.06024499
    14     33      0      0.00000000      1.30259019
    14     34      0      0.00000000      1.38729046
    14     35      0      0.00000000      1.43237645
    14     36      0      0.00000000      1.37190791
    14     37      0      0.00000000      1.31911724
    14     38      0      0.00000000      1.38213598
    14     39      0      0.00000000      1.36091720
    14     40      0      0.00000000      1.47051900
    14     41      0      0.00000000      1.18217545
    14     42      0      0.00000000      1.31209757
    14     43      0      0.00000000      1.33554811
    14     44      0      0.00000000      1.37597693
    14     45      0      0.00000000      1.27399213
    14     46      0      0.00000000      1.35661871
    14     47      0      0.00000000      1.29866805
    14     48      0      0.00000000      1.41987081
    14     49      0      0.00000000      1.37238548
    14     50      0      0.00000000      1.44479986
    14     51      0      0.00000000      1.36172790
    14     52      0      0.00000000      1.20656603
    14     53      0      0.00000000      1.36536965
    14     54      0      0.00000000      1.28938412
    14     55      0      0.00000000      1.35612370
    14     56      0      0.00000000      1.38002747
    14     57      0      0.00000000      1.30612293
    14     58      0      0.00000000      1.25338115
    14     59      0      0.00000000      1.23772933
    14     60      0      0.00000000      1.27757672
    14     61      0      0.00000000      1.29103223
    14     62      0      0.00000000      1.32217958
    14     63      0      0.00000000      1.47420814
    14     64      0      0.00000000      4.60567948
    14     65      0      0.00000000      1.29844905
    14     66      0      0.00000000      1.34322595
    14     67      0      0.00000000      1.28589827
    14     68      0      0.00000000      1.33777666
    14     69      0      0.00000000      1.27577237
    14     70      0      0.00000000      1.29435126
    14     71      0      0.00000000      1.41393769
    14     72      0      0.00000000      1.26739498
    14     73      0      0.00000000      1.35773778
    14     74      0      0.00000000      1.26223845
    14     75      0      0.00000000      1.22412161
    14     76      0      0.00000000      1.25483569
    14     77      0      0.00000000      1.27835864
    14     78      0      0.00000000      1.42513146
    14     79      0      0.00000000      1.45537739
    14     80      0      0.00000000      1.41738666
    14     81      0      0.00000000      1.33914452
    14     82      0      0.00000000      1.27459617
    14     83      0      0.00000000      1.40151374
    14     84      0      0.00000000      1.41014178
    14     85      0      0.00000000      1.34945258
    14     86      0      0.00000000      1.43433879
    14     87      0      0.00000000      1.52624104
    14     88      0      0.00000000      1.28904328
    14     89      0      0.00000000      1.32788505
    14     90      0      0.00000000      1.32755216
    14     91      0      0.00000000      1.39456768
    14     92      0      0.00000000      1.34991498
    14     93      0      0.00000000      1.28984420
    14     94      0      0.00000000      1.00000000
    14     95      0      0.00000000      1.00000000
    14     96      0      0.00000000      1.00000000
    14     97      0      0.00000000      1.00000000
    14     98      0      0.00000000      1.00000000
    14     99      0      0.00000000      1.00000000
    14    100      0      0.00000000      1.00000000
    14    101      0      0.00000000      1.00000000
    14    102      0      0.00000000      1.00000000
    14    103      0      0.00000000      1.00000000
    14    104      0      0.00000000      1.08238505
    14    105      0      0.00000000      1.03759526
    14    106      0      0.00000000      0.94482852
    14    107      0      0.00000000      1.03006287
    14    108      0      0.00000000      1.00000000
    14    109      0      0.00000000      1.00000000
    14    110      0      0.00000000      1.00000000
    14    111      0      0.00000000      1.00000000
    14    112      0      0.00000000      1.00000000
    14    113      0      0.00000000      1.00000000
    14    114      0      0.00000000      1.00000000
    14    115      0      0.00000000      1.00000000
    14    116      0      0.00000000      1.00000000
    14    117      0      0.00000000      1.00000000
    14    118      0      0.00000000      0.91209574
    14    119      0      0.00000000      0.88061199
    14    120      0      0.00000000      0.87018346
    14    121      0      0.00000000      0.93714697
    14    122      0      0.00000000      0.93192597
    14    123      0      0.00000000      0.96071707
    14    124      0      0.00000000      0.93796061
    14    125      0      0.00000000      0.98504591
    14    126      0      0.00000000      0.97409602
    14    127      0      0.00000000      1.02952574
    14    128      0      0.00000000      1.02235755
    14    129      0      0.00000000      1.04911096
    14    130      0      0.00000000      1.02009485
    14    131      0      0.00000000      1.07593284
    14    132      0      0.00000000      1.05022328
    14    133      0      0.00000000      1.04776467
    14    134      0      0.00000000      1.04452844
    14    135      0      0.00000000      1.01711830
    14    136      0      0.00000000      0.97653432
    14    137      0      0.00000000      1.03612922
    14    138      0      0.00000000      0.95806134
    14    139      0      0.00000000      1.02049189
    14    140      0      0.00000000      0.97831582
    14    141      0      0.00000000      1.00966404
    14    142      0      0.00000000      1.02481980
    14    143      0      0.00000000      1.05201160
    14    144      0      0.00000000      1.04341869
    14    145      0      0.00000000      1.02423863
    14    146      0      0.00000000      1.04192504
    14    147      0      0.00000000      1.04792842
    14    148      0      0.00000000      1.03390227
    14    149      0      0.00000000      1.02579179
    14    150      0      0.00000000      1.01033363
    14    151      0      0.00000000      1.02533443
    14    152      0      0.00000000      0.97013701
    14    153      0      0.00000000      0.98719892
    14    154      0      0.00000000      0.94058461
    14    155      0      0.00000000      0.96202981
    14    156      0      0.00000000      0.94834108
    14    157      0      0.00000000      0.95551415
    14    158      0      0.00000000      0.91719846
    14    159      0      0.00000000      0.89485211
    14    160      0      0.00000000      0.88443057
    14    161      0      0.00000000      0.87257869
    14    162      0      0.00000000      0.90460028
    14    163      0      0.00000000      0.89418420
    14    164      0      0.00000000      0.87306751
    14    165      0      0.00000000      0.94600597
    14    166      0      0.00000000      0.93166855
    14    167      0      0.00000000      0.99495910
    14    168      0      0.00000000      0.97826052
    14    169      0      0.00000000      1.00466755
    14    170      0      0.00000000      0.98602230
    14    171      0      0.00000000      0.95582136
    14    172      0      0.00000000      0.97480672
    14    173      0      0.00000000      0.96939512
    14    174      0      0.00000000      0.96293552
    14    175      0      0.00000000      0.97238200
    14    176      0      0.00000000      0.93796147
    14    177      0      0.00000000      0.92029987
    14    178      0      0.00000000      0.87239793
    14    179      0      0.00000000      0.93222936
    14    180      0      0.00000000      0.84703054
    14    181      0      0.00000000      0.89963625
    14    182      0      0.00000000      0.83619825
    14    183      0      0.00000000      0.88144484
    14    184      0      0.00000000      0.88590752
    14    185      0      0.00000000      0.97027839
    14    186      0      0.00000000      1.01052804
    14    187      0      0.00000000      1.13171311
    14    188      0      0.00000000      1.11914330
    14    189      0      0.00000000      1.10319044
    14    190      0      0.00000000      1.12449765
    14    191      0      0.00000000      1.11389720
    14    192      0      0.00000000      1.05230231
    14    193      0      0.00000000      1.07006037
    14    194      0      0.00000000      1.02703914
    14    195      0      0.00000000      1.14991784
    14    196      0      0.00000000      1.07454483
    14    197      0      0.00000000      1.20527982
    14    198      0      0.00000000      1.00000000
    14    199      0      0.00000000      1.00000000
    14    200      0      0.00000000      1.00000000
    14    201      0      0.00000000      1.00000000
    14    202      0      0.00000000      1.00000000
    14    203      0      0.00000000      1.00000000
    14    204      0      0.00000000      1.00000000
    14    205      0      0.00000000      1.00000000
    14    206      0      0.00000000      1.00000000
    14    207      0      0.00000000      1.00000000
    14    208      0      0.00000000      1.21474208
    14    209      0      0.00000000      1.27656040
    14    210      0      0.00000000      1.34130569
    14    211      0      0.00000000      1.43273435
    15      0      0      0.00000000      1.00000000
    15      1      0      0.00000000      1.00000000
    15      2      0      0.00000000      1.00000000
    15      3      0      0.00000000      1.00000000
    15      4      0      0.00000000      0.99298728
    15      5      0      0.00000000      1.40687867
    15      6      0      0.00000000      1.94971527
    15      7      0      0.00000000      1.12604565
    15      8      0      0.00000000      1.26568588
    15      9      0      0.00000000      1.28983066
    15     10      0      0.00000000      1.40312515
    15     11      0      0.00000000      1.24980758
    15     12      0      0.00000000      1.21746288
    15     13      0      0.00000000      1.35915977
    15     14      0      0.00000000      1.07494144
    15     15      0      0.00000000      1.14298166
    15     16      0      0.00000000      1.38202621
    15     17      0      0.00000000      1.34949779
    15     18      0      0.00000000      1.22963828
    15     19      0      0.00000000      1.40225876
    15     20      0      0.00000000      1.37969658
    15     21      0      0.00000000      1.40665232
    15     22      0      0.00000000      1.17037168
    15     23      0      0.00000000      1.28326945
    15     24      0      0.00000000      1.28850584
    15     25      0      0.00000000      1.47208501
    15     26      0      0.00000000      1.21681674
    15     27      0      0.00000000      0.95232585
    15     28      0      0.00000000      0.98947477
    15     29      0      0.00000000      0.93060412
    15     30      0      0.00000000      1.41660192
    15     31      0      0.00000000      1.49781226
    15     32      0      0.00000000      1.53836712
    15     33      0      0.00000000      2.00126025
    15     34      0      0.00000000      1.35022571
    15     35      0      0.00000000      1.28640987
    15     36      0      0.00000000      1.41605715
    15     37      0      0.00000000      2.11794103
    15     38      0      0.00000000      1.45908035
    15     39      0      0.00000000      1.39248309
    15     40      0      0.00000000      1.21319236
    15     41      0      0.00000000      1.02731432
    15     42      0      0.00000000      1.23408408
    15     43      0      0.00000000      1.12079132
    15     44      0      0.00000000      1.04340356
    15     45      0      0.00000000      1.27121082
    15     46      0      0.00000000      1.28160915
    15     47      0      0.00000000      1.22358195
    15     48      0      0.00000000      1.20809179
    15     49      0      0.00000000      1.28551793
    15     50      0      0.00000000      1.38064146
    15     51      0      0.00000000      1.29701230
    15     52      0      0.00000000      1.37508782
    15     53      0      0.00000000      1.45615543
    15     54      0      0.00000000      1.46014608
    15     55      0      0.00000000      1.29669856
    15     56      0      0.00000000      1.41438545
    15     57      0      0.00000000      1.05088258
    15     58      0      0.00000000      1.45945619
    15     59      0      0.00000000      1.34366725
    15     60      0      0.00000000      1.25697400
    15     61      0      0.00000000      4.44492621
    15     62      0      0.00000000      1.26064088
    15     63      0      0.00000000      1.38001876
    15     64      0      0.00000000      1.25187192
    15     65      0      0.00000000      1.22404799
    15     66      0      0.00000000      1.44083910
    15     67      0      0.00000000      1.31243605
    15     68      0      0.00000000      1.44781299
    15     69      0      0.00000000      1.24333278
    15     70      0      0.00000000      1.22554020
    15     71      0      0.00000000      1.22995360
    15     72      0      0.00000000      1.18407288
    15     73      0      0.00000000      1.20569875
    15     74      0      0.00000000      1.19352720
    15     75      0      0.00000000      1.38579223
    15     76      0      0.00000000      1.31017533
    15     77      0      0.00000000      1.35859561
    15     78      0      0.00000000      1.29533160
    15     79      0      0.00000000      1.31032858
    15     80      0      0.00000000      1.37016908
    15     81      0      0.00000000      1.30462168
    15     82      0      0.00000000      1.35750004
    15     83      0      0.00000000      1.37342329
    15     84      0      0.00000000      1.45529351
    15     85      0      0.00000000      1.37764755
    15     86      0      0.00000000      1.25576661
    15     87      0      0.00000000      1.33696345
    15     88      0      0.00000000      1.32140031
    15     89      0      0.00000000      1.33637517
    15     90      0      0.00000000      1.35939676
    15     91      0      0.00000000      1.00000000
    15     92      0      0.00000000      1.00000000
    15     93      0      0.00000000      1.00000000
    15     94      0      0.00000000      1.00000000
    15     95      0      0.00000000      1.00000000
    15     96      0      0.00000000      1.00000000
    15     97      0      0.00000000      1.00000000
    15     98      0      0.00000000      1.00000000
    15     99      0      0.00000000      1.00000000
    15    100      0      0.00000000      1.00000000
    15    101      0      0.00000000      1.10898025
    15    102      0      0.00000000      1.14420807
    15    103      0      0.00000000      1.21186739
    15    104      0      0.00000000      1.19917492
    15    105      0      0.00000000      1.15122501
    15    106      0      0.00000000      1.10079061
    15    107      0      0.00000000      1.09537773
    15    108      0      0.00000000      1.02920140
    15    109      0      0.00000000      1.01885207
    15    110      0      0.00000000      1.07378701
    15    111      0      0.00000000      1.01357879
    15    112      0      0.00000000      1.04274893
    15    113      0      0.00000000      1.00000000
    15    114      0      0.00000000      1.00000000
    15    115      0      0.00000000      1.00000000
    15    116      0      0.00000000      1.00000000
    15    117      0      0.00000000      1.00000000
    15    118      0      0.00000000      1.00000000
    15    119      0      0.00000000      1.00000000
    15    120      0      0.00000000      1.00000000
    15    121      0      0.00000000      1.00000000
    15    122      0      0.00000000      1.00000000
    15    123      0      0.00000000      1.04857290
    15    124      0      0.00000000      1.03368239
    15    125      0      0.00000000      1.02152446
    15    126      0      0.00000000      0.98157084
    15    127      0      0.00000000      0.93765870
    15    128      0      0.00000000      0.89676461
    15    129      0      0.00000000      0.91636144
    15    130      0      0.00000000      0.92832597
    15    131      0      0.00000000      0.93216147
    15    132      0      0.00000000      0.95174877
    15    133      0      0.00000000      0.95113707
    15    134      0      0.00000000      0.93225737
    15    135      0      0.00000000      1.01521262
    15    136      0      0.00000000      1.02462218
    15    137      0      0.00000000      1.02963119
    15    138      0      0.00000000      1.02511721
    15    139      0      0.00000000      1.04926766
    15    140      0      0.00000000      1.03544362
    15    141      0      0.00000000      1.05248964
    15    142      0      0.00000000      1.04655587
    15    143      0      0.00000000      1.03952328
    15    144      0      0.00000000      1.04823870
    15    145      0      0.00000000      1.01203177
    15    146      0      0.00000000      1.04381516
    15    147      0      0.00000000      1.07869036
    15    148      0      0.00000000      1.08380472
    15    149      0      0.00000000      1.06104705
    15    150      0      0.00000000      1.02763522
    15    151      0      0.00000000      1.04224432
    15    152      0      0.00000000      1.06890992
    15    153      0      0.00000000      1.02659325
    15    154      0      0.00000000      1.05303610
    15    155      0      0.00000000      1.06990003
    15    156      0      0.00000000      1.05327772
    15    157      0      0.00000000      1.04395647
    15    158      0      0.00000000      1.01169539
    15    159      0      0.00000000      1.04038898
    15    160      0      0.00000000      1.01593860
    15    161      0      0.00000000      1.00700084
    15    162      0      0.00000000      0.97158226
    15    163      0      0.00000000      0.94917748
    15    164      0      0.00000000      0.96406588
    15    165      0      0.00000000      0.96563988
    15    166      0      0.00000000      0.95909144
    15    167      0      0.00000000      0.99027042
    15    168      0      0.00000000      0.94857593
    15    169      0      0.00000000      0.99190939
    15    170      0      0.00000000      0.98205051
    15    171      0      0.00000000      0.97836556
    15    172      0      0.00000000      0.96650617
    15    173      0      0.00000000      1.01521534
    15    174      0      0.00000000      0.97471641
    15    175      0      0.00000000      1.00618968
    15    176      0      0.00000000      0.91414476
    15    177      0      0.00000000      0.92131821
    15    178      0      0.00000000      0.88128443
    15    179      0      0.00000000      0.89182899
    15    180      0      0.00000000      0.86101364
    15    181      0      0.00000000      0.87474134
    15    182      0      0.00000000      0.87719948
    15    183      0      0.00000000      0.88136809
    15    184      0      0.00000000      0.90844224
    15    185      0      0.00000000      1.10448763
    15    186      0      0.00000000      0.99798887
    15    187      0      0.00000000      1.08085352
    15    188      0      0.00000000      0.99627787
    15    189      0      0.00000000      1.07444729
    15    190      0      0.00000000      1.02921266
    15    191      0      0.00000000      1.07743038
    15    192      0      0.00000000      1.04209647
    15    193      0      0.00000000      1.01377418
    15    194      0      0.00000000      0.97048778
    15    195      0      0.00000000      0.94916374
    15    196      0      0.00000000      0.86924394
    15    197      0      0.00000000      1.01198128
    15    198      0      0.00000000      0.98273756
    15    199      0      0.00000000      1.06549112
    15    200      0      0.00000000      1.11012936
    15    201      0      0.00000000      1.19611208
    15    202      0      0.00000000      1.17316307
    15    203      0      0.00000000      1.18160861
    15    204      0      0.00000000      1.11052210
    15    205      0      0.00000000      1.10933848
    15    206      0      0.00000000      1.01851065
    15    207      0      0.00000000      1.09446454
    15    208      0      0.00000000      1.01346074
    15    209      0      0.00000000      1.18759579
    15    210      0      0.00000000      1.00000000
    15    211      0      0.00000000      1.00000000
    15    212      0      0.00000000      1.00000000
    15    213      0      0.00000000      1.00000000
    16      0      0      0.00000000      0.75170929
    16      1      0      0.00000000      1.03094340
    16      2      0      0.00000000      0.81296371
    16      3      0      0.00000000      0.86317819
    16      4      0      0.00000000      1.06781662
    16      5      0      0.00000000      1.11695945
    16      6      0      0.00000000      1.39954112
    16      7      0      0.00000000      1.13527639
    16      8      0      0.00000000      1.29356466
    16      9      0      0.00000000      1.21360635
    16     10      0      0.00000000      1.28029464
    16     11      0      0.00000000      1.28029464
    16     12      0      0.00000000      1.49582616
    16     13      0      0.00000000      1.28870322
    16     14      0      0.00000000      1.22723706
    16     15      0      0.00000000      1.09357115
    16     16      0      0.00000000      1.24446622
    16     17      0      0.00000000      1.34481970
    16     18      0      0.00000000      1.19384878
    16     19      0      0.00000000      1.22382845
    16     20      0      0.00000000      1.33108300
    16     21      0      0.00000000      1.23165518
    16     22      0      0.00000000      1.08280060
    16     23      0      0.00000000      1.22166995
    16     24      0      0.00000000      1.11214821
    16     25      0      0.00000000      1.48454197
    16     26      0      0.00000000      1.19680889
    16     27      0      0.00000000      0.98487085
    16     28      0      0.00000000      1.10452030
    16     29      0      0.00000000      1.29832216
    16     30      0      0.00000000      1.31128745
    16     31      0      0.00000000      1.31353357
    16     32      0      0.00000000      1.33028855
    16     33      0      0.00000000      1.28996046
    16     34      0      0.00000000      1.36315614
    16     35      0      0.00000000      1.33920490
    16     36      0      0.00000000      1.34215039
    16     37      0      0.00000000      1.46311017
    16     38      0      0.00000000      1.31534012
    16     39      0      0.00000000      1.12183983
    16     40      0      0.00000000      1.17949260
    16     41      0      0.00000000      1.30535786
    16     42      0      0.00000000      1.29903992
    16     43      0      0.00000000      1.34534366
    16     44      0      0.00000000      1.31724920
    16     45      0      0.00000000      1.31171188
    16     46      0      0.00000000      1.13147193
    16     47      0      0.00000000      1.28436759
    16     48      0      0.00000000      1.16471187
    16     49      0      0.00000000      1.39116467
    16     50      0      0.00000000      1.09605591
    16     51      0      0.00000000      1.24295525
    16     52      0      0.00000000      1.43359124
    16     53      0      0.00000000      1.20902521
    16     54      0      0.00000000      1.14160918
    16     55      0      0.00000000      1.34293537
    16     56      0      0.00000000      1.23844305
    16     57      0      0.00000000      1.30901541
    16     58      0      0.00000000      1.31809690
    16     59      0      0.00000000      1.23342689
    16     60      0      0.00000000      1.07463093
    16     61      0      0.00000000      0.98048077
    16     62      0      0.00000000      1.13735192
    16     63      0      0.00000000      1.34410283
    16     64      0      0.00000000      1.26462631
    16     65      0      0.00000000      1.28145780
    16     66      0      0.00000000      1.16909171
    16     67      0      0.00000000      1.34683399
    16     68      0      0.00000000      1.12307159
    16     69      0      0.00000000      1.16814646
    16     70      0      0.00000000      1.11484986
    16     71      0      0.00000000      1.14756504
    16     72      0      0.00000000      1.21957572
    16     73      0      0.00000000      1.19207046
    16     74      0      0.00000000      1.19614623
    16     75      0      0.00000000      1.45070187
    16     76      0      0.00000000      1.14724846
    16     77      0      0.00000000      1.20278484
    16     78      0      0.00000000      1.17918779
    16     79      0      0.00000000      1.20214765
    16     80      0      0.00000000      1.23964218
    16     81      0      0.00000000      1.27340941
    16     82      0      0.00000000      1.23607370
    16     83      0      0.00000000      1.30392122
    16     84      0      0.00000000      1.31655989
    16     85      0      0.00000000      1.23266962
    16     86      0      0.00000000      1.21873556
    16     87      0      0.00000000      1.32529855
    16     88      0      0.00000000      1.21322885
    16     89      0      0.00000000      1.23898149
    16     90      0      0.00000000      1.22557859
    16     91      0      0.00000000      1.00000000
    16     92      0      0.00000000      1.00000000
    16     93      0      0.00000000      1.00000000
    16     94      0      0.00000000      1.00000000
    16     95      0      0.00000000      1.00000000
    16     96      0      0.00000000      1.00000000
    16     97      0      0.00000000      1.00000000
    16     98      0      0.00000000      1.00000000
    16     99      0      0.00000000      1.00000000
    16    100      0      0.00000000      1.09808185
    16    101      0      0.00000000      1.12479668
    16    102      0      0.00000000      1.09520791
    16    103      0      0.00000000      1.12677526
    16    104      0      0.00000000      1.09829446
    16    105      0      0.00000000      1.11464190
    16    106      0      0.00000000      1.05797623
    16    107      0      0.00000000      1.10143361
    16    108      0      0.00000000      1.10251468
    16    109      0      0.00000000      1.13472885
    16    110      0      0.00000000      1.09731254
    16    111      0      0.00000000      1.15683040
    16    112      0      0.00000000      1.08308666
    16    113      0      0.00000000      1.09287573
    16    114      0      0.00000000      1.02843030
    16    115      0      0.00000000      1.02863622
    16    116      0      0.00000000      1.03213091
    16    117      0      0.00000000      1.04609955
    16    118      0      0.00000000      1.03708938
    16    119      0      0.00000000      1.08284442
    16    120      0      0.00000000      1.00000000
    16    121      0      0.00000000      1.00000000
    16    122      0      0.00000000      1.00000000
    16    123      0      0.00000000      1.00000000
    16    124      0      0.00000000      1.00000000
    16    125      0      0.00000000      1.00000000
    16    126      0      0.00000000      1.00000000
    16    127      0      0.00000000      1.00000000
    16    128      0      0.00000000      1.00000000
    16    129      0      0.00000000      0.91524597
    16    130      0      0.00000000      0.94001873
    16    131      0      0.00000000      0.95472081
    16    132      0      0.00000000      0.93597740
    16    133      0      0.00000000      0.90816299
    16    134      0      0.00000000      0.89226912
    16    135      0      0.00000000      0.94270281
    16    136      0      0.00000000      0.92867096
    16    137      0      0.00000000      0.92588080
    16    138      0      0.00000000      0.92488062
    16    139      0      0.00000000      0.93331381
    16    140      0      0.00000000      0.88956438
    16    141      0      0.00000000      0.89298057
    16    142      0      0.00000000      0.86210025
    16    143      0      0.00000000      0.87435076
    16    144      0      0.00000000      0.87649192
    16    145      0      0.00000000      0.87787214
    16    146      0      0.00000000      0.88560902
    16    147      0      0.00000000      0.90645753
    16    148      0      0.00000000      0.91685799
    16    149      0      0.00000000      0.92462687
    16    150      0      0.00000000      0.82254197
    16    151      0      0.00000000      0.96946683
    16    152      0      0.00000000      0.85326482
    16    153      0      0.00000000      1.00183677
    16    154      0      0.00000000      0.88140611
    16    155      0      0.00000000      0.89299758
    16    156      0      0.00000000      0.90487337
    16    157      0      0.00000000      0.91060741
    16    158      0      0.00000000      0.91469877
    16    159      0      0.00000000      0.93886689
    16    160      0      0.00000000      0.87721847
    16    161      0      0.00000000      0.91788697
    16    162      0      0.00000000      0.92314475
    16    163      0      0.00000000      0.90586443
    16    164      0      0.00000000      0.88921835
    16    165      0      0.00000000      0.92331304
    16    166      0      0.00000000      0.95190420
    16    167      0      0.00000000      0.90082114
    16    168      0      0.00000000      0.87970177
    16    169      0      0.00000000      0.88911801
    16    170      0      0.00000000      0.86433525
    16    171      0      0.00000000      0.84368813
    16    172      0      0.00000000      0.82403465
    16    173      0      0.00000000      0.82304135
    16    174      0      0.00000000      0.80393333
    16    175      0      0.00000000      0.87485180
    16    176      0      0.00000000      0.82974065
    16    177      0      0.00000000      0.83366128
    16    178      0      0.00000000      0.81505544
    16    179      0      0.00000000      0.81969677
    16    180      0      0.00000000      0.86021628
    16    181      0      0.00000000      0.84474490
    16    182      0      0.00000000      0.84627577
    16    183      0      0.00000000      0.86649237
    16    184      0      0.00000000      0.90109477
    16    185      0      0.00000000      0.90654606
    16    186      0      0.00000000      0.90086011
    16    187      0      0.00000000      0.92090219
    16    188      0      0.00000000      0.92190930
    16    189      0      0.00000000      0.96812069
    16    190      0      0.00000000      0.99342371
    16    191      0      0.00000000      0.98669584
    16    192      0      0.00000000      0.99813312
    16    193      0      0.00000000      1.04117812
    16    194      0      0.00000000      1.01958351
    16    195      0      0.00000000      1.01070245
    16    196      0      0.00000000      0.94546670
    16    197      0      0.00000000      0.96075885
    16    198      0      0.00000000      1.01496585
    16    199      0      0.00000000      1.01018160
    16    200      0      0.00000000      1.01278060
    16    201      0      0.00000000      1.02477387
    16    202      0      0.00000000      1.12555463
    16    203      0      0.00000000      1.13128252
    16    204      0      0.00000000      1.05457646
    16    205      0      0.00000000      1.15017569
    16    206      0      0.00000000      1.17164468
    16    207      0      0.00000000      1.08069172
    16    208      0      0.00000000      0.98110947
    16    209      0      0.00000000      0.96286495
    16    210      0      0.00000000      0.88922452
    16    211      0      0.00000000      0.91749475
    16    212      0      0.00000000      0.92737771
    16    213      0      0.00000000      1.00487694
    16    214      0      0.00000000      0.94812425
    16    215      0      0.00000000      1.01911120
    16    216      0      0.00000000      1.23870354
    16    217      0      0.00000000      1.16550777
    16    218      0      0.00000000      1.32337155
    16    219      0      0.00000000      0.94003356
    17      0      0      0.00000000      0.94003356
    17      1      0      0.00000000      1.11519102
    17      2      0      0.00000000      1.20133701
    17      3      0      0.00000000      1.30112150
    17      4      0      0.00000000      1.45195405
    17      5      0      0.00000000      1.29574119
    17      6      0      0.00000000      1.00986077
    17      7      0      0.00000000      1.19017138
    17      8      0      0.00000000      1.28542329
    17      9      0      0.00000000      1.09808357
    17     10      0      0.00000000      1.15419352
    17     11      0      0.00000000      1.24577359
    17     12      0      0.00000000      1.32513402
    17     13      0      0.00000000      1.35670366
    17     14      0      0.00000000      1.18162640
    17     15      0      0.00000000      1.20643770
    17     16      0      0.00000000      1.18054853
    17     17      0      0.00000000      1.25341752
    17     18      0      0.00000000      1.12966763
    17     19      0      0.00000000      1.03157792
    17     20      0      0.00000000      1.24955754
    17     21      0      0.00000000      1.13960044
    17     22      0      0.00000000      1.21268367
    17     23      0      0.00000000      1.07388531
    17     24      0      0.00000000      1.19458443
    17     25      0      0.00000000      1.21012228
    17     26      0      0.00000000      1.21012228
    17     27      0      0.00000000      1.21012228
    17     28      0      0.00000000      1.21012228
    17     29      0      0.00000000      1.31616632
    17     30      0      0.00000000      1.30869363
    17     31      0      0.00000000      1.36374550
    17     32      0      0.00000000      1.21828605
    17     33      0      0.00000000      1.21509639
    17     34      0      0.00000000      1.37646139
    17     35      0      0.00000000      2.37711640
    17     36      0      0.00000000      1.48961821
    17     37      0      0.00000000      1.22040664
    17     38      0      0.00000000      1.34919459
    17     39      0      0.00000000      1.25952889
    17     40      0      0.00000000      1.33415977
    17     41      0      0.00000000      1.40992625
    17     42      0      0.00000000      1.34598305
    17     43      0      0.00000000      1.38830715
    17     44      0      0.00000000      1.29673147
    17     45      0      0.00000000      1.43198033
    17     46      0      0.00000000      1.22111166
    17     47      0      0.00000000      1.13348231
    17     48      0      0.00000000      1.15199797
    17     49      0      0.00000000      1.23571903
    17     50      0      0.00000000      1.31368755
    17     51      0      0.00000000      1.26789631
    17     52      0      0.00000000      1.27992529
    17     53      0      0.00000000      1.44568470
    17     54      0      0.00000000      1.24991938
    17     55      0      0.00000000      1.34312793
    17     56      0      0.00000000      1.23614359
    17     57      0      0.00000000      1.19338052
    17     58      0      0.00000000      1.15389695
    17     59      0      0.00000000      2.31290146
    17     60      0      0.00000000      1.22457156
    17     61      0      0.00000000      1.46480426
    17     62      0      0.00000000      1.13909769
    17     63      0      0.00000000      1.26823611
    17     64      0      0.00000000      1.19031815
    17     65      0      0.00000000      1.22409008
    17     66      0      0.00000000      1.26781152
    17     67      0      0.00000000      1.18775800
    17     68      0      0.00000000      1.18317980
    17     69      0      0.00000000      1.08217083
    17     70      0      0.00000000      1.08405168
    17     71      0      0.00000000      1.24885970
    17     72      0      0.00000000      1.20697585
    17     73      0      0.00000000      1.37427956
    17     74      0      0.00000000      1.25191438
    17     75      0      0.00000000      1.23486039
    17     76      0      0.00000000      1.14757566
    17     77      0      0.00000000      1.16775405
    17     78      0      0.00000000      1.15066073
    17     79      0      0.00000000      1.16373069
    17     80      0      0.00000000      1.23224518
    17     81      0      0.00000000      1.31586709
    17     82      0      0.00000000      1.31243022
    17     83      0      0.00000000      1.18624359
    17     84      0      0.00000000      1.18733966
    17     85      0      0.00000000      1.28243518
    17     86      0      0.00000000      1.23058159
    17     87      0      0.00000000      1.27131901
    17     88      0      0.00000000      1.20711452
    17     89      0      0.00000000      1.00000000
    17     90      0      0.00000000      1.00000000
    17     91      0      0.00000000      1.00000000
    17     92      0      0.00000000      1.00000000
    17     93      0      0.00000000      1.00000000
    17     94      0      0.00000000      1.00000000
    17     95      0      0.00000000      1.00000000
    17     96      0      0.00000000      1.00000000
    17     97      0      0.00000000      1.00000000
    17     98      0      0.00000000      1.03024174
    17     99      0      0.00000000      1.10133886
    17    100      0      0.00000000      1.07000166
    17    101      0      0.00000000      1.11773782
    17    102      0      0.00000000      1.04159412
    17    103      0      0.00000000      1.09479520
    17    104      0      0.00000000      1.11957617
    17    105      0      0.00000000      1.17095081
    17    106      0      0.00000000      1.16693198
    17    107      0      0.00000000      1.26449855
    17    108      0      0.00000000      1.25471740
    17    109      0      0.00000000      1.19995189
    17    110      0      0.00000000      1.11462639
    17    111      0      0.00000000      1.13704307
    17    112      0      0.00000000      1.11493322
    17    113      0      0.00000000      1.12308396
    17    114      0      0.00000000      1.06451324
    17    115      0      0.00000000      1.15508779
    17    116      0      0.00000000      1.13794307
    17    117      0      0.00000000      1.14339087
    17    118      0      0.00000000      1.17665358
    17    119      0      0.00000000      1.12450686
    17    120      0      0.00000000      1.10720329
    17    121      0      0.00000000      1.11104933
    17    122      0      0.00000000      1.05036382
    17    123      0      0.00000000      1.06663610
    17    124      0      0.00000000      1.01965082
    17    125      0      0.00000000      0.99616908
    17    126      0      0.00000000      1.00000000
    17    127      0      0.00000000      1.00000000
    17    128      0      0.00000000      1.00000000
    17    129      0      0.00000000      1.00000000
    17    130      0      0.00000000      1.00000000
    17    131      0      0.00000000      1.00000000
    17    132      0      0.00000000      1.00000000
    17    133      0      0.00000000      1.00000000
    17    134      0      0.00000000      1.00000000
    17    135      0      0.00000000      1.00000000
    17    136      0      0.00000000      0.85666321
    17    137      0      0.00000000      0.78899227
    17    138      0      0.00000000      0.73656627
    17    139      0      0.00000000      0.76776760
    17    140      0      0.00000000      0.78359479
    17    141      0      0.00000000      0.84564385
    17    142      0      0.00000000      0.84322267
    17    143      0      0.00000000      0.89563435
    17    144      0      0.00000000      0.86906780
    17    145      0      0.00000000      0.90176774
    17    146      0      0.00000000      0.88820290
    17    147      0      0.00000000      0.90962556
    17    148      0      0.00000000      0.85099391
    17    149      0      0.00000000      0.90672947
    17    150      0      0.00000000      0.87574334
    17    151      0      0.00000000      0.89107093
    17    152      0      0.00000000      0.85828658
    17    153      0      0.00000000      0.85077683
    17    154      0      0.00000000      0.95735000
    17    155      0      0.00000000      0.91865389
    17    156      0      0.00000000      0.92203816
    17    157      0      0.00000000      0.93789418
    17    158      0      0.00000000      0.89359852
    17    159      0      0.00000000      0.91780706
    17    160      0      0.00000000      0.87419760
    17    161      0      0.00000000      0.86913968
    17    162      0      0.00000000      0.83506667
    17    163      0      0.00000000      0.86446877
    17    164      0      0.00000000      0.86406265
    17    165      0      0.00000000      0.86431374
    17    166      0      0.00000000      0.84043871
    17    167      0      0.00000000      0.86667893
    17    168      0      0.00000000      0.84638972
    17    169      0      0.00000000      0.84776259
    17    170      0      0.00000000      0.81579708
    17    171      0      0.00000000      0.82080099
    17    172      0      0.00000000      0.81794406
    17    173      0      0.00000000      0.82642370
    17    174      0      0.00000000      0.78840042
    17    175      0      0.00000000      0.81924731
    17    176      0      0.00000000      0.83105117
    17    177      0      0.00000000      0.84107788
    17    178      0      0.00000000      0.86529537
    17    179      0      0.00000000      0.86011189
    17    180      0      0.00000000      0.86139121
    17    181      0      0.00000000      0.87970258
    17    182      0      0.00000000      0.88559434
    17    183      0      0.00000000      0.90393910
    17    184      0      0.00000000      0.92741122
    17    185      0      0.00000000      0.83493580
    17    186      0      0.00000000      0.93259537
    17    187      0      0.00000000      0.92895920
    17    188      0      0.00000000      0.92470719
    17    189      0      0.00000000      0.96411693
    17    190      0      0.00000000      0.86818085
    17    191      0      0.00000000      0.81581554
    17    192      0      0.00000000      0.83348335
    17    193      0      0.00000000      0.81785476
    17    194      0      0.00000000      0.82135081
    17    195      0      0.00000000      0.80839299
    17    196      0      0.00000000      0.77898414
    17    197      0      0.00000000      0.78772160
    17    198      0      0.00000000      0.81764928
    17    199      0      0.00000000      0.81706704
    17    200      0      0.00000000      0.86442710
    17    201      0      0.00000000      0.88551423
    17    202      0      0.00000000      0.92567973
    17    203      0      0.00000000      0.98321864
    17    204      0      0.00000000      1.04484123
    17    205      0      0.00000000      1.05086180
    17    206      0      0.00000000      1.10257751
    17    207      0      0.00000000      1.06079677
    17    208      0      0.00000000      1.06609951
    17    209      0      0.00000000      1.12200923
    17    210      0      0.00000000      1.04424548
    17    211      0      0.00000000      0.99663763
    17    212      0      0.00000000      1.03953092
    17    213      0      0.00000000      1.01087765
    17    214      0      0.00000000      1.04155080
    17    215      0      0.00000000      0.93639513
    17    216      0      0.00000000      0.97726093
    17    217      0      0.00000000      0.99680599
    17    218      0      0.00000000      1.05281630
    17    219      0      0.00000000      1.08821246
    17    220      0      0.00000000      1.15963992
    17    221      0      0.00000000      1.19151707
    17    222      0      0.00000000      1.08926625
    17    223      0      0.00000000      1.11847328
    18      0      0      0.00000000      1.29239963
    18      1      0      0.00000000      1.11817032
    18      2      0      0.00000000      1.17390408
    18      3      0      0.00000000      1.32286305
    18      4      0      0.00000000      1.02747689
    18      5      0      0.00000000      1.15051632
    18      6      0      0.00000000      1.22178841
    18      7      0      0.00000000      0.97864923
    18      8      0      0.00000000      1.17561121
    18      9      0      0.00000000      1.48883968
    18     10      0      0.00000000      1.52005630
    18     11      0      0.00000000      1.85250411
    18     12      0      0.00000000      1.08182747
    18     13      0      0.00000000      1.25069802
    18     14      0      0.00000000      0.88609607
    18     15      0      0.00000000      1.30835763
    18     16      0      0.00000000      1.16301250
    18     17      0      0.00000000      1.21443020
    18     18      0      0.00000000      1.39335699
    18     19      0      0.00000000      1.53893966
    18     20      0      0.00000000      1.70826355
    18     21      0      0.00000000      1.91846782
    18     22      0      0.00000000      1.35376542
    18     23      0      0.00000000      1.28558072
    18     24      0      0.00000000      1.29621435
    18     25      0      0.00000000      1.40553679
    18     26      0      0.00000000      1.03206845
    18     27      0      0.00000000      0.83775884
    18     28      0      0.00000000      1.22152698
    18     29      0      0.00000000      1.39599263
    18     30      0      0.00000000      1.11135438
    18     31      0      0.00000000      1.69820764
    18     32      0      0.00000000      1.22994394
    18     33      0      0.00000000      1.29660705
    18     34      0      0.00000000      1.34047143
    18     35      0      0.00000000      1.35831425
    18     36      0      0.00000000      1.45265259
    18     37      0      0.00000000      1.28210923
    18     38      0      0.00000000      1.24626897
    18     39      0      0.00000000      1.55055245
    18     40      0      0.00000000      1.26293608
    18     41      0      0.00000000      1.85967973
    18     42      0      0.00000000      1.23390304
    18     43      0      0.00000000      1.19836655
    18     44      0      0.00000000      1.18490845
    18     45      0      0.00000000      1.35593342
    18     46      0      0.00000000      1.23301719
    18     47      0      0.00000000      1.30761972
    18     48      0      0.00000000      1.24080604
    18     49      0      0.00000000      1.25262490
    18     50      0      0.00000000      1.34702109
    18     51      0      0.00000000      1.34295519
    18     52      0      0.00000000      1.15569321
    18     53      0      0.00000000      1.25356779
    18     54      0      0.00000000      1.21797633
    18     55      0      0.00000000      1.32562684
    18     56      0      0.00000000      1.32969066
    18     57      0      0.00000000      1.28388418
    18     58      0      0.00000000      1.42061652
    18     59      0      0.00000000      4.52316290
    18     60      0      0.00000000      1.31617082
    18     61      0      0.00000000      1.36877238
    18     62      0      0.00000000      1.25414005
    18     63      0      0.00000000      1.39136816
    18     64      0      0.00000000      1.19047856
    18     65      0      0.00000000      1.33749048
    18     66      0      0.00000000      1.33366467
    18     67      0      0.00000000      1.31101854
    18     68      0      0.00000000      1.26183229
    18     69      0      0.00000000      1.19483773
    18     70      0      0.00000000      1.14967787
    18     71      0      0.00000000      1.34729999
    18     72      0      0.00000000      1.11502258
    18     73      0      0.00000000      1.32585948
    18     74      0      0.00000000      1.37994510
    18     75      0      0.00000000      1.42041907
    18     76      0      0.00000000      1.26505781
    18     77      0      0.00000000      1.14768761
    18     78      0      0.00000000      1.18226782
    18     79      0      0.00000000      1.22909685
    18     80      0      0.00000000      1.30893868
    18     81      0      0.00000000      1.38910362
    18     82      0      0.00000000      1.40016785
    18     83      0      0.00000000      1.23663428
    18     84      0      0.00000000      1.21432555
    18     85      0      0.00000000      1.24327212
    18     86      0      0.00000000      1.13675209
    18     87      0      0.00000000      1.26199637
    18     88      0      0.00000000      1.29205705
    18     89      0      0.00000000      1.00000000
    18     90      0      0.00000000      1.00000000
    18     91      0      0.00000000      1.00000000
    18     92      0      0.00000000      1.00000000
    18     93      0      0.00000000      1.00000000
    18     94      0      0.00000000      1.00000000
    18     95      0      0.00000000      1.00000000
    18     96      0      0.00000000      1.00000000
    18     97      0      0.00000000      1.00000000
    18     98      0      0.00000000      1.14510986
    18     99      0      0.00000000      1.18396557
    18    100      0      0.00000000      1.14620127
    18    101      0      0.00000000      1.20249940
    18    102      0      0.00000000      1.25503235
    18    103      0      0.00000000      1.21697137
    18    104      0      0.00000000      1.18105839
    18    105      0      0.00000000      1.21300388
    18    106      0      0.00000000      1.22293361
    18    107      0      0.00000000      1.24070797
    18    108      0      0.00000000      1.21017347
    18    109      0      0.00000000      1.22682584
    18    110      0      0.00000000      1.19723044
    18    111      0      0.00000000      1.20425942
    18    112      0      0.00000000      1.17444739
    18    113      0      0.00000000      1.15269928
    18    114      0      0.00000000      1.17642503
    18    115      0      0.00000000      1.18393676
    18    116      0      0.00000000      1.13617378
    18    117      0      0.00000000      1.18404441
    18    118      0      0.00000000      1.12676381
    18    119      0      0.00000000      1.09856461
    18    120      0      0.00000000      1.15879887
    18    121      0      0.00000000      1.07519208
    18    122      0      0.00000000      1.06049744
    18    123      0      0.00000000      1.05361689
    18    124      0      0.00000000      1.02846496
    18    125      0      0.00000000      1.08486241
    18    126      0      0.00000000      1.11530373
    18    127      0      0.00000000      1.05055067
    18    128      0      0.00000000      0.93240484
    18    129      0      0.00000000      0.93049183
    18    130      0      0.00000000      0.92299110
    18    131      0      0.00000000      0.91407965
    18    132      0      0.00000000      0.90903865
    18    133      0      0.00000000      0.95690907
    18    134      0      0.00000000      1.00000000
    18    135      0      0.00000000      1.00000000
    18    136      0      0.00000000      1.00000000
    18    137      0      0.00000000      1.00000000
    18    138      0      0.00000000      1.00000000
    18    139      0      0.00000000      1.00000000
    18    140      0      0.00000000      1.00000000
    18    141      0      0.00000000      1.00000000
    18    142      0      0.00000000      1.00000000
    18    143      0      0.00000000      0.86132149
    18    144      0      0.00000000      0.79844340
    18    145      0      0.00000000      0.83684785
    18    146      0      0.00000000      0.85903700
    18    147      0      0.00000000      0.79625738
    18    148      0      0.00000000      0.79582146
    18    149      0      0.00000000      0.78597791
    18    150      0      0.00000000      0.81318661
    18    151      0      0.00000000      0.81056182
    18    152      0      0.00000000      0.83056075
    18    153      0      0.00000000      0.82521002
    18    154      0      0.00000000      0.81065726
    18    155      0      0.00000000      0.81965827
    18    156      0      0.00000000      0.82824819
    18    157      0      0.00000000      0.85978960
    18    158      0      0.00000000      0.91340132
    18    159      0      0.00000000      0.88837166
    18    160      0      0.00000000      0.91828730
    18    161      0      0.00000000      0.92414547
    18    162      0      0.00000000      0.94315580
    18    163      0      0.00000000      0.92133266
    18    164      0      0.00000000      0.93371923
    18    165      0      0.00000000      0.92753088
    18    166      0      0.00000000      0.96495481
    18    167      0      0.00000000      0.97143584
    18    168      0      0.00000000      1.01654201
    18    169      0      0.00000000      0.96282455
    18    170      0      0.00000000      0.96837021
    18    171      0      0.00000000      0.95167223
    18    172      0      0.00000000      0.97696132
    18    173      0      0.00000000      0.93144721
    18    174      0      0.00000000      0.98109340
    18    175      0      0.00000000      0.95129539
    18    176      0      0.00000000      0.98668615
    18    177      0      0.00000000      0.95023761
    18    178      0      0.00000000      0.92975645
    18    179      0      0.00000000      0.89414610
    18    180      0      0.00000000      0.89959658
    18    181      0      0.00000000      0.97311402
    18    182      0      0.00000000      0.92850391
    18    183      0      0.00000000      0.90579917
    18    184      0      0.00000000      0.90307629
    18    185      0      0.00000000      0.87455806
    18    186      0      0.00000000      0.85448775
    18    187      0      0.00000000      0.87089474
    18    188      0      0.00000000      0.88357592
    18    189      0      0.00000000      0.87683121
    18    190      0      0.00000000      0.88899237
    18    191      0      0.00000000      0.86628810
    18    192      0      0.00000000      0.88452717
    18    193      0      0.00000000      0.86965828
    18    194      0      0.00000000      0.82128481
    18    195      0      0.00000000      0.72321275
    18    196      0      0.00000000      0.73020915
    18    197      0      0.00000000      0.76115251
    18    198      0      0.00000000      0.77477266
    18    199      0      0.00000000      0.72101093
    18    200      0      0.00000000      0.75221613
    18    201      0      0.00000000      0.74610889
    18    202      0      0.00000000      0.81842925
    18    203      0      0.00000000      0.80028450
    18    204      0      0.00000000      0.83711922
    18    205      0      0.00000000      0.85058599
    18    206      0      0.00000000      0.89984770
    18    207      0      0.00000000      0.85363035
    18    208      0      0.00000000      0.88445580
    18    209      0      0.00000000      0.90827332
    18    210      0      0.00000000      0.95962278
    18    211      0      0.00000000      0.90946221
    18    212      0      0.00000000      0.94813683
    18    213      0      0.00000000      0.95352108
    18    214      0      0.00000000      0.90392316
    18    215      0      0.00000000      0.90329835
    18    216      0      0.00000000      0.98448845
    18    217      0      0.00000000      1.00065437
    18    218      0      0.00000000      1.04528530
    18    219      0      0.00000000      1.00216757
    18    220      0      0.00000000      1.02110171
    18    221      0      0.00000000      1.05469416
    18    222      0      0.00000000      1.17432394
    18    223      0      0.00000000      1.11756122
    18    224      0      0.00000000      1.08810197
    18    225      0      0.00000000      1.06141084
    18    226      0      0.00000000      1.07319964
    18    227      0      0.00000000      1.08622445
    18    228      0      0.00000000      1.01465103
    18    229      0      0.00000000      0.97017995
    18    230      0      0.00000000      0.97558255
    18    231      0      0.00000000      1.05128029
    19      0      0      0.00000000      1.27341053
    19      1      0      0.00000000      1.22287375
    19      2      0      0.00000000      1.22066961
    19      3      0      0.00000000      1.24166283
    19      4      0      0.00000000      1.24166283
    19      5      0      0.00000000      1.24166283
    19      6      0      0.00000000      1.22861421
    19      7      0      0.00000000      1.20668356
    19      8      0      0.00000000      1.20668356
    19      9      0      0.00000000      1.20668356
    19     10      0      0.00000000      1.31772019
    19     11      0      0.00000000      1.24064914
    19     12      0      0.00000000      1.17240053
    19     13      0      0.00000000      1.15756284
    19     14      0      0.00000000      1.06405420
    19     15      0      0.00000000      1.54116271
    19     16      0      0.00000000      1.88547748
    19     17      0      0.00000000      1.48684093
    19     18      0      0.00000000      1.48684093
    19     19      0      0.00000000      1.48684093
    19     20      0      0.00000000      1.48684093
    19     21      0      0.00000000      1.48684093
    19     22      0      0.00000000      1.15569472
    19     23      0      0.00000000      1.21896007
    19     24      0      0.00000000      1.28840268
    19     25      0      0.00000000      0.79858436
    19     26      0      0.00000000      0.99205821
    19     27      0      0.00000000      1.28940783
    19     28      0      0.00000000      1.23858789
    19     29      0      0.00000000      1.14064912
    19     30      0      0.00000000      1.24742826
    19     31      0      0.00000000      1.23396699
    19     32      0      0.00000000      1.31161938
    19     33      0      0.00000000      1.20030279
    19     34      0      0.00000000      1.35817917
    19     35      0      0.00000000      1.18704887
    19     36      0      0.00000000      1.16432415
    19     37      0      0.00000000      1.46972038
    19     38      0      0.00000000      1.37017710
    19     39      0      0.00000000      1.36601756
    19     40      0      0.00000000      1.49389961
    19     41      0      0.00000000      1.14373177
    19     42      0      0.00000000      1.41240408
    19     43      0      0.00000000      1.18869703
    19     44      0      0.00000000      1.23899727
    19     45      0      0.00000000      1.27198244
    19     46      0      0.00000000      1.25867952
    19     47      0      0.00000000      1.24991504
    19     48      0      0.00000000      1.12936973
    19     49      0      0.00000000      1.21591144
    19     50      0      0.00000000      1.50186139
    19     51      0      0.00000000      1.24596167
    19     52      0      0.00000000      1.26731868
    19     53      0      0.00000000      1.15832567
    19     54      0      0.00000000      1.41681885
    19     55      0      0.00000000      1.28519300
    19     56      0      0.00000000      1.25280960
    19     57      0      0.00000000      1.33257627
    19     58      0      0.00000000      1.10354187
    19     59      0      0.00000000      0.93736696
    19     60      0      0.00000000      1.30985737
    19     61      0      0.00000000      1.20797951
    19     62      0      0.00000000      1.27575757
    19     63      0      0.00000000      1.32338420
    19     64      0      0.00000000      1.21686402
    19     65      0      0.00000000      1.31824524
    19     66      0      0.00000000      1.23806189
    19     67      0      0.00000000      1.11022768
    19     68      0      0.00000000      1.17168213
    19     69      0      0.00000000      1.15732364
    19     70      0      0.00000000      1.20585811
    19     71      0      0.00000000      1.04960917
    19     72      0      0.00000000      1.29438917
    19     73      0      0.00000000      1.26141643
    19     74      0      0.00000000      1.31498736
    19     75      0      0.00000000      1.20846972
    19     76      0      0.00000000      1.09468474
    19     77      0      0.00000000      1.26312722
    19     78      0      0.00000000      1.13597479
    19     79      0      0.00000000      1.17536115
    19     80      0      0.00000000      1.27744895
    19     81      0      0.00000000      1.30365709
    19     82      0      0.00000000      1.25331094
    19     83      0      0.00000000      1.18859523
    19     84      0      0.00000000      1.27707033
    19     85      0      0.00000000      1.20654743
    19     86      0      0.00000000      1.20298835
    19     87      0      0.00000000      1.27931525
    19     88      0      0.00000000      1.00000000
    19     89      0      0.00000000      1.00000000
    19     90      0      0.00000000      1.00000000
    19     91      0      0.00000000      1.00000000
    19     92      0      0.00000000      1.00000000
    19     93      0      0.00000000      1.00000000
    19     94      0      0.00000000      1.00000000
    19     95      0      0.00000000      1.00000000
    19     96      0      0.00000000      1.00000000
    19     97      0      0.00000000      1.16730961
    19     98      0      0.00000000      0.96664940
    19     99      0      0.00000000      1.00600105
    19    100      0      0.00000000      1.00256194
    19    101      0      0.00000000      1.02180187
    19    102      0      0.00000000      1.01708609
    19    103      0      0.00000000      0.93777024
    19    104      0      0.00000000      0.95133262
    19    105      0      0.00000000      1.14711116
    19    106      0      0.00000000      1.16242823
    19    107      0      0.00000000      1.18999851
    19    108      0      0.00000000      1.16724283
    19    109      0      0.00000000      1.14739436
    19    110      0      0.00000000      1.20667390
    19    111      0      0.00000000      1.21613515
    19    112      0      0.00000000      1.16263456
    19    113      0      0.00000000      1.17325667
    19    114      0      0.00000000      1.19834572
    19    115      0      0.00000000      1.13829657
    19    116      0      0.00000000      1.17355366
    19    117      0      0.00000000      1.11881737
    19    118      0      0.00000000      1.16213218
    19    119      0      0.00000000      1.12977468
    19    120      0      0.00000000      1.09550700
    19    121      0      0.00000000      1.08063464
    19    122      0      0.00000000      1.11095805
    19    123      0      0.00000000      1.10067837
    19    124      0      0.00000000      1.10283493
    19    125      0      0.00000000      1.04462034
    19    126      0      0.00000000      0.98896309
    19    127      0      0.00000000      0.99059284
    19    128      0      0.00000000      0.94307672
    19    129      0      0.00000000      0.94042224
    19    130      0      0.00000000      0.98085830
    19    131      0      0.00000000      0.96005473
    19    132      0      0.00000000      1.04907278
    19    133      0      0.00000000      0.90878752
    19    134      0      0.00000000      1.00945105
    19    135      0      0.00000000      0.84029239
    19    136      0      0.00000000      0.83780654
    19    137      0      0.00000000      0.91226791
    19    138      0      0.00000000      0.93627514
    19    139      0      0.00000000      0.91183255
    19    140      0      0.00000000      0.91771199
    19    141      0      0.00000000      1.00000000
    19    142      0      0.00000000      1.00000000
    19    143      0      0.00000000      1.00000000
    19    144      0      0.00000000      1.00000000
    19    145      0      0.00000000      1.00000000
    19    146      0      0.00000000      1.00000000
    19    147      0      0.00000000      1.00000000
    19    148      0      0.00000000      1.00000000
    19    149      0      0.00000000      1.00000000
    19    150      0      0.00000000      0.91531543
    19    151      0      0.00000000      0.79809305
    19    152      0      0.00000000      0.91110647
    19    153      0      0.00000000      0.91007231
    19    154      0      0.00000000      0.92497746
    19    155      0      0.00000000      0.92173072
    19    156      0      0.00000000      0.94124466
    19    157      0      0.00000000      0.81997527
    19    158      0      0.00000000      0.95874935
    19    159      0      0.00000000      0.85802131
    19    160      0      0.00000000      0.98070219
    19    161      0      0.00000000      0.97319744
    19    162      0      0.00000000      0.88592320
    19    163      0      0.00000000      0.82530128
    19    164      0      0.00000000      0.82159560
    19    165      0      0.00000000      0.82870290
    19    166      0      0.00000000      0.81334079
    19    167      0      0.00000000      0.87073472
    19    168      0      0.00000000      0.90937252
    19    169      0      0.00000000      0.90447094
    19    170      0      0.00000000      0.87702701
    19    171      0      0.00000000      0.87874840
    19    172      0      0.00000000      0.88029561
    19    173      0      0.00000000      0.87677073
    19    174      0      0.00000000      0.88573385
    19    175      0      0.00000000      0.91538500
    19    176      0      0.00000000      0.90741469
    19    177      0      0.00000000      0.88787003
    19    178      0      0.00000000      0.85605963
    19    179      0      0.00000000      0.83298185
    19    180      0      0.00000000      0.84218555
    19    181      0      0.00000000      0.84797102
    19    182      0      0.00000000      0.86519000
    19    183      0      0.00000000      0.82604757
    19    184      0      0.00000000      0.84436916
    19    185      0      0.00000000      0.85599136
    19    186      0      0.00000000      0.82340830
    19    187      0      0.00000000      0.80178584
    19    188      0      0.00000000      0.77650355
    19    189      0      0.00000000      0.76077991
    19    190      0      0.00000000      0.77744927
    19    191      0      0.00000000      0.77184956
    19    192      0      0.00000000      0.74706933
    19    193      0      0.00000000      0.73156611
    19    194      0      0.00000000      0.75573344
    19    195      0      0.00000000      0.75490333
    19    196      0      0.00000000      0.75419415
    19    197      0      0.00000000      0.77002010
    19    198      0      0.00000000      0.73663996
    19    199      0      0.00000000      0.72868969
    19    200      0      0.00000000      0.79011939
    19    201      0      0.00000000      0.77730735
    19    202      0      0.00000000      0.79493579
    19    203      0      0.00000000      0.80531843
    19    204      0      0.00000000      0.84088943
    19    205      0      0.00000000      0.81742637
    19    206      0      0.00000000      0.85219243
    19    207      0      0.00000000      0.83535515
    19    208      0      0.00000000      0.85869161
    19    209      0      0.00000000      0.82601717
    19    210      0      0.00000000      0.84710144
    19    211      0      0.00000000      0.84466806
    19    212      0      0.00000000      0.82290918
    19    213      0      0.00000000      0.90711834
    19    214      0      0.00000000      0.92414266
    19    215      0      0.00000000      0.87834970
    19    216      0      0.00000000      0.81734599
    19    217      0      0.00000000      0.84868197
    19    218      0      0.00000000      0.85948617
    19    219      0      0.00000000      0.76726538
    19    220      0      0.00000000      0.75917845
    19    221      0      0.00000000      0.79764216
    19    222      0      0.00000000      0.83395791
    19    223      0      0.00000000      0.92042554
    19    224      0      0.00000000      0.96670892
    19    225      0      0.00000000      0.94721761
    19    226      0      0.00000000      0.96627091
    19    227      0      0.00000000      0.95117509
    19    228      0      0.00000000      0.97739726
    19    229      0      0.00000000      0.96968754
    19    230      0      0.00000000      0.98143695
    19    231      0      0.00000000      0.92065766
    19    232      0      0.00000000      1.02248146
    19    233      0      0.00000000      0.97448330
    19    234      0      0.00000000      0.98841202
    19    235      0      0.00000000      1.01282620
    19    236      0      0.00000000      0.95125307
    19    237      0      0.00000000      1.06880555
    20      0      0      0.00000000      1.19208446
    20      1      0      0.00000000      1.19208446
    20      2      0      0.00000000      1.19208446
    20      3      0      0.00000000      1.19208446
    20      4      0      0.00000000      1.19208446
    20      5      0      0.00000000      1.19208446
    20      6      0      0.00000000      1.19208446
    20      7      0      0.00000000      1.19208446
    20      8      0      0.00000000      1.19208446
    20      9      0      0.00000000      1.19208446
    20     10      0      0.00000000      1.19208446
    20     11      0      0.00000000      1.07351230
    20     12      0      0.00000000      1.07351230
    20     13      0      0.00000000      1.07351230
    20     14      0      0.00000000      1.23750851
    20     15      0      0.00000000      1.23750851
    20     16      0      0.00000000      1.23750851
    20     17      0      0.00000000      1.36500289
    20     18      0      0.00000000      1.18808090
    20     19      0      0.00000000      1.18808090
    20     20      0      0.00000000      1.18808090
    20     21      0      0.00000000      1.18808090
    20     22      0      0.00000000      1.04520999
    20     23      0      0.00000000      1.41891396
    20     24      0      0.00000000      1.41891396
    20     25      0      0.00000000      1.86256722
    20     26      0      0.00000000      1.50277883
    20     27      0      0.00000000      1.25948637
    20     28      0      0.00000000      1.18651810
    20     29      0      0.00000000      2.12125944
    20     30      0      0.00000000      1.30873906
    20     31      0      0.00000000      1.13615181
    20     32      0      0.00000000      3.07338386
    20     33      0      0.00000000      1.38289023
    20     34      0      0.00000000      1.27548354
    20     35      0      0.00000000      1.12287600
    20     36      0      0.00000000      1.29472844
    20     37      0      0.00000000      1.42664482
    20     38      0      0.00000000      1.19763645
    20     39      0      0.00000000      1.27178262
    20     40      0      0.00000000      1.35402972
    20     41      0      0.00000000      2.42420666
    20     42      0      0.00000000      1.52334360
    20     43      0      0.00000000      1.22817862
    20     44      0      0.00000000      1.34037104
    20     45      0      0.00000000      1.15583026
    20     46      0      0.00000000      1.33857022
    20     47      0      0.00000000      1.22212648
    20     48      0      0.00000000      1.14187908
    20     49      0      0.00000000      1.19437533
    20     50      0      0.00000000      1.05978405
    20     51      0      0.00000000      1.31536594
    20     52      0      0.00000000      1.17332889
    20     53      0      0.00000000      1.27047873
    20     54      0      0.00000000      1.08418678
    20     55      0      0.00000000      1.25314575
    20     56      0      0.00000000      1.18231171
    20     57      0      0.00000000      1.35424365
    20     58      0      0.00000000      1.23955251
    20     59      0      0.00000000      1.15714757
    20     60      0      0.00000000      1.28866078
    20     61      0      0.00000000      1.29720306
    20     62      0      0.00000000      1.25530579
    20     63      0      0.00000000      1.17605982
    20     64      0      0.00000000      1.25363936
    20     65      0      0.00000000      1.17103709
    20     66      0      0.00000000      1.14036924
    20     67      0      0.00000000      1.23731814
    20     68      0      0.00000000      1.11935910
    20     69      0      0.00000000      1.25458105
    20     70      0      0.00000000      1.01618648
    20     71      0      0.00000000      1.08312345
    20     72      0      0.00000000      1.28826212
    20     73      0      0.00000000      1.21167104
    20     74      0      0.00000000      1.22885699
    20     75      0      0.00000000      1.09101489
    20     76      0      0.00000000      1.12863836
    20     77      0      0.00000000      1.17992710
    20     78      0      0.00000000      1.14803321
    20     79      0      0.00000000      1.22355755
    20     80      0      0.00000000      1.35767973
    20     81      0      0.00000000      1.37601399
    20     82      0      0.00000000      1.17283815
    20     83      0      0.00000000      1.27980069
    20     84      0      0.00000000      1.20122079
    20     85      0      0.00000000      1.23068292
    20     86      0      0.00000000      1.29035395
    20     87      0      0.00000000      1.00000000
    20     88      0      0.00000000      1.00000000
    20     89      0      0.00000000      1.00000000
    20     90      0      0.00000000      1.00000000
    20     91      0      0.00000000      1.00000000
    20     92      0      0.00000000      1.00000000
    20     93      0      0.00000000      1.00000000
    20     94      0      0.00000000      1.00000000
    20     95      0      0.00000000      1.00000000
    20     96      0      0.00000000      1.13340524
    20     97      0      0.00000000      1.18395987
    20     98      0      0.00000000      1.20578146
    20     99      0      0.00000000      1.25007604
    20    100      0      0.00000000      1.14722312
    20    101      0      0.00000000      1.18498521
    20    102      0      0.00000000      1.15800847
    20    103      0      0.00000000      1.22990867
    20    104      0      0.00000000      1.19808323
    20    105      0      0.00000000      1.22717164
    20    106      0      0.00000000      1.23360213
    20    107      0      0.00000000      1.04877559
    20    108      0      0.00000000      0.98623803
    20    109      0      0.00000000      0.98015716
    20    110      0      0.00000000      1.01823894
    20    111      0      0.00000000      0.97017678
    20    112      0      0.00000000      0.95501862
    20    113      0      0.00000000      0.96697548
    20    114      0      0.00000000      0.92462068
    20    115      0      0.00000000      1.20574020
    20    116      0      0.00000000      1.16332806
    20    117      0      0.00000000      1.17121465
    20    118      0      0.00000000      1.18554971
    20    119      0      0.00000000      1.20403957
    20    120      0      0.00000000      1.12942856
    20    121      0      0.00000000      1.14734351
    20    122      0      0.00000000      1.12981960
    20    123      0      0.00000000      0.99440929
    20    124      0      0.00000000      0.99429502
    20    125      0      0.00000000      0.97644086
    20    126      0      0.00000000      0.99283191
    20    127      0      0.00000000      0.95433601
    20    128      0      0.00000000      1.01278184
    20    129      0      0.00000000      1.01803868
    20    130      0      0.00000000      1.06042128
    20    131      0      0.00000000      1.03725963
    20    132      0      0.00000000      1.03219280
    20    133      0      0.00000000      0.91635627
    20    134      0      0.00000000      0.95148334
    20    135      0      0.00000000      0.89428680
    20    136      0      0.00000000      0.88969952
    20    137      0      0.00000000      0.85698087
    20    138      0      0.00000000      0.87942935
    20    139      0      0.00000000      0.89891287
    20    140      0      0.00000000      0.95544566
    20    141      0      0.00000000      0.88681615
    20    142      0      0.00000000      0.81148591
    20    143      0      0.00000000      0.76916202
    20    144      0      0.00000000      0.79822111
    20    145      0      0.00000000      0.76440353
    20    146      0      0.00000000      0.79222598
    20    147      0      0.00000000      0.84639899
    20    148      0      0.00000000      1.00000000
    20    149      0      0.00000000      1.00000000
    20    150      0      0.00000000      1.00000000
    20    151      0      0.00000000      1.00000000
    20    152      0      0.00000000      1.00000000
    20    153      0      0.00000000      1.00000000
    20    154      0      0.00000000      1.00000000
    20    155      0      0.00000000      1.00000000
    20    156      0      0.00000000      1.00000000
    20    157      0      0.00000000      0.82033122
    20    158      0      0.00000000      0.80919245
    20    159      0      0.00000000      0.78039163
    20    160      0      0.00000000      0.82470694
    20    161      0      0.00000000      0.79787978
    20    162      0      0.00000000      0.85599543
    20    163      0      0.00000000      0.83033923
    20    164      0      0.00000000      0.92951851
    20    165      0      0.00000000      0.93247260
    20    166      0      0.00000000      1.02744102
    20    167      0      0.00000000      0.96888128
    20    168      0      0.00000000      1.05432820
    20    169      0      0.00000000      0.98522654
    20    170      0      0.00000000      1.03360099
    20    171      0      0.00000000      1.05210477
    20    172      0      0.00000000      1.07367846
    20    173      0      0.00000000      0.98253915
    20    174      0      0.00000000      1.06841711
    20    175      0      0.00000000      1.01956735
    20    176      0      0.00000000      1.06160552
    20    177      0      0.00000000      0.95861006
    20    178      0      0.00000000      1.02385672
    20    179      0      0.00000000      0.98821487
    20    180      0      0.00000000      1.01045598
    20    181      0      0.00000000      0.98381113
    20    182      0      0.00000000      1.02037932
    20    183      0      0.00000000      0.98726174
    20    184      0      0.00000000      1.01791616
    20    185      0      0.00000000      0.95550923
    20    186      0      0.00000000      0.98199428
    20    187      0      0.00000000      0.94632215
    20    188      0      0.00000000      1.01527768
    20    189      0      0.00000000      0.95963409
    20    190      0      0.00000000      0.94301035
    20    191      0      0.00000000      0.91801000
    20    192      0      0.00000000      0.93592670
    20    193      0      0.00000000      0.90681083
    20    194      0      0.00000000      0.89952350
    20    195      0      0.00000000      0.89201203
    20    196      0      0.00000000      0.91224218
    20    197      0      0.00000000      0.89176208
    20    198      0      0.00000000      0.89599294
    20    199      0      0.00000000      0.85786859
    20    200      0      0.00000000      0.90383198
    20    201      0      0.00000000      0.85647669
    20    202      0      0.00000000      0.87729562
    20    203      0      0.00000000      0.87942204
    20    204      0      0.00000000      0.87942628
    20    205      0      0.00000000      0.85268478
    20    206      0      0.00000000      0.87401882
    20    207      0      0.00000000      0.84444279
    20    208      0      0.00000000      0.83103922
    20    209      0      0.00000000      0.80753472
    20    210      0      0.00000000      0.80916870
    20    211      0      0.00000000      0.81003168
    20    212      0      0.00000000      0.81476672
    20    213      0      0.00000000      0.77988786
    20    214      0      0.00000000      0.81166355
    20    215      0      0.00000000      0.75428215
    20    216      0      0.00000000      0.77124261
    20    217      0      0.00000000      0.75090283
    20    218      0      0.00000000      0.78758188
    20    219      0      0.00000000      0.75557300
    20    220      0      0.00000000      0.80988210
    20    221      0      0.00000000      0.73719158
    20    222      0      0.00000000      0.76057970
    20    223      0      0.00000000      0.77793785
    20    224      0      0.00000000      0.87202684
    20    225      0      0.00000000      0.90722086
    20    226      0      0.00000000      0.95661029
    20    227      0      0.00000000      0.91655760
    20    228      0      0.00000000      0.93011427
    20    229      0      0.00000000      0.87580486
    20    230      0      0.00000000      0.93341044
    20    231      0      0.00000000      0.94897127
    20    232      0      0.00000000      0.92246345
    20    233      0      0.00000000      0.94540033
    20    234      0      0.00000000      0.93072425
    20    235      0      0.00000000      0.94289315
    20    236      0      0.00000000      0.94507134
    20    237      0      0.00000000      0.89341199
    20    238      0      0.00000000      0.93036532
    20    239      0      0.00000000      0.89467880
    20    240      0      0.00000000      1.00533216
    20    241      0      0.00000000      1.03610517
    20    242      0      0.00000000      0.97459698
    20    243      0      0.00000000      0.97536759
    21      0      0      0.00000000      1.41219395
    21      1      0      0.00000000      1.41219395
    21      2      0      0.00000000      1.41219395
    21      3      0      0.00000000      1.41219395
    21      4      0      0.00000000      1.41219395
    21      5      0      0.00000000      1.41219395
    21      6      0      0.00000000      1.41219395
    21      7      0      0.00000000      1.41219395
    21      8      0      0.00000000      1.41219395
    21      9      0      0.00000000      1.41219395
    21     10      0      0.00000000      1.41219395
    21     11      0      0.00000000      1.41219395
    21     12      0      0.00000000      1.41219395
    21     13      0      0.00000000      1.41219395
    21     14      0      0.00000000      1.40792927
    21     15      0      0.00000000      2.13498990
    21     16      0      0.00000000      1.49182169
    21     17      0      0.00000000      1.49182169
    21     18      0      0.00000000      1.49182169
    21     19      0      0.00000000      1.11630189
    21     20      0      0.00000000      1.29159760
    21     21      0      0.00000000      1.18114105
    21     22      0      0.00000000      1.17902958
    21     23      0      0.00000000      1.10064421
    21     24      0      0.00000000      1.02500718
    21     25      0      0.00000000      1.25991997
    21     26      0      0.00000000      1.28181065
    21     27      0      0.00000000      1.39223880
    21     28      0      0.00000000      1.20276754
    21     29      0      0.00000000      1.31704234
    21     30      0      0.00000000      1.25553921
    21     31      0      0.00000000      1.33116491
    21     32      0      0.00000000      1.21926435
    21     33      0      0.00000000      1.13174601
    21     34      0      0.00000000      1.12401811
    21     35      0      0.00000000      1.21941440
    21     36      0      0.00000000      1.17265092
    21     37      0      0.00000000      1.18189267
    21     38      0      0.00000000      1.23713453
    21     39      0      0.00000000      1.34993965
    21     40      0      0.00000000      1.10204351
    21     41      0      0.00000000      1.30243705
    21     42      0      0.00000000      1.27526442
    21     43      0      0.00000000      1.16073742
    21     44      0      0.00000000      1.19166812
    21     45      0      0.00000000      1.16397193
    21     46      0      0.00000000      1.23678230
    21     47      0      0.00000000      1.24643495
    21     48      0      0.00000000      1.22414998
    21     49      0      0.00000000      1.21421682
    21     50      0      0.00000000      1.14093083
    21     51      0      0.00000000      1.14314554
    21     52      0      0.00000000      1.17001367
    21     53      0      0.00000000      1.26842630
    21     54      0      0.00000000      1.16192099
    21     55      0      0.00000000      1.38896892
    21     56      0      0.00000000      1.07369769
    21     57      0      0.00000000      1.18812057
    21     58      0      0.00000000      1.14584388
    21     59      0      0.00000000      1.10419236
    21     60      0      0.00000000      1.09370096
    21     61      0      0.00000000      1.07440730
    21     62      0      0.00000000      1.24813966
    21     63      0      0.00000000      1.20429189
    21     64      0      0.00000000      1.09054655
    21     65      0      0.00000000      1.13018296
    21     66      0      0.00000000      1.11489942
    21     67      0      0.00000000      1.10947355
    21     68      0      0.00000000      1.16777332
    21     69      0      0.00000000      1.20144144
    21     70      0      0.00000000      1.19239149
    21     71      0      0.00000000      1.34367720
    21     72      0      0.00000000      1.24569252
    21     73      0      0.00000000      1.24015131
    21     74      0      0.00000000      1.19707451
    21     75      0      0.00000000      1.17602695
    21     76      0      0.00000000      1.21562419
    21     77      0      0.00000000      1.25520573
    21     78      0      0.00000000      1.00000000
    21     79      0      0.00000000      1.00000000
    21     80      0      0.00000000      1.00000000
    21     81      0      0.00000000      1.00000000
    21     82      0      0.00000000      1.00000000
    21     83      0      0.00000000      1.00000000
    21     84      0      0.00000000      1.00000000
    21     85      0      0.00000000      1.00000000
    21     86      0      0.00000000      1.07575902
    21     87      0      0.00000000      1.00252641
    21     88      0      0.00000000      1.07665491
    21     89      0      0.00000000      1.10143893
    21     90      0      0.00000000      1.07857943
    21     91      0      0.00000000      1.15652035
    21     92      0      0.00000000      1.18393227
    21     93      0      0.00000000      1.21591301
    21     94      0      0.00000000      1.18320884
    21     95      0      0.00000000      1.34388151
    21     96      0      0.00000000      1.18656031
    21     97      0      0.00000000      1.27914314
    21     98      0      0.00000000      1.14000094
    21     99      0      0.00000000      1.14655331
    21    100      0      0.00000000      1.13127328
    21    101      0      0.00000000      1.18613725
    21    102      0      0.00000000      1.12774600
    21    103      0      0.00000000      1.13341523
    21    104      0      0.00000000      1.11747805
    21    105      0      0.00000000      1.15130208
    21    106      0      0.00000000      1.09532813
    21    107      0      0.00000000      1.00365950
    21    108      0      0.00000000      0.96174222
    21    109      0      0.00000000      0.99193476
    21    110      0      0.00000000      0.94763943
    21    111      0      0.00000000      0.96985661
    21    112      0      0.00000000      1.08049133
    21    113      0      0.00000000      1.07012250
    21    114      0      0.00000000      1.04977940
    21    115      0      0.00000000      1.02137008
    21    116      0      0.00000000      0.99680033
    21    117      0      0.00000000      1.06191944
    21    118      0      0.00000000      1.06160382
    21    119      0      0.00000000      1.02491012
    21    120      0      0.00000000      1.06487250
    21    121      0      0.00000000      1.01250484
    21    122      0      0.00000000      0.94699218
    21    123      0      0.00000000      0.91643546
    21    124      0      0.00000000      0.94352952
    21    125      0      0.00000000      0.87080079
    21    126      0      0.00000000      0.87136152
    21    127      0      0.00000000      0.92387467
    21    128      0      0.00000000      0.96592760
    21    129      0      0.00000000      0.92305011
    21    130      0      0.00000000      0.95226886
    21    131      0      0.00000000      0.83550759
    21    132      0      0.00000000      0.86673908
    21    133      0      0.00000000      0.85210999
    21    134      0      0.00000000      0.85904483
    21    135      0      0.00000000      0.84525171
    21    136      0      0.00000000      0.84126561
    21    137      0      0.00000000      0.92654010
    21    138      0      0.00000000      0.93721093
    21    139      0      0.00000000      0.88636606
    21    140      0      0.00000000      0.81073061
    21    141      0      0.00000000      0.78519583
    21    142      0      0.00000000      0.81736092
    21    143      0      0.00000000      0.81285553
    21    144      0      0.00000000      0.84097456
    21    145      0      0.00000000      0.91634544
    21    146      0      0.00000000      1.00000000
    21    147      0      0.00000000      1.00000000
    21    148      0      0.00000000      1.00000000
    21    149      0      0.00000000      1.00000000
    21    150      0      0.00000000      1.00000000
    21    151      0      0.00000000      1.00000000
    21    152      0      0.00000000      1.00000000
    21    153      0      0.00000000      1.00000000
    21    154      0      0.00000000      0.88827947
    21    155      0      0.00000000      0.82943094
    21    156      0      0.00000000      0.83409618
    21    157      0      0.00000000      0.82968694
    21    158      0      0.00000000      0.87403064
    21    159      0      0.00000000      0.84628045
    21    160      0      0.00000000      0.82600337
    21    161      0      0.00000000      0.81194326
    21    162      0      0.00000000      0.81713376
    21    163      0      0.00000000      0.82868421
    21    164      0      0.00000000      0.84693469
    21    165      0      0.00000000      0.85804130
    21    166      0      0.00000000      0.87827925
    21    167      0      0.00000000      0.90360276
    21    168      0      0.00000000      0.88630108
    21    169      0      0.00000000      0.89743661
    21    170      0      0.00000000      0.90368392
    21    171      0      0.00000000      0.91371756
    21    172      0      0.00000000      0.95831641
    21    173      0      0.00000000      0.92324710
    21    174      0      0.00000000      0.92416408
    21    175      0      0.00000000      0.92835424
    21    176      0      0.00000000      0.93917295
    21    177      0      0.00000000      0.95126694
    21    178      0      0.00000000      1.02429107
    21    179      0      0.00000000      1.00073058
    21    180      0      0.00000000      0.99896880
    21    181      0      0.00000000      0.99665626
    21    182      0      0.00000000      0.97567554
    21    183      0      0.00000000      0.98685201
    21    184      0      0.00000000      0.98334939
    21    185      0      0.00000000      1.00568606
    21    186      0      0.00000000      1.00970760
    21    187      0      0.00000000      0.98353431
    21    188      0      0.00000000      1.00491978
    21    189      0      0.00000000      0.94990219
    21    190      0      0.00000000      0.97917319
    21    191      0      0.00000000      0.93900224
    21    192      0      0.00000000      0.92831539
    21    193      0      0.00000000      0.91162209
    21    194      0      0.00000000      0.93304681
    21    195      0      0.00000000      0.88290134
    21    196      0      0.00000000      0.88234930
    21    197      0      0.00000000      0.84531514
    21    198      0      0.00000000      0.84107163
    21    199      0      0.00000000      0.82539988
    21    200      0      0.00000000      0.79853465
    21    201      0      0.00000000      0.75048475
    21    202      0      0.00000000      0.75031479
    21    203      0      0.00000000      0.77817373
    21    204      0      0.00000000      0.70659235
    21    205      0      0.00000000      0.70592548
    21    206      0      0.00000000      0.68131239
    21    207      0      0.00000000      0.67023839
    21    208      0      0.00000000      0.69989634
    21    209      0      0.00000000      0.67837372
    21    210      0      0.00000000      0.67960162
    21    211      0      0.00000000      0.67815557
    21    212      0      0.00000000      0.68161420
    21    213      0      0.00000000      0.67294161
    21    214      0      0.00000000      0.71126880
    21    215      0      0.00000000      0.78784501
    21    216      0      0.00000000      0.80700497
    21    217      0      0.00000000      0.81485381
    21    218      0      0.00000000      0.82644051
    21    219      0      0.00000000      0.84588308
    21    220      0      0.00000000      0.83009540
    21    221      0      0.00000000      0.84953363
    21    222      0      0.00000000      0.91426052
    21    223      0      0.00000000      0.99985752
    21    224      0      0.00000000      1.01950656
    21    225      0      0.00000000      0.97985625
    21    226      0      0.00000000      0.99589671
    21    227      0      0.00000000      1.11163530
    21    228      0      0.00000000      1.17158096
    21    229      0      0.00000000      1.15762374
    21    230      0      0.00000000      1.22154843
    21    231      0      0.00000000      1.25257522
    22      0      0      0.00000000      0.64223810
    22      1      0      0.00000000      0.64223810
    22      2      0      0.00000000      0.64223810
    22      3      0      0.00000000      0.64223810
    22      4      0      0.00000000      0.65028258
    22      5      0      0.00000000      0.85477669
    22      6      0      0.00000000      0.86561916
    22      7      0      0.00000000      0.86038277
    22      8      0      0.00000000      0.85520936
    22      9      0      0.00000000      0.86384411
    22     10      0      0.00000000      1.20278018
    22     11      0      0.00000000      1.09724881
    22     12      0      0.00000000      1.01196907
    22     13      0      0.00000000      1.13722790
    22     14      0      0.00000000      1.28822124
    22     15      0      0.00000000      0.99237360
    22     16      0      0.00000000      1.29249190
    22     17      0      0.00000000      1.35415856
    22     18      0      0.00000000      1.17086932
    22     19      0      0.00000000      1.06770204
    22     20      0      0.00000000      1.15305136
    22     21      0      0.00000000      1.17741476
    22     22      0      0.00000000      1.24352040
    22     23      0      0.00000000      1.11085159
    22     24      0      0.00000000      1.09837964
    22     25      0      0.00000000      1.07865507
    22     26      0      0.00000000      1.04288885
    22     27      0      0.00000000      1.28593717
    22     28      0      0.00000000      1.09786383
    22     29      0      0.00000000      1.06039192
    22     30      0      0.00000000      1.23034451
    22     31      0      0.00000000      1.18803908
    22     32      0      0.00000000      1.26592742
    22     33      0      0.00000000      1.19697778
    22     34      0      0.00000000      1.13073953
    22     35      0      0.00000000      1.25533331
    22     36      0      0.00000000      1.30820951
    22     37      0      0.00000000      1.24110494
    22     38      0      0.00000000      1.18669350
    22     39      0      0.00000000      1.21105446
    22     40      0      0.00000000      1.17049703
    22     41      0      0.00000000      1.16998845
    22     42      0      0.00000000      1.28850149
    22     43      0      0.00000000      1.15530056
    22     44      0      0.00000000      1.18033164
    22     45      0      0.00000000      1.20785899
    22     46      0      0.00000000      1.21036443
    22     47      0      0.00000000      1.31681993
    22     48      0      0.00000000      1.03450222
    22     49      0      0.00000000      1.17804146
    22     50      0      0.00000000      1.02413739
    22     51      0      0.00000000      1.19918731
    22     52      0      0.00000000      1.26161563
    22     53      0      0.00000000      1.07298360
    22     54      0      0.00000000      0.98064382
    22     55      0      0.00000000      1.01932692
    22     56      0      0.00000000      1.16467232
    22     57      0      0.00000000      1.01083318
    22     58      0      0.00000000      1.21142813
    22     59      0      0.00000000      1.22614333
    22     60      0      0.00000000      1.29469470
    22     61      0      0.00000000      1.15052574
    22     62      0      0.00000000      1.15244518
    22     63      0      0.00000000      1.13221422
    22     64      0      0.00000000      1.14273484
    22     65      0      0.00000000      1.19113679
    22     66      0      0.00000000      1.21113676
    22     67      0      0.00000000      1.00000000
    22     68      0      0.00000000      1.00000000
    22     69      0      0.00000000      1.00000000
    22     70      0      0.00000000      1.00000000
    22     71      0      0.00000000      1.00000000
    22     72      0      0.00000000      1.00000000
    22     73      0      0.00000000      1.00000000
    22     74      0      0.00000000      1.00000000
    22     75      0      0.00000000      0.92967159
    22     76      0      0.00000000      0.90321133
    22     77      0      0.00000000      1.04617499
    22     78      0      0.00000000      1.11478550
    22     79      0      0.00000000      1.06851144
    22     80      0      0.00000000      1.09500925
    22     81      0      0.00000000      1.14395505
    22     82      0      0.00000000      1.11693784
    22     83      0      0.00000000      1.12338648
    22     84      0      0.00000000      1.09890814
    22     85      0      0.00000000      1.13170917
    22     86      0      0.00000000      1.14903927
    22     87      0      0.00000000      1.12537961
    22     88      0      0.00000000      1.13689217
    22     89      0      0.00000000      1.15385466
    22     90      0      0.00000000      1.16130537
    22     91      0      0.00000000      1.23409068
    22     92      0      0.00000000      1.16166895
    22     93      0      0.00000000      1.10688540
    22     94      0      0.00000000      1.22853784
    22     95      0      0.00000000      1.19169212
    22     96      0      0.00000000      1.17884509
    22     97      0      0.00000000      1.11476778
    22     98      0      0.00000000      1.10306684
    22     99      0      0.00000000      1.10483763
    22    100      0      0.00000000      1.06215930
    22    101      0      0.00000000      1.06252419
    22    102      0      0.00000000      1.06489285
    22    103      0      0.00000000      1.08505260
    22    104      0      0.00000000      1.16943895
    22    105      0      0.00000000      0.95470398
    22    106      0      0.00000000      0.93109055
    22    107      0      0.00000000      0.96487517
    22    108      0      0.00000000      0.93174862
    22    109      0      0.00000000      0.93148315
    22    110      0      0.00000000      0.99699904
    22    111      0      0.00000000      0.99629379
    22    112      0      0.00000000      0.97695702
    22    113      0      0.00000000      0.94117719
    22    114      0      0.00000000      0.95704269
    22    115      0      0.00000000      1.00615456
    22    116      0      0.00000000      0.95298584
    22    117      0      0.00000000      0.93718691
    22    118      0      0.00000000      0.97877997
    22    119      0      0.00000000      0.90481597
    22    120      0      0.00000000      0.88314257
    22    121      0      0.00000000      0.92912746
    22    122      0      0.00000000      0.87553745
    22    123      0      0.00000000      0.89292777
    22    124      0      0.00000000      0.94275084
    22    125      0      0.00000000      0.96098250
    22    126      0      0.00000000      0.92790813
    22    127      0      0.00000000      0.92727202
    22    128      0      0.00000000      0.81970833
    22    129      0      0.00000000      0.83093417
    22    130      0      0.00000000      0.85166993
    22    131      0      0.00000000      0.88750959
    22    132      0      0.00000000      0.85260980
    22    133      0      0.00000000      0.86980183
    22    134      0      0.00000000      0.94572374
    22    135      0      0.00000000      1.01104931
    22    136      0      0.00000000      0.94944197
    22    137      0      0.00000000      0.89622672
    22    138      0      0.00000000      0.88452456
    22    139      0      0.00000000      0.88811525
    22    140      0      0.00000000      0.85039315
    22    141      0      0.00000000      0.82643437
    22    142      0      0.00000000      0.84391073
    22    143      0      0.00000000      1.00000000
    22    144      0      0.00000000      1.00000000
    22    145      0      0.00000000      1.00000000
    22    146      0      0.00000000      1.00000000
    22    147      0      0.00000000      1.00000000
    22    148      0      0.00000000      1.00000000
    22    149      0      0.00000000      1.00000000
    22    150      0      0.00000000      1.00000000
    22    151      0      0.00000000      0.88030756
    22    152      0      0.00000000      0.84152218
    22    153      0      0.00000000      0.90056191
    22    154      0      0.00000000      0.90757548
    22    155      0      0.00000000      0.93742705
    22    156      0      0.00000000      0.89290452
    22    157      0      0.00000000      0.89560425
    22    158      0      0.00000000      0.89799944
    22    159      0      0.00000000      0.92083205
    22    160      0      0.00000000      0.92777276
    22    161      0      0.00000000      0.95479057
    22    162      0      0.00000000      0.95474930
    22    163      0      0.00000000      0.97538298
    22    164      0      0.00000000      0.93449942
    22    165      0      0.00000000      1.01696184
    22    166      0      0.00000000      1.02668775
    22    167      0      0.00000000      1.04405182
    22    168      0      0.00000000      0.99497934
    22    169      0      0.00000000      1.03144523
    22    170      0      0.00000000      1.00382580
    22    171      0      0.00000000      1.00701785
    22    172      0      0.00000000      0.93493196
    22    173      0      0.00000000      0.92426443
    22    174      0      0.00000000      0.91328210
    22    175      0      0.00000000      0.94437647
    22    176      0      0.00000000      0.93530286
    22    177      0      0.00000000      0.93186647
    22    178      0      0.00000000      0.95170259
    22    179      0      0.00000000      0.90554803
    22    180      0      0.00000000      0.88391293
    22    181      0      0.00000000      0.92700464
    22    182      0      0.00000000      0.91619324
    22    183      0      0.00000000      0.91003328
    22    184      0      0.00000000      0.90597008
    22    185      0      0.00000000      0.89397562
    22    186      0      0.00000000      0.87909933
    22    187      0      0.00000000      0.88148982
    22    188      0      0.00000000      0.84587342
    22    189      0      0.00000000      0.87591601
    22    190      0      0.00000000      0.82290171
    22    191      0      0.00000000      0.79808620
    22    192      0      0.00000000      0.78306618
    22    193      0      0.00000000      0.79794840
    22    194      0      0.00000000      0.79053177
    22    195      0      0.00000000      0.82671248
    22    196      0      0.00000000      0.80426592
    22    197      0      0.00000000      0.84718186
    22    198      0      0.00000000      0.81318564
    22    199      0      0.00000000      0.80188673
    22    200      0      0.00000000      0.81539699
    22    201      0      0.00000000      0.80674360
    22    202      0      0.00000000      0.78556024
    22    203      0      0.00000000      0.79972178
    22    204      0      0.00000000      0.74358322
    22    205      0      0.00000000      0.81341301
    22    206      0      0.00000000      0.74103385
    22    207      0      0.00000000      0.78057507
    22    208      0      0.00000000      0.77471913
    22    209      0      0.00000000      0.82388008
    22    210      0      0.00000000      0.79623214
    22    211      0      0.00000000      0.87547156
    22    212      0      0.00000000      0.91897173
    22    213      0      0.00000000      0.98286450
    22    214      0      0.00000000      1.01954276
    22    215      0      0.00000000      1.12225026
    22    216      0      0.00000000      1.20768377
    22    217      0      0.00000000      1.18345605
    23      0      0      0.00000000      1.13664378
    23      1      0      0.00000000      1.13664378
    23      2      0      0.00000000      1.13664378
    23      3      0      0.00000000      1.25897725
    23      4      0      0.00000000      1.12007044
    23      5      0      0.00000000      1.01574790
    23      6      0      0.00000000      0.95134333
    23      7      0      0.00000000      0.93567798
    23      8      0      0.00000000      1.09683251
    23      9      0      0.00000000      1.09683251
    23     10      0      0.00000000      1.31133254
    23     11      0      0.00000000      1.34267580
    23     12      0      0.00000000      1.10176560
    23     13      0      0.00000000      1.35275386
    23     14      0      0.00000000      0.92940013
    23     15      0      0.00000000      1.52157108
    23     16      0      0.00000000      1.04985004
    23     17      0      0.00000000      1.12803975
    23     18      0      0.00000000      1.01236763
    23     19      0      0.00000000      1.23132893
    23     20      0      0.00000000      1.16506003
    23     21      0      0.00000000      1.56940994
    23     22      0      0.00000000      1.09305967
    23     23      0      0.00000000      1.18170988
    23     24      0      0.00000000      1.18656698
    23     25      0      0.00000000      1.32280943
    23     26      0      0.00000000      1.07636755
    23     27      0      0.00000000      1.33683121
    23     28      0      0.00000000      1.20024496
    23     29      0      0.00000000      0.82824032
    23     30      0      0.00000000      0.96661127
    23     31      0      0.00000000      1.26978262
    23     32      0      0.00000000      1.35699789
    23     33      0      0.00000000      1.19508453
    23     34      0      0.00000000      1.33249594
    23     35      0      0.00000000      1.16400475
    23     36      0      0.00000000      1.25112914
    23     37      0      0.00000000      1.16843626
    23     38      0      0.00000000      1.09141558
    23     39      0      0.00000000      1.24686471
    23     40      0      0.00000000      1.07411203
    23     41      0      0.00000000      1.14472948
    23     42      0      0.00000000      1.00078727
    23     43      0      0.00000000      1.11820866
    23     44      0      0.00000000      1.38054400
    23     45      0      0.00000000      1.12540160
    23     46      0      0.00000000      1.10397067
    23     47      0      0.00000000      1.05168962
    23     48      0      0.00000000      1.20607581
    23     49      0      0.00000000      1.17195737
    23     50      0      0.00000000      1.07116862
    23     51      0      0.00000000      1.24406820
    23     52      0      0.00000000      1.44495238
    23     53      0      0.00000000      1.37759615
    23     54      0      0.00000000      1.16400018
    23     55      0      0.00000000      1.20232253
    23     56      0      0.00000000      1.18777147
    23     57      0      0.00000000      1.13840008
    23     58      0      0.00000000      1.23498611
    23     59      0      0.00000000      1.00000000
    23     60      0      0.00000000      1.00000000
    23     61      0      0.00000000      1.00000000
    23     62      0      0.00000000      1.00000000
    23     63      0      0.00000000      1.00000000
    23     64      0      0.00000000      1.00000000
    23     65      0      0.00000000      1.00000000
    23     66      0      0.00000000      1.00000000
    23     67      0      0.00000000      1.00000000
    23     68      0      0.00000000      1.07769622
    23     69      0      0.00000000      1.21585743
    23     70      0      0.00000000      1.11753630
    23     71      0      0.00000000      1.13187498
    23     72      0      0.00000000      1.09569077
    23     73      0      0.00000000      1.10947823
    23     74      0      0.00000000      1.18184936
    23     75      0      0.00000000      1.23143616
    23     76      0      0.00000000      1.14853879
    23     77      0      0.00000000      1.20929694
    23     78      0      0.00000000      1.17569951
    23     79      0      0.00000000      1.23925502
    23     80      0      0.00000000      1.25542467
    23     81      0      0.00000000      1.30677996
    23     82      0      0.00000000      1.20333328
    23     83      0      0.00000000      1.19177415
    23     84      0      0.00000000      1.16029249
    23     85      0      0.00000000      1.20760705
    23     86      0      0.00000000      1.06452968
    23     87      0      0.00000000      1.09596207
    23     88      0      0.00000000      1.16628779
    23     89      0      0.00000000      1.10134727
    23     90      0      0.00000000      1.06589410
    23     91      0      0.00000000      1.09245908
    23     92      0      0.00000000      1.12971772
    23     93      0      0.00000000      1.18901751
    23     94      0      0.00000000      1.15487396
    23     95      0      0.00000000      1.12697543
    23     96      0      0.00000000      1.11590545
    23     97      0      0.00000000      1.09291264
    23     98      0      0.00000000      1.05319120
    23     99      0      0.00000000      1.04764865
    23    100      0      0.00000000      1.04722584
    23    101      0      0.00000000      1.06184857
    23    102      0      0.00000000      1.04440990
    23    103      0      0.00000000      1.03829544
    23    104      0      0.00000000      1.04792123
    23    105      0      0.00000000      1.16056437
    23    106      0      0.00000000      0.97824647
    23    107      0      0.00000000      1.03965814
    23    108      0      0.00000000      0.96554586
    23    109      0      0.00000000      0.97112197
    23    110      0      0.00000000      1.09562650
    23    111      0      0.00000000      1.05426464
    23    112      0      0.00000000      1.05376203
    23    113      0      0.00000000      1.05326368
    23    114      0      0.00000000      0.98041565
    23    115      0      0.00000000      1.10029978
    23    116      0      0.00000000      1.16214542
    23    117      0      0.00000000      1.02372893
    23    118      0      0.00000000      1.02069224
    23    119      0      0.00000000      0.89071814
    23    120      0      0.00000000      0.89160046
    23    121      0      0.00000000      0.90536577
    23    122      0      0.00000000      0.87404970
    23    123      0      0.00000000      0.87297724
    23    124      0      0.00000000      0.92582800
    23    125      0      0.00000000      1.00856622
    23    126      0      0.00000000      0.96527705
    23    127      0      0.00000000      0.98347358
    23    128      0      0.00000000      0.89111639
    23    129      0      0.00000000      0.89735086
    23    130      0      0.00000000      0.90562303
    23    131      0      0.00000000      0.89576522
    23    132      0      0.00000000      0.89278496
    23    133      0      0.00000000      0.89339342
    23    134      0      0.00000000      0.94968486
    23    135      0      0.00000000      0.97885258
    23    136      0      0.00000000      0.90512620
    23    137      0      0.00000000      0.75478344
    23    138      0      0.00000000      0.74520631
    23    139      0      0.00000000      0.74526756
    23    140      0      0.00000000      0.79823743
    23    141      0      0.00000000      0.86850509
    23    142      0      0.00000000      1.00000000
    23    143      0      0.00000000      1.00000000
    23    144      0      0.00000000      1.00000000
    23    145      0      0.00000000      1.00000000
    23    146      0      0.00000000      1.00000000
    23    147      0      0.00000000      1.00000000
    23    148      0      0.00000000      1.00000000
    23    149      0      0.00000000      1.00000000
    23    150      0      0.00000000      1.00000000
    23    151      0      0.00000000      0.89649871
    23    152      0      0.00000000      0.81100613
    23    153      0      0.00000000      0.79105211
    23    154      0      0.00000000      0.82775090
    23    155      0      0.00000000      0.82936658
    23    156      0      0.00000000      0.82335414
    23    157      0      0.00000000      0.84593392
    23    158      0      0.00000000      0.85802115
    23    159      0      0.00000000      0.86744293
    23    160      0      0.00000000      0.89624735
    23    161      0      0.00000000      0.94417747
    23    162      0      0.00000000      0.99812183
    23    163      0      0.00000000      1.05019263
    23    164      0      0.00000000      1.03261425
    23    165      0      0.00000000      1.10291695
    23    166      0      0.00000000      1.11267764
    23    167      0      0.00000000      0.93443743
    23    168      0      0.00000000      0.91611538
    23    169      0      0.00000000      0.96989160
    23    170      0      0.00000000      0.99977430
    23    171      0      0.00000000      0.96323990
    23    172      0      0.00000000      0.96886801
    23    173      0      0.00000000      0.97950881
    23    174      0      0.00000000      0.96330228
    23    175      0      0.00000000      0.95632227
    23    176      0      0.00000000      0.96395811
    23    177      0      0.00000000      0.99587244
    23    178      0      0.00000000      0.97219389
    23    179      0      0.00000000      0.98017271
    23    180      0      0.00000000      0.94149829
    23    181      0      0.00000000      0.93632612
    23    182      0      0.00000000      0.94295049
    23    183      0      0.00000000      0.93543484
    23    184      0      0.00000000      0.91838221
    23    185      0      0.00000000      0.89914476
    23    186      0      0.00000000      0.91452390
    23    187      0      0.00000000      0.90398021
    23    188      0      0.00000000      0.89810621
    23    189      0      0.00000000      0.89485906
    23    190      0      0.00000000      0.88419108
    23    191      0      0.00000000      0.86421511
    23    192      0      0.00000000      0.85696938
    23    193      0      0.00000000      0.84618590
    23    194      0      0.00000000      0.82268098
    23    195      0      0.00000000      0.85909805
    23    196      0      0.00000000      0.83225837
    23    197      0      0.00000000      0.82460679
    23    198      0      0.00000000      0.79930735
    23    199      0      0.00000000      0.78556495
    23    200      0      0.00000000      0.84130197
    23    201      0      0.00000000      0.79884910
    23    202      0      0.00000000      0.74113283
    23    203      0      0.00000000      0.73974087
    23    204      0      0.00000000      0.72363166
    23    205      0      0.00000000      0.69054477
    23    206      0      0.00000000      0.64383528
    23    207      0      0.00000000      0.69528858
    23    208      0      0.00000000      0.78628815
    23    209      0      0.00000000      0.96471572
    24      0      0      0.00000000      1.15831776
    24      1      0      0.00000000      1.15831776
    24      2      0      0.00000000      1.15831776
    24      3      0      0.00000000      1.15831776
    24      4      0      0.00000000      1.15831776
    24      5      0      0.00000000      1.15831776
    24      6      0      0.00000000      1.15831776
    24      7      0      0.00000000      1.07587490
    24      8      0      0.00000000      1.01756826
    24      9      0      0.00000000      1.09845334
    24     10      0      0.00000000      1.19330771
    24     11      0      0.00000000      1.00264233
    24     12      0      0.00000000      0.96226951
    24     13      0      0.00000000      0.93770235
    24     14      0      0.00000000      1.20538107
    24     15      0      0.00000000      1.14498188
    24     16      0      0.00000000      1.16473380
    24     17      0      0.00000000      1.27456527
    24     18      0      0.00000000      1.02256679
    24     19      0      0.00000000      1.08044319
    24     20      0      0.00000000      1.15816477
    24     21      0      0.00000000      1.18021206
    24     22      0      0.00000000      1.18508350
    24     23      0      0.00000000      1.20312282
    24     24      0      0.00000000      1.20312282
    24     25      0      0.00000000      1.22195680
    24     26      0      0.00000000      1.27365351
    24     27      0      0.00000000      1.15361548
    24     28      0      0.00000000      1.20980259
    24     29      0      0.00000000      1.17717442
    24     30      0      0.00000000      1.05615046
    24     31      0      0.00000000      1.15162405
    24     32      0      0.00000000      1.16418305
    24     33      0      0.00000000      1.29424459
    24     34      0      0.00000000      1.12136442
    24     35      0      0.00000000      1.08503593
    24     36      0      0.00000000      1.11186897
    24     37      0      0.00000000      1.18811419
    24     38      0      0.00000000      1.21858050
    24     39      0      0.00000000      1.17146024
    24     40      0      0.00000000      1.12914846
    24     41      0      0.00000000      1.02462185
    24     42      0      0.00000000      1.07046784
    24     43      0      0.00000000      1.16196862
    24     44      0      0.00000000      1.07902204
    24     45      0      0.00000000      1.35223088
    24     46      0      0.00000000      1.24551301
    24     47      0      0.00000000      1.32519117
    24     48      0      0.00000000      1.37442247
    24     49      0      0.00000000      1.18093567
    24     50      0      0.00000000      1.32785736
    24     51      0      0.00000000      1.17754148
    24     52      0      0.00000000      1.26842645
    24     53      0      0.00000000      1.00000000
    24     54      0      0.00000000      1.00000000
    24     55      0      0.00000000      1.00000000
    24     56      0      0.00000000      1.00000000
    24     57      0      0.00000000      1.00000000
    24     58      0      0.00000000      1.00000000
    24     59      0      0.00000000      1.00000000
    24     60      0      0.00000000      1.00000000
    24     61      0      0.00000000      1.00000000
    24     62      0      0.00000000      1.11803222
    24     63      0      0.00000000      1.02418985
    24     64      0      0.00000000      1.12049933
    24     65      0      0.00000000      1.12506716
    24     66      0      0.00000000      1.19966272
    24     67      0      0.00000000      1.21479715
    24     68      0      0.00000000      1.25426207
    24     69      0      0.00000000      1.34605977
    24     70      0      0.00000000      1.24280903
    24     71      0      0.00000000      1.24984356
    24     72      0      0.00000000      1.33172369
    24     73      0      0.00000000      1.25020756
    24     74      0      0.00000000      1.27358556
    24     75      0      0.00000000      1.22319732
    24     76      0      0.00000000      1.28274710
    24     77      0      0.00000000      1.19823603
    24     78      0      0.00000000      1.26459080
    24     79      0      0.00000000      1.23673817
    24     80      0      0.00000000      1.26071816
    24     81      0      0.00000000      1.16452889
    24     82      0      0.00000000      1.20131235
    24     83      0      0.00000000      1.20867290
    24     84      0      0.00000000      1.30011493
    24     85      0      0.00000000      1.21486521
    24     86      0      0.00000000      1.20969990
    24     87      0      0.00000000      1.20255490
    24     88      0      0.00000000      1.22113644
    24     89      0      0.00000000      1.12962741
    24     90      0      0.00000000      1.13600266
    24     91      0      0.00000000      1.07503972
    24     92      0      0.00000000      1.16267768
    24     93      0      0.00000000      1.05669361
    24     94      0      0.00000000      1.14205977
    24     95      0      0.00000000      1.08357096
    24     96      0      0.00000000      1.18931525
    24     97      0      0.00000000      1.20493355
    24     98      0      0.00000000      1.23306818
    24     99      0      0.00000000      1.22615174
    24    100      0      0.00000000      1.20653978
    24    101      0      0.00000000      1.12130109
    24    102      0      0.00000000      1.18295889
    24    103      0      0.00000000      1.01668388
    24    104      0      0.00000000      1.04965892
    24    105      0      0.00000000      1.03428051
    24    106      0      0.00000000      1.04087687
    24    107      0      0.00000000      1.08874051
    24    108      0      0.00000000      1.14963129
    24    109      0      0.00000000      1.21730553
    24    110      0      0.00000000      1.38665300
    24    111      0      0.00000000      1.18412916
    24    112      0      0.00000000      1.22987753
    24    113      0      0.00000000      1.02805510
    24    114      0      0.00000000      1.05165863
    24    115      0      0.00000000      1.02801943
    24    116      0      0.00000000      0.96727014
    24    117      0      0.00000000      1.01159444
    24    118      0      0.00000000      1.02746912
    24    119      0      0.00000000      0.98057646
    24    120      0      0.00000000      0.96732959
    24    121      0      0.00000000      0.88970761
    24    122      0      0.00000000      0.88356878
    24    123      0      0.00000000      0.92197026
    24    124      0      0.00000000      0.87627466
    24    125      0      0.00000000      0.84654365
    24    126      0      0.00000000      0.90423169
    24    127      0      0.00000000      0.94305600
    24    128      0      0.00000000      0.94896626
    24    129      0      0.00000000      0.90623813
    24    130      0      0.00000000      0.82374262
    24    131      0      0.00000000      0.81808074
    24    132      0      0.00000000      0.80358818
    24    133      0      0.00000000      0.79142779
    24    134      0      0.00000000      0.75326657
    24    135      0      0.00000000      0.78023800
    24    136      0      0.00000000      0.90461222
    24    137      0      0.00000000      0.90973148
    24    138      0      0.00000000      0.81201273
    24    139      0      0.00000000      0.72378022
    24    140      0      0.00000000      0.80707011
    24    141      0      0.00000000      0.79314226
    24    142      0      0.00000000      0.76868073
    24    143      0      0.00000000      0.86845594
    24    144      0      0.00000000      1.00000000
    24    145      0      0.00000000      1.00000000
    24    146      0      0.00000000      1.00000000
    24    147      0      0.00000000      1.00000000
    24    148      0      0.00000000      1.00000000
    24    149      0      0.00000000      1.00000000
    24    150      0      0.00000000      1.00000000
    24    151      0      0.00000000      1.00000000
    24    152      0      0.00000000      1.00000000
    24    153      0      0.00000000      0.93440837
    24    154      0      0.00000000      0.90078384
    24    155      0      0.00000000      0.92627368
    24    156      0      0.00000000      0.91256022
    24    157      0      0.00000000      0.92532439
    24    158      0      0.00000000      0.94973948
    24    159      0      0.00000000      0.92519079
    24    160      0      0.00000000      0.90829229
    24    161      0      0.00000000      0.96223106
    24    162      0      0.00000000      0.95340095
    24    163      0      0.00000000      0.93026206
    24    164      0      0.00000000      0.91261417
    24    165      0      0.00000000      0.93916964
    24    166      0      0.00000000      0.89589766
    24    167      0      0.00000000      1.01309308
    24    168      0      0.00000000      1.02156454
    24    169      0      0.00000000      1.00577549
    24    170      0      0.00000000      1.00950596
    24    171      0      0.00000000      1.02010944
    24    172      0      0.00000000      1.01934555
    24    173      0      0.00000000      1.04750498
    24    174      0      0.00000000      1.04254328
    24    175      0      0.00000000      1.04136603
    24    176      0      0.00000000      1.01770420
    24    177      0      0.00000000      1.07603221
    24    178      0      0.00000000      1.09180109
    24    179      0      0.00000000      1.04236049
    24    180      0      0.00000000      1.06262360
    24    181      0      0.00000000      1.01667422
    24    182      0      0.00000000      1.02092834
    24    183      0      0.00000000      0.98207308
    24    184      0      0.00000000      1.02396668
    24    185      0      0.00000000      0.97221882
    24    186      0      0.00000000      0.97980804
    24    187      0      0.00000000      0.97809177
    24    188      0      0.00000000      0.91329366
    24    189      0      0.00000000      0.91644978
    24    190      0      0.00000000      0.90776436
    24    191      0      0.00000000      0.88385691
    24    192      0      0.00000000      0.85780155
    24    193      0      0.00000000      0.81452396
    24    194      0      0.00000000      0.76632153
    24    195      0      0.00000000      0.72959433
    24    196      0      0.00000000      0.78914190
    24    197      0      0.00000000      0.83547284
    24    198      0      0.00000000      0.79649260
    24    199      0      0.00000000      0.77304084
    24    200      0      0.00000000      0.76252385
    24    201      0      0.00000000      0.78380083
    24    202      0      0.00000000      0.77544494
    24    203      0      0.00000000      0.86337976
    24    204      0      0.00000000      1.03822975
    24    205      0      0.00000000      1.14926005
    25      0      0      0.00000000      1.20708085
    25      1      0      0.00000000      1.20708085
    25      2      0      0.00000000      1.11312174
    25      3      0      0.00000000      1.00718809
    25      4      0      0.00000000      0.87768334
    25      5      0      0.00000000      1.06203235
    25      6      0      0.00000000      1.14647462
    25      7      0      0.00000000      1.01542267
    25      8      0      0.00000000      1.04049217
    25      9      0      0.00000000      1.08448769
    25     10      0      0.00000000      1.08448769
    25     11      0      0.00000000      1.15251144
    25     12      0      0.00000000      1.09120931
    25     13      0      0.00000000      1.26554909
    25     14      0      0.00000000      1.30068223
    25     15      0      0.00000000      1.14430256
    25     16      0      0.00000000      1.12264868
    25     17      0      0.00000000      1.13957044
    25     18      0      0.00000000      1.13957044
    25     19      0      0.00000000      1.21305624
    25     20      0      0.00000000      1.27837367
    25     21      0      0.00000000      1.27551506
    25     22      0      0.00000000      1.21516640
    25     23      0      0.00000000      1.26476265
    25     24      0      0.00000000      1.24472249
    25     25      0      0.00000000      1.20613467
    25     26      0      0.00000000      1.17426121
    25     27      0      0.00000000      1.17335054
    25     28      0      0.00000000      1.05494320
    25     29      0      0.00000000      1.07486331
    25     30      0      0.00000000      1.02617069
    25     31      0      0.00000000      1.13521353
    25     32      0      0.00000000      1.41569322
    25     33      0      0.00000000      1.46223478
    25     34      0      0.00000000      1.15309010
    25     35      0      0.00000000      1.19896737
    25     36      0      0.00000000      1.10016847
    25     37      0      0.00000000      1.19140095
    25     38      0      0.00000000      1.03204893
    25     39      0      0.00000000      1.33398631
    25     40      0      0.00000000      1.28503816
    25     41      0      0.00000000      1.40203126
    25     42      0      0.00000000      1.26866481
    25     43      0      0.00000000      1.27453994
    25     44      0      0.00000000      1.26349943
    25     45      0      0.00000000      1.18319344
    25     46      0      0.00000000      1.30469078
    25     47      0      0.00000000      1.23570874
    25     48      0      0.00000000      1.00000000
    25     49      0      0.00000000      1.00000000
    25     50      0      0.00000000      1.00000000
    25     51      0      0.00000000      1.00000000
    25     52      0      0.00000000      1.00000000
    25     53      0      0.00000000      1.00000000
    25     54      0      0.00000000      1.00000000
    25     55      0      0.00000000      1.00000000
    25     56      0      0.00000000      1.01432652
    25     57      0      0.00000000      1.02135422
    25     58      0      0.00000000      0.96923905
    25     59      0      0.00000000      0.97225036
    25     60      0      0.00000000      1.05185971
    25     61      0      0.00000000      0.98593136
    25     62      0      0.00000000      0.96870140
    25     63      0      0.00000000      1.23607124
    25     64      0      0.00000000      1.18608707
    25     65      0      0.00000000      1.17298840
    25     66      0      0.00000000      1.19588622
    25     67      0      0.00000000      1.09470545
    25     68      0      0.00000000      1.19166290
    25     69      0      0.00000000      1.14391090
    25     70      0      0.00000000      1.17446104
    25     71      0      0.00000000      1.23024263
    25     72      0      0.00000000      1.13551510
    25     73      0      0.00000000      1.15407698
    25     74      0      0.00000000      1.22327251
    25     75      0      0.00000000      1.21439210
    25     76      0      0.00000000      1.21043574
    25     77      0      0.00000000      1.17451705
    25     78      0      0.00000000      1.17389865
    25     79      0      0.00000000      1.20258594
    25     80      0      0.00000000      1.10398146
    25     81      0      0.00000000      1.05030756
    25     82      0      0.00000000      1.07185373
    25     83      0      0.00000000      1.01030796
    25     84      0      0.00000000      1.08269813
    25     85      0      0.00000000      1.11277352
    25     86      0      0.00000000      1.17066895
    25     87      0      0.00000000      1.15176401
    25     88      0      0.00000000      1.18569005
    25     89      0      0.00000000      1.17890898
    25     90      0      0.00000000      1.19650877
    25     91      0      0.00000000      1.20226724
    25     92      0      0.00000000      1.09380877
    25     93      0      0.00000000      1.12210894
    25     94      0      0.00000000      1.14661149
    25     95      0      0.00000000      1.12718643
    25     96      0      0.00000000      1.09547588
    25     97      0      0.00000000      1.04918062
    25     98      0      0.00000000      1.11768063
    25     99      0      0.00000000      1.16431913
    25    100      0      0.00000000      1.22072399
    25    101      0      0.00000000      1.15477607
    25    102      0      0.00000000      1.17536395
    25    103      0      0.00000000      1.09137962
    25    104      0      0.00000000      1.07832850
    25    105      0      0.00000000      1.07191492
    25    106      0      0.00000000      1.05430223
    25    107      0      0.00000000      1.04969444
    25    108      0      0.00000000      1.12105042
    25    109      0      0.00000000      1.03209503
    25    110      0      0.00000000      1.15878935
    25    111      0      0.00000000      0.97938542
    25    112      0      0.00000000      0.98847202
    25    113      0      0.00000000      0.99661836
    25    114      0      0.00000000      0.97053837
    25    115      0      0.00000000      1.01353166
    25    116      0      0.00000000      1.03727271
    25    117      0      0.00000000      1.01290782
    25    118      0      0.00000000      1.02282014
    25    119      0      0.00000000      0.99795713
    25    120      0      0.00000000      1.08811455
    25    121      0      0.00000000      1.02317398
    25    122      0      0.00000000      0.99651682
    25    123      0      0.00000000      0.87791343
    25    124      0      0.00000000      0.87444145
    25    125      0      0.00000000      0.87020139
    25    126      0      0.00000000      0.85990331
    25    127      0      0.00000000      0.84418128
    25    128      0      0.00000000      0.84597849
    25    129      0      0.00000000      0.93238794
    25    130      0      0.00000000      0.99757742
    25    131      0      0.00000000      0.86261907
    25    132      0      0.00000000      0.84162173
    25    133      0      0.00000000      0.84748194
    25    134      0      0.00000000      0.87135694
    25    135      0      0.00000000      0.85583486
    25    136      0      0.00000000      0.85425653
    25    137      0      0.00000000      0.85563153
    25    138      0      0.00000000      0.98239275
    25    139      0      0.00000000      0.98763434
    25    140      0      0.00000000      0.87013285
    25    141      0      0.00000000      0.79910006
    25    142      0      0.00000000      0.86825834
    25    143      0      0.00000000      0.83396142
    25    144      0      0.00000000      0.86648172
    25    145      0      0.00000000      0.89104890
    25    146      0      0.00000000      1.00000000
    25    147      0      0.00000000      1.00000000
    25    148      0      0.00000000      1.00000000
    25    149      0      0.00000000      1.00000000
    25    150      0      0.00000000      1.00000000
    25    151      0      0.00000000      1.00000000
    25    152      0      0.00000000      1.00000000
    25    153      0      0.00000000      1.00000000
    25    154      0      0.00000000      0.89132690
    25    155      0      0.00000000      0.80372669
    25    156      0      0.00000000      0.87373204
    25    157      0      0.00000000      0.93123077
    25    158      0      0.00000000      0.97681122
    25    159      0      0.00000000      0.97679581
    25    160      0      0.00000000      1.01040994
    25    161      0      0.00000000      1.05392005
    25    162      0      0.00000000      1.02931855
    25    163      0      0.00000000      1.02376543
    25    164      0      0.00000000      1.05268257
    25    165      0      0.00000000      1.07813633
    25    166      0      0.00000000      1.06875833
    25    167      0      0.00000000      1.07604631
    25    168      0      0.00000000      1.12454071
    25    169      0      0.00000000      1.08826695
    25    170      0      0.00000000      1.09496492
    25    171      0      0.00000000      1.05950379
    25    172      0      0.00000000      1.09033905
    25    173      0      0.00000000      1.12039726
    25    174      0      0.00000000      1.11367138
    25    175      0      0.00000000      1.09947329
    25    176      0      0.00000000      1.10618695
    25    177      0      0.00000000      1.12255936
    25    178      0      0.00000000      1.12522279
    25    179      0      0.00000000      1.16224229
    25    180      0      0.00000000      1.16175748
    25    181      0      0.00000000      1.15902878
    25    182      0      0.00000000      1.16110364
    25    183      0      0.00000000      1.13700097
    25    184      0      0.00000000      1.11456519
    25    185      0      0.00000000      1.10983063
    25    186      0      0.00000000      1.12523896
    25    187      0      0.00000000      1.07756318
    25    188      0      0.00000000      1.08029846
    25    189      0      0.00000000      1.05423252
    25    190      0      0.00000000      1.03085269
    25    191      0      0.00000000      0.98683093
    25    192      0      0.00000000      0.99122241
    25    193      0      0.00000000      0.97397297
    25    194      0      0.00000000      0.94376606
    25    195      0      0.00000000      0.90429167
    25    196      0      0.00000000      0.84467423
    25    197      0      0.00000000      0.81290781
    25    198      0      0.00000000      0.85294360
    25    199      0      0.00000000      0.87724944
    25    200      0      0.00000000      1.01972113
    25    201      0      0.00000000      1.19638819
    26      0      0      0.00000000      1.16134260
    26      1      0      0.00000000      0.96208845
    26      2      0      0.00000000      0.96058049
    26      3      0      0.00000000      1.16167073
    26      4      0      0.00000000      1.31053054
    26      5      0      0.00000000      1.50842172
    26      6      0      0.00000000      1.34996413
    26      7      0      0.00000000      1.05536208
    26      8      0      0.00000000      1.05044562
    26      9      0      0.00000000      1.09789644
    26     10      0      0.00000000      1.12487849
    26     11      0      0.00000000      1.29844421
    26     12      0      0.00000000      1.38758496
    26     13      0      0.00000000      1.41188918
    26     14      0      0.00000000      1.43688573
    26     15      0      0.00000000      1.17208855
    26     16      0      0.00000000      1.27253316
    26     17      0      0.00000000      1.23701884
    26     18      0      0.00000000      1.25978606
    26     19      0      0.00000000      1.12850570
    26     20      0      0.00000000      1.17275465
    26     21      0      0.00000000      1.24144397
    26     22      0      0.00000000      1.34579330
    26     23      0      0.00000000      1.11929839
    26     24      0      0.00000000      1.07620415
    26     25      0      0.00000000      1.02198544
    26     26      0      0.00000000      1.19412092
    26     27      0      0.00000000      1.35003199
    26     28      0      0.00000000      1.48906473
    26     29      0      0.00000000      1.28091986
    26     30      0      0.00000000      1.32509663
    26     31      0      0.00000000      1.35854458
    26     32      0      0.00000000      1.28696476
    26     33      0      0.00000000      1.21118961
    26     34      0      0.00000000      1.23311364
    26     35      0      0.00000000      1.57842652
    26     36      0      0.00000000      1.28770812
    26     37      0      0.00000000      1.34409597
    26     38      0      0.00000000      1.19333675
    26     39      0      0.00000000      1.28737553
    26     40      0      0.00000000      1.10062079
    26     41      0      0.00000000      1.14326578
    26     42      0      0.00000000      1.19957236
    26     43      0      0.00000000      1.00000000
    26     44      0      0.00000000      1.00000000
    26     45      0      0.00000000      1.00000000
    26     46      0      0.00000000      1.00000000
    26     47      0      0.00000000      1.00000000
    26     48      0      0.00000000      1.00000000
    26     49      0      0.00000000      1.00000000
    26     50      0      0.00000000      1.00000000
    26     51      0      0.00000000      1.27509217
    26     52      0      0.00000000      1.10603082
    26     53      0      0.00000000      1.24271816
    26     54      0      0.00000000      1.08686863
    26     55      0      0.00000000      1.17540922
    26     56      0      0.00000000      1.15204606
    26     57      0      0.00000000      1.37962681
    26     58      0      0.00000000      1.13501892
    26     59      0      0.00000000      1.21921133
    26     60      0      0.00000000      1.12048392
    26     61      0      0.00000000      1.31555066
    26     62      0      0.00000000      1.03038749
    26     63      0      0.00000000      1.84511543
    26     64      0      0.00000000      1.68704355
    26     65      0      0.00000000      1.55762711
    26     66      0      0.00000000      0.96181529
    26     67      0      0.00000000      1.46067563
    26     68      0      0.00000000      1.06477893
    26     69      0      0.00000000      1.32790319
    26     70      0      0.00000000      1.20185928
    26     71      0      0.00000000      1.31866374
    26     72      0      0.00000000      1.13779689
    26     73      0      0.00000000      1.23050990
    26     74      0      0.00000000      1.08576436
    26     75      0      0.00000000      1.10278670
    26     76      0      0.00000000      1.12280504
    26     77      0      0.00000000      1.16164355
    26     78      0      0.00000000      1.14633003
    26     79      0      0.00000000      1.97818095
    26     80      0      0.00000000      1.19328881
    26     81      0      0.00000000      1.28509385
    26     82      0      0.00000000      1.23190676
    26     83      0      0.00000000      1.20481434
    26     84      0      0.00000000      1.21377696
    26     85      0      0.00000000      1.15128086
    26     86      0      0.00000000      1.17772073
    26     87      0      0.00000000      1.22305072
    26     88      0      0.00000000      1.14687417
    26     89      0      0.00000000      1.16696459
    26     90      0      0.00000000      1.07337028
    26     91      0      0.00000000      1.11132521
    26     92      0      0.00000000      1.13051496
    26     93      0      0.00000000      1.14226108
    26     94      0      0.00000000      1.10701434
    26     95      0      0.00000000      1.22850919
    26     96      0      0.00000000      1.10015756
    26     97      0      0.00000000      1.12134126
    26     98      0      0.00000000      1.11371758
    26     99      0      0.00000000      1.21888200
    26    100      0      0.00000000      1.09592480
    26    101      0      0.00000000      1.02389607
    26    102      0      0.00000000      1.07156628
    26    103      0      0.00000000      1.11367048
    26    104      0      0.00000000      1.15192992
    26    105      0      0.00000000      1.23525698
    26    106      0      0.00000000      1.12695987
    26    107      0      0.00000000      1.06310765
    26    108      0      0.00000000      1.06542899
    26    109      0      0.00000000      0.99294441
    26    110      0      0.00000000      1.05226140
    26    111      0      0.00000000      1.04291653
    26    112      0      0.00000000      1.02311668
    26    113      0      0.00000000      1.10615704
    26    114      0      0.00000000      1.25287666
    26    115      0      0.00000000      0.97123949
    26    116      0      0.00000000      0.97464438
    26    117      0      0.00000000      0.93459652
    26    118      0      0.00000000      1.03640368
    26    119      0      0.00000000      1.01588400
    26    120      0      0.00000000      1.02432943
    26    121      0      0.00000000      1.00665084
    26    122      0      0.00000000      1.05304501
    26    123      0      0.00000000      1.06212113
    26    124      0      0.00000000      1.03679737
    26    125      0      0.00000000      0.96439427
    26    126      0      0.00000000      0.91465704
    26    127      0      0.00000000      0.91023801
    26    128      0      0.00000000      0.95217511
    26    129      0      0.00000000      0.93833904
    26    130      0      0.00000000      0.93042321
    26    131      0      0.00000000      0.90410532
    26    132      0      0.00000000      1.05311936
    26    133      0      0.00000000      0.98975947
    26    134      0      0.00000000      0.94199226
    26    135      0      0.00000000      0.90422097
    26    136      0      0.00000000      0.91433141
    26    137      0      0.00000000      0.91092543
    26    138      0      0.00000000      0.92589330
    26    139      0      0.00000000      0.89218021
    26    140      0      0.00000000      0.96607600
    26    141      0      0.00000000      1.01108100
    26    142      0      0.00000000      1.05380457
    26    143      0      0.00000000      0.87210435
    26    144      0      0.00000000      0.80183320
    26    145      0      0.00000000      0.82980749
    26    146      0      0.00000000      0.81397186
    26    147      0      0.00000000      0.84666347
    26    148      0      0.00000000      0.92873707
    26    149      0      0.00000000      1.00000000
    26    150      0      0.00000000      1.00000000
    26    151      0      0.00000000      1.00000000
    26    152      0      0.00000000      1.00000000
    26    153      0      0.00000000      1.00000000
    26    154      0      0.00000000      1.00000000
    26    155      0      0.00000000      1.00000000
    26    156      0      0.00000000      1.00000000
    26    157      0      0.00000000      0.99119672
    26    158      0      0.00000000      0.94897046
    26    159      0      0.00000000      0.89394551
    26    160      0      0.00000000      0.91292807
    26    161      0      0.00000000      0.90632613
    26    162      0      0.00000000      0.92125384
    26    163      0      0.00000000      0.91898386
    26    164      0      0.00000000      0.96135119
    26    165      0      0.00000000      0.96266527
    26    166      0      0.00000000      1.01450364
    26    167      0      0.00000000      1.00718475
    26    168      0      0.00000000      1.02974718
    26    169      0      0.00000000      1.03490467
    26    170      0      0.00000000      1.05323343
    26    171      0      0.00000000      1.04667385
    26    172      0      0.00000000      1.08709982
    26    173      0      0.00000000      1.04603729
    26    174      0      0.00000000      1.06810918
    26    175      0      0.00000000      1.10887748
    26    176      0      0.00000000      1.11415503
    26    177      0      0.00000000      1.12047658
    26    178      0      0.00000000      1.11959986
    26    179      0      0.00000000      1.09891898
    26    180      0      0.00000000      1.11854198
    26    181      0      0.00000000      1.10702986
    26    182      0      0.00000000      0.92918092
    26    183      0      0.00000000      1.16407107
    26    184      0      0.00000000      1.13158358
    26    185      0      0.00000000      1.16849515
    26    186      0      0.00000000      1.10473241
    26    187      0      0.00000000      1.10214855
    26    188      0      0.00000000      1.11249226
    26    189      0      0.00000000      1.08214839
    26    190      0      0.00000000      1.11033988
    26    191      0      0.00000000      1.06859840
    26    192      0      0.00000000      1.03316606
    26    193      0      0.00000000      0.97120846
    26    194      0      0.00000000      0.97004546
    26    195      0      0.00000000      0.89511084
    26    196      0      0.00000000      0.93819889
    26    197      0      0.00000000      0.95225783
    26    198      0      0.00000000      0.98242522
    26    199      0      0.00000000      1.08747893
    27      0      0      0.00000000      1.28950520
    27      1      0      0.00000000      0.97406883
    27      2      0      0.00000000      1.07727801
    27      3      0      0.00000000      1.10262427
    27      4      0      0.00000000      1.18370109
    27      5      0      0.00000000      1.07928008
    27      6      0      0.00000000      1.08774795
    27      7      0      0.00000000      1.79421784
    27      8      0      0.00000000      0.96400902
    27      9      0      0.00000000      1.28221397
    27     10      0      0.00000000      1.30907068
    27     11      0      0.00000000      1.43138220
    27     12      0      0.00000000      1.23790404
    27     13      0      0.00000000      0.98516177
    27     14      0      0.00000000      1.50025654
    27     15      0      0.00000000      1.27849670
    27     16      0      0.00000000      1.19604561
    27     17      0      0.00000000      1.31729494
    27     18      0      0.00000000      1.11290094
    27     19      0      0.00000000      1.24982310
    27     20      0      0.00000000      1.52772050
    27     21      0      0.00000000      1.22129922
    27     22      0      0.00000000      1.22773750
    27     23      0      0.00000000      1.26236549
    27     24      0      0.00000000      1.24555637
    27     25      0      0.00000000      1.15402058
    27     26      0      0.00000000      1.38428240
    27     27      0      0.00000000      1.24328280
    27     28      0      0.00000000      1.15857495
    27     29      0      0.00000000      1.33131381
    27     30      0      0.00000000      1.46242846
    27     31      0      0.00000000      1.36281039
    27     32      0      0.00000000      1.23653360
    27     33      0      0.00000000      1.30083092
    27     34      0      0.00000000      1.18662770
    27     35      0      0.00000000      1.53207562
    27     36      0      0.00000000      0.86670428
    27     37      0      0.00000000      1.00000000
    27     38      0      0.00000000      1.00000000
    27     39      0      0.00000000      1.00000000
    27     40      0      0.00000000      1.00000000
    27     41      0      0.00000000      1.00000000
    27     42      0      0.00000000      1.00000000
    27     43      0      0.00000000      1.00000000
    27     44      0      0.00000000      1.00000000
    27     45      0      0.00000000      1.00000000
    27     46      0      0.00000000      0.92074316
    27     47      0      0.00000000      1.29274198
    27     48      0      0.00000000      1.13699410
    27     49      0      0.00000000      1.17051015
    27     50      0      0.00000000      1.10539740
    27     51      0      0.00000000      1.24290095
    27     52      0      0.00000000      1.16936341
    27     53      0      0.00000000      1.33620060
    27     54      0      0.00000000      1.13792887
    27     55      0      0.00000000      1.23839255
    27     56      0      0.00000000      1.19663234
    27     57      0      0.00000000      1.29675927
    27     58      0      0.00000000      1.22887236
    27     59      0      0.00000000      1.38724540
    27     60      0      0.00000000      1.24226586
    27     61      0      0.00000000      1.28156782
    27     62      0      0.00000000      1.22566741
    27     63      0      0.00000000      1.34655307
    27     64      0      0.00000000      1.23484533
    27     65      0      0.00000000      1.25761884
    27     66      0      0.00000000      0.99040536
    27     67      0      0.00000000      1.30985703
    27     68      0      0.00000000      1.12418651
    27     69      0      0.00000000      1.34147483
    27     70      0      0.00000000      1.02550509
    27     71      0      0.00000000      1.43868059
    27     72      0      0.00000000      1.02304895
    27     73      0      0.00000000      1.50523243
    27     74      0      0.00000000      1.25664914
    27     75      0      0.00000000      1.19870776
    27     76      0      0.00000000      1.18611330
    27     77      0      0.00000000      1.13934527
    27     78      0      0.00000000      1.20567877
    27     79      0      0.00000000      1.20776110
    27     80      0      0.00000000      1.17134497
    27     81      0      0.00000000      1.21370409
    27     82      0      0.00000000      1.15926197
    27     83      0      0.00000000      1.25832206
    27     84      0      0.00000000      1.27572083
    27     85      0      0.00000000      1.24287372
    27     86      0      0.00000000      1.24402403
    27     87      0      0.00000000      1.22407070
    27     88      0      0.00000000      1.15972046
    27     89      0      0.00000000      1.18395680
    27     90      0      0.00000000      1.16800938
    27     91      0      0.00000000      1.23087165
    27     92      0      0.00000000      1.13609690
    27     93      0      0.00000000      1.19063187
    27     94      0      0.00000000      1.16960184
    27     95      0      0.00000000      1.23473007
    27     96      0      0.00000000      1.18191442
    27     97      0      0.00000000      1.18641045
    27     98      0      0.00000000      1.07379196
    27     99      0      0.00000000      1.07196287
    27    100      0      0.00000000      1.05284047
    27    101      0      0.00000000      1.09547452
    27    102      0      0.00000000      1.01473472
    27    103      0      0.00000000      1.06906389
    27    104      0      0.00000000      1.03146400
    27    105      0      0.00000000      1.10078025
    27    106      0      0.00000000      1.08286540
    27    107      0      0.00000000      1.13419681
    27    108      0      0.00000000      1.07164640
    27    109      0      0.00000000      1.04188741
    27    110      0      0.00000000      0.99903608
    27    111      0      0.00000000      1.03334968
    27    112      0      0.00000000      0.99709424
    27    113      0      0.00000000      1.07096629
    27    114      0      0.00000000      0.99972690
    27    115      0      0.00000000      1.13453479
    27    116      0      0.00000000      1.18686699
    27    117      0      0.00000000      1.00411292
    27    118      0      0.00000000      0.99112309
    27    119      0      0.00000000      0.97192935
    27    120      0      0.00000000      1.08474411
    27    121      0      0.00000000      1.05314032
    27    122      0      0.00000000      1.02716005
    27    123      0      0.00000000      1.02779895
    27    124      0      0.00000000      0.98779831
    27    125      0      0.00000000      1.09200041
    27    126      0      0.00000000      1.03117870
    27    127      0      0.00000000      0.99825315
    27    128      0      0.00000000      0.94493685
    27    129      0      0.00000000      0.97777431
    27    130      0      0.00000000      0.93589798
    27    131      0      0.00000000      0.93463987
    27    132      0      0.00000000      0.89970056
    27    133      0      0.00000000      0.92658299
    27    134      0      0.00000000      1.04279265
    27    135      0      0.00000000      1.03003135
    27    136      0      0.00000000      0.91671514
    27    137      0      0.00000000      0.88582736
    27    138      0      0.00000000      0.85874886
    27    139      0      0.00000000      0.95288443
    27    140      0      0.00000000      0.89342919
    27    141      0      0.00000000      0.94548266
    27    142      0      0.00000000      0.94930684
    27    143      0      0.00000000      1.04627207
    27    144      0      0.00000000      0.97337887
    27    145      0      0.00000000      0.85237760
    27    146      0      0.00000000      0.80455197
    27    147      0      0.00000000      0.89063832
    27    148      0      0.00000000      0.72934617
    27    149      0      0.00000000      0.84331894
    27    150      0      0.00000000      1.00000000
    27    151      0      0.00000000      1.00000000
    27    152      0      0.00000000      1.00000000
    27    153      0      0.00000000      1.00000000
    27    154      0      0.00000000      1.00000000
    27    155      0      0.00000000      1.00000000
    27    156      0      0.00000000      1.00000000
    27    157      0      0.00000000      1.00000000
    27    158      0      0.00000000      1.00000000
    27    159      0      0.00000000      0.96332938
    27    160      0      0.00000000      0.92553537
    27    161      0      0.00000000      0.97234474
    27    162      0      0.00000000      0.94528987
    27    163      0      0.00000000      0.98417533
    27    164      0      0.00000000      0.94754450
    27    165      0      0.00000000      1.00275307
    27    166      0      0.00000000      0.94682333
    27    167      0      0.00000000      1.02776584
    27    168      0      0.00000000      1.00259863
    27    169      0      0.00000000      1.09315720
    27    170      0      0.00000000      1.02942687
    27    171      0      0.00000000      1.09741274
    27    172      0      0.00000000      1.03444255
    27    173      0      0.00000000      1.09612386
    27    174      0      0.00000000      1.04251297
    27    175      0      0.00000000      1.08565359
    27    176      0      0.00000000      1.03432955
    27    177      0      0.00000000      1.01757016
    27    178      0      0.00000000      0.96058524
    27    179      0      0.00000000      1.01026574
    27    180      0      0.00000000      0.96010680
    27    181      0      0.00000000      0.99445921
    27    182      0      0.00000000      0.95756134
    27    183      0      0.00000000      1.04183622
    27    184      0      0.00000000      0.99391617
    27    185      0      0.00000000      0.98821191
    27    186      0      0.00000000      0.97091188
    27    187      0      0.00000000      0.96585230
    27    188      0      0.00000000      0.91393080
    27    189      0      0.00000000      0.88470307
    27    190      0      0.00000000      0.84723416
    27    191      0      0.00000000      0.86080236
    27    192      0      0.00000000      0.77974768
    27    193      0      0.00000000      0.75296671
    27    194      0      0.00000000      0.75445406
    27    195      0      0.00000000      0.97289674
    28      0      0      0.00000000      1.06356413
    28      1      0      0.00000000      1.20034437
    28      2      0      0.00000000      1.16733895
    28      3      0      0.00000000      1.16251489
    28      4      0      0.00000000      1.16936337
    28      5      0      0.00000000      1.10549508
    28      6      0      0.00000000      1.12955618
    28      7      0      0.00000000      1.23887587
    28      8      0      0.00000000      1.28227301
    28      9      0      0.00000000      1.24160841
    28     10      0      0.00000000      1.24160841
    28     11      0      0.00000000      1.24160841
    28     12      0      0.00000000      1.20764724
    28     13      0      0.00000000      1.30112802
    28     14      0      0.00000000      1.04584431
    28     15      0      0.00000000      1.35669568
    28     16      0      0.00000000      1.35188508
    28     17      0      0.00000000      1.31622942
    28     18      0      0.00000000      1.20948654
    28     19      0      0.00000000      1.16944024
    28     20      0      0.00000000      1.24634768
    28     21      0      0.00000000      1.13543223
    28     22      0      0.00000000      1.09406296
    28     23      0      0.00000000      1.25252566
    28     24      0      0.00000000      1.00000000
    28     25      0      0.00000000      1.00000000
    28     26      0      0.00000000      1.00000000
    28     27      0      0.00000000      1.00000000
    28     28      0      0.00000000      1.00000000
    28     29      0      0.00000000      1.00000000
    28     30      0      0.00000000      1.00000000
    28     31      0      0.00000000      1.00000000
    28     32      0      0.00000000      1.00000000
    28     33      0      0.00000000      1.21203432
    28     34      0      0.00000000      1.25444336
    28     35      0      0.00000000      1.02099751
    28     36      0      0.00000000      1.28359732
    28     37      0      0.00000000      1.28974341
    28     38      0      0.00000000      1.10335656
    28     39      0      0.00000000      1.27428932
    28     40      0      0.00000000      1.18584488
    28     41      0      0.00000000      1.16442331
    28     42      0      0.00000000      1.12063605
    28     43      0      0.00000000      1.10439863
    28     44      0      0.00000000      1.19699278
    28     45      0      0.00000000      1.12238662
    28     46      0      0.00000000      1.10521648
    28     47      0      0.00000000      1.12936053
    28     48      0      0.00000000      1.16551804
    28     49      0      0.00000000      1.18994157
    28     50      0      0.00000000      1.27815568
    28     51      0      0.00000000      1.15517491
    28     52      0      0.00000000      1.22261275
    28     53      0      0.00000000      1.23606736
    28     54      0      0.00000000      1.20514164
    28     55      0      0.00000000      1.25407967
    28     56      0      0.00000000      1.24431639
    28     57      0      0.00000000      1.26682733
    28     58      0      0.00000000      1.32998064
    28     59      0      0.00000000      1.23695392
    28     60      0      0.00000000      1.18540902
    28     61      0      0.00000000      1.24068779
    28     62      0      0.00000000      1.21262330
    28     63      0      0.00000000      1.21606890
    28     64      0      0.00000000      1.19621070
    28     65      0      0.00000000      1.25387780
    28     66      0      0.00000000      1.28862765
    28     67      0      0.00000000      1.32027564
    28     68      0      0.00000000      1.25650009
    28     69      0      0.00000000      1.29488260
    28     70      0      0.00000000      1.29251813
    28     71      0      0.00000000      1.26239764
    28     72      0      0.00000000      1.17952768
    28     73      0      0.00000000      1.22859016
    28     74      0      0.00000000      1.08074502
    28     75      0      0.00000000      1.08780532
    28     76      0      0.00000000      1.20883426
    28     77      0      0.00000000      1.09464811
    28     78      0      0.00000000      1.13489085
    28     79      0      0.00000000      1.21192042
    28     80      0      0.00000000      1.27614298
    28     81      0      0.00000000      1.24754585
    28     82      0      0.00000000      1.17886579
    28     83      0      0.00000000      1.15711081
    28     84      0      0.00000000      1.10729679
    28     85      0      0.00000000      1.12392054
    28     86      0      0.00000000      1.12211367
    28     87      0      0.00000000      1.13805174
    28     88      0      0.00000000      1.13536244
    28     89      0      0.00000000      1.07245151
    28     90      0      0.00000000      1.11810286
    28     91      0      0.00000000      1.16148130
    28     92      0      0.00000000      1.09544012
    28     93      0      0.00000000      1.10851010
    28     94      0      0.00000000      1.01624654
    28     95      0      0.00000000      0.97421413
    28     96      0      0.00000000      0.99107895
    28     97      0      0.00000000      1.02169581
    28     98      0      0.00000000      1.01167051
    28     99      0      0.00000000      1.02204821
    28    100      0      0.00000000      1.05479838
    28    101      0      0.00000000      1.11306082
    28    102      0      0.00000000      1.15649689
    28    103      0      0.00000000      1.15100578
    28    104      0      0.00000000      1.09313761
    28    105      0      0.00000000      1.11925305
    28    106      0      0.00000000      1.14116114
    28    107      0      0.00000000      1.10260873
    28    108      0      0.00000000      1.12340295
    28    109      0      0.00000000      1.16766340
    28    110      0      0.00000000      1.15174746
    28    111      0      0.00000000      1.24113010
    28    112      0      0.00000000      1.30300292
    28    113      0      0.00000000      1.01702993
    28    114      0      0.00000000      1.26613647
    28    115      0      0.00000000      1.02630009
    28    116      0      0.00000000      1.03438954
    28    117      0      0.00000000      0.99531328
    28    118      0      0.00000000      0.96118018
    28    119      0      0.00000000      0.97974355
    28    120      0      0.00000000      1.01919950
    28    121      0      0.00000000      1.01487459
    28    122      0      0.00000000      0.97939401
    28    123      0      0.00000000      0.99427263
    28    124      0      0.00000000      0.98162953
    28    125      0      0.00000000      0.96184074
    28    126      0      0.00000000      1.02534795
    28    127      0      0.00000000      1.04228638
    28    128      0      0.00000000      1.01297830
    28    129      0      0.00000000      1.13138963
    28    130      0      0.00000000      1.11407644
    28    131      0      0.00000000      0.98379225
    28    132      0      0.00000000      0.94405242
    28    133      0      0.00000000      0.93978558
    28    134      0      0.00000000      0.99569558
    28    135      0      0.00000000      0.96792527
    28    136      0      0.00000000      1.00289387
    28    137      0      0.00000000      1.08157646
    28    138      0      0.00000000      1.16202367
    28    139      0      0.00000000      0.98601693
    28    140      0      0.00000000      0.90493563
    28    141      0      0.00000000      0.95245452
    28    142      0      0.00000000      0.96181914
    28    143      0      0.00000000      0.90330293
    28    144      0      0.00000000      1.04832516
    28    145      0      0.00000000      1.00000000
    28    146      0      0.00000000      1.00000000
    28    147      0      0.00000000      1.00000000
    28    148      0      0.00000000      1.00000000
    28    149      0      0.00000000      1.00000000
    28    150      0      0.00000000      1.00000000
    28    151      0      0.00000000      1.00000000
    28    152      0      0.00000000      1.00000000
    28    153      0      0.00000000      1.00000000
    28    154      0      0.00000000      0.89627976
    28    155      0      0.00000000      0.92580163
    28    156      0      0.00000000      0.94647330
    28    157      0      0.00000000      1.00188211
    28    158      0      0.00000000      1.04099755
    28    159      0      0.00000000      1.05305700
    28    160      0      0.00000000      1.10952898
    28    161      0      0.00000000      1.16593229
    28    162      0      0.00000000      1.17791387
    28    163      0      0.00000000      1.16870147
    28    164      0      0.00000000      1.19538435
    28    165      0      0.00000000      1.20790070
    28    166      0      0.00000000      1.15647493
    28    167      0      0.00000000      1.17305126
    28    168      0      0.00000000      1.19403144
    28    169      0      0.00000000      1.16955180
    28    170      0      0.00000000      1.19875194
    28    171      0      0.00000000      1.15400494
    28    172      0      0.00000000      1.18394956
    28    173      0      0.00000000      1.09297040
    28    174      0      0.00000000      1.07599387
    28    175      0      0.00000000      1.10313602
    28    176      0      0.00000000      1.06824645
    28    177      0      0.00000000      1.09828748
    29      0      0      0.00000000      1.00000000
    29      1      0      0.00000000      1.00000000
    29      2      0      0.00000000      1.00000000
    29      3      0      0.00000000      1.00000000
    29      4      0      0.00000000      1.00000000
    29      5      0      0.00000000      0.94602248
    29      6      0      0.00000000      1.16213814
    29      7      0      0.00000000      1.20950133
    29      8      0      0.00000000      0.93426181
    29      9      0      0.00000000      0.89362971
    29     10      0      0.00000000      1.11460311
    29     11      0      0.00000000      1.19437927
    29     12      0      0.00000000      1.19532796
    29     13      0      0.00000000      0.95340271
    29     14      0      0.00000000      1.14861925
    29     15      0      0.00000000      1.22016558
    29     16      0      0.00000000      1.10858187
    29     17      0      0.00000000      1.12641398
    29     18      0      0.00000000      1.16902866
    29     19      0      0.00000000      1.20924352
    29     20      0      0.00000000      1.33837407
    29     21      0      0.00000000      1.42486000
    29     22      0      0.00000000      1.24019753
    29     23      0      0.00000000      1.31303313
    29     24      0      0.00000000      1.26811870
    29     25      0      0.00000000      1.23393332
    29     26      0      0.00000000      1.19988625
    29     27      0      0.00000000      1.27115680
    29     28      0      0.00000000      1.18080856
    29     29      0      0.00000000      1.27069428
    29     30      0      0.00000000      1.23331856
    29     31      0      0.00000000      1.18756955
    29     32      0      0.00000000      1.28300983
    29     33      0      0.00000000      1.30640817
    29     34      0      0.00000000      1.25284618
    29     35      0      0.00000000      1.20619833
    29     36      0      0.00000000      1.24292380
    29     37      0      0.00000000      1.29751462
    29     38      0      0.00000000      1.20359686
    29     39      0      0.00000000      1.22908642
    29     40      0      0.00000000      1.05836709
    29     41      0      0.00000000      1.14017781
    29     42      0      0.00000000      1.13589914
    29     43      0      0.00000000      1.22669249
    29     44      0      0.00000000      1.10628150
    29     45      0      0.00000000      1.14728560
    29     46      0      0.00000000      1.25544729
    29     47      0      0.00000000      1.27568547
    29     48      0      0.00000000      1.07004568
    29     49      0      0.00000000      1.35283214
    29     50      0      0.00000000      1.35779793
    29     51      0      0.00000000      1.31476783
    29     52      0      0.00000000      1.18465331
    29     53      0      0.00000000      1.15692712
    29     54      0      0.00000000      1.20424736
    29     55      0      0.00000000      1.15332521
    29     56      0      0.00000000      1.14343765
    29     57      0      0.00000000      1.15190145
    29     58      0      0.00000000      1.12601034
    29     59      0      0.00000000      1.14708179
    29     60      0      0.00000000      1.13941019
    29     61      0      0.00000000      1.19991861
    29     62      0      0.00000000      1.14461769
    29     63      0      0.00000000      1.12697539
    29     64      0      0.00000000      1.10094000
    29     65      0      0.00000000      1.09362791
    29     66      0      0.00000000      1.06361924
    29     67      0      0.00000000      1.09160199
    29     68      0      0.00000000      1.03439207
    29     69      0      0.00000000      1.00432842
    29     70      0      0.00000000      1.00343671
    29     71      0      0.00000000      1.03312218
    29     72      0      0.00000000      1.01725042
    29     73      0      0.00000000      1.04804380
    29     74      0      0.00000000      1.04403607
    29     75      0      0.00000000      1.02167256
    29     76      0      0.00000000      1.01830191
    29     77      0      0.00000000      1.05127923
    29     78      0      0.00000000      1.00807480
    29     79      0      0.00000000      1.05164547
    29     80      0      0.00000000      1.07566588
    29     81      0      0.00000000      1.15674340
    29     82      0      0.00000000      1.12047730
    29     83      0      0.00000000      1.20660621
    29     84      0      0.00000000      1.06865371
    29     85      0      0.00000000      1.09324215
    29     86      0      0.00000000      1.02562619
    29     87      0      0.00000000      1.01657920
    29     88      0      0.00000000      0.97175322
    29     89      0      0.00000000      1.00485668
    29     90      0      0.00000000      0.98988668
    29     91      0      0.00000000      1.17247366
    29     92      0      0.00000000      1.27860656
    29     93      0      0.00000000      0.97716074
    29     94      0      0.00000000      1.13619477
    29     95      0      0.00000000      1.03192441
    29     96      0      0.00000000      0.97026383
    29     97      0      0.00000000      1.10297095
    29     98      0      0.00000000      1.04175947
    29     99      0      0.00000000      1.09659061
    29    100      0      0.00000000      1.14907354
    29    101      0      0.00000000      1.20384573
    29    102      0      0.00000000      1.04811058
    29    103      0      0.00000000      1.09119907
    29    104      0      0.00000000      1.03905243
    29    105      0      0.00000000      1.03204749
    29    106      0      0.00000000      1.02302778
    29    107      0      0.00000000      1.05506360
    29    108      0      0.00000000      1.05553633
    29    109      0      0.00000000      1.22820265
    29    110      0      0.00000000      1.09672261
    29    111      0      0.00000000      1.03161152
    29    112      0      0.00000000      0.96460939
    29    113      0      0.00000000      0.95403619
    29    114      0      0.00000000      0.94027559
    29    115      0      0.00000000      0.91410041
    29    116      0      0.00000000      0.95637143
    29    117      0      0.00000000      1.09225507
    29    118      0      0.00000000      1.10079263
    29    119      0      0.00000000      0.94700705
    29    120      0      0.00000000      0.84501565
    29    121      0      0.00000000      1.03673649
    29    122      0      0.00000000      0.84449364
    29    123      0      0.00000000      1.04162047
    29    124      0      0.00000000      1.09387233
    29    125      0      0.00000000      1.00000000
    29    126      0      0.00000000      1.00000000
    29    127      0      0.00000000      1.00000000
    29    128      0      0.00000000      1.00000000
    29    129      0      0.00000000      1.00000000
    30      0      0      0.00000000      1.21476935
    30      1      0      0.00000000      1.26017710
    30      2      0      0.00000000      1.25277518
    30      3      0      0.00000000      1.24235735
    30      4      0      0.00000000      1.14397865
    30      5      0      0.00000000      1.29585948
    30      6      0      0.00000000      1.27041626
    30      7      0      0.00000000      1.16249082
    30      8      0      0.00000000      1.25324115
    30      9      0      0.00000000      1.20555528
    30     10      0      0.00000000      1.30385987
    30     11      0      0.00000000      1.24389921
    30     12      0      0.00000000      1.14856009
    30     13      0      0.00000000      1.23427655
    30     14      0      0.00000000      1.13822399
    30     15      0      0.00000000      1.36527171
    30     16      0      0.00000000      1.32828675
    30     17      0      0.00000000      1.33029144
    30     18      0      0.00000000      1.16430625
    30     19      0      0.00000000      1.29609969
    30     20      0      0.00000000      1.22360370
    30     21      0      0.00000000      1.27173205
    30     22      0      0.00000000      1.15238883
    30     23      0      0.00000000      1.12872491
    30     24      0      0.00000000      1.13847344
    30     25      0      0.00000000      1.13125772
    30     26      0      0.00000000      1.22957446
    30     27      0      0.00000000      1.15519845
    30     28      0      0.00000000      1.14695993
    30     29      0      0.00000000      1.29667881
    30     30      0      0.00000000      1.21524941
    30     31      0      0.00000000      1.23844086
    30     32      0      0.00000000      1.31316811
    30     33      0      0.00000000      1.27575431
    30     34      0      0.00000000      1.34151695
    30     35      0      0.00000000      1.19415863
    30     36      0      0.00000000      1.20762806
    30     37      0      0.00000000      1.22199497
    30     38      0      0.00000000      1.11563457
    30     39      0      0.00000000      1.18440397
    30     40      0      0.00000000      1.22919681
    30     41      0      0.00000000      0.98207911
    30     42      0      0.00000000      1.03112755
    30     43      0      0.00000000      0.99623020
    30     44      0      0.00000000      1.00155622
    30     45      0      0.00000000      1.36089743
    30     46      0      0.00000000      1.21450495
    30     47      0      0.00000000      1.04804151
    30     48      0      0.00000000      1.13807899
    30     49      0      0.00000000      1.07360863
    30     50      0      0.00000000      1.11305887
    30     51      0      0.00000000      1.09175361
    30     52      0      0.00000000      1.11319485
    30     53      0      0.00000000      1.18693368
    30     54      0      0.00000000      1.19692459
    30     55      0      0.00000000      1.22967079
    30     56      0      0.00000000      1.12777297
    30     57      0      0.00000000      1.09353951
    30     58      0      0.00000000      1.04280374
    30     59      0      0.00000000      1.02062958
    30     60      0      0.00000000      1.02183633
    30     61      0      0.00000000      1.09941482
    30     62      0      0.00000000      1.07053112
    30     63      0      0.00000000      1.07759015
    30     64      0      0.00000000      1.11437882
    30     65      0      0.00000000      1.12907420
    30     66      0      0.00000000      1.14166846
    30     67      0      0.00000000      1.16069020
    30     68      0      0.00000000      1.09642960
    30     69      0      0.00000000      1.08018005
    30     70      0      0.00000000      1.09054428
    30     71      0      0.00000000      1.07700155
    30     72      0      0.00000000      1.02160571
    30     73      0      0.00000000      1.03529630
    30     74      0      0.00000000      1.07451238
    30     75      0      0.00000000      1.15151353
    30     76      0      0.00000000      1.10451069
    30     77      0      0.00000000      1.13948448
    30     78      0      0.00000000      1.03625881
    30     79      0      0.00000000      1.07334733
    30     80      0      0.00000000      1.05793782
    30     81      0      0.00000000      1.04484463
    30     82      0      0.00000000      1.05474315
    30     83      0      0.00000000      1.13759733
    30     84      0      0.00000000      1.16244357
    30     85      0      0.00000000      1.01374565
    30     86      0      0.00000000      0.98572206
    30     87      0      0.00000000      0.98827362
    30     88      0      0.00000000      1.10305102
    30     89      0      0.00000000      1.09618175
    30     90      0      0.00000000      1.05038526
    30     91      0      0.00000000      1.01967865
    30     92      0      0.00000000      0.99078841
    30     93      0      0.00000000      1.08393962
    30     94      0      0.00000000      1.09642497
    30     95      0      0.00000000      0.92023700
    30     96      0      0.00000000      0.90726613
    30     97      0      0.00000000      0.90680063
    30     98      0      0.00000000      0.89848273
    30     99      0      0.00000000      0.90939303
    30    100      0      0.00000000      0.86126570
    30    101      0      0.00000000      0.98803229
    30    102      0      0.00000000      1.08448737
    30    103      0      0.00000000      0.96659394
    30    104      0      0.00000000      0.89687200
    30    105      0      0.00000000      0.88444263
    30    106      0      0.00000000      0.95118483
    30    107      0      0.00000000      1.02197767
    31      0      0      0.00000000      1.22462223
    31      1      0      0.00000000      1.24325391
    31      2      0      0.00000000      1.28649506
    31      3      0      0.00000000      1.23659778
    31      4      0      0.00000000      1.29192400
    31      5      0      0.00000000      1.16583541
    31      6      0      0.00000000      1.24119867
    31      7      0      0.00000000      1.16229533
    31      8      0      0.00000000      1.12898132
    31      9      0      0.00000000      1.15827424
    31     10      0      0.00000000      1.11910919
    31     11      0      0.00000000      1.17241983
    31     12      0      0.00000000      1.25723797
    31     13      0      0.00000000      1.23976191
    31     14      0      0.00000000      1.22798801
    31     15      0      0.00000000      1.24631384
    31     16      0      0.00000000      1.24569355
    31     17      0      0.00000000      1.19935740
    31     18      0      0.00000000      1.24296098
    31     19      0      0.00000000      1.16145754
    31     20      0      0.00000000      1.17534771
    31     21      0      0.00000000      1.20911248
    31     22      0      0.00000000      1.20348588
    31     23      0      0.00000000      1.09973946
    31     24      0      0.00000000      1.19089538
    31     25      0      0.00000000      1.16812156
    31     26      0      0.00000000      1.26064546
    31     27      0      0.00000000      1.28232308
    31     28      0      0.00000000      1.27723021
    31     29      0      0.00000000      1.24334743
    31     30      0      0.00000000      1.14692523
    31     31      0      0.00000000      1.16273332
    31     32      0      0.00000000      1.19347675
    31     33      0      0.00000000      1.12161097
    31     34      0      0.00000000      1.18302520
    31     35      0      0.00000000      1.15919119
    31     36      0      0.00000000      1.17863784
    31     37      0      0.00000000      0.99231053
    31     38      0      0.00000000      0.90536945
    31     39      0      0.00000000      1.02378769
    31     40      0      0.00000000      1.03020622
    31     41      0      0.00000000      1.23225966
    31     42      0      0.00000000      1.19527326
    31     43      0      0.00000000      1.15403502
    31     44      0      0.00000000      1.18774023
    31     45      0      0.00000000      1.16050423
    31     46      0      0.00000000      1.15752995
    31     47      0      0.00000000      1.19290059
    31     48      0      0.00000000      1.17647723
    31     49      0      0.00000000      1.21605909
    31     50      0      0.00000000      1.27353783
    31     51      0      0.00000000      1.20435160
    31     52      0      0.00000000      1.19165434
    31     53      0      0.00000000      1.11845372
    31     54      0      0.00000000      1.11687969
    31     55      0      0.00000000      1.11119122
    31     56      0      0.00000000      1.10529536
    31     57      0      0.00000000      1.08351278
    31     58      0      0.00000000      1.05189584
    31     59      0      0.00000000      1.06358577
    31     60      0      0.00000000      1.10851090
    31     61      0      0.00000000      1.11330622
    31     62      0      0.00000000      0.90937672
    31     63      0      0.00000000      0.90168495
    31     64      0      0.00000000      1.03437473
    31     65      0      0.00000000      1.01065771
    31     66      0      0.00000000      1.03516390
    31     67      0      0.00000000      1.01007018
    31     68      0      0.00000000      1.04374583
    31     69      0      0.00000000      1.06487949
    31     70      0      0.00000000      1.13572867
    31     71      0      0.00000000      1.12190072
    31     72      0      0.00000000      1.08957266
    31     73      0      0.00000000      0.99196996
    31     74      0      0.00000000      0.97100186
    31     75      0      0.00000000      0.96803666
    31     76      0      0.00000000      0.94803905
    31     77      0      0.00000000      0.92174829
    31     78      0      0.00000000      0.97691555
    31     79      0      0.00000000      1.10452039
    31     80      0      0.00000000      0.97837580
    31     81      0      0.00000000      0.96969941
    31     82      0      0.00000000      0.89076817
    31     83      0      0.00000000      0.91626638
    31     84      0      0.00000000      0.94726362
    31     85      0      0.00000000      0.86527525
    31     86      0      0.00000000      0.89154252
    31     87      0      0.00000000      0.87427428
    31     88      0      0.00000000      0.99034849
    31     89      0      0.00000000      0.99468028
########################################
# TPC TDC : ct = (t-p0)*p1             #
########################################
0	0	1	84.00000000	80.00000000
0	1	1	84.00000000	80.00000000
0	2	1	84.00000000	80.00000000
0	3	1	84.00000000	80.00000000
0	4	1	84.00000000	80.00000000
0	5	1	84.00000000	80.00000000
0	6	1	84.00000000	80.00000000
0	7	1	84.00000000	80.00000000
0	8	1	84.00000000	80.00000000
0	9	1	84.00000000	80.00000000
0	10	1	84.00000000	80.00000000
0	11	1	84.00000000	80.00000000
0	12	1	84.00000000	80.00000000
0	13	1	84.00000000	80.00000000
0	14	1	84.00000000	80.00000000
0	15	1	84.00000000	80.00000000
0	16	1	84.00000000	80.00000000
0	17	1	84.00000000	80.00000000
0	18	1	84.00000000	80.00000000
0	19	1	84.00000000	80.00000000
0	20	1	84.00000000	80.00000000
0	21	1	84.00000000	80.00000000
0	22	1	84.00000000	80.00000000
0	23	1	84.00000000	80.00000000
0	24	1	84.00000000	80.00000000
0	25	1	84.00000000	80.00000000
0	26	1	84.00000000	80.00000000
0	27	1	84.00000000	80.00000000
0	28	1	84.00000000	80.00000000
0	29	1	84.00000000	80.00000000
0	30	1	84.00000000	80.00000000
0	31	1	84.00000000	80.00000000
0	32	1	84.00000000	80.00000000
0	33	1	84.00000000	80.00000000
0	34	1	84.00000000	80.00000000
0	35	1	84.00000000	80.00000000
0	36	1	84.00000000	80.00000000
0	37	1	84.00000000	80.00000000
0	38	1	84.00000000	80.00000000
0	39	1	84.00000000	80.00000000
0	40	1	84.00000000	80.00000000
0	41	1	84.00000000	80.00000000
0	42	1	84.00000000	80.00000000
0	43	1	84.00000000	80.00000000
0	44	1	84.00000000	80.00000000
0	45	1	84.00000000	80.00000000
0	46	1	84.00000000	80.00000000
0	47	1	84.00000000	80.00000000
1	0	1	84.00000000	80.00000000
1	1	1	84.00000000	80.00000000
1	2	1	84.00000000	80.00000000
1	3	1	84.00000000	80.00000000
1	4	1	84.00000000	80.00000000
1	5	1	84.00000000	80.00000000
1	6	1	84.00000000	80.00000000
1	7	1	84.00000000	80.00000000
1	8	1	84.00000000	80.00000000
1	9	1	84.00000000	80.00000000
1	10	1	84.00000000	80.00000000
1	11	1	84.00000000	80.00000000
1	12	1	84.00000000	80.00000000
1	13	1	84.00000000	80.00000000
1	14	1	84.00000000	80.00000000
1	15	1	84.00000000	80.00000000
1	16	1	84.00000000	80.00000000
1	17	1	84.00000000	80.00000000
1	18	1	84.00000000	80.00000000
1	19	1	84.00000000	80.00000000
1	20	1	84.00000000	80.00000000
1	21	1	84.00000000	80.00000000
1	22	1	84.00000000	80.00000000
1	23	1	84.00000000	80.00000000
1	24	1	84.00000000	80.00000000
1	25	1	84.00000000	80.00000000
1	26	1	84.00000000	80.00000000
1	27	1	84.00000000	80.00000000
1	28	1	84.00000000	80.00000000
1	29	1	84.00000000	80.00000000
1	30	1	84.00000000	80.00000000
1	31	1	84.00000000	80.00000000
1	32	1	84.00000000	80.00000000
1	33	1	84.00000000	80.00000000
1	34	1	84.00000000	80.00000000
1	35	1	84.00000000	80.00000000
1	36	1	84.00000000	80.00000000
1	37	1	84.00000000	80.00000000
1	38	1	84.00000000	80.00000000
1	39	1	84.00000000	80.00000000
1	40	1	84.00000000	80.00000000
1	41	1	84.00000000	80.00000000
1	42	1	84.00000000	80.00000000
1	43	1	84.00000000	80.00000000
1	44	1	84.00000000	80.00000000
1	45	1	84.00000000	80.00000000
1	46	1	84.00000000	80.00000000
1	47	1	84.00000000	80.00000000
2	0	1	84.00000000	80.00000000
2	1	1	84.00000000	80.00000000
2	2	1	84.00000000	80.00000000
2	3	1	84.00000000	80.00000000
2	4	1	84.00000000	80.00000000
2	5	1	84.00000000	80.00000000
2	6	1	84.00000000	80.00000000
2	7	1	84.00000000	80.00000000
2	8	1	84.00000000	80.00000000
2	9	1	84.00000000	80.00000000
2	10	1	84.00000000	80.00000000
2	11	1	84.00000000	80.00000000
2	12	1	84.00000000	80.00000000
2	13	1	84.00000000	80.00000000
2	14	1	84.00000000	80.00000000
2	15	1	84.00000000	80.00000000
2	16	1	84.00000000	80.00000000
2	17	1	84.00000000	80.00000000
2	18	1	84.00000000	80.00000000
2	19	1	84.00000000	80.00000000
2	20	1	84.00000000	80.00000000
2	21	1	84.00000000	80.00000000
2	22	1	84.00000000	80.00000000
2	23	1	84.00000000	80.00000000
2	24	1	84.00000000	80.00000000
2	25	1	84.00000000	80.00000000
2	26	1	84.00000000	80.00000000
2	27	1	84.00000000	80.00000000
2	28	1	84.00000000	80.00000000
2	29	1	84.00000000	80.00000000
2	30	1	84.00000000	80.00000000
2	31	1	84.00000000	80.00000000
2	32	1	84.00000000	80.00000000
2	33	1	84.00000000	80.00000000
2	34	1	84.00000000	80.00000000
2	35	1	84.00000000	80.00000000
2	36	1	84.00000000	80.00000000
2	37	1	84.00000000	80.00000000
2	38	1	84.00000000	80.00000000
2	39	1	84.00000000	80.00000000
2	40	1	84.00000000	80.00000000
2	41	1	84.00000000	80.00000000
2	42	1	84.00000000	80.00000000
2	43	1	84.00000000	80.00000000
2	44	1	84.00000000	80.00000000
2	45	1	84.00000000	80.00000000
2	46	1	84.00000000	80.00000000
2	47	1	84.00000000	80.00000000
2	48	1	84.00000000	80.00000000
2	49	1	84.00000000	80.00000000
2	50	1	84.00000000	80.00000000
2	51	1	84.00000000	80.00000000
2	52	1	84.00000000	80.00000000
2	53	1	84.00000000	80.00000000
2	54	1	84.00000000	80.00000000
2	55	1	84.00000000	80.00000000
2	56	1	84.00000000	80.00000000
2	57	1	84.00000000	80.00000000
2	58	1	84.00000000	80.00000000
2	59	1	84.00000000	80.00000000
2	60	1	84.00000000	80.00000000
2	61	1	84.00000000	80.00000000
2	62	1	84.00000000	80.00000000
2	63	1	84.00000000	80.00000000
2	64	1	84.00000000	80.00000000
2	65	1	84.00000000	80.00000000
2	66	1	84.00000000	80.00000000
2	67	1	84.00000000	80.00000000
2	68	1	84.00000000	80.00000000
2	69	1	84.00000000	80.00000000
2	70	1	84.00000000	80.00000000
2	71	1	84.00000000	80.00000000
3	0	1	84.00000000	80.00000000
3	1	1	84.00000000	80.00000000
3	2	1	84.00000000	80.00000000
3	3	1	84.00000000	80.00000000
3	4	1	84.00000000	80.00000000
3	5	1	84.00000000	80.00000000
3	6	1	84.00000000	80.00000000
3	7	1	84.00000000	80.00000000
3	8	1	84.00000000	80.00000000
3	9	1	84.00000000	80.00000000
3	10	1	84.00000000	80.00000000
3	11	1	84.00000000	80.00000000
3	12	1	84.00000000	80.00000000
3	13	1	84.00000000	80.00000000
3	14	1	84.00000000	80.00000000
3	15	1	84.00000000	80.00000000
3	16	1	84.00000000	80.00000000
3	17	1	84.00000000	80.00000000
3	18	1	84.00000000	80.00000000
3	19	1	84.00000000	80.00000000
3	20	1	84.00000000	80.00000000
3	21	1	84.00000000	80.00000000
3	22	1	84.00000000	80.00000000
3	23	1	84.00000000	80.00000000
3	24	1	84.00000000	80.00000000
3	25	1	84.00000000	80.00000000
3	26	1	84.00000000	80.00000000
3	27	1	84.00000000	80.00000000
3	28	1	84.00000000	80.00000000
3	29	1	84.00000000	80.00000000
3	30	1	84.00000000	80.00000000
3	31	1	84.00000000	80.00000000
3	32	1	84.00000000	80.00000000
3	33	1	84.00000000	80.00000000
3	34	1	84.00000000	80.00000000
3	35	1	84.00000000	80.00000000
3	36	1	84.00000000	80.00000000
3	37	1	84.00000000	80.00000000
3	38	1	84.00000000	80.00000000
3	39	1	84.00000000	80.00000000
3	40	1	84.00000000	80.00000000
3	41	1	84.00000000	80.00000000
3	42	1	84.00000000	80.00000000
3	43	1	84.00000000	80.00000000
3	44	1	84.00000000	80.00000000
3	45	1	84.00000000	80.00000000
3	46	1	84.00000000	80.00000000
3	47	1	84.00000000	80.00000000
3	48	1	84.00000000	80.00000000
3	49	1	84.00000000	80.00000000
3	50	1	84.00000000	80.00000000
3	51	1	84.00000000	80.00000000
3	52	1	84.00000000	80.00000000
3	53	1	84.00000000	80.00000000
3	54	1	84.00000000	80.00000000
3	55	1	84.00000000	80.00000000
3	56	1	84.00000000	80.00000000
3	57	1	84.00000000	80.00000000
3	58	1	84.00000000	80.00000000
3	59	1	84.00000000	80.00000000
3	60	1	84.00000000	80.00000000
3	61	1	84.00000000	80.00000000
3	62	1	84.00000000	80.00000000
3	63	1	84.00000000	80.00000000
3	64	1	84.00000000	80.00000000
3	65	1	84.00000000	80.00000000
3	66	1	84.00000000	80.00000000
3	67	1	84.00000000	80.00000000
3	68	1	84.00000000	80.00000000
3	69	1	84.00000000	80.00000000
3	70	1	84.00000000	80.00000000
3	71	1	84.00000000	80.00000000
3	72	1	84.00000000	80.00000000
3	73	1	84.00000000	80.00000000
3	74	1	84.00000000	80.00000000
3	75	1	84.00000000	80.00000000
3	76	1	84.00000000	80.00000000
3	77	1	84.00000000	80.00000000
3	78	1	84.00000000	80.00000000
3	79	1	84.00000000	80.00000000
3	80	1	84.00000000	80.00000000
3	81	1	84.00000000	80.00000000
3	82	1	84.00000000	80.00000000
3	83	1	84.00000000	80.00000000
3	84	1	84.00000000	80.00000000
3	85	1	84.00000000	80.00000000
3	86	1	84.00000000	80.00000000
3	87	1	84.00000000	80.00000000
3	88	1	84.00000000	80.00000000
3	89	1	84.00000000	80.00000000
3	90	1	84.00000000	80.00000000
3	91	1	84.00000000	80.00000000
3	92	1	84.00000000	80.00000000
3	93	1	84.00000000	80.00000000
3	94	1	84.00000000	80.00000000
3	95	1	84.00000000	80.00000000
4	0	1	84.00000000	80.00000000
4	1	1	84.00000000	80.00000000
4	2	1	84.00000000	80.00000000
4	3	1	84.00000000	80.00000000
4	4	1	84.00000000	80.00000000
4	5	1	84.00000000	80.00000000
4	6	1	84.00000000	80.00000000
4	7	1	84.00000000	80.00000000
4	8	1	84.00000000	80.00000000
4	9	1	84.00000000	80.00000000
4	10	1	84.00000000	80.00000000
4	11	1	84.00000000	80.00000000
4	12	1	84.00000000	80.00000000
4	13	1	84.00000000	80.00000000
4	14	1	84.00000000	80.00000000
4	15	1	84.00000000	80.00000000
4	16	1	84.00000000	80.00000000
4	17	1	84.00000000	80.00000000
4	18	1	84.00000000	80.00000000
4	19	1	84.00000000	80.00000000
4	20	1	84.00000000	80.00000000
4	21	1	84.00000000	80.00000000
4	22	1	84.00000000	80.00000000
4	23	1	84.00000000	80.00000000
4	24	1	84.00000000	80.00000000
4	25	1	84.00000000	80.00000000
4	26	1	84.00000000	80.00000000
4	27	1	84.00000000	80.00000000
4	28	1	84.00000000	80.00000000
4	29	1	84.00000000	80.00000000
4	30	1	84.00000000	80.00000000
4	31	1	84.00000000	80.00000000
4	32	1	84.00000000	80.00000000
4	33	1	84.00000000	80.00000000
4	34	1	84.00000000	80.00000000
4	35	1	84.00000000	80.00000000
4	36	1	84.00000000	80.00000000
4	37	1	84.00000000	80.00000000
4	38	1	84.00000000	80.00000000
4	39	1	84.00000000	80.00000000
4	40	1	84.00000000	80.00000000
4	41	1	84.00000000	80.00000000
4	42	1	84.00000000	80.00000000
4	43	1	84.00000000	80.00000000
4	44	1	84.00000000	80.00000000
4	45	1	84.00000000	80.00000000
4	46	1	84.00000000	80.00000000
4	47	1	84.00000000	80.00000000
4	48	1	84.00000000	80.00000000
4	49	1	84.00000000	80.00000000
4	50	1	84.00000000	80.00000000
4	51	1	84.00000000	80.00000000
4	52	1	84.00000000	80.00000000
4	53	1	84.00000000	80.00000000
4	54	1	84.00000000	80.00000000
4	55	1	84.00000000	80.00000000
4	56	1	84.00000000	80.00000000
4	57	1	84.00000000	80.00000000
4	58	1	84.00000000	80.00000000
4	59	1	84.00000000	80.00000000
4	60	1	84.00000000	80.00000000
4	61	1	84.00000000	80.00000000
4	62	1	84.00000000	80.00000000
4	63	1	84.00000000	80.00000000
4	64	1	84.00000000	80.00000000
4	65	1	84.00000000	80.00000000
4	66	1	84.00000000	80.00000000
4	67	1	84.00000000	80.00000000
4	68	1	84.00000000	80.00000000
4	69	1	84.00000000	80.00000000
4	70	1	84.00000000	80.00000000
4	71	1	84.00000000	80.00000000
4	72	1	84.00000000	80.00000000
4	73	1	84.00000000	80.00000000
4	74	1	84.00000000	80.00000000
4	75	1	84.00000000	80.00000000
4	76	1	84.00000000	80.00000000
4	77	1	84.00000000	80.00000000
4	78	1	84.00000000	80.00000000
4	79	1	84.00000000	80.00000000
4	80	1	84.00000000	80.00000000
4	81	1	84.00000000	80.00000000
4	82	1	84.00000000	80.00000000
4	83	1	84.00000000	80.00000000
4	84	1	84.00000000	80.00000000
4	85	1	84.00000000	80.00000000
4	86	1	84.00000000	80.00000000
4	87	1	84.00000000	80.00000000
4	88	1	84.00000000	80.00000000
4	89	1	84.00000000	80.00000000
4	90	1	84.00000000	80.00000000
4	91	1	84.00000000	80.00000000
4	92	1	84.00000000	80.00000000
4	93	1	84.00000000	80.00000000
4	94	1	84.00000000	80.00000000
4	95	1	84.00000000	80.00000000
4	96	1	84.00000000	80.00000000
4	97	1	84.00000000	80.00000000
4	98	1	84.00000000	80.00000000
4	99	1	84.00000000	80.00000000
4	100	1	84.00000000	80.00000000
4	101	1	84.00000000	80.00000000
4	102	1	84.00000000	80.00000000
4	103	1	84.00000000	80.00000000
4	104	1	84.00000000	80.00000000
4	105	1	84.00000000	80.00000000
4	106	1	84.00000000	80.00000000
4	107	1	84.00000000	80.00000000
4	108	1	84.00000000	80.00000000
4	109	1	84.00000000	80.00000000
4	110	1	84.00000000	80.00000000
4	111	1	84.00000000	80.00000000
4	112	1	84.00000000	80.00000000
4	113	1	84.00000000	80.00000000
4	114	1	84.00000000	80.00000000
4	115	1	84.00000000	80.00000000
4	116	1	84.00000000	80.00000000
4	117	1	84.00000000	80.00000000
4	118	1	84.00000000	80.00000000
4	119	1	84.00000000	80.00000000
5	0	1	84.00000000	80.00000000
5	1	1	84.00000000	80.00000000
5	2	1	84.00000000	80.00000000
5	3	1	84.00000000	80.00000000
5	4	1	84.00000000	80.00000000
5	5	1	84.00000000	80.00000000
5	6	1	84.00000000	80.00000000
5	7	1	84.00000000	80.00000000
5	8	1	84.00000000	80.00000000
5	9	1	84.00000000	80.00000000
5	10	1	84.00000000	80.00000000
5	11	1	84.00000000	80.00000000
5	12	1	84.00000000	80.00000000
5	13	1	84.00000000	80.00000000
5	14	1	84.00000000	80.00000000
5	15	1	84.00000000	80.00000000
5	16	1	84.00000000	80.00000000
5	17	1	84.00000000	80.00000000
5	18	1	84.00000000	80.00000000
5	19	1	84.00000000	80.00000000
5	20	1	84.00000000	80.00000000
5	21	1	84.00000000	80.00000000
5	22	1	84.00000000	80.00000000
5	23	1	84.00000000	80.00000000
5	24	1	84.00000000	80.00000000
5	25	1	84.00000000	80.00000000
5	26	1	84.00000000	80.00000000
5	27	1	84.00000000	80.00000000
5	28	1	84.00000000	80.00000000
5	29	1	84.00000000	80.00000000
5	30	1	84.00000000	80.00000000
5	31	1	84.00000000	80.00000000
5	32	1	84.00000000	80.00000000
5	33	1	84.00000000	80.00000000
5	34	1	84.00000000	80.00000000
5	35	1	84.00000000	80.00000000
5	36	1	84.00000000	80.00000000
5	37	1	84.00000000	80.00000000
5	38	1	84.00000000	80.00000000
5	39	1	84.00000000	80.00000000
5	40	1	84.00000000	80.00000000
5	41	1	84.00000000	80.00000000
5	42	1	84.00000000	80.00000000
5	43	1	84.00000000	80.00000000
5	44	1	84.00000000	80.00000000
5	45	1	84.00000000	80.00000000
5	46	1	84.00000000	80.00000000
5	47	1	84.00000000	80.00000000
5	48	1	84.00000000	80.00000000
5	49	1	84.00000000	80.00000000
5	50	1	84.00000000	80.00000000
5	51	1	84.00000000	80.00000000
5	52	1	84.00000000	80.00000000
5	53	1	84.00000000	80.00000000
5	54	1	84.00000000	80.00000000
5	55	1	84.00000000	80.00000000
5	56	1	84.00000000	80.00000000
5	57	1	84.00000000	80.00000000
5	58	1	84.00000000	80.00000000
5	59	1	84.00000000	80.00000000
5	60	1	84.00000000	80.00000000
5	61	1	84.00000000	80.00000000
5	62	1	84.00000000	80.00000000
5	63	1	84.00000000	80.00000000
5	64	1	84.00000000	80.00000000
5	65	1	84.00000000	80.00000000
5	66	1	84.00000000	80.00000000
5	67	1	84.00000000	80.00000000
5	68	1	84.00000000	80.00000000
5	69	1	84.00000000	80.00000000
5	70	1	84.00000000	80.00000000
5	71	1	84.00000000	80.00000000
5	72	1	84.00000000	80.00000000
5	73	1	84.00000000	80.00000000
5	74	1	84.00000000	80.00000000
5	75	1	84.00000000	80.00000000
5	76	1	84.00000000	80.00000000
5	77	1	84.00000000	80.00000000
5	78	1	84.00000000	80.00000000
5	79	1	84.00000000	80.00000000
5	80	1	84.00000000	80.00000000
5	81	1	84.00000000	80.00000000
5	82	1	84.00000000	80.00000000
5	83	1	84.00000000	80.00000000
5	84	1	84.00000000	80.00000000
5	85	1	84.00000000	80.00000000
5	86	1	84.00000000	80.00000000
5	87	1	84.00000000	80.00000000
5	88	1	84.00000000	80.00000000
5	89	1	84.00000000	80.00000000
5	90	1	84.00000000	80.00000000
5	91	1	84.00000000	80.00000000
5	92	1	84.00000000	80.00000000
5	93	1	84.00000000	80.00000000
5	94	1	84.00000000	80.00000000
5	95	1	84.00000000	80.00000000
5	96	1	84.00000000	80.00000000
5	97	1	84.00000000	80.00000000
5	98	1	84.00000000	80.00000000
5	99	1	84.00000000	80.00000000
5	100	1	84.00000000	80.00000000
5	101	1	84.00000000	80.00000000
5	102	1	84.00000000	80.00000000
5	103	1	84.00000000	80.00000000
5	104	1	84.00000000	80.00000000
5	105	1	84.00000000	80.00000000
5	106	1	84.00000000	80.00000000
5	107	1	84.00000000	80.00000000
5	108	1	84.00000000	80.00000000
5	109	1	84.00000000	80.00000000
5	110	1	84.00000000	80.00000000
5	111	1	84.00000000	80.00000000
5	112	1	84.00000000	80.00000000
5	113	1	84.00000000	80.00000000
5	114	1	84.00000000	80.00000000
5	115	1	84.00000000	80.00000000
5	116	1	84.00000000	80.00000000
5	117	1	84.00000000	80.00000000
5	118	1	84.00000000	80.00000000
5	119	1	84.00000000	80.00000000
5	120	1	84.00000000	80.00000000
5	121	1	84.00000000	80.00000000
5	122	1	84.00000000	80.00000000
5	123	1	84.00000000	80.00000000
5	124	1	84.00000000	80.00000000
5	125	1	84.00000000	80.00000000
5	126	1	84.00000000	80.00000000
5	127	1	84.00000000	80.00000000
5	128	1	84.00000000	80.00000000
5	129	1	84.00000000	80.00000000
5	130	1	84.00000000	80.00000000
5	131	1	84.00000000	80.00000000
5	132	1	84.00000000	80.00000000
5	133	1	84.00000000	80.00000000
5	134	1	84.00000000	80.00000000
5	135	1	84.00000000	80.00000000
5	136	1	84.00000000	80.00000000
5	137	1	84.00000000	80.00000000
5	138	1	84.00000000	80.00000000
5	139	1	84.00000000	80.00000000
5	140	1	84.00000000	80.00000000
5	141	1	84.00000000	80.00000000
5	142	1	84.00000000	80.00000000
5	143	1	84.00000000	80.00000000
6	0	1	84.00000000	80.00000000
6	1	1	84.00000000	80.00000000
6	2	1	84.00000000	80.00000000
6	3	1	84.00000000	80.00000000
6	4	1	84.00000000	80.00000000
6	5	1	84.00000000	80.00000000
6	6	1	84.00000000	80.00000000
6	7	1	84.00000000	80.00000000
6	8	1	84.00000000	80.00000000
6	9	1	84.00000000	80.00000000
6	10	1	84.00000000	80.00000000
6	11	1	84.00000000	80.00000000
6	12	1	84.00000000	80.00000000
6	13	1	84.00000000	80.00000000
6	14	1	84.00000000	80.00000000
6	15	1	84.00000000	80.00000000
6	16	1	84.00000000	80.00000000
6	17	1	84.00000000	80.00000000
6	18	1	84.00000000	80.00000000
6	19	1	84.00000000	80.00000000
6	20	1	84.00000000	80.00000000
6	21	1	84.00000000	80.00000000
6	22	1	84.00000000	80.00000000
6	23	1	84.00000000	80.00000000
6	24	1	84.00000000	80.00000000
6	25	1	84.00000000	80.00000000
6	26	1	84.00000000	80.00000000
6	27	1	84.00000000	80.00000000
6	28	1	84.00000000	80.00000000
6	29	1	84.00000000	80.00000000
6	30	1	84.00000000	80.00000000
6	31	1	84.00000000	80.00000000
6	32	1	84.00000000	80.00000000
6	33	1	84.00000000	80.00000000
6	34	1	84.00000000	80.00000000
6	35	1	84.00000000	80.00000000
6	36	1	84.00000000	80.00000000
6	37	1	84.00000000	80.00000000
6	38	1	84.00000000	80.00000000
6	39	1	84.00000000	80.00000000
6	40	1	84.00000000	80.00000000
6	41	1	84.00000000	80.00000000
6	42	1	84.00000000	80.00000000
6	43	1	84.00000000	80.00000000
6	44	1	84.00000000	80.00000000
6	45	1	84.00000000	80.00000000
6	46	1	84.00000000	80.00000000
6	47	1	84.00000000	80.00000000
6	48	1	84.00000000	80.00000000
6	49	1	84.00000000	80.00000000
6	50	1	84.00000000	80.00000000
6	51	1	84.00000000	80.00000000
6	52	1	84.00000000	80.00000000
6	53	1	84.00000000	80.00000000
6	54	1	84.00000000	80.00000000
6	55	1	84.00000000	80.00000000
6	56	1	84.00000000	80.00000000
6	57	1	84.00000000	80.00000000
6	58	1	84.00000000	80.00000000
6	59	1	84.00000000	80.00000000
6	60	1	84.00000000	80.00000000
6	61	1	84.00000000	80.00000000
6	62	1	84.00000000	80.00000000
6	63	1	84.00000000	80.00000000
6	64	1	84.00000000	80.00000000
6	65	1	84.00000000	80.00000000
6	66	1	84.00000000	80.00000000
6	67	1	84.00000000	80.00000000
6	68	1	84.00000000	80.00000000
6	69	1	84.00000000	80.00000000
6	70	1	84.00000000	80.00000000
6	71	1	84.00000000	80.00000000
6	72	1	84.00000000	80.00000000
6	73	1	84.00000000	80.00000000
6	74	1	84.00000000	80.00000000
6	75	1	84.00000000	80.00000000
6	76	1	84.00000000	80.00000000
6	77	1	84.00000000	80.00000000
6	78	1	84.00000000	80.00000000
6	79	1	84.00000000	80.00000000
6	80	1	84.00000000	80.00000000
6	81	1	84.00000000	80.00000000
6	82	1	84.00000000	80.00000000
6	83	1	84.00000000	80.00000000
6	84	1	84.00000000	80.00000000
6	85	1	84.00000000	80.00000000
6	86	1	84.00000000	80.00000000
6	87	1	84.00000000	80.00000000
6	88	1	84.00000000	80.00000000
6	89	1	84.00000000	80.00000000
6	90	1	84.00000000	80.00000000
6	91	1	84.00000000	80.00000000
6	92	1	84.00000000	80.00000000
6	93	1	84.00000000	80.00000000
6	94	1	84.00000000	80.00000000
6	95	1	84.00000000	80.00000000
6	96	1	84.00000000	80.00000000
6	97	1	84.00000000	80.00000000
6	98	1	84.00000000	80.00000000
6	99	1	84.00000000	80.00000000
6	100	1	84.00000000	80.00000000
6	101	1	84.00000000	80.00000000
6	102	1	84.00000000	80.00000000
6	103	1	84.00000000	80.00000000
6	104	1	84.00000000	80.00000000
6	105	1	84.00000000	80.00000000
6	106	1	84.00000000	80.00000000
6	107	1	84.00000000	80.00000000
6	108	1	84.00000000	80.00000000
6	109	1	84.00000000	80.00000000
6	110	1	84.00000000	80.00000000
6	111	1	84.00000000	80.00000000
6	112	1	84.00000000	80.00000000
6	113	1	84.00000000	80.00000000
6	114	1	84.00000000	80.00000000
6	115	1	84.00000000	80.00000000
6	116	1	84.00000000	80.00000000
6	117	1	84.00000000	80.00000000
6	118	1	84.00000000	80.00000000
6	119	1	84.00000000	80.00000000
6	120	1	84.00000000	80.00000000
6	121	1	84.00000000	80.00000000
6	122	1	84.00000000	80.00000000
6	123	1	84.00000000	80.00000000
6	124	1	84.00000000	80.00000000
6	125	1	84.00000000	80.00000000
6	126	1	84.00000000	80.00000000
6	127	1	84.00000000	80.00000000
6	128	1	84.00000000	80.00000000
6	129	1	84.00000000	80.00000000
6	130	1	84.00000000	80.00000000
6	131	1	84.00000000	80.00000000
6	132	1	84.00000000	80.00000000
6	133	1	84.00000000	80.00000000
6	134	1	84.00000000	80.00000000
6	135	1	84.00000000	80.00000000
6	136	1	84.00000000	80.00000000
6	137	1	84.00000000	80.00000000
6	138	1	84.00000000	80.00000000
6	139	1	84.00000000	80.00000000
6	140	1	84.00000000	80.00000000
6	141	1	84.00000000	80.00000000
6	142	1	84.00000000	80.00000000
6	143	1	84.00000000	80.00000000
6	144	1	84.00000000	80.00000000
6	145	1	84.00000000	80.00000000
6	146	1	84.00000000	80.00000000
6	147	1	84.00000000	80.00000000
6	148	1	84.00000000	80.00000000
6	149	1	84.00000000	80.00000000
6	150	1	84.00000000	80.00000000
6	151	1	84.00000000	80.00000000
6	152	1	84.00000000	80.00000000
6	153	1	84.00000000	80.00000000
6	154	1	84.00000000	80.00000000
6	155	1	84.00000000	80.00000000
6	156	1	84.00000000	80.00000000
6	157	1	84.00000000	80.00000000
6	158	1	84.00000000	80.00000000
6	159	1	84.00000000	80.00000000
6	160	1	84.00000000	80.00000000
6	161	1	84.00000000	80.00000000
6	162	1	84.00000000	80.00000000
6	163	1	84.00000000	80.00000000
6	164	1	84.00000000	80.00000000
6	165	1	84.00000000	80.00000000
6	166	1	84.00000000	80.00000000
6	167	1	84.00000000	80.00000000
7	0	1	84.00000000	80.00000000
7	1	1	84.00000000	80.00000000
7	2	1	84.00000000	80.00000000
7	3	1	84.00000000	80.00000000
7	4	1	84.00000000	80.00000000
7	5	1	84.00000000	80.00000000
7	6	1	84.00000000	80.00000000
7	7	1	84.00000000	80.00000000
7	8	1	84.00000000	80.00000000
7	9	1	84.00000000	80.00000000
7	10	1	84.00000000	80.00000000
7	11	1	84.00000000	80.00000000
7	12	1	84.00000000	80.00000000
7	13	1	84.00000000	80.00000000
7	14	1	84.00000000	80.00000000
7	15	1	84.00000000	80.00000000
7	16	1	84.00000000	80.00000000
7	17	1	84.00000000	80.00000000
7	18	1	84.00000000	80.00000000
7	19	1	84.00000000	80.00000000
7	20	1	84.00000000	80.00000000
7	21	1	84.00000000	80.00000000
7	22	1	84.00000000	80.00000000
7	23	1	84.00000000	80.00000000
7	24	1	84.00000000	80.00000000
7	25	1	84.00000000	80.00000000
7	26	1	84.00000000	80.00000000
7	27	1	84.00000000	80.00000000
7	28	1	84.00000000	80.00000000
7	29	1	84.00000000	80.00000000
7	30	1	84.00000000	80.00000000
7	31	1	84.00000000	80.00000000
7	32	1	84.00000000	80.00000000
7	33	1	84.00000000	80.00000000
7	34	1	84.00000000	80.00000000
7	35	1	84.00000000	80.00000000
7	36	1	84.00000000	80.00000000
7	37	1	84.00000000	80.00000000
7	38	1	84.00000000	80.00000000
7	39	1	84.00000000	80.00000000
7	40	1	84.00000000	80.00000000
7	41	1	84.00000000	80.00000000
7	42	1	84.00000000	80.00000000
7	43	1	84.00000000	80.00000000
7	44	1	84.00000000	80.00000000
7	45	1	84.00000000	80.00000000
7	46	1	84.00000000	80.00000000
7	47	1	84.00000000	80.00000000
7	48	1	84.00000000	80.00000000
7	49	1	84.00000000	80.00000000
7	50	1	84.00000000	80.00000000
7	51	1	84.00000000	80.00000000
7	52	1	84.00000000	80.00000000
7	53	1	84.00000000	80.00000000
7	54	1	84.00000000	80.00000000
7	55	1	84.00000000	80.00000000
7	56	1	84.00000000	80.00000000
7	57	1	84.00000000	80.00000000
7	58	1	84.00000000	80.00000000
7	59	1	84.00000000	80.00000000
7	60	1	84.00000000	80.00000000
7	61	1	84.00000000	80.00000000
7	62	1	84.00000000	80.00000000
7	63	1	84.00000000	80.00000000
7	64	1	84.00000000	80.00000000
7	65	1	84.00000000	80.00000000
7	66	1	84.00000000	80.00000000
7	67	1	84.00000000	80.00000000
7	68	1	84.00000000	80.00000000
7	69	1	84.00000000	80.00000000
7	70	1	84.00000000	80.00000000
7	71	1	84.00000000	80.00000000
7	72	1	84.00000000	80.00000000
7	73	1	84.00000000	80.00000000
7	74	1	84.00000000	80.00000000
7	75	1	84.00000000	80.00000000
7	76	1	84.00000000	80.00000000
7	77	1	84.00000000	80.00000000
7	78	1	84.00000000	80.00000000
7	79	1	84.00000000	80.00000000
7	80	1	84.00000000	80.00000000
7	81	1	84.00000000	80.00000000
7	82	1	84.00000000	80.00000000
7	83	1	84.00000000	80.00000000
7	84	1	84.00000000	80.00000000
7	85	1	84.00000000	80.00000000
7	86	1	84.00000000	80.00000000
7	87	1	84.00000000	80.00000000
7	88	1	84.00000000	80.00000000
7	89	1	84.00000000	80.00000000
7	90	1	84.00000000	80.00000000
7	91	1	84.00000000	80.00000000
7	92	1	84.00000000	80.00000000
7	93	1	84.00000000	80.00000000
7	94	1	84.00000000	80.00000000
7	95	1	84.00000000	80.00000000
7	96	1	84.00000000	80.00000000
7	97	1	84.00000000	80.00000000
7	98	1	84.00000000	80.00000000
7	99	1	84.00000000	80.00000000
7	100	1	84.00000000	80.00000000
7	101	1	84.00000000	80.00000000
7	102	1	84.00000000	80.00000000
7	103	1	84.00000000	80.00000000
7	104	1	84.00000000	80.00000000
7	105	1	84.00000000	80.00000000
7	106	1	84.00000000	80.00000000
7	107	1	84.00000000	80.00000000
7	108	1	84.00000000	80.00000000
7	109	1	84.00000000	80.00000000
7	110	1	84.00000000	80.00000000
7	111	1	84.00000000	80.00000000
7	112	1	84.00000000	80.00000000
7	113	1	84.00000000	80.00000000
7	114	1	84.00000000	80.00000000
7	115	1	84.00000000	80.00000000
7	116	1	84.00000000	80.00000000
7	117	1	84.00000000	80.00000000
7	118	1	84.00000000	80.00000000
7	119	1	84.00000000	80.00000000
7	120	1	84.00000000	80.00000000
7	121	1	84.00000000	80.00000000
7	122	1	84.00000000	80.00000000
7	123	1	84.00000000	80.00000000
7	124	1	84.00000000	80.00000000
7	125	1	84.00000000	80.00000000
7	126	1	84.00000000	80.00000000
7	127	1	84.00000000	80.00000000
7	128	1	84.00000000	80.00000000
7	129	1	84.00000000	80.00000000
7	130	1	84.00000000	80.00000000
7	131	1	84.00000000	80.00000000
7	132	1	84.00000000	80.00000000
7	133	1	84.00000000	80.00000000
7	134	1	84.00000000	80.00000000
7	135	1	84.00000000	80.00000000
7	136	1	84.00000000	80.00000000
7	137	1	84.00000000	80.00000000
7	138	1	84.00000000	80.00000000
7	139	1	84.00000000	80.00000000
7	140	1	84.00000000	80.00000000
7	141	1	84.00000000	80.00000000
7	142	1	84.00000000	80.00000000
7	143	1	84.00000000	80.00000000
7	144	1	84.00000000	80.00000000
7	145	1	84.00000000	80.00000000
7	146	1	84.00000000	80.00000000
7	147	1	84.00000000	80.00000000
7	148	1	84.00000000	80.00000000
7	149	1	84.00000000	80.00000000
7	150	1	84.00000000	80.00000000
7	151	1	84.00000000	80.00000000
7	152	1	84.00000000	80.00000000
7	153	1	84.00000000	80.00000000
7	154	1	84.00000000	80.00000000
7	155	1	84.00000000	80.00000000
7	156	1	84.00000000	80.00000000
7	157	1	84.00000000	80.00000000
7	158	1	84.00000000	80.00000000
7	159	1	84.00000000	80.00000000
7	160	1	84.00000000	80.00000000
7	161	1	84.00000000	80.00000000
7	162	1	84.00000000	80.00000000
7	163	1	84.00000000	80.00000000
7	164	1	84.00000000	80.00000000
7	165	1	84.00000000	80.00000000
7	166	1	84.00000000	80.00000000
7	167	1	84.00000000	80.00000000
7	168	1	84.00000000	80.00000000
7	169	1	84.00000000	80.00000000
7	170	1	84.00000000	80.00000000
7	171	1	84.00000000	80.00000000
7	172	1	84.00000000	80.00000000
7	173	1	84.00000000	80.00000000
7	174	1	84.00000000	80.00000000
7	175	1	84.00000000	80.00000000
7	176	1	84.00000000	80.00000000
7	177	1	84.00000000	80.00000000
7	178	1	84.00000000	80.00000000
7	179	1	84.00000000	80.00000000
7	180	1	84.00000000	80.00000000
7	181	1	84.00000000	80.00000000
7	182	1	84.00000000	80.00000000
7	183	1	84.00000000	80.00000000
7	184	1	84.00000000	80.00000000
7	185	1	84.00000000	80.00000000
7	186	1	84.00000000	80.00000000
7	187	1	84.00000000	80.00000000
7	188	1	84.00000000	80.00000000
7	189	1	84.00000000	80.00000000
7	190	1	84.00000000	80.00000000
7	191	1	84.00000000	80.00000000
8	0	1	84.00000000	80.00000000
8	1	1	84.00000000	80.00000000
8	2	1	84.00000000	80.00000000
8	3	1	84.00000000	80.00000000
8	4	1	84.00000000	80.00000000
8	5	1	84.00000000	80.00000000
8	6	1	84.00000000	80.00000000
8	7	1	84.00000000	80.00000000
8	8	1	84.00000000	80.00000000
8	9	1	84.00000000	80.00000000
8	10	1	84.00000000	80.00000000
8	11	1	84.00000000	80.00000000
8	12	1	84.00000000	80.00000000
8	13	1	84.00000000	80.00000000
8	14	1	84.00000000	80.00000000
8	15	1	84.00000000	80.00000000
8	16	1	84.00000000	80.00000000
8	17	1	84.00000000	80.00000000
8	18	1	84.00000000	80.00000000
8	19	1	84.00000000	80.00000000
8	20	1	84.00000000	80.00000000
8	21	1	84.00000000	80.00000000
8	22	1	84.00000000	80.00000000
8	23	1	84.00000000	80.00000000
8	24	1	84.00000000	80.00000000
8	25	1	84.00000000	80.00000000
8	26	1	84.00000000	80.00000000
8	27	1	84.00000000	80.00000000
8	28	1	84.00000000	80.00000000
8	29	1	84.00000000	80.00000000
8	30	1	84.00000000	80.00000000
8	31	1	84.00000000	80.00000000
8	32	1	84.00000000	80.00000000
8	33	1	84.00000000	80.00000000
8	34	1	84.00000000	80.00000000
8	35	1	84.00000000	80.00000000
8	36	1	84.00000000	80.00000000
8	37	1	84.00000000	80.00000000
8	38	1	84.00000000	80.00000000
8	39	1	84.00000000	80.00000000
8	40	1	84.00000000	80.00000000
8	41	1	84.00000000	80.00000000
8	42	1	84.00000000	80.00000000
8	43	1	84.00000000	80.00000000
8	44	1	84.00000000	80.00000000
8	45	1	84.00000000	80.00000000
8	46	1	84.00000000	80.00000000
8	47	1	84.00000000	80.00000000
8	48	1	84.00000000	80.00000000
8	49	1	84.00000000	80.00000000
8	50	1	84.00000000	80.00000000
8	51	1	84.00000000	80.00000000
8	52	1	84.00000000	80.00000000
8	53	1	84.00000000	80.00000000
8	54	1	84.00000000	80.00000000
8	55	1	84.00000000	80.00000000
8	56	1	84.00000000	80.00000000
8	57	1	84.00000000	80.00000000
8	58	1	84.00000000	80.00000000
8	59	1	84.00000000	80.00000000
8	60	1	84.00000000	80.00000000
8	61	1	84.00000000	80.00000000
8	62	1	84.00000000	80.00000000
8	63	1	84.00000000	80.00000000
8	64	1	84.00000000	80.00000000
8	65	1	84.00000000	80.00000000
8	66	1	84.00000000	80.00000000
8	67	1	84.00000000	80.00000000
8	68	1	84.00000000	80.00000000
8	69	1	84.00000000	80.00000000
8	70	1	84.00000000	80.00000000
8	71	1	84.00000000	80.00000000
8	72	1	84.00000000	80.00000000
8	73	1	84.00000000	80.00000000
8	74	1	84.00000000	80.00000000
8	75	1	84.00000000	80.00000000
8	76	1	84.00000000	80.00000000
8	77	1	84.00000000	80.00000000
8	78	1	84.00000000	80.00000000
8	79	1	84.00000000	80.00000000
8	80	1	84.00000000	80.00000000
8	81	1	84.00000000	80.00000000
8	82	1	84.00000000	80.00000000
8	83	1	84.00000000	80.00000000
8	84	1	84.00000000	80.00000000
8	85	1	84.00000000	80.00000000
8	86	1	84.00000000	80.00000000
8	87	1	84.00000000	80.00000000
8	88	1	84.00000000	80.00000000
8	89	1	84.00000000	80.00000000
8	90	1	84.00000000	80.00000000
8	91	1	84.00000000	80.00000000
8	92	1	84.00000000	80.00000000
8	93	1	84.00000000	80.00000000
8	94	1	84.00000000	80.00000000
8	95	1	84.00000000	80.00000000
8	96	1	84.00000000	80.00000000
8	97	1	84.00000000	80.00000000
8	98	1	84.00000000	80.00000000
8	99	1	84.00000000	80.00000000
8	100	1	84.00000000	80.00000000
8	101	1	84.00000000	80.00000000
8	102	1	84.00000000	80.00000000
8	103	1	84.00000000	80.00000000
8	104	1	84.00000000	80.00000000
8	105	1	84.00000000	80.00000000
8	106	1	84.00000000	80.00000000
8	107	1	84.00000000	80.00000000
8	108	1	84.00000000	80.00000000
8	109	1	84.00000000	80.00000000
8	110	1	84.00000000	80.00000000
8	111	1	84.00000000	80.00000000
8	112	1	84.00000000	80.00000000
8	113	1	84.00000000	80.00000000
8	114	1	84.00000000	80.00000000
8	115	1	84.00000000	80.00000000
8	116	1	84.00000000	80.00000000
8	117	1	84.00000000	80.00000000
8	118	1	84.00000000	80.00000000
8	119	1	84.00000000	80.00000000
8	120	1	84.00000000	80.00000000
8	121	1	84.00000000	80.00000000
8	122	1	84.00000000	80.00000000
8	123	1	84.00000000	80.00000000
8	124	1	84.00000000	80.00000000
8	125	1	84.00000000	80.00000000
8	126	1	84.00000000	80.00000000
8	127	1	84.00000000	80.00000000
8	128	1	84.00000000	80.00000000
8	129	1	84.00000000	80.00000000
8	130	1	84.00000000	80.00000000
8	131	1	84.00000000	80.00000000
8	132	1	84.00000000	80.00000000
8	133	1	84.00000000	80.00000000
8	134	1	84.00000000	80.00000000
8	135	1	84.00000000	80.00000000
8	136	1	84.00000000	80.00000000
8	137	1	84.00000000	80.00000000
8	138	1	84.00000000	80.00000000
8	139	1	84.00000000	80.00000000
8	140	1	84.00000000	80.00000000
8	141	1	84.00000000	80.00000000
8	142	1	84.00000000	80.00000000
8	143	1	84.00000000	80.00000000
8	144	1	84.00000000	80.00000000
8	145	1	84.00000000	80.00000000
8	146	1	84.00000000	80.00000000
8	147	1	84.00000000	80.00000000
8	148	1	84.00000000	80.00000000
8	149	1	84.00000000	80.00000000
8	150	1	84.00000000	80.00000000
8	151	1	84.00000000	80.00000000
8	152	1	84.00000000	80.00000000
8	153	1	84.00000000	80.00000000
8	154	1	84.00000000	80.00000000
8	155	1	84.00000000	80.00000000
8	156	1	84.00000000	80.00000000
8	157	1	84.00000000	80.00000000
8	158	1	84.00000000	80.00000000
8	159	1	84.00000000	80.00000000
8	160	1	84.00000000	80.00000000
8	161	1	84.00000000	80.00000000
8	162	1	84.00000000	80.00000000
8	163	1	84.00000000	80.00000000
8	164	1	84.00000000	80.00000000
8	165	1	84.00000000	80.00000000
8	166	1	84.00000000	80.00000000
8	167	1	84.00000000	80.00000000
8	168	1	84.00000000	80.00000000
8	169	1	84.00000000	80.00000000
8	170	1	84.00000000	80.00000000
8	171	1	84.00000000	80.00000000
8	172	1	84.00000000	80.00000000
8	173	1	84.00000000	80.00000000
8	174	1	84.00000000	80.00000000
8	175	1	84.00000000	80.00000000
8	176	1	84.00000000	80.00000000
8	177	1	84.00000000	80.00000000
8	178	1	84.00000000	80.00000000
8	179	1	84.00000000	80.00000000
8	180	1	84.00000000	80.00000000
8	181	1	84.00000000	80.00000000
8	182	1	84.00000000	80.00000000
8	183	1	84.00000000	80.00000000
8	184	1	84.00000000	80.00000000
8	185	1	84.00000000	80.00000000
8	186	1	84.00000000	80.00000000
8	187	1	84.00000000	80.00000000
8	188	1	84.00000000	80.00000000
8	189	1	84.00000000	80.00000000
8	190	1	84.00000000	80.00000000
8	191	1	84.00000000	80.00000000
8	192	1	84.00000000	80.00000000
8	193	1	84.00000000	80.00000000
8	194	1	84.00000000	80.00000000
8	195	1	84.00000000	80.00000000
8	196	1	84.00000000	80.00000000
8	197	1	84.00000000	80.00000000
8	198	1	84.00000000	80.00000000
8	199	1	84.00000000	80.00000000
8	200	1	84.00000000	80.00000000
8	201	1	84.00000000	80.00000000
8	202	1	84.00000000	80.00000000
8	203	1	84.00000000	80.00000000
8	204	1	84.00000000	80.00000000
8	205	1	84.00000000	80.00000000
8	206	1	84.00000000	80.00000000
8	207	1	84.00000000	80.00000000
8	208	1	84.00000000	80.00000000
8	209	1	84.00000000	80.00000000
8	210	1	84.00000000	80.00000000
8	211	1	84.00000000	80.00000000
8	212	1	84.00000000	80.00000000
8	213	1	84.00000000	80.00000000
8	214	1	84.00000000	80.00000000
8	215	1	84.00000000	80.00000000
9	0	1	84.00000000	80.00000000
9	1	1	84.00000000	80.00000000
9	2	1	84.00000000	80.00000000
9	3	1	84.00000000	80.00000000
9	4	1	84.00000000	80.00000000
9	5	1	84.00000000	80.00000000
9	6	1	84.00000000	80.00000000
9	7	1	84.00000000	80.00000000
9	8	1	84.00000000	80.00000000
9	9	1	84.00000000	80.00000000
9	10	1	84.00000000	80.00000000
9	11	1	84.00000000	80.00000000
9	12	1	84.00000000	80.00000000
9	13	1	84.00000000	80.00000000
9	14	1	84.00000000	80.00000000
9	15	1	84.00000000	80.00000000
9	16	1	84.00000000	80.00000000
9	17	1	84.00000000	80.00000000
9	18	1	84.00000000	80.00000000
9	19	1	84.00000000	80.00000000
9	20	1	84.00000000	80.00000000
9	21	1	84.00000000	80.00000000
9	22	1	84.00000000	80.00000000
9	23	1	84.00000000	80.00000000
9	24	1	84.00000000	80.00000000
9	25	1	84.00000000	80.00000000
9	26	1	84.00000000	80.00000000
9	27	1	84.00000000	80.00000000
9	28	1	84.00000000	80.00000000
9	29	1	84.00000000	80.00000000
9	30	1	84.00000000	80.00000000
9	31	1	84.00000000	80.00000000
9	32	1	84.00000000	80.00000000
9	33	1	84.00000000	80.00000000
9	34	1	84.00000000	80.00000000
9	35	1	84.00000000	80.00000000
9	36	1	84.00000000	80.00000000
9	37	1	84.00000000	80.00000000
9	38	1	84.00000000	80.00000000
9	39	1	84.00000000	80.00000000
9	40	1	84.00000000	80.00000000
9	41	1	84.00000000	80.00000000
9	42	1	84.00000000	80.00000000
9	43	1	84.00000000	80.00000000
9	44	1	84.00000000	80.00000000
9	45	1	84.00000000	80.00000000
9	46	1	84.00000000	80.00000000
9	47	1	84.00000000	80.00000000
9	48	1	84.00000000	80.00000000
9	49	1	84.00000000	80.00000000
9	50	1	84.00000000	80.00000000
9	51	1	84.00000000	80.00000000
9	52	1	84.00000000	80.00000000
9	53	1	84.00000000	80.00000000
9	54	1	84.00000000	80.00000000
9	55	1	84.00000000	80.00000000
9	56	1	84.00000000	80.00000000
9	57	1	84.00000000	80.00000000
9	58	1	84.00000000	80.00000000
9	59	1	84.00000000	80.00000000
9	60	1	84.00000000	80.00000000
9	61	1	84.00000000	80.00000000
9	62	1	84.00000000	80.00000000
9	63	1	84.00000000	80.00000000
9	64	1	84.00000000	80.00000000
9	65	1	84.00000000	80.00000000
9	66	1	84.00000000	80.00000000
9	67	1	84.00000000	80.00000000
9	68	1	84.00000000	80.00000000
9	69	1	84.00000000	80.00000000
9	70	1	84.00000000	80.00000000
9	71	1	84.00000000	80.00000000
9	72	1	84.00000000	80.00000000
9	73	1	84.00000000	80.00000000
9	74	1	84.00000000	80.00000000
9	75	1	84.00000000	80.00000000
9	76	1	84.00000000	80.00000000
9	77	1	84.00000000	80.00000000
9	78	1	84.00000000	80.00000000
9	79	1	84.00000000	80.00000000
9	80	1	84.00000000	80.00000000
9	81	1	84.00000000	80.00000000
9	82	1	84.00000000	80.00000000
9	83	1	84.00000000	80.00000000
9	84	1	84.00000000	80.00000000
9	85	1	84.00000000	80.00000000
9	86	1	84.00000000	80.00000000
9	87	1	84.00000000	80.00000000
9	88	1	84.00000000	80.00000000
9	89	1	84.00000000	80.00000000
9	90	1	84.00000000	80.00000000
9	91	1	84.00000000	80.00000000
9	92	1	84.00000000	80.00000000
9	93	1	84.00000000	80.00000000
9	94	1	84.00000000	80.00000000
9	95	1	84.00000000	80.00000000
9	96	1	84.00000000	80.00000000
9	97	1	84.00000000	80.00000000
9	98	1	84.00000000	80.00000000
9	99	1	84.00000000	80.00000000
9	100	1	84.00000000	80.00000000
9	101	1	84.00000000	80.00000000
9	102	1	84.00000000	80.00000000
9	103	1	84.00000000	80.00000000
9	104	1	84.00000000	80.00000000
9	105	1	84.00000000	80.00000000
9	106	1	84.00000000	80.00000000
9	107	1	84.00000000	80.00000000
9	108	1	84.00000000	80.00000000
9	109	1	84.00000000	80.00000000
9	110	1	84.00000000	80.00000000
9	111	1	84.00000000	80.00000000
9	112	1	84.00000000	80.00000000
9	113	1	84.00000000	80.00000000
9	114	1	84.00000000	80.00000000
9	115	1	84.00000000	80.00000000
9	116	1	84.00000000	80.00000000
9	117	1	84.00000000	80.00000000
9	118	1	84.00000000	80.00000000
9	119	1	84.00000000	80.00000000
9	120	1	84.00000000	80.00000000
9	121	1	84.00000000	80.00000000
9	122	1	84.00000000	80.00000000
9	123	1	84.00000000	80.00000000
9	124	1	84.00000000	80.00000000
9	125	1	84.00000000	80.00000000
9	126	1	84.00000000	80.00000000
9	127	1	84.00000000	80.00000000
9	128	1	84.00000000	80.00000000
9	129	1	84.00000000	80.00000000
9	130	1	84.00000000	80.00000000
9	131	1	84.00000000	80.00000000
9	132	1	84.00000000	80.00000000
9	133	1	84.00000000	80.00000000
9	134	1	84.00000000	80.00000000
9	135	1	84.00000000	80.00000000
9	136	1	84.00000000	80.00000000
9	137	1	84.00000000	80.00000000
9	138	1	84.00000000	80.00000000
9	139	1	84.00000000	80.00000000
9	140	1	84.00000000	80.00000000
9	141	1	84.00000000	80.00000000
9	142	1	84.00000000	80.00000000
9	143	1	84.00000000	80.00000000
9	144	1	84.00000000	80.00000000
9	145	1	84.00000000	80.00000000
9	146	1	84.00000000	80.00000000
9	147	1	84.00000000	80.00000000
9	148	1	84.00000000	80.00000000
9	149	1	84.00000000	80.00000000
9	150	1	84.00000000	80.00000000
9	151	1	84.00000000	80.00000000
9	152	1	84.00000000	80.00000000
9	153	1	84.00000000	80.00000000
9	154	1	84.00000000	80.00000000
9	155	1	84.00000000	80.00000000
9	156	1	84.00000000	80.00000000
9	157	1	84.00000000	80.00000000
9	158	1	84.00000000	80.00000000
9	159	1	84.00000000	80.00000000
9	160	1	84.00000000	80.00000000
9	161	1	84.00000000	80.00000000
9	162	1	84.00000000	80.00000000
9	163	1	84.00000000	80.00000000
9	164	1	84.00000000	80.00000000
9	165	1	84.00000000	80.00000000
9	166	1	84.00000000	80.00000000
9	167	1	84.00000000	80.00000000
9	168	1	84.00000000	80.00000000
9	169	1	84.00000000	80.00000000
9	170	1	84.00000000	80.00000000
9	171	1	84.00000000	80.00000000
9	172	1	84.00000000	80.00000000
9	173	1	84.00000000	80.00000000
9	174	1	84.00000000	80.00000000
9	175	1	84.00000000	80.00000000
9	176	1	84.00000000	80.00000000
9	177	1	84.00000000	80.00000000
9	178	1	84.00000000	80.00000000
9	179	1	84.00000000	80.00000000
9	180	1	84.00000000	80.00000000
9	181	1	84.00000000	80.00000000
9	182	1	84.00000000	80.00000000
9	183	1	84.00000000	80.00000000
9	184	1	84.00000000	80.00000000
9	185	1	84.00000000	80.00000000
9	186	1	84.00000000	80.00000000
9	187	1	84.00000000	80.00000000
9	188	1	84.00000000	80.00000000
9	189	1	84.00000000	80.00000000
9	190	1	84.00000000	80.00000000
9	191	1	84.00000000	80.00000000
9	192	1	84.00000000	80.00000000
9	193	1	84.00000000	80.00000000
9	194	1	84.00000000	80.00000000
9	195	1	84.00000000	80.00000000
9	196	1	84.00000000	80.00000000
9	197	1	84.00000000	80.00000000
9	198	1	84.00000000	80.00000000
9	199	1	84.00000000	80.00000000
9	200	1	84.00000000	80.00000000
9	201	1	84.00000000	80.00000000
9	202	1	84.00000000	80.00000000
9	203	1	84.00000000	80.00000000
9	204	1	84.00000000	80.00000000
9	205	1	84.00000000	80.00000000
9	206	1	84.00000000	80.00000000
9	207	1	84.00000000	80.00000000
9	208	1	84.00000000	80.00000000
9	209	1	84.00000000	80.00000000
9	210	1	84.00000000	80.00000000
9	211	1	84.00000000	80.00000000
9	212	1	84.00000000	80.00000000
9	213	1	84.00000000	80.00000000
9	214	1	84.00000000	80.00000000
9	215	1	84.00000000	80.00000000
9	216	1	84.00000000	80.00000000
9	217	1	84.00000000	80.00000000
9	218	1	84.00000000	80.00000000
9	219	1	84.00000000	80.00000000
9	220	1	84.00000000	80.00000000
9	221	1	84.00000000	80.00000000
9	222	1	84.00000000	80.00000000
9	223	1	84.00000000	80.00000000
9	224	1	84.00000000	80.00000000
9	225	1	84.00000000	80.00000000
9	226	1	84.00000000	80.00000000
9	227	1	84.00000000	80.00000000
9	228	1	84.00000000	80.00000000
9	229	1	84.00000000	80.00000000
9	230	1	84.00000000	80.00000000
9	231	1	84.00000000	80.00000000
9	232	1	84.00000000	80.00000000
9	233	1	84.00000000	80.00000000
9	234	1	84.00000000	80.00000000
9	235	1	84.00000000	80.00000000
9	236	1	84.00000000	80.00000000
9	237	1	84.00000000	80.00000000
9	238	1	84.00000000	80.00000000
9	239	1	84.00000000	80.00000000
10	0	1	84.00000000	80.00000000
10	1	1	84.00000000	80.00000000
10	2	1	84.00000000	80.00000000
10	3	1	84.00000000	80.00000000
10	4	1	84.00000000	80.00000000
10	5	1	84.00000000	80.00000000
10	6	1	84.00000000	80.00000000
10	7	1	84.00000000	80.00000000
10	8	1	84.00000000	80.00000000
10	9	1	84.00000000	80.00000000
10	10	1	84.00000000	80.00000000
10	11	1	84.00000000	80.00000000
10	12	1	84.00000000	80.00000000
10	13	1	84.00000000	80.00000000
10	14	1	84.00000000	80.00000000
10	15	1	84.00000000	80.00000000
10	16	1	84.00000000	80.00000000
10	17	1	84.00000000	80.00000000
10	18	1	84.00000000	80.00000000
10	19	1	84.00000000	80.00000000
10	20	1	84.00000000	80.00000000
10	21	1	84.00000000	80.00000000
10	22	1	84.00000000	80.00000000
10	23	1	84.00000000	80.00000000
10	24	1	84.00000000	80.00000000
10	25	1	84.00000000	80.00000000
10	26	1	84.00000000	80.00000000
10	27	1	84.00000000	80.00000000
10	28	1	84.00000000	80.00000000
10	29	1	84.00000000	80.00000000
10	30	1	84.00000000	80.00000000
10	31	1	84.00000000	80.00000000
10	32	1	84.00000000	80.00000000
10	33	1	84.00000000	80.00000000
10	34	1	84.00000000	80.00000000
10	35	1	84.00000000	80.00000000
10	36	1	84.00000000	80.00000000
10	37	1	84.00000000	80.00000000
10	38	1	84.00000000	80.00000000
10	39	1	84.00000000	80.00000000
10	40	1	84.00000000	80.00000000
10	41	1	84.00000000	80.00000000
10	42	1	84.00000000	80.00000000
10	43	1	84.00000000	80.00000000
10	44	1	84.00000000	80.00000000
10	45	1	84.00000000	80.00000000
10	46	1	84.00000000	80.00000000
10	47	1	84.00000000	80.00000000
10	48	1	84.00000000	80.00000000
10	49	1	84.00000000	80.00000000
10	50	1	84.00000000	80.00000000
10	51	1	84.00000000	80.00000000
10	52	1	84.00000000	80.00000000
10	53	1	84.00000000	80.00000000
10	54	1	84.00000000	80.00000000
10	55	1	84.00000000	80.00000000
10	56	1	84.00000000	80.00000000
10	57	1	84.00000000	80.00000000
10	58	1	84.00000000	80.00000000
10	59	1	84.00000000	80.00000000
10	60	1	84.00000000	80.00000000
10	61	1	84.00000000	80.00000000
10	62	1	84.00000000	80.00000000
10	63	1	84.00000000	80.00000000
10	64	1	84.00000000	80.00000000
10	65	1	84.00000000	80.00000000
10	66	1	84.00000000	80.00000000
10	67	1	84.00000000	80.00000000
10	68	1	84.00000000	80.00000000
10	69	1	84.00000000	80.00000000
10	70	1	84.00000000	80.00000000
10	71	1	84.00000000	80.00000000
10	72	1	84.00000000	80.00000000
10	73	1	84.00000000	80.00000000
10	74	1	84.00000000	80.00000000
10	75	1	84.00000000	80.00000000
10	76	1	84.00000000	80.00000000
10	77	1	84.00000000	80.00000000
10	78	1	84.00000000	80.00000000
10	79	1	84.00000000	80.00000000
10	80	1	84.00000000	80.00000000
10	81	1	84.00000000	80.00000000
10	82	1	84.00000000	80.00000000
10	83	1	84.00000000	80.00000000
10	84	1	84.00000000	80.00000000
10	85	1	84.00000000	80.00000000
10	86	1	84.00000000	80.00000000
10	87	1	84.00000000	80.00000000
10	88	1	84.00000000	80.00000000
10	89	1	84.00000000	80.00000000
10	90	1	84.00000000	80.00000000
10	91	1	84.00000000	80.00000000
10	92	1	84.00000000	80.00000000
10	93	1	84.00000000	80.00000000
10	94	1	84.00000000	80.00000000
10	95	1	84.00000000	80.00000000
10	96	1	84.00000000	80.00000000
10	97	1	84.00000000	80.00000000
10	98	1	84.00000000	80.00000000
10	99	1	84.00000000	80.00000000
10	100	1	84.00000000	80.00000000
10	101	1	84.00000000	80.00000000
10	102	1	84.00000000	80.00000000
10	103	1	84.00000000	80.00000000
10	104	1	84.00000000	80.00000000
10	105	1	84.00000000	80.00000000
10	106	1	84.00000000	80.00000000
10	107	1	84.00000000	80.00000000
10	108	1	84.00000000	80.00000000
10	109	1	84.00000000	80.00000000
10	110	1	84.00000000	80.00000000
10	111	1	84.00000000	80.00000000
10	112	1	84.00000000	80.00000000
10	113	1	84.00000000	80.00000000
10	114	1	84.00000000	80.00000000
10	115	1	84.00000000	80.00000000
10	116	1	84.00000000	80.00000000
10	117	1	84.00000000	80.00000000
10	118	1	84.00000000	80.00000000
10	119	1	84.00000000	80.00000000
10	120	1	84.00000000	80.00000000
10	121	1	84.00000000	80.00000000
10	122	1	84.00000000	80.00000000
10	123	1	84.00000000	80.00000000
10	124	1	84.00000000	80.00000000
10	125	1	84.00000000	80.00000000
10	126	1	84.00000000	80.00000000
10	127	1	84.00000000	80.00000000
10	128	1	84.00000000	80.00000000
10	129	1	84.00000000	80.00000000
10	130	1	84.00000000	80.00000000
10	131	1	84.00000000	80.00000000
10	132	1	84.00000000	80.00000000
10	133	1	84.00000000	80.00000000
10	134	1	84.00000000	80.00000000
10	135	1	84.00000000	80.00000000
10	136	1	84.00000000	80.00000000
10	137	1	84.00000000	80.00000000
10	138	1	84.00000000	80.00000000
10	139	1	84.00000000	80.00000000
10	140	1	84.00000000	80.00000000
10	141	1	84.00000000	80.00000000
10	142	1	84.00000000	80.00000000
10	143	1	84.00000000	80.00000000
10	144	1	84.00000000	80.00000000
10	145	1	84.00000000	80.00000000
10	146	1	84.00000000	80.00000000
10	147	1	84.00000000	80.00000000
10	148	1	84.00000000	80.00000000
10	149	1	84.00000000	80.00000000
10	150	1	84.00000000	80.00000000
10	151	1	84.00000000	80.00000000
10	152	1	84.00000000	80.00000000
10	153	1	84.00000000	80.00000000
10	154	1	84.00000000	80.00000000
10	155	1	84.00000000	80.00000000
10	156	1	84.00000000	80.00000000
10	157	1	84.00000000	80.00000000
10	158	1	84.00000000	80.00000000
10	159	1	84.00000000	80.00000000
10	160	1	84.00000000	80.00000000
10	161	1	84.00000000	80.00000000
10	162	1	84.00000000	80.00000000
10	163	1	84.00000000	80.00000000
10	164	1	84.00000000	80.00000000
10	165	1	84.00000000	80.00000000
10	166	1	84.00000000	80.00000000
10	167	1	84.00000000	80.00000000
10	168	1	84.00000000	80.00000000
10	169	1	84.00000000	80.00000000
10	170	1	84.00000000	80.00000000
10	171	1	84.00000000	80.00000000
10	172	1	84.00000000	80.00000000
10	173	1	84.00000000	80.00000000
10	174	1	84.00000000	80.00000000
10	175	1	84.00000000	80.00000000
10	176	1	84.00000000	80.00000000
10	177	1	84.00000000	80.00000000
10	178	1	84.00000000	80.00000000
10	179	1	84.00000000	80.00000000
10	180	1	84.00000000	80.00000000
10	181	1	84.00000000	80.00000000
10	182	1	84.00000000	80.00000000
10	183	1	84.00000000	80.00000000
10	184	1	84.00000000	80.00000000
10	185	1	84.00000000	80.00000000
10	186	1	84.00000000	80.00000000
10	187	1	84.00000000	80.00000000
10	188	1	84.00000000	80.00000000
10	189	1	84.00000000	80.00000000
10	190	1	84.00000000	80.00000000
10	191	1	84.00000000	80.00000000
10	192	1	84.00000000	80.00000000
10	193	1	84.00000000	80.00000000
10	194	1	84.00000000	80.00000000
10	195	1	84.00000000	80.00000000
10	196	1	84.00000000	80.00000000
10	197	1	84.00000000	80.00000000
10	198	1	84.00000000	80.00000000
10	199	1	84.00000000	80.00000000
10	200	1	84.00000000	80.00000000
10	201	1	84.00000000	80.00000000
10	202	1	84.00000000	80.00000000
10	203	1	84.00000000	80.00000000
10	204	1	84.00000000	80.00000000
10	205	1	84.00000000	80.00000000
10	206	1	84.00000000	80.00000000
10	207	1	84.00000000	80.00000000
11	0	1	84.00000000	80.00000000
11	1	1	84.00000000	80.00000000
11	2	1	84.00000000	80.00000000
11	3	1	84.00000000	80.00000000
11	4	1	84.00000000	80.00000000
11	5	1	84.00000000	80.00000000
11	6	1	84.00000000	80.00000000
11	7	1	84.00000000	80.00000000
11	8	1	84.00000000	80.00000000
11	9	1	84.00000000	80.00000000
11	10	1	84.00000000	80.00000000
11	11	1	84.00000000	80.00000000
11	12	1	84.00000000	80.00000000
11	13	1	84.00000000	80.00000000
11	14	1	84.00000000	80.00000000
11	15	1	84.00000000	80.00000000
11	16	1	84.00000000	80.00000000
11	17	1	84.00000000	80.00000000
11	18	1	84.00000000	80.00000000
11	19	1	84.00000000	80.00000000
11	20	1	84.00000000	80.00000000
11	21	1	84.00000000	80.00000000
11	22	1	84.00000000	80.00000000
11	23	1	84.00000000	80.00000000
11	24	1	84.00000000	80.00000000
11	25	1	84.00000000	80.00000000
11	26	1	84.00000000	80.00000000
11	27	1	84.00000000	80.00000000
11	28	1	84.00000000	80.00000000
11	29	1	84.00000000	80.00000000
11	30	1	84.00000000	80.00000000
11	31	1	84.00000000	80.00000000
11	32	1	84.00000000	80.00000000
11	33	1	84.00000000	80.00000000
11	34	1	84.00000000	80.00000000
11	35	1	84.00000000	80.00000000
11	36	1	84.00000000	80.00000000
11	37	1	84.00000000	80.00000000
11	38	1	84.00000000	80.00000000
11	39	1	84.00000000	80.00000000
11	40	1	84.00000000	80.00000000
11	41	1	84.00000000	80.00000000
11	42	1	84.00000000	80.00000000
11	43	1	84.00000000	80.00000000
11	44	1	84.00000000	80.00000000
11	45	1	84.00000000	80.00000000
11	46	1	84.00000000	80.00000000
11	47	1	84.00000000	80.00000000
11	48	1	84.00000000	80.00000000
11	49	1	84.00000000	80.00000000
11	50	1	84.00000000	80.00000000
11	51	1	84.00000000	80.00000000
11	52	1	84.00000000	80.00000000
11	53	1	84.00000000	80.00000000
11	54	1	84.00000000	80.00000000
11	55	1	84.00000000	80.00000000
11	56	1	84.00000000	80.00000000
11	57	1	84.00000000	80.00000000
11	58	1	84.00000000	80.00000000
11	59	1	84.00000000	80.00000000
11	60	1	84.00000000	80.00000000
11	61	1	84.00000000	80.00000000
11	62	1	84.00000000	80.00000000
11	63	1	84.00000000	80.00000000
11	64	1	84.00000000	80.00000000
11	65	1	84.00000000	80.00000000
11	66	1	84.00000000	80.00000000
11	67	1	84.00000000	80.00000000
11	68	1	84.00000000	80.00000000
11	69	1	84.00000000	80.00000000
11	70	1	84.00000000	80.00000000
11	71	1	84.00000000	80.00000000
11	72	1	84.00000000	80.00000000
11	73	1	84.00000000	80.00000000
11	74	1	84.00000000	80.00000000
11	75	1	84.00000000	80.00000000
11	76	1	84.00000000	80.00000000
11	77	1	84.00000000	80.00000000
11	78	1	84.00000000	80.00000000
11	79	1	84.00000000	80.00000000
11	80	1	84.00000000	80.00000000
11	81	1	84.00000000	80.00000000
11	82	1	84.00000000	80.00000000
11	83	1	84.00000000	80.00000000
11	84	1	84.00000000	80.00000000
11	85	1	84.00000000	80.00000000
11	86	1	84.00000000	80.00000000
11	87	1	84.00000000	80.00000000
11	88	1	84.00000000	80.00000000
11	89	1	84.00000000	80.00000000
11	90	1	84.00000000	80.00000000
11	91	1	84.00000000	80.00000000
11	92	1	84.00000000	80.00000000
11	93	1	84.00000000	80.00000000
11	94	1	84.00000000	80.00000000
11	95	1	84.00000000	80.00000000
11	96	1	84.00000000	80.00000000
11	97	1	84.00000000	80.00000000
11	98	1	84.00000000	80.00000000
11	99	1	84.00000000	80.00000000
11	100	1	84.00000000	80.00000000
11	101	1	84.00000000	80.00000000
11	102	1	84.00000000	80.00000000
11	103	1	84.00000000	80.00000000
11	104	1	84.00000000	80.00000000
11	105	1	84.00000000	80.00000000
11	106	1	84.00000000	80.00000000
11	107	1	84.00000000	80.00000000
11	108	1	84.00000000	80.00000000
11	109	1	84.00000000	80.00000000
11	110	1	84.00000000	80.00000000
11	111	1	84.00000000	80.00000000
11	112	1	84.00000000	80.00000000
11	113	1	84.00000000	80.00000000
11	114	1	84.00000000	80.00000000
11	115	1	84.00000000	80.00000000
11	116	1	84.00000000	80.00000000
11	117	1	84.00000000	80.00000000
11	118	1	84.00000000	80.00000000
11	119	1	84.00000000	80.00000000
11	120	1	84.00000000	80.00000000
11	121	1	84.00000000	80.00000000
11	122	1	84.00000000	80.00000000
11	123	1	84.00000000	80.00000000
11	124	1	84.00000000	80.00000000
11	125	1	84.00000000	80.00000000
11	126	1	84.00000000	80.00000000
11	127	1	84.00000000	80.00000000
11	128	1	84.00000000	80.00000000
11	129	1	84.00000000	80.00000000
11	130	1	84.00000000	80.00000000
11	131	1	84.00000000	80.00000000
11	132	1	84.00000000	80.00000000
11	133	1	84.00000000	80.00000000
11	134	1	84.00000000	80.00000000
11	135	1	84.00000000	80.00000000
11	136	1	84.00000000	80.00000000
11	137	1	84.00000000	80.00000000
11	138	1	84.00000000	80.00000000
11	139	1	84.00000000	80.00000000
11	140	1	84.00000000	80.00000000
11	141	1	84.00000000	80.00000000
11	142	1	84.00000000	80.00000000
11	143	1	84.00000000	80.00000000
11	144	1	84.00000000	80.00000000
11	145	1	84.00000000	80.00000000
11	146	1	84.00000000	80.00000000
11	147	1	84.00000000	80.00000000
11	148	1	84.00000000	80.00000000
11	149	1	84.00000000	80.00000000
11	150	1	84.00000000	80.00000000
11	151	1	84.00000000	80.00000000
11	152	1	84.00000000	80.00000000
11	153	1	84.00000000	80.00000000
11	154	1	84.00000000	80.00000000
11	155	1	84.00000000	80.00000000
11	156	1	84.00000000	80.00000000
11	157	1	84.00000000	80.00000000
11	158	1	84.00000000	80.00000000
11	159	1	84.00000000	80.00000000
11	160	1	84.00000000	80.00000000
11	161	1	84.00000000	80.00000000
11	162	1	84.00000000	80.00000000
11	163	1	84.00000000	80.00000000
11	164	1	84.00000000	80.00000000
11	165	1	84.00000000	80.00000000
11	166	1	84.00000000	80.00000000
11	167	1	84.00000000	80.00000000
11	168	1	84.00000000	80.00000000
11	169	1	84.00000000	80.00000000
11	170	1	84.00000000	80.00000000
11	171	1	84.00000000	80.00000000
11	172	1	84.00000000	80.00000000
11	173	1	84.00000000	80.00000000
11	174	1	84.00000000	80.00000000
11	175	1	84.00000000	80.00000000
11	176	1	84.00000000	80.00000000
11	177	1	84.00000000	80.00000000
11	178	1	84.00000000	80.00000000
11	179	1	84.00000000	80.00000000
11	180	1	84.00000000	80.00000000
11	181	1	84.00000000	80.00000000
11	182	1	84.00000000	80.00000000
11	183	1	84.00000000	80.00000000
11	184	1	84.00000000	80.00000000
11	185	1	84.00000000	80.00000000
11	186	1	84.00000000	80.00000000
11	187	1	84.00000000	80.00000000
11	188	1	84.00000000	80.00000000
11	189	1	84.00000000	80.00000000
11	190	1	84.00000000	80.00000000
11	191	1	84.00000000	80.00000000
11	192	1	84.00000000	80.00000000
11	193	1	84.00000000	80.00000000
11	194	1	84.00000000	80.00000000
11	195	1	84.00000000	80.00000000
11	196	1	84.00000000	80.00000000
11	197	1	84.00000000	80.00000000
11	198	1	84.00000000	80.00000000
11	199	1	84.00000000	80.00000000
11	200	1	84.00000000	80.00000000
11	201	1	84.00000000	80.00000000
11	202	1	84.00000000	80.00000000
11	203	1	84.00000000	80.00000000
11	204	1	84.00000000	80.00000000
11	205	1	84.00000000	80.00000000
11	206	1	84.00000000	80.00000000
11	207	1	84.00000000	80.00000000
11	208	1	84.00000000	80.00000000
11	209	1	84.00000000	80.00000000
11	210	1	84.00000000	80.00000000
11	211	1	84.00000000	80.00000000
11	212	1	84.00000000	80.00000000
11	213	1	84.00000000	80.00000000
11	214	1	84.00000000	80.00000000
11	215	1	84.00000000	80.00000000
11	216	1	84.00000000	80.00000000
11	217	1	84.00000000	80.00000000
12	0	1	84.00000000	80.00000000
12	1	1	84.00000000	80.00000000
12	2	1	84.00000000	80.00000000
12	3	1	84.00000000	80.00000000
12	4	1	84.00000000	80.00000000
12	5	1	84.00000000	80.00000000
12	6	1	84.00000000	80.00000000
12	7	1	84.00000000	80.00000000
12	8	1	84.00000000	80.00000000
12	9	1	84.00000000	80.00000000
12	10	1	84.00000000	80.00000000
12	11	1	84.00000000	80.00000000
12	12	1	84.00000000	80.00000000
12	13	1	84.00000000	80.00000000
12	14	1	84.00000000	80.00000000
12	15	1	84.00000000	80.00000000
12	16	1	84.00000000	80.00000000
12	17	1	84.00000000	80.00000000
12	18	1	84.00000000	80.00000000
12	19	1	84.00000000	80.00000000
12	20	1	84.00000000	80.00000000
12	21	1	84.00000000	80.00000000
12	22	1	84.00000000	80.00000000
12	23	1	84.00000000	80.00000000
12	24	1	84.00000000	80.00000000
12	25	1	84.00000000	80.00000000
12	26	1	84.00000000	80.00000000
12	27	1	84.00000000	80.00000000
12	28	1	84.00000000	80.00000000
12	29	1	84.00000000	80.00000000
12	30	1	84.00000000	80.00000000
12	31	1	84.00000000	80.00000000
12	32	1	84.00000000	80.00000000
12	33	1	84.00000000	80.00000000
12	34	1	84.00000000	80.00000000
12	35	1	84.00000000	80.00000000
12	36	1	84.00000000	80.00000000
12	37	1	84.00000000	80.00000000
12	38	1	84.00000000	80.00000000
12	39	1	84.00000000	80.00000000
12	40	1	84.00000000	80.00000000
12	41	1	84.00000000	80.00000000
12	42	1	84.00000000	80.00000000
12	43	1	84.00000000	80.00000000
12	44	1	84.00000000	80.00000000
12	45	1	84.00000000	80.00000000
12	46	1	84.00000000	80.00000000
12	47	1	84.00000000	80.00000000
12	48	1	84.00000000	80.00000000
12	49	1	84.00000000	80.00000000
12	50	1	84.00000000	80.00000000
12	51	1	84.00000000	80.00000000
12	52	1	84.00000000	80.00000000
12	53	1	84.00000000	80.00000000
12	54	1	84.00000000	80.00000000
12	55	1	84.00000000	80.00000000
12	56	1	84.00000000	80.00000000
12	57	1	84.00000000	80.00000000
12	58	1	84.00000000	80.00000000
12	59	1	84.00000000	80.00000000
12	60	1	84.00000000	80.00000000
12	61	1	84.00000000	80.00000000
12	62	1	84.00000000	80.00000000
12	63	1	84.00000000	80.00000000
12	64	1	84.00000000	80.00000000
12	65	1	84.00000000	80.00000000
12	66	1	84.00000000	80.00000000
12	67	1	84.00000000	80.00000000
12	68	1	84.00000000	80.00000000
12	69	1	84.00000000	80.00000000
12	70	1	84.00000000	80.00000000
12	71	1	84.00000000	80.00000000
12	72	1	84.00000000	80.00000000
12	73	1	84.00000000	80.00000000
12	74	1	84.00000000	80.00000000
12	75	1	84.00000000	80.00000000
12	76	1	84.00000000	80.00000000
12	77	1	84.00000000	80.00000000
12	78	1	84.00000000	80.00000000
12	79	1	84.00000000	80.00000000
12	80	1	84.00000000	80.00000000
12	81	1	84.00000000	80.00000000
12	82	1	84.00000000	80.00000000
12	83	1	84.00000000	80.00000000
12	84	1	84.00000000	80.00000000
12	85	1	84.00000000	80.00000000
12	86	1	84.00000000	80.00000000
12	87	1	84.00000000	80.00000000
12	88	1	84.00000000	80.00000000
12	89	1	84.00000000	80.00000000
12	90	1	84.00000000	80.00000000
12	91	1	84.00000000	80.00000000
12	92	1	84.00000000	80.00000000
12	93	1	84.00000000	80.00000000
12	94	1	84.00000000	80.00000000
12	95	1	84.00000000	80.00000000
12	96	1	84.00000000	80.00000000
12	97	1	84.00000000	80.00000000
12	98	1	84.00000000	80.00000000
12	99	1	84.00000000	80.00000000
12	100	1	84.00000000	80.00000000
12	101	1	84.00000000	80.00000000
12	102	1	84.00000000	80.00000000
12	103	1	84.00000000	80.00000000
12	104	1	84.00000000	80.00000000
12	105	1	84.00000000	80.00000000
12	106	1	84.00000000	80.00000000
12	107	1	84.00000000	80.00000000
12	108	1	84.00000000	80.00000000
12	109	1	84.00000000	80.00000000
12	110	1	84.00000000	80.00000000
12	111	1	84.00000000	80.00000000
12	112	1	84.00000000	80.00000000
12	113	1	84.00000000	80.00000000
12	114	1	84.00000000	80.00000000
12	115	1	84.00000000	80.00000000
12	116	1	84.00000000	80.00000000
12	117	1	84.00000000	80.00000000
12	118	1	84.00000000	80.00000000
12	119	1	84.00000000	80.00000000
12	120	1	84.00000000	80.00000000
12	121	1	84.00000000	80.00000000
12	122	1	84.00000000	80.00000000
12	123	1	84.00000000	80.00000000
12	124	1	84.00000000	80.00000000
12	125	1	84.00000000	80.00000000
12	126	1	84.00000000	80.00000000
12	127	1	84.00000000	80.00000000
12	128	1	84.00000000	80.00000000
12	129	1	84.00000000	80.00000000
12	130	1	84.00000000	80.00000000
12	131	1	84.00000000	80.00000000
12	132	1	84.00000000	80.00000000
12	133	1	84.00000000	80.00000000
12	134	1	84.00000000	80.00000000
12	135	1	84.00000000	80.00000000
12	136	1	84.00000000	80.00000000
12	137	1	84.00000000	80.00000000
12	138	1	84.00000000	80.00000000
12	139	1	84.00000000	80.00000000
12	140	1	84.00000000	80.00000000
12	141	1	84.00000000	80.00000000
12	142	1	84.00000000	80.00000000
12	143	1	84.00000000	80.00000000
12	144	1	84.00000000	80.00000000
12	145	1	84.00000000	80.00000000
12	146	1	84.00000000	80.00000000
12	147	1	84.00000000	80.00000000
12	148	1	84.00000000	80.00000000
12	149	1	84.00000000	80.00000000
12	150	1	84.00000000	80.00000000
12	151	1	84.00000000	80.00000000
12	152	1	84.00000000	80.00000000
12	153	1	84.00000000	80.00000000
12	154	1	84.00000000	80.00000000
12	155	1	84.00000000	80.00000000
12	156	1	84.00000000	80.00000000
12	157	1	84.00000000	80.00000000
12	158	1	84.00000000	80.00000000
12	159	1	84.00000000	80.00000000
12	160	1	84.00000000	80.00000000
12	161	1	84.00000000	80.00000000
12	162	1	84.00000000	80.00000000
12	163	1	84.00000000	80.00000000
12	164	1	84.00000000	80.00000000
12	165	1	84.00000000	80.00000000
12	166	1	84.00000000	80.00000000
12	167	1	84.00000000	80.00000000
12	168	1	84.00000000	80.00000000
12	169	1	84.00000000	80.00000000
12	170	1	84.00000000	80.00000000
12	171	1	84.00000000	80.00000000
12	172	1	84.00000000	80.00000000
12	173	1	84.00000000	80.00000000
12	174	1	84.00000000	80.00000000
12	175	1	84.00000000	80.00000000
12	176	1	84.00000000	80.00000000
12	177	1	84.00000000	80.00000000
12	178	1	84.00000000	80.00000000
12	179	1	84.00000000	80.00000000
12	180	1	84.00000000	80.00000000
12	181	1	84.00000000	80.00000000
12	182	1	84.00000000	80.00000000
12	183	1	84.00000000	80.00000000
12	184	1	84.00000000	80.00000000
12	185	1	84.00000000	80.00000000
12	186	1	84.00000000	80.00000000
12	187	1	84.00000000	80.00000000
12	188	1	84.00000000	80.00000000
12	189	1	84.00000000	80.00000000
12	190	1	84.00000000	80.00000000
12	191	1	84.00000000	80.00000000
12	192	1	84.00000000	80.00000000
12	193	1	84.00000000	80.00000000
12	194	1	84.00000000	80.00000000
12	195	1	84.00000000	80.00000000
12	196	1	84.00000000	80.00000000
12	197	1	84.00000000	80.00000000
12	198	1	84.00000000	80.00000000
12	199	1	84.00000000	80.00000000
12	200	1	84.00000000	80.00000000
12	201	1	84.00000000	80.00000000
12	202	1	84.00000000	80.00000000
12	203	1	84.00000000	80.00000000
12	204	1	84.00000000	80.00000000
12	205	1	84.00000000	80.00000000
12	206	1	84.00000000	80.00000000
12	207	1	84.00000000	80.00000000
12	208	1	84.00000000	80.00000000
12	209	1	84.00000000	80.00000000
12	210	1	84.00000000	80.00000000
12	211	1	84.00000000	80.00000000
12	212	1	84.00000000	80.00000000
12	213	1	84.00000000	80.00000000
12	214	1	84.00000000	80.00000000
12	215	1	84.00000000	80.00000000
12	216	1	84.00000000	80.00000000
12	217	1	84.00000000	80.00000000
12	218	1	84.00000000	80.00000000
12	219	1	84.00000000	80.00000000
12	220	1	84.00000000	80.00000000
12	221	1	84.00000000	80.00000000
12	222	1	84.00000000	80.00000000
12	223	1	84.00000000	80.00000000
12	224	1	84.00000000	80.00000000
12	225	1	84.00000000	80.00000000
12	226	1	84.00000000	80.00000000
12	227	1	84.00000000	80.00000000
12	228	1	84.00000000	80.00000000
12	229	1	84.00000000	80.00000000
13	0	1	84.00000000	80.00000000
13	1	1	84.00000000	80.00000000
13	2	1	84.00000000	80.00000000
13	3	1	84.00000000	80.00000000
13	4	1	84.00000000	80.00000000
13	5	1	84.00000000	80.00000000
13	6	1	84.00000000	80.00000000
13	7	1	84.00000000	80.00000000
13	8	1	84.00000000	80.00000000
13	9	1	84.00000000	80.00000000
13	10	1	84.00000000	80.00000000
13	11	1	84.00000000	80.00000000
13	12	1	84.00000000	80.00000000
13	13	1	84.00000000	80.00000000
13	14	1	84.00000000	80.00000000
13	15	1	84.00000000	80.00000000
13	16	1	84.00000000	80.00000000
13	17	1	84.00000000	80.00000000
13	18	1	84.00000000	80.00000000
13	19	1	84.00000000	80.00000000
13	20	1	84.00000000	80.00000000
13	21	1	84.00000000	80.00000000
13	22	1	84.00000000	80.00000000
13	23	1	84.00000000	80.00000000
13	24	1	84.00000000	80.00000000
13	25	1	84.00000000	80.00000000
13	26	1	84.00000000	80.00000000
13	27	1	84.00000000	80.00000000
13	28	1	84.00000000	80.00000000
13	29	1	84.00000000	80.00000000
13	30	1	84.00000000	80.00000000
13	31	1	84.00000000	80.00000000
13	32	1	84.00000000	80.00000000
13	33	1	84.00000000	80.00000000
13	34	1	84.00000000	80.00000000
13	35	1	84.00000000	80.00000000
13	36	1	84.00000000	80.00000000
13	37	1	84.00000000	80.00000000
13	38	1	84.00000000	80.00000000
13	39	1	84.00000000	80.00000000
13	40	1	84.00000000	80.00000000
13	41	1	84.00000000	80.00000000
13	42	1	84.00000000	80.00000000
13	43	1	84.00000000	80.00000000
13	44	1	84.00000000	80.00000000
13	45	1	84.00000000	80.00000000
13	46	1	84.00000000	80.00000000
13	47	1	84.00000000	80.00000000
13	48	1	84.00000000	80.00000000
13	49	1	84.00000000	80.00000000
13	50	1	84.00000000	80.00000000
13	51	1	84.00000000	80.00000000
13	52	1	84.00000000	80.00000000
13	53	1	84.00000000	80.00000000
13	54	1	84.00000000	80.00000000
13	55	1	84.00000000	80.00000000
13	56	1	84.00000000	80.00000000
13	57	1	84.00000000	80.00000000
13	58	1	84.00000000	80.00000000
13	59	1	84.00000000	80.00000000
13	60	1	84.00000000	80.00000000
13	61	1	84.00000000	80.00000000
13	62	1	84.00000000	80.00000000
13	63	1	84.00000000	80.00000000
13	64	1	84.00000000	80.00000000
13	65	1	84.00000000	80.00000000
13	66	1	84.00000000	80.00000000
13	67	1	84.00000000	80.00000000
13	68	1	84.00000000	80.00000000
13	69	1	84.00000000	80.00000000
13	70	1	84.00000000	80.00000000
13	71	1	84.00000000	80.00000000
13	72	1	84.00000000	80.00000000
13	73	1	84.00000000	80.00000000
13	74	1	84.00000000	80.00000000
13	75	1	84.00000000	80.00000000
13	76	1	84.00000000	80.00000000
13	77	1	84.00000000	80.00000000
13	78	1	84.00000000	80.00000000
13	79	1	84.00000000	80.00000000
13	80	1	84.00000000	80.00000000
13	81	1	84.00000000	80.00000000
13	82	1	84.00000000	80.00000000
13	83	1	84.00000000	80.00000000
13	84	1	84.00000000	80.00000000
13	85	1	84.00000000	80.00000000
13	86	1	84.00000000	80.00000000
13	87	1	84.00000000	80.00000000
13	88	1	84.00000000	80.00000000
13	89	1	84.00000000	80.00000000
13	90	1	84.00000000	80.00000000
13	91	1	84.00000000	80.00000000
13	92	1	84.00000000	80.00000000
13	93	1	84.00000000	80.00000000
13	94	1	84.00000000	80.00000000
13	95	1	84.00000000	80.00000000
13	96	1	84.00000000	80.00000000
13	97	1	84.00000000	80.00000000
13	98	1	84.00000000	80.00000000
13	99	1	84.00000000	80.00000000
13	100	1	84.00000000	80.00000000
13	101	1	84.00000000	80.00000000
13	102	1	84.00000000	80.00000000
13	103	1	84.00000000	80.00000000
13	104	1	84.00000000	80.00000000
13	105	1	84.00000000	80.00000000
13	106	1	84.00000000	80.00000000
13	107	1	84.00000000	80.00000000
13	108	1	84.00000000	80.00000000
13	109	1	84.00000000	80.00000000
13	110	1	84.00000000	80.00000000
13	111	1	84.00000000	80.00000000
13	112	1	84.00000000	80.00000000
13	113	1	84.00000000	80.00000000
13	114	1	84.00000000	80.00000000
13	115	1	84.00000000	80.00000000
13	116	1	84.00000000	80.00000000
13	117	1	84.00000000	80.00000000
13	118	1	84.00000000	80.00000000
13	119	1	84.00000000	80.00000000
13	120	1	84.00000000	80.00000000
13	121	1	84.00000000	80.00000000
13	122	1	84.00000000	80.00000000
13	123	1	84.00000000	80.00000000
13	124	1	84.00000000	80.00000000
13	125	1	84.00000000	80.00000000
13	126	1	84.00000000	80.00000000
13	127	1	84.00000000	80.00000000
13	128	1	84.00000000	80.00000000
13	129	1	84.00000000	80.00000000
13	130	1	84.00000000	80.00000000
13	131	1	84.00000000	80.00000000
13	132	1	84.00000000	80.00000000
13	133	1	84.00000000	80.00000000
13	134	1	84.00000000	80.00000000
13	135	1	84.00000000	80.00000000
13	136	1	84.00000000	80.00000000
13	137	1	84.00000000	80.00000000
13	138	1	84.00000000	80.00000000
13	139	1	84.00000000	80.00000000
13	140	1	84.00000000	80.00000000
13	141	1	84.00000000	80.00000000
13	142	1	84.00000000	80.00000000
13	143	1	84.00000000	80.00000000
13	144	1	84.00000000	80.00000000
13	145	1	84.00000000	80.00000000
13	146	1	84.00000000	80.00000000
13	147	1	84.00000000	80.00000000
13	148	1	84.00000000	80.00000000
13	149	1	84.00000000	80.00000000
13	150	1	84.00000000	80.00000000
13	151	1	84.00000000	80.00000000
13	152	1	84.00000000	80.00000000
13	153	1	84.00000000	80.00000000
13	154	1	84.00000000	80.00000000
13	155	1	84.00000000	80.00000000
13	156	1	84.00000000	80.00000000
13	157	1	84.00000000	80.00000000
13	158	1	84.00000000	80.00000000
13	159	1	84.00000000	80.00000000
13	160	1	84.00000000	80.00000000
13	161	1	84.00000000	80.00000000
13	162	1	84.00000000	80.00000000
13	163	1	84.00000000	80.00000000
13	164	1	84.00000000	80.00000000
13	165	1	84.00000000	80.00000000
13	166	1	84.00000000	80.00000000
13	167	1	84.00000000	80.00000000
13	168	1	84.00000000	80.00000000
13	169	1	84.00000000	80.00000000
13	170	1	84.00000000	80.00000000
13	171	1	84.00000000	80.00000000
13	172	1	84.00000000	80.00000000
13	173	1	84.00000000	80.00000000
13	174	1	84.00000000	80.00000000
13	175	1	84.00000000	80.00000000
13	176	1	84.00000000	80.00000000
13	177	1	84.00000000	80.00000000
13	178	1	84.00000000	80.00000000
13	179	1	84.00000000	80.00000000
13	180	1	84.00000000	80.00000000
13	181	1	84.00000000	80.00000000
13	182	1	84.00000000	80.00000000
13	183	1	84.00000000	80.00000000
13	184	1	84.00000000	80.00000000
13	185	1	84.00000000	80.00000000
13	186	1	84.00000000	80.00000000
13	187	1	84.00000000	80.00000000
13	188	1	84.00000000	80.00000000
13	189	1	84.00000000	80.00000000
13	190	1	84.00000000	80.00000000
13	191	1	84.00000000	80.00000000
13	192	1	84.00000000	80.00000000
13	193	1	84.00000000	80.00000000
13	194	1	84.00000000	80.00000000
13	195	1	84.00000000	80.00000000
13	196	1	84.00000000	80.00000000
13	197	1	84.00000000	80.00000000
13	198	1	84.00000000	80.00000000
13	199	1	84.00000000	80.00000000
13	200	1	84.00000000	80.00000000
13	201	1	84.00000000	80.00000000
13	202	1	84.00000000	80.00000000
13	203	1	84.00000000	80.00000000
13	204	1	84.00000000	80.00000000
13	205	1	84.00000000	80.00000000
13	206	1	84.00000000	80.00000000
13	207	1	84.00000000	80.00000000
13	208	1	84.00000000	80.00000000
13	209	1	84.00000000	80.00000000
13	210	1	84.00000000	80.00000000
13	211	1	84.00000000	80.00000000
13	212	1	84.00000000	80.00000000
13	213	1	84.00000000	80.00000000
14	0	1	84.00000000	80.00000000
14	1	1	84.00000000	80.00000000
14	2	1	84.00000000	80.00000000
14	3	1	84.00000000	80.00000000
14	4	1	84.00000000	80.00000000
14	5	1	84.00000000	80.00000000
14	6	1	84.00000000	80.00000000
14	7	1	84.00000000	80.00000000
14	8	1	84.00000000	80.00000000
14	9	1	84.00000000	80.00000000
14	10	1	84.00000000	80.00000000
14	11	1	84.00000000	80.00000000
14	12	1	84.00000000	80.00000000
14	13	1	84.00000000	80.00000000
14	14	1	84.00000000	80.00000000
14	15	1	84.00000000	80.00000000
14	16	1	84.00000000	80.00000000
14	17	1	84.00000000	80.00000000
14	18	1	84.00000000	80.00000000
14	19	1	84.00000000	80.00000000
14	20	1	84.00000000	80.00000000
14	21	1	84.00000000	80.00000000
14	22	1	84.00000000	80.00000000
14	23	1	84.00000000	80.00000000
14	24	1	84.00000000	80.00000000
14	25	1	84.00000000	80.00000000
14	26	1	84.00000000	80.00000000
14	27	1	84.00000000	80.00000000
14	28	1	84.00000000	80.00000000
14	29	1	84.00000000	80.00000000
14	30	1	84.00000000	80.00000000
14	31	1	84.00000000	80.00000000
14	32	1	84.00000000	80.00000000
14	33	1	84.00000000	80.00000000
14	34	1	84.00000000	80.00000000
14	35	1	84.00000000	80.00000000
14	36	1	84.00000000	80.00000000
14	37	1	84.00000000	80.00000000
14	38	1	84.00000000	80.00000000
14	39	1	84.00000000	80.00000000
14	40	1	84.00000000	80.00000000
14	41	1	84.00000000	80.00000000
14	42	1	84.00000000	80.00000000
14	43	1	84.00000000	80.00000000
14	44	1	84.00000000	80.00000000
14	45	1	84.00000000	80.00000000
14	46	1	84.00000000	80.00000000
14	47	1	84.00000000	80.00000000
14	48	1	84.00000000	80.00000000
14	49	1	84.00000000	80.00000000
14	50	1	84.00000000	80.00000000
14	51	1	84.00000000	80.00000000
14	52	1	84.00000000	80.00000000
14	53	1	84.00000000	80.00000000
14	54	1	84.00000000	80.00000000
14	55	1	84.00000000	80.00000000
14	56	1	84.00000000	80.00000000
14	57	1	84.00000000	80.00000000
14	58	1	84.00000000	80.00000000
14	59	1	84.00000000	80.00000000
14	60	1	84.00000000	80.00000000
14	61	1	84.00000000	80.00000000
14	62	1	84.00000000	80.00000000
14	63	1	84.00000000	80.00000000
14	64	1	84.00000000	80.00000000
14	65	1	84.00000000	80.00000000
14	66	1	84.00000000	80.00000000
14	67	1	84.00000000	80.00000000
14	68	1	84.00000000	80.00000000
14	69	1	84.00000000	80.00000000
14	70	1	84.00000000	80.00000000
14	71	1	84.00000000	80.00000000
14	72	1	84.00000000	80.00000000
14	73	1	84.00000000	80.00000000
14	74	1	84.00000000	80.00000000
14	75	1	84.00000000	80.00000000
14	76	1	84.00000000	80.00000000
14	77	1	84.00000000	80.00000000
14	78	1	84.00000000	80.00000000
14	79	1	84.00000000	80.00000000
14	80	1	84.00000000	80.00000000
14	81	1	84.00000000	80.00000000
14	82	1	84.00000000	80.00000000
14	83	1	84.00000000	80.00000000
14	84	1	84.00000000	80.00000000
14	85	1	84.00000000	80.00000000
14	86	1	84.00000000	80.00000000
14	87	1	84.00000000	80.00000000
14	88	1	84.00000000	80.00000000
14	89	1	84.00000000	80.00000000
14	90	1	84.00000000	80.00000000
14	91	1	84.00000000	80.00000000
14	92	1	84.00000000	80.00000000
14	93	1	84.00000000	80.00000000
14	94	1	84.00000000	80.00000000
14	95	1	84.00000000	80.00000000
14	96	1	84.00000000	80.00000000
14	97	1	84.00000000	80.00000000
14	98	1	84.00000000	80.00000000
14	99	1	84.00000000	80.00000000
14	100	1	84.00000000	80.00000000
14	101	1	84.00000000	80.00000000
14	102	1	84.00000000	80.00000000
14	103	1	84.00000000	80.00000000
14	104	1	84.00000000	80.00000000
14	105	1	84.00000000	80.00000000
14	106	1	84.00000000	80.00000000
14	107	1	84.00000000	80.00000000
14	108	1	84.00000000	80.00000000
14	109	1	84.00000000	80.00000000
14	110	1	84.00000000	80.00000000
14	111	1	84.00000000	80.00000000
14	112	1	84.00000000	80.00000000
14	113	1	84.00000000	80.00000000
14	114	1	84.00000000	80.00000000
14	115	1	84.00000000	80.00000000
14	116	1	84.00000000	80.00000000
14	117	1	84.00000000	80.00000000
14	118	1	84.00000000	80.00000000
14	119	1	84.00000000	80.00000000
14	120	1	84.00000000	80.00000000
14	121	1	84.00000000	80.00000000
14	122	1	84.00000000	80.00000000
14	123	1	84.00000000	80.00000000
14	124	1	84.00000000	80.00000000
14	125	1	84.00000000	80.00000000
14	126	1	84.00000000	80.00000000
14	127	1	84.00000000	80.00000000
14	128	1	84.00000000	80.00000000
14	129	1	84.00000000	80.00000000
14	130	1	84.00000000	80.00000000
14	131	1	84.00000000	80.00000000
14	132	1	84.00000000	80.00000000
14	133	1	84.00000000	80.00000000
14	134	1	84.00000000	80.00000000
14	135	1	84.00000000	80.00000000
14	136	1	84.00000000	80.00000000
14	137	1	84.00000000	80.00000000
14	138	1	84.00000000	80.00000000
14	139	1	84.00000000	80.00000000
14	140	1	84.00000000	80.00000000
14	141	1	84.00000000	80.00000000
14	142	1	84.00000000	80.00000000
14	143	1	84.00000000	80.00000000
14	144	1	84.00000000	80.00000000
14	145	1	84.00000000	80.00000000
14	146	1	84.00000000	80.00000000
14	147	1	84.00000000	80.00000000
14	148	1	84.00000000	80.00000000
14	149	1	84.00000000	80.00000000
14	150	1	84.00000000	80.00000000
14	151	1	84.00000000	80.00000000
14	152	1	84.00000000	80.00000000
14	153	1	84.00000000	80.00000000
14	154	1	84.00000000	80.00000000
14	155	1	84.00000000	80.00000000
14	156	1	84.00000000	80.00000000
14	157	1	84.00000000	80.00000000
14	158	1	84.00000000	80.00000000
14	159	1	84.00000000	80.00000000
14	160	1	84.00000000	80.00000000
14	161	1	84.00000000	80.00000000
14	162	1	84.00000000	80.00000000
14	163	1	84.00000000	80.00000000
14	164	1	84.00000000	80.00000000
14	165	1	84.00000000	80.00000000
14	166	1	84.00000000	80.00000000
14	167	1	84.00000000	80.00000000
14	168	1	84.00000000	80.00000000
14	169	1	84.00000000	80.00000000
14	170	1	84.00000000	80.00000000
14	171	1	84.00000000	80.00000000
14	172	1	84.00000000	80.00000000
14	173	1	84.00000000	80.00000000
14	174	1	84.00000000	80.00000000
14	175	1	84.00000000	80.00000000
14	176	1	84.00000000	80.00000000
14	177	1	84.00000000	80.00000000
14	178	1	84.00000000	80.00000000
14	179	1	84.00000000	80.00000000
14	180	1	84.00000000	80.00000000
14	181	1	84.00000000	80.00000000
14	182	1	84.00000000	80.00000000
14	183	1	84.00000000	80.00000000
14	184	1	84.00000000	80.00000000
14	185	1	84.00000000	80.00000000
14	186	1	84.00000000	80.00000000
14	187	1	84.00000000	80.00000000
14	188	1	84.00000000	80.00000000
14	189	1	84.00000000	80.00000000
14	190	1	84.00000000	80.00000000
14	191	1	84.00000000	80.00000000
14	192	1	84.00000000	80.00000000
14	193	1	84.00000000	80.00000000
14	194	1	84.00000000	80.00000000
14	195	1	84.00000000	80.00000000
14	196	1	84.00000000	80.00000000
14	197	1	84.00000000	80.00000000
14	198	1	84.00000000	80.00000000
14	199	1	84.00000000	80.00000000
14	200	1	84.00000000	80.00000000
14	201	1	84.00000000	80.00000000
14	202	1	84.00000000	80.00000000
14	203	1	84.00000000	80.00000000
14	204	1	84.00000000	80.00000000
14	205	1	84.00000000	80.00000000
14	206	1	84.00000000	80.00000000
14	207	1	84.00000000	80.00000000
14	208	1	84.00000000	80.00000000
14	209	1	84.00000000	80.00000000
14	210	1	84.00000000	80.00000000
14	211	1	84.00000000	80.00000000
15	0	1	84.00000000	80.00000000
15	1	1	84.00000000	80.00000000
15	2	1	84.00000000	80.00000000
15	3	1	84.00000000	80.00000000
15	4	1	84.00000000	80.00000000
15	5	1	84.00000000	80.00000000
15	6	1	84.00000000	80.00000000
15	7	1	84.00000000	80.00000000
15	8	1	84.00000000	80.00000000
15	9	1	84.00000000	80.00000000
15	10	1	84.00000000	80.00000000
15	11	1	84.00000000	80.00000000
15	12	1	84.00000000	80.00000000
15	13	1	84.00000000	80.00000000
15	14	1	84.00000000	80.00000000
15	15	1	84.00000000	80.00000000
15	16	1	84.00000000	80.00000000
15	17	1	84.00000000	80.00000000
15	18	1	84.00000000	80.00000000
15	19	1	84.00000000	80.00000000
15	20	1	84.00000000	80.00000000
15	21	1	84.00000000	80.00000000
15	22	1	84.00000000	80.00000000
15	23	1	84.00000000	80.00000000
15	24	1	84.00000000	80.00000000
15	25	1	84.00000000	80.00000000
15	26	1	84.00000000	80.00000000
15	27	1	84.00000000	80.00000000
15	28	1	84.00000000	80.00000000
15	29	1	84.00000000	80.00000000
15	30	1	84.00000000	80.00000000
15	31	1	84.00000000	80.00000000
15	32	1	84.00000000	80.00000000
15	33	1	84.00000000	80.00000000
15	34	1	84.00000000	80.00000000
15	35	1	84.00000000	80.00000000
15	36	1	84.00000000	80.00000000
15	37	1	84.00000000	80.00000000
15	38	1	84.00000000	80.00000000
15	39	1	84.00000000	80.00000000
15	40	1	84.00000000	80.00000000
15	41	1	84.00000000	80.00000000
15	42	1	84.00000000	80.00000000
15	43	1	84.00000000	80.00000000
15	44	1	84.00000000	80.00000000
15	45	1	84.00000000	80.00000000
15	46	1	84.00000000	80.00000000
15	47	1	84.00000000	80.00000000
15	48	1	84.00000000	80.00000000
15	49	1	84.00000000	80.00000000
15	50	1	84.00000000	80.00000000
15	51	1	84.00000000	80.00000000
15	52	1	84.00000000	80.00000000
15	53	1	84.00000000	80.00000000
15	54	1	84.00000000	80.00000000
15	55	1	84.00000000	80.00000000
15	56	1	84.00000000	80.00000000
15	57	1	84.00000000	80.00000000
15	58	1	84.00000000	80.00000000
15	59	1	84.00000000	80.00000000
15	60	1	84.00000000	80.00000000
15	61	1	84.00000000	80.00000000
15	62	1	84.00000000	80.00000000
15	63	1	84.00000000	80.00000000
15	64	1	84.00000000	80.00000000
15	65	1	84.00000000	80.00000000
15	66	1	84.00000000	80.00000000
15	67	1	84.00000000	80.00000000
15	68	1	84.00000000	80.00000000
15	69	1	84.00000000	80.00000000
15	70	1	84.00000000	80.00000000
15	71	1	84.00000000	80.00000000
15	72	1	84.00000000	80.00000000
15	73	1	84.00000000	80.00000000
15	74	1	84.00000000	80.00000000
15	75	1	84.00000000	80.00000000
15	76	1	84.00000000	80.00000000
15	77	1	84.00000000	80.00000000
15	78	1	84.00000000	80.00000000
15	79	1	84.00000000	80.00000000
15	80	1	84.00000000	80.00000000
15	81	1	84.00000000	80.00000000
15	82	1	84.00000000	80.00000000
15	83	1	84.00000000	80.00000000
15	84	1	84.00000000	80.00000000
15	85	1	84.00000000	80.00000000
15	86	1	84.00000000	80.00000000
15	87	1	84.00000000	80.00000000
15	88	1	84.00000000	80.00000000
15	89	1	84.00000000	80.00000000
15	90	1	84.00000000	80.00000000
15	91	1	84.00000000	80.00000000
15	92	1	84.00000000	80.00000000
15	93	1	84.00000000	80.00000000
15	94	1	84.00000000	80.00000000
15	95	1	84.00000000	80.00000000
15	96	1	84.00000000	80.00000000
15	97	1	84.00000000	80.00000000
15	98	1	84.00000000	80.00000000
15	99	1	84.00000000	80.00000000
15	100	1	84.00000000	80.00000000
15	101	1	84.00000000	80.00000000
15	102	1	84.00000000	80.00000000
15	103	1	84.00000000	80.00000000
15	104	1	84.00000000	80.00000000
15	105	1	84.00000000	80.00000000
15	106	1	84.00000000	80.00000000
15	107	1	84.00000000	80.00000000
15	108	1	84.00000000	80.00000000
15	109	1	84.00000000	80.00000000
15	110	1	84.00000000	80.00000000
15	111	1	84.00000000	80.00000000
15	112	1	84.00000000	80.00000000
15	113	1	84.00000000	80.00000000
15	114	1	84.00000000	80.00000000
15	115	1	84.00000000	80.00000000
15	116	1	84.00000000	80.00000000
15	117	1	84.00000000	80.00000000
15	118	1	84.00000000	80.00000000
15	119	1	84.00000000	80.00000000
15	120	1	84.00000000	80.00000000
15	121	1	84.00000000	80.00000000
15	122	1	84.00000000	80.00000000
15	123	1	84.00000000	80.00000000
15	124	1	84.00000000	80.00000000
15	125	1	84.00000000	80.00000000
15	126	1	84.00000000	80.00000000
15	127	1	84.00000000	80.00000000
15	128	1	84.00000000	80.00000000
15	129	1	84.00000000	80.00000000
15	130	1	84.00000000	80.00000000
15	131	1	84.00000000	80.00000000
15	132	1	84.00000000	80.00000000
15	133	1	84.00000000	80.00000000
15	134	1	84.00000000	80.00000000
15	135	1	84.00000000	80.00000000
15	136	1	84.00000000	80.00000000
15	137	1	84.00000000	80.00000000
15	138	1	84.00000000	80.00000000
15	139	1	84.00000000	80.00000000
15	140	1	84.00000000	80.00000000
15	141	1	84.00000000	80.00000000
15	142	1	84.00000000	80.00000000
15	143	1	84.00000000	80.00000000
15	144	1	84.00000000	80.00000000
15	145	1	84.00000000	80.00000000
15	146	1	84.00000000	80.00000000
15	147	1	84.00000000	80.00000000
15	148	1	84.00000000	80.00000000
15	149	1	84.00000000	80.00000000
15	150	1	84.00000000	80.00000000
15	151	1	84.00000000	80.00000000
15	152	1	84.00000000	80.00000000
15	153	1	84.00000000	80.00000000
15	154	1	84.00000000	80.00000000
15	155	1	84.00000000	80.00000000
15	156	1	84.00000000	80.00000000
15	157	1	84.00000000	80.00000000
15	158	1	84.00000000	80.00000000
15	159	1	84.00000000	80.00000000
15	160	1	84.00000000	80.00000000
15	161	1	84.00000000	80.00000000
15	162	1	84.00000000	80.00000000
15	163	1	84.00000000	80.00000000
15	164	1	84.00000000	80.00000000
15	165	1	84.00000000	80.00000000
15	166	1	84.00000000	80.00000000
15	167	1	84.00000000	80.00000000
15	168	1	84.00000000	80.00000000
15	169	1	84.00000000	80.00000000
15	170	1	84.00000000	80.00000000
15	171	1	84.00000000	80.00000000
15	172	1	84.00000000	80.00000000
15	173	1	84.00000000	80.00000000
15	174	1	84.00000000	80.00000000
15	175	1	84.00000000	80.00000000
15	176	1	84.00000000	80.00000000
15	177	1	84.00000000	80.00000000
15	178	1	84.00000000	80.00000000
15	179	1	84.00000000	80.00000000
15	180	1	84.00000000	80.00000000
15	181	1	84.00000000	80.00000000
15	182	1	84.00000000	80.00000000
15	183	1	84.00000000	80.00000000
15	184	1	84.00000000	80.00000000
15	185	1	84.00000000	80.00000000
15	186	1	84.00000000	80.00000000
15	187	1	84.00000000	80.00000000
15	188	1	84.00000000	80.00000000
15	189	1	84.00000000	80.00000000
15	190	1	84.00000000	80.00000000
15	191	1	84.00000000	80.00000000
15	192	1	84.00000000	80.00000000
15	193	1	84.00000000	80.00000000
15	194	1	84.00000000	80.00000000
15	195	1	84.00000000	80.00000000
15	196	1	84.00000000	80.00000000
15	197	1	84.00000000	80.00000000
15	198	1	84.00000000	80.00000000
15	199	1	84.00000000	80.00000000
15	200	1	84.00000000	80.00000000
15	201	1	84.00000000	80.00000000
15	202	1	84.00000000	80.00000000
15	203	1	84.00000000	80.00000000
15	204	1	84.00000000	80.00000000
15	205	1	84.00000000	80.00000000
15	206	1	84.00000000	80.00000000
15	207	1	84.00000000	80.00000000
15	208	1	84.00000000	80.00000000
15	209	1	84.00000000	80.00000000
15	210	1	84.00000000	80.00000000
15	211	1	84.00000000	80.00000000
15	212	1	84.00000000	80.00000000
15	213	1	84.00000000	80.00000000
16	0	1	84.00000000	80.00000000
16	1	1	84.00000000	80.00000000
16	2	1	84.00000000	80.00000000
16	3	1	84.00000000	80.00000000
16	4	1	84.00000000	80.00000000
16	5	1	84.00000000	80.00000000
16	6	1	84.00000000	80.00000000
16	7	1	84.00000000	80.00000000
16	8	1	84.00000000	80.00000000
16	9	1	84.00000000	80.00000000
16	10	1	84.00000000	80.00000000
16	11	1	84.00000000	80.00000000
16	12	1	84.00000000	80.00000000
16	13	1	84.00000000	80.00000000
16	14	1	84.00000000	80.00000000
16	15	1	84.00000000	80.00000000
16	16	1	84.00000000	80.00000000
16	17	1	84.00000000	80.00000000
16	18	1	84.00000000	80.00000000
16	19	1	84.00000000	80.00000000
16	20	1	84.00000000	80.00000000
16	21	1	84.00000000	80.00000000
16	22	1	84.00000000	80.00000000
16	23	1	84.00000000	80.00000000
16	24	1	84.00000000	80.00000000
16	25	1	84.00000000	80.00000000
16	26	1	84.00000000	80.00000000
16	27	1	84.00000000	80.00000000
16	28	1	84.00000000	80.00000000
16	29	1	84.00000000	80.00000000
16	30	1	84.00000000	80.00000000
16	31	1	84.00000000	80.00000000
16	32	1	84.00000000	80.00000000
16	33	1	84.00000000	80.00000000
16	34	1	84.00000000	80.00000000
16	35	1	84.00000000	80.00000000
16	36	1	84.00000000	80.00000000
16	37	1	84.00000000	80.00000000
16	38	1	84.00000000	80.00000000
16	39	1	84.00000000	80.00000000
16	40	1	84.00000000	80.00000000
16	41	1	84.00000000	80.00000000
16	42	1	84.00000000	80.00000000
16	43	1	84.00000000	80.00000000
16	44	1	84.00000000	80.00000000
16	45	1	84.00000000	80.00000000
16	46	1	84.00000000	80.00000000
16	47	1	84.00000000	80.00000000
16	48	1	84.00000000	80.00000000
16	49	1	84.00000000	80.00000000
16	50	1	84.00000000	80.00000000
16	51	1	84.00000000	80.00000000
16	52	1	84.00000000	80.00000000
16	53	1	84.00000000	80.00000000
16	54	1	84.00000000	80.00000000
16	55	1	84.00000000	80.00000000
16	56	1	84.00000000	80.00000000
16	57	1	84.00000000	80.00000000
16	58	1	84.00000000	80.00000000
16	59	1	84.00000000	80.00000000
16	60	1	84.00000000	80.00000000
16	61	1	84.00000000	80.00000000
16	62	1	84.00000000	80.00000000
16	63	1	84.00000000	80.00000000
16	64	1	84.00000000	80.00000000
16	65	1	84.00000000	80.00000000
16	66	1	84.00000000	80.00000000
16	67	1	84.00000000	80.00000000
16	68	1	84.00000000	80.00000000
16	69	1	84.00000000	80.00000000
16	70	1	84.00000000	80.00000000
16	71	1	84.00000000	80.00000000
16	72	1	84.00000000	80.00000000
16	73	1	84.00000000	80.00000000
16	74	1	84.00000000	80.00000000
16	75	1	84.00000000	80.00000000
16	76	1	84.00000000	80.00000000
16	77	1	84.00000000	80.00000000
16	78	1	84.00000000	80.00000000
16	79	1	84.00000000	80.00000000
16	80	1	84.00000000	80.00000000
16	81	1	84.00000000	80.00000000
16	82	1	84.00000000	80.00000000
16	83	1	84.00000000	80.00000000
16	84	1	84.00000000	80.00000000
16	85	1	84.00000000	80.00000000
16	86	1	84.00000000	80.00000000
16	87	1	84.00000000	80.00000000
16	88	1	84.00000000	80.00000000
16	89	1	84.00000000	80.00000000
16	90	1	84.00000000	80.00000000
16	91	1	84.00000000	80.00000000
16	92	1	84.00000000	80.00000000
16	93	1	84.00000000	80.00000000
16	94	1	84.00000000	80.00000000
16	95	1	84.00000000	80.00000000
16	96	1	84.00000000	80.00000000
16	97	1	84.00000000	80.00000000
16	98	1	84.00000000	80.00000000
16	99	1	84.00000000	80.00000000
16	100	1	84.00000000	80.00000000
16	101	1	84.00000000	80.00000000
16	102	1	84.00000000	80.00000000
16	103	1	84.00000000	80.00000000
16	104	1	84.00000000	80.00000000
16	105	1	84.00000000	80.00000000
16	106	1	84.00000000	80.00000000
16	107	1	84.00000000	80.00000000
16	108	1	84.00000000	80.00000000
16	109	1	84.00000000	80.00000000
16	110	1	84.00000000	80.00000000
16	111	1	84.00000000	80.00000000
16	112	1	84.00000000	80.00000000
16	113	1	84.00000000	80.00000000
16	114	1	84.00000000	80.00000000
16	115	1	84.00000000	80.00000000
16	116	1	84.00000000	80.00000000
16	117	1	84.00000000	80.00000000
16	118	1	84.00000000	80.00000000
16	119	1	84.00000000	80.00000000
16	120	1	84.00000000	80.00000000
16	121	1	84.00000000	80.00000000
16	122	1	84.00000000	80.00000000
16	123	1	84.00000000	80.00000000
16	124	1	84.00000000	80.00000000
16	125	1	84.00000000	80.00000000
16	126	1	84.00000000	80.00000000
16	127	1	84.00000000	80.00000000
16	128	1	84.00000000	80.00000000
16	129	1	84.00000000	80.00000000
16	130	1	84.00000000	80.00000000
16	131	1	84.00000000	80.00000000
16	132	1	84.00000000	80.00000000
16	133	1	84.00000000	80.00000000
16	134	1	84.00000000	80.00000000
16	135	1	84.00000000	80.00000000
16	136	1	84.00000000	80.00000000
16	137	1	84.00000000	80.00000000
16	138	1	84.00000000	80.00000000
16	139	1	84.00000000	80.00000000
16	140	1	84.00000000	80.00000000
16	141	1	84.00000000	80.00000000
16	142	1	84.00000000	80.00000000
16	143	1	84.00000000	80.00000000
16	144	1	84.00000000	80.00000000
16	145	1	84.00000000	80.00000000
16	146	1	84.00000000	80.00000000
16	147	1	84.00000000	80.00000000
16	148	1	84.00000000	80.00000000
16	149	1	84.00000000	80.00000000
16	150	1	84.00000000	80.00000000
16	151	1	84.00000000	80.00000000
16	152	1	84.00000000	80.00000000
16	153	1	84.00000000	80.00000000
16	154	1	84.00000000	80.00000000
16	155	1	84.00000000	80.00000000
16	156	1	84.00000000	80.00000000
16	157	1	84.00000000	80.00000000
16	158	1	84.00000000	80.00000000
16	159	1	84.00000000	80.00000000
16	160	1	84.00000000	80.00000000
16	161	1	84.00000000	80.00000000
16	162	1	84.00000000	80.00000000
16	163	1	84.00000000	80.00000000
16	164	1	84.00000000	80.00000000
16	165	1	84.00000000	80.00000000
16	166	1	84.00000000	80.00000000
16	167	1	84.00000000	80.00000000
16	168	1	84.00000000	80.00000000
16	169	1	84.00000000	80.00000000
16	170	1	84.00000000	80.00000000
16	171	1	84.00000000	80.00000000
16	172	1	84.00000000	80.00000000
16	173	1	84.00000000	80.00000000
16	174	1	84.00000000	80.00000000
16	175	1	84.00000000	80.00000000
16	176	1	84.00000000	80.00000000
16	177	1	84.00000000	80.00000000
16	178	1	84.00000000	80.00000000
16	179	1	84.00000000	80.00000000
16	180	1	84.00000000	80.00000000
16	181	1	84.00000000	80.00000000
16	182	1	84.00000000	80.00000000
16	183	1	84.00000000	80.00000000
16	184	1	84.00000000	80.00000000
16	185	1	84.00000000	80.00000000
16	186	1	84.00000000	80.00000000
16	187	1	84.00000000	80.00000000
16	188	1	84.00000000	80.00000000
16	189	1	84.00000000	80.00000000
16	190	1	84.00000000	80.00000000
16	191	1	84.00000000	80.00000000
16	192	1	84.00000000	80.00000000
16	193	1	84.00000000	80.00000000
16	194	1	84.00000000	80.00000000
16	195	1	84.00000000	80.00000000
16	196	1	84.00000000	80.00000000
16	197	1	84.00000000	80.00000000
16	198	1	84.00000000	80.00000000
16	199	1	84.00000000	80.00000000
16	200	1	84.00000000	80.00000000
16	201	1	84.00000000	80.00000000
16	202	1	84.00000000	80.00000000
16	203	1	84.00000000	80.00000000
16	204	1	84.00000000	80.00000000
16	205	1	84.00000000	80.00000000
16	206	1	84.00000000	80.00000000
16	207	1	84.00000000	80.00000000
16	208	1	84.00000000	80.00000000
16	209	1	84.00000000	80.00000000
16	210	1	84.00000000	80.00000000
16	211	1	84.00000000	80.00000000
16	212	1	84.00000000	80.00000000
16	213	1	84.00000000	80.00000000
16	214	1	84.00000000	80.00000000
16	215	1	84.00000000	80.00000000
16	216	1	84.00000000	80.00000000
16	217	1	84.00000000	80.00000000
16	218	1	84.00000000	80.00000000
16	219	1	84.00000000	80.00000000
17	0	1	84.00000000	80.00000000
17	1	1	84.00000000	80.00000000
17	2	1	84.00000000	80.00000000
17	3	1	84.00000000	80.00000000
17	4	1	84.00000000	80.00000000
17	5	1	84.00000000	80.00000000
17	6	1	84.00000000	80.00000000
17	7	1	84.00000000	80.00000000
17	8	1	84.00000000	80.00000000
17	9	1	84.00000000	80.00000000
17	10	1	84.00000000	80.00000000
17	11	1	84.00000000	80.00000000
17	12	1	84.00000000	80.00000000
17	13	1	84.00000000	80.00000000
17	14	1	84.00000000	80.00000000
17	15	1	84.00000000	80.00000000
17	16	1	84.00000000	80.00000000
17	17	1	84.00000000	80.00000000
17	18	1	84.00000000	80.00000000
17	19	1	84.00000000	80.00000000
17	20	1	84.00000000	80.00000000
17	21	1	84.00000000	80.00000000
17	22	1	84.00000000	80.00000000
17	23	1	84.00000000	80.00000000
17	24	1	84.00000000	80.00000000
17	25	1	84.00000000	80.00000000
17	26	1	84.00000000	80.00000000
17	27	1	84.00000000	80.00000000
17	28	1	84.00000000	80.00000000
17	29	1	84.00000000	80.00000000
17	30	1	84.00000000	80.00000000
17	31	1	84.00000000	80.00000000
17	32	1	84.00000000	80.00000000
17	33	1	84.00000000	80.00000000
17	34	1	84.00000000	80.00000000
17	35	1	84.00000000	80.00000000
17	36	1	84.00000000	80.00000000
17	37	1	84.00000000	80.00000000
17	38	1	84.00000000	80.00000000
17	39	1	84.00000000	80.00000000
17	40	1	84.00000000	80.00000000
17	41	1	84.00000000	80.00000000
17	42	1	84.00000000	80.00000000
17	43	1	84.00000000	80.00000000
17	44	1	84.00000000	80.00000000
17	45	1	84.00000000	80.00000000
17	46	1	84.00000000	80.00000000
17	47	1	84.00000000	80.00000000
17	48	1	84.00000000	80.00000000
17	49	1	84.00000000	80.00000000
17	50	1	84.00000000	80.00000000
17	51	1	84.00000000	80.00000000
17	52	1	84.00000000	80.00000000
17	53	1	84.00000000	80.00000000
17	54	1	84.00000000	80.00000000
17	55	1	84.00000000	80.00000000
17	56	1	84.00000000	80.00000000
17	57	1	84.00000000	80.00000000
17	58	1	84.00000000	80.00000000
17	59	1	84.00000000	80.00000000
17	60	1	84.00000000	80.00000000
17	61	1	84.00000000	80.00000000
17	62	1	84.00000000	80.00000000
17	63	1	84.00000000	80.00000000
17	64	1	84.00000000	80.00000000
17	65	1	84.00000000	80.00000000
17	66	1	84.00000000	80.00000000
17	67	1	84.00000000	80.00000000
17	68	1	84.00000000	80.00000000
17	69	1	84.00000000	80.00000000
17	70	1	84.00000000	80.00000000
17	71	1	84.00000000	80.00000000
17	72	1	84.00000000	80.00000000
17	73	1	84.00000000	80.00000000
17	74	1	84.00000000	80.00000000
17	75	1	84.00000000	80.00000000
17	76	1	84.00000000	80.00000000
17	77	1	84.00000000	80.00000000
17	78	1	84.00000000	80.00000000
17	79	1	84.00000000	80.00000000
17	80	1	84.00000000	80.00000000
17	81	1	84.00000000	80.00000000
17	82	1	84.00000000	80.00000000
17	83	1	84.00000000	80.00000000
17	84	1	84.00000000	80.00000000
17	85	1	84.00000000	80.00000000
17	86	1	84.00000000	80.00000000
17	87	1	84.00000000	80.00000000
17	88	1	84.00000000	80.00000000
17	89	1	84.00000000	80.00000000
17	90	1	84.00000000	80.00000000
17	91	1	84.00000000	80.00000000
17	92	1	84.00000000	80.00000000
17	93	1	84.00000000	80.00000000
17	94	1	84.00000000	80.00000000
17	95	1	84.00000000	80.00000000
17	96	1	84.00000000	80.00000000
17	97	1	84.00000000	80.00000000
17	98	1	84.00000000	80.00000000
17	99	1	84.00000000	80.00000000
17	100	1	84.00000000	80.00000000
17	101	1	84.00000000	80.00000000
17	102	1	84.00000000	80.00000000
17	103	1	84.00000000	80.00000000
17	104	1	84.00000000	80.00000000
17	105	1	84.00000000	80.00000000
17	106	1	84.00000000	80.00000000
17	107	1	84.00000000	80.00000000
17	108	1	84.00000000	80.00000000
17	109	1	84.00000000	80.00000000
17	110	1	84.00000000	80.00000000
17	111	1	84.00000000	80.00000000
17	112	1	84.00000000	80.00000000
17	113	1	84.00000000	80.00000000
17	114	1	84.00000000	80.00000000
17	115	1	84.00000000	80.00000000
17	116	1	84.00000000	80.00000000
17	117	1	84.00000000	80.00000000
17	118	1	84.00000000	80.00000000
17	119	1	84.00000000	80.00000000
17	120	1	84.00000000	80.00000000
17	121	1	84.00000000	80.00000000
17	122	1	84.00000000	80.00000000
17	123	1	84.00000000	80.00000000
17	124	1	84.00000000	80.00000000
17	125	1	84.00000000	80.00000000
17	126	1	84.00000000	80.00000000
17	127	1	84.00000000	80.00000000
17	128	1	84.00000000	80.00000000
17	129	1	84.00000000	80.00000000
17	130	1	84.00000000	80.00000000
17	131	1	84.00000000	80.00000000
17	132	1	84.00000000	80.00000000
17	133	1	84.00000000	80.00000000
17	134	1	84.00000000	80.00000000
17	135	1	84.00000000	80.00000000
17	136	1	84.00000000	80.00000000
17	137	1	84.00000000	80.00000000
17	138	1	84.00000000	80.00000000
17	139	1	84.00000000	80.00000000
17	140	1	84.00000000	80.00000000
17	141	1	84.00000000	80.00000000
17	142	1	84.00000000	80.00000000
17	143	1	84.00000000	80.00000000
17	144	1	84.00000000	80.00000000
17	145	1	84.00000000	80.00000000
17	146	1	84.00000000	80.00000000
17	147	1	84.00000000	80.00000000
17	148	1	84.00000000	80.00000000
17	149	1	84.00000000	80.00000000
17	150	1	84.00000000	80.00000000
17	151	1	84.00000000	80.00000000
17	152	1	84.00000000	80.00000000
17	153	1	84.00000000	80.00000000
17	154	1	84.00000000	80.00000000
17	155	1	84.00000000	80.00000000
17	156	1	84.00000000	80.00000000
17	157	1	84.00000000	80.00000000
17	158	1	84.00000000	80.00000000
17	159	1	84.00000000	80.00000000
17	160	1	84.00000000	80.00000000
17	161	1	84.00000000	80.00000000
17	162	1	84.00000000	80.00000000
17	163	1	84.00000000	80.00000000
17	164	1	84.00000000	80.00000000
17	165	1	84.00000000	80.00000000
17	166	1	84.00000000	80.00000000
17	167	1	84.00000000	80.00000000
17	168	1	84.00000000	80.00000000
17	169	1	84.00000000	80.00000000
17	170	1	84.00000000	80.00000000
17	171	1	84.00000000	80.00000000
17	172	1	84.00000000	80.00000000
17	173	1	84.00000000	80.00000000
17	174	1	84.00000000	80.00000000
17	175	1	84.00000000	80.00000000
17	176	1	84.00000000	80.00000000
17	177	1	84.00000000	80.00000000
17	178	1	84.00000000	80.00000000
17	179	1	84.00000000	80.00000000
17	180	1	84.00000000	80.00000000
17	181	1	84.00000000	80.00000000
17	182	1	84.00000000	80.00000000
17	183	1	84.00000000	80.00000000
17	184	1	84.00000000	80.00000000
17	185	1	84.00000000	80.00000000
17	186	1	84.00000000	80.00000000
17	187	1	84.00000000	80.00000000
17	188	1	84.00000000	80.00000000
17	189	1	84.00000000	80.00000000
17	190	1	84.00000000	80.00000000
17	191	1	84.00000000	80.00000000
17	192	1	84.00000000	80.00000000
17	193	1	84.00000000	80.00000000
17	194	1	84.00000000	80.00000000
17	195	1	84.00000000	80.00000000
17	196	1	84.00000000	80.00000000
17	197	1	84.00000000	80.00000000
17	198	1	84.00000000	80.00000000
17	199	1	84.00000000	80.00000000
17	200	1	84.00000000	80.00000000
17	201	1	84.00000000	80.00000000
17	202	1	84.00000000	80.00000000
17	203	1	84.00000000	80.00000000
17	204	1	84.00000000	80.00000000
17	205	1	84.00000000	80.00000000
17	206	1	84.00000000	80.00000000
17	207	1	84.00000000	80.00000000
17	208	1	84.00000000	80.00000000
17	209	1	84.00000000	80.00000000
17	210	1	84.00000000	80.00000000
17	211	1	84.00000000	80.00000000
17	212	1	84.00000000	80.00000000
17	213	1	84.00000000	80.00000000
17	214	1	84.00000000	80.00000000
17	215	1	84.00000000	80.00000000
17	216	1	84.00000000	80.00000000
17	217	1	84.00000000	80.00000000
17	218	1	84.00000000	80.00000000
17	219	1	84.00000000	80.00000000
17	220	1	84.00000000	80.00000000
17	221	1	84.00000000	80.00000000
17	222	1	84.00000000	80.00000000
17	223	1	84.00000000	80.00000000
18	0	1	84.00000000	80.00000000
18	1	1	84.00000000	80.00000000
18	2	1	84.00000000	80.00000000
18	3	1	84.00000000	80.00000000
18	4	1	84.00000000	80.00000000
18	5	1	84.00000000	80.00000000
18	6	1	84.00000000	80.00000000
18	7	1	84.00000000	80.00000000
18	8	1	84.00000000	80.00000000
18	9	1	84.00000000	80.00000000
18	10	1	84.00000000	80.00000000
18	11	1	84.00000000	80.00000000
18	12	1	84.00000000	80.00000000
18	13	1	84.00000000	80.00000000
18	14	1	84.00000000	80.00000000
18	15	1	84.00000000	80.00000000
18	16	1	84.00000000	80.00000000
18	17	1	84.00000000	80.00000000
18	18	1	84.00000000	80.00000000
18	19	1	84.00000000	80.00000000
18	20	1	84.00000000	80.00000000
18	21	1	84.00000000	80.00000000
18	22	1	84.00000000	80.00000000
18	23	1	84.00000000	80.00000000
18	24	1	84.00000000	80.00000000
18	25	1	84.00000000	80.00000000
18	26	1	84.00000000	80.00000000
18	27	1	84.00000000	80.00000000
18	28	1	84.00000000	80.00000000
18	29	1	84.00000000	80.00000000
18	30	1	84.00000000	80.00000000
18	31	1	84.00000000	80.00000000
18	32	1	84.00000000	80.00000000
18	33	1	84.00000000	80.00000000
18	34	1	84.00000000	80.00000000
18	35	1	84.00000000	80.00000000
18	36	1	84.00000000	80.00000000
18	37	1	84.00000000	80.00000000
18	38	1	84.00000000	80.00000000
18	39	1	84.00000000	80.00000000
18	40	1	84.00000000	80.00000000
18	41	1	84.00000000	80.00000000
18	42	1	84.00000000	80.00000000
18	43	1	84.00000000	80.00000000
18	44	1	84.00000000	80.00000000
18	45	1	84.00000000	80.00000000
18	46	1	84.00000000	80.00000000
18	47	1	84.00000000	80.00000000
18	48	1	84.00000000	80.00000000
18	49	1	84.00000000	80.00000000
18	50	1	84.00000000	80.00000000
18	51	1	84.00000000	80.00000000
18	52	1	84.00000000	80.00000000
18	53	1	84.00000000	80.00000000
18	54	1	84.00000000	80.00000000
18	55	1	84.00000000	80.00000000
18	56	1	84.00000000	80.00000000
18	57	1	84.00000000	80.00000000
18	58	1	84.00000000	80.00000000
18	59	1	84.00000000	80.00000000
18	60	1	84.00000000	80.00000000
18	61	1	84.00000000	80.00000000
18	62	1	84.00000000	80.00000000
18	63	1	84.00000000	80.00000000
18	64	1	84.00000000	80.00000000
18	65	1	84.00000000	80.00000000
18	66	1	84.00000000	80.00000000
18	67	1	84.00000000	80.00000000
18	68	1	84.00000000	80.00000000
18	69	1	84.00000000	80.00000000
18	70	1	84.00000000	80.00000000
18	71	1	84.00000000	80.00000000
18	72	1	84.00000000	80.00000000
18	73	1	84.00000000	80.00000000
18	74	1	84.00000000	80.00000000
18	75	1	84.00000000	80.00000000
18	76	1	84.00000000	80.00000000
18	77	1	84.00000000	80.00000000
18	78	1	84.00000000	80.00000000
18	79	1	84.00000000	80.00000000
18	80	1	84.00000000	80.00000000
18	81	1	84.00000000	80.00000000
18	82	1	84.00000000	80.00000000
18	83	1	84.00000000	80.00000000
18	84	1	84.00000000	80.00000000
18	85	1	84.00000000	80.00000000
18	86	1	84.00000000	80.00000000
18	87	1	84.00000000	80.00000000
18	88	1	84.00000000	80.00000000
18	89	1	84.00000000	80.00000000
18	90	1	84.00000000	80.00000000
18	91	1	84.00000000	80.00000000
18	92	1	84.00000000	80.00000000
18	93	1	84.00000000	80.00000000
18	94	1	84.00000000	80.00000000
18	95	1	84.00000000	80.00000000
18	96	1	84.00000000	80.00000000
18	97	1	84.00000000	80.00000000
18	98	1	84.00000000	80.00000000
18	99	1	84.00000000	80.00000000
18	100	1	84.00000000	80.00000000
18	101	1	84.00000000	80.00000000
18	102	1	84.00000000	80.00000000
18	103	1	84.00000000	80.00000000
18	104	1	84.00000000	80.00000000
18	105	1	84.00000000	80.00000000
18	106	1	84.00000000	80.00000000
18	107	1	84.00000000	80.00000000
18	108	1	84.00000000	80.00000000
18	109	1	84.00000000	80.00000000
18	110	1	84.00000000	80.00000000
18	111	1	84.00000000	80.00000000
18	112	1	84.00000000	80.00000000
18	113	1	84.00000000	80.00000000
18	114	1	84.00000000	80.00000000
18	115	1	84.00000000	80.00000000
18	116	1	84.00000000	80.00000000
18	117	1	84.00000000	80.00000000
18	118	1	84.00000000	80.00000000
18	119	1	84.00000000	80.00000000
18	120	1	84.00000000	80.00000000
18	121	1	84.00000000	80.00000000
18	122	1	84.00000000	80.00000000
18	123	1	84.00000000	80.00000000
18	124	1	84.00000000	80.00000000
18	125	1	84.00000000	80.00000000
18	126	1	84.00000000	80.00000000
18	127	1	84.00000000	80.00000000
18	128	1	84.00000000	80.00000000
18	129	1	84.00000000	80.00000000
18	130	1	84.00000000	80.00000000
18	131	1	84.00000000	80.00000000
18	132	1	84.00000000	80.00000000
18	133	1	84.00000000	80.00000000
18	134	1	84.00000000	80.00000000
18	135	1	84.00000000	80.00000000
18	136	1	84.00000000	80.00000000
18	137	1	84.00000000	80.00000000
18	138	1	84.00000000	80.00000000
18	139	1	84.00000000	80.00000000
18	140	1	84.00000000	80.00000000
18	141	1	84.00000000	80.00000000
18	142	1	84.00000000	80.00000000
18	143	1	84.00000000	80.00000000
18	144	1	84.00000000	80.00000000
18	145	1	84.00000000	80.00000000
18	146	1	84.00000000	80.00000000
18	147	1	84.00000000	80.00000000
18	148	1	84.00000000	80.00000000
18	149	1	84.00000000	80.00000000
18	150	1	84.00000000	80.00000000
18	151	1	84.00000000	80.00000000
18	152	1	84.00000000	80.00000000
18	153	1	84.00000000	80.00000000
18	154	1	84.00000000	80.00000000
18	155	1	84.00000000	80.00000000
18	156	1	84.00000000	80.00000000
18	157	1	84.00000000	80.00000000
18	158	1	84.00000000	80.00000000
18	159	1	84.00000000	80.00000000
18	160	1	84.00000000	80.00000000
18	161	1	84.00000000	80.00000000
18	162	1	84.00000000	80.00000000
18	163	1	84.00000000	80.00000000
18	164	1	84.00000000	80.00000000
18	165	1	84.00000000	80.00000000
18	166	1	84.00000000	80.00000000
18	167	1	84.00000000	80.00000000
18	168	1	84.00000000	80.00000000
18	169	1	84.00000000	80.00000000
18	170	1	84.00000000	80.00000000
18	171	1	84.00000000	80.00000000
18	172	1	84.00000000	80.00000000
18	173	1	84.00000000	80.00000000
18	174	1	84.00000000	80.00000000
18	175	1	84.00000000	80.00000000
18	176	1	84.00000000	80.00000000
18	177	1	84.00000000	80.00000000
18	178	1	84.00000000	80.00000000
18	179	1	84.00000000	80.00000000
18	180	1	84.00000000	80.00000000
18	181	1	84.00000000	80.00000000
18	182	1	84.00000000	80.00000000
18	183	1	84.00000000	80.00000000
18	184	1	84.00000000	80.00000000
18	185	1	84.00000000	80.00000000
18	186	1	84.00000000	80.00000000
18	187	1	84.00000000	80.00000000
18	188	1	84.00000000	80.00000000
18	189	1	84.00000000	80.00000000
18	190	1	84.00000000	80.00000000
18	191	1	84.00000000	80.00000000
18	192	1	84.00000000	80.00000000
18	193	1	84.00000000	80.00000000
18	194	1	84.00000000	80.00000000
18	195	1	84.00000000	80.00000000
18	196	1	84.00000000	80.00000000
18	197	1	84.00000000	80.00000000
18	198	1	84.00000000	80.00000000
18	199	1	84.00000000	80.00000000
18	200	1	84.00000000	80.00000000
18	201	1	84.00000000	80.00000000
18	202	1	84.00000000	80.00000000
18	203	1	84.00000000	80.00000000
18	204	1	84.00000000	80.00000000
18	205	1	84.00000000	80.00000000
18	206	1	84.00000000	80.00000000
18	207	1	84.00000000	80.00000000
18	208	1	84.00000000	80.00000000
18	209	1	84.00000000	80.00000000
18	210	1	84.00000000	80.00000000
18	211	1	84.00000000	80.00000000
18	212	1	84.00000000	80.00000000
18	213	1	84.00000000	80.00000000
18	214	1	84.00000000	80.00000000
18	215	1	84.00000000	80.00000000
18	216	1	84.00000000	80.00000000
18	217	1	84.00000000	80.00000000
18	218	1	84.00000000	80.00000000
18	219	1	84.00000000	80.00000000
18	220	1	84.00000000	80.00000000
18	221	1	84.00000000	80.00000000
18	222	1	84.00000000	80.00000000
18	223	1	84.00000000	80.00000000
18	224	1	84.00000000	80.00000000
18	225	1	84.00000000	80.00000000
18	226	1	84.00000000	80.00000000
18	227	1	84.00000000	80.00000000
18	228	1	84.00000000	80.00000000
18	229	1	84.00000000	80.00000000
18	230	1	84.00000000	80.00000000
18	231	1	84.00000000	80.00000000
19	0	1	84.00000000	80.00000000
19	1	1	84.00000000	80.00000000
19	2	1	84.00000000	80.00000000
19	3	1	84.00000000	80.00000000
19	4	1	84.00000000	80.00000000
19	5	1	84.00000000	80.00000000
19	6	1	84.00000000	80.00000000
19	7	1	84.00000000	80.00000000
19	8	1	84.00000000	80.00000000
19	9	1	84.00000000	80.00000000
19	10	1	84.00000000	80.00000000
19	11	1	84.00000000	80.00000000
19	12	1	84.00000000	80.00000000
19	13	1	84.00000000	80.00000000
19	14	1	84.00000000	80.00000000
19	15	1	84.00000000	80.00000000
19	16	1	84.00000000	80.00000000
19	17	1	84.00000000	80.00000000
19	18	1	84.00000000	80.00000000
19	19	1	84.00000000	80.00000000
19	20	1	84.00000000	80.00000000
19	21	1	84.00000000	80.00000000
19	22	1	84.00000000	80.00000000
19	23	1	84.00000000	80.00000000
19	24	1	84.00000000	80.00000000
19	25	1	84.00000000	80.00000000
19	26	1	84.00000000	80.00000000
19	27	1	84.00000000	80.00000000
19	28	1	84.00000000	80.00000000
19	29	1	84.00000000	80.00000000
19	30	1	84.00000000	80.00000000
19	31	1	84.00000000	80.00000000
19	32	1	84.00000000	80.00000000
19	33	1	84.00000000	80.00000000
19	34	1	84.00000000	80.00000000
19	35	1	84.00000000	80.00000000
19	36	1	84.00000000	80.00000000
19	37	1	84.00000000	80.00000000
19	38	1	84.00000000	80.00000000
19	39	1	84.00000000	80.00000000
19	40	1	84.00000000	80.00000000
19	41	1	84.00000000	80.00000000
19	42	1	84.00000000	80.00000000
19	43	1	84.00000000	80.00000000
19	44	1	84.00000000	80.00000000
19	45	1	84.00000000	80.00000000
19	46	1	84.00000000	80.00000000
19	47	1	84.00000000	80.00000000
19	48	1	84.00000000	80.00000000
19	49	1	84.00000000	80.00000000
19	50	1	84.00000000	80.00000000
19	51	1	84.00000000	80.00000000
19	52	1	84.00000000	80.00000000
19	53	1	84.00000000	80.00000000
19	54	1	84.00000000	80.00000000
19	55	1	84.00000000	80.00000000
19	56	1	84.00000000	80.00000000
19	57	1	84.00000000	80.00000000
19	58	1	84.00000000	80.00000000
19	59	1	84.00000000	80.00000000
19	60	1	84.00000000	80.00000000
19	61	1	84.00000000	80.00000000
19	62	1	84.00000000	80.00000000
19	63	1	84.00000000	80.00000000
19	64	1	84.00000000	80.00000000
19	65	1	84.00000000	80.00000000
19	66	1	84.00000000	80.00000000
19	67	1	84.00000000	80.00000000
19	68	1	84.00000000	80.00000000
19	69	1	84.00000000	80.00000000
19	70	1	84.00000000	80.00000000
19	71	1	84.00000000	80.00000000
19	72	1	84.00000000	80.00000000
19	73	1	84.00000000	80.00000000
19	74	1	84.00000000	80.00000000
19	75	1	84.00000000	80.00000000
19	76	1	84.00000000	80.00000000
19	77	1	84.00000000	80.00000000
19	78	1	84.00000000	80.00000000
19	79	1	84.00000000	80.00000000
19	80	1	84.00000000	80.00000000
19	81	1	84.00000000	80.00000000
19	82	1	84.00000000	80.00000000
19	83	1	84.00000000	80.00000000
19	84	1	84.00000000	80.00000000
19	85	1	84.00000000	80.00000000
19	86	1	84.00000000	80.00000000
19	87	1	84.00000000	80.00000000
19	88	1	84.00000000	80.00000000
19	89	1	84.00000000	80.00000000
19	90	1	84.00000000	80.00000000
19	91	1	84.00000000	80.00000000
19	92	1	84.00000000	80.00000000
19	93	1	84.00000000	80.00000000
19	94	1	84.00000000	80.00000000
19	95	1	84.00000000	80.00000000
19	96	1	84.00000000	80.00000000
19	97	1	84.00000000	80.00000000
19	98	1	84.00000000	80.00000000
19	99	1	84.00000000	80.00000000
19	100	1	84.00000000	80.00000000
19	101	1	84.00000000	80.00000000
19	102	1	84.00000000	80.00000000
19	103	1	84.00000000	80.00000000
19	104	1	84.00000000	80.00000000
19	105	1	84.00000000	80.00000000
19	106	1	84.00000000	80.00000000
19	107	1	84.00000000	80.00000000
19	108	1	84.00000000	80.00000000
19	109	1	84.00000000	80.00000000
19	110	1	84.00000000	80.00000000
19	111	1	84.00000000	80.00000000
19	112	1	84.00000000	80.00000000
19	113	1	84.00000000	80.00000000
19	114	1	84.00000000	80.00000000
19	115	1	84.00000000	80.00000000
19	116	1	84.00000000	80.00000000
19	117	1	84.00000000	80.00000000
19	118	1	84.00000000	80.00000000
19	119	1	84.00000000	80.00000000
19	120	1	84.00000000	80.00000000
19	121	1	84.00000000	80.00000000
19	122	1	84.00000000	80.00000000
19	123	1	84.00000000	80.00000000
19	124	1	84.00000000	80.00000000
19	125	1	84.00000000	80.00000000
19	126	1	84.00000000	80.00000000
19	127	1	84.00000000	80.00000000
19	128	1	84.00000000	80.00000000
19	129	1	84.00000000	80.00000000
19	130	1	84.00000000	80.00000000
19	131	1	84.00000000	80.00000000
19	132	1	84.00000000	80.00000000
19	133	1	84.00000000	80.00000000
19	134	1	84.00000000	80.00000000
19	135	1	84.00000000	80.00000000
19	136	1	84.00000000	80.00000000
19	137	1	84.00000000	80.00000000
19	138	1	84.00000000	80.00000000
19	139	1	84.00000000	80.00000000
19	140	1	84.00000000	80.00000000
19	141	1	84.00000000	80.00000000
19	142	1	84.00000000	80.00000000
19	143	1	84.00000000	80.00000000
19	144	1	84.00000000	80.00000000
19	145	1	84.00000000	80.00000000
19	146	1	84.00000000	80.00000000
19	147	1	84.00000000	80.00000000
19	148	1	84.00000000	80.00000000
19	149	1	84.00000000	80.00000000
19	150	1	84.00000000	80.00000000
19	151	1	84.00000000	80.00000000
19	152	1	84.00000000	80.00000000
19	153	1	84.00000000	80.00000000
19	154	1	84.00000000	80.00000000
19	155	1	84.00000000	80.00000000
19	156	1	84.00000000	80.00000000
19	157	1	84.00000000	80.00000000
19	158	1	84.00000000	80.00000000
19	159	1	84.00000000	80.00000000
19	160	1	84.00000000	80.00000000
19	161	1	84.00000000	80.00000000
19	162	1	84.00000000	80.00000000
19	163	1	84.00000000	80.00000000
19	164	1	84.00000000	80.00000000
19	165	1	84.00000000	80.00000000
19	166	1	84.00000000	80.00000000
19	167	1	84.00000000	80.00000000
19	168	1	84.00000000	80.00000000
19	169	1	84.00000000	80.00000000
19	170	1	84.00000000	80.00000000
19	171	1	84.00000000	80.00000000
19	172	1	84.00000000	80.00000000
19	173	1	84.00000000	80.00000000
19	174	1	84.00000000	80.00000000
19	175	1	84.00000000	80.00000000
19	176	1	84.00000000	80.00000000
19	177	1	84.00000000	80.00000000
19	178	1	84.00000000	80.00000000
19	179	1	84.00000000	80.00000000
19	180	1	84.00000000	80.00000000
19	181	1	84.00000000	80.00000000
19	182	1	84.00000000	80.00000000
19	183	1	84.00000000	80.00000000
19	184	1	84.00000000	80.00000000
19	185	1	84.00000000	80.00000000
19	186	1	84.00000000	80.00000000
19	187	1	84.00000000	80.00000000
19	188	1	84.00000000	80.00000000
19	189	1	84.00000000	80.00000000
19	190	1	84.00000000	80.00000000
19	191	1	84.00000000	80.00000000
19	192	1	84.00000000	80.00000000
19	193	1	84.00000000	80.00000000
19	194	1	84.00000000	80.00000000
19	195	1	84.00000000	80.00000000
19	196	1	84.00000000	80.00000000
19	197	1	84.00000000	80.00000000
19	198	1	84.00000000	80.00000000
19	199	1	84.00000000	80.00000000
19	200	1	84.00000000	80.00000000
19	201	1	84.00000000	80.00000000
19	202	1	84.00000000	80.00000000
19	203	1	84.00000000	80.00000000
19	204	1	84.00000000	80.00000000
19	205	1	84.00000000	80.00000000
19	206	1	84.00000000	80.00000000
19	207	1	84.00000000	80.00000000
19	208	1	84.00000000	80.00000000
19	209	1	84.00000000	80.00000000
19	210	1	84.00000000	80.00000000
19	211	1	84.00000000	80.00000000
19	212	1	84.00000000	80.00000000
19	213	1	84.00000000	80.00000000
19	214	1	84.00000000	80.00000000
19	215	1	84.00000000	80.00000000
19	216	1	84.00000000	80.00000000
19	217	1	84.00000000	80.00000000
19	218	1	84.00000000	80.00000000
19	219	1	84.00000000	80.00000000
19	220	1	84.00000000	80.00000000
19	221	1	84.00000000	80.00000000
19	222	1	84.00000000	80.00000000
19	223	1	84.00000000	80.00000000
19	224	1	84.00000000	80.00000000
19	225	1	84.00000000	80.00000000
19	226	1	84.00000000	80.00000000
19	227	1	84.00000000	80.00000000
19	228	1	84.00000000	80.00000000
19	229	1	84.00000000	80.00000000
19	230	1	84.00000000	80.00000000
19	231	1	84.00000000	80.00000000
19	232	1	84.00000000	80.00000000
19	233	1	84.00000000	80.00000000
19	234	1	84.00000000	80.00000000
19	235	1	84.00000000	80.00000000
19	236	1	84.00000000	80.00000000
19	237	1	84.00000000	80.00000000
20	0	1	84.00000000	80.00000000
20	1	1	84.00000000	80.00000000
20	2	1	84.00000000	80.00000000
20	3	1	84.00000000	80.00000000
20	4	1	84.00000000	80.00000000
20	5	1	84.00000000	80.00000000
20	6	1	84.00000000	80.00000000
20	7	1	84.00000000	80.00000000
20	8	1	84.00000000	80.00000000
20	9	1	84.00000000	80.00000000
20	10	1	84.00000000	80.00000000
20	11	1	84.00000000	80.00000000
20	12	1	84.00000000	80.00000000
20	13	1	84.00000000	80.00000000
20	14	1	84.00000000	80.00000000
20	15	1	84.00000000	80.00000000
20	16	1	84.00000000	80.00000000
20	17	1	84.00000000	80.00000000
20	18	1	84.00000000	80.00000000
20	19	1	84.00000000	80.00000000
20	20	1	84.00000000	80.00000000
20	21	1	84.00000000	80.00000000
20	22	1	84.00000000	80.00000000
20	23	1	84.00000000	80.00000000
20	24	1	84.00000000	80.00000000
20	25	1	84.00000000	80.00000000
20	26	1	84.00000000	80.00000000
20	27	1	84.00000000	80.00000000
20	28	1	84.00000000	80.00000000
20	29	1	84.00000000	80.00000000
20	30	1	84.00000000	80.00000000
20	31	1	84.00000000	80.00000000
20	32	1	84.00000000	80.00000000
20	33	1	84.00000000	80.00000000
20	34	1	84.00000000	80.00000000
20	35	1	84.00000000	80.00000000
20	36	1	84.00000000	80.00000000
20	37	1	84.00000000	80.00000000
20	38	1	84.00000000	80.00000000
20	39	1	84.00000000	80.00000000
20	40	1	84.00000000	80.00000000
20	41	1	84.00000000	80.00000000
20	42	1	84.00000000	80.00000000
20	43	1	84.00000000	80.00000000
20	44	1	84.00000000	80.00000000
20	45	1	84.00000000	80.00000000
20	46	1	84.00000000	80.00000000
20	47	1	84.00000000	80.00000000
20	48	1	84.00000000	80.00000000
20	49	1	84.00000000	80.00000000
20	50	1	84.00000000	80.00000000
20	51	1	84.00000000	80.00000000
20	52	1	84.00000000	80.00000000
20	53	1	84.00000000	80.00000000
20	54	1	84.00000000	80.00000000
20	55	1	84.00000000	80.00000000
20	56	1	84.00000000	80.00000000
20	57	1	84.00000000	80.00000000
20	58	1	84.00000000	80.00000000
20	59	1	84.00000000	80.00000000
20	60	1	84.00000000	80.00000000
20	61	1	84.00000000	80.00000000
20	62	1	84.00000000	80.00000000
20	63	1	84.00000000	80.00000000
20	64	1	84.00000000	80.00000000
20	65	1	84.00000000	80.00000000
20	66	1	84.00000000	80.00000000
20	67	1	84.00000000	80.00000000
20	68	1	84.00000000	80.00000000
20	69	1	84.00000000	80.00000000
20	70	1	84.00000000	80.00000000
20	71	1	84.00000000	80.00000000
20	72	1	84.00000000	80.00000000
20	73	1	84.00000000	80.00000000
20	74	1	84.00000000	80.00000000
20	75	1	84.00000000	80.00000000
20	76	1	84.00000000	80.00000000
20	77	1	84.00000000	80.00000000
20	78	1	84.00000000	80.00000000
20	79	1	84.00000000	80.00000000
20	80	1	84.00000000	80.00000000
20	81	1	84.00000000	80.00000000
20	82	1	84.00000000	80.00000000
20	83	1	84.00000000	80.00000000
20	84	1	84.00000000	80.00000000
20	85	1	84.00000000	80.00000000
20	86	1	84.00000000	80.00000000
20	87	1	84.00000000	80.00000000
20	88	1	84.00000000	80.00000000
20	89	1	84.00000000	80.00000000
20	90	1	84.00000000	80.00000000
20	91	1	84.00000000	80.00000000
20	92	1	84.00000000	80.00000000
20	93	1	84.00000000	80.00000000
20	94	1	84.00000000	80.00000000
20	95	1	84.00000000	80.00000000
20	96	1	84.00000000	80.00000000
20	97	1	84.00000000	80.00000000
20	98	1	84.00000000	80.00000000
20	99	1	84.00000000	80.00000000
20	100	1	84.00000000	80.00000000
20	101	1	84.00000000	80.00000000
20	102	1	84.00000000	80.00000000
20	103	1	84.00000000	80.00000000
20	104	1	84.00000000	80.00000000
20	105	1	84.00000000	80.00000000
20	106	1	84.00000000	80.00000000
20	107	1	84.00000000	80.00000000
20	108	1	84.00000000	80.00000000
20	109	1	84.00000000	80.00000000
20	110	1	84.00000000	80.00000000
20	111	1	84.00000000	80.00000000
20	112	1	84.00000000	80.00000000
20	113	1	84.00000000	80.00000000
20	114	1	84.00000000	80.00000000
20	115	1	84.00000000	80.00000000
20	116	1	84.00000000	80.00000000
20	117	1	84.00000000	80.00000000
20	118	1	84.00000000	80.00000000
20	119	1	84.00000000	80.00000000
20	120	1	84.00000000	80.00000000
20	121	1	84.00000000	80.00000000
20	122	1	84.00000000	80.00000000
20	123	1	84.00000000	80.00000000
20	124	1	84.00000000	80.00000000
20	125	1	84.00000000	80.00000000
20	126	1	84.00000000	80.00000000
20	127	1	84.00000000	80.00000000
20	128	1	84.00000000	80.00000000
20	129	1	84.00000000	80.00000000
20	130	1	84.00000000	80.00000000
20	131	1	84.00000000	80.00000000
20	132	1	84.00000000	80.00000000
20	133	1	84.00000000	80.00000000
20	134	1	84.00000000	80.00000000
20	135	1	84.00000000	80.00000000
20	136	1	84.00000000	80.00000000
20	137	1	84.00000000	80.00000000
20	138	1	84.00000000	80.00000000
20	139	1	84.00000000	80.00000000
20	140	1	84.00000000	80.00000000
20	141	1	84.00000000	80.00000000
20	142	1	84.00000000	80.00000000
20	143	1	84.00000000	80.00000000
20	144	1	84.00000000	80.00000000
20	145	1	84.00000000	80.00000000
20	146	1	84.00000000	80.00000000
20	147	1	84.00000000	80.00000000
20	148	1	84.00000000	80.00000000
20	149	1	84.00000000	80.00000000
20	150	1	84.00000000	80.00000000
20	151	1	84.00000000	80.00000000
20	152	1	84.00000000	80.00000000
20	153	1	84.00000000	80.00000000
20	154	1	84.00000000	80.00000000
20	155	1	84.00000000	80.00000000
20	156	1	84.00000000	80.00000000
20	157	1	84.00000000	80.00000000
20	158	1	84.00000000	80.00000000
20	159	1	84.00000000	80.00000000
20	160	1	84.00000000	80.00000000
20	161	1	84.00000000	80.00000000
20	162	1	84.00000000	80.00000000
20	163	1	84.00000000	80.00000000
20	164	1	84.00000000	80.00000000
20	165	1	84.00000000	80.00000000
20	166	1	84.00000000	80.00000000
20	167	1	84.00000000	80.00000000
20	168	1	84.00000000	80.00000000
20	169	1	84.00000000	80.00000000
20	170	1	84.00000000	80.00000000
20	171	1	84.00000000	80.00000000
20	172	1	84.00000000	80.00000000
20	173	1	84.00000000	80.00000000
20	174	1	84.00000000	80.00000000
20	175	1	84.00000000	80.00000000
20	176	1	84.00000000	80.00000000
20	177	1	84.00000000	80.00000000
20	178	1	84.00000000	80.00000000
20	179	1	84.00000000	80.00000000
20	180	1	84.00000000	80.00000000
20	181	1	84.00000000	80.00000000
20	182	1	84.00000000	80.00000000
20	183	1	84.00000000	80.00000000
20	184	1	84.00000000	80.00000000
20	185	1	84.00000000	80.00000000
20	186	1	84.00000000	80.00000000
20	187	1	84.00000000	80.00000000
20	188	1	84.00000000	80.00000000
20	189	1	84.00000000	80.00000000
20	190	1	84.00000000	80.00000000
20	191	1	84.00000000	80.00000000
20	192	1	84.00000000	80.00000000
20	193	1	84.00000000	80.00000000
20	194	1	84.00000000	80.00000000
20	195	1	84.00000000	80.00000000
20	196	1	84.00000000	80.00000000
20	197	1	84.00000000	80.00000000
20	198	1	84.00000000	80.00000000
20	199	1	84.00000000	80.00000000
20	200	1	84.00000000	80.00000000
20	201	1	84.00000000	80.00000000
20	202	1	84.00000000	80.00000000
20	203	1	84.00000000	80.00000000
20	204	1	84.00000000	80.00000000
20	205	1	84.00000000	80.00000000
20	206	1	84.00000000	80.00000000
20	207	1	84.00000000	80.00000000
20	208	1	84.00000000	80.00000000
20	209	1	84.00000000	80.00000000
20	210	1	84.00000000	80.00000000
20	211	1	84.00000000	80.00000000
20	212	1	84.00000000	80.00000000
20	213	1	84.00000000	80.00000000
20	214	1	84.00000000	80.00000000
20	215	1	84.00000000	80.00000000
20	216	1	84.00000000	80.00000000
20	217	1	84.00000000	80.00000000
20	218	1	84.00000000	80.00000000
20	219	1	84.00000000	80.00000000
20	220	1	84.00000000	80.00000000
20	221	1	84.00000000	80.00000000
20	222	1	84.00000000	80.00000000
20	223	1	84.00000000	80.00000000
20	224	1	84.00000000	80.00000000
20	225	1	84.00000000	80.00000000
20	226	1	84.00000000	80.00000000
20	227	1	84.00000000	80.00000000
20	228	1	84.00000000	80.00000000
20	229	1	84.00000000	80.00000000
20	230	1	84.00000000	80.00000000
20	231	1	84.00000000	80.00000000
20	232	1	84.00000000	80.00000000
20	233	1	84.00000000	80.00000000
20	234	1	84.00000000	80.00000000
20	235	1	84.00000000	80.00000000
20	236	1	84.00000000	80.00000000
20	237	1	84.00000000	80.00000000
20	238	1	84.00000000	80.00000000
20	239	1	84.00000000	80.00000000
20	240	1	84.00000000	80.00000000
20	241	1	84.00000000	80.00000000
20	242	1	84.00000000	80.00000000
20	243	1	84.00000000	80.00000000
21	0	1	84.00000000	80.00000000
21	1	1	84.00000000	80.00000000
21	2	1	84.00000000	80.00000000
21	3	1	84.00000000	80.00000000
21	4	1	84.00000000	80.00000000
21	5	1	84.00000000	80.00000000
21	6	1	84.00000000	80.00000000
21	7	1	84.00000000	80.00000000
21	8	1	84.00000000	80.00000000
21	9	1	84.00000000	80.00000000
21	10	1	84.00000000	80.00000000
21	11	1	84.00000000	80.00000000
21	12	1	84.00000000	80.00000000
21	13	1	84.00000000	80.00000000
21	14	1	84.00000000	80.00000000
21	15	1	84.00000000	80.00000000
21	16	1	84.00000000	80.00000000
21	17	1	84.00000000	80.00000000
21	18	1	84.00000000	80.00000000
21	19	1	84.00000000	80.00000000
21	20	1	84.00000000	80.00000000
21	21	1	84.00000000	80.00000000
21	22	1	84.00000000	80.00000000
21	23	1	84.00000000	80.00000000
21	24	1	84.00000000	80.00000000
21	25	1	84.00000000	80.00000000
21	26	1	84.00000000	80.00000000
21	27	1	84.00000000	80.00000000
21	28	1	84.00000000	80.00000000
21	29	1	84.00000000	80.00000000
21	30	1	84.00000000	80.00000000
21	31	1	84.00000000	80.00000000
21	32	1	84.00000000	80.00000000
21	33	1	84.00000000	80.00000000
21	34	1	84.00000000	80.00000000
21	35	1	84.00000000	80.00000000
21	36	1	84.00000000	80.00000000
21	37	1	84.00000000	80.00000000
21	38	1	84.00000000	80.00000000
21	39	1	84.00000000	80.00000000
21	40	1	84.00000000	80.00000000
21	41	1	84.00000000	80.00000000
21	42	1	84.00000000	80.00000000
21	43	1	84.00000000	80.00000000
21	44	1	84.00000000	80.00000000
21	45	1	84.00000000	80.00000000
21	46	1	84.00000000	80.00000000
21	47	1	84.00000000	80.00000000
21	48	1	84.00000000	80.00000000
21	49	1	84.00000000	80.00000000
21	50	1	84.00000000	80.00000000
21	51	1	84.00000000	80.00000000
21	52	1	84.00000000	80.00000000
21	53	1	84.00000000	80.00000000
21	54	1	84.00000000	80.00000000
21	55	1	84.00000000	80.00000000
21	56	1	84.00000000	80.00000000
21	57	1	84.00000000	80.00000000
21	58	1	84.00000000	80.00000000
21	59	1	84.00000000	80.00000000
21	60	1	84.00000000	80.00000000
21	61	1	84.00000000	80.00000000
21	62	1	84.00000000	80.00000000
21	63	1	84.00000000	80.00000000
21	64	1	84.00000000	80.00000000
21	65	1	84.00000000	80.00000000
21	66	1	84.00000000	80.00000000
21	67	1	84.00000000	80.00000000
21	68	1	84.00000000	80.00000000
21	69	1	84.00000000	80.00000000
21	70	1	84.00000000	80.00000000
21	71	1	84.00000000	80.00000000
21	72	1	84.00000000	80.00000000
21	73	1	84.00000000	80.00000000
21	74	1	84.00000000	80.00000000
21	75	1	84.00000000	80.00000000
21	76	1	84.00000000	80.00000000
21	77	1	84.00000000	80.00000000
21	78	1	84.00000000	80.00000000
21	79	1	84.00000000	80.00000000
21	80	1	84.00000000	80.00000000
21	81	1	84.00000000	80.00000000
21	82	1	84.00000000	80.00000000
21	83	1	84.00000000	80.00000000
21	84	1	84.00000000	80.00000000
21	85	1	84.00000000	80.00000000
21	86	1	84.00000000	80.00000000
21	87	1	84.00000000	80.00000000
21	88	1	84.00000000	80.00000000
21	89	1	84.00000000	80.00000000
21	90	1	84.00000000	80.00000000
21	91	1	84.00000000	80.00000000
21	92	1	84.00000000	80.00000000
21	93	1	84.00000000	80.00000000
21	94	1	84.00000000	80.00000000
21	95	1	84.00000000	80.00000000
21	96	1	84.00000000	80.00000000
21	97	1	84.00000000	80.00000000
21	98	1	84.00000000	80.00000000
21	99	1	84.00000000	80.00000000
21	100	1	84.00000000	80.00000000
21	101	1	84.00000000	80.00000000
21	102	1	84.00000000	80.00000000
21	103	1	84.00000000	80.00000000
21	104	1	84.00000000	80.00000000
21	105	1	84.00000000	80.00000000
21	106	1	84.00000000	80.00000000
21	107	1	84.00000000	80.00000000
21	108	1	84.00000000	80.00000000
21	109	1	84.00000000	80.00000000
21	110	1	84.00000000	80.00000000
21	111	1	84.00000000	80.00000000
21	112	1	84.00000000	80.00000000
21	113	1	84.00000000	80.00000000
21	114	1	84.00000000	80.00000000
21	115	1	84.00000000	80.00000000
21	116	1	84.00000000	80.00000000
21	117	1	84.00000000	80.00000000
21	118	1	84.00000000	80.00000000
21	119	1	84.00000000	80.00000000
21	120	1	84.00000000	80.00000000
21	121	1	84.00000000	80.00000000
21	122	1	84.00000000	80.00000000
21	123	1	84.00000000	80.00000000
21	124	1	84.00000000	80.00000000
21	125	1	84.00000000	80.00000000
21	126	1	84.00000000	80.00000000
21	127	1	84.00000000	80.00000000
21	128	1	84.00000000	80.00000000
21	129	1	84.00000000	80.00000000
21	130	1	84.00000000	80.00000000
21	131	1	84.00000000	80.00000000
21	132	1	84.00000000	80.00000000
21	133	1	84.00000000	80.00000000
21	134	1	84.00000000	80.00000000
21	135	1	84.00000000	80.00000000
21	136	1	84.00000000	80.00000000
21	137	1	84.00000000	80.00000000
21	138	1	84.00000000	80.00000000
21	139	1	84.00000000	80.00000000
21	140	1	84.00000000	80.00000000
21	141	1	84.00000000	80.00000000
21	142	1	84.00000000	80.00000000
21	143	1	84.00000000	80.00000000
21	144	1	84.00000000	80.00000000
21	145	1	84.00000000	80.00000000
21	146	1	84.00000000	80.00000000
21	147	1	84.00000000	80.00000000
21	148	1	84.00000000	80.00000000
21	149	1	84.00000000	80.00000000
21	150	1	84.00000000	80.00000000
21	151	1	84.00000000	80.00000000
21	152	1	84.00000000	80.00000000
21	153	1	84.00000000	80.00000000
21	154	1	84.00000000	80.00000000
21	155	1	84.00000000	80.00000000
21	156	1	84.00000000	80.00000000
21	157	1	84.00000000	80.00000000
21	158	1	84.00000000	80.00000000
21	159	1	84.00000000	80.00000000
21	160	1	84.00000000	80.00000000
21	161	1	84.00000000	80.00000000
21	162	1	84.00000000	80.00000000
21	163	1	84.00000000	80.00000000
21	164	1	84.00000000	80.00000000
21	165	1	84.00000000	80.00000000
21	166	1	84.00000000	80.00000000
21	167	1	84.00000000	80.00000000
21	168	1	84.00000000	80.00000000
21	169	1	84.00000000	80.00000000
21	170	1	84.00000000	80.00000000
21	171	1	84.00000000	80.00000000
21	172	1	84.00000000	80.00000000
21	173	1	84.00000000	80.00000000
21	174	1	84.00000000	80.00000000
21	175	1	84.00000000	80.00000000
21	176	1	84.00000000	80.00000000
21	177	1	84.00000000	80.00000000
21	178	1	84.00000000	80.00000000
21	179	1	84.00000000	80.00000000
21	180	1	84.00000000	80.00000000
21	181	1	84.00000000	80.00000000
21	182	1	84.00000000	80.00000000
21	183	1	84.00000000	80.00000000
21	184	1	84.00000000	80.00000000
21	185	1	84.00000000	80.00000000
21	186	1	84.00000000	80.00000000
21	187	1	84.00000000	80.00000000
21	188	1	84.00000000	80.00000000
21	189	1	84.00000000	80.00000000
21	190	1	84.00000000	80.00000000
21	191	1	84.00000000	80.00000000
21	192	1	84.00000000	80.00000000
21	193	1	84.00000000	80.00000000
21	194	1	84.00000000	80.00000000
21	195	1	84.00000000	80.00000000
21	196	1	84.00000000	80.00000000
21	197	1	84.00000000	80.00000000
21	198	1	84.00000000	80.00000000
21	199	1	84.00000000	80.00000000
21	200	1	84.00000000	80.00000000
21	201	1	84.00000000	80.00000000
21	202	1	84.00000000	80.00000000
21	203	1	84.00000000	80.00000000
21	204	1	84.00000000	80.00000000
21	205	1	84.00000000	80.00000000
21	206	1	84.00000000	80.00000000
21	207	1	84.00000000	80.00000000
21	208	1	84.00000000	80.00000000
21	209	1	84.00000000	80.00000000
21	210	1	84.00000000	80.00000000
21	211	1	84.00000000	80.00000000
21	212	1	84.00000000	80.00000000
21	213	1	84.00000000	80.00000000
21	214	1	84.00000000	80.00000000
21	215	1	84.00000000	80.00000000
21	216	1	84.00000000	80.00000000
21	217	1	84.00000000	80.00000000
21	218	1	84.00000000	80.00000000
21	219	1	84.00000000	80.00000000
21	220	1	84.00000000	80.00000000
21	221	1	84.00000000	80.00000000
21	222	1	84.00000000	80.00000000
21	223	1	84.00000000	80.00000000
21	224	1	84.00000000	80.00000000
21	225	1	84.00000000	80.00000000
21	226	1	84.00000000	80.00000000
21	227	1	84.00000000	80.00000000
21	228	1	84.00000000	80.00000000
21	229	1	84.00000000	80.00000000
21	230	1	84.00000000	80.00000000
21	231	1	84.00000000	80.00000000
22	0	1	84.00000000	80.00000000
22	1	1	84.00000000	80.00000000
22	2	1	84.00000000	80.00000000
22	3	1	84.00000000	80.00000000
22	4	1	84.00000000	80.00000000
22	5	1	84.00000000	80.00000000
22	6	1	84.00000000	80.00000000
22	7	1	84.00000000	80.00000000
22	8	1	84.00000000	80.00000000
22	9	1	84.00000000	80.00000000
22	10	1	84.00000000	80.00000000
22	11	1	84.00000000	80.00000000
22	12	1	84.00000000	80.00000000
22	13	1	84.00000000	80.00000000
22	14	1	84.00000000	80.00000000
22	15	1	84.00000000	80.00000000
22	16	1	84.00000000	80.00000000
22	17	1	84.00000000	80.00000000
22	18	1	84.00000000	80.00000000
22	19	1	84.00000000	80.00000000
22	20	1	84.00000000	80.00000000
22	21	1	84.00000000	80.00000000
22	22	1	84.00000000	80.00000000
22	23	1	84.00000000	80.00000000
22	24	1	84.00000000	80.00000000
22	25	1	84.00000000	80.00000000
22	26	1	84.00000000	80.00000000
22	27	1	84.00000000	80.00000000
22	28	1	84.00000000	80.00000000
22	29	1	84.00000000	80.00000000
22	30	1	84.00000000	80.00000000
22	31	1	84.00000000	80.00000000
22	32	1	84.00000000	80.00000000
22	33	1	84.00000000	80.00000000
22	34	1	84.00000000	80.00000000
22	35	1	84.00000000	80.00000000
22	36	1	84.00000000	80.00000000
22	37	1	84.00000000	80.00000000
22	38	1	84.00000000	80.00000000
22	39	1	84.00000000	80.00000000
22	40	1	84.00000000	80.00000000
22	41	1	84.00000000	80.00000000
22	42	1	84.00000000	80.00000000
22	43	1	84.00000000	80.00000000
22	44	1	84.00000000	80.00000000
22	45	1	84.00000000	80.00000000
22	46	1	84.00000000	80.00000000
22	47	1	84.00000000	80.00000000
22	48	1	84.00000000	80.00000000
22	49	1	84.00000000	80.00000000
22	50	1	84.00000000	80.00000000
22	51	1	84.00000000	80.00000000
22	52	1	84.00000000	80.00000000
22	53	1	84.00000000	80.00000000
22	54	1	84.00000000	80.00000000
22	55	1	84.00000000	80.00000000
22	56	1	84.00000000	80.00000000
22	57	1	84.00000000	80.00000000
22	58	1	84.00000000	80.00000000
22	59	1	84.00000000	80.00000000
22	60	1	84.00000000	80.00000000
22	61	1	84.00000000	80.00000000
22	62	1	84.00000000	80.00000000
22	63	1	84.00000000	80.00000000
22	64	1	84.00000000	80.00000000
22	65	1	84.00000000	80.00000000
22	66	1	84.00000000	80.00000000
22	67	1	84.00000000	80.00000000
22	68	1	84.00000000	80.00000000
22	69	1	84.00000000	80.00000000
22	70	1	84.00000000	80.00000000
22	71	1	84.00000000	80.00000000
22	72	1	84.00000000	80.00000000
22	73	1	84.00000000	80.00000000
22	74	1	84.00000000	80.00000000
22	75	1	84.00000000	80.00000000
22	76	1	84.00000000	80.00000000
22	77	1	84.00000000	80.00000000
22	78	1	84.00000000	80.00000000
22	79	1	84.00000000	80.00000000
22	80	1	84.00000000	80.00000000
22	81	1	84.00000000	80.00000000
22	82	1	84.00000000	80.00000000
22	83	1	84.00000000	80.00000000
22	84	1	84.00000000	80.00000000
22	85	1	84.00000000	80.00000000
22	86	1	84.00000000	80.00000000
22	87	1	84.00000000	80.00000000
22	88	1	84.00000000	80.00000000
22	89	1	84.00000000	80.00000000
22	90	1	84.00000000	80.00000000
22	91	1	84.00000000	80.00000000
22	92	1	84.00000000	80.00000000
22	93	1	84.00000000	80.00000000
22	94	1	84.00000000	80.00000000
22	95	1	84.00000000	80.00000000
22	96	1	84.00000000	80.00000000
22	97	1	84.00000000	80.00000000
22	98	1	84.00000000	80.00000000
22	99	1	84.00000000	80.00000000
22	100	1	84.00000000	80.00000000
22	101	1	84.00000000	80.00000000
22	102	1	84.00000000	80.00000000
22	103	1	84.00000000	80.00000000
22	104	1	84.00000000	80.00000000
22	105	1	84.00000000	80.00000000
22	106	1	84.00000000	80.00000000
22	107	1	84.00000000	80.00000000
22	108	1	84.00000000	80.00000000
22	109	1	84.00000000	80.00000000
22	110	1	84.00000000	80.00000000
22	111	1	84.00000000	80.00000000
22	112	1	84.00000000	80.00000000
22	113	1	84.00000000	80.00000000
22	114	1	84.00000000	80.00000000
22	115	1	84.00000000	80.00000000
22	116	1	84.00000000	80.00000000
22	117	1	84.00000000	80.00000000
22	118	1	84.00000000	80.00000000
22	119	1	84.00000000	80.00000000
22	120	1	84.00000000	80.00000000
22	121	1	84.00000000	80.00000000
22	122	1	84.00000000	80.00000000
22	123	1	84.00000000	80.00000000
22	124	1	84.00000000	80.00000000
22	125	1	84.00000000	80.00000000
22	126	1	84.00000000	80.00000000
22	127	1	84.00000000	80.00000000
22	128	1	84.00000000	80.00000000
22	129	1	84.00000000	80.00000000
22	130	1	84.00000000	80.00000000
22	131	1	84.00000000	80.00000000
22	132	1	84.00000000	80.00000000
22	133	1	84.00000000	80.00000000
22	134	1	84.00000000	80.00000000
22	135	1	84.00000000	80.00000000
22	136	1	84.00000000	80.00000000
22	137	1	84.00000000	80.00000000
22	138	1	84.00000000	80.00000000
22	139	1	84.00000000	80.00000000
22	140	1	84.00000000	80.00000000
22	141	1	84.00000000	80.00000000
22	142	1	84.00000000	80.00000000
22	143	1	84.00000000	80.00000000
22	144	1	84.00000000	80.00000000
22	145	1	84.00000000	80.00000000
22	146	1	84.00000000	80.00000000
22	147	1	84.00000000	80.00000000
22	148	1	84.00000000	80.00000000
22	149	1	84.00000000	80.00000000
22	150	1	84.00000000	80.00000000
22	151	1	84.00000000	80.00000000
22	152	1	84.00000000	80.00000000
22	153	1	84.00000000	80.00000000
22	154	1	84.00000000	80.00000000
22	155	1	84.00000000	80.00000000
22	156	1	84.00000000	80.00000000
22	157	1	84.00000000	80.00000000
22	158	1	84.00000000	80.00000000
22	159	1	84.00000000	80.00000000
22	160	1	84.00000000	80.00000000
22	161	1	84.00000000	80.00000000
22	162	1	84.00000000	80.00000000
22	163	1	84.00000000	80.00000000
22	164	1	84.00000000	80.00000000
22	165	1	84.00000000	80.00000000
22	166	1	84.00000000	80.00000000
22	167	1	84.00000000	80.00000000
22	168	1	84.00000000	80.00000000
22	169	1	84.00000000	80.00000000
22	170	1	84.00000000	80.00000000
22	171	1	84.00000000	80.00000000
22	172	1	84.00000000	80.00000000
22	173	1	84.00000000	80.00000000
22	174	1	84.00000000	80.00000000
22	175	1	84.00000000	80.00000000
22	176	1	84.00000000	80.00000000
22	177	1	84.00000000	80.00000000
22	178	1	84.00000000	80.00000000
22	179	1	84.00000000	80.00000000
22	180	1	84.00000000	80.00000000
22	181	1	84.00000000	80.00000000
22	182	1	84.00000000	80.00000000
22	183	1	84.00000000	80.00000000
22	184	1	84.00000000	80.00000000
22	185	1	84.00000000	80.00000000
22	186	1	84.00000000	80.00000000
22	187	1	84.00000000	80.00000000
22	188	1	84.00000000	80.00000000
22	189	1	84.00000000	80.00000000
22	190	1	84.00000000	80.00000000
22	191	1	84.00000000	80.00000000
22	192	1	84.00000000	80.00000000
22	193	1	84.00000000	80.00000000
22	194	1	84.00000000	80.00000000
22	195	1	84.00000000	80.00000000
22	196	1	84.00000000	80.00000000
22	197	1	84.00000000	80.00000000
22	198	1	84.00000000	80.00000000
22	199	1	84.00000000	80.00000000
22	200	1	84.00000000	80.00000000
22	201	1	84.00000000	80.00000000
22	202	1	84.00000000	80.00000000
22	203	1	84.00000000	80.00000000
22	204	1	84.00000000	80.00000000
22	205	1	84.00000000	80.00000000
22	206	1	84.00000000	80.00000000
22	207	1	84.00000000	80.00000000
22	208	1	84.00000000	80.00000000
22	209	1	84.00000000	80.00000000
22	210	1	84.00000000	80.00000000
22	211	1	84.00000000	80.00000000
22	212	1	84.00000000	80.00000000
22	213	1	84.00000000	80.00000000
22	214	1	84.00000000	80.00000000
22	215	1	84.00000000	80.00000000
22	216	1	84.00000000	80.00000000
22	217	1	84.00000000	80.00000000
23	0	1	84.00000000	80.00000000
23	1	1	84.00000000	80.00000000
23	2	1	84.00000000	80.00000000
23	3	1	84.00000000	80.00000000
23	4	1	84.00000000	80.00000000
23	5	1	84.00000000	80.00000000
23	6	1	84.00000000	80.00000000
23	7	1	84.00000000	80.00000000
23	8	1	84.00000000	80.00000000
23	9	1	84.00000000	80.00000000
23	10	1	84.00000000	80.00000000
23	11	1	84.00000000	80.00000000
23	12	1	84.00000000	80.00000000
23	13	1	84.00000000	80.00000000
23	14	1	84.00000000	80.00000000
23	15	1	84.00000000	80.00000000
23	16	1	84.00000000	80.00000000
23	17	1	84.00000000	80.00000000
23	18	1	84.00000000	80.00000000
23	19	1	84.00000000	80.00000000
23	20	1	84.00000000	80.00000000
23	21	1	84.00000000	80.00000000
23	22	1	84.00000000	80.00000000
23	23	1	84.00000000	80.00000000
23	24	1	84.00000000	80.00000000
23	25	1	84.00000000	80.00000000
23	26	1	84.00000000	80.00000000
23	27	1	84.00000000	80.00000000
23	28	1	84.00000000	80.00000000
23	29	1	84.00000000	80.00000000
23	30	1	84.00000000	80.00000000
23	31	1	84.00000000	80.00000000
23	32	1	84.00000000	80.00000000
23	33	1	84.00000000	80.00000000
23	34	1	84.00000000	80.00000000
23	35	1	84.00000000	80.00000000
23	36	1	84.00000000	80.00000000
23	37	1	84.00000000	80.00000000
23	38	1	84.00000000	80.00000000
23	39	1	84.00000000	80.00000000
23	40	1	84.00000000	80.00000000
23	41	1	84.00000000	80.00000000
23	42	1	84.00000000	80.00000000
23	43	1	84.00000000	80.00000000
23	44	1	84.00000000	80.00000000
23	45	1	84.00000000	80.00000000
23	46	1	84.00000000	80.00000000
23	47	1	84.00000000	80.00000000
23	48	1	84.00000000	80.00000000
23	49	1	84.00000000	80.00000000
23	50	1	84.00000000	80.00000000
23	51	1	84.00000000	80.00000000
23	52	1	84.00000000	80.00000000
23	53	1	84.00000000	80.00000000
23	54	1	84.00000000	80.00000000
23	55	1	84.00000000	80.00000000
23	56	1	84.00000000	80.00000000
23	57	1	84.00000000	80.00000000
23	58	1	84.00000000	80.00000000
23	59	1	84.00000000	80.00000000
23	60	1	84.00000000	80.00000000
23	61	1	84.00000000	80.00000000
23	62	1	84.00000000	80.00000000
23	63	1	84.00000000	80.00000000
23	64	1	84.00000000	80.00000000
23	65	1	84.00000000	80.00000000
23	66	1	84.00000000	80.00000000
23	67	1	84.00000000	80.00000000
23	68	1	84.00000000	80.00000000
23	69	1	84.00000000	80.00000000
23	70	1	84.00000000	80.00000000
23	71	1	84.00000000	80.00000000
23	72	1	84.00000000	80.00000000
23	73	1	84.00000000	80.00000000
23	74	1	84.00000000	80.00000000
23	75	1	84.00000000	80.00000000
23	76	1	84.00000000	80.00000000
23	77	1	84.00000000	80.00000000
23	78	1	84.00000000	80.00000000
23	79	1	84.00000000	80.00000000
23	80	1	84.00000000	80.00000000
23	81	1	84.00000000	80.00000000
23	82	1	84.00000000	80.00000000
23	83	1	84.00000000	80.00000000
23	84	1	84.00000000	80.00000000
23	85	1	84.00000000	80.00000000
23	86	1	84.00000000	80.00000000
23	87	1	84.00000000	80.00000000
23	88	1	84.00000000	80.00000000
23	89	1	84.00000000	80.00000000
23	90	1	84.00000000	80.00000000
23	91	1	84.00000000	80.00000000
23	92	1	84.00000000	80.00000000
23	93	1	84.00000000	80.00000000
23	94	1	84.00000000	80.00000000
23	95	1	84.00000000	80.00000000
23	96	1	84.00000000	80.00000000
23	97	1	84.00000000	80.00000000
23	98	1	84.00000000	80.00000000
23	99	1	84.00000000	80.00000000
23	100	1	84.00000000	80.00000000
23	101	1	84.00000000	80.00000000
23	102	1	84.00000000	80.00000000
23	103	1	84.00000000	80.00000000
23	104	1	84.00000000	80.00000000
23	105	1	84.00000000	80.00000000
23	106	1	84.00000000	80.00000000
23	107	1	84.00000000	80.00000000
23	108	1	84.00000000	80.00000000
23	109	1	84.00000000	80.00000000
23	110	1	84.00000000	80.00000000
23	111	1	84.00000000	80.00000000
23	112	1	84.00000000	80.00000000
23	113	1	84.00000000	80.00000000
23	114	1	84.00000000	80.00000000
23	115	1	84.00000000	80.00000000
23	116	1	84.00000000	80.00000000
23	117	1	84.00000000	80.00000000
23	118	1	84.00000000	80.00000000
23	119	1	84.00000000	80.00000000
23	120	1	84.00000000	80.00000000
23	121	1	84.00000000	80.00000000
23	122	1	84.00000000	80.00000000
23	123	1	84.00000000	80.00000000
23	124	1	84.00000000	80.00000000
23	125	1	84.00000000	80.00000000
23	126	1	84.00000000	80.00000000
23	127	1	84.00000000	80.00000000
23	128	1	84.00000000	80.00000000
23	129	1	84.00000000	80.00000000
23	130	1	84.00000000	80.00000000
23	131	1	84.00000000	80.00000000
23	132	1	84.00000000	80.00000000
23	133	1	84.00000000	80.00000000
23	134	1	84.00000000	80.00000000
23	135	1	84.00000000	80.00000000
23	136	1	84.00000000	80.00000000
23	137	1	84.00000000	80.00000000
23	138	1	84.00000000	80.00000000
23	139	1	84.00000000	80.00000000
23	140	1	84.00000000	80.00000000
23	141	1	84.00000000	80.00000000
23	142	1	84.00000000	80.00000000
23	143	1	84.00000000	80.00000000
23	144	1	84.00000000	80.00000000
23	145	1	84.00000000	80.00000000
23	146	1	84.00000000	80.00000000
23	147	1	84.00000000	80.00000000
23	148	1	84.00000000	80.00000000
23	149	1	84.00000000	80.00000000
23	150	1	84.00000000	80.00000000
23	151	1	84.00000000	80.00000000
23	152	1	84.00000000	80.00000000
23	153	1	84.00000000	80.00000000
23	154	1	84.00000000	80.00000000
23	155	1	84.00000000	80.00000000
23	156	1	84.00000000	80.00000000
23	157	1	84.00000000	80.00000000
23	158	1	84.00000000	80.00000000
23	159	1	84.00000000	80.00000000
23	160	1	84.00000000	80.00000000
23	161	1	84.00000000	80.00000000
23	162	1	84.00000000	80.00000000
23	163	1	84.00000000	80.00000000
23	164	1	84.00000000	80.00000000
23	165	1	84.00000000	80.00000000
23	166	1	84.00000000	80.00000000
23	167	1	84.00000000	80.00000000
23	168	1	84.00000000	80.00000000
23	169	1	84.00000000	80.00000000
23	170	1	84.00000000	80.00000000
23	171	1	84.00000000	80.00000000
23	172	1	84.00000000	80.00000000
23	173	1	84.00000000	80.00000000
23	174	1	84.00000000	80.00000000
23	175	1	84.00000000	80.00000000
23	176	1	84.00000000	80.00000000
23	177	1	84.00000000	80.00000000
23	178	1	84.00000000	80.00000000
23	179	1	84.00000000	80.00000000
23	180	1	84.00000000	80.00000000
23	181	1	84.00000000	80.00000000
23	182	1	84.00000000	80.00000000
23	183	1	84.00000000	80.00000000
23	184	1	84.00000000	80.00000000
23	185	1	84.00000000	80.00000000
23	186	1	84.00000000	80.00000000
23	187	1	84.00000000	80.00000000
23	188	1	84.00000000	80.00000000
23	189	1	84.00000000	80.00000000
23	190	1	84.00000000	80.00000000
23	191	1	84.00000000	80.00000000
23	192	1	84.00000000	80.00000000
23	193	1	84.00000000	80.00000000
23	194	1	84.00000000	80.00000000
23	195	1	84.00000000	80.00000000
23	196	1	84.00000000	80.00000000
23	197	1	84.00000000	80.00000000
23	198	1	84.00000000	80.00000000
23	199	1	84.00000000	80.00000000
23	200	1	84.00000000	80.00000000
23	201	1	84.00000000	80.00000000
23	202	1	84.00000000	80.00000000
23	203	1	84.00000000	80.00000000
23	204	1	84.00000000	80.00000000
23	205	1	84.00000000	80.00000000
23	206	1	84.00000000	80.00000000
23	207	1	84.00000000	80.00000000
23	208	1	84.00000000	80.00000000
23	209	1	84.00000000	80.00000000
24	0	1	84.00000000	80.00000000
24	1	1	84.00000000	80.00000000
24	2	1	84.00000000	80.00000000
24	3	1	84.00000000	80.00000000
24	4	1	84.00000000	80.00000000
24	5	1	84.00000000	80.00000000
24	6	1	84.00000000	80.00000000
24	7	1	84.00000000	80.00000000
24	8	1	84.00000000	80.00000000
24	9	1	84.00000000	80.00000000
24	10	1	84.00000000	80.00000000
24	11	1	84.00000000	80.00000000
24	12	1	84.00000000	80.00000000
24	13	1	84.00000000	80.00000000
24	14	1	84.00000000	80.00000000
24	15	1	84.00000000	80.00000000
24	16	1	84.00000000	80.00000000
24	17	1	84.00000000	80.00000000
24	18	1	84.00000000	80.00000000
24	19	1	84.00000000	80.00000000
24	20	1	84.00000000	80.00000000
24	21	1	84.00000000	80.00000000
24	22	1	84.00000000	80.00000000
24	23	1	84.00000000	80.00000000
24	24	1	84.00000000	80.00000000
24	25	1	84.00000000	80.00000000
24	26	1	84.00000000	80.00000000
24	27	1	84.00000000	80.00000000
24	28	1	84.00000000	80.00000000
24	29	1	84.00000000	80.00000000
24	30	1	84.00000000	80.00000000
24	31	1	84.00000000	80.00000000
24	32	1	84.00000000	80.00000000
24	33	1	84.00000000	80.00000000
24	34	1	84.00000000	80.00000000
24	35	1	84.00000000	80.00000000
24	36	1	84.00000000	80.00000000
24	37	1	84.00000000	80.00000000
24	38	1	84.00000000	80.00000000
24	39	1	84.00000000	80.00000000
24	40	1	84.00000000	80.00000000
24	41	1	84.00000000	80.00000000
24	42	1	84.00000000	80.00000000
24	43	1	84.00000000	80.00000000
24	44	1	84.00000000	80.00000000
24	45	1	84.00000000	80.00000000
24	46	1	84.00000000	80.00000000
24	47	1	84.00000000	80.00000000
24	48	1	84.00000000	80.00000000
24	49	1	84.00000000	80.00000000
24	50	1	84.00000000	80.00000000
24	51	1	84.00000000	80.00000000
24	52	1	84.00000000	80.00000000
24	53	1	84.00000000	80.00000000
24	54	1	84.00000000	80.00000000
24	55	1	84.00000000	80.00000000
24	56	1	84.00000000	80.00000000
24	57	1	84.00000000	80.00000000
24	58	1	84.00000000	80.00000000
24	59	1	84.00000000	80.00000000
24	60	1	84.00000000	80.00000000
24	61	1	84.00000000	80.00000000
24	62	1	84.00000000	80.00000000
24	63	1	84.00000000	80.00000000
24	64	1	84.00000000	80.00000000
24	65	1	84.00000000	80.00000000
24	66	1	84.00000000	80.00000000
24	67	1	84.00000000	80.00000000
24	68	1	84.00000000	80.00000000
24	69	1	84.00000000	80.00000000
24	70	1	84.00000000	80.00000000
24	71	1	84.00000000	80.00000000
24	72	1	84.00000000	80.00000000
24	73	1	84.00000000	80.00000000
24	74	1	84.00000000	80.00000000
24	75	1	84.00000000	80.00000000
24	76	1	84.00000000	80.00000000
24	77	1	84.00000000	80.00000000
24	78	1	84.00000000	80.00000000
24	79	1	84.00000000	80.00000000
24	80	1	84.00000000	80.00000000
24	81	1	84.00000000	80.00000000
24	82	1	84.00000000	80.00000000
24	83	1	84.00000000	80.00000000
24	84	1	84.00000000	80.00000000
24	85	1	84.00000000	80.00000000
24	86	1	84.00000000	80.00000000
24	87	1	84.00000000	80.00000000
24	88	1	84.00000000	80.00000000
24	89	1	84.00000000	80.00000000
24	90	1	84.00000000	80.00000000
24	91	1	84.00000000	80.00000000
24	92	1	84.00000000	80.00000000
24	93	1	84.00000000	80.00000000
24	94	1	84.00000000	80.00000000
24	95	1	84.00000000	80.00000000
24	96	1	84.00000000	80.00000000
24	97	1	84.00000000	80.00000000
24	98	1	84.00000000	80.00000000
24	99	1	84.00000000	80.00000000
24	100	1	84.00000000	80.00000000
24	101	1	84.00000000	80.00000000
24	102	1	84.00000000	80.00000000
24	103	1	84.00000000	80.00000000
24	104	1	84.00000000	80.00000000
24	105	1	84.00000000	80.00000000
24	106	1	84.00000000	80.00000000
24	107	1	84.00000000	80.00000000
24	108	1	84.00000000	80.00000000
24	109	1	84.00000000	80.00000000
24	110	1	84.00000000	80.00000000
24	111	1	84.00000000	80.00000000
24	112	1	84.00000000	80.00000000
24	113	1	84.00000000	80.00000000
24	114	1	84.00000000	80.00000000
24	115	1	84.00000000	80.00000000
24	116	1	84.00000000	80.00000000
24	117	1	84.00000000	80.00000000
24	118	1	84.00000000	80.00000000
24	119	1	84.00000000	80.00000000
24	120	1	84.00000000	80.00000000
24	121	1	84.00000000	80.00000000
24	122	1	84.00000000	80.00000000
24	123	1	84.00000000	80.00000000
24	124	1	84.00000000	80.00000000
24	125	1	84.00000000	80.00000000
24	126	1	84.00000000	80.00000000
24	127	1	84.00000000	80.00000000
24	128	1	84.00000000	80.00000000
24	129	1	84.00000000	80.00000000
24	130	1	84.00000000	80.00000000
24	131	1	84.00000000	80.00000000
24	132	1	84.00000000	80.00000000
24	133	1	84.00000000	80.00000000
24	134	1	84.00000000	80.00000000
24	135	1	84.00000000	80.00000000
24	136	1	84.00000000	80.00000000
24	137	1	84.00000000	80.00000000
24	138	1	84.00000000	80.00000000
24	139	1	84.00000000	80.00000000
24	140	1	84.00000000	80.00000000
24	141	1	84.00000000	80.00000000
24	142	1	84.00000000	80.00000000
24	143	1	84.00000000	80.00000000
24	144	1	84.00000000	80.00000000
24	145	1	84.00000000	80.00000000
24	146	1	84.00000000	80.00000000
24	147	1	84.00000000	80.00000000
24	148	1	84.00000000	80.00000000
24	149	1	84.00000000	80.00000000
24	150	1	84.00000000	80.00000000
24	151	1	84.00000000	80.00000000
24	152	1	84.00000000	80.00000000
24	153	1	84.00000000	80.00000000
24	154	1	84.00000000	80.00000000
24	155	1	84.00000000	80.00000000
24	156	1	84.00000000	80.00000000
24	157	1	84.00000000	80.00000000
24	158	1	84.00000000	80.00000000
24	159	1	84.00000000	80.00000000
24	160	1	84.00000000	80.00000000
24	161	1	84.00000000	80.00000000
24	162	1	84.00000000	80.00000000
24	163	1	84.00000000	80.00000000
24	164	1	84.00000000	80.00000000
24	165	1	84.00000000	80.00000000
24	166	1	84.00000000	80.00000000
24	167	1	84.00000000	80.00000000
24	168	1	84.00000000	80.00000000
24	169	1	84.00000000	80.00000000
24	170	1	84.00000000	80.00000000
24	171	1	84.00000000	80.00000000
24	172	1	84.00000000	80.00000000
24	173	1	84.00000000	80.00000000
24	174	1	84.00000000	80.00000000
24	175	1	84.00000000	80.00000000
24	176	1	84.00000000	80.00000000
24	177	1	84.00000000	80.00000000
24	178	1	84.00000000	80.00000000
24	179	1	84.00000000	80.00000000
24	180	1	84.00000000	80.00000000
24	181	1	84.00000000	80.00000000
24	182	1	84.00000000	80.00000000
24	183	1	84.00000000	80.00000000
24	184	1	84.00000000	80.00000000
24	185	1	84.00000000	80.00000000
24	186	1	84.00000000	80.00000000
24	187	1	84.00000000	80.00000000
24	188	1	84.00000000	80.00000000
24	189	1	84.00000000	80.00000000
24	190	1	84.00000000	80.00000000
24	191	1	84.00000000	80.00000000
24	192	1	84.00000000	80.00000000
24	193	1	84.00000000	80.00000000
24	194	1	84.00000000	80.00000000
24	195	1	84.00000000	80.00000000
24	196	1	84.00000000	80.00000000
24	197	1	84.00000000	80.00000000
24	198	1	84.00000000	80.00000000
24	199	1	84.00000000	80.00000000
24	200	1	84.00000000	80.00000000
24	201	1	84.00000000	80.00000000
24	202	1	84.00000000	80.00000000
24	203	1	84.00000000	80.00000000
24	204	1	84.00000000	80.00000000
24	205	1	84.00000000	80.00000000
25	0	1	84.00000000	80.00000000
25	1	1	84.00000000	80.00000000
25	2	1	84.00000000	80.00000000
25	3	1	84.00000000	80.00000000
25	4	1	84.00000000	80.00000000
25	5	1	84.00000000	80.00000000
25	6	1	84.00000000	80.00000000
25	7	1	84.00000000	80.00000000
25	8	1	84.00000000	80.00000000
25	9	1	84.00000000	80.00000000
25	10	1	84.00000000	80.00000000
25	11	1	84.00000000	80.00000000
25	12	1	84.00000000	80.00000000
25	13	1	84.00000000	80.00000000
25	14	1	84.00000000	80.00000000
25	15	1	84.00000000	80.00000000
25	16	1	84.00000000	80.00000000
25	17	1	84.00000000	80.00000000
25	18	1	84.00000000	80.00000000
25	19	1	84.00000000	80.00000000
25	20	1	84.00000000	80.00000000
25	21	1	84.00000000	80.00000000
25	22	1	84.00000000	80.00000000
25	23	1	84.00000000	80.00000000
25	24	1	84.00000000	80.00000000
25	25	1	84.00000000	80.00000000
25	26	1	84.00000000	80.00000000
25	27	1	84.00000000	80.00000000
25	28	1	84.00000000	80.00000000
25	29	1	84.00000000	80.00000000
25	30	1	84.00000000	80.00000000
25	31	1	84.00000000	80.00000000
25	32	1	84.00000000	80.00000000
25	33	1	84.00000000	80.00000000
25	34	1	84.00000000	80.00000000
25	35	1	84.00000000	80.00000000
25	36	1	84.00000000	80.00000000
25	37	1	84.00000000	80.00000000
25	38	1	84.00000000	80.00000000
25	39	1	84.00000000	80.00000000
25	40	1	84.00000000	80.00000000
25	41	1	84.00000000	80.00000000
25	42	1	84.00000000	80.00000000
25	43	1	84.00000000	80.00000000
25	44	1	84.00000000	80.00000000
25	45	1	84.00000000	80.00000000
25	46	1	84.00000000	80.00000000
25	47	1	84.00000000	80.00000000
25	48	1	84.00000000	80.00000000
25	49	1	84.00000000	80.00000000
25	50	1	84.00000000	80.00000000
25	51	1	84.00000000	80.00000000
25	52	1	84.00000000	80.00000000
25	53	1	84.00000000	80.00000000
25	54	1	84.00000000	80.00000000
25	55	1	84.00000000	80.00000000
25	56	1	84.00000000	80.00000000
25	57	1	84.00000000	80.00000000
25	58	1	84.00000000	80.00000000
25	59	1	84.00000000	80.00000000
25	60	1	84.00000000	80.00000000
25	61	1	84.00000000	80.00000000
25	62	1	84.00000000	80.00000000
25	63	1	84.00000000	80.00000000
25	64	1	84.00000000	80.00000000
25	65	1	84.00000000	80.00000000
25	66	1	84.00000000	80.00000000
25	67	1	84.00000000	80.00000000
25	68	1	84.00000000	80.00000000
25	69	1	84.00000000	80.00000000
25	70	1	84.00000000	80.00000000
25	71	1	84.00000000	80.00000000
25	72	1	84.00000000	80.00000000
25	73	1	84.00000000	80.00000000
25	74	1	84.00000000	80.00000000
25	75	1	84.00000000	80.00000000
25	76	1	84.00000000	80.00000000
25	77	1	84.00000000	80.00000000
25	78	1	84.00000000	80.00000000
25	79	1	84.00000000	80.00000000
25	80	1	84.00000000	80.00000000
25	81	1	84.00000000	80.00000000
25	82	1	84.00000000	80.00000000
25	83	1	84.00000000	80.00000000
25	84	1	84.00000000	80.00000000
25	85	1	84.00000000	80.00000000
25	86	1	84.00000000	80.00000000
25	87	1	84.00000000	80.00000000
25	88	1	84.00000000	80.00000000
25	89	1	84.00000000	80.00000000
25	90	1	84.00000000	80.00000000
25	91	1	84.00000000	80.00000000
25	92	1	84.00000000	80.00000000
25	93	1	84.00000000	80.00000000
25	94	1	84.00000000	80.00000000
25	95	1	84.00000000	80.00000000
25	96	1	84.00000000	80.00000000
25	97	1	84.00000000	80.00000000
25	98	1	84.00000000	80.00000000
25	99	1	84.00000000	80.00000000
25	100	1	84.00000000	80.00000000
25	101	1	84.00000000	80.00000000
25	102	1	84.00000000	80.00000000
25	103	1	84.00000000	80.00000000
25	104	1	84.00000000	80.00000000
25	105	1	84.00000000	80.00000000
25	106	1	84.00000000	80.00000000
25	107	1	84.00000000	80.00000000
25	108	1	84.00000000	80.00000000
25	109	1	84.00000000	80.00000000
25	110	1	84.00000000	80.00000000
25	111	1	84.00000000	80.00000000
25	112	1	84.00000000	80.00000000
25	113	1	84.00000000	80.00000000
25	114	1	84.00000000	80.00000000
25	115	1	84.00000000	80.00000000
25	116	1	84.00000000	80.00000000
25	117	1	84.00000000	80.00000000
25	118	1	84.00000000	80.00000000
25	119	1	84.00000000	80.00000000
25	120	1	84.00000000	80.00000000
25	121	1	84.00000000	80.00000000
25	122	1	84.00000000	80.00000000
25	123	1	84.00000000	80.00000000
25	124	1	84.00000000	80.00000000
25	125	1	84.00000000	80.00000000
25	126	1	84.00000000	80.00000000
25	127	1	84.00000000	80.00000000
25	128	1	84.00000000	80.00000000
25	129	1	84.00000000	80.00000000
25	130	1	84.00000000	80.00000000
25	131	1	84.00000000	80.00000000
25	132	1	84.00000000	80.00000000
25	133	1	84.00000000	80.00000000
25	134	1	84.00000000	80.00000000
25	135	1	84.00000000	80.00000000
25	136	1	84.00000000	80.00000000
25	137	1	84.00000000	80.00000000
25	138	1	84.00000000	80.00000000
25	139	1	84.00000000	80.00000000
25	140	1	84.00000000	80.00000000
25	141	1	84.00000000	80.00000000
25	142	1	84.00000000	80.00000000
25	143	1	84.00000000	80.00000000
25	144	1	84.00000000	80.00000000
25	145	1	84.00000000	80.00000000
25	146	1	84.00000000	80.00000000
25	147	1	84.00000000	80.00000000
25	148	1	84.00000000	80.00000000
25	149	1	84.00000000	80.00000000
25	150	1	84.00000000	80.00000000
25	151	1	84.00000000	80.00000000
25	152	1	84.00000000	80.00000000
25	153	1	84.00000000	80.00000000
25	154	1	84.00000000	80.00000000
25	155	1	84.00000000	80.00000000
25	156	1	84.00000000	80.00000000
25	157	1	84.00000000	80.00000000
25	158	1	84.00000000	80.00000000
25	159	1	84.00000000	80.00000000
25	160	1	84.00000000	80.00000000
25	161	1	84.00000000	80.00000000
25	162	1	84.00000000	80.00000000
25	163	1	84.00000000	80.00000000
25	164	1	84.00000000	80.00000000
25	165	1	84.00000000	80.00000000
25	166	1	84.00000000	80.00000000
25	167	1	84.00000000	80.00000000
25	168	1	84.00000000	80.00000000
25	169	1	84.00000000	80.00000000
25	170	1	84.00000000	80.00000000
25	171	1	84.00000000	80.00000000
25	172	1	84.00000000	80.00000000
25	173	1	84.00000000	80.00000000
25	174	1	84.00000000	80.00000000
25	175	1	84.00000000	80.00000000
25	176	1	84.00000000	80.00000000
25	177	1	84.00000000	80.00000000
25	178	1	84.00000000	80.00000000
25	179	1	84.00000000	80.00000000
25	180	1	84.00000000	80.00000000
25	181	1	84.00000000	80.00000000
25	182	1	84.00000000	80.00000000
25	183	1	84.00000000	80.00000000
25	184	1	84.00000000	80.00000000
25	185	1	84.00000000	80.00000000
25	186	1	84.00000000	80.00000000
25	187	1	84.00000000	80.00000000
25	188	1	84.00000000	80.00000000
25	189	1	84.00000000	80.00000000
25	190	1	84.00000000	80.00000000
25	191	1	84.00000000	80.00000000
25	192	1	84.00000000	80.00000000
25	193	1	84.00000000	80.00000000
25	194	1	84.00000000	80.00000000
25	195	1	84.00000000	80.00000000
25	196	1	84.00000000	80.00000000
25	197	1	84.00000000	80.00000000
25	198	1	84.00000000	80.00000000
25	199	1	84.00000000	80.00000000
25	200	1	84.00000000	80.00000000
25	201	1	84.00000000	80.00000000
26	0	1	84.00000000	80.00000000
26	1	1	84.00000000	80.00000000
26	2	1	84.00000000	80.00000000
26	3	1	84.00000000	80.00000000
26	4	1	84.00000000	80.00000000
26	5	1	84.00000000	80.00000000
26	6	1	84.00000000	80.00000000
26	7	1	84.00000000	80.00000000
26	8	1	84.00000000	80.00000000
26	9	1	84.00000000	80.00000000
26	10	1	84.00000000	80.00000000
26	11	1	84.00000000	80.00000000
26	12	1	84.00000000	80.00000000
26	13	1	84.00000000	80.00000000
26	14	1	84.00000000	80.00000000
26	15	1	84.00000000	80.00000000
26	16	1	84.00000000	80.00000000
26	17	1	84.00000000	80.00000000
26	18	1	84.00000000	80.00000000
26	19	1	84.00000000	80.00000000
26	20	1	84.00000000	80.00000000
26	21	1	84.00000000	80.00000000
26	22	1	84.00000000	80.00000000
26	23	1	84.00000000	80.00000000
26	24	1	84.00000000	80.00000000
26	25	1	84.00000000	80.00000000
26	26	1	84.00000000	80.00000000
26	27	1	84.00000000	80.00000000
26	28	1	84.00000000	80.00000000
26	29	1	84.00000000	80.00000000
26	30	1	84.00000000	80.00000000
26	31	1	84.00000000	80.00000000
26	32	1	84.00000000	80.00000000
26	33	1	84.00000000	80.00000000
26	34	1	84.00000000	80.00000000
26	35	1	84.00000000	80.00000000
26	36	1	84.00000000	80.00000000
26	37	1	84.00000000	80.00000000
26	38	1	84.00000000	80.00000000
26	39	1	84.00000000	80.00000000
26	40	1	84.00000000	80.00000000
26	41	1	84.00000000	80.00000000
26	42	1	84.00000000	80.00000000
26	43	1	84.00000000	80.00000000
26	44	1	84.00000000	80.00000000
26	45	1	84.00000000	80.00000000
26	46	1	84.00000000	80.00000000
26	47	1	84.00000000	80.00000000
26	48	1	84.00000000	80.00000000
26	49	1	84.00000000	80.00000000
26	50	1	84.00000000	80.00000000
26	51	1	84.00000000	80.00000000
26	52	1	84.00000000	80.00000000
26	53	1	84.00000000	80.00000000
26	54	1	84.00000000	80.00000000
26	55	1	84.00000000	80.00000000
26	56	1	84.00000000	80.00000000
26	57	1	84.00000000	80.00000000
26	58	1	84.00000000	80.00000000
26	59	1	84.00000000	80.00000000
26	60	1	84.00000000	80.00000000
26	61	1	84.00000000	80.00000000
26	62	1	84.00000000	80.00000000
26	63	1	84.00000000	80.00000000
26	64	1	84.00000000	80.00000000
26	65	1	84.00000000	80.00000000
26	66	1	84.00000000	80.00000000
26	67	1	84.00000000	80.00000000
26	68	1	84.00000000	80.00000000
26	69	1	84.00000000	80.00000000
26	70	1	84.00000000	80.00000000
26	71	1	84.00000000	80.00000000
26	72	1	84.00000000	80.00000000
26	73	1	84.00000000	80.00000000
26	74	1	84.00000000	80.00000000
26	75	1	84.00000000	80.00000000
26	76	1	84.00000000	80.00000000
26	77	1	84.00000000	80.00000000
26	78	1	84.00000000	80.00000000
26	79	1	84.00000000	80.00000000
26	80	1	84.00000000	80.00000000
26	81	1	84.00000000	80.00000000
26	82	1	84.00000000	80.00000000
26	83	1	84.00000000	80.00000000
26	84	1	84.00000000	80.00000000
26	85	1	84.00000000	80.00000000
26	86	1	84.00000000	80.00000000
26	87	1	84.00000000	80.00000000
26	88	1	84.00000000	80.00000000
26	89	1	84.00000000	80.00000000
26	90	1	84.00000000	80.00000000
26	91	1	84.00000000	80.00000000
26	92	1	84.00000000	80.00000000
26	93	1	84.00000000	80.00000000
26	94	1	84.00000000	80.00000000
26	95	1	84.00000000	80.00000000
26	96	1	84.00000000	80.00000000
26	97	1	84.00000000	80.00000000
26	98	1	84.00000000	80.00000000
26	99	1	84.00000000	80.00000000
26	100	1	84.00000000	80.00000000
26	101	1	84.00000000	80.00000000
26	102	1	84.00000000	80.00000000
26	103	1	84.00000000	80.00000000
26	104	1	84.00000000	80.00000000
26	105	1	84.00000000	80.00000000
26	106	1	84.00000000	80.00000000
26	107	1	84.00000000	80.00000000
26	108	1	84.00000000	80.00000000
26	109	1	84.00000000	80.00000000
26	110	1	84.00000000	80.00000000
26	111	1	84.00000000	80.00000000
26	112	1	84.00000000	80.00000000
26	113	1	84.00000000	80.00000000
26	114	1	84.00000000	80.00000000
26	115	1	84.00000000	80.00000000
26	116	1	84.00000000	80.00000000
26	117	1	84.00000000	80.00000000
26	118	1	84.00000000	80.00000000
26	119	1	84.00000000	80.00000000
26	120	1	84.00000000	80.00000000
26	121	1	84.00000000	80.00000000
26	122	1	84.00000000	80.00000000
26	123	1	84.00000000	80.00000000
26	124	1	84.00000000	80.00000000
26	125	1	84.00000000	80.00000000
26	126	1	84.00000000	80.00000000
26	127	1	84.00000000	80.00000000
26	128	1	84.00000000	80.00000000
26	129	1	84.00000000	80.00000000
26	130	1	84.00000000	80.00000000
26	131	1	84.00000000	80.00000000
26	132	1	84.00000000	80.00000000
26	133	1	84.00000000	80.00000000
26	134	1	84.00000000	80.00000000
26	135	1	84.00000000	80.00000000
26	136	1	84.00000000	80.00000000
26	137	1	84.00000000	80.00000000
26	138	1	84.00000000	80.00000000
26	139	1	84.00000000	80.00000000
26	140	1	84.00000000	80.00000000
26	141	1	84.00000000	80.00000000
26	142	1	84.00000000	80.00000000
26	143	1	84.00000000	80.00000000
26	144	1	84.00000000	80.00000000
26	145	1	84.00000000	80.00000000
26	146	1	84.00000000	80.00000000
26	147	1	84.00000000	80.00000000
26	148	1	84.00000000	80.00000000
26	149	1	84.00000000	80.00000000
26	150	1	84.00000000	80.00000000
26	151	1	84.00000000	80.00000000
26	152	1	84.00000000	80.00000000
26	153	1	84.00000000	80.00000000
26	154	1	84.00000000	80.00000000
26	155	1	84.00000000	80.00000000
26	156	1	84.00000000	80.00000000
26	157	1	84.00000000	80.00000000
26	158	1	84.00000000	80.00000000
26	159	1	84.00000000	80.00000000
26	160	1	84.00000000	80.00000000
26	161	1	84.00000000	80.00000000
26	162	1	84.00000000	80.00000000
26	163	1	84.00000000	80.00000000
26	164	1	84.00000000	80.00000000
26	165	1	84.00000000	80.00000000
26	166	1	84.00000000	80.00000000
26	167	1	84.00000000	80.00000000
26	168	1	84.00000000	80.00000000
26	169	1	84.00000000	80.00000000
26	170	1	84.00000000	80.00000000
26	171	1	84.00000000	80.00000000
26	172	1	84.00000000	80.00000000
26	173	1	84.00000000	80.00000000
26	174	1	84.00000000	80.00000000
26	175	1	84.00000000	80.00000000
26	176	1	84.00000000	80.00000000
26	177	1	84.00000000	80.00000000
26	178	1	84.00000000	80.00000000
26	179	1	84.00000000	80.00000000
26	180	1	84.00000000	80.00000000
26	181	1	84.00000000	80.00000000
26	182	1	84.00000000	80.00000000
26	183	1	84.00000000	80.00000000
26	184	1	84.00000000	80.00000000
26	185	1	84.00000000	80.00000000
26	186	1	84.00000000	80.00000000
26	187	1	84.00000000	80.00000000
26	188	1	84.00000000	80.00000000
26	189	1	84.00000000	80.00000000
26	190	1	84.00000000	80.00000000
26	191	1	84.00000000	80.00000000
26	192	1	84.00000000	80.00000000
26	193	1	84.00000000	80.00000000
26	194	1	84.00000000	80.00000000
26	195	1	84.00000000	80.00000000
26	196	1	84.00000000	80.00000000
26	197	1	84.00000000	80.00000000
26	198	1	84.00000000	80.00000000
26	199	1	84.00000000	80.00000000
27	0	1	84.00000000	80.00000000
27	1	1	84.00000000	80.00000000
27	2	1	84.00000000	80.00000000
27	3	1	84.00000000	80.00000000
27	4	1	84.00000000	80.00000000
27	5	1	84.00000000	80.00000000
27	6	1	84.00000000	80.00000000
27	7	1	84.00000000	80.00000000
27	8	1	84.00000000	80.00000000
27	9	1	84.00000000	80.00000000
27	10	1	84.00000000	80.00000000
27	11	1	84.00000000	80.00000000
27	12	1	84.00000000	80.00000000
27	13	1	84.00000000	80.00000000
27	14	1	84.00000000	80.00000000
27	15	1	84.00000000	80.00000000
27	16	1	84.00000000	80.00000000
27	17	1	84.00000000	80.00000000
27	18	1	84.00000000	80.00000000
27	19	1	84.00000000	80.00000000
27	20	1	84.00000000	80.00000000
27	21	1	84.00000000	80.00000000
27	22	1	84.00000000	80.00000000
27	23	1	84.00000000	80.00000000
27	24	1	84.00000000	80.00000000
27	25	1	84.00000000	80.00000000
27	26	1	84.00000000	80.00000000
27	27	1	84.00000000	80.00000000
27	28	1	84.00000000	80.00000000
27	29	1	84.00000000	80.00000000
27	30	1	84.00000000	80.00000000
27	31	1	84.00000000	80.00000000
27	32	1	84.00000000	80.00000000
27	33	1	84.00000000	80.00000000
27	34	1	84.00000000	80.00000000
27	35	1	84.00000000	80.00000000
27	36	1	84.00000000	80.00000000
27	37	1	84.00000000	80.00000000
27	38	1	84.00000000	80.00000000
27	39	1	84.00000000	80.00000000
27	40	1	84.00000000	80.00000000
27	41	1	84.00000000	80.00000000
27	42	1	84.00000000	80.00000000
27	43	1	84.00000000	80.00000000
27	44	1	84.00000000	80.00000000
27	45	1	84.00000000	80.00000000
27	46	1	84.00000000	80.00000000
27	47	1	84.00000000	80.00000000
27	48	1	84.00000000	80.00000000
27	49	1	84.00000000	80.00000000
27	50	1	84.00000000	80.00000000
27	51	1	84.00000000	80.00000000
27	52	1	84.00000000	80.00000000
27	53	1	84.00000000	80.00000000
27	54	1	84.00000000	80.00000000
27	55	1	84.00000000	80.00000000
27	56	1	84.00000000	80.00000000
27	57	1	84.00000000	80.00000000
27	58	1	84.00000000	80.00000000
27	59	1	84.00000000	80.00000000
27	60	1	84.00000000	80.00000000
27	61	1	84.00000000	80.00000000
27	62	1	84.00000000	80.00000000
27	63	1	84.00000000	80.00000000
27	64	1	84.00000000	80.00000000
27	65	1	84.00000000	80.00000000
27	66	1	84.00000000	80.00000000
27	67	1	84.00000000	80.00000000
27	68	1	84.00000000	80.00000000
27	69	1	84.00000000	80.00000000
27	70	1	84.00000000	80.00000000
27	71	1	84.00000000	80.00000000
27	72	1	84.00000000	80.00000000
27	73	1	84.00000000	80.00000000
27	74	1	84.00000000	80.00000000
27	75	1	84.00000000	80.00000000
27	76	1	84.00000000	80.00000000
27	77	1	84.00000000	80.00000000
27	78	1	84.00000000	80.00000000
27	79	1	84.00000000	80.00000000
27	80	1	84.00000000	80.00000000
27	81	1	84.00000000	80.00000000
27	82	1	84.00000000	80.00000000
27	83	1	84.00000000	80.00000000
27	84	1	84.00000000	80.00000000
27	85	1	84.00000000	80.00000000
27	86	1	84.00000000	80.00000000
27	87	1	84.00000000	80.00000000
27	88	1	84.00000000	80.00000000
27	89	1	84.00000000	80.00000000
27	90	1	84.00000000	80.00000000
27	91	1	84.00000000	80.00000000
27	92	1	84.00000000	80.00000000
27	93	1	84.00000000	80.00000000
27	94	1	84.00000000	80.00000000
27	95	1	84.00000000	80.00000000
27	96	1	84.00000000	80.00000000
27	97	1	84.00000000	80.00000000
27	98	1	84.00000000	80.00000000
27	99	1	84.00000000	80.00000000
27	100	1	84.00000000	80.00000000
27	101	1	84.00000000	80.00000000
27	102	1	84.00000000	80.00000000
27	103	1	84.00000000	80.00000000
27	104	1	84.00000000	80.00000000
27	105	1	84.00000000	80.00000000
27	106	1	84.00000000	80.00000000
27	107	1	84.00000000	80.00000000
27	108	1	84.00000000	80.00000000
27	109	1	84.00000000	80.00000000
27	110	1	84.00000000	80.00000000
27	111	1	84.00000000	80.00000000
27	112	1	84.00000000	80.00000000
27	113	1	84.00000000	80.00000000
27	114	1	84.00000000	80.00000000
27	115	1	84.00000000	80.00000000
27	116	1	84.00000000	80.00000000
27	117	1	84.00000000	80.00000000
27	118	1	84.00000000	80.00000000
27	119	1	84.00000000	80.00000000
27	120	1	84.00000000	80.00000000
27	121	1	84.00000000	80.00000000
27	122	1	84.00000000	80.00000000
27	123	1	84.00000000	80.00000000
27	124	1	84.00000000	80.00000000
27	125	1	84.00000000	80.00000000
27	126	1	84.00000000	80.00000000
27	127	1	84.00000000	80.00000000
27	128	1	84.00000000	80.00000000
27	129	1	84.00000000	80.00000000
27	130	1	84.00000000	80.00000000
27	131	1	84.00000000	80.00000000
27	132	1	84.00000000	80.00000000
27	133	1	84.00000000	80.00000000
27	134	1	84.00000000	80.00000000
27	135	1	84.00000000	80.00000000
27	136	1	84.00000000	80.00000000
27	137	1	84.00000000	80.00000000
27	138	1	84.00000000	80.00000000
27	139	1	84.00000000	80.00000000
27	140	1	84.00000000	80.00000000
27	141	1	84.00000000	80.00000000
27	142	1	84.00000000	80.00000000
27	143	1	84.00000000	80.00000000
27	144	1	84.00000000	80.00000000
27	145	1	84.00000000	80.00000000
27	146	1	84.00000000	80.00000000
27	147	1	84.00000000	80.00000000
27	148	1	84.00000000	80.00000000
27	149	1	84.00000000	80.00000000
27	150	1	84.00000000	80.00000000
27	151	1	84.00000000	80.00000000
27	152	1	84.00000000	80.00000000
27	153	1	84.00000000	80.00000000
27	154	1	84.00000000	80.00000000
27	155	1	84.00000000	80.00000000
27	156	1	84.00000000	80.00000000
27	157	1	84.00000000	80.00000000
27	158	1	84.00000000	80.00000000
27	159	1	84.00000000	80.00000000
27	160	1	84.00000000	80.00000000
27	161	1	84.00000000	80.00000000
27	162	1	84.00000000	80.00000000
27	163	1	84.00000000	80.00000000
27	164	1	84.00000000	80.00000000
27	165	1	84.00000000	80.00000000
27	166	1	84.00000000	80.00000000
27	167	1	84.00000000	80.00000000
27	168	1	84.00000000	80.00000000
27	169	1	84.00000000	80.00000000
27	170	1	84.00000000	80.00000000
27	171	1	84.00000000	80.00000000
27	172	1	84.00000000	80.00000000
27	173	1	84.00000000	80.00000000
27	174	1	84.00000000	80.00000000
27	175	1	84.00000000	80.00000000
27	176	1	84.00000000	80.00000000
27	177	1	84.00000000	80.00000000
27	178	1	84.00000000	80.00000000
27	179	1	84.00000000	80.00000000
27	180	1	84.00000000	80.00000000
27	181	1	84.00000000	80.00000000
27	182	1	84.00000000	80.00000000
27	183	1	84.00000000	80.00000000
27	184	1	84.00000000	80.00000000
27	185	1	84.00000000	80.00000000
27	186	1	84.00000000	80.00000000
27	187	1	84.00000000	80.00000000
27	188	1	84.00000000	80.00000000
27	189	1	84.00000000	80.00000000
27	190	1	84.00000000	80.00000000
27	191	1	84.00000000	80.00000000
27	192	1	84.00000000	80.00000000
27	193	1	84.00000000	80.00000000
27	194	1	84.00000000	80.00000000
27	195	1	84.00000000	80.00000000
28	0	1	84.00000000	80.00000000
28	1	1	84.00000000	80.00000000
28	2	1	84.00000000	80.00000000
28	3	1	84.00000000	80.00000000
28	4	1	84.00000000	80.00000000
28	5	1	84.00000000	80.00000000
28	6	1	84.00000000	80.00000000
28	7	1	84.00000000	80.00000000
28	8	1	84.00000000	80.00000000
28	9	1	84.00000000	80.00000000
28	10	1	84.00000000	80.00000000
28	11	1	84.00000000	80.00000000
28	12	1	84.00000000	80.00000000
28	13	1	84.00000000	80.00000000
28	14	1	84.00000000	80.00000000
28	15	1	84.00000000	80.00000000
28	16	1	84.00000000	80.00000000
28	17	1	84.00000000	80.00000000
28	18	1	84.00000000	80.00000000
28	19	1	84.00000000	80.00000000
28	20	1	84.00000000	80.00000000
28	21	1	84.00000000	80.00000000
28	22	1	84.00000000	80.00000000
28	23	1	84.00000000	80.00000000
28	24	1	84.00000000	80.00000000
28	25	1	84.00000000	80.00000000
28	26	1	84.00000000	80.00000000
28	27	1	84.00000000	80.00000000
28	28	1	84.00000000	80.00000000
28	29	1	84.00000000	80.00000000
28	30	1	84.00000000	80.00000000
28	31	1	84.00000000	80.00000000
28	32	1	84.00000000	80.00000000
28	33	1	84.00000000	80.00000000
28	34	1	84.00000000	80.00000000
28	35	1	84.00000000	80.00000000
28	36	1	84.00000000	80.00000000
28	37	1	84.00000000	80.00000000
28	38	1	84.00000000	80.00000000
28	39	1	84.00000000	80.00000000
28	40	1	84.00000000	80.00000000
28	41	1	84.00000000	80.00000000
28	42	1	84.00000000	80.00000000
28	43	1	84.00000000	80.00000000
28	44	1	84.00000000	80.00000000
28	45	1	84.00000000	80.00000000
28	46	1	84.00000000	80.00000000
28	47	1	84.00000000	80.00000000
28	48	1	84.00000000	80.00000000
28	49	1	84.00000000	80.00000000
28	50	1	84.00000000	80.00000000
28	51	1	84.00000000	80.00000000
28	52	1	84.00000000	80.00000000
28	53	1	84.00000000	80.00000000
28	54	1	84.00000000	80.00000000
28	55	1	84.00000000	80.00000000
28	56	1	84.00000000	80.00000000
28	57	1	84.00000000	80.00000000
28	58	1	84.00000000	80.00000000
28	59	1	84.00000000	80.00000000
28	60	1	84.00000000	80.00000000
28	61	1	84.00000000	80.00000000
28	62	1	84.00000000	80.00000000
28	63	1	84.00000000	80.00000000
28	64	1	84.00000000	80.00000000
28	65	1	84.00000000	80.00000000
28	66	1	84.00000000	80.00000000
28	67	1	84.00000000	80.00000000
28	68	1	84.00000000	80.00000000
28	69	1	84.00000000	80.00000000
28	70	1	84.00000000	80.00000000
28	71	1	84.00000000	80.00000000
28	72	1	84.00000000	80.00000000
28	73	1	84.00000000	80.00000000
28	74	1	84.00000000	80.00000000
28	75	1	84.00000000	80.00000000
28	76	1	84.00000000	80.00000000
28	77	1	84.00000000	80.00000000
28	78	1	84.00000000	80.00000000
28	79	1	84.00000000	80.00000000
28	80	1	84.00000000	80.00000000
28	81	1	84.00000000	80.00000000
28	82	1	84.00000000	80.00000000
28	83	1	84.00000000	80.00000000
28	84	1	84.00000000	80.00000000
28	85	1	84.00000000	80.00000000
28	86	1	84.00000000	80.00000000
28	87	1	84.00000000	80.00000000
28	88	1	84.00000000	80.00000000
28	89	1	84.00000000	80.00000000
28	90	1	84.00000000	80.00000000
28	91	1	84.00000000	80.00000000
28	92	1	84.00000000	80.00000000
28	93	1	84.00000000	80.00000000
28	94	1	84.00000000	80.00000000
28	95	1	84.00000000	80.00000000
28	96	1	84.00000000	80.00000000
28	97	1	84.00000000	80.00000000
28	98	1	84.00000000	80.00000000
28	99	1	84.00000000	80.00000000
28	100	1	84.00000000	80.00000000
28	101	1	84.00000000	80.00000000
28	102	1	84.00000000	80.00000000
28	103	1	84.00000000	80.00000000
28	104	1	84.00000000	80.00000000
28	105	1	84.00000000	80.00000000
28	106	1	84.00000000	80.00000000
28	107	1	84.00000000	80.00000000
28	108	1	84.00000000	80.00000000
28	109	1	84.00000000	80.00000000
28	110	1	84.00000000	80.00000000
28	111	1	84.00000000	80.00000000
28	112	1	84.00000000	80.00000000
28	113	1	84.00000000	80.00000000
28	114	1	84.00000000	80.00000000
28	115	1	84.00000000	80.00000000
28	116	1	84.00000000	80.00000000
28	117	1	84.00000000	80.00000000
28	118	1	84.00000000	80.00000000
28	119	1	84.00000000	80.00000000
28	120	1	84.00000000	80.00000000
28	121	1	84.00000000	80.00000000
28	122	1	84.00000000	80.00000000
28	123	1	84.00000000	80.00000000
28	124	1	84.00000000	80.00000000
28	125	1	84.00000000	80.00000000
28	126	1	84.00000000	80.00000000
28	127	1	84.00000000	80.00000000
28	128	1	84.00000000	80.00000000
28	129	1	84.00000000	80.00000000
28	130	1	84.00000000	80.00000000
28	131	1	84.00000000	80.00000000
28	132	1	84.00000000	80.00000000
28	133	1	84.00000000	80.00000000
28	134	1	84.00000000	80.00000000
28	135	1	84.00000000	80.00000000
28	136	1	84.00000000	80.00000000
28	137	1	84.00000000	80.00000000
28	138	1	84.00000000	80.00000000
28	139	1	84.00000000	80.00000000
28	140	1	84.00000000	80.00000000
28	141	1	84.00000000	80.00000000
28	142	1	84.00000000	80.00000000
28	143	1	84.00000000	80.00000000
28	144	1	84.00000000	80.00000000
28	145	1	84.00000000	80.00000000
28	146	1	84.00000000	80.00000000
28	147	1	84.00000000	80.00000000
28	148	1	84.00000000	80.00000000
28	149	1	84.00000000	80.00000000
28	150	1	84.00000000	80.00000000
28	151	1	84.00000000	80.00000000
28	152	1	84.00000000	80.00000000
28	153	1	84.00000000	80.00000000
28	154	1	84.00000000	80.00000000
28	155	1	84.00000000	80.00000000
28	156	1	84.00000000	80.00000000
28	157	1	84.00000000	80.00000000
28	158	1	84.00000000	80.00000000
28	159	1	84.00000000	80.00000000
28	160	1	84.00000000	80.00000000
28	161	1	84.00000000	80.00000000
28	162	1	84.00000000	80.00000000
28	163	1	84.00000000	80.00000000
28	164	1	84.00000000	80.00000000
28	165	1	84.00000000	80.00000000
28	166	1	84.00000000	80.00000000
28	167	1	84.00000000	80.00000000
28	168	1	84.00000000	80.00000000
28	169	1	84.00000000	80.00000000
28	170	1	84.00000000	80.00000000
28	171	1	84.00000000	80.00000000
28	172	1	84.00000000	80.00000000
28	173	1	84.00000000	80.00000000
28	174	1	84.00000000	80.00000000
28	175	1	84.00000000	80.00000000
28	176	1	84.00000000	80.00000000
28	177	1	84.00000000	80.00000000
29	0	1	84.00000000	80.00000000
29	1	1	84.00000000	80.00000000
29	2	1	84.00000000	80.00000000
29	3	1	84.00000000	80.00000000
29	4	1	84.00000000	80.00000000
29	5	1	84.00000000	80.00000000
29	6	1	84.00000000	80.00000000
29	7	1	84.00000000	80.00000000
29	8	1	84.00000000	80.00000000
29	9	1	84.00000000	80.00000000
29	10	1	84.00000000	80.00000000
29	11	1	84.00000000	80.00000000
29	12	1	84.00000000	80.00000000
29	13	1	84.00000000	80.00000000
29	14	1	84.00000000	80.00000000
29	15	1	84.00000000	80.00000000
29	16	1	84.00000000	80.00000000
29	17	1	84.00000000	80.00000000
29	18	1	84.00000000	80.00000000
29	19	1	84.00000000	80.00000000
29	20	1	84.00000000	80.00000000
29	21	1	84.00000000	80.00000000
29	22	1	84.00000000	80.00000000
29	23	1	84.00000000	80.00000000
29	24	1	84.00000000	80.00000000
29	25	1	84.00000000	80.00000000
29	26	1	84.00000000	80.00000000
29	27	1	84.00000000	80.00000000
29	28	1	84.00000000	80.00000000
29	29	1	84.00000000	80.00000000
29	30	1	84.00000000	80.00000000
29	31	1	84.00000000	80.00000000
29	32	1	84.00000000	80.00000000
29	33	1	84.00000000	80.00000000
29	34	1	84.00000000	80.00000000
29	35	1	84.00000000	80.00000000
29	36	1	84.00000000	80.00000000
29	37	1	84.00000000	80.00000000
29	38	1	84.00000000	80.00000000
29	39	1	84.00000000	80.00000000
29	40	1	84.00000000	80.00000000
29	41	1	84.00000000	80.00000000
29	42	1	84.00000000	80.00000000
29	43	1	84.00000000	80.00000000
29	44	1	84.00000000	80.00000000
29	45	1	84.00000000	80.00000000
29	46	1	84.00000000	80.00000000
29	47	1	84.00000000	80.00000000
29	48	1	84.00000000	80.00000000
29	49	1	84.00000000	80.00000000
29	50	1	84.00000000	80.00000000
29	51	1	84.00000000	80.00000000
29	52	1	84.00000000	80.00000000
29	53	1	84.00000000	80.00000000
29	54	1	84.00000000	80.00000000
29	55	1	84.00000000	80.00000000
29	56	1	84.00000000	80.00000000
29	57	1	84.00000000	80.00000000
29	58	1	84.00000000	80.00000000
29	59	1	84.00000000	80.00000000
29	60	1	84.00000000	80.00000000
29	61	1	84.00000000	80.00000000
29	62	1	84.00000000	80.00000000
29	63	1	84.00000000	80.00000000
29	64	1	84.00000000	80.00000000
29	65	1	84.00000000	80.00000000
29	66	1	84.00000000	80.00000000
29	67	1	84.00000000	80.00000000
29	68	1	84.00000000	80.00000000
29	69	1	84.00000000	80.00000000
29	70	1	84.00000000	80.00000000
29	71	1	84.00000000	80.00000000
29	72	1	84.00000000	80.00000000
29	73	1	84.00000000	80.00000000
29	74	1	84.00000000	80.00000000
29	75	1	84.00000000	80.00000000
29	76	1	84.00000000	80.00000000
29	77	1	84.00000000	80.00000000
29	78	1	84.00000000	80.00000000
29	79	1	84.00000000	80.00000000
29	80	1	84.00000000	80.00000000
29	81	1	84.00000000	80.00000000
29	82	1	84.00000000	80.00000000
29	83	1	84.00000000	80.00000000
29	84	1	84.00000000	80.00000000
29	85	1	84.00000000	80.00000000
29	86	1	84.00000000	80.00000000
29	87	1	84.00000000	80.00000000
29	88	1	84.00000000	80.00000000
29	89	1	84.00000000	80.00000000
29	90	1	84.00000000	80.00000000
29	91	1	84.00000000	80.00000000
29	92	1	84.00000000	80.00000000
29	93	1	84.00000000	80.00000000
29	94	1	84.00000000	80.00000000
29	95	1	84.00000000	80.00000000
29	96	1	84.00000000	80.00000000
29	97	1	84.00000000	80.00000000
29	98	1	84.00000000	80.00000000
29	99	1	84.00000000	80.00000000
29	100	1	84.00000000	80.00000000
29	101	1	84.00000000	80.00000000
29	102	1	84.00000000	80.00000000
29	103	1	84.00000000	80.00000000
29	104	1	84.00000000	80.00000000
29	105	1	84.00000000	80.00000000
29	106	1	84.00000000	80.00000000
29	107	1	84.00000000	80.00000000
29	108	1	84.00000000	80.00000000
29	109	1	84.00000000	80.00000000
29	110	1	84.00000000	80.00000000
29	111	1	84.00000000	80.00000000
29	112	1	84.00000000	80.00000000
29	113	1	84.00000000	80.00000000
29	114	1	84.00000000	80.00000000
29	115	1	84.00000000	80.00000000
29	116	1	84.00000000	80.00000000
29	117	1	84.00000000	80.00000000
29	118	1	84.00000000	80.00000000
29	119	1	84.00000000	80.00000000
29	120	1	84.00000000	80.00000000
29	121	1	84.00000000	80.00000000
29	122	1	84.00000000	80.00000000
29	123	1	84.00000000	80.00000000
29	124	1	84.00000000	80.00000000
29	125	1	84.00000000	80.00000000
29	126	1	84.00000000	80.00000000
29	127	1	84.00000000	80.00000000
29	128	1	84.00000000	80.00000000
29	129	1	84.00000000	80.00000000
30	0	1	84.00000000	80.00000000
30	1	1	84.00000000	80.00000000
30	2	1	84.00000000	80.00000000
30	3	1	84.00000000	80.00000000
30	4	1	84.00000000	80.00000000
30	5	1	84.00000000	80.00000000
30	6	1	84.00000000	80.00000000
30	7	1	84.00000000	80.00000000
30	8	1	84.00000000	80.00000000
30	9	1	84.00000000	80.00000000
30	10	1	84.00000000	80.00000000
30	11	1	84.00000000	80.00000000
30	12	1	84.00000000	80.00000000
30	13	1	84.00000000	80.00000000
30	14	1	84.00000000	80.00000000
30	15	1	84.00000000	80.00000000
30	16	1	84.00000000	80.00000000
30	17	1	84.00000000	80.00000000
30	18	1	84.00000000	80.00000000
30	19	1	84.00000000	80.00000000
30	20	1	84.00000000	80.00000000
30	21	1	84.00000000	80.00000000
30	22	1	84.00000000	80.00000000
30	23	1	84.00000000	80.00000000
30	24	1	84.00000000	80.00000000
30	25	1	84.00000000	80.00000000
30	26	1	84.00000000	80.00000000
30	27	1	84.00000000	80.00000000
30	28	1	84.00000000	80.00000000
30	29	1	84.00000000	80.00000000
30	30	1	84.00000000	80.00000000
30	31	1	84.00000000	80.00000000
30	32	1	84.00000000	80.00000000
30	33	1	84.00000000	80.00000000
30	34	1	84.00000000	80.00000000
30	35	1	84.00000000	80.00000000
30	36	1	84.00000000	80.00000000
30	37	1	84.00000000	80.00000000
30	38	1	84.00000000	80.00000000
30	39	1	84.00000000	80.00000000
30	40	1	84.00000000	80.00000000
30	41	1	84.00000000	80.00000000
30	42	1	84.00000000	80.00000000
30	43	1	84.00000000	80.00000000
30	44	1	84.00000000	80.00000000
30	45	1	84.00000000	80.00000000
30	46	1	84.00000000	80.00000000
30	47	1	84.00000000	80.00000000
30	48	1	84.00000000	80.00000000
30	49	1	84.00000000	80.00000000
30	50	1	84.00000000	80.00000000
30	51	1	84.00000000	80.00000000
30	52	1	84.00000000	80.00000000
30	53	1	84.00000000	80.00000000
30	54	1	84.00000000	80.00000000
30	55	1	84.00000000	80.00000000
30	56	1	84.00000000	80.00000000
30	57	1	84.00000000	80.00000000
30	58	1	84.00000000	80.00000000
30	59	1	84.00000000	80.00000000
30	60	1	84.00000000	80.00000000
30	61	1	84.00000000	80.00000000
30	62	1	84.00000000	80.00000000
30	63	1	84.00000000	80.00000000
30	64	1	84.00000000	80.00000000
30	65	1	84.00000000	80.00000000
30	66	1	84.00000000	80.00000000
30	67	1	84.00000000	80.00000000
30	68	1	84.00000000	80.00000000
30	69	1	84.00000000	80.00000000
30	70	1	84.00000000	80.00000000
30	71	1	84.00000000	80.00000000
30	72	1	84.00000000	80.00000000
30	73	1	84.00000000	80.00000000
30	74	1	84.00000000	80.00000000
30	75	1	84.00000000	80.00000000
30	76	1	84.00000000	80.00000000
30	77	1	84.00000000	80.00000000
30	78	1	84.00000000	80.00000000
30	79	1	84.00000000	80.00000000
30	80	1	84.00000000	80.00000000
30	81	1	84.00000000	80.00000000
30	82	1	84.00000000	80.00000000
30	83	1	84.00000000	80.00000000
30	84	1	84.00000000	80.00000000
30	85	1	84.00000000	80.00000000
30	86	1	84.00000000	80.00000000
30	87	1	84.00000000	80.00000000
30	88	1	84.00000000	80.00000000
30	89	1	84.00000000	80.00000000
30	90	1	84.00000000	80.00000000
30	91	1	84.00000000	80.00000000
30	92	1	84.00000000	80.00000000
30	93	1	84.00000000	80.00000000
30	94	1	84.00000000	80.00000000
30	95	1	84.00000000	80.00000000
30	96	1	84.00000000	80.00000000
30	97	1	84.00000000	80.00000000
30	98	1	84.00000000	80.00000000
30	99	1	84.00000000	80.00000000
30	100	1	84.00000000	80.00000000
30	101	1	84.00000000	80.00000000
30	102	1	84.00000000	80.00000000
30	103	1	84.00000000	80.00000000
30	104	1	84.00000000	80.00000000
30	105	1	84.00000000	80.00000000
30	106	1	84.00000000	80.00000000
30	107	1	84.00000000	80.00000000
31	0	1	84.00000000	80.00000000
31	1	1	84.00000000	80.00000000
31	2	1	84.00000000	80.00000000
31	3	1	84.00000000	80.00000000
31	4	1	84.00000000	80.00000000
31	5	1	84.00000000	80.00000000
31	6	1	84.00000000	80.00000000
31	7	1	84.00000000	80.00000000
31	8	1	84.00000000	80.00000000
31	9	1	84.00000000	80.00000000
31	10	1	84.00000000	80.00000000
31	11	1	84.00000000	80.00000000
31	12	1	84.00000000	80.00000000
31	13	1	84.00000000	80.00000000
31	14	1	84.00000000	80.00000000
31	15	1	84.00000000	80.00000000
31	16	1	84.00000000	80.00000000
31	17	1	84.00000000	80.00000000
31	18	1	84.00000000	80.00000000
31	19	1	84.00000000	80.00000000
31	20	1	84.00000000	80.00000000
31	21	1	84.00000000	80.00000000
31	22	1	84.00000000	80.00000000
31	23	1	84.00000000	80.00000000
31	24	1	84.00000000	80.00000000
31	25	1	84.00000000	80.00000000
31	26	1	84.00000000	80.00000000
31	27	1	84.00000000	80.00000000
31	28	1	84.00000000	80.00000000
31	29	1	84.00000000	80.00000000
31	30	1	84.00000000	80.00000000
31	31	1	84.00000000	80.00000000
31	32	1	84.00000000	80.00000000
31	33	1	84.00000000	80.00000000
31	34	1	84.00000000	80.00000000
31	35	1	84.00000000	80.00000000
31	36	1	84.00000000	80.00000000
31	37	1	84.00000000	80.00000000
31	38	1	84.00000000	80.00000000
31	39	1	84.00000000	80.00000000
31	40	1	84.00000000	80.00000000
31	41	1	84.00000000	80.00000000
31	42	1	84.00000000	80.00000000
31	43	1	84.00000000	80.00000000
31	44	1	84.00000000	80.00000000
31	45	1	84.00000000	80.00000000
31	46	1	84.00000000	80.00000000
31	47	1	84.00000000	80.00000000
31	48	1	84.00000000	80.00000000
31	49	1	84.00000000	80.00000000
31	50	1	84.00000000	80.00000000
31	51	1	84.00000000	80.00000000
31	52	1	84.00000000	80.00000000
31	53	1	84.00000000	80.00000000
31	54	1	84.00000000	80.00000000
31	55	1	84.00000000	80.00000000
31	56	1	84.00000000	80.00000000
31	57	1	84.00000000	80.00000000
31	58	1	84.00000000	80.00000000
31	59	1	84.00000000	80.00000000
31	60	1	84.00000000	80.00000000
31	61	1	84.00000000	80.00000000
31	62	1	84.00000000	80.00000000
31	63	1	84.00000000	80.00000000
31	64	1	84.00000000	80.00000000
31	65	1	84.00000000	80.00000000
31	66	1	84.00000000	80.00000000
31	67	1	84.00000000	80.00000000
31	68	1	84.00000000	80.00000000
31	69	1	84.00000000	80.00000000
31	70	1	84.00000000	80.00000000
31	71	1	84.00000000	80.00000000
31	72	1	84.00000000	80.00000000
31	73	1	84.00000000	80.00000000
31	74	1	84.00000000	80.00000000
31	75	1	84.00000000	80.00000000
31	76	1	84.00000000	80.00000000
31	77	1	84.00000000	80.00000000
31	78	1	84.00000000	80.00000000
31	79	1	84.00000000	80.00000000
31	80	1	84.00000000	80.00000000
31	81	1	84.00000000	80.00000000
31	82	1	84.00000000	80.00000000
31	83	1	84.00000000	80.00000000
31	84	1	84.00000000	80.00000000
31	85	1	84.00000000	80.00000000
31	86	1	84.00000000	80.00000000
31	87	1	84.00000000	80.00000000
31	88	1	84.00000000	80.00000000
31	89	1	84.00000000	80.00000000
########################################
# TPC Y : y = (ct-p0)*p1               #
########################################
0	0	2	-1254.43237003	0.05500000
0	1	2	-1268.91911934	0.05500000
0	2	2	-1282.69261595	0.05500000
0	3	2	-1248.72339330	0.05500000
0	4	2	-1256.03326621	0.05500000
0	5	2	-1269.85482688	0.05500000
0	6	2	-1262.24038731	0.05500000
0	7	2	-1282.71670715	0.05500000
0	8	2	-1306.08078261	0.05500000
0	9	2	-1236.04571096	0.05500000
0	10	2	-1270.50899850	0.05500000
0	11	2	-1320.59347341	0.05500000
0	12	2	-1260.11746754	0.05500000
0	13	2	-1267.90190691	0.05500000
0	14	2	-1275.31472120	0.05500000
0	15	2	-1267.50118849	0.05500000
0	16	2	-1273.24765025	0.05500000
0	17	2	-1236.36363600	0.05500000
0	18	2	-1291.69531791	0.05500000
0	19	2	-1245.37933898	0.05500000
0	20	2	-1301.57280799	0.05500000
0	21	2	-1259.01641143	0.05500000
0	22	2	-1286.51035068	0.05500000
0	23	2	-1245.51777456	0.05500000
0	24	2	-1259.00029455	0.05500000
0	25	2	-1242.05090209	0.05500000
0	26	2	-1268.63740222	0.05500000
0	27	2	-1280.96649658	0.05500000
0	28	2	-1243.01755868	0.05500000
0	29	2	-1251.73390883	0.05500000
0	30	2	-1264.15736092	0.05500000
0	31	2	-1217.36756209	0.05500000
0	32	2	-1271.16113437	0.05500000
0	33	2	-1243.35625959	0.05500000
0	34	2	-1278.23526505	0.05500000
0	35	2	-1256.60670679	0.05500000
0	36	2	-1262.28396639	0.05500000
0	37	2	-1245.99857556	0.05500000
0	38	2	-1305.70047682	0.05500000
0	39	2	-1246.27786090	0.05500000
0	40	2	-1221.86363329	0.05500000
0	41	2	-1250.02243639	0.05500000
0	42	2	-1262.22922846	0.05500000
0	43	2	-1267.14656641	0.05500000
0	44	2	-1268.57779342	0.05500000
0	45	2	-1257.25583227	0.05500000
0	46	2	-1261.44991249	0.05500000
0	47	2	-1243.03835676	0.05500000
1	0	2	-1248.02719943	0.05500000
1	1	2	-1268.37220135	0.05500000
1	2	2	-1248.02356560	0.05500000
1	3	2	-1278.63855739	0.05500000
1	4	2	-1252.43685331	0.05500000
1	5	2	-1272.03077917	0.05500000
1	6	2	-1254.03824348	0.05500000
1	7	2	-1258.02345883	0.05500000
1	8	2	-1268.50590738	0.05500000
1	9	2	-1215.38722365	0.05500000
1	10	2	-1282.04892281	0.05500000
1	11	2	-1233.47542702	0.05500000
1	12	2	-1263.20836418	0.05500000
1	13	2	-1308.92442411	0.05500000
1	14	2	-1262.56139894	0.05500000
1	15	2	-1265.14111259	0.05500000
1	16	2	-1280.80314587	0.05500000
1	17	2	-1247.23263592	0.05500000
1	18	2	-1256.82065739	0.05500000
1	19	2	-1272.47360895	0.05500000
1	20	2	-1244.81775053	0.05500000
1	21	2	-1263.04619175	0.05500000
1	22	2	-1260.81486298	0.05500000
1	23	2	-1262.45469725	0.05500000
1	24	2	-1244.96165401	0.05500000
1	25	2	-1269.00262291	0.05500000
1	26	2	-1275.50722594	0.05500000
1	27	2	-1251.90300932	0.05500000
1	28	2	-1260.07663020	0.05500000
1	29	2	-1268.92168599	0.05500000
1	30	2	-1230.55034964	0.05500000
1	31	2	-1277.69057782	0.05500000
1	32	2	-1242.27277068	0.05500000
1	33	2	-1281.20807586	0.05500000
1	34	2	-1254.50890803	0.05500000
1	35	2	-1270.23779745	0.05500000
1	36	2	-1264.34581882	0.05500000
1	37	2	-1283.48541199	0.05500000
1	38	2	-1254.53415590	0.05500000
1	39	2	-1273.02841042	0.05500000
1	40	2	-1273.61241734	0.05500000
1	41	2	-1266.61206613	0.05500000
1	42	2	-1266.62597724	0.05500000
1	43	2	-1261.43967291	0.05500000
1	44	2	-1274.76614806	0.05500000
1	45	2	-1263.70783848	0.05500000
1	46	2	-1268.32255169	0.05500000
1	47	2	-1257.18572209	0.05500000
2	0	2	-1255.76019331	0.05500000
2	1	2	-1272.58734662	0.05500000
2	2	2	-1263.19267701	0.05500000
2	3	2	-1259.33120291	0.05500000
2	4	2	-1272.96484459	0.05500000
2	5	2	-1247.66530945	0.05500000
2	6	2	-1280.32958969	0.05500000
2	7	2	-1250.94911329	0.05500000
2	8	2	-1281.57463283	0.05500000
2	9	2	-1260.34071606	0.05500000
2	10	2	-1306.58640377	0.05500000
2	11	2	-1261.64572390	0.05500000
2	12	2	-1249.55973136	0.05500000
2	13	2	-1255.41372996	0.05500000
2	14	2	-1311.78831174	0.05500000
2	15	2	-1278.88692200	0.05500000
2	16	2	-1252.40038395	0.05500000
2	17	2	-1263.68388577	0.05500000
2	18	2	-1318.59538089	0.05500000
2	19	2	-1239.45469825	0.05500000
2	20	2	-1257.96278747	0.05500000
2	21	2	-1282.82018728	0.05500000
2	22	2	-1289.73892972	0.05500000
2	23	2	-1241.85456563	0.05500000
2	24	2	-1307.72110424	0.05500000
2	25	2	-1260.48371308	0.05500000
2	26	2	-1275.07420429	0.05500000
2	27	2	-1276.31953132	0.05500000
2	28	2	-1270.51191439	0.05500000
2	29	2	-1268.43747323	0.05500000
2	30	2	-1267.19508459	0.05500000
2	31	2	-1265.41962439	0.05500000
2	32	2	-1272.29917245	0.05500000
2	33	2	-1251.46290616	0.05500000
2	34	2	-1282.58737408	0.05500000
2	35	2	-1257.20215723	0.05500000
2	36	2	-1263.53901149	0.05500000
2	37	2	-1245.70657255	0.05500000
2	38	2	-1267.15903656	0.05500000
2	39	2	-1240.79042194	0.05500000
2	40	2	-1264.00359270	0.05500000
2	41	2	-1260.93711587	0.05500000
2	42	2	-1254.66548241	0.05500000
2	43	2	-1239.21930762	0.05500000
2	44	2	-1254.87052965	0.05500000
2	45	2	-1278.43969090	0.05500000
2	46	2	-1261.11649479	0.05500000
2	47	2	-1246.44113875	0.05500000
2	48	2	-1292.25645817	0.05500000
2	49	2	-1249.51495768	0.05500000
2	50	2	-1272.31388005	0.05500000
2	51	2	-1255.57795869	0.05500000
2	52	2	-1264.53908538	0.05500000
2	53	2	-1266.39993871	0.05500000
2	54	2	-1251.84118638	0.05500000
2	55	2	-1258.67133231	0.05500000
2	56	2	-1273.85221948	0.05500000
2	57	2	-1256.84444727	0.05500000
2	58	2	-1282.27704393	0.05500000
2	59	2	-1231.90702962	0.05500000
2	60	2	-1276.45466209	0.05500000
2	61	2	-1280.49919152	0.05500000
2	62	2	-1240.84054276	0.05500000
2	63	2	-1265.45068449	0.05500000
2	64	2	-1277.32405217	0.05500000
2	65	2	-1255.08930390	0.05500000
2	66	2	-1281.51968248	0.05500000
2	67	2	-1251.53348553	0.05500000
2	68	2	-1258.49511175	0.05500000
2	69	2	-1261.23320474	0.05500000
2	70	2	-1256.60428895	0.05500000
2	71	2	-1254.45999987	0.05500000
3	0	2	-1249.22946940	0.05500000
3	1	2	-1269.51902333	0.05500000
3	2	2	-1257.90878458	0.05500000
3	3	2	-1246.84491534	0.05500000
3	4	2	-1273.08570601	0.05500000
3	5	2	-1247.68408201	0.05500000
3	6	2	-1282.95908456	0.05500000
3	7	2	-1269.77459762	0.05500000
3	8	2	-1263.91399775	0.05500000
3	9	2	-1264.35246075	0.05500000
3	10	2	-1265.53930909	0.05500000
3	11	2	-1258.85461017	0.05500000
3	12	2	-1263.74735107	0.05500000
3	13	2	-1303.44331874	0.05500000
3	14	2	-1257.23410253	0.05500000
3	15	2	-1236.36363600	0.05500000
3	16	2	-1274.78066189	0.05500000
3	17	2	-1286.45604967	0.05500000
3	18	2	-1261.71688413	0.05500000
3	19	2	-1256.68416600	0.05500000
3	20	2	-1276.13027873	0.05500000
3	21	2	-1286.18025005	0.05500000
3	22	2	-1256.28372319	0.05500000
3	23	2	-1263.12091151	0.05500000
3	24	2	-1263.21284760	0.05500000
3	25	2	-1248.49078430	0.05500000
3	26	2	-1327.63218543	0.05500000
3	27	2	-1282.75628805	0.05500000
3	28	2	-1259.32179902	0.05500000
3	29	2	-1279.56876951	0.05500000
3	30	2	-1278.73962305	0.05500000
3	31	2	-1252.70183314	0.05500000
3	32	2	-1280.96815154	0.05500000
3	33	2	-1264.49435414	0.05500000
3	34	2	-1290.29983966	0.05500000
3	35	2	-1253.49272267	0.05500000
3	36	2	-1301.46362796	0.05500000
3	37	2	-1239.86073309	0.05500000
3	38	2	-1280.15333377	0.05500000
3	39	2	-1256.84222817	0.05500000
3	40	2	-1263.49443445	0.05500000
3	41	2	-1266.75634693	0.05500000
3	42	2	-1270.86997189	0.05500000
3	43	2	-1261.09413427	0.05500000
3	44	2	-1259.28730558	0.05500000
3	45	2	-1257.80682482	0.05500000
3	46	2	-1259.80678056	0.05500000
3	47	2	-1258.65955096	0.05500000
3	48	2	-1261.59786839	0.05500000
3	49	2	-1251.46117526	0.05500000
3	50	2	-1264.29701057	0.05500000
3	51	2	-1251.04768217	0.05500000
3	52	2	-1246.54310676	0.05500000
3	53	2	-1273.83398170	0.05500000
3	54	2	-1235.83522624	0.05500000
3	55	2	-1261.61286641	0.05500000
3	56	2	-1255.47811119	0.05500000
3	57	2	-1251.09463749	0.05500000
3	58	2	-1316.41125687	0.05500000
3	59	2	-1251.57088060	0.05500000
3	60	2	-1266.57427884	0.05500000
3	61	2	-1261.34573819	0.05500000
3	62	2	-1247.51999722	0.05500000
3	63	2	-1307.35595717	0.05500000
3	64	2	-1258.94779814	0.05500000
3	65	2	-1216.46388995	0.05500000
3	66	2	-1270.90139397	0.05500000
3	67	2	-1265.89266762	0.05500000
3	68	2	-1274.51601433	0.05500000
3	69	2	-1255.34359277	0.05500000
3	70	2	-1261.10267771	0.05500000
3	71	2	-1260.39227716	0.05500000
3	72	2	-1269.06640047	0.05500000
3	73	2	-1267.70485601	0.05500000
3	74	2	-1267.66632343	0.05500000
3	75	2	-1273.84343796	0.05500000
3	76	2	-1251.67314082	0.05500000
3	77	2	-1275.17915582	0.05500000
3	78	2	-1279.31434767	0.05500000
3	79	2	-1271.12822495	0.05500000
3	80	2	-1249.15390863	0.05500000
3	81	2	-1271.38421315	0.05500000
3	82	2	-1268.76518012	0.05500000
3	83	2	-1257.80475339	0.05500000
3	84	2	-1271.36041494	0.05500000
3	85	2	-1258.43434578	0.05500000
3	86	2	-1255.96502046	0.05500000
3	87	2	-1264.52795852	0.05500000
3	88	2	-1272.35532764	0.05500000
3	89	2	-1262.46029949	0.05500000
3	90	2	-1275.09825745	0.05500000
3	91	2	-1259.17285774	0.05500000
3	92	2	-1257.38073982	0.05500000
3	93	2	-1263.77739060	0.05500000
3	94	2	-1266.24396920	0.05500000
3	95	2	-1250.85552617	0.05500000
4	0	2	-1225.85562541	0.05500000
4	1	2	-1233.88549665	0.05500000
4	2	2	-1236.20777441	0.05500000
4	3	2	-1221.00202849	0.05500000
4	4	2	-1233.61718519	0.05500000
4	5	2	-1233.34948463	0.05500000
4	6	2	-1238.09211516	0.05500000
4	7	2	-1238.51214596	0.05500000
4	8	2	-1242.70407124	0.05500000
4	9	2	-1232.60440030	0.05500000
4	10	2	-1241.32711368	0.05500000
4	11	2	-1217.11338031	0.05500000
4	12	2	-1256.88534995	0.05500000
4	13	2	-1209.66221183	0.05500000
4	14	2	-1254.20273758	0.05500000
4	15	2	-1231.69264534	0.05500000
4	16	2	-1258.48049122	0.05500000
4	17	2	-1240.94468029	0.05500000
4	18	2	-1268.64981760	0.05500000
4	19	2	-1228.80318979	0.05500000
4	20	2	-1253.23327898	0.05500000
4	21	2	-1227.43648346	0.05500000
4	22	2	-1240.97852986	0.05500000
4	23	2	-1262.93577676	0.05500000
4	24	2	-1244.10988065	0.05500000
4	25	2	-1246.28483797	0.05500000
4	26	2	-1260.67451592	0.05500000
4	27	2	-1239.82124257	0.05500000
4	28	2	-1244.22500296	0.05500000
4	29	2	-1260.31650077	0.05500000
4	30	2	-1248.54781527	0.05500000
4	31	2	-1238.73247424	0.05500000
4	32	2	-1311.15973229	0.05500000
4	33	2	-1250.20598718	0.05500000
4	34	2	-1260.97320858	0.05500000
4	35	2	-1227.64992132	0.05500000
4	36	2	-1267.30120307	0.05500000
4	37	2	-1258.75291432	0.05500000
4	38	2	-1258.44472122	0.05500000
4	39	2	-1250.18454777	0.05500000
4	40	2	-1253.51294773	0.05500000
4	41	2	-1230.80000113	0.05500000
4	42	2	-1296.42490966	0.05500000
4	43	2	-1217.66452275	0.05500000
4	44	2	-1253.63892934	0.05500000
4	45	2	-1258.91953535	0.05500000
4	46	2	-1236.47757366	0.05500000
4	47	2	-1276.96779716	0.05500000
4	48	2	-1237.17365077	0.05500000
4	49	2	-1249.83366407	0.05500000
4	50	2	-1257.51485468	0.05500000
4	51	2	-1237.79372560	0.05500000
4	52	2	-1247.62176709	0.05500000
4	53	2	-1245.88716399	0.05500000
4	54	2	-1238.45461697	0.05500000
4	55	2	-1241.13665765	0.05500000
4	56	2	-1232.17177480	0.05500000
4	57	2	-1237.10333892	0.05500000
4	58	2	-1232.14036196	0.05500000
4	59	2	-1227.82212113	0.05500000
4	60	2	-1284.91384531	0.05500000
4	61	2	-1258.73163813	0.05500000
4	62	2	-1215.37287637	0.05500000
4	63	2	-1234.11449652	0.05500000
4	64	2	-1272.21838079	0.05500000
4	65	2	-1230.53904688	0.05500000
4	66	2	-1295.18153048	0.05500000
4	67	2	-1241.60628482	0.05500000
4	68	2	-1277.47788975	0.05500000
4	69	2	-1305.04670992	0.05500000
4	70	2	-1263.34353975	0.05500000
4	71	2	-1262.47712254	0.05500000
4	72	2	-1277.86691338	0.05500000
4	73	2	-1287.23574870	0.05500000
4	74	2	-1272.29054545	0.05500000
4	75	2	-1254.59734748	0.05500000
4	76	2	-1296.43563416	0.05500000
4	77	2	-1260.47684341	0.05500000
4	78	2	-1284.17543414	0.05500000
4	79	2	-1266.71692414	0.05500000
4	80	2	-1276.57387073	0.05500000
4	81	2	-1267.56114615	0.05500000
4	82	2	-1263.15357860	0.05500000
4	83	2	-1289.29693198	0.05500000
4	84	2	-1281.30741668	0.05500000
4	85	2	-1242.43324675	0.05500000
4	86	2	-1271.96973528	0.05500000
4	87	2	-1270.32708220	0.05500000
4	88	2	-1277.46086619	0.05500000
4	89	2	-1257.73788722	0.05500000
4	90	2	-1294.28662187	0.05500000
4	91	2	-1269.28353396	0.05500000
4	92	2	-1269.36486273	0.05500000
4	93	2	-1280.56584620	0.05500000
4	94	2	-1288.28341603	0.05500000
4	95	2	-1269.60792976	0.05500000
4	96	2	-1287.66025740	0.05500000
4	97	2	-955.44028548	0.05500000
4	98	2	-1283.75596116	0.05500000
4	99	2	-1266.38519638	0.05500000
4	100	2	-1248.89829580	0.05500000
4	101	2	-1238.87427464	0.05500000
4	102	2	-1253.15770604	0.05500000
4	103	2	-1226.57792317	0.05500000
4	104	2	-1225.94722741	0.05500000
4	105	2	-1234.28283523	0.05500000
4	106	2	-1236.85937342	0.05500000
4	107	2	-1238.49315850	0.05500000
4	108	2	-1232.44881812	0.05500000
4	109	2	-1230.64896452	0.05500000
4	110	2	-1222.78930786	0.05500000
4	111	2	-1240.26049969	0.05500000
4	112	2	-1238.22306777	0.05500000
4	113	2	-1243.83913280	0.05500000
4	114	2	-1221.04207246	0.05500000
4	115	2	-1239.74606055	0.05500000
4	116	2	-1221.35853723	0.05500000
4	117	2	-1268.18891929	0.05500000
4	118	2	-1227.99685580	0.05500000
4	119	2	-1227.65237678	0.05500000
5      0      2    -1219.53398287        0.05491608
5      1      2    -1232.24017651        0.05491608
5      2      2    -1230.08762916        0.05491608
5      3      2    -1231.01612125        0.05491608
5      4      2    -1237.50838231        0.05491608
5      5      2    -1241.71183696        0.05491608
5      6      2    -1224.31561153        0.05491608
5      7      2    -1327.74773000        0.05491608
5      8      2    -1227.86102007        0.05491608
5      9      2    -1206.55920691        0.05491608
5     10      2    -1225.47466439        0.05491608
5     11      2    -1244.70236872        0.05491608
5     12      2    -1272.59093344        0.05491608
5     13      2    -1243.22701575        0.05491608
5     14      2    -1243.63616329        0.05491608
5     15      2    -1221.77212752        0.05491608
5     16      2    -1186.26913022        0.05491608
5     17      2    -1220.65251585        0.05491608
5     18      2    -1168.95332293        0.05491608
5     19      2    -1213.32273582        0.05491608
5     20      2    -1223.87468210        0.05491608
5     21      2    -1222.36568357        0.05491608
5     22      2    -1202.80660456        0.05491608
5     23      2    -1226.35642431        0.05491608
5     24      2    -1214.35714675        0.05491608
5     25      2    -1215.66360093        0.05491608
5     26      2    -1174.68567444        0.05491608
5     27      2    -1198.20746137        0.05491608
5     28      2    -1201.07904848        0.05491608
5     29      2    -1251.83306176        0.05491608
5     30      2    -1238.79106564        0.05491608
5     31      2    -1255.26465942        0.05491608
5     32      2    -1249.21201843        0.05491608
5     33      2    -1243.12688220        0.05491608
5     34      2    -1232.69764741        0.05491608
5     35      2    -1234.41631244        0.05491608
5     36      2    -1240.60560655        0.05491608
5     37      2    -1219.47170909        0.05491608
5     38      2    -1238.08717520        0.05491608
5     39      2    -1238.48967248        0.05491608
5     40      2    -1189.44917916        0.05491608
5     41      2    -1220.81886546        0.05491608
5     42      2    -1188.68839893        0.05491608
5     43      2    -1168.48626083        0.05491608
5     44      2    -1168.52099871        0.05491608
5     45      2    -1153.64514361        0.05491608
5     46      2    -1166.59346813        0.05491608
5     47      2    -1183.40654558        0.05491608
5     48      2    -1174.84262783        0.05491608
5     49      2    -1170.44269222        0.05491608
5     50      2    -1173.98112973        0.05491608
5     51      2    -1178.94702404        0.05491608
5     52      2    -1203.06274658        0.05491608
5     53      2    -1225.45025834        0.05491608
5     54      2    -1216.02097367        0.05491608
5     55      2    -1238.12181926        0.05491608
5     56      2    -1238.73572295        0.05491608
5     57      2    -1185.38981458        0.05491608
5     58      2    -1182.21386245        0.05491608
5     59      2    -1171.88852599        0.05491608
5     60      2    -1197.64930997        0.05491608
5     61      2    -1219.77742979        0.05491608
5     62      2    -1216.40948420        0.05491608
5     63      2    -1219.86101546        0.05491608
5     64      2    -1207.58642238        0.05491608
5     65      2    -1229.29906428        0.05491608
5     66      2    -1218.76347928        0.05491608
5     67      2    -1240.08426270        0.05491608
5     68      2    -1228.31925874        0.05491608
5     69      2    -1220.32677318        0.05491608
5     70      2    -1211.80539395        0.05491608
5     71      2    -1220.64879836        0.05491608
5     72      2    -1248.94123305        0.05491608
5     73      2    -1264.76116554        0.05491608
5     74      2    -1248.58550779        0.05491608
5     75      2    -1265.73723025        0.05491608
5     76      2    -1250.10420930        0.05491608
5     77      2    -1258.57397297        0.05491608
5     78      2    -1243.75711047        0.05491608
5     79      2    -1259.52117527        0.05491608
5     80      2    -1234.55754691        0.05491608
5     81      2    -1263.00822727        0.05491608
5     82      2    -1236.32150663        0.05491608
5     83      2    -1265.26720702        0.05491608
5     84      2    -1245.31364598        0.05491608
5     85      2    -1258.05237239        0.05491608
5     86      2    -1274.07659071        0.05491608
5     87      2    -1253.41952148        0.05491608
5     88      2    -1256.26476769        0.05491608
5     89      2    -1255.09021938        0.05491608
5     90      2    -1239.80668127        0.05491608
5     91      2    -1258.62510710        0.05491608
5     92      2    -1239.69331704        0.05491608
5     93      2    -1274.20126030        0.05491608
5     94      2    -1245.08052673        0.05491608
5     95      2    -1268.59853365        0.05491608
5     96      2    -1248.71616907        0.05491608
5     97      2    -1269.52005773        0.05491608
5     98      2    -1242.31001105        0.05491608
5     99      2    -1270.33672569        0.05491608
5    100      2    -1248.95753999        0.05491608
5    101      2    -1272.31684200        0.05491608
5    102      2    -1246.84243028        0.05491608
5    103      2    -1264.00552394        0.05491608
5    104      2    -1246.52739564        0.05491608
5    105      2    -1265.81262028        0.05491608
5    106      2    -1244.28041087        0.05491608
5    107      2    -1270.10237881        0.05491608
5    108      2    -1254.50371230        0.05491608
5    109      2    -1269.86381759        0.05491608
5    110      2    -1250.67151446        0.05491608
5    111      2    -1272.09976615        0.05491608
5    112      2    -1257.54847951        0.05491608
5    113      2    -1270.52139588        0.05491608
5    114      2    -1254.99746883        0.05491608
5    115      2    -1274.34587481        0.05491608
5    116      2    -1254.39718727        0.05491608
5    117      2    -1280.39268059        0.05491608
5    118      2    -1250.56126903        0.05491608
5    119      2    -1269.34458285        0.05491608
5    120      2    -1227.82478652        0.05491608
5    121      2    -1223.47014438        0.05491608
5    122      2    -1225.56366822        0.05491608
5    123      2    -1215.61941229        0.05491608
5    124      2    -1227.72193497        0.05491608
5    125      2    -1215.69969242        0.05491608
5    126      2    -1217.55529216        0.05491608
5    127      2    -1213.00342134        0.05491608
5    128      2    -1218.11623842        0.05491608
5    129      2    -1215.92119612        0.05491608
5    130      2    -1227.12479216        0.05491608
5    131      2    -1239.19044165        0.05491608
5    132      2    -1234.10633763        0.05491608
5    133      2    -1225.54940233        0.05491608
5    134      2    -1228.64207687        0.05491608
5    135      2    -1225.85823232        0.05491608
5    136      2    -1228.56342839        0.05491608
5    137      2    -1224.28600471        0.05491608
5    138      2    -1231.11835249        0.05491608
5    139      2    -1224.87110273        0.05491608
5    140      2    -1234.22245561        0.05491608
5    141      2    -1220.34249604        0.05491608
5    142      2    -1232.84114103        0.05491608
5    143      2    -1224.89263873        0.05491608
6      0      2    -1265.31773051        0.05492939
6      1      2    -1261.28797359        0.05492939
6      2      2    -1254.76755427        0.05492939
6      3      2    -1258.20761906        0.05492939
6      4      2    -1260.10366176        0.05492939
6      5      2    -1259.82185151        0.05492939
6      6      2    -1274.07908384        0.05492939
6      7      2    -1263.55565898        0.05492939
6      8      2    -1303.05726266        0.05492939
6      9      2    -1331.57253125        0.05492939
6     10      2    -1274.99323827        0.05492939
6     11      2    -1265.21919457        0.05492939
6     12      2    -1267.55744175        0.05492939
6     13      2    -1264.01512217        0.05492939
6     14      2    -1307.33964011        0.05492939
6     15      2    -1269.70085423        0.05492939
6     16      2    -1266.92815182        0.05492939
6     17      2    -1276.01993927        0.05492939
6     18      2    -1263.95474390        0.05492939
6     19      2    -1263.25643945        0.05492939
6     20      2    -1271.59211941        0.05492939
6     21      2    -1266.99669074        0.05492939
6     22      2    -1263.91830592        0.05492939
6     23      2    -1265.88196807        0.05492939
6     24      2    -1262.50982098        0.05492939
6     25      2    -1266.04913354        0.05492939
6     26      2    -1271.15730984        0.05492939
6     27      2    -1266.68287218        0.05492939
6     28      2    -1228.88154363        0.05492939
6     29      2    -1227.99580662        0.05492939
6     30      2    -1231.93993535        0.05492939
6     31      2    -1220.42898362        0.05492939
6     32      2    -1242.40727991        0.05492939
6     33      2    -1223.38222247        0.05492939
6     34      2    -1230.10474981        0.05492939
6     35      2    -1223.70221804        0.05492939
6     36      2    -1237.84782803        0.05492939
6     37      2    -1231.68228105        0.05492939
6     38      2    -1238.88994409        0.05492939
6     39      2    -1217.01749177        0.05492939
6     40      2    -1236.36476979        0.05492939
6     41      2    -1224.10727818        0.05492939
6     42      2    -1236.65503235        0.05492939
6     43      2    -1215.28832840        0.05492939
6     44      2    -1238.79753735        0.05492939
6     45      2    -1229.01139307        0.05492939
6     46      2    -1228.32772366        0.05492939
6     47      2    -1232.40120827        0.05492939
6     48      2    -1234.01319725        0.05492939
6     49      2    -1229.80739528        0.05492939
6     50      2    -1231.72055809        0.05492939
6     51      2    -1227.24326266        0.05492939
6     52      2    -1245.32589517        0.05492939
6     53      2    -1220.19747944        0.05492939
6     54      2    -1237.98437578        0.05492939
6     55      2    -1220.83202652        0.05492939
6     56      2    -1230.68103957        0.05492939
6     57      2    -1227.38811473        0.05492939
6     58      2    -1231.11737242        0.05492939
6     59      2    -1219.02763061        0.05492939
6     60      2    -1235.00759300        0.05492939
6     61      2    -1218.26014181        0.05492939
6     62      2    -1236.99074217        0.05492939
6     63      2    -1211.79713054        0.05492939
6     64      2    -1232.59532757        0.05492939
6     65      2    -1218.03031367        0.05492939
6     66      2    -1226.79696079        0.05492939
6     67      2    -1215.75082597        0.05492939
6     68      2    -1238.57891629        0.05492939
6     69      2    -1216.01777923        0.05492939
6     70      2    -1182.80119728        0.05492939
6     71      2    -1222.42275618        0.05492939
6     72      2    -1224.62715735        0.05492939
6     73      2    -1217.10930211        0.05492939
6     74      2    -1228.90399482        0.05492939
6     75      2    -1215.80507289        0.05492939
6     76      2    -1139.83276094        0.05492939
6     77      2    -1203.21484282        0.05492939
6     78      2    -1217.85239416        0.05492939
6     79      2    -1197.95091735        0.05492939
6     80      2    -1203.66320002        0.05492939
6     81      2    -1194.20664937        0.05492939
6     82      2    -1201.63015683        0.05492939
6     83      2    -1193.15897468        0.05492939
6     84      2    -1219.33137897        0.05492939
6     85      2    -1211.07101769        0.05492939
6     86      2    -1215.86685446        0.05492939
6     87      2    -1217.09658014        0.05492939
6     88      2    -1217.55786149        0.05492939
6     89      2    -1208.06791546        0.05492939
6     90      2    -1213.63870367        0.05492939
6     91      2    -1217.20959592        0.05492939
6     92      2    -1211.17576323        0.05492939
6     93      2    -1210.00875196        0.05492939
6     94      2    -1212.58369510        0.05492939
6     95      2    -1211.38158598        0.05492939
6     96      2    -1217.76040766        0.05492939
6     97      2    -1209.64008713        0.05492939
6     98      2    -1220.88563962        0.05492939
6     99      2    -1213.24820392        0.05492939
6    100      2    -1217.61348526        0.05492939
6    101      2    -1230.18957016        0.05492939
6    102      2    -1213.09775015        0.05492939
6    103      2    -1220.38983658        0.05492939
6    104      2    -1216.67636786        0.05492939
6    105      2    -1222.34181874        0.05492939
6    106      2    -1222.89875910        0.05492939
6    107      2    -1221.43834351        0.05492939
6    108      2    -1225.95594641        0.05492939
6    109      2    -1227.61695676        0.05492939
6    110      2    -1224.24647368        0.05492939
6    111      2    -1232.59897258        0.05492939
6    112      2    -1228.32377484        0.05492939
6    113      2    -1239.88327629        0.05492939
6    114      2    -1228.65615260        0.05492939
6    115      2    -1233.62917722        0.05492939
6    116      2    -1236.10280458        0.05492939
6    117      2    -1232.55287107        0.05492939
6    118      2    -1223.88226894        0.05492939
6    119      2    -1235.62372253        0.05492939
6    120      2    -1224.31194468        0.05492939
6    121      2    -1231.61249119        0.05492939
6    122      2    -1228.31921501        0.05492939
6    123      2    -1231.98517503        0.05492939
6    124      2    -1226.74243319        0.05492939
6    125      2    -1230.70978969        0.05492939
6    126      2    -1233.23402865        0.05492939
6    127      2    -1235.08684256        0.05492939
6    128      2    -1230.25670651        0.05492939
6    129      2    -1234.90286109        0.05492939
6    130      2    -1232.12216742        0.05492939
6    131      2    -1232.31434469        0.05492939
6    132      2    -1234.00983352        0.05492939
6    133      2    -1237.18159170        0.05492939
6    134      2    -1234.38528262        0.05492939
6    135      2    -1231.26254169        0.05492939
6    136      2    -1235.23971977        0.05492939
6    137      2    -1228.24545254        0.05492939
6    138      2    -1230.68435521        0.05492939
6    139      2    -1228.96799989        0.05492939
6    140      2    -1248.66879318        0.05492939
6    141      2    -1256.80756791        0.05492939
6    142      2    -1249.40860083        0.05492939
6    143      2    -1254.07790274        0.05492939
6    144      2    -1252.53650913        0.05492939
6    145      2    -1253.85823797        0.05492939
6    146      2    -1247.40617746        0.05492939
6    147      2    -1258.46456474        0.05492939
6    148      2    -1241.75239890        0.05492939
6    149      2    -1254.81457693        0.05492939
6    150      2    -1246.55054728        0.05492939
6    151      2    -1252.66137956        0.05492939
6    152      2    -1251.95891320        0.05492939
6    153      2    -1258.18792079        0.05492939
6    154      2    -1255.43940191        0.05492939
6    155      2    -1265.36349330        0.05492939
6    156      2    -1252.08140905        0.05492939
6    157      2    -1254.48945546        0.05492939
6    158      2    -1252.06180459        0.05492939
6    159      2    -1256.44540307        0.05492939
6    160      2    -1251.26479746        0.05492939
6    161      2    -1256.49144396        0.05492939
6    162      2    -1251.47956528        0.05492939
6    163      2    -1257.63341803        0.05492939
6    164      2    -1250.91079930        0.05492939
6    165      2    -1253.59843206        0.05492939
6    166      2    -1256.94729763        0.05492939
6    167      2    -1268.67059233        0.05492939
7      0      2    -1263.38816469        0.05496392
7      1      2    -1253.43645209        0.05496392
7      2      2    -1252.32918172        0.05496392
7      3      2    -1255.23704082        0.05496392
7      4      2    -1260.75126979        0.05496392
7      5      2    -1244.79272529        0.05496392
7      6      2    -1257.11253454        0.05496392
7      7      2    -1257.25886934        0.05496392
7      8      2    -1261.04289870        0.05496392
7      9      2    -1255.86136315        0.05496392
7     10      2    -1269.86612125        0.05496392
7     11      2    -1258.14379409        0.05496392
7     12      2    -1264.74767217        0.05496392
7     13      2    -1261.16467481        0.05496392
7     14      2    -1263.04959761        0.05496392
7     15      2    -1259.11761539        0.05496392
7     16      2    -1268.31740589        0.05496392
7     17      2    -1253.54682395        0.05496392
7     18      2    -1281.35477868        0.05496392
7     19      2    -1257.90799827        0.05496392
7     20      2    -1242.15204364        0.05496392
7     21      2    -1260.01384146        0.05496392
7     22      2    -1268.84449887        0.05496392
7     23      2    -1257.07331073        0.05496392
7     24      2    -1264.11564816        0.05496392
7     25      2    -1258.26061685        0.05496392
7     26      2    -1261.00155755        0.05496392
7     27      2    -1283.70388119        0.05496392
7     28      2    -1231.89013082        0.05496392
7     29      2    -1263.26541676        0.05496392
7     30      2    -1269.88167164        0.05496392
7     31      2    -1262.81798101        0.05496392
7     32      2    -1227.59546499        0.05496392
7     33      2    -1242.91353511        0.05496392
7     34      2    -1240.99835319        0.05496392
7     35      2    -1233.68508473        0.05496392
7     36      2    -1246.24738227        0.05496392
7     37      2    -1250.72813912        0.05496392
7     38      2    -1235.42997790        0.05496392
7     39      2    -1237.28183242        0.05496392
7     40      2    -1246.46477392        0.05496392
7     41      2    -1251.16508245        0.05496392
7     42      2    -1237.43632101        0.05496392
7     43      2    -1251.64823568        0.05496392
7     44      2    -1229.54063323        0.05496392
7     45      2    -1246.36585684        0.05496392
7     46      2    -1233.28205324        0.05496392
7     47      2    -1212.49258043        0.05496392
7     48      2    -1271.74989217        0.05496392
7     49      2    -1216.25199026        0.05496392
7     50      2    -1231.54094800        0.05496392
7     51      2    -1232.41660215        0.05496392
7     52      2    -1264.63919316        0.05496392
7     53      2    -1216.06954925        0.05496392
7     54      2    -1246.93454816        0.05496392
7     55      2    -1244.41288494        0.05496392
7     56      2    -1236.66237243        0.05496392
7     57      2    -1250.30784046        0.05496392
7     58      2    -1246.74769863        0.05496392
7     59      2    -1242.53901653        0.05496392
7     60      2    -1242.35354510        0.05496392
7     61      2    -1246.30493044        0.05496392
7     62      2    -1239.15907169        0.05496392
7     63      2    -1254.43303830        0.05496392
7     64      2    -1237.04191638        0.05496392
7     65      2    -1242.69638034        0.05496392
7     66      2    -1240.02376987        0.05496392
7     67      2    -1241.64304245        0.05496392
7     68      2    -1241.59981469        0.05496392
7     69      2    -1237.30135646        0.05496392
7     70      2    -1247.64333831        0.05496392
7     71      2    -1232.94127187        0.05496392
7     72      2    -1242.09864271        0.05496392
7     73      2    -1229.90865667        0.05496392
7     74      2    -1240.32574204        0.05496392
7     75      2    -1231.14816416        0.05496392
7     76      2    -1239.16508142        0.05496392
7     77      2    -1232.32815396        0.05496392
7     78      2    -1238.98645723        0.05496392
7     79      2    -1230.48666678        0.05496392
7     80      2    -1238.64319521        0.05496392
7     81      2    -1230.20157792        0.05496392
7     82      2    -1237.21525877        0.05496392
7     83      2    -1236.61184816        0.05496392
7     84      2    -1229.80068009        0.05496392
7     85      2    -1234.69459938        0.05496392
7     86      2    -1234.77547808        0.05496392
7     87      2    -1232.76745205        0.05496392
7     88      2    -1229.15373233        0.05496392
7     89      2    -1223.73035198        0.05496392
7     90      2    -1225.02288762        0.05496392
7     91      2    -1195.19107888        0.05496392
7     92      2    -1210.42820949        0.05496392
7     93      2    -1201.22275207        0.05496392
7     94      2    -1210.85712895        0.05496392
7     95      2    -1213.68895390        0.05496392
7     96      2    -1192.41816270        0.05496392
7     97      2    -1192.50521687        0.05496392
7     98      2    -1187.46373199        0.05496392
7     99      2    -1188.19504047        0.05496392
7    100      2    -1181.60199590        0.05496392
7    101      2    -1184.99863801        0.05496392
7    102      2    -1185.37356218        0.05496392
7    103      2    -1188.89163351        0.05496392
7    104      2    -1183.61857981        0.05496392
7    105      2    -1186.98930568        0.05496392
7    106      2    -1188.54729662        0.05496392
7    107      2    -1185.18808618        0.05496392
7    108      2    -1184.11613361        0.05496392
7    109      2    -1189.66148394        0.05496392
7    110      2    -1190.67894517        0.05496392
7    111      2    -1191.24761307        0.05496392
7    112      2    -1185.20073536        0.05496392
7    113      2    -1203.11699807        0.05496392
7    114      2    -1186.76960285        0.05496392
7    115      2    -1195.36228101        0.05496392
7    116      2    -1204.89684697        0.05496392
7    117      2    -1196.22176279        0.05496392
7    118      2    -1204.67630701        0.05496392
7    119      2    -1200.00349760        0.05496392
7    120      2    -1200.28355141        0.05496392
7    121      2    -1206.26666152        0.05496392
7    122      2    -1199.72135223        0.05496392
7    123      2    -1215.14687521        0.05496392
7    124      2    -1203.56314688        0.05496392
7    125      2    -1205.80026754        0.05496392
7    126      2    -1210.72638450        0.05496392
7    127      2    -1210.21797723        0.05496392
7    128      2    -1213.98852596        0.05496392
7    129      2    -1211.68067179        0.05496392
7    130      2    -1208.35983273        0.05496392
7    131      2    -1219.64131504        0.05496392
7    132      2    -1206.37209639        0.05496392
7    133      2    -1217.47560142        0.05496392
7    134      2    -1212.79870482        0.05496392
7    135      2    -1209.11225853        0.05496392
7    136      2    -1210.10667966        0.05496392
7    137      2    -1213.14314561        0.05496392
7    138      2    -1205.97287101        0.05496392
7    139      2    -1212.10587920        0.05496392
7    140      2    -1207.67005910        0.05496392
7    141      2    -1210.12338268        0.05496392
7    142      2    -1209.62888128        0.05496392
7    143      2    -1211.16306990        0.05496392
7    144      2    -1206.51758476        0.05496392
7    145      2    -1210.51965895        0.05496392
7    146      2    -1208.97802045        0.05496392
7    147      2    -1216.93655861        0.05496392
7    148      2    -1208.40952454        0.05496392
7    149      2    -1216.66357580        0.05496392
7    150      2    -1210.48292904        0.05496392
7    151      2    -1213.06023207        0.05496392
7    152      2    -1219.15620086        0.05496392
7    153      2    -1214.36182804        0.05496392
7    154      2    -1205.24438968        0.05496392
7    155      2    -1217.44357943        0.05496392
7    156      2    -1203.58096496        0.05496392
7    157      2    -1215.07284448        0.05496392
7    158      2    -1202.47860478        0.05496392
7    159      2    -1209.67054365        0.05496392
7    160      2    -1256.73622348        0.05496392
7    161      2    -1255.54966139        0.05496392
7    162      2    -1250.53740496        0.05496392
7    163      2    -1260.56858473        0.05496392
7    164      2    -1256.44718921        0.05496392
7    165      2    -1259.50310512        0.05496392
7    166      2    -1250.79830981        0.05496392
7    167      2    -1263.66672596        0.05496392
7    168      2    -1249.08423405        0.05496392
7    169      2    -1263.07099384        0.05496392
7    170      2    -1249.83828824        0.05496392
7    171      2    -1264.55960094        0.05496392
7    172      2    -1247.54677646        0.05496392
7    173      2    -1260.55653827        0.05496392
7    174      2    -1251.58907623        0.05496392
7    175      2    -1253.51089812        0.05496392
7    176      2    -1256.91251655        0.05496392
7    177      2    -1261.22536849        0.05496392
7    178      2    -1255.41261492        0.05496392
7    179      2    -1260.97833658        0.05496392
7    180      2    -1260.23434346        0.05496392
7    181      2    -1251.21725818        0.05496392
7    182      2    -1250.22292205        0.05496392
7    183      2    -1266.68168554        0.05496392
7    184      2    -1259.99111654        0.05496392
7    185      2    -1258.80943921        0.05496392
7    186      2    -1258.18265468        0.05496392
7    187      2    -1257.76490384        0.05496392
7    188      2    -1245.62476676        0.05496392
7    189      2    -1242.82462263        0.05496392
7    190      2    -1251.32570928        0.05496392
7    191      2    -1256.59156362        0.05496392
8      0      2    -1234.81369875        0.05497395
8      1      2    -1235.12111876        0.05497395
8      2      2    -1234.14007645        0.05497395
8      3      2    -1240.95206150        0.05497395
8      4      2    -1226.68004981        0.05497395
8      5      2    -1221.81586690        0.05497395
8      6      2    -1222.51071475        0.05497395
8      7      2    -1239.25040562        0.05497395
8      8      2    -1248.02368940        0.05497395
8      9      2    -1182.98899741        0.05497395
8     10      2    -1250.42069905        0.05497395
8     11      2    -1245.14261569        0.05497395
8     12      2    -1234.60461445        0.05497395
8     13      2    -1270.03849889        0.05497395
8     14      2    -1236.03784910        0.05497395
8     15      2    -1242.44472390        0.05497395
8     16      2    -1254.99801635        0.05497395
8     17      2    -1253.34020914        0.05497395
8     18      2    -1215.84978253        0.05497395
8     19      2    -1252.68016412        0.05497395
8     20      2    -1251.81690445        0.05497395
8     21      2    -1234.21367957        0.05497395
8     22      2    -1250.61067550        0.05497395
8     23      2    -1241.13486709        0.05497395
8     24      2    -1249.90114966        0.05497395
8     25      2    -1263.42800655        0.05497395
8     26      2    -1247.85059312        0.05497395
8     27      2    -1260.02919797        0.05497395
8     28      2    -1216.80453478        0.05497395
8     29      2    -1263.66058458        0.05497395
8     30      2    -1236.69408879        0.05497395
8     31      2    -1265.78399846        0.05497395
8     32      2    -1254.64493764        0.05497395
8     33      2    -1266.89116828        0.05497395
8     34      2    -1255.73927261        0.05497395
8     35      2    -1255.11148872        0.05497395
8     36      2    -1263.67105180        0.05497395
8     37      2    -1267.77608111        0.05497395
8     38      2    -1271.52884986        0.05497395
8     39      2    -1275.09562557        0.05497395
8     40      2    -1268.78839138        0.05497395
8     41      2    -1290.56459556        0.05497395
8     42      2    -1262.99948086        0.05497395
8     43      2    -1292.32172179        0.05497395
8     44      2    -1273.00349987        0.05497395
8     45      2    -1272.12683099        0.05497395
8     46      2    -1274.86998064        0.05497395
8     47      2    -1261.87542763        0.05497395
8     48      2    -1278.26298376        0.05497395
8     49      2    -1252.17056576        0.05497395
8     50      2    -1266.41715033        0.05497395
8     51      2    -1274.53074250        0.05497395
8     52      2    -1248.89096533        0.05497395
8     53      2    -1278.39250641        0.05497395
8     54      2    -1247.89850301        0.05497395
8     55      2    -1284.35926523        0.05497395
8     56      2    -1261.51938604        0.05497395
8     57      2    -1270.31860222        0.05497395
8     58      2    -1270.43851908        0.05497395
8     59      2    -1279.36415529        0.05497395
8     60      2    -1243.71871178        0.05497395
8     61      2    -1266.91305110        0.05497395
8     62      2    -1332.96924284        0.05497395
8     63      2    -1235.95698319        0.05497395
8     64      2    -1260.07231214        0.05497395
8     65      2    -1283.15388317        0.05497395
8     66      2    -1260.44775340        0.05497395
8     67      2    -1269.83937919        0.05497395
8     68      2    -1274.58820145        0.05497395
8     69      2    -1252.02034320        0.05497395
8     70      2    -1289.16283480        0.05497395
8     71      2    -1256.03448742        0.05497395
8     72      2    -1268.52189060        0.05497395
8     73      2    -1277.92655523        0.05497395
8     74      2    -1259.95461521        0.05497395
8     75      2    -1266.17916385        0.05497395
8     76      2    -1227.29483846        0.05497395
8     77      2    -1227.29483846        0.05497395
8     78      2    -1227.29483846        0.05497395
8     79      2    -1227.29483846        0.05497395
8     80      2    -1227.29483846        0.05497395
8     81      2    -1227.29483846        0.05497395
8     82      2    -1227.29483846        0.05497395
8     83      2    -1227.29483846        0.05497395
8     84      2    -1227.29483846        0.05497395
8     85      2    -1227.29483846        0.05497395
8     86      2    -1254.75111922        0.05497395
8     87      2    -1262.18122712        0.05497395
8     88      2    -1252.73256633        0.05497395
8     89      2    -1260.39812262        0.05497395
8     90      2    -1252.41427910        0.05497395
8     91      2    -1260.92056143        0.05497395
8     92      2    -1258.37238455        0.05497395
8     93      2    -1258.96970802        0.05497395
8     94      2    -1258.35023511        0.05497395
8     95      2    -1255.42337946        0.05497395
8     96      2    -1258.63054204        0.05497395
8     97      2    -1256.81867029        0.05497395
8     98      2    -1253.58284387        0.05497395
8     99      2    -1261.02674786        0.05497395
8    100      2    -1250.50031040        0.05497395
8    101      2    -1252.79035875        0.05497395
8    102      2    -1207.28247878        0.05497395
8    103      2    -1223.11892340        0.05497395
8    104      2    -1215.90385079        0.05497395
8    105      2    -1227.22299773        0.05497395
8    106      2    -1233.96739718        0.05497395
8    107      2    -1235.45331393        0.05497395
8    108      2    -1252.14852838        0.05497395
8    109      2    -1252.69991811        0.05497395
8    110      2    -1249.84140460        0.05497395
8    111      2    -1256.88523725        0.05497395
8    112      2    -1253.56734801        0.05497395
8    113      2    -1253.16484437        0.05497395
8    114      2    -1254.94568405        0.05497395
8    115      2    -1251.69922131        0.05497395
8    116      2    -1254.52876253        0.05497395
8    117      2    -1247.30881358        0.05497395
8    118      2    -1251.26529856        0.05497395
8    119      2    -1257.61972766        0.05497395
8    120      2    -1241.59508912        0.05497395
8    121      2    -1261.19402427        0.05497395
8    122      2    -1252.53235457        0.05497395
8    123      2    -1270.14040905        0.05497395
8    124      2    -1260.27117437        0.05497395
8    125      2    -1263.05020570        0.05497395
8    126      2    -1227.29483846        0.05497395
8    127      2    -1259.73088583        0.05497395
8    128      2    -1262.90881813        0.05497395
8    129      2    -1260.58577631        0.05497395
8    130      2    -1278.30347704        0.05497395
8    131      2    -1227.29483846        0.05497395
8    132      2    -1487.62751143        0.05497395
8    133      2    -1227.29483846        0.05497395
8    134      2    -1060.01201039        0.05497395
8    135      2    -1227.29483846        0.05497395
8    136      2    -1227.29483846        0.05497395
8    137      2    -1281.83626988        0.05497395
8    138      2    -1227.29483846        0.05497395
8    139      2    -1310.93077564        0.05497395
8    140      2    -1263.37815963        0.05497395
8    141      2    -1271.93490995        0.05497395
8    142      2    -1266.46286784        0.05497395
8    143      2    -1291.64269288        0.05497395
8    144      2    -1268.08260291        0.05497395
8    145      2    -1277.68625299        0.05497395
8    146      2    -1277.08448598        0.05497395
8    147      2    -1270.82725174        0.05497395
8    148      2    -1286.49579390        0.05497395
8    149      2    -1274.57953683        0.05497395
8    150      2    -1269.94424624        0.05497395
8    151      2    -1284.31337011        0.05497395
8    152      2    -1270.45708074        0.05497395
8    153      2    -1275.77977814        0.05497395
8    154      2    -1246.00468356        0.05497395
8    155      2    -1278.29451010        0.05497395
8    156      2    -1271.13067324        0.05497395
8    157      2    -1281.85535926        0.05497395
8    158      2    -1224.44471396        0.05497395
8    159      2    -1279.19194964        0.05497395
8    160      2    -1270.35537349        0.05497395
8    161      2    -1278.20203952        0.05497395
8    162      2    -1267.43780327        0.05497395
8    163      2    -1276.89464278        0.05497395
8    164      2    -1268.10309523        0.05497395
8    165      2    -1281.28032641        0.05497395
8    166      2    -1272.94629237        0.05497395
8    167      2    -1276.42938731        0.05497395
8    168      2    -1268.37733327        0.05497395
8    169      2    -1280.14912620        0.05497395
8    170      2    -1262.68521617        0.05497395
8    171      2    -1274.80392064        0.05497395
8    172      2    -1258.94349947        0.05497395
8    173      2    -1271.41273361        0.05497395
8    174      2    -1264.37184168        0.05497395
8    175      2    -1274.75543357        0.05497395
8    176      2    -1268.16869055        0.05497395
8    177      2    -1274.08062128        0.05497395
8    178      2    -1265.61105043        0.05497395
8    179      2    -1272.66988432        0.05497395
8    180      2    -1263.22730696        0.05497395
8    181      2    -1264.35827621        0.05497395
8    182      2    -1268.19352765        0.05497395
8    183      2    -1262.21992007        0.05497395
8    184      2    -1277.19955362        0.05497395
8    185      2    -1262.27032762        0.05497395
8    186      2    -1270.64030963        0.05497395
8    187      2    -1271.85065790        0.05497395
8    188      2    -1252.26900268        0.05497395
8    189      2    -1270.64829184        0.05497395
8    190      2    -1267.11685103        0.05497395
8    191      2    -1260.86072826        0.05497395
8    192      2    -1265.44519818        0.05497395
8    193      2    -1264.42398182        0.05497395
8    194      2    -1259.53517195        0.05497395
8    195      2    -1261.47153014        0.05497395
8    196      2    -1257.23822176        0.05497395
8    197      2    -1259.29548466        0.05497395
8    198      2    -1254.34349923        0.05497395
8    199      2    -1253.07764674        0.05497395
8    200      2    -1252.83539065        0.05497395
8    201      2    -1260.98612238        0.05497395
8    202      2    -1260.79300959        0.05497395
8    203      2    -1266.64043535        0.05497395
8    204      2    -1262.83610633        0.05497395
8    205      2    -1260.06276376        0.05497395
8    206      2    -1261.89829911        0.05497395
8    207      2    -1257.79809207        0.05497395
8    208      2    -1264.54367623        0.05497395
8    209      2    -1247.40332247        0.05497395
8    210      2    -1251.50483042        0.05497395
8    211      2    -1254.93898356        0.05497395
8    212      2    -1245.22111018        0.05497395
8    213      2    -1248.33518329        0.05497395
8    214      2    -1249.19131305        0.05497395
8    215      2    -1262.44519558        0.05497395
9      0      2    -1241.51441814        0.05503372
9      1      2    -1223.35429692        0.05503372
9      2      2    -1216.78843692        0.05503372
9      3      2    -1213.65773173        0.05503372
9      4      2    -1222.97950023        0.05503372
9      5      2    -1211.96598393        0.05503372
9      6      2    -1203.57300547        0.05503372
9      7      2    -1244.35296654        0.05503372
9      8      2    -1248.11521087        0.05503372
9      9      2    -1255.89652422        0.05503372
9     10      2    -1236.55645580        0.05503372
9     11      2    -1259.52954862        0.05503372
9     12      2    -1248.85338247        0.05503372
9     13      2    -1239.92777802        0.05503372
9     14      2    -1254.12352996        0.05503372
9     15      2    -1250.12117253        0.05503372
9     16      2    -1245.53430809        0.05503372
9     17      2    -1254.48613257        0.05503372
9     18      2    -1246.19027630        0.05503372
9     19      2    -1253.84075094        0.05503372
9     20      2    -1247.40938788        0.05503372
9     21      2    -1255.93171232        0.05503372
9     22      2    -1246.20162975        0.05503372
9     23      2    -1268.96167259        0.05503372
9     24      2    -1244.88599137        0.05503372
9     25      2    -1262.81750924        0.05503372
9     26      2    -1266.06657475        0.05503372
9     27      2    -1266.13800849        0.05503372
9     28      2    -1255.78192659        0.05503372
9     29      2    -1263.45119765        0.05503372
9     30      2    -1266.66545082        0.05503372
9     31      2    -1265.96140148        0.05503372
9     32      2    -1255.13821910        0.05503372
9     33      2    -1282.27156486        0.05503372
9     34      2    -1268.20449144        0.05503372
9     35      2    -1260.52528619        0.05503372
9     36      2    -1271.92011752        0.05503372
9     37      2    -1277.52055301        0.05503372
9     38      2    -1252.79585461        0.05503372
9     39      2    -1282.04786911        0.05503372
9     40      2    -1260.22391291        0.05503372
9     41      2    -1298.32029058        0.05503372
9     42      2    -1267.67565733        0.05503372
9     43      2    -1277.63894607        0.05503372
9     44      2    -1268.74560863        0.05503372
9     45      2    -1288.00477719        0.05503372
9     46      2    -1270.24881134        0.05503372
9     47      2    -1289.98967418        0.05503372
9     48      2    -1273.03350041        0.05503372
9     49      2    -1294.53647642        0.05503372
9     50      2    -1268.93611672        0.05503372
9     51      2    -1277.32128903        0.05503372
9     52      2    -1289.42141470        0.05503372
9     53      2    -1278.76007313        0.05503372
9     54      2    -1268.87090471        0.05503372
9     55      2    -1283.16900818        0.05503372
9     56      2    -1276.47891611        0.05503372
9     57      2    -1287.40545590        0.05503372
9     58      2    -1258.25974431        0.05503372
9     59      2    -1293.08447052        0.05503372
9     60      2    -1263.98064019        0.05503372
9     61      2    -1279.04901227        0.05503372
9     62      2    -1278.60667792        0.05503372
9     63      2    -1276.64930525        0.05503372
9     64      2    -1285.56895117        0.05503372
9     65      2    -1274.28111295        0.05503372
9     66      2    -1273.19395878        0.05503372
9     67      2    -1276.13164657        0.05503372
9     68      2    -1272.06026427        0.05503372
9     69      2    -1286.97324819        0.05503372
9     70      2    -1266.96637219        0.05503372
9     71      2    -1275.45860322        0.05503372
9     72      2    -1227.04966545        0.05503372
9     73      2    -1227.04966545        0.05503372
9     74      2    -1227.04966545        0.05503372
9     75      2    -1227.04966545        0.05503372
9     76      2    -1227.04966545        0.05503372
9     77      2    -1227.04966545        0.05503372
9     78      2    -1227.04966545        0.05503372
9     79      2    -1227.04966545        0.05503372
9     80      2    -1227.04966545        0.05503372
9     81      2    -1227.04966545        0.05503372
9     82      2    -1227.04966545        0.05503372
9     83      2    -1227.04966545        0.05503372
9     84      2    -1227.04966545        0.05503372
9     85      2    -1227.04966545        0.05503372
9     86      2    -1227.04966545        0.05503372
9     87      2    -1227.04966545        0.05503372
9     88      2    -1227.04966545        0.05503372
9     89      2    -1227.04966545        0.05503372
9     90      2    -1227.04966545        0.05503372
9     91      2    -1227.04966545        0.05503372
9     92      2    -1227.04966545        0.05503372
9     93      2    -1227.04966545        0.05503372
9     94      2    -1227.04966545        0.05503372
9     95      2    -1227.04966545        0.05503372
9     96      2    -1227.04966545        0.05503372
9     97      2    -1227.04966545        0.05503372
9     98      2    -1227.04966545        0.05503372
9     99      2    -1227.04966545        0.05503372
9    100      2    -1227.04966545        0.05503372
9    101      2    -1227.04966545        0.05503372
9    102      2    -1227.04966545        0.05503372
9    103      2    -1227.04966545        0.05503372
9    104      2    -1227.04966545        0.05503372
9    105      2    -1256.14636267        0.05503372
9    106      2    -1227.04211959        0.05503372
9    107      2    -1305.08873197        0.05503372
9    108      2    -1263.56569590        0.05503372
9    109      2    -1258.62604375        0.05503372
9    110      2    -1265.77350969        0.05503372
9    111      2    -1263.06836318        0.05503372
9    112      2    -1259.78477691        0.05503372
9    113      2    -1257.44768747        0.05503372
9    114      2    -1257.24361033        0.05503372
9    115      2    -1245.97806078        0.05503372
9    116      2    -1236.43746722        0.05503372
9    117      2    -1242.52466849        0.05503372
9    118      2    -1244.77586938        0.05503372
9    119      2    -1248.21727610        0.05503372
9    120      2    -1251.86367462        0.05503372
9    121      2    -1253.52196807        0.05503372
9    122      2    -1250.86700004        0.05503372
9    123      2    -1247.76464002        0.05503372
9    124      2    -1245.09113350        0.05503372
9    125      2    -1250.60248458        0.05503372
9    126      2    -1254.33694009        0.05503372
9    127      2    -1251.26036889        0.05503372
9    128      2    -1254.35844227        0.05503372
9    129      2    -1251.28711411        0.05503372
9    130      2    -1253.03802179        0.05503372
9    131      2    -1252.77989239        0.05503372
9    132      2    -1281.60245156        0.05503372
9    133      2    -1271.21580681        0.05503372
9    134      2    -1304.01773354        0.05503372
9    135      2    -1227.04966545        0.05503372
9    136      2    -1227.04966545        0.05503372
9    137      2    -1227.04966545        0.05503372
9    138      2    -1227.04966545        0.05503372
9    139      2    -1227.04966545        0.05503372
9    140      2    -1227.04966545        0.05503372
9    141      2    -1227.04966545        0.05503372
9    142      2    -1227.04966545        0.05503372
9    143      2    -1227.04966545        0.05503372
9    144      2    -1227.04966545        0.05503372
9    145      2    -1227.04966545        0.05503372
9    146      2    -1227.04966545        0.05503372
9    147      2    -1227.04966545        0.05503372
9    148      2    -1227.04966545        0.05503372
9    149      2    -1227.04966545        0.05503372
9    150      2    -1227.04966545        0.05503372
9    151      2    -1227.04966545        0.05503372
9    152      2    -1227.04966545        0.05503372
9    153      2    -1227.04966545        0.05503372
9    154      2    -1227.04966545        0.05503372
9    155      2    -1227.04966545        0.05503372
9    156      2    -1227.04966545        0.05503372
9    157      2    -1227.04966545        0.05503372
9    158      2    -1227.04966545        0.05503372
9    159      2    -1227.04966545        0.05503372
9    160      2    -1227.04966545        0.05503372
9    161      2    -1227.04966545        0.05503372
9    162      2    -1227.04966545        0.05503372
9    163      2    -1227.04966545        0.05503372
9    164      2    -1227.04966545        0.05503372
9    165      2    -1227.04966545        0.05503372
9    166      2    -1227.04966545        0.05503372
9    167      2    -1328.87251915        0.05503372
9    168      2    -1276.59495001        0.05503372
9    169      2    -1283.47425350        0.05503372
9    170      2    -1281.57523126        0.05503372
9    171      2    -1274.14136432        0.05503372
9    172      2    -1288.78075937        0.05503372
9    173      2    -1281.58374634        0.05503372
9    174      2    -1280.67396721        0.05503372
9    175      2    -1281.61162059        0.05503372
9    176      2    -1283.78835825        0.05503372
9    177      2    -1276.41974085        0.05503372
9    178      2    -1279.91104938        0.05503372
9    179      2    -1283.15306191        0.05503372
9    180      2    -1282.82772971        0.05503372
9    181      2    -1280.06220284        0.05503372
9    182      2    -1277.82768062        0.05503372
9    183      2    -1279.15625281        0.05503372
9    184      2    -1282.81951477        0.05503372
9    185      2    -1277.97030640        0.05503372
9    186      2    -1273.63241788        0.05503372
9    187      2    -1284.72855066        0.05503372
9    188      2    -1272.98648217        0.05503372
9    189      2    -1269.91808720        0.05503372
9    190      2    -1277.75721052        0.05503372
9    191      2    -1266.20909396        0.05503372
9    192      2    -1277.50397869        0.05503372
9    193      2    -1273.92435698        0.05503372
9    194      2    -1265.92749656        0.05503372
9    195      2    -1268.43828525        0.05503372
9    196      2    -1272.88123772        0.05503372
9    197      2    -1264.43532577        0.05503372
9    198      2    -1271.91210141        0.05503372
9    199      2    -1272.50676795        0.05503372
9    200      2    -1265.91714008        0.05503372
9    201      2    -1271.17827182        0.05503372
9    202      2    -1269.80143448        0.05503372
9    203      2    -1271.79267085        0.05503372
9    204      2    -1264.82850064        0.05503372
9    205      2    -1265.46573737        0.05503372
9    206      2    -1274.93353559        0.05503372
9    207      2    -1260.31099000        0.05503372
9    208      2    -1270.71677930        0.05503372
9    209      2    -1268.23112888        0.05503372
9    210      2    -1262.31962263        0.05503372
9    211      2    -1271.42712937        0.05503372
9    212      2    -1262.22952012        0.05503372
9    213      2    -1263.45176308        0.05503372
9    214      2    -1265.00731692        0.05503372
9    215      2    -1264.01878318        0.05503372
9    216      2    -1262.91012670        0.05503372
9    217      2    -1255.24170882        0.05503372
9    218      2    -1265.77203011        0.05503372
9    219      2    -1257.49413252        0.05503372
9    220      2    -1263.23298783        0.05503372
9    221      2    -1258.45254613        0.05503372
9    222      2    -1253.08061986        0.05503372
9    223      2    -1249.37540351        0.05503372
9    224      2    -1259.67228127        0.05503372
9    225      2    -1251.46529969        0.05503372
9    226      2    -1260.00890484        0.05503372
9    227      2    -1260.82176547        0.05503372
9    228      2    -1256.08039646        0.05503372
9    229      2    -1253.08442021        0.05503372
9    230      2    -1257.40306780        0.05503372
9    231      2    -1252.58033830        0.05503372
9    232      2    -1260.13166374        0.05503372
9    233      2    -1242.55148274        0.05503372
9    234      2    -1258.47174393        0.05503372
9    235      2    -1245.82672645        0.05503372
9    236      2    -1251.72262002        0.05503372
9    237      2    -1238.49706097        0.05503372
9    238      2    -1245.09122732        0.05503372
9    239      2    -1252.72698512        0.05503372
10      0      2    -1180.99862361        0.05507397
10      1      2    -1189.83421092        0.05507397
10      2      2    -1180.56155877        0.05507397
10      3      2    -1202.89190221        0.05507397
10      4      2    -1183.14438121        0.05507397
10      5      2    -1208.95175581        0.05507397
10      6      2    -1187.70891095        0.05507397
10      7      2    -1202.59621440        0.05507397
10      8      2    -1193.91241821        0.05507397
10      9      2    -1203.30488911        0.05507397
10     10      2    -1213.40657157        0.05507397
10     11      2    -1206.43238006        0.05507397
10     12      2    -1212.99037379        0.05507397
10     13      2    -1207.69917035        0.05507397
10     14      2    -1214.99610531        0.05507397
10     15      2    -1207.58390391        0.05507397
10     16      2    -1221.27829642        0.05507397
10     17      2    -1256.00996868        0.05507397
10     18      2    -1201.36885292        0.05507397
10     19      2    -1250.52815799        0.05507397
10     20      2    -1209.80679108        0.05507397
10     21      2    -1214.40670282        0.05507397
10     22      2    -1217.45051383        0.05507397
10     23      2    -1230.21125008        0.05507397
10     24      2    -1208.98379865        0.05507397
10     25      2    -1222.82991973        0.05507397
10     26      2    -1224.25837468        0.05507397
10     27      2    -1230.73877603        0.05507397
10     28      2    -1240.77225554        0.05507397
10     29      2    -1233.67941365        0.05507397
10     30      2    -1245.07082793        0.05507397
10     31      2    -1220.27506315        0.05507397
10     32      2    -1237.18013069        0.05507397
10     33      2    -1247.19396929        0.05507397
10     34      2    -1242.49162300        0.05507397
10     35      2    -1227.66211096        0.05507397
10     36      2    -1237.68751918        0.05507397
10     37      2    -1248.72921923        0.05507397
10     38      2    -1204.37294093        0.05507397
10     39      2    -1256.64686897        0.05507397
10     40      2    -1225.57123108        0.05507397
10     41      2    -1235.27699411        0.05507397
10     42      2    -1218.91588365        0.05507397
10     43      2    -1262.19398688        0.05507397
10     44      2    -1213.65226596        0.05507397
10     45      2    -1234.36756140        0.05507397
10     46      2    -1245.08412986        0.05507397
10     47      2    -1231.56371701        0.05507397
10     48      2    -1215.49945697        0.05507397
10     49      2    -1225.99267584        0.05507397
10     50      2    -1225.99267584        0.05507397
10     51      2    -1225.99267584        0.05507397
10     52      2    -1225.99267584        0.05507397
10     53      2    -1225.99267584        0.05507397
10     54      2    -1225.99267584        0.05507397
10     55      2    -1225.99267584        0.05507397
10     56      2    -1225.99267584        0.05507397
10     57      2    -1225.99267584        0.05507397
10     58      2    -1225.99267584        0.05507397
10     59      2    -1225.99267584        0.05507397
10     60      2    -1225.99267584        0.05507397
10     61      2    -1225.99267584        0.05507397
10     62      2    -1225.99267584        0.05507397
10     63      2    -1225.99267584        0.05507397
10     64      2    -1225.99267584        0.05507397
10     65      2    -1225.99267584        0.05507397
10     66      2    -1225.99267584        0.05507397
10     67      2    -1225.99267584        0.05507397
10     68      2    -1225.99267584        0.05507397
10     69      2    -1225.99267584        0.05507397
10     70      2    -1225.99267584        0.05507397
10     71      2    -1225.99267584        0.05507397
10     72      2    -1225.99267584        0.05507397
10     73      2    -1225.99267584        0.05507397
10     74      2    -1225.99267584        0.05507397
10     75      2    -1225.99267584        0.05507397
10     76      2    -1225.99267584        0.05507397
10     77      2    -1225.99267584        0.05507397
10     78      2    -1225.99267584        0.05507397
10     79      2    -1225.99267584        0.05507397
10     80      2    -1225.99267584        0.05507397
10     81      2    -1225.99267584        0.05507397
10     82      2    -1225.99267584        0.05507397
10     83      2    -1225.99267584        0.05507397
10     84      2    -1225.99267584        0.05507397
10     85      2    -1225.99267584        0.05507397
10     86      2    -1225.99267584        0.05507397
10     87      2    -1225.99267584        0.05507397
10     88      2    -1225.99267584        0.05507397
10     89      2    -1225.99267584        0.05507397
10     90      2    -1225.99267584        0.05507397
10     91      2    -1225.99267584        0.05507397
10     92      2    -1225.99267584        0.05507397
10     93      2    -1225.99267584        0.05507397
10     94      2    -1225.99267584        0.05507397
10     95      2    -1232.68757861        0.05507397
10     96      2    -1225.99267584        0.05507397
10     97      2    -1243.78919834        0.05507397
10     98      2    -1153.14574018        0.05507397
10     99      2    -1180.72410865        0.05507397
10    100      2    -1179.15413401        0.05507397
10    101      2    -1186.86928008        0.05507397
10    102      2    -1180.67734037        0.05507397
10    103      2    -1186.59316072        0.05507397
10    104      2    -1209.36503070        0.05507397
10    105      2    -1189.87696589        0.05507397
10    106      2    -1213.36476359        0.05507397
10    107      2    -1200.71841306        0.05507397
10    108      2    -1210.91205967        0.05507397
10    109      2    -1198.66840233        0.05507397
10    110      2    -1241.60745870        0.05507397
10    111      2    -1230.96193508        0.05507397
10    112      2    -1220.31983654        0.05507397
10    113      2    -1158.25721243        0.05507397
10    114      2    -1189.49871858        0.05507397
10    115      2    -1225.99267584        0.05507397
10    116      2    -1225.99267584        0.05507397
10    117      2    -1225.99267584        0.05507397
10    118      2    -1225.99267584        0.05507397
10    119      2    -1225.99267584        0.05507397
10    120      2    -1225.99267584        0.05507397
10    121      2    -1225.99267584        0.05507397
10    122      2    -1225.99267584        0.05507397
10    123      2    -1225.99267584        0.05507397
10    124      2    -1225.99267584        0.05507397
10    125      2    -1321.26823465        0.05507397
10    126      2    -1211.44706632        0.05507397
10    127      2    -1225.99267584        0.05507397
10    128      2    -1215.61483756        0.05507397
10    129      2    -1243.19429152        0.05507397
10    130      2    -1237.93876548        0.05507397
10    131      2    -1248.17711136        0.05507397
10    132      2    -1235.33991625        0.05507397
10    133      2    -1229.52896762        0.05507397
10    134      2    -1263.19205429        0.05507397
10    135      2    -1158.26403710        0.05507397
10    136      2    -1252.85213200        0.05507397
10    137      2    -1262.35888848        0.05507397
10    138      2    -1211.84302312        0.05507397
10    139      2    -1225.99267584        0.05507397
10    140      2    -1240.53868579        0.05507397
10    141      2    -1225.99267584        0.05507397
10    142      2    -1225.99267584        0.05507397
10    143      2    -1225.99267584        0.05507397
10    144      2    -1225.99267584        0.05507397
10    145      2    -1225.99267584        0.05507397
10    146      2    -1225.99267584        0.05507397
10    147      2    -1225.99267584        0.05507397
10    148      2    -1225.99267584        0.05507397
10    149      2    -1225.99267584        0.05507397
10    150      2    -1225.99267584        0.05507397
10    151      2    -1225.99267584        0.05507397
10    152      2    -1225.99267584        0.05507397
10    153      2    -1225.99267584        0.05507397
10    154      2    -1225.99267584        0.05507397
10    155      2    -1225.99267584        0.05507397
10    156      2    -1225.99267584        0.05507397
10    157      2    -1228.02072596        0.05507397
10    158      2    -1225.99267584        0.05507397
10    159      2    -1213.51583263        0.05507397
10    160      2    -1245.69984169        0.05507397
10    161      2    -1223.13570493        0.05507397
10    162      2    -1239.30632229        0.05507397
10    163      2    -1228.29382300        0.05507397
10    164      2    -1237.50103773        0.05507397
10    165      2    -1223.41124583        0.05507397
10    166      2    -1244.44840982        0.05507397
10    167      2    -1228.25388394        0.05507397
10    168      2    -1228.82358797        0.05507397
10    169      2    -1230.35490835        0.05507397
10    170      2    -1227.69550505        0.05507397
10    171      2    -1224.07948632        0.05507397
10    172      2    -1229.99679988        0.05507397
10    173      2    -1222.38265693        0.05507397
10    174      2    -1232.10970319        0.05507397
10    175      2    -1227.15020871        0.05507397
10    176      2    -1224.59988061        0.05507397
10    177      2    -1217.01509323        0.05507397
10    178      2    -1226.55660992        0.05507397
10    179      2    -1212.75812961        0.05507397
10    180      2    -1231.14567340        0.05507397
10    181      2    -1217.12138642        0.05507397
10    182      2    -1218.20416807        0.05507397
10    183      2    -1218.26106393        0.05507397
10    184      2    -1219.50903456        0.05507397
10    185      2    -1216.00795031        0.05507397
10    186      2    -1227.78714112        0.05507397
10    187      2    -1211.06786994        0.05507397
10    188      2    -1230.16826879        0.05507397
10    189      2    -1213.33783375        0.05507397
10    190      2    -1220.30607021        0.05507397
10    191      2    -1218.01211870        0.05507397
10    192      2    -1221.72302154        0.05507397
10    193      2    -1216.57303721        0.05507397
10    194      2    -1225.99765359        0.05507397
10    195      2    -1213.82869481        0.05507397
10    196      2    -1224.31734294        0.05507397
10    197      2    -1227.76487104        0.05507397
10    198      2    -1211.15741323        0.05507397
10    199      2    -1223.99790627        0.05507397
10    200      2    -1218.66256245        0.05507397
10    201      2    -1208.83761809        0.05507397
10    202      2    -1223.33559204        0.05507397
10    203      2    -1212.41152355        0.05507397
10    204      2    -1216.84801299        0.05507397
10    205      2    -1201.49652761        0.05507397
10    206      2    -1215.72495134        0.05507397
10    207      2    -1202.47084934        0.05507397
11      0      2    -1167.70654278        0.05495176
11      1      2    -1181.95439863        0.05495176
11      2      2    -1181.32375262        0.05495176
11      3      2    -1172.71553722        0.05495176
11      4      2    -1214.02415606        0.05495176
11      5      2    -1172.79194970        0.05495176
11      6      2    -1214.42003294        0.05495176
11      7      2    -1190.62939547        0.05495176
11      8      2    -1212.20801257        0.05495176
11      9      2    -1195.26443069        0.05495176
11     10      2    -1216.60409096        0.05495176
11     11      2    -1211.08332901        0.05495176
11     12      2    -1196.36925297        0.05495176
11     13      2    -1218.28606278        0.05495176
11     14      2    -1208.31570086        0.05495176
11     15      2    -1219.10761848        0.05495176
11     16      2    -1184.66996452        0.05495176
11     17      2    -1250.89447981        0.05495176
11     18      2    -1191.66408616        0.05495176
11     19      2    -1228.59370232        0.05495176
11     20      2    -1216.99013998        0.05495176
11     21      2    -1203.75301920        0.05495176
11     22      2    -1251.63168917        0.05495176
11     23      2    -1203.59632909        0.05495176
11     24      2    -1225.15647672        0.05495176
11     25      2    -1237.40368215        0.05495176
11     26      2    -1208.43474955        0.05495176
11     27      2    -1260.94913222        0.05495176
11     28      2    -1219.71009281        0.05495176
11     29      2    -1207.93659783        0.05495176
11     30      2    -1259.02214578        0.05495176
11     31      2    -1216.59346910        0.05495176
11     32      2    -1232.27881724        0.05495176
11     33      2    -1231.06892976        0.05495176
11     34      2    -1221.88237118        0.05495176
11     35      2    -1222.88912853        0.05495176
11     36      2    -1245.62236899        0.05495176
11     37      2    -1215.01410470        0.05495176
11     38      2    -1220.80554359        0.05495176
11     39      2    -1230.08051160        0.05495176
11     40      2    -1224.83207526        0.05495176
11     41      2    -1223.62298577        0.05495176
11     42      2    -1217.02971143        0.05495176
11     43      2    -1217.02971143        0.05495176
11     44      2    -1217.02971143        0.05495176
11     45      2    -1217.02971143        0.05495176
11     46      2    -1217.02971143        0.05495176
11     47      2    -1217.02971143        0.05495176
11     48      2    -1217.02971143        0.05495176
11     49      2    -1217.02971143        0.05495176
11     50      2    -1217.02971143        0.05495176
11     51      2    -1217.02971143        0.05495176
11     52      2    -1217.02971143        0.05495176
11     53      2    -1217.02971143        0.05495176
11     54      2    -1217.02971143        0.05495176
11     55      2    -1217.02971143        0.05495176
11     56      2    -1226.76622761        0.05495176
11     57      2    -1246.24088438        0.05495176
11     58      2    -1196.32115236        0.05495176
11     59      2    -1280.31330244        0.05495176
11     60      2    -1210.66730150        0.05495176
11     61      2    -1249.73911828        0.05495176
11     62      2    -1250.57853747        0.05495176
11     63      2    -1237.50160928        0.05495176
11     64      2    -1236.03460697        0.05495176
11     65      2    -1255.92282651        0.05495176
11     66      2    -1231.55842172        0.05495176
11     67      2    -1244.20660428        0.05495176
11     68      2    -1361.68001497        0.05495176
11     69      2    -1237.57637828        0.05495176
11     70      2    -1228.43471669        0.05495176
11     71      2    -1243.79012523        0.05495176
11     72      2    -1238.97514309        0.05495176
11     73      2    -1236.57206712        0.05495176
11     74      2    -1243.08089301        0.05495176
11     75      2    -1234.89845446        0.05495176
11     76      2    -1235.98395999        0.05495176
11     77      2    -1219.78716917        0.05495176
11     78      2    -1235.51814347        0.05495176
11     79      2    -1234.24773913        0.05495176
11     80      2    -1232.43407941        0.05495176
11     81      2    -1239.24422367        0.05495176
11     82      2    -1239.13986073        0.05495176
11     83      2    -1240.35661424        0.05495176
11     84      2    -1231.58861474        0.05495176
11     85      2    -1248.57421186        0.05495176
11     86      2    -1227.57186666        0.05495176
11     87      2    -1236.44722185        0.05495176
11     88      2    -1229.19982358        0.05495176
11     89      2    -1227.52132036        0.05495176
11     90      2    -1233.23208029        0.05495176
11     91      2    -1226.84485913        0.05495176
11     92      2    -1217.43269832        0.05495176
11     93      2    -1225.64407212        0.05495176
11     94      2    -1217.02971143        0.05495176
11     95      2    -1204.36131141        0.05495176
11     96      2    -1217.02971143        0.05495176
11     97      2    -1214.79509406        0.05495176
11     98      2    -1217.02971143        0.05495176
11     99      2    -1217.02971143        0.05495176
11    100      2    -1217.02971143        0.05495176
11    101      2    -1217.02971143        0.05495176
11    102      2    -1217.02971143        0.05495176
11    103      2    -1217.02971143        0.05495176
11    104      2    -1217.02971143        0.05495176
11    105      2    -1192.59015947        0.05495176
11    106      2    -1197.92404988        0.05495176
11    107      2    -1238.38592367        0.05495176
11    108      2    -1187.94016264        0.05495176
11    109      2    -1180.05673635        0.05495176
11    110      2    -1226.43272556        0.05495176
11    111      2    -1238.53034334        0.05495176
11    112      2    -1298.54180858        0.05495176
11    113      2    -1217.02971143        0.05495176
11    114      2    -1217.02971143        0.05495176
11    115      2    -1217.02971143        0.05495176
11    116      2    -1217.02971143        0.05495176
11    117      2    -1217.02971143        0.05495176
11    118      2    -1218.45942729        0.05495176
11    119      2    -1179.26034634        0.05495176
11    120      2    -1233.24068529        0.05495176
11    121      2    -1169.86049506        0.05495176
11    122      2    -1350.94335026        0.05495176
11    123      2    -1213.62720476        0.05495176
11    124      2    -1201.82252546        0.05495176
11    125      2    -1196.55241673        0.05495176
11    126      2    -1206.69620697        0.05495176
11    127      2    -1204.08359115        0.05495176
11    128      2    -1213.06671228        0.05495176
11    129      2    -1203.86788236        0.05495176
11    130      2    -1216.01484955        0.05495176
11    131      2    -1209.20972534        0.05495176
11    132      2    -1218.23567276        0.05495176
11    133      2    -1213.48778469        0.05495176
11    134      2    -1224.25557238        0.05495176
11    135      2    -1216.09632827        0.05495176
11    136      2    -1221.68011809        0.05495176
11    137      2    -1216.33736343        0.05495176
11    138      2    -1224.95921462        0.05495176
11    139      2    -1218.29518980        0.05495176
11    140      2    -1224.80770853        0.05495176
11    141      2    -1218.47284838        0.05495176
11    142      2    -1228.14023204        0.05495176
11    143      2    -1222.18926826        0.05495176
11    144      2    -1232.50187774        0.05495176
11    145      2    -1225.54154361        0.05495176
11    146      2    -1233.93562902        0.05495176
11    147      2    -1225.27162657        0.05495176
11    148      2    -1235.27256395        0.05495176
11    149      2    -1226.13744222        0.05495176
11    150      2    -1238.29405474        0.05495176
11    151      2    -1232.34458148        0.05495176
11    152      2    -1243.31286957        0.05495176
11    153      2    -1232.26829304        0.05495176
11    154      2    -1239.76659134        0.05495176
11    155      2    -1229.21836563        0.05495176
11    156      2    -1238.59360102        0.05495176
11    157      2    -1233.13584626        0.05495176
11    158      2    -1231.42956709        0.05495176
11    159      2    -1221.88222557        0.05495176
11    160      2    -1225.32321976        0.05495176
11    161      2    -1218.16556675        0.05495176
11    162      2    -1226.10181037        0.05495176
11    163      2    -1217.02971143        0.05495176
11    164      2    -1217.02971143        0.05495176
11    165      2    -1217.02971143        0.05495176
11    166      2    -1217.02971143        0.05495176
11    167      2    -1217.02971143        0.05495176
11    168      2    -1217.02971143        0.05495176
11    169      2    -1217.02971143        0.05495176
11    170      2    -1217.02971143        0.05495176
11    171      2    -1217.02971143        0.05495176
11    172      2    -1217.02971143        0.05495176
11    173      2    -1217.02971143        0.05495176
11    174      2    -1217.02971143        0.05495176
11    175      2    -1217.02971143        0.05495176
11    176      2    -1215.36664850        0.05495176
11    177      2    -1215.19165642        0.05495176
11    178      2    -1225.49492726        0.05495176
11    179      2    -1205.91440657        0.05495176
11    180      2    -1229.19162181        0.05495176
11    181      2    -1212.59072208        0.05495176
11    182      2    -1216.21123936        0.05495176
11    183      2    -1219.94106534        0.05495176
11    184      2    -1199.61782004        0.05495176
11    185      2    -1230.71953702        0.05495176
11    186      2    -1197.85033184        0.05495176
11    187      2    -1215.65635546        0.05495176
11    188      2    -1209.16339019        0.05495176
11    189      2    -1202.62267584        0.05495176
11    190      2    -1204.85624853        0.05495176
11    191      2    -1204.41664236        0.05495176
11    192      2    -1200.20874605        0.05495176
11    193      2    -1200.15418559        0.05495176
11    194      2    -1216.15850144        0.05495176
11    195      2    -1180.18075157        0.05495176
11    196      2    -1209.66895522        0.05495176
11    197      2    -1195.66452317        0.05495176
11    198      2    -1197.68431666        0.05495176
11    199      2    -1193.95867765        0.05495176
11    200      2    -1193.95449263        0.05495176
11    201      2    -1199.94888099        0.05495176
11    202      2    -1192.40980149        0.05495176
11    203      2    -1199.39183524        0.05495176
11    204      2    -1196.22043667        0.05495176
11    205      2    -1202.69556668        0.05495176
11    206      2    -1190.20400286        0.05495176
11    207      2    -1199.06984765        0.05495176
11    208      2    -1204.45984198        0.05495176
11    209      2    -1197.11198079        0.05495176
11    210      2    -1203.58913029        0.05495176
11    211      2    -1194.00469504        0.05495176
11    212      2    -1204.10524668        0.05495176
11    213      2    -1198.36786329        0.05495176
11    214      2    -1205.85358893        0.05495176
11    215      2    -1190.36479996        0.05495176
11    216      2    -1209.26796451        0.05495176
11    217      2    -1192.61009961        0.05495176
12      0      2    -1206.77629547        0.05493407
12      1      2    -1232.67557110        0.05493407
12      2      2    -1228.79347111        0.05493407
12      3      2    -1245.85734121        0.05493407
12      4      2    -1228.30500970        0.05493407
12      5      2    -1279.85186242        0.05493407
12      6      2    -1227.05570791        0.05493407
12      7      2    -1270.55325591        0.05493407
12      8      2    -1284.07206205        0.05493407
12      9      2    -1272.67438229        0.05493407
12     10      2    -1263.62376113        0.05493407
12     11      2    -1307.77639665        0.05493407
12     12      2    -1249.01378789        0.05493407
12     13      2    -1299.29868949        0.05493407
12     14      2    -1274.20666896        0.05493407
12     15      2    -1291.05965929        0.05493407
12     16      2    -1295.61268491        0.05493407
12     17      2    -1275.29520818        0.05493407
12     18      2    -1294.49484443        0.05493407
12     19      2    -1292.66465349        0.05493407
12     20      2    -1300.96093844        0.05493407
12     21      2    -1295.74888296        0.05493407
12     22      2    -1281.49243235        0.05493407
12     23      2    -1321.04379952        0.05493407
12     24      2    -1284.96266428        0.05493407
12     25      2    -1295.49997857        0.05493407
12     26      2    -1311.87623845        0.05493407
12     27      2    -1304.29444810        0.05493407
12     28      2    -1299.05739467        0.05493407
12     29      2    -1310.40882583        0.05493407
12     30      2    -1301.17053408        0.05493407
12     31      2    -1297.32354750        0.05493407
12     32      2    -1314.67907676        0.05493407
12     33      2    -1298.62162081        0.05493407
12     34      2    -1294.92282464        0.05493407
12     35      2    -1304.68035922        0.05493407
12     36      2    -1274.11796733        0.05493407
12     37      2    -1274.11796733        0.05493407
12     38      2    -1274.11796733        0.05493407
12     39      2    -1274.11796733        0.05493407
12     40      2    -1274.11796733        0.05493407
12     41      2    -1274.11796733        0.05493407
12     42      2    -1274.11796733        0.05493407
12     43      2    -1274.11796733        0.05493407
12     44      2    -1274.11796733        0.05493407
12     45      2    -1274.11796733        0.05493407
12     46      2    -1274.11796733        0.05493407
12     47      2    -1274.11796733        0.05493407
12     48      2    -1308.90366518        0.05493407
12     49      2    -1296.91738252        0.05493407
12     50      2    -1302.87790153        0.05493407
12     51      2    -1304.37057022        0.05493407
12     52      2    -1312.33766915        0.05493407
12     53      2    -1309.30096435        0.05493407
12     54      2    -1309.81637217        0.05493407
12     55      2    -1306.70909878        0.05493407
12     56      2    -1319.68665404        0.05493407
12     57      2    -1292.28437934        0.05493407
12     58      2    -1325.23701209        0.05493407
12     59      2    -1304.12543523        0.05493407
12     60      2    -1313.67066367        0.05493407
12     61      2    -1327.07849219        0.05493407
12     62      2    -1306.93650854        0.05493407
12     63      2    -1315.31330212        0.05493407
12     64      2    -1324.53619093        0.05493407
12     65      2    -1318.92559660        0.05493407
12     66      2    -1308.09143403        0.05493407
12     67      2    -1340.19756533        0.05493407
12     68      2    -1303.77314991        0.05493407
12     69      2    -1336.97462048        0.05493407
12     70      2    -1315.25684630        0.05493407
12     71      2    -1322.75334891        0.05493407
12     72      2    -1318.21524056        0.05493407
12     73      2    -1325.52747938        0.05493407
12     74      2    -1306.34114369        0.05493407
12     75      2    -1334.29309715        0.05493407
12     76      2    -1295.61109709        0.05493407
12     77      2    -1343.45279789        0.05493407
12     78      2    -1296.66380480        0.05493407
12     79      2    -1328.35008011        0.05493407
12     80      2    -1308.45136107        0.05493407
12     81      2    -1328.29740497        0.05493407
12     82      2    -1310.72676123        0.05493407
12     83      2    -1325.23407993        0.05493407
12     84      2    -1295.87456821        0.05493407
12     85      2    -1361.30873827        0.05493407
12     86      2    -1298.46600071        0.05493407
12     87      2    -1316.33839450        0.05493407
12     88      2    -1311.29454215        0.05493407
12     89      2    -1322.50702411        0.05493407
12     90      2    -1306.71092875        0.05493407
12     91      2    -1314.86317182        0.05493407
12     92      2    -1306.49444586        0.05493407
12     93      2    -1309.92151354        0.05493407
12     94      2    -1280.53160116        0.05493407
12     95      2    -1386.19487413        0.05493407
12     96      2    -1286.59953014        0.05493407
12     97      2    -1301.03809807        0.05493407
12     98      2    -1295.71219820        0.05493407
12     99      2    -1294.02662718        0.05493407
12    100      2    -1289.48032391        0.05493407
12    101      2    -1293.20135207        0.05493407
12    102      2    -1283.97301003        0.05493407
12    103      2    -1281.56489499        0.05493407
12    104      2    -1293.31301064        0.05493407
12    105      2    -1265.99336352        0.05493407
12    106      2    -1274.11796733        0.05493407
12    107      2    -1274.11796733        0.05493407
12    108      2    -1314.18601446        0.05493407
12    109      2    -1266.84579305        0.05493407
12    110      2    -1274.11796733        0.05493407
12    111      2    -1274.11796733        0.05493407
12    112      2    -1274.11796733        0.05493407
12    113      2    -1274.11796733        0.05493407
12    114      2    -1274.11796733        0.05493407
12    115      2    -1274.11796733        0.05493407
12    116      2    -1274.11796733        0.05493407
12    117      2    -1274.11796733        0.05493407
12    118      2    -1328.63683267        0.05493407
12    119      2    -1324.65769887        0.05493407
12    120      2    -1295.90198874        0.05493407
12    121      2    -1289.28089641        0.05493407
12    122      2    -1274.11796733        0.05493407
12    123      2    -1274.11796733        0.05493407
12    124      2    -1265.95195262        0.05493407
12    125      2    -1286.93335723        0.05493407
12    126      2    -1283.74959584        0.05493407
12    127      2    -1285.14659579        0.05493407
12    128      2    -1281.92364730        0.05493407
12    129      2    -1286.89746454        0.05493407
12    130      2    -1283.23502651        0.05493407
12    131      2    -1299.47203669        0.05493407
12    132      2    -1292.75908023        0.05493407
12    133      2    -1299.15164839        0.05493407
12    134      2    -1295.62760809        0.05493407
12    135      2    -1303.45699013        0.05493407
12    136      2    -1300.95614013        0.05493407
12    137      2    -1306.32550858        0.05493407
12    138      2    -1303.40119889        0.05493407
12    139      2    -1310.26852936        0.05493407
12    140      2    -1308.57548268        0.05493407
12    141      2    -1310.52118112        0.05493407
12    142      2    -1314.33505348        0.05493407
12    143      2    -1313.47979706        0.05493407
12    144      2    -1314.52623825        0.05493407
12    145      2    -1317.02810161        0.05493407
12    146      2    -1315.33521696        0.05493407
12    147      2    -1320.62553401        0.05493407
12    148      2    -1313.76080576        0.05493407
12    149      2    -1321.12238252        0.05493407
12    150      2    -1318.35034072        0.05493407
12    151      2    -1324.21903355        0.05493407
12    152      2    -1324.82045124        0.05493407
12    153      2    -1323.88555155        0.05493407
12    154      2    -1325.55928716        0.05493407
12    155      2    -1329.79331090        0.05493407
12    156      2    -1327.62781523        0.05493407
12    157      2    -1330.63805929        0.05493407
12    158      2    -1333.95365635        0.05493407
12    159      2    -1334.72822508        0.05493407
12    160      2    -1334.12761503        0.05493407
12    161      2    -1337.95649956        0.05493407
12    162      2    -1335.02992518        0.05493407
12    163      2    -1338.53861186        0.05493407
12    164      2    -1334.97112211        0.05493407
12    165      2    -1342.21616141        0.05493407
12    166      2    -1334.99402324        0.05493407
12    167      2    -1337.08927746        0.05493407
12    168      2    -1328.38045651        0.05493407
12    169      2    -1332.75175847        0.05493407
12    170      2    -1328.12979219        0.05493407
12    171      2    -1331.21108633        0.05493407
12    172      2    -1324.13515777        0.05493407
12    173      2    -1330.55572178        0.05493407
12    174      2    -1324.80670429        0.05493407
12    175      2    -1328.93877589        0.05493407
12    176      2    -1324.72117698        0.05493407
12    177      2    -1318.10563229        0.05493407
12    178      2    -1326.39841652        0.05493407
12    179      2    -1309.76050008        0.05493407
12    180      2    -1315.07508612        0.05493407
12    181      2    -1319.25105907        0.05493407
12    182      2    -1274.11796733        0.05493407
12    183      2    -1274.11796733        0.05493407
12    184      2    -1274.11796733        0.05493407
12    185      2    -1274.11796733        0.05493407
12    186      2    -1274.11796733        0.05493407
12    187      2    -1274.11796733        0.05493407
12    188      2    -1274.11796733        0.05493407
12    189      2    -1274.11796733        0.05493407
12    190      2    -1274.11796733        0.05493407
12    191      2    -1274.11796733        0.05493407
12    192      2    -1274.11796733        0.05493407
12    193      2    -1274.11796733        0.05493407
12    194      2    -1295.10462035        0.05493407
12    195      2    -1310.87348428        0.05493407
12    196      2    -1283.70943850        0.05493407
12    197      2    -1301.86219770        0.05493407
12    198      2    -1284.92171020        0.05493407
12    199      2    -1298.83502022        0.05493407
12    200      2    -1277.05334608        0.05493407
12    201      2    -1274.36287264        0.05493407
12    202      2    -1283.31882146        0.05493407
12    203      2    -1275.02198287        0.05493407
12    204      2    -1270.54965013        0.05493407
12    205      2    -1265.93723363        0.05493407
12    206      2    -1271.86888333        0.05493407
12    207      2    -1271.51979732        0.05493407
12    208      2    -1272.67454531        0.05493407
12    209      2    -1257.39941881        0.05493407
12    210      2    -1262.56460667        0.05493407
12    211      2    -1263.06351921        0.05493407
12    212      2    -1237.04142225        0.05493407
12    213      2    -1259.15809682        0.05493407
12    214      2    -1249.53249102        0.05493407
12    215      2    -1269.90275408        0.05493407
12    216      2    -1252.59889093        0.05493407
12    217      2    -1281.77208645        0.05493407
12    218      2    -1235.56078339        0.05493407
12    219      2    -1281.66529816        0.05493407
12    220      2    -1251.80247046        0.05493407
12    221      2    -1256.29185821        0.05493407
12    222      2    -1269.71759330        0.05493407
12    223      2    -1254.93669362        0.05493407
12    224      2    -1284.94636786        0.05493407
12    225      2    -1276.36643396        0.05493407
12    226      2    -1267.51638197        0.05493407
12    227      2    -1279.13634602        0.05493407
12    228      2    -1278.72596448        0.05493407
12    229      2    -1284.88291039        0.05493407
13      0      2    -1307.06336364        0.05498761
13      1      2    -1279.43199327        0.05498761
13      2      2    -1316.49790446        0.05498761
13      3      2    -1296.97049200        0.05498761
13      4      2    -1303.68723094        0.05498761
13      5      2    -1269.48239749        0.05498761
13      6      2    -1310.37836154        0.05498761
13      7      2    -1289.37758027        0.05498761
13      8      2    -1281.69876758        0.05498761
13      9      2    -1298.04346294        0.05498761
13     10      2    -1330.25034432        0.05498761
13     11      2    -1285.38663657        0.05498761
13     12      2    -1333.58462470        0.05498761
13     13      2    -1278.36680487        0.05498761
13     14      2    -1322.15350470        0.05498761
13     15      2    -1301.81591828        0.05498761
13     16      2    -1312.47979117        0.05498761
13     17      2    -1277.64103367        0.05498761
13     18      2    -1277.64103367        0.05498761
13     19      2    -1277.64103367        0.05498761
13     20      2    -1277.64103367        0.05498761
13     21      2    -1277.64103367        0.05498761
13     22      2    -1277.64103367        0.05498761
13     23      2    -1277.64103367        0.05498761
13     24      2    -1277.64103367        0.05498761
13     25      2    -1277.64103367        0.05498761
13     26      2    -1277.64103367        0.05498761
13     27      2    -1277.64103367        0.05498761
13     28      2    -1329.32383683        0.05498761
13     29      2    -1298.32743255        0.05498761
13     30      2    -1358.02707278        0.05498761
13     31      2    -1277.53764803        0.05498761
13     32      2    -1348.47483574        0.05498761
13     33      2    -1308.75297250        0.05498761
13     34      2    -1308.66105445        0.05498761
13     35      2    -1320.00019884        0.05498761
13     36      2    -1333.97446930        0.05498761
13     37      2    -1305.29286356        0.05498761
13     38      2    -1327.01844228        0.05498761
13     39      2    -1310.62827948        0.05498761
13     40      2    -1336.33266310        0.05498761
13     41      2    -1313.14328373        0.05498761
13     42      2    -1329.04819624        0.05498761
13     43      2    -1321.35993206        0.05498761
13     44      2    -1328.00950164        0.05498761
13     45      2    -1328.11837341        0.05498761
13     46      2    -1315.11619401        0.05498761
13     47      2    -1336.19328957        0.05498761
13     48      2    -1314.16319886        0.05498761
13     49      2    -1325.64920455        0.05498761
13     50      2    -1333.76127081        0.05498761
13     51      2    -1315.98914937        0.05498761
13     52      2    -1341.51848442        0.05498761
13     53      2    -1324.44125135        0.05498761
13     54      2    -1331.72018250        0.05498761
13     55      2    -1330.88089732        0.05498761
13     56      2    -1331.44781205        0.05498761
13     57      2    -1330.10315568        0.05498761
13     58      2    -1331.90738218        0.05498761
13     59      2    -1329.54735124        0.05498761
13     60      2    -1333.21550744        0.05498761
13     61      2    -1312.23036367        0.05498761
13     62      2    -1356.35618546        0.05498761
13     63      2    -1299.49432841        0.05498761
13     64      2    -1360.65594925        0.05498761
13     65      2    -1301.52264036        0.05498761
13     66      2    -1350.20402383        0.05498761
13     67      2    -1316.60300786        0.05498761
13     68      2    -1333.84531343        0.05498761
13     69      2    -1332.06832375        0.05498761
13     70      2    -1454.03504639        0.05498761
13     71      2    -1330.50765884        0.05498761
13     72      2    -1327.64295786        0.05498761
13     73      2    -1330.89416437        0.05498761
13     74      2    -1331.86578272        0.05498761
13     75      2    -1325.70747898        0.05498761
13     76      2    -1340.12850597        0.05498761
13     77      2    -1310.46196986        0.05498761
13     78      2    -1364.03970147        0.05498761
13     79      2    -1305.56657777        0.05498761
13     80      2    -1332.54139473        0.05498761
13     81      2    -1324.52165569        0.05498761
13     82      2    -1323.84104207        0.05498761
13     83      2    -1313.74547831        0.05498761
13     84      2    -1332.00643028        0.05498761
13     85      2    -1308.11637536        0.05498761
13     86      2    -1322.45163952        0.05498761
13     87      2    -1301.05149308        0.05498761
13     88      2    -1314.58364714        0.05498761
13     89      2    -1300.67914025        0.05498761
13     90      2    -1310.00149339        0.05498761
13     91      2    -1297.77577708        0.05498761
13     92      2    -1308.60288366        0.05498761
13     93      2    -1297.58379742        0.05498761
13     94      2    -1301.38704638        0.05498761
13     95      2    -1295.09835825        0.05498761
13     96      2    -1297.94776652        0.05498761
13     97      2    -1290.12728425        0.05498761
13     98      2    -1290.15877571        0.05498761
13     99      2    -1308.65765775        0.05498761
13    100      2    -1277.64103367        0.05498761
13    101      2    -1375.83443179        0.05498761
13    102      2    -1277.64103367        0.05498761
13    103      2    -1277.64103367        0.05498761
13    104      2    -1277.64103367        0.05498761
13    105      2    -1277.64103367        0.05498761
13    106      2    -1277.64103367        0.05498761
13    107      2    -1277.64103367        0.05498761
13    108      2    -1277.64103367        0.05498761
13    109      2    -1277.64103367        0.05498761
13    110      2    -1277.64103367        0.05498761
13    111      2    -1295.25011997        0.05498761
13    112      2    -1300.31321867        0.05498761
13    113      2    -1277.64103367        0.05498761
13    114      2    -1305.25335020        0.05498761
13    115      2    -1275.65107278        0.05498761
13    116      2    -1279.60991591        0.05498761
13    117      2    -1282.27433710        0.05498761
13    118      2    -1282.12933271        0.05498761
13    119      2    -1278.54589718        0.05498761
13    120      2    -1284.83987972        0.05498761
13    121      2    -1282.85616573        0.05498761
13    122      2    -1286.85120616        0.05498761
13    123      2    -1286.22159072        0.05498761
13    124      2    -1289.21091082        0.05498761
13    125      2    -1288.09602994        0.05498761
13    126      2    -1289.33293221        0.05498761
13    127      2    -1289.40551631        0.05498761
13    128      2    -1293.12533538        0.05498761
13    129      2    -1294.35370122        0.05498761
13    130      2    -1295.48638780        0.05498761
13    131      2    -1296.61523846        0.05498761
13    132      2    -1303.03222997        0.05498761
13    133      2    -1301.65179511        0.05498761
13    134      2    -1302.62619000        0.05498761
13    135      2    -1304.45687373        0.05498761
13    136      2    -1303.84897346        0.05498761
13    137      2    -1306.14516225        0.05498761
13    138      2    -1308.10206518        0.05498761
13    139      2    -1305.04770620        0.05498761
13    140      2    -1308.42825339        0.05498761
13    141      2    -1307.11991430        0.05498761
13    142      2    -1314.07643674        0.05498761
13    143      2    -1309.79648060        0.05498761
13    144      2    -1319.04423974        0.05498761
13    145      2    -1317.38248654        0.05498761
13    146      2    -1326.20416512        0.05498761
13    147      2    -1321.95691356        0.05498761
13    148      2    -1326.29717453        0.05498761
13    149      2    -1328.78893445        0.05498761
13    150      2    -1331.05144915        0.05498761
13    151      2    -1329.93035414        0.05498761
13    152      2    -1334.37799190        0.05498761
13    153      2    -1329.53881395        0.05498761
13    154      2    -1335.91770217        0.05498761
13    155      2    -1332.50590528        0.05498761
13    156      2    -1336.30460304        0.05498761
13    157      2    -1333.20980774        0.05498761
13    158      2    -1335.99971724        0.05498761
13    159      2    -1339.13944367        0.05498761
13    160      2    -1335.54964012        0.05498761
13    161      2    -1342.61991798        0.05498761
13    162      2    -1336.01524793        0.05498761
13    163      2    -1341.42124420        0.05498761
13    164      2    -1335.17930743        0.05498761
13    165      2    -1340.78335176        0.05498761
13    166      2    -1339.85747973        0.05498761
13    167      2    -1340.26623527        0.05498761
13    168      2    -1336.58635540        0.05498761
13    169      2    -1343.53435277        0.05498761
13    170      2    -1336.56799272        0.05498761
13    171      2    -1337.31541339        0.05498761
13    172      2    -1338.60852292        0.05498761
13    173      2    -1339.51489184        0.05498761
13    174      2    -1340.15062219        0.05498761
13    175      2    -1328.35726192        0.05498761
13    176      2    -1337.29172365        0.05498761
13    177      2    -1334.46087208        0.05498761
13    178      2    -1325.07847756        0.05498761
13    179      2    -1344.45640291        0.05498761
13    180      2    -1321.30941016        0.05498761
13    181      2    -1329.77263444        0.05498761
13    182      2    -1329.68606673        0.05498761
13    183      2    -1326.59994541        0.05498761
13    184      2    -1321.46134152        0.05498761
13    185      2    -1318.80218433        0.05498761
13    186      2    -1277.64103367        0.05498761
13    187      2    -1277.64103367        0.05498761
13    188      2    -1277.64103367        0.05498761
13    189      2    -1277.64103367        0.05498761
13    190      2    -1277.64103367        0.05498761
13    191      2    -1277.64103367        0.05498761
13    192      2    -1277.64103367        0.05498761
13    193      2    -1277.64103367        0.05498761
13    194      2    -1277.64103367        0.05498761
13    195      2    -1277.64103367        0.05498761
13    196      2    -1277.64103367        0.05498761
13    197      2    -1271.66678247        0.05498761
13    198      2    -1241.55247878        0.05498761
13    199      2    -1294.19998299        0.05498761
13    200      2    -1226.33688961        0.05498761
13    201      2    -1258.01491010        0.05498761
13    202      2    -1233.85518481        0.05498761
13    203      2    -1210.53021516        0.05498761
13    204      2    -1209.31584933        0.05498761
13    205      2    -1215.44153784        0.05498761
13    206      2    -1187.02674779        0.05498761
13    207      2    -1212.63392209        0.05498761
13    208      2    -1161.20366751        0.05498761
13    209      2    -1150.93094162        0.05498761
13    210      2    -1156.30597301        0.05498761
13    211      2    -1173.31402080        0.05498761
13    212      2    -1153.14358969        0.05498761
13    213      2    -1131.99048289        0.05498761
14      0      2    -1211.31312291        0.05496913
14      1      2    -1227.72512160        0.05496913
14      2      2    -1217.81198827        0.05496913
14      3      2    -1278.59591386        0.05496913
14      4      2    -1278.59591386        0.05496913
14      5      2    -1278.59591386        0.05496913
14      6      2    -1278.59591386        0.05496913
14      7      2    -1278.59591386        0.05496913
14      8      2    -1278.59591386        0.05496913
14      9      2    -1278.59591386        0.05496913
14     10      2    -1278.59591386        0.05496913
14     11      2    -1278.59591386        0.05496913
14     12      2    -1278.59591386        0.05496913
14     13      2    -1278.59591386        0.05496913
14     14      2    -1259.29659357        0.05496913
14     15      2    -1273.11015743        0.05496913
14     16      2    -1271.24234486        0.05496913
14     17      2    -1272.50781511        0.05496913
14     18      2    -1278.35769889        0.05496913
14     19      2    -1283.95317165        0.05496913
14     20      2    -1269.05991457        0.05496913
14     21      2    -1288.51467272        0.05496913
14     22      2    -1268.81956069        0.05496913
14     23      2    -1287.90763039        0.05496913
14     24      2    -1263.66367794        0.05496913
14     25      2    -1290.16607169        0.05496913
14     26      2    -1279.09262307        0.05496913
14     27      2    -1282.91406318        0.05496913
14     28      2    -1276.29026123        0.05496913
14     29      2    -1298.49167346        0.05496913
14     30      2    -1264.81779904        0.05496913
14     31      2    -1320.88589548        0.05496913
14     32      2    -1261.24572601        0.05496913
14     33      2    -1289.66211068        0.05496913
14     34      2    -1295.49440937        0.05496913
14     35      2    -1256.39906803        0.05496913
14     36      2    -1317.93662198        0.05496913
14     37      2    -1265.29283924        0.05496913
14     38      2    -1291.56381679        0.05496913
14     39      2    -1289.62004593        0.05496913
14     40      2    -1287.60047477        0.05496913
14     41      2    -1275.47498168        0.05496913
14     42      2    -1296.04526814        0.05496913
14     43      2    -1273.84298468        0.05496913
14     44      2    -1294.46857016        0.05496913
14     45      2    -1295.31148795        0.05496913
14     46      2    -1278.32905956        0.05496913
14     47      2    -1298.72707732        0.05496913
14     48      2    -1272.80447158        0.05496913
14     49      2    -1296.16834429        0.05496913
14     50      2    -1285.73084569        0.05496913
14     51      2    -1293.70201791        0.05496913
14     52      2    -1285.58303677        0.05496913
14     53      2    -1295.41406352        0.05496913
14     54      2    -1280.09873182        0.05496913
14     55      2    -1303.58001203        0.05496913
14     56      2    -1272.46494169        0.05496913
14     57      2    -1302.10273267        0.05496913
14     58      2    -1282.05860698        0.05496913
14     59      2    -1298.55236231        0.05496913
14     60      2    -1283.51146870        0.05496913
14     61      2    -1300.72526431        0.05496913
14     62      2    -1286.35201425        0.05496913
14     63      2    -1290.64057966        0.05496913
14     64      2    -1266.00030742        0.05496913
14     65      2    -1295.98903187        0.05496913
14     66      2    -1285.40793036        0.05496913
14     67      2    -1293.72953104        0.05496913
14     68      2    -1282.27296341        0.05496913
14     69      2    -1255.96799809        0.05496913
14     70      2    -1315.36837309        0.05496913
14     71      2    -1259.98820915        0.05496913
14     72      2    -1264.73136439        0.05496913
14     73      2    -1318.12301664        0.05496913
14     74      2    -1264.05015542        0.05496913
14     75      2    -1290.94850599        0.05496913
14     76      2    -1278.67973795        0.05496913
14     77      2    -1265.52484196        0.05496913
14     78      2    -1309.46870497        0.05496913
14     79      2    -1384.84332992        0.05496913
14     80      2    -1252.33806920        0.05496913
14     81      2    -1277.09169935        0.05496913
14     82      2    -1267.14468210        0.05496913
14     83      2    -1276.46764895        0.05496913
14     84      2    -1262.02440204        0.05496913
14     85      2    -1269.26924294        0.05496913
14     86      2    -1257.71709387        0.05496913
14     87      2    -1269.87455337        0.05496913
14     88      2    -1256.49040937        0.05496913
14     89      2    -1264.25555893        0.05496913
14     90      2    -1251.32909060        0.05496913
14     91      2    -1262.97936204        0.05496913
14     92      2    -1247.18406797        0.05496913
14     93      2    -1257.32416159        0.05496913
14     94      2    -1239.90308617        0.05496913
14     95      2    -1278.59591386        0.05496913
14     96      2    -1242.22778755        0.05496913
14     97      2    -1278.59591386        0.05496913
14     98      2    -1278.59591386        0.05496913
14     99      2    -1278.59591386        0.05496913
14    100      2    -1278.59591386        0.05496913
14    101      2    -1278.59591386        0.05496913
14    102      2    -1219.87257958        0.05496913
14    103      2    -1324.97351476        0.05496913
14    104      2    -1236.35781000        0.05496913
14    105      2    -1242.27896058        0.05496913
14    106      2    -1252.63319432        0.05496913
14    107      2    -1242.22831559        0.05496913
14    108      2    -1270.19090827        0.05496913
14    109      2    -1220.01408897        0.05496913
14    110      2    -1278.59591386        0.05496913
14    111      2    -1278.59591386        0.05496913
14    112      2    -1278.59591386        0.05496913
14    113      2    -1278.59591386        0.05496913
14    114      2    -1278.59591386        0.05496913
14    115      2    -1285.94967066        0.05496913
14    116      2    -1275.14469191        0.05496913
14    117      2    -1253.99945848        0.05496913
14    118      2    -1255.05741287        0.05496913
14    119      2    -1248.17579049        0.05496913
14    120      2    -1259.31543950        0.05496913
14    121      2    -1250.67076749        0.05496913
14    122      2    -1258.94721151        0.05496913
14    123      2    -1253.66890101        0.05496913
14    124      2    -1260.73080391        0.05496913
14    125      2    -1255.06138568        0.05496913
14    126      2    -1260.91672872        0.05496913
14    127      2    -1253.24445246        0.05496913
14    128      2    -1263.18720713        0.05496913
14    129      2    -1258.13247393        0.05496913
14    130      2    -1264.24516673        0.05496913
14    131      2    -1259.09262669        0.05496913
14    132      2    -1265.29173096        0.05496913
14    133      2    -1263.01550185        0.05496913
14    134      2    -1268.80568241        0.05496913
14    135      2    -1264.69080728        0.05496913
14    136      2    -1269.22464866        0.05496913
14    137      2    -1267.07304633        0.05496913
14    138      2    -1272.03079342        0.05496913
14    139      2    -1269.51900670        0.05496913
14    140      2    -1276.37535344        0.05496913
14    141      2    -1276.26936156        0.05496913
14    142      2    -1275.99293291        0.05496913
14    143      2    -1277.57687422        0.05496913
14    144      2    -1280.55745548        0.05496913
14    145      2    -1278.43150570        0.05496913
14    146      2    -1284.88456687        0.05496913
14    147      2    -1281.50207902        0.05496913
14    148      2    -1285.56710600        0.05496913
14    149      2    -1287.23410532        0.05496913
14    150      2    -1290.58304899        0.05496913
14    151      2    -1292.75467135        0.05496913
14    152      2    -1290.26097955        0.05496913
14    153      2    -1295.89490505        0.05496913
14    154      2    -1295.03645282        0.05496913
14    155      2    -1295.35198089        0.05496913
14    156      2    -1298.84523667        0.05496913
14    157      2    -1295.96400354        0.05496913
14    158      2    -1300.16711870        0.05496913
14    159      2    -1294.57974387        0.05496913
14    160      2    -1301.16456526        0.05496913
14    161      2    -1297.68987824        0.05496913
14    162      2    -1291.91598533        0.05496913
14    163      2    -1296.02102556        0.05496913
14    164      2    -1297.87749160        0.05496913
14    165      2    -1291.58429057        0.05496913
14    166      2    -1300.84114993        0.05496913
14    167      2    -1292.28214136        0.05496913
14    168      2    -1303.42196442        0.05496913
14    169      2    -1291.51936850        0.05496913
14    170      2    -1304.78198494        0.05496913
14    171      2    -1279.89703386        0.05496913
14    172      2    -1299.06873164        0.05496913
14    173      2    -1290.16915542        0.05496913
14    174      2    -1294.04119771        0.05496913
14    175      2    -1289.29279286        0.05496913
14    176      2    -1290.33779688        0.05496913
14    177      2    -1291.84920498        0.05496913
14    178      2    -1291.01204193        0.05496913
14    179      2    -1292.56743999        0.05496913
14    180      2    -1288.46147329        0.05496913
14    181      2    -1291.78818726        0.05496913
14    182      2    -1289.90006980        0.05496913
14    183      2    -1301.90911664        0.05496913
14    184      2    -1279.27211661        0.05496913
14    185      2    -1298.05055787        0.05496913
14    186      2    -1282.45550891        0.05496913
14    187      2    -1290.14709440        0.05496913
14    188      2    -1293.03535170        0.05496913
14    189      2    -1275.15203014        0.05496913
14    190      2    -1277.47065620        0.05496913
14    191      2    -1279.42379881        0.05496913
14    192      2    -1284.73747347        0.05496913
14    193      2    -1246.76567552        0.05496913
14    194      2    -1286.09075738        0.05496913
14    195      2    -1255.22048242        0.05496913
14    196      2    -1247.36333419        0.05496913
14    197      2    -1244.61582232        0.05496913
14    198      2    -1278.59591386        0.05496913
14    199      2    -1278.59591386        0.05496913
14    200      2    -1278.59591386        0.05496913
14    201      2    -1278.59591386        0.05496913
14    202      2    -1278.59591386        0.05496913
14    203      2    -1278.59591386        0.05496913
14    204      2    -1278.59591386        0.05496913
14    205      2    -1278.59591386        0.05496913
14    206      2    -1278.59591386        0.05496913
14    207      2    -1278.59591386        0.05496913
14    208      2    -1063.98144823        0.05496913
14    209      2    -1084.74932915        0.05496913
14    210      2    -1041.73637605        0.05496913
14    211      2     -913.05966798        0.05496913
15      0      2    -1278.97297503        0.05499102
15      1      2    -1278.97297503        0.05499102
15      2      2    -1278.97297503        0.05499102
15      3      2    -1278.97297503        0.05499102
15      4      2    -1215.63757908        0.05499102
15      5      2    -1220.67657517        0.05499102
15      6      2    -1226.83512528        0.05499102
15      7      2    -1230.39997272        0.05499102
15      8      2    -1239.46433540        0.05499102
15      9      2    -1234.09830091        0.05499102
15     10      2    -1263.33359671        0.05499102
15     11      2    -1236.49050113        0.05499102
15     12      2    -1264.41715097        0.05499102
15     13      2    -1253.61535220        0.05499102
15     14      2    -1261.56623939        0.05499102
15     15      2    -1261.92043559        0.05499102
15     16      2    -1263.83382547        0.05499102
15     17      2    -1269.57263212        0.05499102
15     18      2    -1266.33173370        0.05499102
15     19      2    -1262.32272137        0.05499102
15     20      2    -1283.81438335        0.05499102
15     21      2    -1261.26978335        0.05499102
15     22      2    -1267.45331942        0.05499102
15     23      2    -1281.31939386        0.05499102
15     24      2    -1247.63599876        0.05499102
15     25      2    -1295.85314393        0.05499102
15     26      2    -1262.24457465        0.05499102
15     27      2    -1271.77970796        0.05499102
15     28      2    -1286.93285109        0.05499102
15     29      2    -1277.94792998        0.05499102
15     30      2    -1268.73223601        0.05499102
15     31      2    -1279.18047169        0.05499102
15     32      2    -1279.43839144        0.05499102
15     33      2    -1618.62930418        0.05499102
15     34      2    -1283.40355959        0.05499102
15     35      2    -1273.53311983        0.05499102
15     36      2    -1279.70062903        0.05499102
15     37      2    -1279.58975997        0.05499102
15     38      2    -1270.48183713        0.05499102
15     39      2    -1278.04251281        0.05499102
15     40      2    -1281.26975724        0.05499102
15     41      2    -1269.33907918        0.05499102
15     42      2    -1290.52072499        0.05499102
15     43      2    -1263.81170924        0.05499102
15     44      2    -1285.49386037        0.05499102
15     45      2    -1284.31837793        0.05499102
15     46      2    -1271.23885694        0.05499102
15     47      2    -1299.97724621        0.05499102
15     48      2    -1270.31213174        0.05499102
15     49      2    -1287.97551991        0.05499102
15     50      2    -1286.71132241        0.05499102
15     51      2    -1281.16839070        0.05499102
15     52      2    -1291.30013583        0.05499102
15     53      2    -1289.70747182        0.05499102
15     54      2    -1290.96506063        0.05499102
15     55      2    -1288.15580774        0.05499102
15     56      2    -1291.48503167        0.05499102
15     57      2    -1291.53995223        0.05499102
15     58      2    -1306.35177884        0.05499102
15     59      2    -1272.51471124        0.05499102
15     60      2    -1315.52704624        0.05499102
15     61      2    -1268.19024139        0.05499102
15     62      2    -1303.15649468        0.05499102
15     63      2    -1427.13789474        0.05499102
15     64      2    -1301.58708438        0.05499102
15     65      2    -1286.49454704        0.05499102
15     66      2    -1438.31283224        0.05499102
15     67      2    -1287.53289697        0.05499102
15     68      2    -1261.80451654        0.05499102
15     69      2    -1305.15390676        0.05499102
15     70      2    -1294.93245159        0.05499102
15     71      2    -1271.85065471        0.05499102
15     72      2    -1305.24849173        0.05499102
15     73      2    -1281.01017995        0.05499102
15     74      2    -1298.00364896        0.05499102
15     75      2    -1274.22491304        0.05499102
15     76      2    -1292.61811616        0.05499102
15     77      2    -1267.47809442        0.05499102
15     78      2    -1381.09107089        0.05499102
15     79      2    -1256.90597040        0.05499102
15     80      2    -1281.76176091        0.05499102
15     81      2    -1270.34175326        0.05499102
15     82      2    -1284.10049526        0.05499102
15     83      2    -1254.92528786        0.05499102
15     84      2    -1283.05775870        0.05499102
15     85      2    -1260.05142828        0.05499102
15     86      2    -1273.73379319        0.05499102
15     87      2    -1259.75230339        0.05499102
15     88      2    -1267.26949444        0.05499102
15     89      2    -1259.68658182        0.05499102
15     90      2    -1262.86366157        0.05499102
15     91      2    -1273.94739827        0.05499102
15     92      2    -1278.97297503        0.05499102
15     93      2    -1278.97297503        0.05499102
15     94      2    -1278.97297503        0.05499102
15     95      2    -1278.97297503        0.05499102
15     96      2    -1278.97297503        0.05499102
15     97      2    -1278.97297503        0.05499102
15     98      2    -1278.97297503        0.05499102
15     99      2    -1235.34038085        0.05499102
15    100      2    -1273.77942041        0.05499102
15    101      2    -1247.06495221        0.05499102
15    102      2    -1257.93258839        0.05499102
15    103      2    -1246.95490964        0.05499102
15    104      2    -1254.49790465        0.05499102
15    105      2    -1248.54930547        0.05499102
15    106      2    -1253.55913091        0.05499102
15    107      2    -1245.82761172        0.05499102
15    108      2    -1245.97217713        0.05499102
15    109      2    -1239.76345289        0.05499102
15    110      2    -1244.55111059        0.05499102
15    111      2    -1236.49064801        0.05499102
15    112      2    -1237.14109858        0.05499102
15    113      2    -1279.16648848        0.05499102
15    114      2    -1160.35189917        0.05499102
15    115      2    -1252.91976894        0.05499102
15    116      2    -1278.97297503        0.05499102
15    117      2    -1278.97297503        0.05499102
15    118      2    -1278.97297503        0.05499102
15    119      2    -1278.97297503        0.05499102
15    120      2    -1278.97297503        0.05499102
15    121      2    -1357.70264142        0.05499102
15    122      2    -1266.86696665        0.05499102
15    123      2    -1245.70995702        0.05499102
15    124      2    -1253.69157612        0.05499102
15    125      2    -1252.99835487        0.05499102
15    126      2    -1253.67951398        0.05499102
15    127      2    -1252.91411221        0.05499102
15    128      2    -1252.47293205        0.05499102
15    129      2    -1250.85140214        0.05499102
15    130      2    -1254.60538407        0.05499102
15    131      2    -1253.08831394        0.05499102
15    132      2    -1254.25147459        0.05499102
15    133      2    -1255.70891411        0.05499102
15    134      2    -1254.82412075        0.05499102
15    135      2    -1253.76974544        0.05499102
15    136      2    -1258.24746060        0.05499102
15    137      2    -1256.36061018        0.05499102
15    138      2    -1258.57574221        0.05499102
15    139      2    -1257.47981796        0.05499102
15    140      2    -1259.88355901        0.05499102
15    141      2    -1261.11786596        0.05499102
15    142      2    -1261.45198095        0.05499102
15    143      2    -1266.15889216        0.05499102
15    144      2    -1264.74872199        0.05499102
15    145      2    -1269.44740980        0.05499102
15    146      2    -1272.02525740        0.05499102
15    147      2    -1269.75328187        0.05499102
15    148      2    -1274.13934969        0.05499102
15    149      2    -1269.96016050        0.05499102
15    150      2    -1282.24327224        0.05499102
15    151      2    -1270.85164901        0.05499102
15    152      2    -1283.55944914        0.05499102
15    153      2    -1278.17641516        0.05499102
15    154      2    -1283.69303865        0.05499102
15    155      2    -1283.31058585        0.05499102
15    156      2    -1283.50392592        0.05499102
15    157      2    -1280.88811827        0.05499102
15    158      2    -1281.84899915        0.05499102
15    159      2    -1285.37189444        0.05499102
15    160      2    -1288.50865741        0.05499102
15    161      2    -1284.84213702        0.05499102
15    162      2    -1293.82398169        0.05499102
15    163      2    -1286.36776563        0.05499102
15    164      2    -1292.37388852        0.05499102
15    165      2    -1290.67711228        0.05499102
15    166      2    -1290.46200567        0.05499102
15    167      2    -1290.06637638        0.05499102
15    168      2    -1292.11449455        0.05499102
15    169      2    -1287.67226459        0.05499102
15    170      2    -1295.10906679        0.05499102
15    171      2    -1283.43395059        0.05499102
15    172      2    -1295.53615230        0.05499102
15    173      2    -1279.41086929        0.05499102
15    174      2    -1300.52400555        0.05499102
15    175      2    -1275.09120999        0.05499102
15    176      2    -1296.92560728        0.05499102
15    177      2    -1282.08216941        0.05499102
15    178      2    -1293.56429782        0.05499102
15    179      2    -1281.63217433        0.05499102
15    180      2    -1294.52826847        0.05499102
15    181      2    -1279.27398358        0.05499102
15    182      2    -1291.67652947        0.05499102
15    183      2    -1279.86782131        0.05499102
15    184      2    -1295.69661499        0.05499102
15    185      2    -1278.07511087        0.05499102
15    186      2    -1296.00677008        0.05499102
15    187      2    -1284.79443085        0.05499102
15    188      2    -1290.21007959        0.05499102
15    189      2    -1271.16569979        0.05499102
15    190      2    -1295.03123918        0.05499102
15    191      2    -1270.01350060        0.05499102
15    192      2    -1284.84714482        0.05499102
15    193      2    -1285.74910337        0.05499102
15    194      2    -1273.54957146        0.05499102
15    195      2    -1272.78818409        0.05499102
15    196      2    -1278.28102608        0.05499102
15    197      2    -1268.57021012        0.05499102
15    198      2    -1279.45725563        0.05499102
15    199      2    -1252.47617932        0.05499102
15    200      2    -1263.95718066        0.05499102
15    201      2    -1228.32402913        0.05499102
15    202      2    -1292.23081029        0.05499102
15    203      2    -1214.76682463        0.05499102
15    204      2    -1235.93473904        0.05499102
15    205      2    -1213.27079570        0.05499102
15    206      2    -1211.02435277        0.05499102
15    207      2    -1156.84561255        0.05499102
15    208      2    -1185.44973661        0.05499102
15    209      2    -1128.16058701        0.05499102
15    210      2    -1278.97297503        0.05499102
15    211      2    -1278.97297503        0.05499102
15    212      2    -1278.97297503        0.05499102
15    213      2    -1278.97297503        0.05499102
16      0      2    -1138.43640593        0.05502424
16      1      2    -1201.67335776        0.05502424
16      2      2    -1178.84611098        0.05502424
16      3      2    -1222.94305459        0.05502424
16      4      2    -1211.60822734        0.05502424
16      5      2    -1246.59835702        0.05502424
16      6      2    -1245.15972169        0.05502424
16      7      2    -1246.67462151        0.05502424
16      8      2    -1267.83650863        0.05502424
16      9      2    -1260.30569879        0.05502424
16     10      2    -1275.58942121        0.05502424
16     11      2    -1279.40533632        0.05502424
16     12      2    -1282.70116632        0.05502424
16     13      2    -1295.55141494        0.05502424
16     14      2    -1275.99763009        0.05502424
16     15      2    -1305.13099112        0.05502424
16     16      2    -1292.92349600        0.05502424
16     17      2    -1292.86922875        0.05502424
16     18      2    -1298.33529386        0.05502424
16     19      2    -1305.56704925        0.05502424
16     20      2    -1293.12393564        0.05502424
16     21      2    -1297.11815334        0.05502424
16     22      2    -1308.13395169        0.05502424
16     23      2    -1301.15370076        0.05502424
16     24      2    -1307.28769214        0.05502424
16     25      2    -1311.04457682        0.05502424
16     26      2    -1296.56597717        0.05502424
16     27      2    -1314.00613240        0.05502424
16     28      2    -1310.47228903        0.05502424
16     29      2    -1302.85679619        0.05502424
16     30      2    -1305.97814931        0.05502424
16     31      2    -1307.25301670        0.05502424
16     32      2    -1303.36080276        0.05502424
16     33      2    -1319.11028735        0.05502424
16     34      2    -1296.83529196        0.05502424
16     35      2    -1312.06079880        0.05502424
16     36      2    -1314.45358624        0.05502424
16     37      2    -1304.92345285        0.05502424
16     38      2    -1292.98587431        0.05502424
16     39      2    -1336.75192326        0.05502424
16     40      2    -1274.98883830        0.05502424
16     41      2    -1335.73368663        0.05502424
16     42      2    -1290.82847618        0.05502424
16     43      2    -1308.98257650        0.05502424
16     44      2    -1322.27268397        0.05502424
16     45      2    -1297.71875593        0.05502424
16     46      2    -1317.79547308        0.05502424
16     47      2    -1326.49178340        0.05502424
16     48      2    -1298.72938633        0.05502424
16     49      2    -1341.28165032        0.05502424
16     50      2    -1308.67015456        0.05502424
16     51      2    -1322.01232376        0.05502424
16     52      2    -1314.31842461        0.05502424
16     53      2    -1314.28411185        0.05502424
16     54      2    -1316.38653048        0.05502424
16     55      2    -1322.84509411        0.05502424
16     56      2    -1328.26812685        0.05502424
16     57      2    -1306.19612263        0.05502424
16     58      2    -1345.92208112        0.05502424
16     59      2    -1311.49780272        0.05502424
16     60      2    -1315.20958002        0.05502424
16     61      2    -1337.68404505        0.05502424
16     62      2    -1327.50748928        0.05502424
16     63      2    -1320.14377529        0.05502424
16     64      2    -1339.45060362        0.05502424
16     65      2    -1310.78992229        0.05502424
16     66      2    -1333.49100351        0.05502424
16     67      2    -1314.70681329        0.05502424
16     68      2    -1332.93875325        0.05502424
16     69      2    -1330.93345384        0.05502424
16     70      2    -1325.90031452        0.05502424
16     71      2    -1325.98862590        0.05502424
16     72      2    -1331.06982267        0.05502424
16     73      2    -1315.92189465        0.05502424
16     74      2    -1322.80254390        0.05502424
16     75      2    -1311.20732717        0.05502424
16     76      2    -1304.41528689        0.05502424
16     77      2    -1392.10038530        0.05502424
16     78      2    -1302.39674633        0.05502424
16     79      2    -1302.95271887        0.05502424
16     80      2    -1318.53634050        0.05502424
16     81      2    -1301.85244300        0.05502424
16     82      2    -1308.08572245        0.05502424
16     83      2    -1293.94604009        0.05502424
16     84      2    -1306.57083440        0.05502424
16     85      2    -1294.66008053        0.05502424
16     86      2    -1296.93775014        0.05502424
16     87      2    -1294.60241574        0.05502424
16     88      2    -1290.84474583        0.05502424
16     89      2    -1287.82571861        0.05502424
16     90      2    -1289.73160557        0.05502424
16     91      2    -1295.24054979        0.05502424
16     92      2    -1242.33274859        0.05502424
16     93      2    -1242.33274859        0.05502424
16     94      2    -1242.33274859        0.05502424
16     95      2    -1242.33274859        0.05502424
16     96      2    -1242.33274859        0.05502424
16     97      2    -1242.33274859        0.05502424
16     98      2    -1325.11432073        0.05502424
16     99      2    -1278.85973773        0.05502424
16    100      2    -1278.38183398        0.05502424
16    101      2    -1275.65310865        0.05502424
16    102      2    -1275.39480996        0.05502424
16    103      2    -1270.76236815        0.05502424
16    104      2    -1272.58418140        0.05502424
16    105      2    -1275.75945184        0.05502424
16    106      2    -1283.50474071        0.05502424
16    107      2    -1269.45249029        0.05502424
16    108      2    -1269.41923411        0.05502424
16    109      2    -1270.07101435        0.05502424
16    110      2    -1279.64982046        0.05502424
16    111      2    -1279.17813216        0.05502424
16    112      2    -1284.85684242        0.05502424
16    113      2    -1282.20477412        0.05502424
16    114      2    -1281.38578600        0.05502424
16    115      2    -1280.67534528        0.05502424
16    116      2    -1283.01527999        0.05502424
16    117      2    -1280.88875590        0.05502424
16    118      2    -1282.27563845        0.05502424
16    119      2    -1277.75111679        0.05502424
16    120      2    -1328.05204008        0.05502424
16    121      2    -1217.62721890        0.05502424
16    122      2    -1242.33274859        0.05502424
16    123      2    -1242.33274859        0.05502424
16    124      2    -1242.33274859        0.05502424
16    125      2    -1242.33274859        0.05502424
16    126      2    -1242.33274859        0.05502424
16    127      2    -1242.33274859        0.05502424
16    128      2    -1303.73073549        0.05502424
16    129      2    -1287.81886854        0.05502424
16    130      2    -1290.92262219        0.05502424
16    131      2    -1289.90909417        0.05502424
16    132      2    -1292.51772649        0.05502424
16    133      2    -1290.93910765        0.05502424
16    134      2    -1293.18691019        0.05502424
16    135      2    -1291.74288176        0.05502424
16    136      2    -1292.65896649        0.05502424
16    137      2    -1295.39561231        0.05502424
16    138      2    -1294.30547344        0.05502424
16    139      2    -1294.18356689        0.05502424
16    140      2    -1292.54453788        0.05502424
16    141      2    -1292.19539623        0.05502424
16    142      2    -1293.80209987        0.05502424
16    143      2    -1294.83907927        0.05502424
16    144      2    -1296.83324629        0.05502424
16    145      2    -1296.93658027        0.05502424
16    146      2    -1298.91917255        0.05502424
16    147      2    -1299.75138417        0.05502424
16    148      2    -1300.29742970        0.05502424
16    149      2    -1301.59924180        0.05502424
16    150      2    -1303.76222883        0.05502424
16    151      2    -1304.54462359        0.05502424
16    152      2    -1308.06138868        0.05502424
16    153      2    -1307.28249642        0.05502424
16    154      2    -1306.13409869        0.05502424
16    155      2    -1311.97127182        0.05502424
16    156      2    -1307.92623868        0.05502424
16    157      2    -1312.41529169        0.05502424
16    158      2    -1308.75788017        0.05502424
16    159      2    -1313.80227269        0.05502424
16    160      2    -1312.83793899        0.05502424
16    161      2    -1315.22062943        0.05502424
16    162      2    -1309.84064906        0.05502424
16    163      2    -1242.33274859        0.05502424
16    164      2    -1310.74446638        0.05502424
16    165      2    -1314.68509180        0.05502424
16    166      2    -1310.99297918        0.05502424
16    167      2    -1315.50311464        0.05502424
16    168      2    -1318.36561883        0.05502424
16    169      2    -1314.77755551        0.05502424
16    170      2    -1317.13329467        0.05502424
16    171      2    -1242.33274859        0.05502424
16    172      2    -1314.35660799        0.05502424
16    173      2    -1320.56221854        0.05502424
16    174      2    -1313.73436231        0.05502424
16    175      2    -1312.60989985        0.05502424
16    176      2    -1317.99791371        0.05502424
16    177      2    -1317.23890228        0.05502424
16    178      2    -1315.90708501        0.05502424
16    179      2    -1315.76352029        0.05502424
16    180      2    -1304.98665433        0.05502424
16    181      2    -1317.54715391        0.05502424
16    182      2    -1307.98381329        0.05502424
16    183      2    -1304.74511224        0.05502424
16    184      2    -1322.04392505        0.05502424
16    185      2    -1304.19827593        0.05502424
16    186      2    -1309.70121779        0.05502424
16    187      2    -1320.14532829        0.05502424
16    188      2    -1298.57960267        0.05502424
16    189      2    -1309.69285220        0.05502424
16    190      2    -1306.55825403        0.05502424
16    191      2    -1300.53211166        0.05502424
16    192      2    -1313.20854608        0.05502424
16    193      2    -1293.68753451        0.05502424
16    194      2    -1307.59926425        0.05502424
16    195      2    -1298.15478144        0.05502424
16    196      2    -1302.36780771        0.05502424
16    197      2    -1306.57513133        0.05502424
16    198      2    -1289.29567227        0.05502424
16    199      2    -1295.80584635        0.05502424
16    200      2    -1300.56952395        0.05502424
16    201      2    -1298.09137748        0.05502424
16    202      2    -1290.97837284        0.05502424
16    203      2    -1283.37874900        0.05502424
16    204      2    -1312.68209685        0.05502424
16    205      2    -1267.80012423        0.05502424
16    206      2    -1289.04050292        0.05502424
16    207      2    -1275.62067296        0.05502424
16    208      2    -1278.34269504        0.05502424
16    209      2    -1261.79609599        0.05502424
16    210      2    -1238.55904126        0.05502424
16    211      2    -1276.54567979        0.05502424
16    212      2    -1209.10783470        0.05502424
16    213      2    -1225.49425612        0.05502424
16    214      2    -1182.37470159        0.05502424
16    215      2    -1160.41073974        0.05502424
16    216      2    -1070.09625482        0.05502424
16    217      2    -1132.94569209        0.05502424
16    218      2    -1055.10346201        0.05502424
16    219      2    -1242.33274859        0.05502424
17      0      2    -1074.32266806        0.05496278
17      1      2    -1218.05726466        0.05496278
17      2      2    -1191.84551856        0.05496278
17      3      2    -1198.36400128        0.05496278
17      4      2    -1260.53614866        0.05496278
17      5      2    -1235.37702383        0.05496278
17      6      2    -1252.32142488        0.05496278
17      7      2    -1257.76460779        0.05496278
17      8      2    -1270.06537724        0.05496278
17      9      2    -1280.29167344        0.05496278
17     10      2    -1279.17190824        0.05496278
17     11      2    -1281.39905733        0.05496278
17     12      2    -1282.40185208        0.05496278
17     13      2    -1282.22834735        0.05496278
17     14      2    -1296.01388606        0.05496278
17     15      2    -1286.30897255        0.05496278
17     16      2    -1293.40301034        0.05496278
17     17      2    -1297.56746583        0.05496278
17     18      2    -1293.56802413        0.05496278
17     19      2    -1294.64673219        0.05496278
17     20      2    -1304.47814533        0.05496278
17     21      2    -1292.95265440        0.05496278
17     22      2    -1325.53780069        0.05496278
17     23      2    -1260.03071165        0.05496278
17     24      2    -1328.73797554        0.05496278
17     25      2    -1287.00874464        0.05496278
17     26      2    -1312.91318361        0.05496278
17     27      2    -1307.32445578        0.05496278
17     28      2    -1297.54230964        0.05496278
17     29      2    -1314.62977708        0.05496278
17     30      2    -1305.55710950        0.05496278
17     31      2    -1299.06815134        0.05496278
17     32      2    -1313.31022305        0.05496278
17     33      2    -1302.90046289        0.05496278
17     34      2    -1307.26386991        0.05496278
17     35      2    -1318.08597534        0.05496278
17     36      2    -1303.25569081        0.05496278
17     37      2    -1318.19098091        0.05496278
17     38      2    -1302.92962127        0.05496278
17     39      2    -1321.40955093        0.05496278
17     40      2    -1300.79008504        0.05496278
17     41      2    -1320.60133692        0.05496278
17     42      2    -1300.42402566        0.05496278
17     43      2    -1320.34520370        0.05496278
17     44      2    -1318.50858148        0.05496278
17     45      2    -1287.46275495        0.05496278
17     46      2    -1336.24118396        0.05496278
17     47      2    -1304.59667982        0.05496278
17     48      2    -1316.36611938        0.05496278
17     49      2    -1320.01568577        0.05496278
17     50      2    -1322.88262308        0.05496278
17     51      2    -1313.24848251        0.05496278
17     52      2    -1324.89895845        0.05496278
17     53      2    -1333.32104823        0.05496278
17     54      2    -1289.67150968        0.05496278
17     55      2    -1346.63080043        0.05496278
17     56      2    -1317.08114021        0.05496278
17     57      2    -1244.20898176        0.05496278
17     58      2    -1327.65940852        0.05496278
17     59      2    -1319.50113074        0.05496278
17     60      2    -1325.99009602        0.05496278
17     61      2    -1330.24982515        0.05496278
17     62      2    -1339.80079624        0.05496278
17     63      2    -1327.14568223        0.05496278
17     64      2    -1343.64214036        0.05496278
17     65      2    -1325.42423788        0.05496278
17     66      2    -1334.52828275        0.05496278
17     67      2    -1343.23063473        0.05496278
17     68      2    -1322.71366632        0.05496278
17     69      2    -1358.16715036        0.05496278
17     70      2    -1311.34184270        0.05496278
17     71      2    -1353.42619408        0.05496278
17     72      2    -1322.01099962        0.05496278
17     73      2    -1330.98993829        0.05496278
17     74      2    -1334.79383643        0.05496278
17     75      2    -1334.10472725        0.05496278
17     76      2    -1334.58377336        0.05496278
17     77      2    -1314.92895733        0.05496278
17     78      2    -1341.36608902        0.05496278
17     79      2    -1313.35611594        0.05496278
17     80      2    -1319.43351758        0.05496278
17     81      2    -1314.94387748        0.05496278
17     82      2    -1314.26631811        0.05496278
17     83      2    -1316.87121585        0.05496278
17     84      2    -1303.22335886        0.05496278
17     85      2    -1308.05253919        0.05496278
17     86      2    -1309.46230202        0.05496278
17     87      2    -1299.29641915        0.05496278
17     88      2    -1297.55278270        0.05496278
17     89      2    -1302.43719773        0.05496278
17     90      2    -1244.20898176        0.05496278
17     91      2    -1244.20898176        0.05496278
17     92      2    -1244.20898176        0.05496278
17     93      2    -1244.20898176        0.05496278
17     94      2    -1244.20898176        0.05496278
17     95      2    -1244.20898176        0.05496278
17     96      2    -1244.20898176        0.05496278
17     97      2    -1309.20447019        0.05496278
17     98      2    -1286.82979012        0.05496278
17     99      2    -1287.96705241        0.05496278
17    100      2    -1287.24161329        0.05496278
17    101      2    -1286.80300649        0.05496278
17    102      2    -1286.80089843        0.05496278
17    103      2    -1282.98738915        0.05496278
17    104      2    -1282.67256851        0.05496278
17    105      2    -1280.18674370        0.05496278
17    106      2    -1283.75276144        0.05496278
17    107      2    -1290.91869023        0.05496278
17    108      2    -1292.13040376        0.05496278
17    109      2    -1285.17909385        0.05496278
17    110      2    -1283.13103183        0.05496278
17    111      2    -1278.96214855        0.05496278
17    112      2    -1274.08041665        0.05496278
17    113      2    -1273.71613548        0.05496278
17    114      2    -1279.17489049        0.05496278
17    115      2    -1279.51537353        0.05496278
17    116      2    -1278.05006282        0.05496278
17    117      2    -1274.18585338        0.05496278
17    118      2    -1275.77000975        0.05496278
17    119      2    -1275.63659465        0.05496278
17    120      2    -1276.85376378        0.05496278
17    121      2    -1274.64452859        0.05496278
17    122      2    -1277.57616485        0.05496278
17    123      2    -1278.90877512        0.05496278
17    124      2    -1276.64475073        0.05496278
17    125      2    -1277.59218060        0.05496278
17    126      2    -1270.21192732        0.05496278
17    127      2    -1415.11541224        0.05496278
17    128      2    -1244.20898176        0.05496278
17    129      2    -1244.20898176        0.05496278
17    130      2    -1244.20898176        0.05496278
17    131      2    -1244.20898176        0.05496278
17    132      2    -1244.20898176        0.05496278
17    133      2    -1244.20898176        0.05496278
17    134      2    -1299.21777953        0.05496278
17    135      2    -1296.51965351        0.05496278
17    136      2    -1292.06593464        0.05496278
17    137      2    -1290.24252204        0.05496278
17    138      2    -1294.31404195        0.05496278
17    139      2    -1294.17766472        0.05496278
17    140      2    -1295.38816823        0.05496278
17    141      2    -1292.43808951        0.05496278
17    142      2    -1294.84807557        0.05496278
17    143      2    -1291.25844479        0.05496278
17    144      2    -1292.85808856        0.05496278
17    145      2    -1289.70631057        0.05496278
17    146      2    -1292.99124580        0.05496278
17    147      2    -1294.15984957        0.05496278
17    148      2    -1296.85779785        0.05496278
17    149      2    -1299.93045869        0.05496278
17    150      2    -1304.25031298        0.05496278
17    151      2    -1307.27397409        0.05496278
17    152      2    -1303.73355013        0.05496278
17    153      2    -1309.11737426        0.05496278
17    154      2    -1309.94139791        0.05496278
17    155      2    -1309.50810396        0.05496278
17    156      2    -1313.26373640        0.05496278
17    157      2    -1312.87995173        0.05496278
17    158      2    -1312.03524667        0.05496278
17    159      2    -1311.58034175        0.05496278
17    160      2    -1316.67015844        0.05496278
17    161      2    -1311.45188019        0.05496278
17    162      2    -1320.06553059        0.05496278
17    163      2    -1311.88595673        0.05496278
17    164      2    -1321.57291337        0.05496278
17    165      2    -1317.48567602        0.05496278
17    166      2    -1319.31254357        0.05496278
17    167      2    -1315.99441994        0.05496278
17    168      2    -1318.65500022        0.05496278
17    169      2    -1318.81638597        0.05496278
17    170      2    -1313.15704597        0.05496278
17    171      2    -1327.68804465        0.05496278
17    172      2    -1316.06745857        0.05496278
17    173      2    -1321.33872042        0.05496278
17    174      2    -1323.38320906        0.05496278
17    175      2    -1326.78580913        0.05496278
17    176      2    -1315.59583432        0.05496278
17    177      2    -1324.31998132        0.05496278
17    178      2    -1319.08880168        0.05496278
17    179      2    -1322.22437391        0.05496278
17    180      2    -1317.93782027        0.05496278
17    181      2    -1325.92308220        0.05496278
17    182      2    -1317.02998838        0.05496278
17    183      2    -1326.36013924        0.05496278
17    184      2    -1313.39695200        0.05496278
17    185      2    -1340.56495645        0.05496278
17    186      2    -1304.31391487        0.05496278
17    187      2    -1320.14532234        0.05496278
17    188      2    -1312.30545770        0.05496278
17    189      2    -1315.40599856        0.05496278
17    190      2    -1313.11972779        0.05496278
17    191      2    -1309.00590145        0.05496278
17    192      2    -1316.71080513        0.05496278
17    193      2    -1308.58315707        0.05496278
17    194      2    -1309.05777567        0.05496278
17    195      2    -1311.64404117        0.05496278
17    196      2    -1309.57585169        0.05496278
17    197      2    -1307.27907053        0.05496278
17    198      2    -1302.76745996        0.05496278
17    199      2    -1315.26913864        0.05496278
17    200      2    -1293.63732485        0.05496278
17    201      2    -1313.83157507        0.05496278
17    202      2    -1296.49176477        0.05496278
17    203      2    -1321.26041891        0.05496278
17    204      2    -1293.55352719        0.05496278
17    205      2    -1310.79911030        0.05496278
17    206      2    -1299.67093721        0.05496278
17    207      2    -1307.82755551        0.05496278
17    208      2    -1289.84347958        0.05496278
17    209      2    -1306.21974649        0.05496278
17    210      2    -1304.70687053        0.05496278
17    211      2    -1278.77171921        0.05496278
17    212      2    -1309.22284085        0.05496278
17    213      2    -1293.10984250        0.05496278
17    214      2    -1273.24756247        0.05496278
17    215      2    -1282.20630385        0.05496278
17    216      2    -1255.62907221        0.05496278
17    217      2    -1265.27053023        0.05496278
17    218      2    -1227.68649597        0.05496278
17    219      2    -1235.52576130        0.05496278
17    220      2    -1190.83262983        0.05496278
17    221      2    -1156.35690685        0.05496278
17    222      2    -1153.39424002        0.05496278
17    223      2    -1057.41788987        0.05496278
18      0      2    -1127.32541944        0.05504075
18      1      2    -1139.54611667        0.05504075
18      2      2    -1145.57705339        0.05504075
18      3      2    -1209.37958375        0.05504075
18      4      2    -1193.05003244        0.05504075
18      5      2    -1219.54720400        0.05504075
18      6      2    -1214.80504904        0.05504075
18      7      2    -1236.42763428        0.05504075
18      8      2    -1231.83942520        0.05504075
18      9      2    -1242.39160989        0.05504075
18     10      2    -1244.42445695        0.05504075
18     11      2    -1252.54941144        0.05504075
18     12      2    -1240.76556534        0.05504075
18     13      2    -1263.18418982        0.05504075
18     14      2    -1239.85377928        0.05504075
18     15      2    -1254.79152884        0.05504075
18     16      2    -1257.04038336        0.05504075
18     17      2    -1240.96727530        0.05504075
18     18      2    -1270.68810431        0.05504075
18     19      2    -1256.52269924        0.05504075
18     20      2    -1247.79678424        0.05504075
18     21      2    -1281.27373114        0.05504075
18     22      2    -1245.59130261        0.05504075
18     23      2    -1268.97807046        0.05504075
18     24      2    -1280.40910232        0.05504075
18     25      2    -1254.07034457        0.05504075
18     26      2    -1279.45284256        0.05504075
18     27      2    -1261.29152182        0.05504075
18     28      2    -1259.52497091        0.05504075
18     29      2    -1276.26126291        0.05504075
18     30      2    -1256.76322934        0.05504075
18     31      2    -1289.94175404        0.05504075
18     32      2    -1258.05690320        0.05504075
18     33      2    -1285.53326032        0.05504075
18     34      2    -1276.19914839        0.05504075
18     35      2    -1258.84578914        0.05504075
18     36      2    -1278.15179611        0.05504075
18     37      2    -1284.88438611        0.05504075
18     38      2    -1236.81900043        0.05504075
18     39      2    -1312.00470219        0.05504075
18     40      2    -1260.07539134        0.05504075
18     41      2    -1269.22001966        0.05504075
18     42      2    -1283.76019986        0.05504075
18     43      2    -1272.57741380        0.05504075
18     44      2    -1270.39094319        0.05504075
18     45      2    -1286.06188950        0.05504075
18     46      2    -1288.75010047        0.05504075
18     47      2    -1265.04526262        0.05504075
18     48      2    -1304.33349017        0.05504075
18     49      2    -1274.64651658        0.05504075
18     50      2    -1282.11806263        0.05504075
18     51      2    -1291.99861004        0.05504075
18     52      2    -1283.64838285        0.05504075
18     53      2    -1281.04355529        0.05504075
18     54      2    -1291.16941414        0.05504075
18     55      2    -1276.74424467        0.05504075
18     56      2    -1289.31037340        0.05504075
18     57      2    -1289.10227813        0.05504075
18     58      2    -1294.11633675        0.05504075
18     59      2    -1257.31172528        0.05504075
18     60      2    -1287.95959890        0.05504075
18     61      2    -1295.58591278        0.05504075
18     62      2    -1300.16701178        0.05504075
18     63      2    -1283.75846647        0.05504075
18     64      2    -1320.13597816        0.05504075
18     65      2    -1288.84905612        0.05504075
18     66      2    -1305.25824092        0.05504075
18     67      2    -1304.80133328        0.05504075
18     68      2    -1404.15449052        0.05504075
18     69      2    -1307.87369190        0.05504075
18     70      2    -1297.95268283        0.05504075
18     71      2    -1310.69774912        0.05504075
18     72      2    -1303.30539271        0.05504075
18     73      2    -1293.11899391        0.05504075
18     74      2    -1310.44720407        0.05504075
18     75      2    -1301.75937869        0.05504075
18     76      2    -1296.04904123        0.05504075
18     77      2    -1292.52624658        0.05504075
18     78      2    -1293.31519739        0.05504075
18     79      2    -1284.80945862        0.05504075
18     80      2    -1277.19201023        0.05504075
18     81      2    -1274.47987224        0.05504075
18     82      2    -1280.38259624        0.05504075
18     83      2    -1277.32023005        0.05504075
18     84      2    -1267.87250467        0.05504075
18     85      2    -1266.33904303        0.05504075
18     86      2    -1267.66368064        0.05504075
18     87      2    -1263.18608202        0.05504075
18     88      2    -1259.56923231        0.05504075
18     89      2    -1273.97032963        0.05504075
18     90      2    -1244.98666294        0.05504075
18     91      2    -1244.98666294        0.05504075
18     92      2    -1244.98666294        0.05504075
18     93      2    -1244.98666294        0.05504075
18     94      2    -1244.98666294        0.05504075
18     95      2    -1244.98666294        0.05504075
18     96      2    -1244.98666294        0.05504075
18     97      2    -1245.86426866        0.05504075
18     98      2    -1244.38430486        0.05504075
18     99      2    -1258.08868821        0.05504075
18    100      2    -1241.27742176        0.05504075
18    101      2    -1254.69192800        0.05504075
18    102      2    -1246.10704971        0.05504075
18    103      2    -1251.05204031        0.05504075
18    104      2    -1237.54777631        0.05504075
18    105      2    -1245.15977471        0.05504075
18    106      2    -1240.43953942        0.05504075
18    107      2    -1246.71602556        0.05504075
18    108      2    -1239.28769244        0.05504075
18    109      2    -1244.55922403        0.05504075
18    110      2    -1229.88990936        0.05504075
18    111      2    -1246.49322658        0.05504075
18    112      2    -1236.74307104        0.05504075
18    113      2    -1242.13187387        0.05504075
18    114      2    -1237.75514566        0.05504075
18    115      2    -1245.26160363        0.05504075
18    116      2    -1229.60597734        0.05504075
18    117      2    -1251.26981664        0.05504075
18    118      2    -1231.66263127        0.05504075
18    119      2    -1249.11245812        0.05504075
18    120      2    -1229.38251397        0.05504075
18    121      2    -1245.38798733        0.05504075
18    122      2    -1228.62405057        0.05504075
18    123      2    -1246.70122718        0.05504075
18    124      2    -1226.96054049        0.05504075
18    125      2    -1244.08940913        0.05504075
18    126      2    -1227.44721655        0.05504075
18    127      2    -1239.72215323        0.05504075
18    128      2    -1228.58365612        0.05504075
18    129      2    -1251.62122702        0.05504075
18    130      2    -1233.53278307        0.05504075
18    131      2    -1250.84894155        0.05504075
18    132      2    -1231.95139985        0.05504075
18    133      2    -1254.65834981        0.05504075
18    134      2    -1245.00065365        0.05504075
18    135      2    -1244.98666294        0.05504075
18    136      2    -1244.98666294        0.05504075
18    137      2    -1244.98666294        0.05504075
18    138      2    -1244.98666294        0.05504075
18    139      2    -1244.98666294        0.05504075
18    140      2    -1244.98666294        0.05504075
18    141      2    -1244.98666294        0.05504075
18    142      2    -1248.23541832        0.05504075
18    143      2    -1263.27137590        0.05504075
18    144      2    -1239.86401656        0.05504075
18    145      2    -1263.54329107        0.05504075
18    146      2    -1241.25514199        0.05504075
18    147      2    -1263.74957008        0.05504075
18    148      2    -1241.06469731        0.05504075
18    149      2    -1264.87586698        0.05504075
18    150      2    -1243.24067383        0.05504075
18    151      2    -1267.04475053        0.05504075
18    152      2    -1241.56659228        0.05504075
18    153      2    -1268.47326172        0.05504075
18    154      2    -1241.16766740        0.05504075
18    155      2    -1273.14827469        0.05504075
18    156      2    -1240.55266668        0.05504075
18    157      2    -1274.96633210        0.05504075
18    158      2    -1247.63515876        0.05504075
18    159      2    -1276.75139617        0.05504075
18    160      2    -1251.57264422        0.05504075
18    161      2    -1272.77708953        0.05504075
18    162      2    -1248.93078547        0.05504075
18    163      2    -1276.70440387        0.05504075
18    164      2    -1249.11179723        0.05504075
18    165      2    -1278.21863799        0.05504075
18    166      2    -1248.01830573        0.05504075
18    167      2    -1283.78591229        0.05504075
18    168      2    -1248.48229029        0.05504075
18    169      2    -1285.74719209        0.05504075
18    170      2    -1253.56758947        0.05504075
18    171      2    -1283.34763554        0.05504075
18    172      2    -1256.16856873        0.05504075
18    173      2    -1281.10096943        0.05504075
18    174      2    -1257.57647182        0.05504075
18    175      2    -1278.64546426        0.05504075
18    176      2    -1255.22365724        0.05504075
18    177      2    -1277.46340784        0.05504075
18    178      2    -1256.17148644        0.05504075
18    179      2    -1275.89789434        0.05504075
18    180      2    -1256.67211800        0.05504075
18    181      2    -1273.29115713        0.05504075
18    182      2    -1253.85717023        0.05504075
18    183      2    -1282.91728887        0.05504075
18    184      2    -1249.10696490        0.05504075
18    185      2    -1280.96063286        0.05504075
18    186      2    -1251.78813008        0.05504075
18    187      2    -1280.62265766        0.05504075
18    188      2    -1250.69898567        0.05504075
18    189      2    -1280.22619841        0.05504075
18    190      2    -1243.40952344        0.05504075
18    191      2    -1280.26493423        0.05504075
18    192      2    -1246.91688755        0.05504075
18    193      2    -1266.26082424        0.05504075
18    194      2    -1256.23680361        0.05504075
18    195      2    -1261.19589465        0.05504075
18    196      2    -1257.53100535        0.05504075
18    197      2    -1252.04182726        0.05504075
18    198      2    -1248.99304740        0.05504075
18    199      2    -1264.50742348        0.05504075
18    200      2    -1245.81283817        0.05504075
18    201      2    -1247.97974748        0.05504075
18    202      2    -1247.58673395        0.05504075
18    203      2    -1257.90026888        0.05504075
18    204      2    -1227.41722564        0.05504075
18    205      2    -1269.22938526        0.05504075
18    206      2    -1236.10250836        0.05504075
18    207      2    -1257.07948338        0.05504075
18    208      2    -1244.61838104        0.05504075
18    209      2    -1253.61070126        0.05504075
18    210      2    -1239.29685352        0.05504075
18    211      2    -1248.82204486        0.05504075
18    212      2    -1237.73742045        0.05504075
18    213      2    -1263.31984808        0.05504075
18    214      2    -1220.88815763        0.05504075
18    215      2    -1266.62043117        0.05504075
18    216      2    -1239.36103544        0.05504075
18    217      2    -1242.54052009        0.05504075
18    218      2    -1249.80711045        0.05504075
18    219      2    -1233.06812161        0.05504075
18    220      2    -1253.08322250        0.05504075
18    221      2    -1233.50419883        0.05504075
18    222      2    -1232.75534295        0.05504075
18    223      2    -1243.83157908        0.05504075
18    224      2    -1215.50134387        0.05504075
18    225      2    -1218.28315316        0.05504075
18    226      2    -1204.51711162        0.05504075
18    227      2    -1188.08622513        0.05504075
18    228      2    -1166.49263246        0.05504075
18    229      2    -1151.03192248        0.05504075
18    230      2    -1085.56306352        0.05504075
18    231      2    -1065.20676408        0.05504075
19      0      2    -1193.59119237        0.05502184
19      1      2    -1146.70447922        0.05502184
19      2      2    -1221.26320304        0.05502184
19      3      2    -1228.23060211        0.05502184
19      4      2    -1225.91694834        0.05502184
19      5      2    -1241.83668719        0.05502184
19      6      2    -1224.53161666        0.05502184
19      7      2    -1245.62627918        0.05502184
19      8      2    -1251.90211588        0.05502184
19      9      2    -1254.85832258        0.05502184
19     10      2    -1235.84399088        0.05502184
19     11      2    -1265.29856758        0.05502184
19     12      2    -1248.17162855        0.05502184
19     13      2    -1256.68536394        0.05502184
19     14      2    -1257.50363311        0.05502184
19     15      2    -1250.25081341        0.05502184
19     16      2    -1266.84098941        0.05502184
19     17      2    -1253.44784582        0.05502184
19     18      2    -1273.86055356        0.05502184
19     19      2    -1245.44632378        0.05502184
19     20      2    -1271.57125156        0.05502184
19     21      2    -1247.41901344        0.05502184
19     22      2    -1286.54656786        0.05502184
19     23      2    -1247.64168846        0.05502184
19     24      2    -1270.15779091        0.05502184
19     25      2    -1266.63672884        0.05502184
19     26      2    -1289.45096662        0.05502184
19     27      2    -1259.43631846        0.05502184
19     28      2    -1274.09575834        0.05502184
19     29      2    -1268.89302010        0.05502184
19     30      2    -1292.81769194        0.05502184
19     31      2    -1260.33759234        0.05502184
19     32      2    -1294.70948865        0.05502184
19     33      2    -1265.38780899        0.05502184
19     34      2    -1286.23522645        0.05502184
19     35      2    -1273.54925964        0.05502184
19     36      2    -1269.05974809        0.05502184
19     37      2    -1300.68847098        0.05502184
19     38      2    -1263.68877099        0.05502184
19     39      2    -1282.45516560        0.05502184
19     40      2    -1287.44826436        0.05502184
19     41      2    -1277.53647507        0.05502184
19     42      2    -1290.89764782        0.05502184
19     43      2    -1274.00772769        0.05502184
19     44      2    -1292.57018370        0.05502184
19     45      2    -1270.65776348        0.05502184
19     46      2    -1296.86612906        0.05502184
19     47      2    -1272.69727780        0.05502184
19     48      2    -1284.99919886        0.05502184
19     49      2    -1288.40976261        0.05502184
19     50      2    -1285.07319982        0.05502184
19     51      2    -1288.03537737        0.05502184
19     52      2    -1278.83070581        0.05502184
19     53      2    -1296.79425986        0.05502184
19     54      2    -1270.83139661        0.05502184
19     55      2    -1297.19470428        0.05502184
19     56      2    -1285.29317694        0.05502184
19     57      2    -1292.28463027        0.05502184
19     58      2    -1248.74665888        0.05502184
19     59      2    -1295.11025738        0.05502184
19     60      2    -1303.13120231        0.05502184
19     61      2    -1293.55909982        0.05502184
19     62      2    -1303.73796725        0.05502184
19     63      2    -1302.74315963        0.05502184
19     64      2    -1301.27729376        0.05502184
19     65      2    -1301.45596564        0.05502184
19     66      2    -1303.51277206        0.05502184
19     67      2    -1305.76903290        0.05502184
19     68      2    -1304.53489775        0.05502184
19     69      2    -1402.39563991        0.05502184
19     70      2    -1310.56408191        0.05502184
19     71      2    -1306.21596008        0.05502184
19     72      2    -1411.40854689        0.05502184
19     73      2    -1322.73668605        0.05502184
19     74      2    -1313.58585843        0.05502184
19     75      2    -1300.34827852        0.05502184
19     76      2    -1314.04116911        0.05502184
19     77      2    -1289.14135721        0.05502184
19     78      2    -1306.93154684        0.05502184
19     79      2    -1293.38372883        0.05502184
19     80      2    -1290.74894964        0.05502184
19     81      2    -1281.41505936        0.05502184
19     82      2    -1293.84693727        0.05502184
19     83      2    -1274.70648730        0.05502184
19     84      2    -1292.46608563        0.05502184
19     85      2    -1257.22729132        0.05502184
19     86      2    -1282.42729106        0.05502184
19     87      2    -1270.04766099        0.05502184
19     88      2    -1244.89376165        0.05502184
19     89      2    -1244.89376165        0.05502184
19     90      2    -1244.89376165        0.05502184
19     91      2    -1244.89376165        0.05502184
19     92      2    -1244.89376165        0.05502184
19     93      2    -1244.89376165        0.05502184
19     94      2    -1244.89376165        0.05502184
19     95      2    -1244.89376165        0.05502184
19     96      2    -1268.62352992        0.05502184
19     97      2    -1260.09039345        0.05502184
19     98      2    -1254.77987453        0.05502184
19     99      2    -1258.12846050        0.05502184
19    100      2    -1254.40406180        0.05502184
19    101      2    -1253.55647911        0.05502184
19    102      2    -1255.07804080        0.05502184
19    103      2    -1254.79952561        0.05502184
19    104      2    -1250.67290378        0.05502184
19    105      2    -1253.36222846        0.05502184
19    106      2    -1247.48010893        0.05502184
19    107      2    -1254.08492742        0.05502184
19    108      2    -1244.88762690        0.05502184
19    109      2    -1254.06307461        0.05502184
19    110      2    -1250.83533088        0.05502184
19    111      2    -1258.62545830        0.05502184
19    112      2    -1245.94301934        0.05502184
19    113      2    -1254.10897083        0.05502184
19    114      2    -1260.78101070        0.05502184
19    115      2    -1257.92210837        0.05502184
19    116      2    -1249.35393860        0.05502184
19    117      2    -1253.98551203        0.05502184
19    118      2    -1254.76509628        0.05502184
19    119      2    -1249.15657367        0.05502184
19    120      2    -1245.55291023        0.05502184
19    121      2    -1250.97255873        0.05502184
19    122      2    -1253.41017080        0.05502184
19    123      2    -1248.83019084        0.05502184
19    124      2    -1247.21693338        0.05502184
19    125      2    -1249.25677433        0.05502184
19    126      2    -1245.90486370        0.05502184
19    127      2    -1247.53696163        0.05502184
19    128      2    -1243.46794398        0.05502184
19    129      2    -1248.43233200        0.05502184
19    130      2    -1243.50928456        0.05502184
19    131      2    -1249.90426096        0.05502184
19    132      2    -1245.66940646        0.05502184
19    133      2    -1253.57806560        0.05502184
19    134      2    -1245.76471838        0.05502184
19    135      2    -1253.67241231        0.05502184
19    136      2    -1247.05575183        0.05502184
19    137      2    -1255.99302440        0.05502184
19    138      2    -1250.70582861        0.05502184
19    139      2    -1255.46477436        0.05502184
19    140      2    -1251.51914802        0.05502184
19    141      2    -1265.01636512        0.05502184
19    142      2    -1244.89376165        0.05502184
19    143      2    -1244.89376165        0.05502184
19    144      2    -1244.89376165        0.05502184
19    145      2    -1244.89376165        0.05502184
19    146      2    -1244.89376165        0.05502184
19    147      2    -1244.89376165        0.05502184
19    148      2    -1244.89376165        0.05502184
19    149      2    -1271.67251812        0.05502184
19    150      2    -1258.18177923        0.05502184
19    151      2    -1263.66369832        0.05502184
19    152      2    -1260.02554237        0.05502184
19    153      2    -1265.86000543        0.05502184
19    154      2    -1260.54663164        0.05502184
19    155      2    -1268.92033211        0.05502184
19    156      2    -1266.47758612        0.05502184
19    157      2    -1275.96162552        0.05502184
19    158      2    -1266.97955870        0.05502184
19    159      2    -1278.62146474        0.05502184
19    160      2    -1267.73930096        0.05502184
19    161      2    -1280.75712269        0.05502184
19    162      2    -1270.61817986        0.05502184
19    163      2    -1282.02837126        0.05502184
19    164      2    -1270.02872385        0.05502184
19    165      2    -1285.46450977        0.05502184
19    166      2    -1273.44632471        0.05502184
19    167      2    -1283.27653529        0.05502184
19    168      2    -1274.78345982        0.05502184
19    169      2    -1285.65573191        0.05502184
19    170      2    -1276.32377198        0.05502184
19    171      2    -1288.28842536        0.05502184
19    172      2    -1280.08679269        0.05502184
19    173      2    -1289.76524885        0.05502184
19    174      2    -1277.57851642        0.05502184
19    175      2    -1290.78475513        0.05502184
19    176      2    -1277.66086065        0.05502184
19    177      2    -1291.96325125        0.05502184
19    178      2    -1280.78291007        0.05502184
19    179      2    -1289.29877698        0.05502184
19    180      2    -1283.77524379        0.05502184
19    181      2    -1292.78473200        0.05502184
19    182      2    -1285.29776058        0.05502184
19    183      2    -1288.20937243        0.05502184
19    184      2    -1289.27484423        0.05502184
19    185      2    -1284.21259582        0.05502184
19    186      2    -1287.86772442        0.05502184
19    187      2    -1288.93213789        0.05502184
19    188      2    -1286.26146072        0.05502184
19    189      2    -1288.11976872        0.05502184
19    190      2    -1292.78926259        0.05502184
19    191      2    -1277.24050121        0.05502184
19    192      2    -1298.95328504        0.05502184
19    193      2    -1276.59295160        0.05502184
19    194      2    -1291.77613915        0.05502184
19    195      2    -1278.77549451        0.05502184
19    196      2    -1289.08460712        0.05502184
19    197      2    -1279.37640815        0.05502184
19    198      2    -1275.44416025        0.05502184
19    199      2    -1283.91190683        0.05502184
19    200      2    -1272.70423567        0.05502184
19    201      2    -1279.23428005        0.05502184
19    202      2    -1269.96150164        0.05502184
19    203      2    -1270.20147608        0.05502184
19    204      2    -1274.61797371        0.05502184
19    205      2    -1264.67149583        0.05502184
19    206      2    -1268.30128729        0.05502184
19    207      2    -1258.69085196        0.05502184
19    208      2    -1271.83090407        0.05502184
19    209      2    -1243.13416125        0.05502184
19    210      2    -1263.73916428        0.05502184
19    211      2    -1249.22358963        0.05502184
19    212      2    -1259.16531779        0.05502184
19    213      2    -1253.05868244        0.05502184
19    214      2    -1267.32461910        0.05502184
19    215      2    -1249.48014588        0.05502184
19    216      2    -1264.11117659        0.05502184
19    217      2    -1241.94673804        0.05502184
19    218      2    -1265.05894192        0.05502184
19    219      2    -1245.98606202        0.05502184
19    220      2    -1253.10952910        0.05502184
19    221      2    -1241.78333277        0.05502184
19    222      2    -1251.86282522        0.05502184
19    223      2    -1247.48932554        0.05502184
19    224      2    -1249.57702543        0.05502184
19    225      2    -1253.64770065        0.05502184
19    226      2    -1251.50784050        0.05502184
19    227      2    -1240.11776828        0.05502184
19    228      2    -1266.00736109        0.05502184
19    229      2    -1240.56283042        0.05502184
19    230      2    -1240.82972558        0.05502184
19    231      2    -1238.47067558        0.05502184
19    232      2    -1249.47929200        0.05502184
19    233      2    -1212.36388327        0.05502184
19    234      2    -1219.13638529        0.05502184
19    235      2    -1209.81360961        0.05502184
19    236      2    -1172.36158888        0.05502184
19    237      2    -1145.51656472        0.05502184
20      0      2    -1206.55924081        0.05501257
20      1      2    -1219.10831002        0.05501257
20      2      2    -1227.48868914        0.05501257
20      3      2    -1241.20905969        0.05501257
20      4      2    -1226.84966757        0.05501257
20      5      2    -1243.55484285        0.05501257
20      6      2    -1253.68269250        0.05501257
20      7      2    -1222.02287969        0.05501257
20      8      2    -1272.70773978        0.05501257
20      9      2    -1233.79662736        0.05501257
20     10      2    -1247.19628145        0.05501257
20     11      2    -1251.98327262        0.05501257
20     12      2    -1263.78244926        0.05501257
20     13      2    -1250.11395254        0.05501257
20     14      2    -1263.91597003        0.05501257
20     15      2    -1253.70212136        0.05501257
20     16      2    -1256.52695905        0.05501257
20     17      2    -1271.38888431        0.05501257
20     18      2    -1261.56375020        0.05501257
20     19      2    -1249.68185428        0.05501257
20     20      2    -1280.12010620        0.05501257
20     21      2    -1248.21902202        0.05501257
20     22      2    -1277.48246321        0.05501257
20     23      2    -1249.45325578        0.05501257
20     24      2    -1281.83097691        0.05501257
20     25      2    -1256.99056898        0.05501257
20     26      2    -1267.28129930        0.05501257
20     27      2    -1266.78301022        0.05501257
20     28      2    -1277.02364335        0.05501257
20     29      2    -1267.18978522        0.05501257
20     30      2    -1280.60923060        0.05501257
20     31      2    -1268.25258210        0.05501257
20     32      2    -1281.23660879        0.05501257
20     33      2    -1269.70254499        0.05501257
20     34      2    -1286.74036876        0.05501257
20     35      2    -1265.32906123        0.05501257
20     36      2    -1288.01022718        0.05501257
20     37      2    -1265.06557673        0.05501257
20     38      2    -1290.83239774        0.05501257
20     39      2    -1262.13421566        0.05501257
20     40      2    -1285.40063783        0.05501257
20     41      2    -1274.90696553        0.05501257
20     42      2    -1278.39310704        0.05501257
20     43      2    -1269.63662317        0.05501257
20     44      2    -1279.71520357        0.05501257
20     45      2    -1268.26147268        0.05501257
20     46      2    -1283.90562723        0.05501257
20     47      2    -1275.12381156        0.05501257
20     48      2    -1288.53055277        0.05501257
20     49      2    -1262.49566352        0.05501257
20     50      2    -1292.30178716        0.05501257
20     51      2    -1281.02669354        0.05501257
20     52      2    -1288.97905012        0.05501257
20     53      2    -1278.71703708        0.05501257
20     54      2    -1296.78739163        0.05501257
20     55      2    -1272.94257163        0.05501257
20     56      2    -1302.15799284        0.05501257
20     57      2    -1297.61432572        0.05501257
20     58      2    -1291.61226581        0.05501257
20     59      2    -1291.68080995        0.05501257
20     60      2    -1295.89639561        0.05501257
20     61      2    -1297.71576018        0.05501257
20     62      2    -1302.23760225        0.05501257
20     63      2    -1299.07665847        0.05501257
20     64      2    -1289.35761012        0.05501257
20     65      2    -1291.49010270        0.05501257
20     66      2    -1320.79873658        0.05501257
20     67      2    -1266.45813698        0.05501257
20     68      2    -1321.46642179        0.05501257
20     69      2    -1291.87471349        0.05501257
20     70      2    -1414.05613229        0.05501257
20     71      2    -1298.00069088        0.05501257
20     72      2    -1311.41813853        0.05501257
20     73      2    -1303.65857762        0.05501257
20     74      2    -1323.38358623        0.05501257
20     75      2    -1279.32190619        0.05501257
20     76      2    -1389.62600518        0.05501257
20     77      2    -1277.73266586        0.05501257
20     78      2    -1286.69543883        0.05501257
20     79      2    -1330.68717470        0.05501257
20     80      2    -1270.08192288        0.05501257
20     81      2    -1278.52204045        0.05501257
20     82      2    -1297.89158895        0.05501257
20     83      2    -1267.36165069        0.05501257
20     84      2    -1288.16562811        0.05501257
20     85      2    -1258.17915409        0.05501257
20     86      2    -1280.83194687        0.05501257
20     87      2    -1224.51777579        0.05501257
20     88      2    -1224.51777579        0.05501257
20     89      2    -1224.51777579        0.05501257
20     90      2    -1224.51777579        0.05501257
20     91      2    -1224.51777579        0.05501257
20     92      2    -1224.51777579        0.05501257
20     93      2    -1224.51777579        0.05501257
20     94      2    -1224.51777579        0.05501257
20     95      2    -1224.51777579        0.05501257
20     96      2    -1267.71699874        0.05501257
20     97      2    -1234.53757686        0.05501257
20     98      2    -1266.20448746        0.05501257
20     99      2    -1239.24466871        0.05501257
20    100      2    -1258.57121887        0.05501257
20    101      2    -1240.19197637        0.05501257
20    102      2    -1256.19357847        0.05501257
20    103      2    -1236.53152054        0.05501257
20    104      2    -1255.95337132        0.05501257
20    105      2    -1230.66730740        0.05501257
20    106      2    -1253.77843150        0.05501257
20    107      2    -1231.32453049        0.05501257
20    108      2    -1252.81306051        0.05501257
20    109      2    -1223.73202413        0.05501257
20    110      2    -1254.27025673        0.05501257
20    111      2    -1224.74797924        0.05501257
20    112      2    -1250.33262934        0.05501257
20    113      2    -1226.48885272        0.05501257
20    114      2    -1250.42170108        0.05501257
20    115      2    -1225.47411573        0.05501257
20    116      2    -1249.07570513        0.05501257
20    117      2    -1241.85016015        0.05501257
20    118      2    -1267.62960027        0.05501257
20    119      2    -1234.06925602        0.05501257
20    120      2    -1252.32695484        0.05501257
20    121      2    -1232.57140885        0.05501257
20    122      2    -1259.48928877        0.05501257
20    123      2    -1250.36623319        0.05501257
20    124      2    -1257.20536340        0.05501257
20    125      2    -1249.93644422        0.05501257
20    126      2    -1256.94792307        0.05501257
20    127      2    -1248.74854450        0.05501257
20    128      2    -1256.86006104        0.05501257
20    129      2    -1252.22083223        0.05501257
20    130      2    -1258.47170359        0.05501257
20    131      2    -1252.47698824        0.05501257
20    132      2    -1260.48704802        0.05501257
20    133      2    -1252.13123553        0.05501257
20    134      2    -1257.91887176        0.05501257
20    135      2    -1252.62904666        0.05501257
20    136      2    -1259.33238102        0.05501257
20    137      2    -1262.06152384        0.05501257
20    138      2    -1266.11576032        0.05501257
20    139      2    -1266.12585814        0.05501257
20    140      2    -1267.65421279        0.05501257
20    141      2    -1266.77290380        0.05501257
20    142      2    -1268.25590657        0.05501257
20    143      2    -1267.17788017        0.05501257
20    144      2    -1267.94679893        0.05501257
20    145      2    -1267.61946166        0.05501257
20    146      2    -1269.53899683        0.05501257
20    147      2    -1266.66366502        0.05501257
20    148      2    -1295.63547964        0.05501257
20    149      2    -1224.51777579        0.05501257
20    150      2    -1224.51777579        0.05501257
20    151      2    -1224.51777579        0.05501257
20    152      2    -1224.51777579        0.05501257
20    153      2    -1224.51777579        0.05501257
20    154      2    -1224.51777579        0.05501257
20    155      2    -1224.51777579        0.05501257
20    156      2    -1290.40964837        0.05501257
20    157      2    -1274.28982545        0.05501257
20    158      2    -1277.53817111        0.05501257
20    159      2    -1279.10378906        0.05501257
20    160      2    -1280.30942897        0.05501257
20    161      2    -1281.57853422        0.05501257
20    162      2    -1283.60689428        0.05501257
20    163      2    -1281.99044426        0.05501257
20    164      2    -1284.32208352        0.05501257
20    165      2    -1277.65995141        0.05501257
20    166      2    -1285.57997897        0.05501257
20    167      2    -1281.30088434        0.05501257
20    168      2    -1287.80432597        0.05501257
20    169      2    -1283.88913753        0.05501257
20    170      2    -1292.59151085        0.05501257
20    171      2    -1279.39428118        0.05501257
20    172      2    -1290.12599855        0.05501257
20    173      2    -1281.36531167        0.05501257
20    174      2    -1286.01117858        0.05501257
20    175      2    -1289.50240699        0.05501257
20    176      2    -1284.20885098        0.05501257
20    177      2    -1292.78647208        0.05501257
20    178      2    -1288.61257421        0.05501257
20    179      2    -1293.57858919        0.05501257
20    180      2    -1290.28490979        0.05501257
20    181      2    -1294.63074933        0.05501257
20    182      2    -1297.62650998        0.05501257
20    183      2    -1298.40257823        0.05501257
20    184      2    -1290.72184303        0.05501257
20    185      2    -1299.22760757        0.05501257
20    186      2    -1290.79835562        0.05501257
20    187      2    -1292.40338318        0.05501257
20    188      2    -1296.78154545        0.05501257
20    189      2    -1288.70294842        0.05501257
20    190      2    -1295.47578096        0.05501257
20    191      2    -1290.53029866        0.05501257
20    192      2    -1293.93622705        0.05501257
20    193      2    -1292.31262073        0.05501257
20    194      2    -1288.87803032        0.05501257
20    195      2    -1293.72711521        0.05501257
20    196      2    -1292.33718524        0.05501257
20    197      2    -1291.18762775        0.05501257
20    198      2    -1281.36889104        0.05501257
20    199      2    -1283.31997800        0.05501257
20    200      2    -1285.09047578        0.05501257
20    201      2    -1286.68911984        0.05501257
20    202      2    -1280.30058637        0.05501257
20    203      2    -1278.74489508        0.05501257
20    204      2    -1286.31089036        0.05501257
20    205      2    -1270.63092596        0.05501257
20    206      2    -1283.37191875        0.05501257
20    207      2    -1268.29571647        0.05501257
20    208      2    -1273.88315893        0.05501257
20    209      2    -1266.08659052        0.05501257
20    210      2    -1277.82371827        0.05501257
20    211      2    -1260.42510933        0.05501257
20    212      2    -1270.16562069        0.05501257
20    213      2    -1258.39196690        0.05501257
20    214      2    -1261.92525450        0.05501257
20    215      2    -1255.59734090        0.05501257
20    216      2    -1257.70600494        0.05501257
20    217      2    -1239.30562069        0.05501257
20    218      2    -1256.26911099        0.05501257
20    219      2    -1243.44401450        0.05501257
20    220      2    -1242.27981666        0.05501257
20    221      2    -1224.80737974        0.05501257
20    222      2    -1260.78512336        0.05501257
20    223      2    -1196.94503439        0.05501257
20    224      2    -1251.26765424        0.05501257
20    225      2    -1207.99698962        0.05501257
20    226      2    -1209.51683309        0.05501257
20    227      2    -1222.56382552        0.05501257
20    228      2    -1221.69358445        0.05501257
20    229      2    -1205.62083894        0.05501257
20    230      2    -1204.75287499        0.05501257
20    231      2    -1232.60032062        0.05501257
20    232      2    -1218.97315523        0.05501257
20    233      2    -1242.49871292        0.05501257
20    234      2    -1210.02858308        0.05501257
20    235      2    -1218.71413832        0.05501257
20    236      2    -1212.53013873        0.05501257
20    237      2    -1219.55026415        0.05501257
20    238      2    -1212.81459582        0.05501257
20    239      2    -1189.68027502        0.05501257
20    240      2    -1217.01820868        0.05501257
20    241      2    -1158.26005016        0.05501257
20    242      2    -1156.16169995        0.05501257
20    243      2    -1142.73160928        0.05501257
21      0      2    -1246.04123552        0.05504127
21      1      2    -1274.01764700        0.05504127
21      2      2    -1252.90026551        0.05504127
21      3      2    -1278.97917532        0.05504127
21      4      2    -1263.81802992        0.05504127
21      5      2    -1270.02696084        0.05504127
21      6      2    -1268.01209127        0.05504127
21      7      2    -1272.34870811        0.05504127
21      8      2    -1276.15384650        0.05504127
21      9      2    -1278.79608015        0.05504127
21     10      2    -1270.11040156        0.05504127
21     11      2    -1274.64375323        0.05504127
21     12      2    -1278.74740733        0.05504127
21     13      2    -1271.78166682        0.05504127
21     14      2    -1279.51656146        0.05504127
21     15      2    -1278.93919773        0.05504127
21     16      2    -1282.84111925        0.05504127
21     17      2    -1278.62473526        0.05504127
21     18      2    -1285.17667877        0.05504127
21     19      2    -1284.21744305        0.05504127
21     20      2    -1279.90965232        0.05504127
21     21      2    -1294.35852332        0.05504127
21     22      2    -1283.46108435        0.05504127
21     23      2    -1291.93584940        0.05504127
21     24      2    -1286.82363910        0.05504127
21     25      2    -1283.63769705        0.05504127
21     26      2    -1300.60416362        0.05504127
21     27      2    -1276.34146052        0.05504127
21     28      2    -1298.22460278        0.05504127
21     29      2    -1287.66510664        0.05504127
21     30      2    -1295.88670998        0.05504127
21     31      2    -1288.86078925        0.05504127
21     32      2    -1282.25434246        0.05504127
21     33      2    -1292.53767746        0.05504127
21     34      2    -1291.00069732        0.05504127
21     35      2    -1287.56820189        0.05504127
21     36      2    -1298.64108183        0.05504127
21     37      2    -1284.02556893        0.05504127
21     38      2    -1291.43997087        0.05504127
21     39      2    -1278.15045853        0.05504127
21     40      2    -1288.02376741        0.05504127
21     41      2    -1291.34859290        0.05504127
21     42      2    -1290.90112260        0.05504127
21     43      2    -1286.88352388        0.05504127
21     44      2    -1298.41982015        0.05504127
21     45      2    -1287.91666226        0.05504127
21     46      2    -1302.66147387        0.05504127
21     47      2    -1285.46464683        0.05504127
21     48      2    -1271.85154713        0.05504127
21     49      2    -1314.18001481        0.05504127
21     50      2    -1294.60260598        0.05504127
21     51      2    -1305.21487418        0.05504127
21     52      2    -1319.14249829        0.05504127
21     53      2    -1300.76208344        0.05504127
21     54      2    -1314.43054671        0.05504127
21     55      2    -1301.54246985        0.05504127
21     56      2    -1318.38463063        0.05504127
21     57      2    -1303.55732968        0.05504127
21     58      2    -1325.42972399        0.05504127
21     59      2    -1311.02873575        0.05504127
21     60      2    -1323.64185914        0.05504127
21     61      2    -1323.81326408        0.05504127
21     62      2    -1311.36078514        0.05504127
21     63      2    -1335.29193190        0.05504127
21     64      2    -1411.23846106        0.05504127
21     65      2    -1334.25131192        0.05504127
21     66      2    -1319.27398846        0.05504127
21     67      2    -1294.05738519        0.05504127
21     68      2    -1355.98059005        0.05504127
21     69      2    -1325.38051096        0.05504127
21     70      2    -1284.00200888        0.05504127
21     71      2    -1301.15166447        0.05504127
21     72      2    -1326.21851731        0.05504127
21     73      2    -1297.03764908        0.05504127
21     74      2    -1305.92734709        0.05504127
21     75      2    -1293.83527832        0.05504127
21     76      2    -1284.36031330        0.05504127
21     77      2    -1287.15683759        0.05504127
21     78      2    -1261.79668155        0.05504127
21     79      2    -1225.45206851        0.05504127
21     80      2    -1225.45206851        0.05504127
21     81      2    -1225.45206851        0.05504127
21     82      2    -1225.45206851        0.05504127
21     83      2    -1225.45206851        0.05504127
21     84      2    -1225.45206851        0.05504127
21     85      2    -1268.89893932        0.05504127
21     86      2    -1269.07417092        0.05504127
21     87      2    -1269.23063182        0.05504127
21     88      2    -1267.94961346        0.05504127
21     89      2    -1271.47232387        0.05504127
21     90      2    -1267.83627363        0.05504127
21     91      2    -1267.63420541        0.05504127
21     92      2    -1271.51454503        0.05504127
21     93      2    -1261.96714967        0.05504127
21     94      2    -1261.59823798        0.05504127
21     95      2    -1265.64751133        0.05504127
21     96      2    -1259.79793972        0.05504127
21     97      2    -1263.48217691        0.05504127
21     98      2    -1256.58347560        0.05504127
21     99      2    -1261.19791320        0.05504127
21    100      2    -1255.56318029        0.05504127
21    101      2    -1258.36634998        0.05504127
21    102      2    -1254.36489872        0.05504127
21    103      2    -1256.91624070        0.05504127
21    104      2    -1253.72928694        0.05504127
21    105      2    -1252.79140270        0.05504127
21    106      2    -1259.20419358        0.05504127
21    107      2    -1254.34892638        0.05504127
21    108      2    -1262.35035330        0.05504127
21    109      2    -1252.97336243        0.05504127
21    110      2    -1251.02847900        0.05504127
21    111      2    -1258.32581435        0.05504127
21    112      2    -1245.20207046        0.05504127
21    113      2    -1249.23450074        0.05504127
21    114      2    -1250.14293955        0.05504127
21    115      2    -1248.86494248        0.05504127
21    116      2    -1251.17658138        0.05504127
21    117      2    -1238.67289833        0.05504127
21    118      2    -1252.93200213        0.05504127
21    119      2    -1243.41109027        0.05504127
21    120      2    -1251.69210457        0.05504127
21    121      2    -1241.42471849        0.05504127
21    122      2    -1251.71737456        0.05504127
21    123      2    -1245.61793231        0.05504127
21    124      2    -1248.94126132        0.05504127
21    125      2    -1242.94320132        0.05504127
21    126      2    -1252.05175135        0.05504127
21    127      2    -1247.56972771        0.05504127
21    128      2    -1256.73469164        0.05504127
21    129      2    -1252.79870620        0.05504127
21    130      2    -1262.15884668        0.05504127
21    131      2    -1254.14711567        0.05504127
21    132      2    -1269.70338007        0.05504127
21    133      2    -1262.17862507        0.05504127
21    134      2    -1271.11959571        0.05504127
21    135      2    -1263.65406956        0.05504127
21    136      2    -1272.03691894        0.05504127
21    137      2    -1266.01422907        0.05504127
21    138      2    -1272.02619949        0.05504127
21    139      2    -1261.56934024        0.05504127
21    140      2    -1271.49910142        0.05504127
21    141      2    -1264.16555319        0.05504127
21    142      2    -1273.36132557        0.05504127
21    143      2    -1265.68414490        0.05504127
21    144      2    -1273.47340204        0.05504127
21    145      2    -1268.07566205        0.05504127
21    146      2    -1019.19957919        0.05504127
21    147      2    -1225.45206851        0.05504127
21    148      2    -1225.45206851        0.05504127
21    149      2    -1225.45206851        0.05504127
21    150      2    -1225.45206851        0.05504127
21    151      2    -1225.45206851        0.05504127
21    152      2    -1225.45206851        0.05504127
21    153      2    -1257.64298614        0.05504127
21    154      2    -1282.35146850        0.05504127
21    155      2    -1275.43674736        0.05504127
21    156      2    -1286.91247206        0.05504127
21    157      2    -1281.93885608        0.05504127
21    158      2    -1292.21278133        0.05504127
21    159      2    -1279.99529964        0.05504127
21    160      2    -1294.21680873        0.05504127
21    161      2    -1284.69451426        0.05504127
21    162      2    -1296.55392315        0.05504127
21    163      2    -1285.09822244        0.05504127
21    164      2    -1297.93602072        0.05504127
21    165      2    -1291.21685436        0.05504127
21    166      2    -1304.01745822        0.05504127
21    167      2    -1289.52703358        0.05504127
21    168      2    -1302.18051778        0.05504127
21    169      2    -1289.79156822        0.05504127
21    170      2    -1298.21724866        0.05504127
21    171      2    -1292.14889201        0.05504127
21    172      2    -1303.39615791        0.05504127
21    173      2    -1289.24956869        0.05504127
21    174      2    -1305.99162101        0.05504127
21    175      2    -1295.52056661        0.05504127
21    176      2    -1303.14801423        0.05504127
21    177      2    -1294.64119275        0.05504127
21    178      2    -1306.33606973        0.05504127
21    179      2    -1304.43167455        0.05504127
21    180      2    -1306.42552049        0.05504127
21    181      2    -1295.54063773        0.05504127
21    182      2    -1304.45795189        0.05504127
21    183      2    -1295.55905460        0.05504127
21    184      2    -1300.84840484        0.05504127
21    185      2    -1301.55474031        0.05504127
21    186      2    -1297.15675843        0.05504127
21    187      2    -1304.47899974        0.05504127
21    188      2    -1297.59698801        0.05504127
21    189      2    -1301.90264384        0.05504127
21    190      2    -1299.23283074        0.05504127
21    191      2    -1298.47103316        0.05504127
21    192      2    -1309.30569523        0.05504127
21    193      2    -1284.61773076        0.05504127
21    194      2    -1306.64430248        0.05504127
21    195      2    -1289.26397282        0.05504127
21    196      2    -1303.22513564        0.05504127
21    197      2    -1293.21591778        0.05504127
21    198      2    -1295.60338148        0.05504127
21    199      2    -1276.82088400        0.05504127
21    200      2    -1300.53046294        0.05504127
21    201      2    -1271.19363266        0.05504127
21    202      2    -1282.24491592        0.05504127
21    203      2    -1273.55929225        0.05504127
21    204      2    -1282.53755653        0.05504127
21    205      2    -1253.15029314        0.05504127
21    206      2    -1287.96259942        0.05504127
21    207      2    -1248.64636183        0.05504127
21    208      2    -1267.68538880        0.05504127
21    209      2    -1244.03598830        0.05504127
21    210      2    -1252.74873031        0.05504127
21    211      2    -1239.75351006        0.05504127
21    212      2    -1238.98766500        0.05504127
21    213      2    -1218.42221861        0.05504127
21    214      2    -1218.27585655        0.05504127
21    215      2    -1204.71442334        0.05504127
21    216      2    -1199.19686230        0.05504127
21    217      2    -1168.86139078        0.05504127
21    218      2    -1173.26120654        0.05504127
21    219      2    -1158.13780827        0.05504127
21    220      2    -1153.50225780        0.05504127
21    221      2    -1143.29018062        0.05504127
21    222      2    -1131.35725295        0.05504127
21    223      2    -1187.93565455        0.05504127
21    224      2    -1099.79209942        0.05504127
21    225      2    -1114.74883092        0.05504127
21    226      2    -1088.22203775        0.05504127
21    227      2    -1099.63987295        0.05504127
21    228      2    -1089.56788977        0.05504127
21    229      2    -1047.69039135        0.05504127
21    230      2    -1011.74412366        0.05504127
21    231      2    -1088.97703889        0.05504127
22      0      2    -1233.83819359        0.05505352
22      1      2    -1237.80827731        0.05505352
22      2      2    -1248.52895517        0.05505352
22      3      2    -1226.69889636        0.05505352
22      4      2    -1249.09866904        0.05505352
22      5      2    -1223.70550797        0.05505352
22      6      2    -1231.24971294        0.05505352
22      7      2    -1243.29156168        0.05505352
22      8      2    -1234.82632392        0.05505352
22      9      2    -1242.17820770        0.05505352
22     10      2    -1249.55277308        0.05505352
22     11      2    -1244.50992198        0.05505352
22     12      2    -1252.64164151        0.05505352
22     13      2    -1242.84673468        0.05505352
22     14      2    -1250.99041194        0.05505352
22     15      2    -1253.84610744        0.05505352
22     16      2    -1250.63610572        0.05505352
22     17      2    -1255.54870012        0.05505352
22     18      2    -1249.19307357        0.05505352
22     19      2    -1252.51562559        0.05505352
22     20      2    -1252.34126038        0.05505352
22     21      2    -1258.33234873        0.05505352
22     22      2    -1258.52675209        0.05505352
22     23      2    -1227.87534842        0.05505352
22     24      2    -1279.11154662        0.05505352
22     25      2    -1233.68490589        0.05505352
22     26      2    -1270.28256973        0.05505352
22     27      2    -1249.50138180        0.05505352
22     28      2    -1252.24663264        0.05505352
22     29      2    -1258.89426940        0.05505352
22     30      2    -1253.66676728        0.05505352
22     31      2    -1254.55775457        0.05505352
22     32      2    -1259.94480683        0.05505352
22     33      2    -1243.90151644        0.05505352
22     34      2    -1262.10984181        0.05505352
22     35      2    -1252.78506567        0.05505352
22     36      2    -1261.08454235        0.05505352
22     37      2    -1209.02175378        0.05505352
22     38      2    -1259.70112795        0.05505352
22     39      2    -1259.27814829        0.05505352
22     40      2    -1267.42669897        0.05505352
22     41      2    -1264.03693882        0.05505352
22     42      2    -1278.00981395        0.05505352
22     43      2    -1259.76272096        0.05505352
22     44      2    -1294.12955354        0.05505352
22     45      2    -1274.65220839        0.05505352
22     46      2    -1270.55761636        0.05505352
22     47      2    -1262.99069563        0.05505352
22     48      2    -1292.91102500        0.05505352
22     49      2    -1259.31086079        0.05505352
22     50      2    -1287.10677017        0.05505352
22     51      2    -1271.39725322        0.05505352
22     52      2    -1294.55860218        0.05505352
22     53      2    -1276.15100908        0.05505352
22     54      2    -1345.50059642        0.05505352
22     55      2    -1273.95419401        0.05505352
22     56      2    -1268.78193732        0.05505352
22     57      2    -1294.33105128        0.05505352
22     58      2    -1277.80504449        0.05505352
22     59      2    -1296.51305999        0.05505352
22     60      2    -1258.16248267        0.05505352
22     61      2    -1296.07430165        0.05505352
22     62      2    -1259.73575018        0.05505352
22     63      2    -1276.51964534        0.05505352
22     64      2    -1259.12079606        0.05505352
22     65      2    -1257.93787061        0.05505352
22     66      2    -1246.27644675        0.05505352
22     67      2    -1226.36620156        0.05505352
22     68      2    -1226.36620156        0.05505352
22     69      2    -1226.36620156        0.05505352
22     70      2    -1226.36620156        0.05505352
22     71      2    -1226.36620156        0.05505352
22     72      2    -1226.36620156        0.05505352
22     73      2    -1226.36620156        0.05505352
22     74      2    -1225.84734222        0.05505352
22     75      2    -1246.20737792        0.05505352
22     76      2    -1235.21810228        0.05505352
22     77      2    -1232.70034456        0.05505352
22     78      2    -1233.84816120        0.05505352
22     79      2    -1229.53477582        0.05505352
22     80      2    -1230.08886424        0.05505352
22     81      2    -1227.64442787        0.05505352
22     82      2    -1223.22689488        0.05505352
22     83      2    -1224.58171164        0.05505352
22     84      2    -1221.42233535        0.05505352
22     85      2    -1217.95110285        0.05505352
22     86      2    -1221.84931195        0.05505352
22     87      2    -1219.61125933        0.05505352
22     88      2    -1215.25979624        0.05505352
22     89      2    -1219.43192181        0.05505352
22     90      2    -1213.32504409        0.05505352
22     91      2    -1218.09558387        0.05505352
22     92      2    -1213.46009928        0.05505352
22     93      2    -1212.00779088        0.05505352
22     94      2    -1204.63636451        0.05505352
22     95      2    -1211.06512571        0.05505352
22     96      2    -1205.86612293        0.05505352
22     97      2    -1208.96580911        0.05505352
22     98      2    -1207.06623711        0.05505352
22     99      2    -1212.66559475        0.05505352
22    100      2    -1206.98886276        0.05505352
22    101      2    -1211.52034479        0.05505352
22    102      2    -1205.95586835        0.05505352
22    103      2    -1194.14682086        0.05505352
22    104      2    -1195.08913129        0.05505352
22    105      2    -1207.15984903        0.05505352
22    106      2    -1208.36805559        0.05505352
22    107      2    -1217.91267378        0.05505352
22    108      2    -1209.80065865        0.05505352
22    109      2    -1228.10125531        0.05505352
22    110      2    -1209.24054611        0.05505352
22    111      2    -1224.20069432        0.05505352
22    112      2    -1209.74098072        0.05505352
22    113      2    -1220.71287452        0.05505352
22    114      2    -1206.13103995        0.05505352
22    115      2    -1225.82598902        0.05505352
22    116      2    -1209.50755069        0.05505352
22    117      2    -1222.59582082        0.05505352
22    118      2    -1207.02353474        0.05505352
22    119      2    -1222.16343106        0.05505352
22    120      2    -1208.56573925        0.05505352
22    121      2    -1227.23709515        0.05505352
22    122      2    -1215.36194699        0.05505352
22    123      2    -1230.33412486        0.05505352
22    124      2    -1218.83543817        0.05505352
22    125      2    -1234.18342672        0.05505352
22    126      2    -1224.79566758        0.05505352
22    127      2    -1238.97569841        0.05505352
22    128      2    -1229.57919651        0.05505352
22    129      2    -1241.03396470        0.05505352
22    130      2    -1233.39619512        0.05505352
22    131      2    -1240.53568549        0.05505352
22    132      2    -1234.61230580        0.05505352
22    133      2    -1243.05870550        0.05505352
22    134      2    -1237.60506157        0.05505352
22    135      2    -1243.43470025        0.05505352
22    136      2    -1234.39791339        0.05505352
22    137      2    -1242.15689437        0.05505352
22    138      2    -1234.24130781        0.05505352
22    139      2    -1241.37586496        0.05505352
22    140      2    -1234.86497126        0.05505352
22    141      2    -1233.04979902        0.05505352
22    142      2    -1232.88688417        0.05505352
22    143      2    -1200.79443953        0.05505352
22    144      2    -1226.36620156        0.05505352
22    145      2    -1226.36620156        0.05505352
22    146      2    -1226.36620156        0.05505352
22    147      2    -1226.36620156        0.05505352
22    148      2    -1226.36620156        0.05505352
22    149      2    -1226.36620156        0.05505352
22    150      2    -1239.86994337        0.05505352
22    151      2    -1241.90249793        0.05505352
22    152      2    -1240.09534766        0.05505352
22    153      2    -1243.48391782        0.05505352
22    154      2    -1244.29365468        0.05505352
22    155      2    -1247.91390034        0.05505352
22    156      2    -1246.23490243        0.05505352
22    157      2    -1253.85420214        0.05505352
22    158      2    -1248.08505856        0.05505352
22    159      2    -1257.65884878        0.05505352
22    160      2    -1250.57384226        0.05505352
22    161      2    -1256.53462597        0.05505352
22    162      2    -1247.55292960        0.05505352
22    163      2    -1258.36805427        0.05505352
22    164      2    -1252.86983370        0.05505352
22    165      2    -1256.15141749        0.05505352
22    166      2    -1251.73263589        0.05505352
22    167      2    -1258.17963245        0.05505352
22    168      2    -1253.53571649        0.05505352
22    169      2    -1262.93431779        0.05505352
22    170      2    -1256.00809214        0.05505352
22    171      2    -1260.81421474        0.05505352
22    172      2    -1259.07227178        0.05505352
22    173      2    -1265.43095006        0.05505352
22    174      2    -1256.67093224        0.05505352
22    175      2    -1269.32918593        0.05505352
22    176      2    -1257.40502053        0.05505352
22    177      2    -1266.24583645        0.05505352
22    178      2    -1257.68846300        0.05505352
22    179      2    -1264.51187234        0.05505352
22    180      2    -1262.43429147        0.05505352
22    181      2    -1263.50435903        0.05505352
22    182      2    -1256.64303839        0.05505352
22    183      2    -1264.59395682        0.05505352
22    184      2    -1263.33302961        0.05505352
22    185      2    -1255.76692045        0.05505352
22    186      2    -1262.27424261        0.05505352
22    187      2    -1261.48665938        0.05505352
22    188      2    -1244.03318146        0.05505352
22    189      2    -1271.33599895        0.05505352
22    190      2    -1248.52041280        0.05505352
22    191      2    -1258.02992676        0.05505352
22    192      2    -1243.66657702        0.05505352
22    193      2    -1264.62372991        0.05505352
22    194      2    -1237.57785307        0.05505352
22    195      2    -1251.84415629        0.05505352
22    196      2    -1238.09983886        0.05505352
22    197      2    -1252.70137328        0.05505352
22    198      2    -1224.03360791        0.05505352
22    199      2    -1231.26520879        0.05505352
22    200      2    -1231.98751648        0.05505352
22    201      2    -1225.72884297        0.05505352
22    202      2    -1200.36217569        0.05505352
22    203      2    -1237.63615074        0.05505352
22    204      2    -1174.51196614        0.05505352
22    205      2    -1207.25693737        0.05505352
22    206      2    -1165.75362953        0.05505352
22    207      2    -1183.35937504        0.05505352
22    208      2    -1157.94871985        0.05505352
22    209      2    -1139.41725880        0.05505352
22    210      2    -1138.13366679        0.05505352
22    211      2    -1118.57480876        0.05505352
22    212      2    -1076.08227326        0.05505352
22    213      2    -1071.78259655        0.05505352
22    214      2    -1012.68552686        0.05505352
22    215      2    -1065.36179854        0.05505352
22    216      2     -947.22345330        0.05505352
22    217      2     -826.20775413        0.05505352
23      0      2    -1212.64859384        0.05505892
23      1      2    -1229.81827295        0.05505892
23      2      2    -1224.21043713        0.05505892
23      3      2    -1242.10258666        0.05505892
23      4      2    -1217.06706940        0.05505892
23      5      2    -1246.06907697        0.05505892
23      6      2    -1207.91093203        0.05505892
23      7      2    -1242.41749723        0.05505892
23      8      2    -1240.90372492        0.05505892
23      9      2    -1248.49829324        0.05505892
23     10      2    -1238.71141141        0.05505892
23     11      2    -1249.45482624        0.05505892
23     12      2    -1243.49048904        0.05505892
23     13      2    -1254.37466793        0.05505892
23     14      2    -1232.37793577        0.05505892
23     15      2    -1261.29626286        0.05505892
23     16      2    -1228.43594702        0.05505892
23     17      2    -1266.49600479        0.05505892
23     18      2    -1221.34025885        0.05505892
23     19      2    -1261.79265812        0.05505892
23     20      2    -1233.51972620        0.05505892
23     21      2    -1263.06711443        0.05505892
23     22      2    -1241.91049685        0.05505892
23     23      2    -1226.66221916        0.05505892
23     24      2    -1263.98459719        0.05505892
23     25      2    -1218.57082418        0.05505892
23     26      2    -1253.28407618        0.05505892
23     27      2    -1245.34715204        0.05505892
23     28      2    -1244.05781963        0.05505892
23     29      2    -1268.82972835        0.05505892
23     30      2    -1244.36797899        0.05505892
23     31      2    -1259.55897292        0.05505892
23     32      2    -1235.19233266        0.05505892
23     33      2    -1272.80955791        0.05505892
23     34      2    -1228.25263357        0.05505892
23     35      2    -1272.76539676        0.05505892
23     36      2    -1238.16800011        0.05505892
23     37      2    -1257.66105538        0.05505892
23     38      2    -1271.99358009        0.05505892
23     39      2    -1241.66473028        0.05505892
23     40      2    -1268.42105386        0.05505892
23     41      2    -1273.39426637        0.05505892
23     42      2    -1265.27661643        0.05505892
23     43      2    -1271.64907969        0.05505892
23     44      2    -1236.00183822        0.05505892
23     45      2    -1315.10069459        0.05505892
23     46      2    -1259.66484249        0.05505892
23     47      2    -1279.37562534        0.05505892
23     48      2    -1281.65090351        0.05505892
23     49      2    -1283.52583287        0.05505892
23     50      2    -1268.53586780        0.05505892
23     51      2    -1290.44107537        0.05505892
23     52      2    -1266.64866075        0.05505892
23     53      2    -1291.36750227        0.05505892
23     54      2    -1274.83272451        0.05505892
23     55      2    -1277.06022384        0.05505892
23     56      2    -1262.31441665        0.05505892
23     57      2    -1267.85908608        0.05505892
23     58      2    -1245.31485081        0.05505892
23     59      2    -1227.50229044        0.05505892
23     60      2    -1227.50229044        0.05505892
23     61      2    -1227.50229044        0.05505892
23     62      2    -1227.50229044        0.05505892
23     63      2    -1227.50229044        0.05505892
23     64      2    -1227.50229044        0.05505892
23     65      2    -1227.50229044        0.05505892
23     66      2    -1227.50229044        0.05505892
23     67      2    -1227.50229044        0.05505892
23     68      2    -1222.25657065        0.05505892
23     69      2    -1234.77662446        0.05505892
23     70      2    -1236.10948115        0.05505892
23     71      2    -1235.42382271        0.05505892
23     72      2    -1232.80217433        0.05505892
23     73      2    -1235.78197679        0.05505892
23     74      2    -1226.83530686        0.05505892
23     75      2    -1233.37287130        0.05505892
23     76      2    -1225.28859295        0.05505892
23     77      2    -1228.45898022        0.05505892
23     78      2    -1223.74663700        0.05505892
23     79      2    -1233.95589819        0.05505892
23     80      2    -1218.68920059        0.05505892
23     81      2    -1233.30928901        0.05505892
23     82      2    -1214.39394117        0.05505892
23     83      2    -1232.50484938        0.05505892
23     84      2    -1210.92400028        0.05505892
23     85      2    -1226.86860180        0.05505892
23     86      2    -1209.46703724        0.05505892
23     87      2    -1228.06188364        0.05505892
23     88      2    -1206.61462957        0.05505892
23     89      2    -1224.15316863        0.05505892
23     90      2    -1203.88895468        0.05505892
23     91      2    -1226.93774572        0.05505892
23     92      2    -1203.63739747        0.05505892
23     93      2    -1225.54487506        0.05505892
23     94      2    -1205.32577808        0.05505892
23     95      2    -1221.38625647        0.05505892
23     96      2    -1202.58106442        0.05505892
23     97      2    -1222.87547496        0.05505892
23     98      2    -1200.11941541        0.05505892
23     99      2    -1210.07804789        0.05505892
23    100      2    -1190.43335106        0.05505892
23    101      2    -1208.25489111        0.05505892
23    102      2    -1199.06772596        0.05505892
23    103      2    -1218.44598401        0.05505892
23    104      2    -1196.90027703        0.05505892
23    105      2    -1203.22186897        0.05505892
23    106      2    -1210.55526181        0.05505892
23    107      2    -1203.34982834        0.05505892
23    108      2    -1207.49331714        0.05505892
23    109      2    -1202.68858416        0.05505892
23    110      2    -1209.72645393        0.05505892
23    111      2    -1202.87022887        0.05505892
23    112      2    -1297.96967476        0.05505892
23    113      2    -1200.45709544        0.05505892
23    114      2    -1205.49368833        0.05505892
23    115      2    -1203.32178087        0.05505892
23    116      2    -1189.87696372        0.05505892
23    117      2    -1202.16125152        0.05505892
23    118      2    -1215.34138632        0.05505892
23    119      2    -1210.23128134        0.05505892
23    120      2    -1217.43987571        0.05505892
23    121      2    -1213.25063837        0.05505892
23    122      2    -1220.86385551        0.05505892
23    123      2    -1219.97373711        0.05505892
23    124      2    -1226.71334986        0.05505892
23    125      2    -1223.27357942        0.05505892
23    126      2    -1225.72831571        0.05505892
23    127      2    -1224.49494425        0.05505892
23    128      2    -1233.10711502        0.05505892
23    129      2    -1229.19865126        0.05505892
23    130      2    -1235.98454039        0.05505892
23    131      2    -1234.34845055        0.05505892
23    132      2    -1239.34848991        0.05505892
23    133      2    -1233.07370751        0.05505892
23    134      2    -1239.46403139        0.05505892
23    135      2    -1235.95354222        0.05505892
23    136      2    -1235.71606460        0.05505892
23    137      2    -1229.94678499        0.05505892
23    138      2    -1235.09691612        0.05505892
23    139      2    -1228.62061481        0.05505892
23    140      2    -1230.96830718        0.05505892
23    141      2    -1228.92512050        0.05505892
23    142      2    -1240.18170590        0.05505892
23    143      2    -1227.50229044        0.05505892
23    144      2    -1227.50229044        0.05505892
23    145      2    -1227.50229044        0.05505892
23    146      2    -1227.50229044        0.05505892
23    147      2    -1227.50229044        0.05505892
23    148      2    -1227.50229044        0.05505892
23    149      2    -1227.50229044        0.05505892
23    150      2    -1274.90947225        0.05505892
23    151      2    -1240.67433920        0.05505892
23    152      2    -1248.68685647        0.05505892
23    153      2    -1246.90709920        0.05505892
23    154      2    -1248.85095826        0.05505892
23    155      2    -1252.18433490        0.05505892
23    156      2    -1255.87501958        0.05505892
23    157      2    -1251.16957479        0.05505892
23    158      2    -1251.98285620        0.05505892
23    159      2    -1253.86176067        0.05505892
23    160      2    -1251.33063132        0.05505892
23    161      2    -1253.61907143        0.05505892
23    162      2    -1255.88617271        0.05505892
23    163      2    -1251.14939691        0.05505892
23    164      2    -1259.67158405        0.05505892
23    165      2    -1254.91980096        0.05505892
23    166      2    -1257.79470262        0.05505892
23    167      2    -1260.32230263        0.05505892
23    168      2    -1262.52427493        0.05505892
23    169      2    -1256.10870913        0.05505892
23    170      2    -1262.65423151        0.05505892
23    171      2    -1255.60158299        0.05505892
23    172      2    -1264.46249655        0.05505892
23    173      2    -1252.13325784        0.05505892
23    174      2    -1271.92813963        0.05505892
23    175      2    -1249.75203626        0.05505892
23    176      2    -1266.69180190        0.05505892
23    177      2    -1258.54672492        0.05505892
23    178      2    -1263.34825814        0.05505892
23    179      2    -1259.27409883        0.05505892
23    180      2    -1265.50389375        0.05505892
23    181      2    -1254.88065446        0.05505892
23    182      2    -1266.14382756        0.05505892
23    183      2    -1251.76787813        0.05505892
23    184      2    -1264.67028597        0.05505892
23    185      2    -1246.75804417        0.05505892
23    186      2    -1263.74823475        0.05505892
23    187      2    -1244.39766877        0.05505892
23    188      2    -1260.72319649        0.05505892
23    189      2    -1240.37173185        0.05505892
23    190      2    -1255.55067723        0.05505892
23    191      2    -1240.16188145        0.05505892
23    192      2    -1255.92758888        0.05505892
23    193      2    -1234.22017867        0.05505892
23    194      2    -1240.77279316        0.05505892
23    195      2    -1239.32782603        0.05505892
23    196      2    -1244.77834232        0.05505892
23    197      2    -1228.75512032        0.05505892
23    198      2    -1230.79282506        0.05505892
23    199      2    -1220.85525415        0.05505892
23    200      2    -1221.28408815        0.05505892
23    201      2    -1209.08722440        0.05505892
23    202      2    -1201.68508511        0.05505892
23    203      2    -1184.13885346        0.05505892
23    204      2    -1204.83167002        0.05505892
23    205      2    -1111.64194229        0.05505892
23    206      2    -1151.09869681        0.05505892
23    207      2    -1135.47487588        0.05505892
23    208      2    -1094.13689192        0.05505892
23    209      2    -1070.30057064        0.05505892
24      0      2    -1249.81171381        0.05501193
24      1      2    -1258.91996459        0.05501193
24      2      2    -1279.20557617        0.05501193
24      3      2    -1275.03988126        0.05501193
24      4      2    -1268.56695315        0.05501193
24      5      2    -1275.42404025        0.05501193
24      6      2    -1275.48262616        0.05501193
24      7      2    -1281.00755107        0.05501193
24      8      2    -1268.82321665        0.05501193
24      9      2    -1285.05700981        0.05501193
24     10      2    -1272.59931069        0.05501193
24     11      2    -1300.67043085        0.05501193
24     12      2    -1243.50287099        0.05501193
24     13      2    -1301.26519242        0.05501193
24     14      2    -1271.73341787        0.05501193
24     15      2    -1282.43503400        0.05501193
24     16      2    -1276.55729792        0.05501193
24     17      2    -1279.61569953        0.05501193
24     18      2    -1280.84753846        0.05501193
24     19      2    -1280.39340790        0.05501193
24     20      2    -1277.85665730        0.05501193
24     21      2    -1280.56118904        0.05501193
24     22      2    -1273.61975340        0.05501193
24     23      2    -1289.23508024        0.05501193
24     24      2    -1265.23913636        0.05501193
24     25      2    -1290.24247907        0.05501193
24     26      2    -1282.97461373        0.05501193
24     27      2    -1292.25441031        0.05501193
24     28      2    -1269.37813455        0.05501193
24     29      2    -1306.91252205        0.05501193
24     30      2    -1269.52134951        0.05501193
24     31      2    -1310.84606080        0.05501193
24     32      2    -1286.86667656        0.05501193
24     33      2    -1296.46901352        0.05501193
24     34      2    -1297.16773900        0.05501193
24     35      2    -1295.67848573        0.05501193
24     36      2    -1305.70242376        0.05501193
24     37      2    -1302.96113993        0.05501193
24     38      2    -1302.58033314        0.05501193
24     39      2    -1307.73768325        0.05501193
24     40      2    -1314.39581339        0.05501193
24     41      2    -1322.92732804        0.05501193
24     42      2    -1312.45848282        0.05501193
24     43      2    -1309.47045982        0.05501193
24     44      2    -1308.99129988        0.05501193
24     45      2    -1311.49489583        0.05501193
24     46      2    -1305.45969136        0.05501193
24     47      2    -1311.46907269        0.05501193
24     48      2    -1291.06262008        0.05501193
24     49      2    -1371.48316355        0.05501193
24     50      2    -1277.13174701        0.05501193
24     51      2    -1297.56240696        0.05501193
24     52      2    -1281.55700497        0.05501193
24     53      2    -1227.99037127        0.05501193
24     54      2    -1227.99037127        0.05501193
24     55      2    -1227.99037127        0.05501193
24     56      2    -1227.99037127        0.05501193
24     57      2    -1227.99037127        0.05501193
24     58      2    -1227.99037127        0.05501193
24     59      2    -1227.99037127        0.05501193
24     60      2    -1227.99037127        0.05501193
24     61      2    -1273.81149657        0.05501193
24     62      2    -1268.42574955        0.05501193
24     63      2    -1254.03493239        0.05501193
24     64      2    -1268.10913261        0.05501193
24     65      2    -1260.52892522        0.05501193
24     66      2    -1257.75153712        0.05501193
24     67      2    -1268.81498727        0.05501193
24     68      2    -1257.60401553        0.05501193
24     69      2    -1258.53832881        0.05501193
24     70      2    -1258.64793032        0.05501193
24     71      2    -1259.31912427        0.05501193
24     72      2    -1249.73293449        0.05501193
24     73      2    -1261.32457371        0.05501193
24     74      2    -1247.04875500        0.05501193
24     75      2    -1258.40508713        0.05501193
24     76      2    -1250.17747123        0.05501193
24     77      2    -1258.35615765        0.05501193
24     78      2    -1253.74127609        0.05501193
24     79      2    -1255.20758149        0.05501193
24     80      2    -1250.91947767        0.05501193
24     81      2    -1253.17166127        0.05501193
24     82      2    -1248.27287209        0.05501193
24     83      2    -1254.39839014        0.05501193
24     84      2    -1249.52586652        0.05501193
24     85      2    -1247.71262489        0.05501193
24     86      2    -1244.52035218        0.05501193
24     87      2    -1250.82231396        0.05501193
24     88      2    -1238.79178336        0.05501193
24     89      2    -1249.34172722        0.05501193
24     90      2    -1241.16686170        0.05501193
24     91      2    -1247.28064923        0.05501193
24     92      2    -1238.56408469        0.05501193
24     93      2    -1242.57657779        0.05501193
24     94      2    -1237.38530372        0.05501193
24     95      2    -1243.40507455        0.05501193
24     96      2    -1237.36361677        0.05501193
24     97      2    -1237.88879056        0.05501193
24     98      2    -1234.85915373        0.05501193
24     99      2    -1238.05304491        0.05501193
24    100      2    -1236.33472038        0.05501193
24    101      2    -1235.56442139        0.05501193
24    102      2    -1231.36553613        0.05501193
24    103      2    -1249.58216819        0.05501193
24    104      2    -1248.24768527        0.05501193
24    105      2    -1251.84136220        0.05501193
24    106      2    -1246.20034549        0.05501193
24    107      2    -1250.26083005        0.05501193
24    108      2    -1242.23303659        0.05501193
24    109      2    -1257.94730626        0.05501193
24    110      2    -1256.52624385        0.05501193
24    111      2    -1251.57831777        0.05501193
24    112      2    -1247.30730764        0.05501193
24    113      2    -1247.39342675        0.05501193
24    114      2    -1245.77556186        0.05501193
24    115      2    -1247.62655952        0.05501193
24    116      2    -1254.00533591        0.05501193
24    117      2    -1257.26368956        0.05501193
24    118      2    -1258.39531934        0.05501193
24    119      2    -1259.96503011        0.05501193
24    120      2    -1258.20197495        0.05501193
24    121      2    -1262.06980669        0.05501193
24    122      2    -1264.08563567        0.05501193
24    123      2    -1265.28253859        0.05501193
24    124      2    -1266.41039481        0.05501193
24    125      2    -1266.26824845        0.05501193
24    126      2    -1268.21951938        0.05501193
24    127      2    -1272.98067807        0.05501193
24    128      2    -1275.25751276        0.05501193
24    129      2    -1272.16871610        0.05501193
24    130      2    -1276.26260920        0.05501193
24    131      2    -1273.26284873        0.05501193
24    132      2    -1279.27082017        0.05501193
24    133      2    -1275.01579357        0.05501193
24    134      2    -1279.82753925        0.05501193
24    135      2    -1276.98104304        0.05501193
24    136      2    -1279.91911013        0.05501193
24    137      2    -1278.66208303        0.05501193
24    138      2    -1277.60205837        0.05501193
24    139      2    -1274.05650860        0.05501193
24    140      2    -1263.29243991        0.05501193
24    141      2    -1259.65522839        0.05501193
24    142      2    -1264.64232828        0.05501193
24    143      2    -1264.14252394        0.05501193
24    144      2    -1253.86697786        0.05501193
24    145      2    -1227.99037127        0.05501193
24    146      2    -1227.99037127        0.05501193
24    147      2    -1227.99037127        0.05501193
24    148      2    -1227.99037127        0.05501193
24    149      2    -1227.99037127        0.05501193
24    150      2    -1227.99037127        0.05501193
24    151      2    -1227.99037127        0.05501193
24    152      2    -1227.99037127        0.05501193
24    153      2    -1269.76826140        0.05501193
24    154      2    -1277.63905475        0.05501193
24    155      2    -1272.78415701        0.05501193
24    156      2    -1275.87421363        0.05501193
24    157      2    -1281.15844821        0.05501193
24    158      2    -1278.25635539        0.05501193
24    159      2    -1283.64730699        0.05501193
24    160      2    -1283.51284510        0.05501193
24    161      2    -1283.00523488        0.05501193
24    162      2    -1291.15275613        0.05501193
24    163      2    -1283.43293003        0.05501193
24    164      2    -1290.80537499        0.05501193
24    165      2    -1289.75108062        0.05501193
24    166      2    -1296.15882555        0.05501193
24    167      2    -1290.23708660        0.05501193
24    168      2    -1293.68281416        0.05501193
24    169      2    -1291.86462830        0.05501193
24    170      2    -1292.15737583        0.05501193
24    171      2    -1291.48284758        0.05501193
24    172      2    -1295.02341554        0.05501193
24    173      2    -1288.31219053        0.05501193
24    174      2    -1297.57664491        0.05501193
24    175      2    -1288.95402020        0.05501193
24    176      2    -1290.96917257        0.05501193
24    177      2    -1294.70986414        0.05501193
24    178      2    -1291.47252513        0.05501193
24    179      2    -1288.72939200        0.05501193
24    180      2    -1293.29582010        0.05501193
24    181      2    -1283.84102288        0.05501193
24    182      2    -1293.87475319        0.05501193
24    183      2    -1282.78213482        0.05501193
24    184      2    -1285.81453551        0.05501193
24    185      2    -1290.74764838        0.05501193
24    186      2    -1283.96591986        0.05501193
24    187      2    -1280.72349859        0.05501193
24    188      2    -1286.02364889        0.05501193
24    189      2    -1286.60679815        0.05501193
24    190      2    -1279.42018718        0.05501193
24    191      2    -1290.44055270        0.05501193
24    192      2    -1278.69136905        0.05501193
24    193      2    -1286.84511526        0.05501193
24    194      2    -1284.83984892        0.05501193
24    195      2    -1270.53776832        0.05501193
24    196      2    -1291.95434335        0.05501193
24    197      2    -1274.78199448        0.05501193
24    198      2    -1282.00954583        0.05501193
24    199      2    -1265.32584696        0.05501193
24    200      2    -1287.12948945        0.05501193
24    201      2    -1240.36275154        0.05501193
24    202      2    -1273.20193796        0.05501193
24    203      2    -1245.48661302        0.05501193
24    204      2    -1224.93294344        0.05501193
24    205      2    -1215.43438700        0.05501193
25      0      2    -1228.78867775        0.05500954
25      1      2    -1227.50535591        0.05500954
25      2      2    -1248.04790787        0.05500954
25      3      2    -1237.98869885        0.05500954
25      4      2    -1248.83543307        0.05500954
25      5      2    -1248.93149905        0.05500954
25      6      2    -1243.36175984        0.05500954
25      7      2    -1243.60149974        0.05500954
25      8      2    -1257.57710191        0.05500954
25      9      2    -1227.96362101        0.05500954
25     10      2    -1252.39999818        0.05500954
25     11      2    -1242.77734436        0.05500954
25     12      2    -1254.80069279        0.05500954
25     13      2    -1249.17678024        0.05500954
25     14      2    -1249.98953250        0.05500954
25     15      2    -1246.97230491        0.05500954
25     16      2    -1247.92394340        0.05500954
25     17      2    -1254.33549175        0.05500954
25     18      2    -1238.79717532        0.05500954
25     19      2    -1243.50653231        0.05500954
25     20      2    -1251.62459746        0.05500954
25     21      2    -1257.60676948        0.05500954
25     22      2    -1252.31235589        0.05500954
25     23      2    -1259.45450880        0.05500954
25     24      2    -1257.34233833        0.05500954
25     25      2    -1269.21328963        0.05500954
25     26      2    -1259.64959609        0.05500954
25     27      2    -1259.03980115        0.05500954
25     28      2    -1267.60778453        0.05500954
25     29      2    -1253.55872151        0.05500954
25     30      2    -1280.32222624        0.05500954
25     31      2    -1257.96988780        0.05500954
25     32      2    -1270.05149893        0.05500954
25     33      2    -1256.21236181        0.05500954
25     34      2    -1276.16833579        0.05500954
25     35      2    -1274.21122999        0.05500954
25     36      2    -1349.09425379        0.05500954
25     37      2    -1252.45939782        0.05500954
25     38      2    -1278.41921670        0.05500954
25     39      2    -1337.50871147        0.05500954
25     40      2    -1262.16279983        0.05500954
25     41      2    -1263.69255166        0.05500954
25     42      2    -1274.88150384        0.05500954
25     43      2    -1341.31640174        0.05500954
25     44      2    -1264.88216481        0.05500954
25     45      2    -1255.28984649        0.05500954
25     46      2    -1362.86744679        0.05500954
25     47      2    -1251.93446102        0.05500954
25     48      2    -1228.78867775        0.05500954
25     49      2    -1228.78867775        0.05500954
25     50      2    -1228.78867775        0.05500954
25     51      2    -1228.78867775        0.05500954
25     52      2    -1228.78867775        0.05500954
25     53      2    -1228.78867775        0.05500954
25     54      2    -1228.78867775        0.05500954
25     55      2    -1268.78800532        0.05500954
25     56      2    -1255.89119866        0.05500954
25     57      2    -1237.60259085        0.05500954
25     58      2    -1258.32846981        0.05500954
25     59      2    -1242.44279029        0.05500954
25     60      2    -1242.34783516        0.05500954
25     61      2    -1234.61625087        0.05500954
25     62      2    -1257.18470592        0.05500954
25     63      2    -1249.60673496        0.05500954
25     64      2    -1251.07075467        0.05500954
25     65      2    -1249.74482111        0.05500954
25     66      2    -1255.17153395        0.05500954
25     67      2    -1241.90630975        0.05500954
25     68      2    -1264.40570489        0.05500954
25     69      2    -1240.08811991        0.05500954
25     70      2    -1256.61989552        0.05500954
25     71      2    -1247.51865917        0.05500954
25     72      2    -1248.93197946        0.05500954
25     73      2    -1246.75059468        0.05500954
25     74      2    -1256.52724918        0.05500954
25     75      2    -1249.98901640        0.05500954
25     76      2    -1254.29520396        0.05500954
25     77      2    -1244.08367771        0.05500954
25     78      2    -1254.89353118        0.05500954
25     79      2    -1239.18671959        0.05500954
25     80      2    -1253.17921157        0.05500954
25     81      2    -1241.13932300        0.05500954
25     82      2    -1249.74395239        0.05500954
25     83      2    -1240.21985831        0.05500954
25     84      2    -1248.29728427        0.05500954
25     85      2    -1235.58669017        0.05500954
25     86      2    -1247.47243616        0.05500954
25     87      2    -1237.55941357        0.05500954
25     88      2    -1240.76626930        0.05500954
25     89      2    -1234.80801085        0.05500954
25     90      2    -1240.01460539        0.05500954
25     91      2    -1229.77149026        0.05500954
25     92      2    -1235.34622225        0.05500954
25     93      2    -1231.39436657        0.05500954
25     94      2    -1239.36644712        0.05500954
25     95      2    -1229.68226257        0.05500954
25     96      2    -1228.90803218        0.05500954
25     97      2    -1232.79810368        0.05500954
25     98      2    -1243.04444591        0.05500954
25     99      2    -1235.93842570        0.05500954
25    100      2    -1237.32640155        0.05500954
25    101      2    -1242.52640413        0.05500954
25    102      2    -1241.04694375        0.05500954
25    103      2    -1244.64959000        0.05500954
25    104      2    -1238.01945970        0.05500954
25    105      2    -1240.33228171        0.05500954
25    106      2    -1235.41548906        0.05500954
25    107      2    -1241.14644448        0.05500954
25    108      2    -1239.72889228        0.05500954
25    109      2    -1237.39055604        0.05500954
25    110      2    -1233.36021775        0.05500954
25    111      2    -1238.27488741        0.05500954
25    112      2    -1233.84854036        0.05500954
25    113      2    -1239.38143083        0.05500954
25    114      2    -1239.54394491        0.05500954
25    115      2    -1242.39119154        0.05500954
25    116      2    -1245.44566382        0.05500954
25    117      2    -1247.21917785        0.05500954
25    118      2    -1244.39814273        0.05500954
25    119      2    -1251.94468936        0.05500954
25    120      2    -1251.91015614        0.05500954
25    121      2    -1253.93260503        0.05500954
25    122      2    -1249.30230557        0.05500954
25    123      2    -1255.93296984        0.05500954
25    124      2    -1253.98367261        0.05500954
25    125      2    -1260.04991884        0.05500954
25    126      2    -1261.11999292        0.05500954
25    127      2    -1258.02367030        0.05500954
25    128      2    -1259.90816728        0.05500954
25    129      2    -1263.63101959        0.05500954
25    130      2    -1257.87292578        0.05500954
25    131      2    -1262.85085697        0.05500954
25    132      2    -1264.11607438        0.05500954
25    133      2    -1263.52615596        0.05500954
25    134      2    -1264.56155128        0.05500954
25    135      2    -1265.24111482        0.05500954
25    136      2    -1263.73119972        0.05500954
25    137      2    -1265.11411707        0.05500954
25    138      2    -1267.02615868        0.05500954
25    139      2    -1265.38756686        0.05500954
25    140      2    -1261.58011623        0.05500954
25    141      2    -1263.23548649        0.05500954
25    142      2    -1264.82036165        0.05500954
25    143      2    -1265.68417153        0.05500954
25    144      2    -1266.35426894        0.05500954
25    145      2    -1262.65040744        0.05500954
25    146      2    -1275.47069701        0.05500954
25    147      2    -1228.78867775        0.05500954
25    148      2    -1228.78867775        0.05500954
25    149      2    -1228.78867775        0.05500954
25    150      2    -1228.78867775        0.05500954
25    151      2    -1228.78867775        0.05500954
25    152      2    -1228.78867775        0.05500954
25    153      2    -1228.78867775        0.05500954
25    154      2    -1272.02914684        0.05500954
25    155      2    -1278.28794405        0.05500954
25    156      2    -1273.30905798        0.05500954
25    157      2    -1281.46337920        0.05500954
25    158      2    -1280.54529884        0.05500954
25    159      2    -1277.64284385        0.05500954
25    160      2    -1282.12103689        0.05500954
25    161      2    -1282.64054311        0.05500954
25    162      2    -1278.91110229        0.05500954
25    163      2    -1285.22032533        0.05500954
25    164      2    -1284.36062292        0.05500954
25    165      2    -1282.86655651        0.05500954
25    166      2    -1288.37233543        0.05500954
25    167      2    -1289.39380603        0.05500954
25    168      2    -1282.49483311        0.05500954
25    169      2    -1283.87366694        0.05500954
25    170      2    -1286.25069074        0.05500954
25    171      2    -1278.67751211        0.05500954
25    172      2    -1289.89103539        0.05500954
25    173      2    -1281.13152459        0.05500954
25    174      2    -1289.68090193        0.05500954
25    175      2    -1279.19415540        0.05500954
25    176      2    -1292.35113519        0.05500954
25    177      2    -1285.93362787        0.05500954
25    178      2    -1293.60161295        0.05500954
25    179      2    -1287.36310158        0.05500954
25    180      2    -1292.46897582        0.05500954
25    181      2    -1283.83521500        0.05500954
25    182      2    -1296.92020320        0.05500954
25    183      2    -1290.70942504        0.05500954
25    184      2    -1291.70947971        0.05500954
25    185      2    -1303.17132481        0.05500954
25    186      2    -1288.82982386        0.05500954
25    187      2    -1296.57939199        0.05500954
25    188      2    -1298.07221207        0.05500954
25    189      2    -1287.45502492        0.05500954
25    190      2    -1316.88848929        0.05500954
25    191      2    -1289.67471525        0.05500954
25    192      2    -1306.45087852        0.05500954
25    193      2    -1300.62194872        0.05500954
25    194      2    -1314.61469122        0.05500954
25    195      2    -1296.75697211        0.05500954
25    196      2    -1306.66567327        0.05500954
25    197      2    -1308.71990212        0.05500954
25    198      2    -1307.11014500        0.05500954
25    199      2    -1289.09303956        0.05500954
25    200      2    -1291.80294190        0.05500954
25    201      2    -1292.32439320        0.05500954
26      0      2    -1169.40734982        0.05505324
26      1      2    -1193.38146193        0.05505324
26      2      2    -1178.03827862        0.05505324
26      3      2    -1194.18553690        0.05505324
26      4      2    -1181.39373088        0.05505324
26      5      2    -1152.56467922        0.05505324
26      6      2    -1176.22838957        0.05505324
26      7      2    -1195.03651748        0.05505324
26      8      2    -1188.70272690        0.05505324
26      9      2    -1188.64019656        0.05505324
26     10      2    -1190.20913750        0.05505324
26     11      2    -1179.01652945        0.05505324
26     12      2    -1199.50697958        0.05505324
26     13      2    -1182.32291421        0.05505324
26     14      2    -1173.19332152        0.05505324
26     15      2    -1207.63596121        0.05505324
26     16      2    -1183.72112125        0.05505324
26     17      2    -1203.44159533        0.05505324
26     18      2    -1205.03263443        0.05505324
26     19      2    -1198.07814265        0.05505324
26     20      2    -1219.31015779        0.05505324
26     21      2    -1194.21525511        0.05505324
26     22      2    -1193.94072934        0.05505324
26     23      2    -1225.46597559        0.05505324
26     24      2    -1181.87179793        0.05505324
26     25      2    -1235.69911436        0.05505324
26     26      2    -1201.66527087        0.05505324
26     27      2    -1212.68700028        0.05505324
26     28      2    -1155.43282486        0.05505324
26     29      2    -1215.26684230        0.05505324
26     30      2    -1232.47057419        0.05505324
26     31      2    -1238.38176331        0.05505324
26     32      2    -1244.46017342        0.05505324
26     33      2    -1244.00668249        0.05505324
26     34      2    -1250.82185547        0.05505324
26     35      2    -1232.66060466        0.05505324
26     36      2    -1246.66904396        0.05505324
26     37      2    -1237.04536944        0.05505324
26     38      2    -1255.05528057        0.05505324
26     39      2    -1243.38375512        0.05505324
26     40      2    -1258.75628462        0.05505324
26     41      2    -1237.85733922        0.05505324
26     42      2    -1236.58911176        0.05505324
26     43      2    -1230.58212773        0.05505324
26     44      2    -1230.58212773        0.05505324
26     45      2    -1230.58212773        0.05505324
26     46      2    -1230.58212773        0.05505324
26     47      2    -1230.58212773        0.05505324
26     48      2    -1230.58212773        0.05505324
26     49      2    -1230.58212773        0.05505324
26     50      2    -1230.58212773        0.05505324
26     51      2    -1233.84418953        0.05505324
26     52      2    -1221.70967857        0.05505324
26     53      2    -1240.44724426        0.05505324
26     54      2    -1228.26929163        0.05505324
26     55      2    -1229.72417159        0.05505324
26     56      2    -1235.38730992        0.05505324
26     57      2    -1222.97616699        0.05505324
26     58      2    -1245.79603354        0.05505324
26     59      2    -1220.03750347        0.05505324
26     60      2    -1234.38789557        0.05505324
26     61      2    -1231.72170116        0.05505324
26     62      2    -1223.85614115        0.05505324
26     63      2    -1234.30081697        0.05505324
26     64      2    -1220.90690054        0.05505324
26     65      2    -1232.79457353        0.05505324
26     66      2    -1222.88275828        0.05505324
26     67      2    -1229.54919391        0.05505324
26     68      2    -1219.71534398        0.05505324
26     69      2    -1224.82925213        0.05505324
26     70      2    -1225.12996338        0.05505324
26     71      2    -1223.67515093        0.05505324
26     72      2    -1221.97219482        0.05505324
26     73      2    -1226.62013048        0.05505324
26     74      2    -1226.69604880        0.05505324
26     75      2    -1272.98057222        0.05505324
26     76      2    -1225.63936252        0.05505324
26     77      2    -1225.94641663        0.05505324
26     78      2    -1228.68595535        0.05505324
26     79      2    -1206.10313283        0.05505324
26     80      2    -1220.63093692        0.05505324
26     81      2    -1220.76586970        0.05505324
26     82      2    -1222.25599741        0.05505324
26     83      2    -1215.39802184        0.05505324
26     84      2    -1216.64062562        0.05505324
26     85      2    -1214.05937815        0.05505324
26     86      2    -1216.20825724        0.05505324
26     87      2    -1217.74883153        0.05505324
26     88      2    -1214.67804195        0.05505324
26     89      2    -1212.77334579        0.05505324
26     90      2    -1215.99261401        0.05505324
26     91      2    -1213.84198253        0.05505324
26     92      2    -1216.34714190        0.05505324
26     93      2    -1207.98007722        0.05505324
26     94      2    -1212.19048634        0.05505324
26     95      2    -1216.98143444        0.05505324
26     96      2    -1213.64862326        0.05505324
26     97      2    -1207.09109087        0.05505324
26     98      2    -1210.94009059        0.05505324
26     99      2    -1206.57199636        0.05505324
26    100      2    -1217.90971860        0.05505324
26    101      2    -1211.01710047        0.05505324
26    102      2    -1209.05731047        0.05505324
26    103      2    -1207.20607679        0.05505324
26    104      2    -1209.73717347        0.05505324
26    105      2    -1217.91962278        0.05505324
26    106      2    -1216.92194243        0.05505324
26    107      2    -1213.22294283        0.05505324
26    108      2    -1215.44922526        0.05505324
26    109      2    -1210.15061271        0.05505324
26    110      2    -1213.69701640        0.05505324
26    111      2    -1209.98228063        0.05505324
26    112      2    -1217.29550969        0.05505324
26    113      2    -1217.30005933        0.05505324
26    114      2    -1219.94031877        0.05505324
26    115      2    -1219.45571726        0.05505324
26    116      2    -1219.92998827        0.05505324
26    117      2    -1215.72491932        0.05505324
26    118      2    -1219.98511131        0.05505324
26    119      2    -1220.99382228        0.05505324
26    120      2    -1223.69900521        0.05505324
26    121      2    -1221.13488837        0.05505324
26    122      2    -1221.04242880        0.05505324
26    123      2    -1219.71690953        0.05505324
26    124      2    -1225.55150294        0.05505324
26    125      2    -1223.41142731        0.05505324
26    126      2    -1221.13572492        0.05505324
26    127      2    -1217.48016568        0.05505324
26    128      2    -1217.48603462        0.05505324
26    129      2    -1217.36180148        0.05505324
26    130      2    -1221.28130131        0.05505324
26    131      2    -1221.80511331        0.05505324
26    132      2    -1225.41378619        0.05505324
26    133      2    -1219.10105867        0.05505324
26    134      2    -1226.12817534        0.05505324
26    135      2    -1226.97319353        0.05505324
26    136      2    -1225.85144202        0.05505324
26    137      2    -1229.38658839        0.05505324
26    138      2    -1227.53568098        0.05505324
26    139      2    -1229.36904100        0.05505324
26    140      2    -1232.32460119        0.05505324
26    141      2    -1235.55204248        0.05505324
26    142      2    -1230.61452582        0.05505324
26    143      2    -1233.11697757        0.05505324
26    144      2    -1233.97641822        0.05505324
26    145      2    -1232.42174839        0.05505324
26    146      2    -1230.03627121        0.05505324
26    147      2    -1227.04472251        0.05505324
26    148      2    -1224.47454349        0.05505324
26    149      2    -1224.85346787        0.05505324
26    150      2    -1230.58212773        0.05505324
26    151      2    -1230.58212773        0.05505324
26    152      2    -1230.58212773        0.05505324
26    153      2    -1230.58212773        0.05505324
26    154      2    -1230.58212773        0.05505324
26    155      2    -1230.58212773        0.05505324
26    156      2    -1230.58212773        0.05505324
26    157      2    -1225.58769177        0.05505324
26    158      2    -1224.02800570        0.05505324
26    159      2    -1228.40051412        0.05505324
26    160      2    -1222.98262514        0.05505324
26    161      2    -1226.35069917        0.05505324
26    162      2    -1231.37347723        0.05505324
26    163      2    -1222.48233009        0.05505324
26    164      2    -1233.00706838        0.05505324
26    165      2    -1222.09703257        0.05505324
26    166      2    -1229.63225722        0.05505324
26    167      2    -1225.28578637        0.05505324
26    168      2    -1232.11029088        0.05505324
26    169      2    -1223.98539827        0.05505324
26    170      2    -1229.44287436        0.05505324
26    171      2    -1231.35514541        0.05505324
26    172      2    -1212.10208036        0.05505324
26    173      2    -1232.42566013        0.05505324
26    174      2    -1221.23763853        0.05505324
26    175      2    -1232.35077212        0.05505324
26    176      2    -1224.74401628        0.05505324
26    177      2    -1232.02400374        0.05505324
26    178      2    -1232.81577954        0.05505324
26    179      2    -1235.21377823        0.05505324
26    180      2    -1240.91260220        0.05505324
26    181      2    -1236.09676772        0.05505324
26    182      2    -1238.63876895        0.05505324
26    183      2    -1248.62724388        0.05505324
26    184      2    -1244.12358303        0.05505324
26    185      2    -1252.31682996        0.05505324
26    186      2    -1249.92092674        0.05505324
26    187      2    -1248.47281134        0.05505324
26    188      2    -1268.23427545        0.05505324
26    189      2    -1250.92984781        0.05505324
26    190      2    -1269.74082871        0.05505324
26    191      2    -1265.23969040        0.05505324
26    192      2    -1269.00486413        0.05505324
26    193      2    -1278.51690789        0.05505324
26    194      2    -1257.68559414        0.05505324
26    195      2    -1288.58741829        0.05505324
26    196      2    -1271.27826073        0.05505324
26    197      2    -1276.38231904        0.05505324
26    198      2    -1265.79149028        0.05505324
26    199      2    -1270.31036126        0.05505324
27      0      2    -1038.20357193        0.05500847
27      1      2    -1117.48191903        0.05500847
27      2      2    -1071.70852352        0.05500847
27      3      2    -1085.07849683        0.05500847
27      4      2    -1078.84389938        0.05500847
27      5      2    -1112.91326573        0.05500847
27      6      2    -1066.37616813        0.05500847
27      7      2    -1091.08090383        0.05500847
27      8      2    -1049.51551548        0.05500847
27      9      2    -1110.56367510        0.05500847
27     10      2    -1123.40239811        0.05500847
27     11      2    -1097.15317301        0.05500847
27     12      2    -1141.65128039        0.05500847
27     13      2    -1118.97040339        0.05500847
27     14      2    -1124.78414736        0.05500847
27     15      2    -1101.49457065        0.05500847
27     16      2    -1110.14079222        0.05500847
27     17      2    -1133.94372113        0.05500847
27     18      2    -1130.06411873        0.05500847
27     19      2    -1128.33167599        0.05500847
27     20      2    -1130.25469425        0.05500847
27     21      2    -1146.09930164        0.05500847
27     22      2    -1444.11661684        0.05500847
27     23      2    -1110.80318859        0.05500847
27     24      2    -1124.87058274        0.05500847
27     25      2    -1173.88241331        0.05500847
27     26      2    -1165.45717180        0.05500847
27     27      2    -1155.57523933        0.05500847
27     28      2    -1199.51708104        0.05500847
27     29      2    -1152.74615773        0.05500847
27     30      2    -1228.82372333        0.05500847
27     31      2    -1166.51139437        0.05500847
27     32      2    -1184.56518038        0.05500847
27     33      2    -1207.95724830        0.05500847
27     34      2    -1182.24929450        0.05500847
27     35      2    -1207.96034423        0.05500847
27     36      2    -1177.34078886        0.05500847
27     37      2    -1232.70686292        0.05500847
27     38      2    -1232.70686292        0.05500847
27     39      2    -1232.70686292        0.05500847
27     40      2    -1232.70686292        0.05500847
27     41      2    -1232.70686292        0.05500847
27     42      2    -1232.70686292        0.05500847
27     43      2    -1232.70686292        0.05500847
27     44      2    -1232.70686292        0.05500847
27     45      2    -1232.70686292        0.05500847
27     46      2    -1209.82885328        0.05500847
27     47      2    -1208.37914904        0.05500847
27     48      2    -1210.56567263        0.05500847
27     49      2    -1203.55292949        0.05500847
27     50      2    -1223.58892316        0.05500847
27     51      2    -1199.96689214        0.05500847
27     52      2    -1220.87024595        0.05500847
27     53      2    -1213.57488465        0.05500847
27     54      2    -1214.71141980        0.05500847
27     55      2    -1225.47428573        0.05500847
27     56      2    -1207.30193148        0.05500847
27     57      2    -1230.18650131        0.05500847
27     58      2    -1214.58313287        0.05500847
27     59      2    -1216.04637686        0.05500847
27     60      2    -1231.88069191        0.05500847
27     61      2    -1216.13579384        0.05500847
27     62      2    -1234.39528878        0.05500847
27     63      2    -1217.12983994        0.05500847
27     64      2    -1223.92794735        0.05500847
27     65      2    -1219.68780352        0.05500847
27     66      2    -1219.65878240        0.05500847
27     67      2    -1224.05607572        0.05500847
27     68      2    -1219.98122503        0.05500847
27     69      2    -1223.27409405        0.05500847
27     70      2    -1213.36859681        0.05500847
27     71      2    -1223.76197311        0.05500847
27     72      2    -1212.72983353        0.05500847
27     73      2    -1222.87753369        0.05500847
27     74      2    -1211.22191364        0.05500847
27     75      2    -1222.57144976        0.05500847
27     76      2    -1208.27009249        0.05500847
27     77      2    -1216.51603478        0.05500847
27     78      2    -1207.40261745        0.05500847
27     79      2    -1215.35210125        0.05500847
27     80      2    -1206.54798630        0.05500847
27     81      2    -1212.64615520        0.05500847
27     82      2    -1206.47112405        0.05500847
27     83      2    -1211.00641556        0.05500847
27     84      2    -1203.82815233        0.05500847
27     85      2    -1205.69971048        0.05500847
27     86      2    -1201.91067696        0.05500847
27     87      2    -1208.16005423        0.05500847
27     88      2    -1204.89248198        0.05500847
27     89      2    -1205.68820143        0.05500847
27     90      2    -1202.25011329        0.05500847
27     91      2    -1207.50211148        0.05500847
27     92      2    -1202.06999808        0.05500847
27     93      2    -1207.62645522        0.05500847
27     94      2    -1209.35083170        0.05500847
27     95      2    -1208.96534108        0.05500847
27     96      2    -1195.35759125        0.05500847
27     97      2    -1198.75399920        0.05500847
27     98      2    -1211.65784398        0.05500847
27     99      2    -1198.62793537        0.05500847
27    100      2    -1214.21038322        0.05500847
27    101      2    -1203.60184433        0.05500847
27    102      2    -1212.01854247        0.05500847
27    103      2    -1201.21112244        0.05500847
27    104      2    -1214.66908146        0.05500847
27    105      2    -1203.17397777        0.05500847
27    106      2    -1210.76016328        0.05500847
27    107      2    -1201.25257894        0.05500847
27    108      2    -1211.66392499        0.05500847
27    109      2    -1200.70166018        0.05500847
27    110      2    -1212.81159488        0.05500847
27    111      2    -1206.62577614        0.05500847
27    112      2    -1216.53640262        0.05500847
27    113      2    -1209.01915335        0.05500847
27    114      2    -1217.68995695        0.05500847
27    115      2    -1211.17463823        0.05500847
27    116      2    -1219.15909596        0.05500847
27    117      2    -1221.52198201        0.05500847
27    118      2    -1216.69905617        0.05500847
27    119      2    -1218.23090697        0.05500847
27    120      2    -1222.47524319        0.05500847
27    121      2    -1218.00944251        0.05500847
27    122      2    -1224.25681830        0.05500847
27    123      2    -1221.62576352        0.05500847
27    124      2    -1225.04351720        0.05500847
27    125      2    -1222.61070622        0.05500847
27    126      2    -1220.49208615        0.05500847
27    127      2    -1217.10989830        0.05500847
27    128      2    -1218.54268056        0.05500847
27    129      2    -1215.04767548        0.05500847
27    130      2    -1215.89549671        0.05500847
27    131      2    -1212.34013581        0.05500847
27    132      2    -1216.03834423        0.05500847
27    133      2    -1213.79415707        0.05500847
27    134      2    -1220.49572583        0.05500847
27    135      2    -1208.22128645        0.05500847
27    136      2    -1217.28875965        0.05500847
27    137      2    -1215.17079522        0.05500847
27    138      2    -1221.55874428        0.05500847
27    139      2    -1214.00069074        0.05500847
27    140      2    -1221.47830514        0.05500847
27    141      2    -1217.25786621        0.05500847
27    142      2    -1219.84481455        0.05500847
27    143      2    -1216.19826368        0.05500847
27    144      2    -1217.11518778        0.05500847
27    145      2    -1213.09843722        0.05500847
27    146      2    -1219.75759454        0.05500847
27    147      2    -1212.43033614        0.05500847
27    148      2    -1212.33010282        0.05500847
27    149      2    -1202.78748187        0.05500847
27    150      2    -1232.70686292        0.05500847
27    151      2    -1232.70686292        0.05500847
27    152      2    -1232.70686292        0.05500847
27    153      2    -1232.70686292        0.05500847
27    154      2    -1232.70686292        0.05500847
27    155      2    -1232.70686292        0.05500847
27    156      2    -1232.70686292        0.05500847
27    157      2    -1232.70686292        0.05500847
27    158      2    -1232.70686292        0.05500847
27    159      2    -1181.00178189        0.05500847
27    160      2    -1195.50964021        0.05500847
27    161      2    -1180.26974188        0.05500847
27    162      2    -1184.59976812        0.05500847
27    163      2    -1180.39890648        0.05500847
27    164      2    -1182.59736481        0.05500847
27    165      2    -1177.73122146        0.05500847
27    166      2    -1170.43594530        0.05500847
27    167      2    -1177.59837485        0.05500847
27    168      2    -1184.55425566        0.05500847
27    169      2    -1170.45570234        0.05500847
27    170      2    -1181.62109371        0.05500847
27    171      2    -1159.05387088        0.05500847
27    172      2    -1170.86298849        0.05500847
27    173      2    -1175.85725332        0.05500847
27    174      2    -1180.82254600        0.05500847
27    175      2    -1179.51207070        0.05500847
27    176      2    -1198.34133039        0.05500847
27    177      2    -1185.29432241        0.05500847
27    178      2    -1208.28970826        0.05500847
27    179      2    -1204.52218329        0.05500847
27    180      2    -1218.08981449        0.05500847
27    181      2    -1212.54339896        0.05500847
27    182      2    -1236.35003156        0.05500847
27    183      2    -1219.30861067        0.05500847
27    184      2    -1247.76789456        0.05500847
27    185      2    -1242.51314475        0.05500847
27    186      2    -1251.19014586        0.05500847
27    187      2    -1240.84449762        0.05500847
27    188      2    -1268.81087985        0.05500847
27    189      2    -1265.80878865        0.05500847
27    190      2    -1254.22334801        0.05500847
27    191      2    -1282.37187587        0.05500847
27    192      2    -1279.93538867        0.05500847
27    193      2    -1268.96110809        0.05500847
27    194      2    -1282.54772835        0.05500847
27    195      2    -1270.90617379        0.05500847
28      0      2     -919.02311426        0.05502540
28      1      2    -1017.80319990        0.05502540
28      2      2    -1019.35018398        0.05502540
28      3      2     -915.32036677        0.05502540
28      4      2     -889.78319205        0.05502540
28      5      2     -934.58976799        0.05502540
28      6      2     -991.66211493        0.05502540
28      7      2     -930.18081881        0.05502540
28      8      2     -946.44472227        0.05502540
28      9      2     -998.32028374        0.05502540
28     10      2     -991.97288100        0.05502540
28     11      2     -959.78145194        0.05502540
28     12      2     -941.91869744        0.05502540
28     13      2    -1013.87901574        0.05502540
28     14      2     -947.95861819        0.05502540
28     15      2    -1034.74074473        0.05502540
28     16      2     -968.24183212        0.05502540
28     17      2    -1047.79560400        0.05502540
28     18      2    -1044.34893231        0.05502540
28     19      2    -1002.93180275        0.05502540
28     20      2    -1067.91800948        0.05502540
28     21      2    -1109.33710638        0.05502540
28     22      2    -1076.32130494        0.05502540
28     23      2    -1077.36426144        0.05502540
28     24      2    -1232.76687138        0.05502540
28     25      2    -1232.76687138        0.05502540
28     26      2    -1232.76687138        0.05502540
28     27      2    -1232.76687138        0.05502540
28     28      2    -1232.76687138        0.05502540
28     29      2    -1232.76687138        0.05502540
28     30      2    -1232.76687138        0.05502540
28     31      2    -1232.76687138        0.05502540
28     32      2    -1232.76687138        0.05502540
28     33      2    -1181.21469951        0.05502540
28     34      2    -1197.23981536        0.05502540
28     35      2    -1197.16830476        0.05502540
28     36      2    -1199.26438662        0.05502540
28     37      2    -1207.60909139        0.05502540
28     38      2    -1224.76088391        0.05502540
28     39      2    -1218.37932770        0.05502540
28     40      2    -1216.38163646        0.05502540
28     41      2    -1238.84323060        0.05502540
28     42      2    -1224.16583739        0.05502540
28     43      2    -1244.07156072        0.05502540
28     44      2    -1236.57370316        0.05502540
28     45      2    -1247.04734493        0.05502540
28     46      2    -1247.34910748        0.05502540
28     47      2    -1248.22062367        0.05502540
28     48      2    -1251.88164877        0.05502540
28     49      2    -1258.48283152        0.05502540
28     50      2    -1253.07559215        0.05502540
28     51      2    -1259.81265180        0.05502540
28     52      2    -1255.59484474        0.05502540
28     53      2    -1257.14731559        0.05502540
28     54      2    -1248.58691228        0.05502540
28     55      2    -1261.85052982        0.05502540
28     56      2    -1250.74123336        0.05502540
28     57      2    -1258.84239276        0.05502540
28     58      2    -1255.18805579        0.05502540
28     59      2    -1256.27522924        0.05502540
28     60      2    -1248.97662854        0.05502540
28     61      2    -1257.21552167        0.05502540
28     62      2    -1249.60145841        0.05502540
28     63      2    -1247.90294847        0.05502540
28     64      2    -1248.52871334        0.05502540
28     65      2    -1248.20700570        0.05502540
28     66      2    -1248.49190900        0.05502540
28     67      2    -1247.89502129        0.05502540
28     68      2    -1243.71151064        0.05502540
28     69      2    -1242.02209526        0.05502540
28     70      2    -1244.49045346        0.05502540
28     71      2    -1241.48222647        0.05502540
28     72      2    -1237.51923335        0.05502540
28     73      2    -1245.09171245        0.05502540
28     74      2    -1234.55143447        0.05502540
28     75      2    -1246.34366492        0.05502540
28     76      2    -1231.12153386        0.05502540
28     77      2    -1245.43543560        0.05502540
28     78      2    -1228.31438564        0.05502540
28     79      2    -1245.59204331        0.05502540
28     80      2    -1229.80745119        0.05502540
28     81      2    -1241.05937554        0.05502540
28     82      2    -1225.38405362        0.05502540
28     83      2    -1240.52287696        0.05502540
28     84      2    -1230.93901409        0.05502540
28     85      2    -1235.07342125        0.05502540
28     86      2    -1225.78850598        0.05502540
28     87      2    -1236.36783254        0.05502540
28     88      2    -1217.16219441        0.05502540
28     89      2    -1231.28314383        0.05502540
28     90      2    -1244.27831282        0.05502540
28     91      2    -1229.44681724        0.05502540
28     92      2    -1240.76900703        0.05502540
28     93      2    -1232.07916591        0.05502540
28     94      2    -1241.46918252        0.05502540
28     95      2    -1232.58871550        0.05502540
28     96      2    -1244.96585129        0.05502540
28     97      2    -1232.09429892        0.05502540
28     98      2    -1240.78460311        0.05502540
28     99      2    -1231.78412122        0.05502540
28    100      2    -1242.38110912        0.05502540
28    101      2    -1234.10850024        0.05502540
28    102      2    -1247.60068565        0.05502540
28    103      2    -1241.71035704        0.05502540
28    104      2    -1252.63990140        0.05502540
28    105      2    -1242.29715003        0.05502540
28    106      2    -1252.13272027        0.05502540
28    107      2    -1243.61717618        0.05502540
28    108      2    -1256.22170875        0.05502540
28    109      2    -1244.87683860        0.05502540
28    110      2    -1258.48180623        0.05502540
28    111      2    -1247.52758491        0.05502540
28    112      2    -1260.14761673        0.05502540
28    113      2    -1249.55139378        0.05502540
28    114      2    -1262.90203559        0.05502540
28    115      2    -1251.51835704        0.05502540
28    116      2    -1263.48318148        0.05502540
28    117      2    -1254.04189652        0.05502540
28    118      2    -1263.75104779        0.05502540
28    119      2    -1251.23190037        0.05502540
28    120      2    -1262.64983408        0.05502540
28    121      2    -1250.51760935        0.05502540
28    122      2    -1254.50689311        0.05502540
28    123      2    -1245.85112976        0.05502540
28    124      2    -1252.71999397        0.05502540
28    125      2    -1242.92889973        0.05502540
28    126      2    -1250.57601475        0.05502540
28    127      2    -1237.61564210        0.05502540
28    128      2    -1250.18682059        0.05502540
28    129      2    -1234.66857456        0.05502540
28    130      2    -1242.93324680        0.05502540
28    131      2    -1235.33348639        0.05502540
28    132      2    -1239.60105126        0.05502540
28    133      2    -1229.11404344        0.05502540
28    134      2    -1235.28154636        0.05502540
28    135      2    -1227.98340543        0.05502540
28    136      2    -1231.15793463        0.05502540
28    137      2    -1219.78755387        0.05502540
28    138      2    -1231.37929766        0.05502540
28    139      2    -1210.55736242        0.05502540
28    140      2    -1225.17423083        0.05502540
28    141      2    -1203.05263287        0.05502540
28    142      2    -1202.84379762        0.05502540
28    143      2    -1208.71639120        0.05502540
28    144      2    -1194.38070160        0.05502540
28    145      2    -1232.76687138        0.05502540
28    146      2    -1232.76687138        0.05502540
28    147      2    -1232.76687138        0.05502540
28    148      2    -1232.76687138        0.05502540
28    149      2    -1232.76687138        0.05502540
28    150      2    -1232.76687138        0.05502540
28    151      2    -1232.76687138        0.05502540
28    152      2    -1232.76687138        0.05502540
28    153      2    -1232.76687138        0.05502540
28    154      2    -1121.93448822        0.05502540
28    155      2    -1126.17870049        0.05502540
28    156      2    -1105.08982224        0.05502540
28    157      2    -1109.44603226        0.05502540
28    158      2    -1130.61818979        0.05502540
28    159      2    -1077.48240488        0.05502540
28    160      2    -1112.97848159        0.05502540
28    161      2    -1114.06970534        0.05502540
28    162      2    -1117.59830227        0.05502540
28    163      2    -1100.21732549        0.05502540
28    164      2    -1110.54055275        0.05502540
28    165      2    -1120.25026214        0.05502540
28    166      2    -1120.29331278        0.05502540
28    167      2    -1109.70947306        0.05502540
28    168      2    -1141.99919730        0.05502540
28    169      2    -1150.61454946        0.05502540
28    170      2    -1150.42560101        0.05502540
28    171      2    -1178.33945914        0.05502540
28    172      2    -1184.37352112        0.05502540
28    173      2    -1184.64125480        0.05502540
28    174      2    -1216.03498377        0.05502540
28    175      2    -1208.42571955        0.05502540
28    176      2    -1221.99927687        0.05502540
28    177      2    -1218.51983814        0.05502540
29      0      2    -1235.13029052        0.05496718
29      1      2    -1235.13029052        0.05496718
29      2      2    -1235.13029052        0.05496718
29      3      2    -1235.13029052        0.05496718
29      4      2    -1235.13029052        0.05496718
29      5      2     -970.09159530        0.05496718
29      6      2    -1046.06390015        0.05496718
29      7      2    -1089.65821970        0.05496718
29      8      2    -1097.86856497        0.05496718
29      9      2    -1068.16420163        0.05496718
29     10      2    -1127.32459176        0.05496718
29     11      2    -1123.26234615        0.05496718
29     12      2    -1190.00821867        0.05496718
29     13      2    -1133.64840338        0.05496718
29     14      2    -1202.18609494        0.05496718
29     15      2    -1186.44607438        0.05496718
29     16      2    -1209.19038684        0.05496718
29     17      2    -1203.90291910        0.05496718
29     18      2    -1216.83719909        0.05496718
29     19      2    -1229.99401226        0.05496718
29     20      2    -1228.50663048        0.05496718
29     21      2    -1243.85204425        0.05496718
29     22      2    -1239.69961546        0.05496718
29     23      2    -1245.51762398        0.05496718
29     24      2    -1252.62284677        0.05496718
29     25      2    -1250.32760211        0.05496718
29     26      2    -1259.22248978        0.05496718
29     27      2    -1253.90390901        0.05496718
29     28      2    -1256.38119855        0.05496718
29     29      2    -1260.31830729        0.05496718
29     30      2    -1252.95263414        0.05496718
29     31      2    -1260.69103457        0.05496718
29     32      2    -1255.33987175        0.05496718
29     33      2    -1265.85404285        0.05496718
29     34      2    -1250.46469237        0.05496718
29     35      2    -1266.61384171        0.05496718
29     36      2    -1252.33647460        0.05496718
29     37      2    -1260.47540426        0.05496718
29     38      2    -1252.30975405        0.05496718
29     39      2    -1259.73588403        0.05496718
29     40      2    -1254.41696071        0.05496718
29     41      2    -1253.28952821        0.05496718
29     42      2    -1262.98254580        0.05496718
29     43      2    -1251.09736608        0.05496718
29     44      2    -1256.71620596        0.05496718
29     45      2    -1256.07816449        0.05496718
29     46      2    -1250.36642404        0.05496718
29     47      2    -1255.93393323        0.05496718
29     48      2    -1255.74163764        0.05496718
29     49      2    -1249.11563258        0.05496718
29     50      2    -1257.61929889        0.05496718
29     51      2    -1251.70266665        0.05496718
29     52      2    -1248.91990290        0.05496718
29     53      2    -1252.25965790        0.05496718
29     54      2    -1247.21063871        0.05496718
29     55      2    -1249.89396086        0.05496718
29     56      2    -1244.00490556        0.05496718
29     57      2    -1250.92637702        0.05496718
29     58      2    -1248.03408526        0.05496718
29     59      2    -1244.14171792        0.05496718
29     60      2    -1241.80380784        0.05496718
29     61      2    -1244.52839192        0.05496718
29     62      2    -1246.71007279        0.05496718
29     63      2    -1240.61232586        0.05496718
29     64      2    -1238.87104177        0.05496718
29     65      2    -1243.31603585        0.05496718
29     66      2    -1229.56993928        0.05496718
29     67      2    -1244.21384200        0.05496718
29     68      2    -1233.52825660        0.05496718
29     69      2    -1241.25969790        0.05496718
29     70      2    -1229.57146887        0.05496718
29     71      2    -1243.35900144        0.05496718
29     72      2    -1232.71205161        0.05496718
29     73      2    -1240.75699944        0.05496718
29     74      2    -1229.61993301        0.05496718
29     75      2    -1239.14701625        0.05496718
29     76      2    -1226.54248324        0.05496718
29     77      2    -1239.07878854        0.05496718
29     78      2    -1233.99521549        0.05496718
29     79      2    -1246.92287065        0.05496718
29     80      2    -1239.95455888        0.05496718
29     81      2    -1245.35037045        0.05496718
29     82      2    -1243.46407084        0.05496718
29     83      2    -1243.84319425        0.05496718
29     84      2    -1246.96208539        0.05496718
29     85      2    -1250.26465731        0.05496718
29     86      2    -1252.28903370        0.05496718
29     87      2    -1251.30533105        0.05496718
29     88      2    -1251.82507232        0.05496718
29     89      2    -1255.30162687        0.05496718
29     90      2    -1250.21996275        0.05496718
29     91      2    -1253.93461812        0.05496718
29     92      2    -1257.11597883        0.05496718
29     93      2    -1248.64575285        0.05496718
29     94      2    -1256.44945292        0.05496718
29     95      2    -1257.98821269        0.05496718
29     96      2    -1251.60143052        0.05496718
29     97      2    -1256.62375683        0.05496718
29     98      2    -1250.96958748        0.05496718
29     99      2    -1249.71277611        0.05496718
29    100      2    -1251.85182324        0.05496718
29    101      2    -1247.04643485        0.05496718
29    102      2    -1245.88212460        0.05496718
29    103      2    -1246.37165985        0.05496718
29    104      2    -1238.54546239        0.05496718
29    105      2    -1244.01225554        0.05496718
29    106      2    -1233.85148058        0.05496718
29    107      2    -1234.06623548        0.05496718
29    108      2    -1224.77479383        0.05496718
29    109      2    -1229.86462949        0.05496718
29    110      2    -1208.36419264        0.05496718
29    111      2    -1217.17866322        0.05496718
29    112      2    -1202.33509636        0.05496718
29    113      2    -1201.67204396        0.05496718
29    114      2    -1195.74222035        0.05496718
29    115      2    -1186.10694792        0.05496718
29    116      2    -1171.10667178        0.05496718
29    117      2    -1151.02753995        0.05496718
29    118      2    -1206.03186652        0.05496718
29    119      2    -1138.46078534        0.05496718
29    120      2    -1111.31226607        0.05496718
29    121      2    -1109.01774122        0.05496718
29    122      2    -1072.51816287        0.05496718
29    123      2    -1092.82561435        0.05496718
29    124      2    -1051.62633835        0.05496718
29    125      2    -1235.13029052        0.05496718
29    126      2    -1235.13029052        0.05496718
29    127      2    -1235.13029052        0.05496718
29    128      2    -1235.13029052        0.05496718
29    129      2    -1235.13029052        0.05496718
30      0      2     -956.97822272        0.05494199
30      1      2    -1097.21444930        0.05494199
30      2      2    -1170.47680805        0.05494199
30      3      2    -1102.04918769        0.05494199
30      4      2    -1079.45075215        0.05494199
30      5      2    -1120.24066016        0.05494199
30      6      2    -1113.50526757        0.05494199
30      7      2    -1128.74768644        0.05494199
30      8      2    -1152.20845795        0.05494199
30      9      2    -1171.24644583        0.05494199
30     10      2    -1158.70785409        0.05494199
30     11      2    -1188.40732286        0.05494199
30     12      2    -1173.06853438        0.05494199
30     13      2    -1192.20699269        0.05494199
30     14      2    -1197.80746770        0.05494199
30     15      2    -1191.80176939        0.05494199
30     16      2    -1207.03302692        0.05494199
30     17      2    -1201.74837820        0.05494199
30     18      2    -1210.54378956        0.05494199
30     19      2    -1213.54722671        0.05494199
30     20      2    -1211.21277437        0.05494199
30     21      2    -1213.01538548        0.05494199
30     22      2    -1216.57887441        0.05494199
30     23      2    -1215.95222693        0.05494199
30     24      2    -1217.30503168        0.05494199
30     25      2    -1217.91592361        0.05494199
30     26      2    -1214.97337182        0.05494199
30     27      2    -1230.21669787        0.05494199
30     28      2    -1203.07031371        0.05494199
30     29      2    -1229.52565852        0.05494199
30     30      2    -1221.17006868        0.05494199
30     31      2    -1216.94269083        0.05494199
30     32      2    -1220.14187056        0.05494199
30     33      2    -1211.70654504        0.05494199
30     34      2    -1219.51356567        0.05494199
30     35      2    -1213.92655260        0.05494199
30     36      2    -1218.52957595        0.05494199
30     37      2    -1211.27417425        0.05494199
30     38      2    -1214.51803378        0.05494199
30     39      2    -1206.10020094        0.05494199
30     40      2    -1216.76471393        0.05494199
30     41      2    -1206.41384019        0.05494199
30     42      2    -1214.67793532        0.05494199
30     43      2    -1200.82199912        0.05494199
30     44      2    -1209.93217327        0.05494199
30     45      2    -1198.49247339        0.05494199
30     46      2    -1205.93212012        0.05494199
30     47      2    -1197.21290632        0.05494199
30     48      2    -1204.25961576        0.05494199
30     49      2    -1191.81254620        0.05494199
30     50      2    -1201.25059715        0.05494199
30     51      2    -1199.25481959        0.05494199
30     52      2    -1192.76782001        0.05494199
30     53      2    -1181.87200791        0.05494199
30     54      2    -1195.13189961        0.05494199
30     55      2    -1191.56416162        0.05494199
30     56      2    -1197.69356414        0.05494199
30     57      2    -1185.26231648        0.05494199
30     58      2    -1192.62204553        0.05494199
30     59      2    -1182.13123914        0.05494199
30     60      2    -1189.70612211        0.05494199
30     61      2    -1184.11370380        0.05494199
30     62      2    -1189.54507498        0.05494199
30     63      2    -1179.75046814        0.05494199
30     64      2    -1181.43838724        0.05494199
30     65      2    -1176.63328511        0.05494199
30     66      2    -1186.69603004        0.05494199
30     67      2    -1184.97446930        0.05494199
30     68      2    -1193.30423642        0.05494199
30     69      2    -1181.17934191        0.05494199
30     70      2    -1194.42720551        0.05494199
30     71      2    -1184.36481046        0.05494199
30     72      2    -1194.88454506        0.05494199
30     73      2    -1187.94033140        0.05494199
30     74      2    -1196.36564700        0.05494199
30     75      2    -1190.74399997        0.05494199
30     76      2    -1199.75746525        0.05494199
30     77      2    -1191.03363499        0.05494199
30     78      2    -1199.03396814        0.05494199
30     79      2    -1190.24814317        0.05494199
30     80      2    -1196.89748824        0.05494199
30     81      2    -1187.13398745        0.05494199
30     82      2    -1199.13974127        0.05494199
30     83      2    -1183.79978135        0.05494199
30     84      2    -1192.66052354        0.05494199
30     85      2    -1178.19894392        0.05494199
30     86      2    -1191.91989223        0.05494199
30     87      2    -1176.10425097        0.05494199
30     88      2    -1189.05081880        0.05494199
30     89      2    -1176.73931463        0.05494199
30     90      2    -1186.05466442        0.05494199
30     91      2    -1171.22143770        0.05494199
30     92      2    -1178.97699516        0.05494199
30     93      2    -1158.35810178        0.05494199
30     94      2    -1166.56482374        0.05494199
30     95      2    -1157.89136901        0.05494199
30     96      2    -1165.45256050        0.05494199
30     97      2    -1143.77249690        0.05494199
30     98      2    -1146.75834069        0.05494199
30     99      2    -1123.02566419        0.05494199
30    100      2    -1132.53779736        0.05494199
30    101      2    -1092.11213363        0.05494199
30    102      2    -1145.76206223        0.05494199
30    103      2    -1086.21780515        0.05494199
30    104      2    -1077.65702384        0.05494199
30    105      2    -1047.38087600        0.05494199
30    106      2    -1054.80014770        0.05494199
30    107      2    -1033.06204310        0.05494199
31      0      2    -1097.96412342        0.05494245
31      1      2    -1124.04175357        0.05494245
31      2      2    -1162.45183593        0.05494245
31      3      2    -1137.28351122        0.05494245
31      4      2    -1164.81276989        0.05494245
31      5      2    -1166.44613244        0.05494245
31      6      2    -1179.80785823        0.05494245
31      7      2    -1178.81234031        0.05494245
31      8      2    -1201.84316052        0.05494245
31      9      2    -1187.77591658        0.05494245
31     10      2    -1211.31772764        0.05494245
31     11      2    -1200.79713941        0.05494245
31     12      2    -1210.54186552        0.05494245
31     13      2    -1207.91451211        0.05494245
31     14      2    -1221.05726493        0.05494245
31     15      2    -1214.01729810        0.05494245
31     16      2    -1212.27824825        0.05494245
31     17      2    -1221.15455575        0.05494245
31     18      2    -1204.21464652        0.05494245
31     19      2    -1227.68936863        0.05494245
31     20      2    -1210.47246768        0.05494245
31     21      2    -1223.10285105        0.05494245
31     22      2    -1218.19090253        0.05494245
31     23      2    -1217.90236364        0.05494245
31     24      2    -1212.77317980        0.05494245
31     25      2    -1217.69014435        0.05494245
31     26      2    -1211.67710078        0.05494245
31     27      2    -1214.50819129        0.05494245
31     28      2    -1204.03878110        0.05494245
31     29      2    -1207.16543298        0.05494245
31     30      2    -1213.35535924        0.05494245
31     31      2    -1204.31756269        0.05494245
31     32      2    -1201.11416077        0.05494245
31     33      2    -1202.91000966        0.05494245
31     34      2    -1198.92487712        0.05494245
31     35      2    -1193.87782030        0.05494245
31     36      2    -1195.59976393        0.05494245
31     37      2    -1191.90532990        0.05494245
31     38      2    -1186.17396312        0.05494245
31     39      2    -1170.92862886        0.05494245
31     40      2    -1181.99428647        0.05494245
31     41      2    -1173.69716448        0.05494245
31     42      2    -1177.29117561        0.05494245
31     43      2    -1175.20247611        0.05494245
31     44      2    -1167.84731643        0.05494245
31     45      2    -1171.40145888        0.05494245
31     46      2    -1168.79470481        0.05494245
31     47      2    -1172.30546183        0.05494245
31     48      2    -1167.33794846        0.05494245
31     49      2    -1158.71468201        0.05494245
31     50      2    -1175.52050382        0.05494245
31     51      2    -1173.76726367        0.05494245
31     52      2    -1173.90084001        0.05494245
31     53      2    -1166.42548606        0.05494245
31     54      2    -1162.14581006        0.05494245
31     55      2    -1158.53070660        0.05494245
31     56      2    -1162.19354912        0.05494245
31     57      2    -1161.25206545        0.05494245
31     58      2    -1170.88557195        0.05494245
31     59      2    -1167.01600258        0.05494245
31     60      2    -1173.93270615        0.05494245
31     61      2    -1174.15791457        0.05494245
31     62      2    -1184.53317612        0.05494245
31     63      2    -1180.51290080        0.05494245
31     64      2    -1174.50726194        0.05494245
31     65      2    -1186.09058511        0.05494245
31     66      2    -1180.08965497        0.05494245
31     67      2    -1181.10839284        0.05494245
31     68      2    -1178.52737034        0.05494245
31     69      2    -1180.65657519        0.05494245
31     70      2    -1168.52678777        0.05494245
31     71      2    -1186.35567275        0.05494245
31     72      2    -1171.64184078        0.05494245
31     73      2    -1177.51467913        0.05494245
31     74      2    -1168.24577410        0.05494245
31     75      2    -1172.71979636        0.05494245
31     76      2    -1164.53961224        0.05494245
31     77      2    -1164.58231232        0.05494245
31     78      2    -1154.80167680        0.05494245
31     79      2    -1152.13730414        0.05494245
31     80      2    -1134.60756658        0.05494245
31     81      2    -1149.20559221        0.05494245
31     82      2    -1135.51136201        0.05494245
31     83      2    -1134.37838579        0.05494245
31     84      2    -1129.63713722        0.05494245
31     85      2    -1121.44934175        0.05494245
31     86      2    -1103.73376543        0.05494245
31     87      2    -1097.80391619        0.05494245
31     88      2    -1087.72023878        0.05494245
31     89      2    -1096.61056143        0.05494245
########################################
# Coboparameter                        #
# no parameter corresponds to be 50.   #
########################################
#Cobo 	dummy	ATY	p0	p1     p2
       0       0       3             -80     20.17117142      0.01000000
       1       0       3             -80     19.52476909      0.01000000
       2       0       3             -80     18.77746465      0.01000000
       3       0       3             -80    -10.57835902      0.01000000
       4       0       3             -80    -31.26123930      0.01000000
       5       0       3             -80     19.12634699      0.01000000
       6       0       3             -80     18.07884132      0.01000000
       7       0       3             -80     18.77514888      0.01000000
#####################################################################
# TPC Resolution Parameter (L : p0)			            #
# res_xz^2 = p0^2 + p2^2/(exp(-p1*y)/p3*y + p4^2/12*tan(alpha)^2/p5 #
# res_y^2 = p6^2 + p7^2/(exp(-p1*y)/p8*y                            #
#####################################################################
#B    INorOUt  ATY	p0	p1	p2	p3	p4	p5	p6	p7	p8
#
0	0	4	0.75030000	0.00000000	0.35560000	100.00000000	9.00000000	1.69080000	1.00000000	0.00000000	1.00000000
0	1	4	0.38710000	0.00000000	0.35560000	100.00000000	12.50000000	3.65020000	1.00000000	0.00000000	1.00000000
1	0	4	0.75030000	0.00000000	0.09530000	100.00000000	9.00000000	1.69080000	1.00000000	0.00000000	1.00000000
1	1	4	0.38710000	0.00000000	0.09530000	100.00000000	12.50000000	3.65020000	1.00000000	0.00000000	1.00000000
