#
#  TPCParam_e72_run02448
#  Gain Calib : HS On HTOF calib (20260616 ver)
#  Cobo Phaseshift : run02448
#  
#______________________________________________________________________________
#
# Layer	Row	ATY	p0	p1
#
########################################
# TPC ADC : cde = (de-p0)*p1           #
########################################
     0      0      0      0.00000000      1.35199057
     0      1      0      0.00000000      1.35199057
     0      2      0      0.00000000      1.35199057
     0      3      0      0.00000000      1.35199057
     0      4      0      0.00000000      1.35199057
     0      5      0      0.00000000      1.35199057
     0      6      0      0.00000000      1.35199057
     0      7      0      0.00000000      1.35199057
     0      8      0      0.00000000      1.35199057
     0      9      0      0.00000000      1.35199057
     0     10      0      0.00000000      1.35199057
     0     11      0      0.00000000      1.35199057
     0     12      0      0.00000000      1.35199057
     0     13      0      0.00000000      1.35199057
     0     14      0      0.00000000      1.35199057
     0     15      0      0.00000000      1.35199057
     0     16      0      0.00000000      1.35199057
     0     17      0      0.00000000      1.35199057
     0     18      0      0.00000000      1.35199057
     0     19      0      0.00000000      1.35199057
     0     20      0      0.00000000      1.35199057
     0     21      0      0.00000000      1.35199057
     0     22      0      0.00000000      1.35199057
     0     23      0      0.00000000      1.35199057
     0     24      0      0.00000000      1.35199057
     0     25      0      0.00000000      1.35199057
     0     26      0      0.00000000      1.35199057
     0     27      0      0.00000000      1.35199057
     0     28      0      0.00000000      1.35199057
     0     29      0      0.00000000      1.35199057
     0     30      0      0.00000000      1.35199057
     0     31      0      0.00000000      1.35199057
     0     32      0      0.00000000      1.35199057
     0     33      0      0.00000000      1.35199057
     0     34      0      0.00000000      1.35199057
     0     35      0      0.00000000      1.35199057
     0     36      0      0.00000000      1.35199057
     0     37      0      0.00000000      1.35199057
     0     38      0      0.00000000      1.35199057
     0     39      0      0.00000000      1.35199057
     0     40      0      0.00000000      1.35199057
     0     41      0      0.00000000      1.35199057
     0     42      0      0.00000000      1.35199057
     0     43      0      0.00000000      1.35199057
     0     44      0      0.00000000      1.35199057
     0     45      0      0.00000000      1.35199057
     0     46      0      0.00000000      1.35199057
     0     47      0      0.00000000      1.35199057
     1      0      0      0.00000000      1.35199057
     1      1      0      0.00000000      1.35199057
     1      2      0      0.00000000      1.35199057
     1      3      0      0.00000000      1.35199057
     1      4      0      0.00000000      1.35199057
     1      5      0      0.00000000      1.35199057
     1      6      0      0.00000000      1.35199057
     1      7      0      0.00000000      1.35199057
     1      8      0      0.00000000      1.35199057
     1      9      0      0.00000000      1.35199057
     1     10      0      0.00000000      1.35199057
     1     11      0      0.00000000      1.35199057
     1     12      0      0.00000000      1.35199057
     1     13      0      0.00000000      1.35199057
     1     14      0      0.00000000      1.35199057
     1     15      0      0.00000000      1.35199057
     1     16      0      0.00000000      1.35199057
     1     17      0      0.00000000      1.35199057
     1     18      0      0.00000000      1.04449758
     1     19      0      0.00000000      1.35199057
     1     20      0      0.00000000      1.35199057
     1     21      0      0.00000000      1.35199057
     1     22      0      0.00000000      1.35199057
     1     23      0      0.00000000      1.35199057
     1     24      0      0.00000000      1.35199057
     1     25      0      0.00000000      1.35199057
     1     26      0      0.00000000      1.35199057
     1     27      0      0.00000000      1.35199057
     1     28      0      0.00000000      1.35199057
     1     29      0      0.00000000      1.35199057
     1     30      0      0.00000000      1.35199057
     1     31      0      0.00000000      1.35199057
     1     32      0      0.00000000      1.35199057
     1     33      0      0.00000000      1.35199057
     1     34      0      0.00000000      1.35199057
     1     35      0      0.00000000      1.35199057
     1     36      0      0.00000000      1.35199057
     1     37      0      0.00000000      1.35199057
     1     38      0      0.00000000      1.35199057
     1     39      0      0.00000000      1.35199057
     1     40      0      0.00000000      1.35199057
     1     41      0      0.00000000      1.35199057
     1     42      0      0.00000000      1.35199057
     1     43      0      0.00000000      1.35199057
     1     44      0      0.00000000      1.35199057
     1     45      0      0.00000000      1.35199057
     1     46      0      0.00000000      1.35199057
     1     47      0      0.00000000      1.35199057
     2      0      0      0.00000000      1.35199057
     2      1      0      0.00000000      1.35199057
     2      2      0      0.00000000      1.35199057
     2      3      0      0.00000000      1.35199057
     2      4      0      0.00000000      1.35199057
     2      5      0      0.00000000      1.35199057
     2      6      0      0.00000000      1.35199057
     2      7      0      0.00000000      1.35199057
     2      8      0      0.00000000      1.35199057
     2      9      0      0.00000000      1.35199057
     2     10      0      0.00000000      1.35199057
     2     11      0      0.00000000      1.35199057
     2     12      0      0.00000000      1.35199057
     2     13      0      0.00000000      1.35199057
     2     14      0      0.00000000      1.35199057
     2     15      0      0.00000000      1.35199057
     2     16      0      0.00000000      1.35199057
     2     17      0      0.00000000      1.35199057
     2     18      0      0.00000000      1.35199057
     2     19      0      0.00000000      1.35199057
     2     20      0      0.00000000      1.35199057
     2     21      0      0.00000000      1.35199057
     2     22      0      0.00000000      1.35199057
     2     23      0      0.00000000      1.35199057
     2     24      0      0.00000000      1.35199057
     2     25      0      0.00000000      1.35199057
     2     26      0      0.00000000      1.35199057
     2     27      0      0.00000000      1.35199057
     2     28      0      0.00000000      1.35199057
     2     29      0      0.00000000      1.35199057
     2     30      0      0.00000000      1.35199057
     2     31      0      0.00000000      1.35199057
     2     32      0      0.00000000      1.35199057
     2     33      0      0.00000000      1.35199057
     2     34      0      0.00000000      1.35199057
     2     35      0      0.00000000      1.35199057
     2     36      0      0.00000000      1.35199057
     2     37      0      0.00000000      1.35199057
     2     38      0      0.00000000      1.35199057
     2     39      0      0.00000000      1.35199057
     2     40      0      0.00000000      1.35199057
     2     41      0      0.00000000      1.35199057
     2     42      0      0.00000000      1.35199057
     2     43      0      0.00000000      1.35199057
     2     44      0      0.00000000      1.35199057
     2     45      0      0.00000000      1.35199057
     2     46      0      0.00000000      1.35199057
     2     47      0      0.00000000      1.35199057
     2     48      0      0.00000000      1.35199057
     2     49      0      0.00000000      1.35199057
     2     50      0      0.00000000      1.35199057
     2     51      0      0.00000000      1.35199057
     2     52      0      0.00000000      1.35199057
     2     53      0      0.00000000      1.35199057
     2     54      0      0.00000000      1.35199057
     2     55      0      0.00000000      1.35199057
     2     56      0      0.00000000      1.35199057
     2     57      0      0.00000000      1.35199057
     2     58      0      0.00000000      1.35199057
     2     59      0      0.00000000      1.35199057
     2     60      0      0.00000000      1.35199057
     2     61      0      0.00000000      1.35199057
     2     62      0      0.00000000      1.35199057
     2     63      0      0.00000000      1.35199057
     2     64      0      0.00000000      1.35199057
     2     65      0      0.00000000      1.35199057
     2     66      0      0.00000000      1.35199057
     2     67      0      0.00000000      1.35199057
     2     68      0      0.00000000      1.35199057
     2     69      0      0.00000000      1.35199057
     2     70      0      0.00000000      1.35199057
     2     71      0      0.00000000      1.35199057
     3      0      0      0.00000000      1.35199057
     3      1      0      0.00000000      1.35199057
     3      2      0      0.00000000      1.35199057
     3      3      0      0.00000000      1.35199057
     3      4      0      0.00000000      1.35199057
     3      5      0      0.00000000      1.35199057
     3      6      0      0.00000000      1.35199057
     3      7      0      0.00000000      1.35199057
     3      8      0      0.00000000      1.35199057
     3      9      0      0.00000000      1.35199057
     3     10      0      0.00000000      1.35199057
     3     11      0      0.00000000      1.35199057
     3     12      0      0.00000000      1.35199057
     3     13      0      0.00000000      1.35199057
     3     14      0      0.00000000      1.35199057
     3     15      0      0.00000000      1.35199057
     3     16      0      0.00000000      1.35199057
     3     17      0      0.00000000      1.35199057
     3     18      0      0.00000000      1.35199057
     3     19      0      0.00000000      1.35199057
     3     20      0      0.00000000      1.35199057
     3     21      0      0.00000000      1.35199057
     3     22      0      0.00000000      1.35199057
     3     23      0      0.00000000      1.35199057
     3     24      0      0.00000000      1.35199057
     3     25      0      0.00000000      1.35199057
     3     26      0      0.00000000      1.35199057
     3     27      0      0.00000000      1.35199057
     3     28      0      0.00000000      1.35199057
     3     29      0      0.00000000      1.35199057
     3     30      0      0.00000000      1.35199057
     3     31      0      0.00000000      1.35199057
     3     32      0      0.00000000      1.35199057
     3     33      0      0.00000000      1.35199057
     3     34      0      0.00000000      1.35199057
     3     35      0      0.00000000      1.35199057
     3     36      0      0.00000000      1.35199057
     3     37      0      0.00000000      1.35199057
     3     38      0      0.00000000      1.35199057
     3     39      0      0.00000000      1.35199057
     3     40      0      0.00000000      1.35199057
     3     41      0      0.00000000      1.35199057
     3     42      0      0.00000000      1.35199057
     3     43      0      0.00000000      1.35199057
     3     44      0      0.00000000      1.35199057
     3     45      0      0.00000000      1.35199057
     3     46      0      0.00000000      1.35199057
     3     47      0      0.00000000      1.35199057
     3     48      0      0.00000000      1.35199057
     3     49      0      0.00000000      1.35199057
     3     50      0      0.00000000      1.35199057
     3     51      0      0.00000000      1.35199057
     3     52      0      0.00000000      1.35199057
     3     53      0      0.00000000      1.35199057
     3     54      0      0.00000000      1.35199057
     3     55      0      0.00000000      1.35199057
     3     56      0      0.00000000      1.35199057
     3     57      0      0.00000000      1.35199057
     3     58      0      0.00000000      1.35199057
     3     59      0      0.00000000      1.35199057
     3     60      0      0.00000000      1.35199057
     3     61      0      0.00000000      1.35199057
     3     62      0      0.00000000      1.35199057
     3     63      0      0.00000000      1.35199057
     3     64      0      0.00000000      1.35199057
     3     65      0      0.00000000      1.35199057
     3     66      0      0.00000000      1.35199057
     3     67      0      0.00000000      1.35199057
     3     68      0      0.00000000      1.35199057
     3     69      0      0.00000000      1.35199057
     3     70      0      0.00000000      1.35199057
     3     71      0      0.00000000      1.35199057
     3     72      0      0.00000000      1.35199057
     3     73      0      0.00000000      1.35199057
     3     74      0      0.00000000      1.35199057
     3     75      0      0.00000000      1.35199057
     3     76      0      0.00000000      1.35199057
     3     77      0      0.00000000      1.35199057
     3     78      0      0.00000000      1.35199057
     3     79      0      0.00000000      1.35199057
     3     80      0      0.00000000      1.35199057
     3     81      0      0.00000000      1.35199057
     3     82      0      0.00000000      1.35199057
     3     83      0      0.00000000      1.35199057
     3     84      0      0.00000000      1.35199057
     3     85      0      0.00000000      1.35199057
     3     86      0      0.00000000      1.35199057
     3     87      0      0.00000000      1.35199057
     3     88      0      0.00000000      1.35199057
     3     89      0      0.00000000      1.35199057
     3     90      0      0.00000000      1.35199057
     3     91      0      0.00000000      1.35199057
     3     92      0      0.00000000      1.35199057
     3     93      0      0.00000000      1.35199057
     3     94      0      0.00000000      1.35199057
     3     95      0      0.00000000      1.35199057
     4      0      0      0.00000000      1.35199057
     4      1      0      0.00000000      1.35199057
     4      2      0      0.00000000      1.35199057
     4      3      0      0.00000000      1.35199057
     4      4      0      0.00000000      1.35199057
     4      5      0      0.00000000      1.35199057
     4      6      0      0.00000000      1.35199057
     4      7      0      0.00000000      1.35199057
     4      8      0      0.00000000      1.35199057
     4      9      0      0.00000000      1.35199057
     4     10      0      0.00000000      1.35199057
     4     11      0      0.00000000      1.35199057
     4     12      0      0.00000000      1.35199057
     4     13      0      0.00000000      1.35199057
     4     14      0      0.00000000      1.35199057
     4     15      0      0.00000000      1.35199057
     4     16      0      0.00000000      1.35199057
     4     17      0      0.00000000      1.35199057
     4     18      0      0.00000000      1.35199057
     4     19      0      0.00000000      1.35199057
     4     20      0      0.00000000      1.35199057
     4     21      0      0.00000000      1.35199057
     4     22      0      0.00000000      1.35199057
     4     23      0      0.00000000      1.35199057
     4     24      0      0.00000000      1.35199057
     4     25      0      0.00000000      1.35199057
     4     26      0      0.00000000      1.35199057
     4     27      0      0.00000000      1.35199057
     4     28      0      0.00000000      1.35199057
     4     29      0      0.00000000      1.35199057
     4     30      0      0.00000000      1.35199057
     4     31      0      0.00000000      1.35199057
     4     32      0      0.00000000      1.35199057
     4     33      0      0.00000000      1.35199057
     4     34      0      0.00000000      1.35199057
     4     35      0      0.00000000      1.35199057
     4     36      0      0.00000000      1.35199057
     4     37      0      0.00000000      1.35199057
     4     38      0      0.00000000      1.35199057
     4     39      0      0.00000000      1.35199057
     4     40      0      0.00000000      1.35199057
     4     41      0      0.00000000      1.35199057
     4     42      0      0.00000000      1.35199057
     4     43      0      0.00000000      1.35199057
     4     44      0      0.00000000      1.35199057
     4     45      0      0.00000000      1.35199057
     4     46      0      0.00000000      1.35199057
     4     47      0      0.00000000      1.35739061
     4     48      0      0.00000000      1.35199057
     4     49      0      0.00000000      1.35199057
     4     50      0      0.00000000      1.35199057
     4     51      0      0.00000000      1.26179385
     4     52      0      0.00000000      1.19583182
     4     53      0      0.00000000      1.35716455
     4     54      0      0.00000000      1.32487714
     4     55      0      0.00000000      1.34374368
     4     56      0      0.00000000      1.32473684
     4     57      0      0.00000000      1.43011901
     4     58      0      0.00000000      1.35463777
     4     59      0      0.00000000      1.46618325
     4     60      0      0.00000000      1.34050492
     4     61      0      0.00000000      1.38413523
     4     62      0      0.00000000      1.34578012
     4     63      0      0.00000000      1.46541630
     4     64      0      0.00000000      1.46845470
     4     65      0      0.00000000      1.45315522
     4     66      0      0.00000000      1.33761014
     4     67      0      0.00000000      1.40530624
     4     68      0      0.00000000      1.26921910
     4     69      0      0.00000000      1.38512335
     4     70      0      0.00000000      1.37088560
     4     71      0      0.00000000      1.35199057
     4     72      0      0.00000000      1.27286972
     4     73      0      0.00000000      1.35973801
     4     74      0      0.00000000      1.27106790
     4     75      0      0.00000000      1.30112808
     4     76      0      0.00000000      1.25859191
     4     77      0      0.00000000      1.21655129
     4     78      0      0.00000000      2.16443812
     4     79      0      0.00000000      1.25549857
     4     80      0      0.00000000      1.35199057
     4     81      0      0.00000000      1.30440921
     4     82      0      0.00000000      1.35199057
     4     83      0      0.00000000      1.35199057
     4     84      0      0.00000000      1.35199057
     4     85      0      0.00000000      1.35199057
     4     86      0      0.00000000      1.35199057
     4     87      0      0.00000000      1.35199057
     4     88      0      0.00000000      1.35199057
     4     89      0      0.00000000      1.35199057
     4     90      0      0.00000000      1.35199057
     4     91      0      0.00000000      1.35199057
     4     92      0      0.00000000      1.35199057
     4     93      0      0.00000000      1.35199057
     4     94      0      0.00000000      1.35199057
     4     95      0      0.00000000      1.35199057
     4     96      0      0.00000000      1.35199057
     4     97      0      0.00000000      1.35199057
     4     98      0      0.00000000      1.35199057
     4     99      0      0.00000000      1.35199057
     4    100      0      0.00000000      1.35199057
     4    101      0      0.00000000      1.35199057
     4    102      0      0.00000000      1.35199057
     4    103      0      0.00000000      1.35199057
     4    104      0      0.00000000      1.35199057
     4    105      0      0.00000000      1.35199057
     4    106      0      0.00000000      1.35199057
     4    107      0      0.00000000      1.35199057
     4    108      0      0.00000000      1.35199057
     4    109      0      0.00000000      1.35199057
     4    110      0      0.00000000      1.35199057
     4    111      0      0.00000000      1.35199057
     4    112      0      0.00000000      1.35199057
     4    113      0      0.00000000      1.35199057
     4    114      0      0.00000000      1.35199057
     4    115      0      0.00000000      1.35199057
     4    116      0      0.00000000      1.35199057
     4    117      0      0.00000000      1.35199057
     4    118      0      0.00000000      1.35199057
     4    119      0      0.00000000      1.35199057
     5      0      0      0.00000000      1.33720973
     5      1      0      0.00000000      1.33570212
     5      2      0      0.00000000      1.33789255
     5      3      0      0.00000000      1.33944249
     5      4      0      0.00000000      1.36321230
     5      5      0      0.00000000      1.35730640
     5      6      0      0.00000000      1.40612987
     5      7      0      0.00000000      1.45275118
     5      8      0      0.00000000      1.34970003
     5      9      0      0.00000000      1.37007698
     5     10      0      0.00000000      1.34950955
     5     11      0      0.00000000      1.28378027
     5     12      0      0.00000000      1.28987070
     5     13      0      0.00000000      1.29064902
     5     14      0      0.00000000      1.32017223
     5     15      0      0.00000000      1.31597194
     5     16      0      0.00000000      1.29345044
     5     17      0      0.00000000      1.46677667
     5     18      0      0.00000000      1.30127156
     5     19      0      0.00000000      1.34828656
     5     20      0      0.00000000      1.39854795
     5     21      0      0.00000000      1.31439730
     5     22      0      0.00000000      1.23832579
     5     23      0      0.00000000      1.29964331
     5     24      0      0.00000000      1.38301258
     5     25      0      0.00000000      1.37691840
     5     26      0      0.00000000      1.40096635
     5     27      0      0.00000000      1.23382619
     5     28      0      0.00000000      1.29786797
     5     29      0      0.00000000      1.42726936
     5     30      0      0.00000000      1.31300825
     5     31      0      0.00000000      1.23193209
     5     32      0      0.00000000      1.28146826
     5     33      0      0.00000000      1.20732126
     5     34      0      0.00000000      1.30526643
     5     35      0      0.00000000      1.25052050
     5     36      0      0.00000000      1.28148141
     5     37      0      0.00000000      1.26098836
     5     38      0      0.00000000      1.32499813
     5     39      0      0.00000000      1.32750529
     5     40      0      0.00000000      1.13612376
     5     41      0      0.00000000      1.22723553
     5     42      0      0.00000000      1.29175014
     5     43      0      0.00000000      1.30797660
     5     44      0      0.00000000      1.30877026
     5     45      0      0.00000000      1.23365393
     5     46      0      0.00000000      1.20663325
     5     47      0      0.00000000      1.30246838
     5     48      0      0.00000000      1.29450294
     5     49      0      0.00000000      1.24799523
     5     50      0      0.00000000      1.22347792
     5     51      0      0.00000000      1.30258078
     5     52      0      0.00000000      1.21098340
     5     53      0      0.00000000      1.30712050
     5     54      0      0.00000000      1.41968062
     5     55      0      0.00000000      1.36212157
     5     56      0      0.00000000      1.42494460
     5     57      0      0.00000000      1.33389729
     5     58      0      0.00000000      1.31982306
     5     59      0      0.00000000      1.22122720
     5     60      0      0.00000000      1.28347651
     5     61      0      0.00000000      1.33735345
     5     62      0      0.00000000      1.30142549
     5     63      0      0.00000000      1.27990003
     5     64      0      0.00000000      1.23968660
     5     65      0      0.00000000      1.22268835
     5     66      0      0.00000000      1.23302487
     5     67      0      0.00000000      1.23870996
     5     68      0      0.00000000      1.19655219
     5     69      0      0.00000000      1.03323388
     5     70      0      0.00000000      1.10975276
     5     71      0      0.00000000      1.23665343
     5     72      0      0.00000000      1.21013458
     5     73      0      0.00000000      1.20455147
     5     74      0      0.00000000      1.22697920
     5     75      0      0.00000000      1.19839020
     5     76      0      0.00000000      1.23260214
     5     77      0      0.00000000      1.13054043
     5     78      0      0.00000000      1.23559521
     5     79      0      0.00000000      1.14306518
     5     80      0      0.00000000      1.15601289
     5     81      0      0.00000000      1.30507977
     5     82      0      0.00000000      1.12874113
     5     83      0      0.00000000      1.21285352
     5     84      0      0.00000000      1.15049710
     5     85      0      0.00000000      1.21815089
     5     86      0      0.00000000      1.02526709
     5     87      0      0.00000000      1.23279091
     5     88      0      0.00000000      1.38136783
     5     89      0      0.00000000      1.08399668
     5     90      0      0.00000000      1.19351824
     5     91      0      0.00000000      1.15822500
     5     92      0      0.00000000      1.13140539
     5     93      0      0.00000000      1.35999528
     5     94      0      0.00000000      1.11690338
     5     95      0      0.00000000      1.15880135
     5     96      0      0.00000000      1.16837583
     5     97      0      0.00000000      1.09633069
     5     98      0      0.00000000      1.22629145
     5     99      0      0.00000000      1.14229227
     5    100      0      0.00000000      1.30790988
     5    101      0      0.00000000      1.17319607
     5    102      0      0.00000000      1.20356010
     5    103      0      0.00000000      1.24726507
     5    104      0      0.00000000      1.14121024
     5    105      0      0.00000000      1.35616862
     5    106      0      0.00000000      1.28307931
     5    107      0      0.00000000      1.18661968
     5    108      0      0.00000000      1.27031271
     5    109      0      0.00000000      1.35399664
     5    110      0      0.00000000      1.32446688
     5    111      0      0.00000000      1.26977137
     5    112      0      0.00000000      1.24337585
     5    113      0      0.00000000      1.27352292
     5    114      0      0.00000000      1.37956481
     5    115      0      0.00000000      1.26316305
     5    116      0      0.00000000      1.25816126
     5    117      0      0.00000000      1.32059736
     5    118      0      0.00000000      1.23211255
     5    119      0      0.00000000      1.30882541
     5    120      0      0.00000000      1.28338893
     5    121      0      0.00000000      1.28790428
     5    122      0      0.00000000      1.34110713
     5    123      0      0.00000000      1.25281669
     5    124      0      0.00000000      1.26381128
     5    125      0      0.00000000      1.28835527
     5    126      0      0.00000000      1.27688574
     5    127      0      0.00000000      1.23982263
     5    128      0      0.00000000      1.26655535
     5    129      0      0.00000000      1.30549194
     5    130      0      0.00000000      1.27917252
     5    131      0      0.00000000      1.27136815
     5    132      0      0.00000000      1.28072084
     5    133      0      0.00000000      1.23310674
     5    134      0      0.00000000      1.25869774
     5    135      0      0.00000000      1.17709175
     5    136      0      0.00000000      1.35285176
     5    137      0      0.00000000      1.29697997
     5    138      0      0.00000000      1.31809795
     5    139      0      0.00000000      1.28470346
     5    140      0      0.00000000      1.26065638
     5    141      0      0.00000000      1.31651091
     5    142      0      0.00000000      1.30951320
     5    143      0      0.00000000      1.32346139
     6      0      0      0.00000000      1.19447807
     6      1      0      0.00000000      1.20958966
     6      2      0      0.00000000      1.24417085
     6      3      0      0.00000000      1.22985166
     6      4      0      0.00000000      1.24468811
     6      5      0      0.00000000      1.18167356
     6      6      0      0.00000000      1.24445788
     6      7      0      0.00000000      1.26923037
     6      8      0      0.00000000      1.18314795
     6      9      0      0.00000000      1.28962756
     6     10      0      0.00000000      1.29797120
     6     11      0      0.00000000      1.26805138
     6     12      0      0.00000000      1.25413301
     6     13      0      0.00000000      1.18139129
     6     14      0      0.00000000      1.18229983
     6     15      0      0.00000000      1.27710084
     6     16      0      0.00000000      1.14781835
     6     17      0      0.00000000      1.20985044
     6     18      0      0.00000000      1.14684618
     6     19      0      0.00000000      1.13448865
     6     20      0      0.00000000      1.13866444
     6     21      0      0.00000000      1.10401927
     6     22      0      0.00000000      1.31582169
     6     23      0      0.00000000      1.16628334
     6     24      0      0.00000000      1.12257806
     6     25      0      0.00000000      1.09328715
     6     26      0      0.00000000      1.20453514
     6     27      0      0.00000000      1.17462771
     6     28      0      0.00000000      1.37742522
     6     29      0      0.00000000      1.52501398
     6     30      0      0.00000000      1.20508788
     6     31      0      0.00000000      1.24770448
     6     32      0      0.00000000      1.36945012
     6     33      0      0.00000000      1.26650099
     6     34      0      0.00000000      1.32842393
     6     35      0      0.00000000      1.25770332
     6     36      0      0.00000000      1.27716699
     6     37      0      0.00000000      1.19104375
     6     38      0      0.00000000      1.30443228
     6     39      0      0.00000000      1.19823385
     6     40      0      0.00000000      1.23711320
     6     41      0      0.00000000      1.40467738
     6     42      0      0.00000000      1.30040993
     6     43      0      0.00000000      1.23948941
     6     44      0      0.00000000      1.36758357
     6     45      0      0.00000000      1.31306704
     6     46      0      0.00000000      1.43076891
     6     47      0      0.00000000      1.26796440
     6     48      0      0.00000000      1.34012731
     6     49      0      0.00000000      1.34125168
     6     50      0      0.00000000      1.26101868
     6     51      0      0.00000000      1.35807979
     6     52      0      0.00000000      1.01456054
     6     53      0      0.00000000      1.12167641
     6     54      0      0.00000000      1.35345426
     6     55      0      0.00000000      1.12265372
     6     56      0      0.00000000      1.23773512
     6     57      0      0.00000000      1.18425066
     6     58      0      0.00000000      1.43491513
     6     59      0      0.00000000      1.28905417
     6     60      0      0.00000000      1.27296879
     6     61      0      0.00000000      1.38917081
     6     62      0      0.00000000      1.37107809
     6     63      0      0.00000000      1.43328858
     6     64      0      0.00000000      1.46704512
     6     65      0      0.00000000      1.35672817
     6     66      0      0.00000000      1.29272837
     6     67      0      0.00000000      1.42012920
     6     68      0      0.00000000      1.43181800
     6     69      0      0.00000000      1.32140134
     6     70      0      0.00000000      1.32785257
     6     71      0      0.00000000      1.26212481
     6     72      0      0.00000000      1.29321362
     6     73      0      0.00000000      1.31716380
     6     74      0      0.00000000      1.29458106
     6     75      0      0.00000000      1.26461410
     6     76      0      0.00000000      1.26444075
     6     77      0      0.00000000      1.25813782
     6     78      0      0.00000000      1.29303297
     6     79      0      0.00000000      1.25851184
     6     80      0      0.00000000      1.20378265
     6     81      0      0.00000000      1.15405978
     6     82      0      0.00000000      1.14932875
     6     83      0      0.00000000      1.30090734
     6     84      0      0.00000000      1.29596130
     6     85      0      0.00000000      1.33591323
     6     86      0      0.00000000      1.27191918
     6     87      0      0.00000000      1.36025257
     6     88      0      0.00000000      1.30423843
     6     89      0      0.00000000      1.28076710
     6     90      0      0.00000000      1.27433483
     6     91      0      0.00000000      1.30413999
     6     92      0      0.00000000      1.18472160
     6     93      0      0.00000000      1.30600585
     6     94      0      0.00000000      1.21917701
     6     95      0      0.00000000      1.21679825
     6     96      0      0.00000000      1.28497506
     6     97      0      0.00000000      1.22041431
     6     98      0      0.00000000      1.29950418
     6     99      0      0.00000000      1.21866725
     6    100      0      0.00000000      1.23522263
     6    101      0      0.00000000      1.01976504
     6    102      0      0.00000000      1.21422074
     6    103      0      0.00000000      1.33723638
     6    104      0      0.00000000      1.15296234
     6    105      0      0.00000000      1.20129093
     6    106      0      0.00000000      1.18746215
     6    107      0      0.00000000      1.12387257
     6    108      0      0.00000000      1.40374891
     6    109      0      0.00000000      1.16164878
     6    110      0      0.00000000      1.23484133
     6    111      0      0.00000000      1.22123655
     6    112      0      0.00000000      1.15162713
     6    113      0      0.00000000      1.35238167
     6    114      0      0.00000000      1.16470458
     6    115      0      0.00000000      1.33154060
     6    116      0      0.00000000      1.38998164
     6    117      0      0.00000000      1.21306047
     6    118      0      0.00000000      1.26120071
     6    119      0      0.00000000      1.24705917
     6    120      0      0.00000000      1.17481669
     6    121      0      0.00000000      1.25198868
     6    122      0      0.00000000      1.31002146
     6    123      0      0.00000000      1.39218702
     6    124      0      0.00000000      1.28148178
     6    125      0      0.00000000      1.22184076
     6    126      0      0.00000000      1.32713588
     6    127      0      0.00000000      1.35881530
     6    128      0      0.00000000      1.38329938
     6    129      0      0.00000000      1.27753352
     6    130      0      0.00000000      1.33969944
     6    131      0      0.00000000      1.26902232
     6    132      0      0.00000000      1.36635448
     6    133      0      0.00000000      1.25262131
     6    134      0      0.00000000      1.37065153
     6    135      0      0.00000000      1.40999258
     6    136      0      0.00000000      1.13004210
     6    137      0      0.00000000      1.29021763
     6    138      0      0.00000000      1.28464153
     6    139      0      0.00000000      1.34924368
     6    140      0      0.00000000      1.18918598
     6    141      0      0.00000000      1.22787390
     6    142      0      0.00000000      1.31423422
     6    143      0      0.00000000      1.25211765
     6    144      0      0.00000000      1.32283064
     6    145      0      0.00000000      1.11418015
     6    146      0      0.00000000      1.17090012
     6    147      0      0.00000000      1.20590668
     6    148      0      0.00000000      1.27837989
     6    149      0      0.00000000      1.19269839
     6    150      0      0.00000000      1.26028509
     6    151      0      0.00000000      1.19526833
     6    152      0      0.00000000      1.24269038
     6    153      0      0.00000000      1.13998363
     6    154      0      0.00000000      1.13156480
     6    155      0      0.00000000      1.21268388
     6    156      0      0.00000000      1.18937166
     6    157      0      0.00000000      1.24715005
     6    158      0      0.00000000      1.27087596
     6    159      0      0.00000000      1.28684360
     6    160      0      0.00000000      1.26219150
     6    161      0      0.00000000      1.24915354
     6    162      0      0.00000000      1.25390187
     6    163      0      0.00000000      1.24468573
     6    164      0      0.00000000      1.18679804
     6    165      0      0.00000000      1.15794801
     6    166      0      0.00000000      1.19572846
     6    167      0      0.00000000      1.19478039
     7      0      0      0.00000000      1.25197329
     7      1      0      0.00000000      1.30322522
     7      2      0      0.00000000      1.27010497
     7      3      0      0.00000000      1.30580276
     7      4      0      0.00000000      1.28309527
     7      5      0      0.00000000      1.24112876
     7      6      0      0.00000000      1.24902336
     7      7      0      0.00000000      1.26548212
     7      8      0      0.00000000      1.20949481
     7      9      0      0.00000000      1.29468783
     7     10      0      0.00000000      1.26595196
     7     11      0      0.00000000      1.29706006
     7     12      0      0.00000000      1.32179440
     7     13      0      0.00000000      1.36861844
     7     14      0      0.00000000      1.24481483
     7     15      0      0.00000000      1.31252236
     7     16      0      0.00000000      1.20929101
     7     17      0      0.00000000      1.18955804
     7     18      0      0.00000000      1.30046317
     7     19      0      0.00000000      1.31914809
     7     20      0      0.00000000      1.26881339
     7     21      0      0.00000000      1.28411004
     7     22      0      0.00000000      1.16497495
     7     23      0      0.00000000      1.06065975
     7     24      0      0.00000000      1.17171635
     7     25      0      0.00000000      1.07661090
     7     26      0      0.00000000      0.99964549
     7     27      0      0.00000000      0.95139998
     7     28      0      0.00000000      0.91845749
     7     29      0      0.00000000      1.10963472
     7     30      0      0.00000000      1.09221037
     7     31      0      0.00000000      1.15365864
     7     32      0      0.00000000      1.35226464
     7     33      0      0.00000000      1.23423441
     7     34      0      0.00000000      1.17814123
     7     35      0      0.00000000      1.30145627
     7     36      0      0.00000000      1.33839742
     7     37      0      0.00000000      1.36656754
     7     38      0      0.00000000      1.40102351
     7     39      0      0.00000000      1.22090237
     7     40      0      0.00000000      1.27317254
     7     41      0      0.00000000      1.44681600
     7     42      0      0.00000000      1.23923387
     7     43      0      0.00000000      1.41520204
     7     44      0      0.00000000      1.15537456
     7     45      0      0.00000000      1.20040159
     7     46      0      0.00000000      1.26700475
     7     47      0      0.00000000      1.21244103
     7     48      0      0.00000000      1.12251011
     7     49      0      0.00000000      1.20392515
     7     50      0      0.00000000      1.21927485
     7     51      0      0.00000000      1.33416930
     7     52      0      0.00000000      1.27294007
     7     53      0      0.00000000      1.33241394
     7     54      0      0.00000000      1.26955165
     7     55      0      0.00000000      1.22441886
     7     56      0      0.00000000      1.19744948
     7     57      0      0.00000000      1.25024959
     7     58      0      0.00000000      1.23653413
     7     59      0      0.00000000      1.34955415
     7     60      0      0.00000000      1.28355165
     7     61      0      0.00000000      1.40147075
     7     62      0      0.00000000      1.19680392
     7     63      0      0.00000000      1.25974208
     7     64      0      0.00000000      1.34992846
     7     65      0      0.00000000      1.37367662
     7     66      0      0.00000000      1.28799163
     7     67      0      0.00000000      1.31038331
     7     68      0      0.00000000      1.29509657
     7     69      0      0.00000000      1.36405307
     7     70      0      0.00000000      1.24564684
     7     71      0      0.00000000      1.35260875
     7     72      0      0.00000000      1.33424353
     7     73      0      0.00000000      1.43090565
     7     74      0      0.00000000      1.39030666
     7     75      0      0.00000000      1.36241497
     7     76      0      0.00000000      1.36368493
     7     77      0      0.00000000      1.31566035
     7     78      0      0.00000000      1.33942070
     7     79      0      0.00000000      1.33631361
     7     80      0      0.00000000      1.40751819
     7     81      0      0.00000000      1.35062201
     7     82      0      0.00000000      1.38888912
     7     83      0      0.00000000      1.35214791
     7     84      0      0.00000000      1.31022544
     7     85      0      0.00000000      1.36807991
     7     86      0      0.00000000      1.38692416
     7     87      0      0.00000000      1.29541183
     7     88      0      0.00000000      1.22769772
     7     89      0      0.00000000      1.25546087
     7     90      0      0.00000000      1.21052007
     7     91      0      0.00000000      1.26630687
     7     92      0      0.00000000      1.21840503
     7     93      0      0.00000000      1.18341914
     7     94      0      0.00000000      1.17793895
     7     95      0      0.00000000      1.27244448
     7     96      0      0.00000000      1.33298722
     7     97      0      0.00000000      1.33885089
     7     98      0      0.00000000      1.43564384
     7     99      0      0.00000000      1.37278006
     7    100      0      0.00000000      1.37051903
     7    101      0      0.00000000      1.36852530
     7    102      0      0.00000000      1.36497459
     7    103      0      0.00000000      1.45294184
     7    104      0      0.00000000      1.29589696
     7    105      0      0.00000000      1.37291689
     7    106      0      0.00000000      1.37342411
     7    107      0      0.00000000      1.26844157
     7    108      0      0.00000000      1.42716903
     7    109      0      0.00000000      1.24675948
     7    110      0      0.00000000      1.23880060
     7    111      0      0.00000000      1.50929065
     7    112      0      0.00000000      1.17830794
     7    113      0      0.00000000      1.51190813
     7    114      0      0.00000000      1.30173486
     7    115      0      0.00000000      1.35285750
     7    116      0      0.00000000      1.11233892
     7    117      0      0.00000000      1.31986182
     7    118      0      0.00000000      1.49623010
     7    119      0      0.00000000      1.27257413
     7    120      0      0.00000000      1.36565280
     7    121      0      0.00000000      1.31806103
     7    122      0      0.00000000      1.23711397
     7    123      0      0.00000000      1.53603208
     7    124      0      0.00000000      1.27095725
     7    125      0      0.00000000      1.32566221
     7    126      0      0.00000000      1.34501792
     7    127      0      0.00000000      1.18265348
     7    128      0      0.00000000      1.33544162
     7    129      0      0.00000000      1.23817302
     7    130      0      0.00000000      1.34289040
     7    131      0      0.00000000      1.47754306
     7    132      0      0.00000000      1.25662170
     7    133      0      0.00000000      1.33416432
     7    134      0      0.00000000      1.33942909
     7    135      0      0.00000000      1.28043936
     7    136      0      0.00000000      1.34077431
     7    137      0      0.00000000      1.40334435
     7    138      0      0.00000000      1.42626699
     7    139      0      0.00000000      1.35490177
     7    140      0      0.00000000      1.31819590
     7    141      0      0.00000000      1.37192119
     7    142      0      0.00000000      1.31331561
     7    143      0      0.00000000      1.30648498
     7    144      0      0.00000000      1.23566017
     7    145      0      0.00000000      1.41574217
     7    146      0      0.00000000      1.31034281
     7    147      0      0.00000000      1.37260124
     7    148      0      0.00000000      1.31888384
     7    149      0      0.00000000      1.41029460
     7    150      0      0.00000000      1.27844072
     7    151      0      0.00000000      1.33884848
     7    152      0      0.00000000      1.40549402
     7    153      0      0.00000000      1.52532215
     7    154      0      0.00000000      1.51205058
     7    155      0      0.00000000      1.31827945
     7    156      0      0.00000000      1.30903487
     7    157      0      0.00000000      1.68371303
     7    158      0      0.00000000      1.06737291
     7    159      0      0.00000000      1.42797921
     7    160      0      0.00000000      1.06369584
     7    161      0      0.00000000      0.86953890
     7    162      0      0.00000000      0.94978657
     7    163      0      0.00000000      0.99917873
     7    164      0      0.00000000      0.90689451
     7    165      0      0.00000000      0.92303816
     7    166      0      0.00000000      0.93316746
     7    167      0      0.00000000      0.91938588
     7    168      0      0.00000000      0.96311571
     7    169      0      0.00000000      1.23705178
     7    170      0      0.00000000      1.27640332
     7    171      0      0.00000000      1.20087473
     7    172      0      0.00000000      1.28629544
     7    173      0      0.00000000      1.18642735
     7    174      0      0.00000000      1.27613383
     7    175      0      0.00000000      1.22990833
     7    176      0      0.00000000      1.33212596
     7    177      0      0.00000000      1.28807215
     7    178      0      0.00000000      1.28372246
     7    179      0      0.00000000      1.25969634
     7    180      0      0.00000000      1.30873755
     7    181      0      0.00000000      1.16502803
     7    182      0      0.00000000      1.30475623
     7    183      0      0.00000000      1.19372041
     7    184      0      0.00000000      1.30430235
     7    185      0      0.00000000      1.24636943
     7    186      0      0.00000000      1.20901478
     7    187      0      0.00000000      1.19588236
     7    188      0      0.00000000      1.17963519
     7    189      0      0.00000000      1.20887546
     7    190      0      0.00000000      1.21332545
     7    191      0      0.00000000      1.26778806
     8      0      0      0.00000000      1.48160098
     8      1      0      0.00000000      1.37297460
     8      2      0      0.00000000      1.51742009
     8      3      0      0.00000000      1.39168587
     8      4      0      0.00000000      1.50995148
     8      5      0      0.00000000      1.44669849
     8      6      0      0.00000000      1.38546159
     8      7      0      0.00000000      1.37166497
     8      8      0      0.00000000      1.40812963
     8      9      0      0.00000000      1.33658512
     8     10      0      0.00000000      1.42724555
     8     11      0      0.00000000      1.35824668
     8     12      0      0.00000000      1.43542285
     8     13      0      0.00000000      1.41399845
     8     14      0      0.00000000      1.36412791
     8     15      0      0.00000000      1.41109719
     8     16      0      0.00000000      1.48053773
     8     17      0      0.00000000      1.35412907
     8     18      0      0.00000000      1.66019396
     8     19      0      0.00000000      1.28367093
     8     20      0      0.00000000      1.45909482
     8     21      0      0.00000000      1.25008039
     8     22      0      0.00000000      1.40241375
     8     23      0      0.00000000      1.36089407
     8     24      0      0.00000000      1.32829307
     8     25      0      0.00000000      1.35321057
     8     26      0      0.00000000      1.39887658
     8     27      0      0.00000000      1.39631224
     8     28      0      0.00000000      1.29750684
     8     29      0      0.00000000      1.32012555
     8     30      0      0.00000000      1.22907876
     8     31      0      0.00000000      1.84508690
     8     32      0      0.00000000      1.26350183
     8     33      0      0.00000000      1.26183058
     8     34      0      0.00000000      1.25720956
     8     35      0      0.00000000      1.53107712
     8     36      0      0.00000000      1.30369210
     8     37      0      0.00000000      1.31809919
     8     38      0      0.00000000      1.48295304
     8     39      0      0.00000000      1.22007200
     8     40      0      0.00000000      1.25446528
     8     41      0      0.00000000      1.39295497
     8     42      0      0.00000000      1.35280672
     8     43      0      0.00000000      1.35132531
     8     44      0      0.00000000      1.37754256
     8     45      0      0.00000000      1.17781096
     8     46      0      0.00000000      1.52317063
     8     47      0      0.00000000      1.31217098
     8     48      0      0.00000000      1.39019463
     8     49      0      0.00000000      1.23386289
     8     50      0      0.00000000      1.28838152
     8     51      0      0.00000000      1.53414628
     8     52      0      0.00000000      1.37049603
     8     53      0      0.00000000      1.25818331
     8     54      0      0.00000000      1.38365602
     8     55      0      0.00000000      1.44131762
     8     56      0      0.00000000      1.29980779
     8     57      0      0.00000000      1.41255572
     8     58      0      0.00000000      1.40611120
     8     59      0      0.00000000      1.23225323
     8     60      0      0.00000000      1.36245964
     8     61      0      0.00000000      1.26428943
     8     62      0      0.00000000      1.34500810
     8     63      0      0.00000000      1.33197583
     8     64      0      0.00000000      1.37948723
     8     65      0      0.00000000      1.21782574
     8     66      0      0.00000000      1.30615018
     8     67      0      0.00000000      1.39439022
     8     68      0      0.00000000      1.36528220
     8     69      0      0.00000000      1.33842741
     8     70      0      0.00000000      1.33440992
     8     71      0      0.00000000      1.38000695
     8     72      0      0.00000000      1.36266408
     8     73      0      0.00000000      1.30924320
     8     74      0      0.00000000      1.40587426
     8     75      0      0.00000000      1.34154204
     8     76      0      0.00000000      1.00000000
     8     77      0      0.00000000      1.00000000
     8     78      0      0.00000000      1.00000000
     8     79      0      0.00000000      1.00000000
     8     80      0      0.00000000      1.00000000
     8     81      0      0.00000000      1.00000000
     8     82      0      0.00000000      1.00000000
     8     83      0      0.00000000      1.00000000
     8     84      0      0.00000000      1.00000000
     8     85      0      0.00000000      1.00000000
     8     86      0      0.00000000      1.37847441
     8     87      0      0.00000000      1.43333923
     8     88      0      0.00000000      1.42575793
     8     89      0      0.00000000      1.33396035
     8     90      0      0.00000000      1.36396689
     8     91      0      0.00000000      1.40476717
     8     92      0      0.00000000      1.38464281
     8     93      0      0.00000000      1.41620103
     8     94      0      0.00000000      1.37319196
     8     95      0      0.00000000      1.37252591
     8     96      0      0.00000000      1.29844402
     8     97      0      0.00000000      1.31974476
     8     98      0      0.00000000      1.37316082
     8     99      0      0.00000000      1.31496693
     8    100      0      0.00000000      1.31096527
     8    101      0      0.00000000      1.25129123
     8    102      0      0.00000000      1.35299524
     8    103      0      0.00000000      1.31066304
     8    104      0      0.00000000      1.22136040
     8    105      0      0.00000000      1.17537815
     8    106      0      0.00000000      1.23403405
     8    107      0      0.00000000      1.29066907
     8    108      0      0.00000000      1.30420746
     8    109      0      0.00000000      1.29835682
     8    110      0      0.00000000      1.24346781
     8    111      0      0.00000000      1.27303880
     8    112      0      0.00000000      1.23054807
     8    113      0      0.00000000      1.34390244
     8    114      0      0.00000000      1.29678224
     8    115      0      0.00000000      1.35644726
     8    116      0      0.00000000      1.19445672
     8    117      0      0.00000000      1.27513993
     8    118      0      0.00000000      1.30693568
     8    119      0      0.00000000      1.18942441
     8    120      0      0.00000000      1.30877814
     8    121      0      0.00000000      1.28947717
     8    122      0      0.00000000      1.19151986
     8    123      0      0.00000000      1.36347773
     8    124      0      0.00000000      1.22344972
     8    125      0      0.00000000      1.30059597
     8    126      0      0.00000000      1.24234008
     8    127      0      0.00000000      1.18908958
     8    128      0      0.00000000      1.29163408
     8    129      0      0.00000000      1.22934662
     8    130      0      0.00000000      1.00000000
     8    131      0      0.00000000      1.00000000
     8    132      0      0.00000000      1.00000000
     8    133      0      0.00000000      1.00000000
     8    134      0      0.00000000      1.00000000
     8    135      0      0.00000000      1.00000000
     8    136      0      0.00000000      1.00000000
     8    137      0      0.00000000      1.00000000
     8    138      0      0.00000000      1.00000000
     8    139      0      0.00000000      1.00000000
     8    140      0      0.00000000      1.20535275
     8    141      0      0.00000000      1.26908405
     8    142      0      0.00000000      1.19397358
     8    143      0      0.00000000      1.32516706
     8    144      0      0.00000000      1.13791068
     8    145      0      0.00000000      1.13553323
     8    146      0      0.00000000      1.28529967
     8    147      0      0.00000000      1.18210400
     8    148      0      0.00000000      1.23066754
     8    149      0      0.00000000      1.29339187
     8    150      0      0.00000000      1.21524193
     8    151      0      0.00000000      1.32171423
     8    152      0      0.00000000      1.18642751
     8    153      0      0.00000000      1.30547503
     8    154      0      0.00000000      0.98973078
     8    155      0      0.00000000      1.18561823
     8    156      0      0.00000000      1.26947413
     8    157      0      0.00000000      1.37380574
     8    158      0      0.00000000      1.26719201
     8    159      0      0.00000000      1.18015961
     8    160      0      0.00000000      1.17778534
     8    161      0      0.00000000      1.22778538
     8    162      0      0.00000000      1.15092548
     8    163      0      0.00000000      1.28667565
     8    164      0      0.00000000      1.11026354
     8    165      0      0.00000000      1.22677259
     8    166      0      0.00000000      1.23599305
     8    167      0      0.00000000      1.25903143
     8    168      0      0.00000000      1.30084654
     8    169      0      0.00000000      1.30620168
     8    170      0      0.00000000      0.86596325
     8    171      0      0.00000000      0.99183765
     8    172      0      0.00000000      0.99251735
     8    173      0      0.00000000      0.93014477
     8    174      0      0.00000000      0.95216955
     8    175      0      0.00000000      1.04773393
     8    176      0      0.00000000      1.13939591
     8    177      0      0.00000000      1.24007078
     8    178      0      0.00000000      1.17098900
     8    179      0      0.00000000      1.21535758
     8    180      0      0.00000000      1.19711950
     8    181      0      0.00000000      1.24890398
     8    182      0      0.00000000      1.27622464
     8    183      0      0.00000000      1.33279075
     8    184      0      0.00000000      1.24684389
     8    185      0      0.00000000      1.24108479
     8    186      0      0.00000000      1.20299505
     8    187      0      0.00000000      1.28816325
     8    188      0      0.00000000      1.27007985
     8    189      0      0.00000000      1.28392366
     8    190      0      0.00000000      1.30792553
     8    191      0      0.00000000      1.31564524
     8    192      0      0.00000000      1.25583020
     8    193      0      0.00000000      1.34392380
     8    194      0      0.00000000      1.23631566
     8    195      0      0.00000000      1.29357309
     8    196      0      0.00000000      1.19017850
     8    197      0      0.00000000      1.26622238
     8    198      0      0.00000000      1.25063202
     8    199      0      0.00000000      1.24053950
     8    200      0      0.00000000      1.27424873
     8    201      0      0.00000000      1.33217099
     8    202      0      0.00000000      1.35175316
     8    203      0      0.00000000      1.47618610
     8    204      0      0.00000000      1.36153328
     8    205      0      0.00000000      1.29760846
     8    206      0      0.00000000      0.96166150
     8    207      0      0.00000000      1.38552490
     8    208      0      0.00000000      1.39817887
     8    209      0      0.00000000      1.40118267
     8    210      0      0.00000000      1.36158135
     8    211      0      0.00000000      1.36882854
     8    212      0      0.00000000      1.30323714
     8    213      0      0.00000000      1.32815185
     8    214      0      0.00000000      1.42135256
     8    215      0      0.00000000      1.40682892
     9      0      0      0.00000000      1.45387290
     9      1      0      0.00000000      1.56554067
     9      2      0      0.00000000      1.47077641
     9      3      0      0.00000000      1.45200369
     9      4      0      0.00000000      1.36886850
     9      5      0      0.00000000      1.45193987
     9      6      0      0.00000000      1.35503842
     9      7      0      0.00000000      1.41711912
     9      8      0      0.00000000      1.42668540
     9      9      0      0.00000000      1.33559992
     9     10      0      0.00000000      1.43873038
     9     11      0      0.00000000      1.32102156
     9     12      0      0.00000000      1.38247749
     9     13      0      0.00000000      1.38363556
     9     14      0      0.00000000      1.39269331
     9     15      0      0.00000000      1.32956270
     9     16      0      0.00000000      1.43071940
     9     17      0      0.00000000      1.30417811
     9     18      0      0.00000000      1.50256634
     9     19      0      0.00000000      1.38548420
     9     20      0      0.00000000      1.43548859
     9     21      0      0.00000000      1.41122842
     9     22      0      0.00000000      1.33437959
     9     23      0      0.00000000      1.39282112
     9     24      0      0.00000000      1.35049113
     9     25      0      0.00000000      1.33266121
     9     26      0      0.00000000      1.35462501
     9     27      0      0.00000000      1.39697066
     9     28      0      0.00000000      1.33698853
     9     29      0      0.00000000      1.29475369
     9     30      0      0.00000000      1.34204591
     9     31      0      0.00000000      1.29547314
     9     32      0      0.00000000      1.25124540
     9     33      0      0.00000000      1.88212337
     9     34      0      0.00000000      1.49342118
     9     35      0      0.00000000      1.31092393
     9     36      0      0.00000000      1.46915353
     9     37      0      0.00000000      1.09929243
     9     38      0      0.00000000      1.44806987
     9     39      0      0.00000000      1.38987940
     9     40      0      0.00000000      1.22218834
     9     41      0      0.00000000      1.49709351
     9     42      0      0.00000000      1.37299372
     9     43      0      0.00000000      1.23396177
     9     44      0      0.00000000      1.44394705
     9     45      0      0.00000000      1.29730740
     9     46      0      0.00000000      1.42867874
     9     47      0      0.00000000      1.25115222
     9     48      0      0.00000000      1.26887749
     9     49      0      0.00000000      1.43897773
     9     50      0      0.00000000      1.22335011
     9     51      0      0.00000000      1.34763319
     9     52      0      0.00000000      1.50155847
     9     53      0      0.00000000      1.31538584
     9     54      0      0.00000000      1.22224358
     9     55      0      0.00000000      1.27280404
     9     56      0      0.00000000      1.27021872
     9     57      0      0.00000000      1.34993762
     9     58      0      0.00000000      1.32501042
     9     59      0      0.00000000      1.28045687
     9     60      0      0.00000000      1.39961106
     9     61      0      0.00000000      1.28632437
     9     62      0      0.00000000      1.19584059
     9     63      0      0.00000000      1.29868032
     9     64      0      0.00000000      1.44254475
     9     65      0      0.00000000      1.23856835
     9     66      0      0.00000000      1.36961763
     9     67      0      0.00000000      1.37234956
     9     68      0      0.00000000      1.41148117
     9     69      0      0.00000000      1.35778471
     9     70      0      0.00000000      1.41125850
     9     71      0      0.00000000      1.41570165
     9     72      0      0.00000000      1.00000000
     9     73      0      0.00000000      1.00000000
     9     74      0      0.00000000      1.00000000
     9     75      0      0.00000000      1.00000000
     9     76      0      0.00000000      1.00000000
     9     77      0      0.00000000      1.00000000
     9     78      0      0.00000000      1.00000000
     9     79      0      0.00000000      1.00000000
     9     80      0      0.00000000      1.00000000
     9     81      0      0.00000000      1.00000000
     9     82      0      0.00000000      1.00000000
     9     83      0      0.00000000      1.00000000
     9     84      0      0.00000000      1.00000000
     9     85      0      0.00000000      1.00000000
     9     86      0      0.00000000      1.00000000
     9     87      0      0.00000000      1.00000000
     9     88      0      0.00000000      1.00000000
     9     89      0      0.00000000      1.00000000
     9     90      0      0.00000000      1.00000000
     9     91      0      0.00000000      1.00000000
     9     92      0      0.00000000      1.00000000
     9     93      0      0.00000000      1.00000000
     9     94      0      0.00000000      1.00000000
     9     95      0      0.00000000      1.00000000
     9     96      0      0.00000000      1.00000000
     9     97      0      0.00000000      1.00000000
     9     98      0      0.00000000      1.00000000
     9     99      0      0.00000000      1.00000000
     9    100      0      0.00000000      1.00000000
     9    101      0      0.00000000      1.00000000
     9    102      0      0.00000000      1.00000000
     9    103      0      0.00000000      1.00000000
     9    104      0      0.00000000      1.00000000
     9    105      0      0.00000000      1.00000000
     9    106      0      0.00000000      1.00000000
     9    107      0      0.00000000      1.00000000
     9    108      0      0.00000000      1.28630823
     9    109      0      0.00000000      1.31480279
     9    110      0      0.00000000      1.30668945
     9    111      0      0.00000000      1.35230473
     9    112      0      0.00000000      1.28973705
     9    113      0      0.00000000      1.24536018
     9    114      0      0.00000000      1.25453536
     9    115      0      0.00000000      1.28957145
     9    116      0      0.00000000      1.22711983
     9    117      0      0.00000000      1.20461113
     9    118      0      0.00000000      1.19231439
     9    119      0      0.00000000      1.30004352
     9    120      0      0.00000000      1.30156306
     9    121      0      0.00000000      1.39667178
     9    122      0      0.00000000      1.31833160
     9    123      0      0.00000000      1.39292132
     9    124      0      0.00000000      1.37795464
     9    125      0      0.00000000      1.45251351
     9    126      0      0.00000000      1.37657623
     9    127      0      0.00000000      1.39746244
     9    128      0      0.00000000      1.40737543
     9    129      0      0.00000000      1.40227179
     9    130      0      0.00000000      1.44857773
     9    131      0      0.00000000      1.39344613
     9    132      0      0.00000000      1.00000000
     9    133      0      0.00000000      1.00000000
     9    134      0      0.00000000      1.00000000
     9    135      0      0.00000000      1.00000000
     9    136      0      0.00000000      1.00000000
     9    137      0      0.00000000      1.00000000
     9    138      0      0.00000000      1.00000000
     9    139      0      0.00000000      1.00000000
     9    140      0      0.00000000      1.00000000
     9    141      0      0.00000000      1.00000000
     9    142      0      0.00000000      1.00000000
     9    143      0      0.00000000      1.00000000
     9    144      0      0.00000000      1.00000000
     9    145      0      0.00000000      1.00000000
     9    146      0      0.00000000      1.00000000
     9    147      0      0.00000000      1.00000000
     9    148      0      0.00000000      1.00000000
     9    149      0      0.00000000      1.00000000
     9    150      0      0.00000000      1.00000000
     9    151      0      0.00000000      1.00000000
     9    152      0      0.00000000      1.00000000
     9    153      0      0.00000000      1.00000000
     9    154      0      0.00000000      1.00000000
     9    155      0      0.00000000      1.00000000
     9    156      0      0.00000000      1.00000000
     9    157      0      0.00000000      1.00000000
     9    158      0      0.00000000      1.00000000
     9    159      0      0.00000000      1.00000000
     9    160      0      0.00000000      1.00000000
     9    161      0      0.00000000      1.00000000
     9    162      0      0.00000000      1.00000000
     9    163      0      0.00000000      1.00000000
     9    164      0      0.00000000      1.00000000
     9    165      0      0.00000000      1.00000000
     9    166      0      0.00000000      1.00000000
     9    167      0      0.00000000      1.00000000
     9    168      0      0.00000000      1.29966579
     9    169      0      0.00000000      1.53069005
     9    170      0      0.00000000      1.20991236
     9    171      0      0.00000000      1.36137977
     9    172      0      0.00000000      1.45984529
     9    173      0      0.00000000      1.26954201
     9    174      0      0.00000000      1.25004945
     9    175      0      0.00000000      1.38443822
     9    176      0      0.00000000      1.29773214
     9    177      0      0.00000000      1.34105812
     9    178      0      0.00000000      1.29161078
     9    179      0      0.00000000      1.29152542
     9    180      0      0.00000000      1.36521870
     9    181      0      0.00000000      1.33956055
     9    182      0      0.00000000      1.29461742
     9    183      0      0.00000000      1.35431528
     9    184      0      0.00000000      1.29599972
     9    185      0      0.00000000      1.54882513
     9    186      0      0.00000000      1.31822090
     9    187      0      0.00000000      1.44170224
     9    188      0      0.00000000      1.34919864
     9    189      0      0.00000000      1.32746075
     9    190      0      0.00000000      1.29909537
     9    191      0      0.00000000      1.25961876
     9    192      0      0.00000000      1.44596279
     9    193      0      0.00000000      1.36205556
     9    194      0      0.00000000      1.37984172
     9    195      0      0.00000000      1.49314713
     9    196      0      0.00000000      1.29197244
     9    197      0      0.00000000      1.40439371
     9    198      0      0.00000000      1.21101921
     9    199      0      0.00000000      1.29331587
     9    200      0      0.00000000      1.27745746
     9    201      0      0.00000000      1.37067176
     9    202      0      0.00000000      1.27489027
     9    203      0      0.00000000      1.50015977
     9    204      0      0.00000000      1.33489124
     9    205      0      0.00000000      1.44215889
     9    206      0      0.00000000      1.25072020
     9    207      0      0.00000000      1.41896496
     9    208      0      0.00000000      1.31353336
     9    209      0      0.00000000      1.54607352
     9    210      0      0.00000000      1.36928372
     9    211      0      0.00000000      1.35202688
     9    212      0      0.00000000      1.18574485
     9    213      0      0.00000000      1.44194432
     9    214      0      0.00000000      1.33455871
     9    215      0      0.00000000      1.39868576
     9    216      0      0.00000000      1.41316670
     9    217      0      0.00000000      1.45030711
     9    218      0      0.00000000      1.38955601
     9    219      0      0.00000000      1.51359091
     9    220      0      0.00000000      1.43866359
     9    221      0      0.00000000      1.49503170
     9    222      0      0.00000000      1.35032270
     9    223      0      0.00000000      1.41249449
     9    224      0      0.00000000      1.29385310
     9    225      0      0.00000000      1.36142226
     9    226      0      0.00000000      1.40027088
     9    227      0      0.00000000      1.38536757
     9    228      0      0.00000000      1.44787397
     9    229      0      0.00000000      1.46210560
     9    230      0      0.00000000      1.36019177
     9    231      0      0.00000000      1.38037939
     9    232      0      0.00000000      1.61188802
     9    233      0      0.00000000      2.54767251
     9    234      0      0.00000000      1.47422342
     9    235      0      0.00000000      1.63132454
     9    236      0      0.00000000      1.52760202
     9    237      0      0.00000000      1.56515836
     9    238      0      0.00000000      1.47615821
     9    239      0      0.00000000      1.55252786
    10      0      0      0.00000000      1.25681666
    10      1      0      0.00000000      1.37200345
    10      2      0      0.00000000      1.18117073
    10      3      0      0.00000000      1.14107525
    10      4      0      0.00000000      1.21365360
    10      5      0      0.00000000      1.21258332
    10      6      0      0.00000000      1.21552577
    10      7      0      0.00000000      1.13728904
    10      8      0      0.00000000      1.07254103
    10      9      0      0.00000000      1.10487116
    10     10      0      0.00000000      1.21215817
    10     11      0      0.00000000      1.15641641
    10     12      0      0.00000000      1.30082571
    10     13      0      0.00000000      1.04713526
    10     14      0      0.00000000      1.17731467
    10     15      0      0.00000000      1.12957187
    10     16      0      0.00000000      0.94031082
    10     17      0      0.00000000      1.00852808
    10     18      0      0.00000000      1.04804838
    10     19      0      0.00000000      1.04179742
    10     20      0      0.00000000      0.94945667
    10     21      0      0.00000000      1.14233786
    10     22      0      0.00000000      1.02867129
    10     23      0      0.00000000      1.20753493
    10     24      0      0.00000000      1.09279125
    10     25      0      0.00000000      1.11508432
    10     26      0      0.00000000      1.13848110
    10     27      0      0.00000000      1.05697824
    10     28      0      0.00000000      1.15475400
    10     29      0      0.00000000      1.12965943
    10     30      0      0.00000000      1.14204052
    10     31      0      0.00000000      1.20488982
    10     32      0      0.00000000      1.15855678
    10     33      0      0.00000000      1.16305694
    10     34      0      0.00000000      1.18651691
    10     35      0      0.00000000      1.08795109
    10     36      0      0.00000000      1.09014140
    10     37      0      0.00000000      0.89876845
    10     38      0      0.00000000      1.01864930
    10     39      0      0.00000000      1.11562120
    10     40      0      0.00000000      0.86992431
    10     41      0      0.00000000      1.01603066
    10     42      0      0.00000000      0.87954234
    10     43      0      0.00000000      0.98062627
    10     44      0      0.00000000      0.84161751
    10     45      0      0.00000000      1.06355541
    10     46      0      0.00000000      0.91438602
    10     47      0      0.00000000      1.23520655
    10     48      0      0.00000000      1.10220538
    10     49      0      0.00000000      1.00000000
    10     50      0      0.00000000      1.00000000
    10     51      0      0.00000000      1.00000000
    10     52      0      0.00000000      1.00000000
    10     53      0      0.00000000      1.00000000
    10     54      0      0.00000000      1.00000000
    10     55      0      0.00000000      1.00000000
    10     56      0      0.00000000      1.00000000
    10     57      0      0.00000000      1.00000000
    10     58      0      0.00000000      1.00000000
    10     59      0      0.00000000      1.00000000
    10     60      0      0.00000000      1.00000000
    10     61      0      0.00000000      1.00000000
    10     62      0      0.00000000      1.00000000
    10     63      0      0.00000000      1.00000000
    10     64      0      0.00000000      1.00000000
    10     65      0      0.00000000      1.00000000
    10     66      0      0.00000000      1.00000000
    10     67      0      0.00000000      1.00000000
    10     68      0      0.00000000      1.00000000
    10     69      0      0.00000000      1.00000000
    10     70      0      0.00000000      1.00000000
    10     71      0      0.00000000      1.00000000
    10     72      0      0.00000000      1.00000000
    10     73      0      0.00000000      1.00000000
    10     74      0      0.00000000      1.00000000
    10     75      0      0.00000000      1.00000000
    10     76      0      0.00000000      1.00000000
    10     77      0      0.00000000      1.00000000
    10     78      0      0.00000000      1.00000000
    10     79      0      0.00000000      1.00000000
    10     80      0      0.00000000      1.00000000
    10     81      0      0.00000000      1.00000000
    10     82      0      0.00000000      1.00000000
    10     83      0      0.00000000      1.00000000
    10     84      0      0.00000000      1.00000000
    10     85      0      0.00000000      1.00000000
    10     86      0      0.00000000      1.00000000
    10     87      0      0.00000000      1.00000000
    10     88      0      0.00000000      1.00000000
    10     89      0      0.00000000      1.00000000
    10     90      0      0.00000000      1.00000000
    10     91      0      0.00000000      1.00000000
    10     92      0      0.00000000      1.00000000
    10     93      0      0.00000000      1.00000000
    10     94      0      0.00000000      1.00000000
    10     95      0      0.00000000      1.00000000
    10     96      0      0.00000000      1.00000000
    10     97      0      0.00000000      1.00000000
    10     98      0      0.00000000      1.11700260
    10     99      0      0.00000000      1.10931748
    10    100      0      0.00000000      1.20779508
    10    101      0      0.00000000      1.14035255
    10    102      0      0.00000000      1.14546267
    10    103      0      0.00000000      1.14259029
    10    104      0      0.00000000      1.19388357
    10    105      0      0.00000000      1.12908474
    10    106      0      0.00000000      1.07838758
    10    107      0      0.00000000      1.18474493
    10    108      0      0.00000000      1.05982789
    10    109      0      0.00000000      1.16799020
    10    110      0      0.00000000      1.00000000
    10    111      0      0.00000000      1.00000000
    10    112      0      0.00000000      1.00000000
    10    113      0      0.00000000      1.00000000
    10    114      0      0.00000000      1.00000000
    10    115      0      0.00000000      1.00000000
    10    116      0      0.00000000      1.00000000
    10    117      0      0.00000000      1.00000000
    10    118      0      0.00000000      1.00000000
    10    119      0      0.00000000      1.00000000
    10    120      0      0.00000000      1.00000000
    10    121      0      0.00000000      1.00000000
    10    122      0      0.00000000      1.00000000
    10    123      0      0.00000000      1.00000000
    10    124      0      0.00000000      1.00000000
    10    125      0      0.00000000      1.00000000
    10    126      0      0.00000000      1.00000000
    10    127      0      0.00000000      1.00000000
    10    128      0      0.00000000      1.00000000
    10    129      0      0.00000000      1.00000000
    10    130      0      0.00000000      1.00000000
    10    131      0      0.00000000      1.00000000
    10    132      0      0.00000000      1.00000000
    10    133      0      0.00000000      1.00000000
    10    134      0      0.00000000      1.00000000
    10    135      0      0.00000000      1.00000000
    10    136      0      0.00000000      1.00000000
    10    137      0      0.00000000      1.00000000
    10    138      0      0.00000000      1.00000000
    10    139      0      0.00000000      1.00000000
    10    140      0      0.00000000      1.00000000
    10    141      0      0.00000000      1.00000000
    10    142      0      0.00000000      1.00000000
    10    143      0      0.00000000      1.00000000
    10    144      0      0.00000000      1.00000000
    10    145      0      0.00000000      1.00000000
    10    146      0      0.00000000      1.00000000
    10    147      0      0.00000000      1.00000000
    10    148      0      0.00000000      1.00000000
    10    149      0      0.00000000      1.00000000
    10    150      0      0.00000000      1.00000000
    10    151      0      0.00000000      1.00000000
    10    152      0      0.00000000      1.00000000
    10    153      0      0.00000000      1.00000000
    10    154      0      0.00000000      1.00000000
    10    155      0      0.00000000      1.00000000
    10    156      0      0.00000000      1.00000000
    10    157      0      0.00000000      1.00000000
    10    158      0      0.00000000      1.00000000
    10    159      0      0.00000000      0.92972674
    10    160      0      0.00000000      1.02378319
    10    161      0      0.00000000      1.02119928
    10    162      0      0.00000000      1.02287532
    10    163      0      0.00000000      1.24324087
    10    164      0      0.00000000      1.23091258
    10    165      0      0.00000000      0.90956455
    10    166      0      0.00000000      0.90302342
    10    167      0      0.00000000      0.89081658
    10    168      0      0.00000000      0.81693316
    10    169      0      0.00000000      0.91842515
    10    170      0      0.00000000      1.01530370
    10    171      0      0.00000000      1.03032871
    10    172      0      0.00000000      1.00669378
    10    173      0      0.00000000      1.12246702
    10    174      0      0.00000000      0.98240316
    10    175      0      0.00000000      1.08315719
    10    176      0      0.00000000      1.05293467
    10    177      0      0.00000000      1.05621923
    10    178      0      0.00000000      1.05512311
    10    179      0      0.00000000      1.13863216
    10    180      0      0.00000000      1.09966017
    10    181      0      0.00000000      1.22072042
    10    182      0      0.00000000      0.98297525
    10    183      0      0.00000000      1.11274011
    10    184      0      0.00000000      1.05570495
    10    185      0      0.00000000      1.06036620
    10    186      0      0.00000000      0.96861656
    10    187      0      0.00000000      1.08554953
    10    188      0      0.00000000      1.02043574
    10    189      0      0.00000000      1.13236897
    10    190      0      0.00000000      1.09238516
    10    191      0      0.00000000      1.13006385
    10    192      0      0.00000000      1.11963968
    10    193      0      0.00000000      1.11895328
    10    194      0      0.00000000      1.10738408
    10    195      0      0.00000000      1.13014199
    10    196      0      0.00000000      1.04431704
    10    197      0      0.00000000      1.08547852
    10    198      0      0.00000000      1.01170704
    10    199      0      0.00000000      1.10898810
    10    200      0      0.00000000      1.12514804
    10    201      0      0.00000000      1.16197488
    10    202      0      0.00000000      1.12640249
    10    203      0      0.00000000      1.10038551
    10    204      0      0.00000000      1.07447453
    10    205      0      0.00000000      1.01178307
    10    206      0      0.00000000      1.02293746
    10    207      0      0.00000000      1.03020429
    11      0      0      0.00000000      1.04423107
    11      1      0      0.00000000      1.01814954
    11      2      0      0.00000000      0.91055252
    11      3      0      0.00000000      0.80189226
    11      4      0      0.00000000      1.10818824
    11      5      0      0.00000000      1.44745604
    11      6      0      0.00000000      1.25916312
    11      7      0      0.00000000      1.16183291
    11      8      0      0.00000000      0.99331476
    11      9      0      0.00000000      0.88543436
    11     10      0      0.00000000      0.66395557
    11     11      0      0.00000000      0.83115279
    11     12      0      0.00000000      0.92960228
    11     13      0      0.00000000      0.88813386
    11     14      0      0.00000000      1.00632473
    11     15      0      0.00000000      1.11112386
    11     16      0      0.00000000      0.90350865
    11     17      0      0.00000000      1.15140323
    11     18      0      0.00000000      0.89783795
    11     19      0      0.00000000      1.10031869
    11     20      0      0.00000000      1.07427479
    11     21      0      0.00000000      1.14387425
    11     22      0      0.00000000      1.15086684
    11     23      0      0.00000000      1.14367668
    11     24      0      0.00000000      1.21858201
    11     25      0      0.00000000      0.94741699
    11     26      0      0.00000000      0.89564862
    11     27      0      0.00000000      1.17693824
    11     28      0      0.00000000      1.08682007
    11     29      0      0.00000000      1.10759051
    11     30      0      0.00000000      1.09603750
    11     31      0      0.00000000      1.10419989
    11     32      0      0.00000000      1.10721004
    11     33      0      0.00000000      1.00821504
    11     34      0      0.00000000      0.88670609
    11     35      0      0.00000000      0.91018089
    11     36      0      0.00000000      0.82622893
    11     37      0      0.00000000      0.82356897
    11     38      0      0.00000000      0.76205734
    11     39      0      0.00000000      1.08049788
    11     40      0      0.00000000      1.82154092
    11     41      0      0.00000000      1.07301808
    11     42      0      0.00000000      1.00000000
    11     43      0      0.00000000      1.00000000
    11     44      0      0.00000000      1.00000000
    11     45      0      0.00000000      1.00000000
    11     46      0      0.00000000      1.00000000
    11     47      0      0.00000000      1.00000000
    11     48      0      0.00000000      1.00000000
    11     49      0      0.00000000      1.00000000
    11     50      0      0.00000000      1.00000000
    11     51      0      0.00000000      1.00000000
    11     52      0      0.00000000      1.00000000
    11     53      0      0.00000000      1.00000000
    11     54      0      0.00000000      1.00000000
    11     55      0      0.00000000      1.00000000
    11     56      0      0.00000000      1.01156250
    11     57      0      0.00000000      1.27000893
    11     58      0      0.00000000      1.31320464
    11     59      0      0.00000000      1.37212805
    11     60      0      0.00000000      1.32629132
    11     61      0      0.00000000      1.16718982
    11     62      0      0.00000000      1.28314810
    11     63      0      0.00000000      1.16513313
    11     64      0      0.00000000      1.31669474
    11     65      0      0.00000000      1.25303615
    11     66      0      0.00000000      1.26824056
    11     67      0      0.00000000      1.28461359
    11     68      0      0.00000000      1.32901033
    11     69      0      0.00000000      1.30036008
    11     70      0      0.00000000      1.25120143
    11     71      0      0.00000000      1.28722867
    11     72      0      0.00000000      1.23092578
    11     73      0      0.00000000      1.21325904
    11     74      0      0.00000000      1.21195325
    11     75      0      0.00000000      1.22651616
    11     76      0      0.00000000      1.36634578
    11     77      0      0.00000000      1.24827682
    11     78      0      0.00000000      4.38588160
    11     79      0      0.00000000      1.32053840
    11     80      0      0.00000000      1.30627029
    11     81      0      0.00000000      1.28161546
    11     82      0      0.00000000      1.22664173
    11     83      0      0.00000000      1.27897114
    11     84      0      0.00000000      1.23652522
    11     85      0      0.00000000      1.35044536
    11     86      0      0.00000000      1.20580533
    11     87      0      0.00000000      1.23381978
    11     88      0      0.00000000      1.15761541
    11     89      0      0.00000000      1.15618109
    11     90      0      0.00000000      1.21291225
    11     91      0      0.00000000      1.17573167
    11     92      0      0.00000000      1.37740097
    11     93      0      0.00000000      1.33139818
    11     94      0      0.00000000      1.00000000
    11     95      0      0.00000000      1.00000000
    11     96      0      0.00000000      1.00000000
    11     97      0      0.00000000      1.00000000
    11     98      0      0.00000000      1.00000000
    11     99      0      0.00000000      1.00000000
    11    100      0      0.00000000      1.00000000
    11    101      0      0.00000000      1.00000000
    11    102      0      0.00000000      1.00000000
    11    103      0      0.00000000      1.00000000
    11    104      0      0.00000000      1.00000000
    11    105      0      0.00000000      1.00000000
    11    106      0      0.00000000      1.00000000
    11    107      0      0.00000000      1.00000000
    11    108      0      0.00000000      1.11501661
    11    109      0      0.00000000      1.13267986
    11    110      0      0.00000000      1.00000000
    11    111      0      0.00000000      1.00000000
    11    112      0      0.00000000      1.00000000
    11    113      0      0.00000000      1.00000000
    11    114      0      0.00000000      1.00000000
    11    115      0      0.00000000      1.00000000
    11    116      0      0.00000000      1.00000000
    11    117      0      0.00000000      1.00000000
    11    118      0      0.00000000      1.00000000
    11    119      0      0.00000000      1.00000000
    11    120      0      0.00000000      1.00000000
    11    121      0      0.00000000      1.00000000
    11    122      0      0.00000000      1.00000000
    11    123      0      0.00000000      1.00000000
    11    124      0      0.00000000      0.85420282
    11    125      0      0.00000000      0.79194361
    11    126      0      0.00000000      0.81029330
    11    127      0      0.00000000      0.83130825
    11    128      0      0.00000000      0.86059418
    11    129      0      0.00000000      0.85272553
    11    130      0      0.00000000      0.85887853
    11    131      0      0.00000000      0.83663079
    11    132      0      0.00000000      0.85294017
    11    133      0      0.00000000      0.85018985
    11    134      0      0.00000000      0.88896835
    11    135      0      0.00000000      0.89035554
    11    136      0      0.00000000      0.90587461
    11    137      0      0.00000000      0.94447308
    11    138      0      0.00000000      0.94371965
    11    139      0      0.00000000      0.93912073
    11    140      0      0.00000000      0.95880986
    11    141      0      0.00000000      0.94033431
    11    142      0      0.00000000      0.93416806
    11    143      0      0.00000000      0.92944534
    11    144      0      0.00000000      0.92786439
    11    145      0      0.00000000      0.94178793
    11    146      0      0.00000000      0.89353306
    11    147      0      0.00000000      0.89909170
    11    148      0      0.00000000      0.88009666
    11    149      0      0.00000000      0.85591207
    11    150      0      0.00000000      0.83030449
    11    151      0      0.00000000      0.83307633
    11    152      0      0.00000000      0.80372509
    11    153      0      0.00000000      0.82864236
    11    154      0      0.00000000      0.76980123
    11    155      0      0.00000000      0.82833955
    11    156      0      0.00000000      0.85478320
    11    157      0      0.00000000      0.88844017
    11    158      0      0.00000000      0.83361662
    11    159      0      0.00000000      0.81355017
    11    160      0      0.00000000      0.84450249
    11    161      0      0.00000000      0.94721225
    11    162      0      0.00000000      1.00000000
    11    163      0      0.00000000      1.00000000
    11    164      0      0.00000000      1.00000000
    11    165      0      0.00000000      1.00000000
    11    166      0      0.00000000      1.00000000
    11    167      0      0.00000000      1.00000000
    11    168      0      0.00000000      1.00000000
    11    169      0      0.00000000      1.00000000
    11    170      0      0.00000000      1.00000000
    11    171      0      0.00000000      1.00000000
    11    172      0      0.00000000      1.00000000
    11    173      0      0.00000000      1.00000000
    11    174      0      0.00000000      1.00000000
    11    175      0      0.00000000      1.00000000
    11    176      0      0.00000000      0.95919313
    11    177      0      0.00000000      0.88012818
    11    178      0      0.00000000      0.99359045
    11    179      0      0.00000000      0.99619831
    11    180      0      0.00000000      0.95800591
    11    181      0      0.00000000      0.95680805
    11    182      0      0.00000000      0.96360756
    11    183      0      0.00000000      0.97391954
    11    184      0      0.00000000      1.09000326
    11    185      0      0.00000000      1.14157700
    11    186      0      0.00000000      1.08715560
    11    187      0      0.00000000      1.03605172
    11    188      0      0.00000000      1.07033343
    11    189      0      0.00000000      1.07878445
    11    190      0      0.00000000      1.02030891
    11    191      0      0.00000000      1.04963120
    11    192      0      0.00000000      1.05702741
    11    193      0      0.00000000      1.13023434
    11    194      0      0.00000000      1.08370949
    11    195      0      0.00000000      1.11421572
    11    196      0      0.00000000      1.07284844
    11    197      0      0.00000000      1.10345137
    11    198      0      0.00000000      1.12520175
    11    199      0      0.00000000      1.04852773
    11    200      0      0.00000000      1.04430431
    11    201      0      0.00000000      1.10529929
    11    202      0      0.00000000      1.05769206
    11    203      0      0.00000000      1.07977790
    11    204      0      0.00000000      1.10453543
    11    205      0      0.00000000      1.15126965
    11    206      0      0.00000000      1.09173411
    11    207      0      0.00000000      1.23944303
    11    208      0      0.00000000      1.12500610
    11    209      0      0.00000000      1.13678927
    11    210      0      0.00000000      1.05961768
    11    211      0      0.00000000      1.14661017
    11    212      0      0.00000000      1.07221920
    11    213      0      0.00000000      1.07526215
    11    214      0      0.00000000      1.08606617
    11    215      0      0.00000000      1.08987457
    11    216      0      0.00000000      1.15014336
    11    217      0      0.00000000      1.05456962
    12      0      0      0.00000000      1.13180915
    12      1      0      0.00000000      0.96777118
    12      2      0      0.00000000      0.83851298
    12      3      0      0.00000000      1.08894752
    12      4      0      0.00000000      0.83524077
    12      5      0      0.00000000      0.91395814
    12      6      0      0.00000000      1.03777838
    12      7      0      0.00000000      0.91301828
    12      8      0      0.00000000      1.42810287
    12      9      0      0.00000000      0.77637424
    12     10      0      0.00000000      1.03106016
    12     11      0      0.00000000      1.66171339
    12     12      0      0.00000000      1.56574326
    12     13      0      0.00000000      0.87080119
    12     14      0      0.00000000      1.03186708
    12     15      0      0.00000000      0.93486893
    12     16      0      0.00000000      0.96687248
    12     17      0      0.00000000      1.24266626
    12     18      0      0.00000000      1.03416699
    12     19      0      0.00000000      1.14965462
    12     20      0      0.00000000      1.23175762
    12     21      0      0.00000000      1.11612918
    12     22      0      0.00000000      1.03062861
    12     23      0      0.00000000      0.85049452
    12     24      0      0.00000000      1.02754460
    12     25      0      0.00000000      1.18533698
    12     26      0      0.00000000      0.98765625
    12     27      0      0.00000000      1.16410228
    12     28      0      0.00000000      1.02681443
    12     29      0      0.00000000      1.69126428
    12     30      0      0.00000000      1.17140710
    12     31      0      0.00000000      1.11818805
    12     32      0      0.00000000      1.02643528
    12     33      0      0.00000000      0.98299868
    12     34      0      0.00000000      0.99922023
    12     35      0      0.00000000      1.78941474
    12     36      0      0.00000000      1.00000000
    12     37      0      0.00000000      1.00000000
    12     38      0      0.00000000      1.00000000
    12     39      0      0.00000000      1.00000000
    12     40      0      0.00000000      1.00000000
    12     41      0      0.00000000      1.00000000
    12     42      0      0.00000000      1.00000000
    12     43      0      0.00000000      1.00000000
    12     44      0      0.00000000      1.00000000
    12     45      0      0.00000000      1.00000000
    12     46      0      0.00000000      1.00000000
    12     47      0      0.00000000      1.00000000
    12     48      0      0.00000000      1.93140576
    12     49      0      0.00000000      1.27503965
    12     50      0      0.00000000      1.38722580
    12     51      0      0.00000000      1.29443362
    12     52      0      0.00000000      1.35417333
    12     53      0      0.00000000      1.27138622
    12     54      0      0.00000000      1.39320707
    12     55      0      0.00000000      1.39708007
    12     56      0      0.00000000      1.34354738
    12     57      0      0.00000000      1.40456610
    12     58      0      0.00000000      1.29779288
    12     59      0      0.00000000      1.42720740
    12     60      0      0.00000000      1.29253796
    12     61      0      0.00000000      1.31130263
    12     62      0      0.00000000      1.29261197
    12     63      0      0.00000000      1.33433131
    12     64      0      0.00000000      1.31331140
    12     65      0      0.00000000      1.31462375
    12     66      0      0.00000000      1.21004649
    12     67      0      0.00000000      1.33539310
    12     68      0      0.00000000      1.11185360
    12     69      0      0.00000000      1.32477275
    12     70      0      0.00000000      1.17090298
    12     71      0      0.00000000      1.18910544
    12     72      0      0.00000000      1.39494095
    12     73      0      0.00000000      1.17247714
    12     74      0      0.00000000      1.31443864
    12     75      0      0.00000000      1.21053842
    12     76      0      0.00000000      1.37459986
    12     77      0      0.00000000      1.25382308
    12     78      0      0.00000000      1.34170257
    12     79      0      0.00000000      1.26666232
    12     80      0      0.00000000      1.01998569
    12     81      0      0.00000000      1.35498063
    12     82      0      0.00000000      1.39542465
    12     83      0      0.00000000      1.30247210
    12     84      0      0.00000000      1.22046711
    12     85      0      0.00000000      1.28061141
    12     86      0      0.00000000      1.22545180
    12     87      0      0.00000000      1.30540018
    12     88      0      0.00000000      1.28090059
    12     89      0      0.00000000      1.24808257
    12     90      0      0.00000000      1.28626943
    12     91      0      0.00000000      1.18828163
    12     92      0      0.00000000      1.22642050
    12     93      0      0.00000000      1.19310918
    12     94      0      0.00000000      1.28229858
    12     95      0      0.00000000      1.35414484
    12     96      0      0.00000000      1.39485608
    12     97      0      0.00000000      1.28078966
    12     98      0      0.00000000      1.26210023
    12     99      0      0.00000000      1.28172508
    12    100      0      0.00000000      1.29108141
    12    101      0      0.00000000      1.33665033
    12    102      0      0.00000000      1.29322956
    12    103      0      0.00000000      1.34831668
    12    104      0      0.00000000      1.34669370
    12    105      0      0.00000000      1.35486162
    12    106      0      0.00000000      1.00000000
    12    107      0      0.00000000      1.00000000
    12    108      0      0.00000000      1.00000000
    12    109      0      0.00000000      1.00000000
    12    110      0      0.00000000      1.00000000
    12    111      0      0.00000000      1.00000000
    12    112      0      0.00000000      1.00000000
    12    113      0      0.00000000      1.00000000
    12    114      0      0.00000000      1.00000000
    12    115      0      0.00000000      1.00000000
    12    116      0      0.00000000      1.00000000
    12    117      0      0.00000000      1.00000000
    12    118      0      0.00000000      1.00000000
    12    119      0      0.00000000      1.00000000
    12    120      0      0.00000000      1.00000000
    12    121      0      0.00000000      1.00000000
    12    122      0      0.00000000      1.00000000
    12    123      0      0.00000000      1.00000000
    12    124      0      0.00000000      0.75334936
    12    125      0      0.00000000      0.82369154
    12    126      0      0.00000000      0.84534500
    12    127      0      0.00000000      0.84544428
    12    128      0      0.00000000      0.83012934
    12    129      0      0.00000000      0.85404263
    12    130      0      0.00000000      0.81098456
    12    131      0      0.00000000      0.87604058
    12    132      0      0.00000000      0.90196343
    12    133      0      0.00000000      0.88521405
    12    134      0      0.00000000      0.90135587
    12    135      0      0.00000000      0.90885409
    12    136      0      0.00000000      0.92610147
    12    137      0      0.00000000      0.93394581
    12    138      0      0.00000000      0.94615602
    12    139      0      0.00000000      0.96899985
    12    140      0      0.00000000      0.92076292
    12    141      0      0.00000000      0.92704628
    12    142      0      0.00000000      0.90810743
    12    143      0      0.00000000      0.94367578
    12    144      0      0.00000000      0.93195491
    12    145      0      0.00000000      0.91532297
    12    146      0      0.00000000      0.84921666
    12    147      0      0.00000000      0.87463748
    12    148      0      0.00000000      0.83979146
    12    149      0      0.00000000      0.85377435
    12    150      0      0.00000000      0.84336900
    12    151      0      0.00000000      0.83663327
    12    152      0      0.00000000      0.81744792
    12    153      0      0.00000000      0.81090301
    12    154      0      0.00000000      0.77900671
    12    155      0      0.00000000      0.79742438
    12    156      0      0.00000000      0.82796285
    12    157      0      0.00000000      0.81922233
    12    158      0      0.00000000      0.83231750
    12    159      0      0.00000000      0.84951709
    12    160      0      0.00000000      0.86383302
    12    161      0      0.00000000      0.88802761
    12    162      0      0.00000000      0.86171265
    12    163      0      0.00000000      0.87543046
    12    164      0      0.00000000      0.86754217
    12    165      0      0.00000000      0.90829729
    12    166      0      0.00000000      0.90500456
    12    167      0      0.00000000      0.91784888
    12    168      0      0.00000000      0.95299813
    12    169      0      0.00000000      0.92473107
    12    170      0      0.00000000      0.94222419
    12    171      0      0.00000000      0.90053224
    12    172      0      0.00000000      0.93033506
    12    173      0      0.00000000      0.95194113
    12    174      0      0.00000000      0.84436386
    12    175      0      0.00000000      0.88225736
    12    176      0      0.00000000      0.83568332
    12    177      0      0.00000000      0.88681404
    12    178      0      0.00000000      0.86673419
    12    179      0      0.00000000      0.92010707
    12    180      0      0.00000000      0.87447827
    12    181      0      0.00000000      0.98263243
    12    182      0      0.00000000      1.00000000
    12    183      0      0.00000000      1.00000000
    12    184      0      0.00000000      1.00000000
    12    185      0      0.00000000      1.00000000
    12    186      0      0.00000000      1.00000000
    12    187      0      0.00000000      1.00000000
    12    188      0      0.00000000      1.00000000
    12    189      0      0.00000000      1.00000000
    12    190      0      0.00000000      1.00000000
    12    191      0      0.00000000      1.00000000
    12    192      0      0.00000000      1.00000000
    12    193      0      0.00000000      1.00000000
    12    194      0      0.00000000      0.92332842
    12    195      0      0.00000000      1.00652830
    12    196      0      0.00000000      0.95199260
    12    197      0      0.00000000      1.01297681
    12    198      0      0.00000000      0.86118238
    12    199      0      0.00000000      0.97859982
    12    200      0      0.00000000      1.02887787
    12    201      0      0.00000000      1.11186869
    12    202      0      0.00000000      0.98679869
    12    203      0      0.00000000      1.04194299
    12    204      0      0.00000000      1.09719813
    12    205      0      0.00000000      1.07667283
    12    206      0      0.00000000      1.00630878
    12    207      0      0.00000000      1.01123278
    12    208      0      0.00000000      0.92436182
    12    209      0      0.00000000      1.02979250
    12    210      0      0.00000000      1.03146690
    12    211      0      0.00000000      1.08539691
    12    212      0      0.00000000      1.07239194
    12    213      0      0.00000000      1.11461954
    12    214      0      0.00000000      1.04036639
    12    215      0      0.00000000      1.09744649
    12    216      0      0.00000000      1.03849276
    12    217      0      0.00000000      1.08742400
    12    218      0      0.00000000      1.04348582
    12    219      0      0.00000000      1.07478557
    12    220      0      0.00000000      1.08558205
    12    221      0      0.00000000      1.11795024
    12    222      0      0.00000000      1.13313275
    12    223      0      0.00000000      1.08447159
    12    224      0      0.00000000      1.05845637
    12    225      0      0.00000000      1.18181970
    12    226      0      0.00000000      1.02593109
    12    227      0      0.00000000      1.02845364
    12    228      0      0.00000000      1.02345399
    12    229      0      0.00000000      1.13958713
    13      0      0      0.00000000      1.20191638
    13      1      0      0.00000000      1.06925034
    13      2      0      0.00000000      1.27013255
    13      3      0      0.00000000      1.07014752
    13      4      0      0.00000000      1.12423733
    13      5      0      0.00000000      1.09190864
    13      6      0      0.00000000      1.71890508
    13      7      0      0.00000000      1.22184745
    13      8      0      0.00000000      1.00578339
    13      9      0      0.00000000      1.21503612
    13     10      0      0.00000000      1.14489536
    13     11      0      0.00000000      1.91658642
    13     12      0      0.00000000      1.06251143
    13     13      0      0.00000000      1.06486111
    13     14      0      0.00000000      1.04951627
    13     15      0      0.00000000      1.08537625
    13     16      0      0.00000000      1.19037349
    13     17      0      0.00000000      1.00000000
    13     18      0      0.00000000      1.00000000
    13     19      0      0.00000000      1.00000000
    13     20      0      0.00000000      1.00000000
    13     21      0      0.00000000      1.00000000
    13     22      0      0.00000000      1.00000000
    13     23      0      0.00000000      1.00000000
    13     24      0      0.00000000      1.00000000
    13     25      0      0.00000000      1.00000000
    13     26      0      0.00000000      1.00000000
    13     27      0      0.00000000      1.00000000
    13     28      0      0.00000000      1.21550067
    13     29      0      0.00000000      1.38726708
    13     30      0      0.00000000      1.12736890
    13     31      0      0.00000000      1.30323020
    13     32      0      0.00000000      1.37793350
    13     33      0      0.00000000      1.17720532
    13     34      0      0.00000000      1.02973091
    13     35      0      0.00000000      1.12308835
    13     36      0      0.00000000      1.12308835
    13     37      0      0.00000000      1.12308835
    13     38      0      0.00000000      1.25047957
    13     39      0      0.00000000      1.24856619
    13     40      0      0.00000000      1.22736118
    13     41      0      0.00000000      1.26345298
    13     42      0      0.00000000      1.28123242
    13     43      0      0.00000000      1.33957191
    13     44      0      0.00000000      1.30490758
    13     45      0      0.00000000      1.49570071
    13     46      0      0.00000000      1.33144681
    13     47      0      0.00000000      1.28267244
    13     48      0      0.00000000      1.38840258
    13     49      0      0.00000000      1.26101970
    13     50      0      0.00000000      1.28727962
    13     51      0      0.00000000      1.33071444
    13     52      0      0.00000000      1.30450704
    13     53      0      0.00000000      1.38683651
    13     54      0      0.00000000      1.30108165
    13     55      0      0.00000000      1.32693695
    13     56      0      0.00000000      1.23394652
    13     57      0      0.00000000      1.19684858
    13     58      0      0.00000000      1.21652732
    13     59      0      0.00000000      1.19957081
    13     60      0      0.00000000      1.36129817
    13     61      0      0.00000000      1.25794402
    13     62      0      0.00000000      1.29604064
    13     63      0      0.00000000      1.20292962
    13     64      0      0.00000000      1.24921993
    13     65      0      0.00000000      1.23666677
    13     66      0      0.00000000      1.34746451
    13     67      0      0.00000000      1.26238809
    13     68      0      0.00000000      1.31262632
    13     69      0      0.00000000      4.58169986
    13     70      0      0.00000000      1.22970491
    13     71      0      0.00000000      1.38877694
    13     72      0      0.00000000      1.23700410
    13     73      0      0.00000000      1.28196117
    13     74      0      0.00000000      1.25600322
    13     75      0      0.00000000      1.32904477
    13     76      0      0.00000000      1.34653438
    13     77      0      0.00000000      1.15462325
    13     78      0      0.00000000      1.35544347
    13     79      0      0.00000000      1.21822061
    13     80      0      0.00000000      1.29035835
    13     81      0      0.00000000      1.22539596
    13     82      0      0.00000000      1.28614963
    13     83      0      0.00000000      1.47835028
    13     84      0      0.00000000      1.37189996
    13     85      0      0.00000000      1.37417826
    13     86      0      0.00000000      1.30000512
    13     87      0      0.00000000      1.34174668
    13     88      0      0.00000000      1.25706443
    13     89      0      0.00000000      1.35609119
    13     90      0      0.00000000      1.30796597
    13     91      0      0.00000000      1.47700763
    13     92      0      0.00000000      1.41545140
    13     93      0      0.00000000      1.34878758
    13     94      0      0.00000000      1.30847861
    13     95      0      0.00000000      1.33562220
    13     96      0      0.00000000      1.30933497
    13     97      0      0.00000000      1.36573957
    13     98      0      0.00000000      1.28854099
    13     99      0      0.00000000      1.00000000
    13    100      0      0.00000000      1.00000000
    13    101      0      0.00000000      1.00000000
    13    102      0      0.00000000      1.00000000
    13    103      0      0.00000000      1.00000000
    13    104      0      0.00000000      1.00000000
    13    105      0      0.00000000      1.00000000
    13    106      0      0.00000000      1.00000000
    13    107      0      0.00000000      1.00000000
    13    108      0      0.00000000      1.00000000
    13    109      0      0.00000000      1.00000000
    13    110      0      0.00000000      1.00000000
    13    111      0      0.00000000      1.00000000
    13    112      0      0.00000000      1.00000000
    13    113      0      0.00000000      1.00000000
    13    114      0      0.00000000      1.00000000
    13    115      0      0.00000000      0.83702575
    13    116      0      0.00000000      0.83525486
    13    117      0      0.00000000      0.93507158
    13    118      0      0.00000000      0.92789104
    13    119      0      0.00000000      0.97433438
    13    120      0      0.00000000      0.99173605
    13    121      0      0.00000000      0.96528791
    13    122      0      0.00000000      0.98698288
    13    123      0      0.00000000      0.94088149
    13    124      0      0.00000000      0.91173355
    13    125      0      0.00000000      0.85247978
    13    126      0      0.00000000      0.84594451
    13    127      0      0.00000000      0.85110075
    13    128      0      0.00000000      0.85184342
    13    129      0      0.00000000      0.86057401
    13    130      0      0.00000000      0.90122661
    13    131      0      0.00000000      0.88819679
    13    132      0      0.00000000      0.91406867
    13    133      0      0.00000000      0.93310356
    13    134      0      0.00000000      0.99858629
    13    135      0      0.00000000      0.99036815
    13    136      0      0.00000000      1.00922720
    13    137      0      0.00000000      0.99814094
    13    138      0      0.00000000      1.02992519
    13    139      0      0.00000000      1.01606141
    13    140      0      0.00000000      1.05012076
    13    141      0      0.00000000      1.03317302
    13    142      0      0.00000000      1.02455766
    13    143      0      0.00000000      1.04261287
    13    144      0      0.00000000      1.04317783
    13    145      0      0.00000000      1.03812428
    13    146      0      0.00000000      1.03833674
    13    147      0      0.00000000      1.01595586
    13    148      0      0.00000000      1.02506973
    13    149      0      0.00000000      1.00314047
    13    150      0      0.00000000      1.00214900
    13    151      0      0.00000000      0.98439556
    13    152      0      0.00000000      1.02547519
    13    153      0      0.00000000      0.96012387
    13    154      0      0.00000000      0.95755845
    13    155      0      0.00000000      0.94875930
    13    156      0      0.00000000      0.97692605
    13    157      0      0.00000000      0.95506905
    13    158      0      0.00000000      0.91383958
    13    159      0      0.00000000      0.92188123
    13    160      0      0.00000000      0.91271804
    13    161      0      0.00000000      0.86662181
    13    162      0      0.00000000      0.84045125
    13    163      0      0.00000000      0.74717788
    13    164      0      0.00000000      0.76539628
    13    165      0      0.00000000      0.76757080
    13    166      0      0.00000000      0.80567803
    13    167      0      0.00000000      0.73917778
    13    168      0      0.00000000      0.73885565
    13    169      0      0.00000000      0.72577574
    13    170      0      0.00000000      0.74062691
    13    171      0      0.00000000      0.79036792
    13    172      0      0.00000000      0.84758103
    13    173      0      0.00000000      0.85723932
    13    174      0      0.00000000      0.93495169
    13    175      0      0.00000000      0.92542540
    13    176      0      0.00000000      0.97648180
    13    177      0      0.00000000      0.95605447
    13    178      0      0.00000000      0.99981441
    13    179      0      0.00000000      0.95924343
    13    180      0      0.00000000      0.89104052
    13    181      0      0.00000000      0.83264997
    13    182      0      0.00000000      0.87156230
    13    183      0      0.00000000      0.92657292
    13    184      0      0.00000000      0.93368067
    13    185      0      0.00000000      0.99383472
    13    186      0      0.00000000      1.00000000
    13    187      0      0.00000000      1.00000000
    13    188      0      0.00000000      1.00000000
    13    189      0      0.00000000      1.00000000
    13    190      0      0.00000000      1.00000000
    13    191      0      0.00000000      1.00000000
    13    192      0      0.00000000      1.00000000
    13    193      0      0.00000000      1.00000000
    13    194      0      0.00000000      1.00000000
    13    195      0      0.00000000      1.00000000
    13    196      0      0.00000000      1.00000000
    13    197      0      0.00000000      1.12460558
    13    198      0      0.00000000      1.07954742
    13    199      0      0.00000000      1.02335262
    13    200      0      0.00000000      0.92083510
    13    201      0      0.00000000      0.97696418
    13    202      0      0.00000000      0.98895007
    13    203      0      0.00000000      0.95749720
    13    204      0      0.00000000      1.02274347
    13    205      0      0.00000000      1.08553028
    13    206      0      0.00000000      1.09781210
    13    207      0      0.00000000      1.11679434
    13    208      0      0.00000000      1.21554735
    13    209      0      0.00000000      1.18256436
    13    210      0      0.00000000      1.15938689
    13    211      0      0.00000000      1.12996705
    13    212      0      0.00000000      1.27703092
    13    213      0      0.00000000      1.28869435
    14      0      0      0.00000000      1.21499069
    14      1      0      0.00000000      1.27726098
    14      2      0      0.00000000      1.19399808
    14      3      0      0.00000000      1.28304829
    14      4      0      0.00000000      1.00000000
    14      5      0      0.00000000      1.00000000
    14      6      0      0.00000000      1.00000000
    14      7      0      0.00000000      1.00000000
    14      8      0      0.00000000      1.00000000
    14      9      0      0.00000000      1.00000000
    14     10      0      0.00000000      1.00000000
    14     11      0      0.00000000      1.00000000
    14     12      0      0.00000000      1.00000000
    14     13      0      0.00000000      1.00000000
    14     14      0      0.00000000      1.28304829
    14     15      0      0.00000000      1.17512952
    14     16      0      0.00000000      1.19747817
    14     17      0      0.00000000      1.08496256
    14     18      0      0.00000000      1.09653591
    14     19      0      0.00000000      1.06337992
    14     20      0      0.00000000      1.20542388
    14     21      0      0.00000000      1.17175269
    14     22      0      0.00000000      1.28742768
    14     23      0      0.00000000      1.28802327
    14     24      0      0.00000000      1.34127187
    14     25      0      0.00000000      1.41486415
    14     26      0      0.00000000      1.30364219
    14     27      0      0.00000000      1.17444228
    14     28      0      0.00000000      0.87829732
    14     29      0      0.00000000      0.93501371
    14     30      0      0.00000000      0.99203582
    14     31      0      0.00000000      1.19828868
    14     32      0      0.00000000      1.06024499
    14     33      0      0.00000000      1.30259019
    14     34      0      0.00000000      1.38729046
    14     35      0      0.00000000      1.43237645
    14     36      0      0.00000000      1.37190791
    14     37      0      0.00000000      1.31911724
    14     38      0      0.00000000      1.38213598
    14     39      0      0.00000000      1.36091720
    14     40      0      0.00000000      1.47051900
    14     41      0      0.00000000      1.18217545
    14     42      0      0.00000000      1.31209757
    14     43      0      0.00000000      1.33554811
    14     44      0      0.00000000      1.37597693
    14     45      0      0.00000000      1.27399213
    14     46      0      0.00000000      1.35661871
    14     47      0      0.00000000      1.29866805
    14     48      0      0.00000000      1.41987081
    14     49      0      0.00000000      1.37238548
    14     50      0      0.00000000      1.44479986
    14     51      0      0.00000000      1.36172790
    14     52      0      0.00000000      1.20656603
    14     53      0      0.00000000      1.36536965
    14     54      0      0.00000000      1.28938412
    14     55      0      0.00000000      1.35612370
    14     56      0      0.00000000      1.38002747
    14     57      0      0.00000000      1.30612293
    14     58      0      0.00000000      1.25338115
    14     59      0      0.00000000      1.23772933
    14     60      0      0.00000000      1.27757672
    14     61      0      0.00000000      1.29103223
    14     62      0      0.00000000      1.32217958
    14     63      0      0.00000000      1.47420814
    14     64      0      0.00000000      4.60567948
    14     65      0      0.00000000      1.29844905
    14     66      0      0.00000000      1.34322595
    14     67      0      0.00000000      1.28589827
    14     68      0      0.00000000      1.33777666
    14     69      0      0.00000000      1.27577237
    14     70      0      0.00000000      1.29435126
    14     71      0      0.00000000      1.41393769
    14     72      0      0.00000000      1.26739498
    14     73      0      0.00000000      1.35773778
    14     74      0      0.00000000      1.26223845
    14     75      0      0.00000000      1.22412161
    14     76      0      0.00000000      1.25483569
    14     77      0      0.00000000      1.27835864
    14     78      0      0.00000000      1.42513146
    14     79      0      0.00000000      1.45537739
    14     80      0      0.00000000      1.41738666
    14     81      0      0.00000000      1.33914452
    14     82      0      0.00000000      1.27459617
    14     83      0      0.00000000      1.40151374
    14     84      0      0.00000000      1.41014178
    14     85      0      0.00000000      1.34945258
    14     86      0      0.00000000      1.43433879
    14     87      0      0.00000000      1.52624104
    14     88      0      0.00000000      1.28904328
    14     89      0      0.00000000      1.32788505
    14     90      0      0.00000000      1.32755216
    14     91      0      0.00000000      1.39456768
    14     92      0      0.00000000      1.34991498
    14     93      0      0.00000000      1.28984420
    14     94      0      0.00000000      1.00000000
    14     95      0      0.00000000      1.00000000
    14     96      0      0.00000000      1.00000000
    14     97      0      0.00000000      1.00000000
    14     98      0      0.00000000      1.00000000
    14     99      0      0.00000000      1.00000000
    14    100      0      0.00000000      1.00000000
    14    101      0      0.00000000      1.00000000
    14    102      0      0.00000000      1.00000000
    14    103      0      0.00000000      1.00000000
    14    104      0      0.00000000      1.08238505
    14    105      0      0.00000000      1.03759526
    14    106      0      0.00000000      0.94482852
    14    107      0      0.00000000      1.03006287
    14    108      0      0.00000000      1.00000000
    14    109      0      0.00000000      1.00000000
    14    110      0      0.00000000      1.00000000
    14    111      0      0.00000000      1.00000000
    14    112      0      0.00000000      1.00000000
    14    113      0      0.00000000      1.00000000
    14    114      0      0.00000000      1.00000000
    14    115      0      0.00000000      1.00000000
    14    116      0      0.00000000      1.00000000
    14    117      0      0.00000000      1.00000000
    14    118      0      0.00000000      0.91209574
    14    119      0      0.00000000      0.88061199
    14    120      0      0.00000000      0.87018346
    14    121      0      0.00000000      0.93714697
    14    122      0      0.00000000      0.93192597
    14    123      0      0.00000000      0.96071707
    14    124      0      0.00000000      0.93796061
    14    125      0      0.00000000      0.98504591
    14    126      0      0.00000000      0.97409602
    14    127      0      0.00000000      1.02952574
    14    128      0      0.00000000      1.02235755
    14    129      0      0.00000000      1.04911096
    14    130      0      0.00000000      1.02009485
    14    131      0      0.00000000      1.07593284
    14    132      0      0.00000000      1.05022328
    14    133      0      0.00000000      1.04776467
    14    134      0      0.00000000      1.04452844
    14    135      0      0.00000000      1.01711830
    14    136      0      0.00000000      0.97653432
    14    137      0      0.00000000      1.03612922
    14    138      0      0.00000000      0.95806134
    14    139      0      0.00000000      1.02049189
    14    140      0      0.00000000      0.97831582
    14    141      0      0.00000000      1.00966404
    14    142      0      0.00000000      1.02481980
    14    143      0      0.00000000      1.05201160
    14    144      0      0.00000000      1.04341869
    14    145      0      0.00000000      1.02423863
    14    146      0      0.00000000      1.04192504
    14    147      0      0.00000000      1.04792842
    14    148      0      0.00000000      1.03390227
    14    149      0      0.00000000      1.02579179
    14    150      0      0.00000000      1.01033363
    14    151      0      0.00000000      1.02533443
    14    152      0      0.00000000      0.97013701
    14    153      0      0.00000000      0.98719892
    14    154      0      0.00000000      0.94058461
    14    155      0      0.00000000      0.96202981
    14    156      0      0.00000000      0.94834108
    14    157      0      0.00000000      0.95551415
    14    158      0      0.00000000      0.91719846
    14    159      0      0.00000000      0.89485211
    14    160      0      0.00000000      0.88443057
    14    161      0      0.00000000      0.87257869
    14    162      0      0.00000000      0.90460028
    14    163      0      0.00000000      0.89418420
    14    164      0      0.00000000      0.87306751
    14    165      0      0.00000000      0.94600597
    14    166      0      0.00000000      0.93166855
    14    167      0      0.00000000      0.99495910
    14    168      0      0.00000000      0.97826052
    14    169      0      0.00000000      1.00466755
    14    170      0      0.00000000      0.98602230
    14    171      0      0.00000000      0.95582136
    14    172      0      0.00000000      0.97480672
    14    173      0      0.00000000      0.96939512
    14    174      0      0.00000000      0.96293552
    14    175      0      0.00000000      0.97238200
    14    176      0      0.00000000      0.93796147
    14    177      0      0.00000000      0.92029987
    14    178      0      0.00000000      0.87239793
    14    179      0      0.00000000      0.93222936
    14    180      0      0.00000000      0.84703054
    14    181      0      0.00000000      0.89963625
    14    182      0      0.00000000      0.83619825
    14    183      0      0.00000000      0.88144484
    14    184      0      0.00000000      0.88590752
    14    185      0      0.00000000      0.97027839
    14    186      0      0.00000000      1.01052804
    14    187      0      0.00000000      1.13171311
    14    188      0      0.00000000      1.11914330
    14    189      0      0.00000000      1.10319044
    14    190      0      0.00000000      1.12449765
    14    191      0      0.00000000      1.11389720
    14    192      0      0.00000000      1.05230231
    14    193      0      0.00000000      1.07006037
    14    194      0      0.00000000      1.02703914
    14    195      0      0.00000000      1.14991784
    14    196      0      0.00000000      1.07454483
    14    197      0      0.00000000      1.20527982
    14    198      0      0.00000000      1.00000000
    14    199      0      0.00000000      1.00000000
    14    200      0      0.00000000      1.00000000
    14    201      0      0.00000000      1.00000000
    14    202      0      0.00000000      1.00000000
    14    203      0      0.00000000      1.00000000
    14    204      0      0.00000000      1.00000000
    14    205      0      0.00000000      1.00000000
    14    206      0      0.00000000      1.00000000
    14    207      0      0.00000000      1.00000000
    14    208      0      0.00000000      1.21474208
    14    209      0      0.00000000      1.27656040
    14    210      0      0.00000000      1.34130569
    14    211      0      0.00000000      1.43273435
    15      0      0      0.00000000      1.00000000
    15      1      0      0.00000000      1.00000000
    15      2      0      0.00000000      1.00000000
    15      3      0      0.00000000      1.00000000
    15      4      0      0.00000000      0.99298728
    15      5      0      0.00000000      1.40687867
    15      6      0      0.00000000      1.94971527
    15      7      0      0.00000000      1.12604565
    15      8      0      0.00000000      1.26568588
    15      9      0      0.00000000      1.28983066
    15     10      0      0.00000000      1.40312515
    15     11      0      0.00000000      1.24980758
    15     12      0      0.00000000      1.21746288
    15     13      0      0.00000000      1.35915977
    15     14      0      0.00000000      1.07494144
    15     15      0      0.00000000      1.14298166
    15     16      0      0.00000000      1.38202621
    15     17      0      0.00000000      1.34949779
    15     18      0      0.00000000      1.22963828
    15     19      0      0.00000000      1.40225876
    15     20      0      0.00000000      1.37969658
    15     21      0      0.00000000      1.40665232
    15     22      0      0.00000000      1.17037168
    15     23      0      0.00000000      1.28326945
    15     24      0      0.00000000      1.28850584
    15     25      0      0.00000000      1.47208501
    15     26      0      0.00000000      1.21681674
    15     27      0      0.00000000      0.95232585
    15     28      0      0.00000000      0.98947477
    15     29      0      0.00000000      0.93060412
    15     30      0      0.00000000      1.41660192
    15     31      0      0.00000000      1.49781226
    15     32      0      0.00000000      1.53836712
    15     33      0      0.00000000      2.00126025
    15     34      0      0.00000000      1.35022571
    15     35      0      0.00000000      1.28640987
    15     36      0      0.00000000      1.41605715
    15     37      0      0.00000000      2.11794103
    15     38      0      0.00000000      1.45908035
    15     39      0      0.00000000      1.39248309
    15     40      0      0.00000000      1.21319236
    15     41      0      0.00000000      1.02731432
    15     42      0      0.00000000      1.23408408
    15     43      0      0.00000000      1.12079132
    15     44      0      0.00000000      1.04340356
    15     45      0      0.00000000      1.27121082
    15     46      0      0.00000000      1.28160915
    15     47      0      0.00000000      1.22358195
    15     48      0      0.00000000      1.20809179
    15     49      0      0.00000000      1.28551793
    15     50      0      0.00000000      1.38064146
    15     51      0      0.00000000      1.29701230
    15     52      0      0.00000000      1.37508782
    15     53      0      0.00000000      1.45615543
    15     54      0      0.00000000      1.46014608
    15     55      0      0.00000000      1.29669856
    15     56      0      0.00000000      1.41438545
    15     57      0      0.00000000      1.05088258
    15     58      0      0.00000000      1.45945619
    15     59      0      0.00000000      1.34366725
    15     60      0      0.00000000      1.25697400
    15     61      0      0.00000000      4.44492621
    15     62      0      0.00000000      1.26064088
    15     63      0      0.00000000      1.38001876
    15     64      0      0.00000000      1.25187192
    15     65      0      0.00000000      1.22404799
    15     66      0      0.00000000      1.44083910
    15     67      0      0.00000000      1.31243605
    15     68      0      0.00000000      1.44781299
    15     69      0      0.00000000      1.24333278
    15     70      0      0.00000000      1.22554020
    15     71      0      0.00000000      1.22995360
    15     72      0      0.00000000      1.18407288
    15     73      0      0.00000000      1.20569875
    15     74      0      0.00000000      1.19352720
    15     75      0      0.00000000      1.38579223
    15     76      0      0.00000000      1.31017533
    15     77      0      0.00000000      1.35859561
    15     78      0      0.00000000      1.29533160
    15     79      0      0.00000000      1.31032858
    15     80      0      0.00000000      1.37016908
    15     81      0      0.00000000      1.30462168
    15     82      0      0.00000000      1.35750004
    15     83      0      0.00000000      1.37342329
    15     84      0      0.00000000      1.45529351
    15     85      0      0.00000000      1.37764755
    15     86      0      0.00000000      1.25576661
    15     87      0      0.00000000      1.33696345
    15     88      0      0.00000000      1.32140031
    15     89      0      0.00000000      1.33637517
    15     90      0      0.00000000      1.35939676
    15     91      0      0.00000000      1.00000000
    15     92      0      0.00000000      1.00000000
    15     93      0      0.00000000      1.00000000
    15     94      0      0.00000000      1.00000000
    15     95      0      0.00000000      1.00000000
    15     96      0      0.00000000      1.00000000
    15     97      0      0.00000000      1.00000000
    15     98      0      0.00000000      1.00000000
    15     99      0      0.00000000      1.00000000
    15    100      0      0.00000000      1.00000000
    15    101      0      0.00000000      1.10898025
    15    102      0      0.00000000      1.14420807
    15    103      0      0.00000000      1.21186739
    15    104      0      0.00000000      1.19917492
    15    105      0      0.00000000      1.15122501
    15    106      0      0.00000000      1.10079061
    15    107      0      0.00000000      1.09537773
    15    108      0      0.00000000      1.02920140
    15    109      0      0.00000000      1.01885207
    15    110      0      0.00000000      1.07378701
    15    111      0      0.00000000      1.01357879
    15    112      0      0.00000000      1.04274893
    15    113      0      0.00000000      1.00000000
    15    114      0      0.00000000      1.00000000
    15    115      0      0.00000000      1.00000000
    15    116      0      0.00000000      1.00000000
    15    117      0      0.00000000      1.00000000
    15    118      0      0.00000000      1.00000000
    15    119      0      0.00000000      1.00000000
    15    120      0      0.00000000      1.00000000
    15    121      0      0.00000000      1.00000000
    15    122      0      0.00000000      1.00000000
    15    123      0      0.00000000      1.04857290
    15    124      0      0.00000000      1.03368239
    15    125      0      0.00000000      1.02152446
    15    126      0      0.00000000      0.98157084
    15    127      0      0.00000000      0.93765870
    15    128      0      0.00000000      0.89676461
    15    129      0      0.00000000      0.91636144
    15    130      0      0.00000000      0.92832597
    15    131      0      0.00000000      0.93216147
    15    132      0      0.00000000      0.95174877
    15    133      0      0.00000000      0.95113707
    15    134      0      0.00000000      0.93225737
    15    135      0      0.00000000      1.01521262
    15    136      0      0.00000000      1.02462218
    15    137      0      0.00000000      1.02963119
    15    138      0      0.00000000      1.02511721
    15    139      0      0.00000000      1.04926766
    15    140      0      0.00000000      1.03544362
    15    141      0      0.00000000      1.05248964
    15    142      0      0.00000000      1.04655587
    15    143      0      0.00000000      1.03952328
    15    144      0      0.00000000      1.04823870
    15    145      0      0.00000000      1.01203177
    15    146      0      0.00000000      1.04381516
    15    147      0      0.00000000      1.07869036
    15    148      0      0.00000000      1.08380472
    15    149      0      0.00000000      1.06104705
    15    150      0      0.00000000      1.02763522
    15    151      0      0.00000000      1.04224432
    15    152      0      0.00000000      1.06890992
    15    153      0      0.00000000      1.02659325
    15    154      0      0.00000000      1.05303610
    15    155      0      0.00000000      1.06990003
    15    156      0      0.00000000      1.05327772
    15    157      0      0.00000000      1.04395647
    15    158      0      0.00000000      1.01169539
    15    159      0      0.00000000      1.04038898
    15    160      0      0.00000000      1.01593860
    15    161      0      0.00000000      1.00700084
    15    162      0      0.00000000      0.97158226
    15    163      0      0.00000000      0.94917748
    15    164      0      0.00000000      0.96406588
    15    165      0      0.00000000      0.96563988
    15    166      0      0.00000000      0.95909144
    15    167      0      0.00000000      0.99027042
    15    168      0      0.00000000      0.94857593
    15    169      0      0.00000000      0.99190939
    15    170      0      0.00000000      0.98205051
    15    171      0      0.00000000      0.97836556
    15    172      0      0.00000000      0.96650617
    15    173      0      0.00000000      1.01521534
    15    174      0      0.00000000      0.97471641
    15    175      0      0.00000000      1.00618968
    15    176      0      0.00000000      0.91414476
    15    177      0      0.00000000      0.92131821
    15    178      0      0.00000000      0.88128443
    15    179      0      0.00000000      0.89182899
    15    180      0      0.00000000      0.86101364
    15    181      0      0.00000000      0.87474134
    15    182      0      0.00000000      0.87719948
    15    183      0      0.00000000      0.88136809
    15    184      0      0.00000000      0.90844224
    15    185      0      0.00000000      1.10448763
    15    186      0      0.00000000      0.99798887
    15    187      0      0.00000000      1.08085352
    15    188      0      0.00000000      0.99627787
    15    189      0      0.00000000      1.07444729
    15    190      0      0.00000000      1.02921266
    15    191      0      0.00000000      1.07743038
    15    192      0      0.00000000      1.04209647
    15    193      0      0.00000000      1.01377418
    15    194      0      0.00000000      0.97048778
    15    195      0      0.00000000      0.94916374
    15    196      0      0.00000000      0.86924394
    15    197      0      0.00000000      1.01198128
    15    198      0      0.00000000      0.98273756
    15    199      0      0.00000000      1.06549112
    15    200      0      0.00000000      1.11012936
    15    201      0      0.00000000      1.19611208
    15    202      0      0.00000000      1.17316307
    15    203      0      0.00000000      1.18160861
    15    204      0      0.00000000      1.11052210
    15    205      0      0.00000000      1.10933848
    15    206      0      0.00000000      1.01851065
    15    207      0      0.00000000      1.09446454
    15    208      0      0.00000000      1.01346074
    15    209      0      0.00000000      1.18759579
    15    210      0      0.00000000      1.00000000
    15    211      0      0.00000000      1.00000000
    15    212      0      0.00000000      1.00000000
    15    213      0      0.00000000      1.00000000
    16      0      0      0.00000000      0.75170929
    16      1      0      0.00000000      1.03094340
    16      2      0      0.00000000      0.81296371
    16      3      0      0.00000000      0.86317819
    16      4      0      0.00000000      1.06781662
    16      5      0      0.00000000      1.11695945
    16      6      0      0.00000000      1.39954112
    16      7      0      0.00000000      1.13527639
    16      8      0      0.00000000      1.29356466
    16      9      0      0.00000000      1.21360635
    16     10      0      0.00000000      1.28029464
    16     11      0      0.00000000      1.28029464
    16     12      0      0.00000000      1.49582616
    16     13      0      0.00000000      1.28870322
    16     14      0      0.00000000      1.22723706
    16     15      0      0.00000000      1.09357115
    16     16      0      0.00000000      1.24446622
    16     17      0      0.00000000      1.34481970
    16     18      0      0.00000000      1.19384878
    16     19      0      0.00000000      1.22382845
    16     20      0      0.00000000      1.33108300
    16     21      0      0.00000000      1.23165518
    16     22      0      0.00000000      1.08280060
    16     23      0      0.00000000      1.22166995
    16     24      0      0.00000000      1.11214821
    16     25      0      0.00000000      1.48454197
    16     26      0      0.00000000      1.19680889
    16     27      0      0.00000000      0.98487085
    16     28      0      0.00000000      1.10452030
    16     29      0      0.00000000      1.29832216
    16     30      0      0.00000000      1.31128745
    16     31      0      0.00000000      1.31353357
    16     32      0      0.00000000      1.33028855
    16     33      0      0.00000000      1.28996046
    16     34      0      0.00000000      1.36315614
    16     35      0      0.00000000      1.33920490
    16     36      0      0.00000000      1.34215039
    16     37      0      0.00000000      1.46311017
    16     38      0      0.00000000      1.31534012
    16     39      0      0.00000000      1.12183983
    16     40      0      0.00000000      1.17949260
    16     41      0      0.00000000      1.30535786
    16     42      0      0.00000000      1.29903992
    16     43      0      0.00000000      1.34534366
    16     44      0      0.00000000      1.31724920
    16     45      0      0.00000000      1.31171188
    16     46      0      0.00000000      1.13147193
    16     47      0      0.00000000      1.28436759
    16     48      0      0.00000000      1.16471187
    16     49      0      0.00000000      1.39116467
    16     50      0      0.00000000      1.09605591
    16     51      0      0.00000000      1.24295525
    16     52      0      0.00000000      1.43359124
    16     53      0      0.00000000      1.20902521
    16     54      0      0.00000000      1.14160918
    16     55      0      0.00000000      1.34293537
    16     56      0      0.00000000      1.23844305
    16     57      0      0.00000000      1.30901541
    16     58      0      0.00000000      1.31809690
    16     59      0      0.00000000      1.23342689
    16     60      0      0.00000000      1.07463093
    16     61      0      0.00000000      0.98048077
    16     62      0      0.00000000      1.13735192
    16     63      0      0.00000000      1.34410283
    16     64      0      0.00000000      1.26462631
    16     65      0      0.00000000      1.28145780
    16     66      0      0.00000000      1.16909171
    16     67      0      0.00000000      1.34683399
    16     68      0      0.00000000      1.12307159
    16     69      0      0.00000000      1.16814646
    16     70      0      0.00000000      1.11484986
    16     71      0      0.00000000      1.14756504
    16     72      0      0.00000000      1.21957572
    16     73      0      0.00000000      1.19207046
    16     74      0      0.00000000      1.19614623
    16     75      0      0.00000000      1.45070187
    16     76      0      0.00000000      1.14724846
    16     77      0      0.00000000      1.20278484
    16     78      0      0.00000000      1.17918779
    16     79      0      0.00000000      1.20214765
    16     80      0      0.00000000      1.23964218
    16     81      0      0.00000000      1.27340941
    16     82      0      0.00000000      1.23607370
    16     83      0      0.00000000      1.30392122
    16     84      0      0.00000000      1.31655989
    16     85      0      0.00000000      1.23266962
    16     86      0      0.00000000      1.21873556
    16     87      0      0.00000000      1.32529855
    16     88      0      0.00000000      1.21322885
    16     89      0      0.00000000      1.23898149
    16     90      0      0.00000000      1.22557859
    16     91      0      0.00000000      1.00000000
    16     92      0      0.00000000      1.00000000
    16     93      0      0.00000000      1.00000000
    16     94      0      0.00000000      1.00000000
    16     95      0      0.00000000      1.00000000
    16     96      0      0.00000000      1.00000000
    16     97      0      0.00000000      1.00000000
    16     98      0      0.00000000      1.00000000
    16     99      0      0.00000000      1.00000000
    16    100      0      0.00000000      1.09808185
    16    101      0      0.00000000      1.12479668
    16    102      0      0.00000000      1.09520791
    16    103      0      0.00000000      1.12677526
    16    104      0      0.00000000      1.09829446
    16    105      0      0.00000000      1.11464190
    16    106      0      0.00000000      1.05797623
    16    107      0      0.00000000      1.10143361
    16    108      0      0.00000000      1.10251468
    16    109      0      0.00000000      1.13472885
    16    110      0      0.00000000      1.09731254
    16    111      0      0.00000000      1.15683040
    16    112      0      0.00000000      1.08308666
    16    113      0      0.00000000      1.09287573
    16    114      0      0.00000000      1.02843030
    16    115      0      0.00000000      1.02863622
    16    116      0      0.00000000      1.03213091
    16    117      0      0.00000000      1.04609955
    16    118      0      0.00000000      1.03708938
    16    119      0      0.00000000      1.08284442
    16    120      0      0.00000000      1.00000000
    16    121      0      0.00000000      1.00000000
    16    122      0      0.00000000      1.00000000
    16    123      0      0.00000000      1.00000000
    16    124      0      0.00000000      1.00000000
    16    125      0      0.00000000      1.00000000
    16    126      0      0.00000000      1.00000000
    16    127      0      0.00000000      1.00000000
    16    128      0      0.00000000      1.00000000
    16    129      0      0.00000000      0.91524597
    16    130      0      0.00000000      0.94001873
    16    131      0      0.00000000      0.95472081
    16    132      0      0.00000000      0.93597740
    16    133      0      0.00000000      0.90816299
    16    134      0      0.00000000      0.89226912
    16    135      0      0.00000000      0.94270281
    16    136      0      0.00000000      0.92867096
    16    137      0      0.00000000      0.92588080
    16    138      0      0.00000000      0.92488062
    16    139      0      0.00000000      0.93331381
    16    140      0      0.00000000      0.88956438
    16    141      0      0.00000000      0.89298057
    16    142      0      0.00000000      0.86210025
    16    143      0      0.00000000      0.87435076
    16    144      0      0.00000000      0.87649192
    16    145      0      0.00000000      0.87787214
    16    146      0      0.00000000      0.88560902
    16    147      0      0.00000000      0.90645753
    16    148      0      0.00000000      0.91685799
    16    149      0      0.00000000      0.92462687
    16    150      0      0.00000000      0.82254197
    16    151      0      0.00000000      0.96946683
    16    152      0      0.00000000      0.85326482
    16    153      0      0.00000000      1.00183677
    16    154      0      0.00000000      0.88140611
    16    155      0      0.00000000      0.89299758
    16    156      0      0.00000000      0.90487337
    16    157      0      0.00000000      0.91060741
    16    158      0      0.00000000      0.91469877
    16    159      0      0.00000000      0.93886689
    16    160      0      0.00000000      0.87721847
    16    161      0      0.00000000      0.91788697
    16    162      0      0.00000000      0.92314475
    16    163      0      0.00000000      0.90586443
    16    164      0      0.00000000      0.88921835
    16    165      0      0.00000000      0.92331304
    16    166      0      0.00000000      0.95190420
    16    167      0      0.00000000      0.90082114
    16    168      0      0.00000000      0.87970177
    16    169      0      0.00000000      0.88911801
    16    170      0      0.00000000      0.86433525
    16    171      0      0.00000000      0.84368813
    16    172      0      0.00000000      0.82403465
    16    173      0      0.00000000      0.82304135
    16    174      0      0.00000000      0.80393333
    16    175      0      0.00000000      0.87485180
    16    176      0      0.00000000      0.82974065
    16    177      0      0.00000000      0.83366128
    16    178      0      0.00000000      0.81505544
    16    179      0      0.00000000      0.81969677
    16    180      0      0.00000000      0.86021628
    16    181      0      0.00000000      0.84474490
    16    182      0      0.00000000      0.84627577
    16    183      0      0.00000000      0.86649237
    16    184      0      0.00000000      0.90109477
    16    185      0      0.00000000      0.90654606
    16    186      0      0.00000000      0.90086011
    16    187      0      0.00000000      0.92090219
    16    188      0      0.00000000      0.92190930
    16    189      0      0.00000000      0.96812069
    16    190      0      0.00000000      0.99342371
    16    191      0      0.00000000      0.98669584
    16    192      0      0.00000000      0.99813312
    16    193      0      0.00000000      1.04117812
    16    194      0      0.00000000      1.01958351
    16    195      0      0.00000000      1.01070245
    16    196      0      0.00000000      0.94546670
    16    197      0      0.00000000      0.96075885
    16    198      0      0.00000000      1.01496585
    16    199      0      0.00000000      1.01018160
    16    200      0      0.00000000      1.01278060
    16    201      0      0.00000000      1.02477387
    16    202      0      0.00000000      1.12555463
    16    203      0      0.00000000      1.13128252
    16    204      0      0.00000000      1.05457646
    16    205      0      0.00000000      1.15017569
    16    206      0      0.00000000      1.17164468
    16    207      0      0.00000000      1.08069172
    16    208      0      0.00000000      0.98110947
    16    209      0      0.00000000      0.96286495
    16    210      0      0.00000000      0.88922452
    16    211      0      0.00000000      0.91749475
    16    212      0      0.00000000      0.92737771
    16    213      0      0.00000000      1.00487694
    16    214      0      0.00000000      0.94812425
    16    215      0      0.00000000      1.01911120
    16    216      0      0.00000000      1.23870354
    16    217      0      0.00000000      1.16550777
    16    218      0      0.00000000      1.32337155
    16    219      0      0.00000000      0.94003356
    17      0      0      0.00000000      0.94003356
    17      1      0      0.00000000      1.11519102
    17      2      0      0.00000000      1.20133701
    17      3      0      0.00000000      1.30112150
    17      4      0      0.00000000      1.45195405
    17      5      0      0.00000000      1.29574119
    17      6      0      0.00000000      1.00986077
    17      7      0      0.00000000      1.19017138
    17      8      0      0.00000000      1.28542329
    17      9      0      0.00000000      1.09808357
    17     10      0      0.00000000      1.15419352
    17     11      0      0.00000000      1.24577359
    17     12      0      0.00000000      1.32513402
    17     13      0      0.00000000      1.35670366
    17     14      0      0.00000000      1.18162640
    17     15      0      0.00000000      1.20643770
    17     16      0      0.00000000      1.18054853
    17     17      0      0.00000000      1.25341752
    17     18      0      0.00000000      1.12966763
    17     19      0      0.00000000      1.03157792
    17     20      0      0.00000000      1.24955754
    17     21      0      0.00000000      1.13960044
    17     22      0      0.00000000      1.21268367
    17     23      0      0.00000000      1.07388531
    17     24      0      0.00000000      1.19458443
    17     25      0      0.00000000      1.21012228
    17     26      0      0.00000000      1.21012228
    17     27      0      0.00000000      1.21012228
    17     28      0      0.00000000      1.21012228
    17     29      0      0.00000000      1.31616632
    17     30      0      0.00000000      1.30869363
    17     31      0      0.00000000      1.36374550
    17     32      0      0.00000000      1.21828605
    17     33      0      0.00000000      1.21509639
    17     34      0      0.00000000      1.37646139
    17     35      0      0.00000000      2.37711640
    17     36      0      0.00000000      1.48961821
    17     37      0      0.00000000      1.22040664
    17     38      0      0.00000000      1.34919459
    17     39      0      0.00000000      1.25952889
    17     40      0      0.00000000      1.33415977
    17     41      0      0.00000000      1.40992625
    17     42      0      0.00000000      1.34598305
    17     43      0      0.00000000      1.38830715
    17     44      0      0.00000000      1.29673147
    17     45      0      0.00000000      1.43198033
    17     46      0      0.00000000      1.22111166
    17     47      0      0.00000000      1.13348231
    17     48      0      0.00000000      1.15199797
    17     49      0      0.00000000      1.23571903
    17     50      0      0.00000000      1.31368755
    17     51      0      0.00000000      1.26789631
    17     52      0      0.00000000      1.27992529
    17     53      0      0.00000000      1.44568470
    17     54      0      0.00000000      1.24991938
    17     55      0      0.00000000      1.34312793
    17     56      0      0.00000000      1.23614359
    17     57      0      0.00000000      1.19338052
    17     58      0      0.00000000      1.15389695
    17     59      0      0.00000000      2.31290146
    17     60      0      0.00000000      1.22457156
    17     61      0      0.00000000      1.46480426
    17     62      0      0.00000000      1.13909769
    17     63      0      0.00000000      1.26823611
    17     64      0      0.00000000      1.19031815
    17     65      0      0.00000000      1.22409008
    17     66      0      0.00000000      1.26781152
    17     67      0      0.00000000      1.18775800
    17     68      0      0.00000000      1.18317980
    17     69      0      0.00000000      1.08217083
    17     70      0      0.00000000      1.08405168
    17     71      0      0.00000000      1.24885970
    17     72      0      0.00000000      1.20697585
    17     73      0      0.00000000      1.37427956
    17     74      0      0.00000000      1.25191438
    17     75      0      0.00000000      1.23486039
    17     76      0      0.00000000      1.14757566
    17     77      0      0.00000000      1.16775405
    17     78      0      0.00000000      1.15066073
    17     79      0      0.00000000      1.16373069
    17     80      0      0.00000000      1.23224518
    17     81      0      0.00000000      1.31586709
    17     82      0      0.00000000      1.31243022
    17     83      0      0.00000000      1.18624359
    17     84      0      0.00000000      1.18733966
    17     85      0      0.00000000      1.28243518
    17     86      0      0.00000000      1.23058159
    17     87      0      0.00000000      1.27131901
    17     88      0      0.00000000      1.20711452
    17     89      0      0.00000000      1.00000000
    17     90      0      0.00000000      1.00000000
    17     91      0      0.00000000      1.00000000
    17     92      0      0.00000000      1.00000000
    17     93      0      0.00000000      1.00000000
    17     94      0      0.00000000      1.00000000
    17     95      0      0.00000000      1.00000000
    17     96      0      0.00000000      1.00000000
    17     97      0      0.00000000      1.00000000
    17     98      0      0.00000000      1.03024174
    17     99      0      0.00000000      1.10133886
    17    100      0      0.00000000      1.07000166
    17    101      0      0.00000000      1.11773782
    17    102      0      0.00000000      1.04159412
    17    103      0      0.00000000      1.09479520
    17    104      0      0.00000000      1.11957617
    17    105      0      0.00000000      1.17095081
    17    106      0      0.00000000      1.16693198
    17    107      0      0.00000000      1.26449855
    17    108      0      0.00000000      1.25471740
    17    109      0      0.00000000      1.19995189
    17    110      0      0.00000000      1.11462639
    17    111      0      0.00000000      1.13704307
    17    112      0      0.00000000      1.11493322
    17    113      0      0.00000000      1.12308396
    17    114      0      0.00000000      1.06451324
    17    115      0      0.00000000      1.15508779
    17    116      0      0.00000000      1.13794307
    17    117      0      0.00000000      1.14339087
    17    118      0      0.00000000      1.17665358
    17    119      0      0.00000000      1.12450686
    17    120      0      0.00000000      1.10720329
    17    121      0      0.00000000      1.11104933
    17    122      0      0.00000000      1.05036382
    17    123      0      0.00000000      1.06663610
    17    124      0      0.00000000      1.01965082
    17    125      0      0.00000000      0.99616908
    17    126      0      0.00000000      1.00000000
    17    127      0      0.00000000      1.00000000
    17    128      0      0.00000000      1.00000000
    17    129      0      0.00000000      1.00000000
    17    130      0      0.00000000      1.00000000
    17    131      0      0.00000000      1.00000000
    17    132      0      0.00000000      1.00000000
    17    133      0      0.00000000      1.00000000
    17    134      0      0.00000000      1.00000000
    17    135      0      0.00000000      1.00000000
    17    136      0      0.00000000      0.85666321
    17    137      0      0.00000000      0.78899227
    17    138      0      0.00000000      0.73656627
    17    139      0      0.00000000      0.76776760
    17    140      0      0.00000000      0.78359479
    17    141      0      0.00000000      0.84564385
    17    142      0      0.00000000      0.84322267
    17    143      0      0.00000000      0.89563435
    17    144      0      0.00000000      0.86906780
    17    145      0      0.00000000      0.90176774
    17    146      0      0.00000000      0.88820290
    17    147      0      0.00000000      0.90962556
    17    148      0      0.00000000      0.85099391
    17    149      0      0.00000000      0.90672947
    17    150      0      0.00000000      0.87574334
    17    151      0      0.00000000      0.89107093
    17    152      0      0.00000000      0.85828658
    17    153      0      0.00000000      0.85077683
    17    154      0      0.00000000      0.95735000
    17    155      0      0.00000000      0.91865389
    17    156      0      0.00000000      0.92203816
    17    157      0      0.00000000      0.93789418
    17    158      0      0.00000000      0.89359852
    17    159      0      0.00000000      0.91780706
    17    160      0      0.00000000      0.87419760
    17    161      0      0.00000000      0.86913968
    17    162      0      0.00000000      0.83506667
    17    163      0      0.00000000      0.86446877
    17    164      0      0.00000000      0.86406265
    17    165      0      0.00000000      0.86431374
    17    166      0      0.00000000      0.84043871
    17    167      0      0.00000000      0.86667893
    17    168      0      0.00000000      0.84638972
    17    169      0      0.00000000      0.84776259
    17    170      0      0.00000000      0.81579708
    17    171      0      0.00000000      0.82080099
    17    172      0      0.00000000      0.81794406
    17    173      0      0.00000000      0.82642370
    17    174      0      0.00000000      0.78840042
    17    175      0      0.00000000      0.81924731
    17    176      0      0.00000000      0.83105117
    17    177      0      0.00000000      0.84107788
    17    178      0      0.00000000      0.86529537
    17    179      0      0.00000000      0.86011189
    17    180      0      0.00000000      0.86139121
    17    181      0      0.00000000      0.87970258
    17    182      0      0.00000000      0.88559434
    17    183      0      0.00000000      0.90393910
    17    184      0      0.00000000      0.92741122
    17    185      0      0.00000000      0.83493580
    17    186      0      0.00000000      0.93259537
    17    187      0      0.00000000      0.92895920
    17    188      0      0.00000000      0.92470719
    17    189      0      0.00000000      0.96411693
    17    190      0      0.00000000      0.86818085
    17    191      0      0.00000000      0.81581554
    17    192      0      0.00000000      0.83348335
    17    193      0      0.00000000      0.81785476
    17    194      0      0.00000000      0.82135081
    17    195      0      0.00000000      0.80839299
    17    196      0      0.00000000      0.77898414
    17    197      0      0.00000000      0.78772160
    17    198      0      0.00000000      0.81764928
    17    199      0      0.00000000      0.81706704
    17    200      0      0.00000000      0.86442710
    17    201      0      0.00000000      0.88551423
    17    202      0      0.00000000      0.92567973
    17    203      0      0.00000000      0.98321864
    17    204      0      0.00000000      1.04484123
    17    205      0      0.00000000      1.05086180
    17    206      0      0.00000000      1.10257751
    17    207      0      0.00000000      1.06079677
    17    208      0      0.00000000      1.06609951
    17    209      0      0.00000000      1.12200923
    17    210      0      0.00000000      1.04424548
    17    211      0      0.00000000      0.99663763
    17    212      0      0.00000000      1.03953092
    17    213      0      0.00000000      1.01087765
    17    214      0      0.00000000      1.04155080
    17    215      0      0.00000000      0.93639513
    17    216      0      0.00000000      0.97726093
    17    217      0      0.00000000      0.99680599
    17    218      0      0.00000000      1.05281630
    17    219      0      0.00000000      1.08821246
    17    220      0      0.00000000      1.15963992
    17    221      0      0.00000000      1.19151707
    17    222      0      0.00000000      1.08926625
    17    223      0      0.00000000      1.11847328
    18      0      0      0.00000000      1.29239963
    18      1      0      0.00000000      1.11817032
    18      2      0      0.00000000      1.17390408
    18      3      0      0.00000000      1.32286305
    18      4      0      0.00000000      1.02747689
    18      5      0      0.00000000      1.15051632
    18      6      0      0.00000000      1.22178841
    18      7      0      0.00000000      0.97864923
    18      8      0      0.00000000      1.17561121
    18      9      0      0.00000000      1.48883968
    18     10      0      0.00000000      1.52005630
    18     11      0      0.00000000      1.85250411
    18     12      0      0.00000000      1.08182747
    18     13      0      0.00000000      1.25069802
    18     14      0      0.00000000      0.88609607
    18     15      0      0.00000000      1.30835763
    18     16      0      0.00000000      1.16301250
    18     17      0      0.00000000      1.21443020
    18     18      0      0.00000000      1.39335699
    18     19      0      0.00000000      1.53893966
    18     20      0      0.00000000      1.70826355
    18     21      0      0.00000000      1.91846782
    18     22      0      0.00000000      1.35376542
    18     23      0      0.00000000      1.28558072
    18     24      0      0.00000000      1.29621435
    18     25      0      0.00000000      1.40553679
    18     26      0      0.00000000      1.03206845
    18     27      0      0.00000000      0.83775884
    18     28      0      0.00000000      1.22152698
    18     29      0      0.00000000      1.39599263
    18     30      0      0.00000000      1.11135438
    18     31      0      0.00000000      1.69820764
    18     32      0      0.00000000      1.22994394
    18     33      0      0.00000000      1.29660705
    18     34      0      0.00000000      1.34047143
    18     35      0      0.00000000      1.35831425
    18     36      0      0.00000000      1.45265259
    18     37      0      0.00000000      1.28210923
    18     38      0      0.00000000      1.24626897
    18     39      0      0.00000000      1.55055245
    18     40      0      0.00000000      1.26293608
    18     41      0      0.00000000      1.85967973
    18     42      0      0.00000000      1.23390304
    18     43      0      0.00000000      1.19836655
    18     44      0      0.00000000      1.18490845
    18     45      0      0.00000000      1.35593342
    18     46      0      0.00000000      1.23301719
    18     47      0      0.00000000      1.30761972
    18     48      0      0.00000000      1.24080604
    18     49      0      0.00000000      1.25262490
    18     50      0      0.00000000      1.34702109
    18     51      0      0.00000000      1.34295519
    18     52      0      0.00000000      1.15569321
    18     53      0      0.00000000      1.25356779
    18     54      0      0.00000000      1.21797633
    18     55      0      0.00000000      1.32562684
    18     56      0      0.00000000      1.32969066
    18     57      0      0.00000000      1.28388418
    18     58      0      0.00000000      1.42061652
    18     59      0      0.00000000      4.52316290
    18     60      0      0.00000000      1.31617082
    18     61      0      0.00000000      1.36877238
    18     62      0      0.00000000      1.25414005
    18     63      0      0.00000000      1.39136816
    18     64      0      0.00000000      1.19047856
    18     65      0      0.00000000      1.33749048
    18     66      0      0.00000000      1.33366467
    18     67      0      0.00000000      1.31101854
    18     68      0      0.00000000      1.26183229
    18     69      0      0.00000000      1.19483773
    18     70      0      0.00000000      1.14967787
    18     71      0      0.00000000      1.34729999
    18     72      0      0.00000000      1.11502258
    18     73      0      0.00000000      1.32585948
    18     74      0      0.00000000      1.37994510
    18     75      0      0.00000000      1.42041907
    18     76      0      0.00000000      1.26505781
    18     77      0      0.00000000      1.14768761
    18     78      0      0.00000000      1.18226782
    18     79      0      0.00000000      1.22909685
    18     80      0      0.00000000      1.30893868
    18     81      0      0.00000000      1.38910362
    18     82      0      0.00000000      1.40016785
    18     83      0      0.00000000      1.23663428
    18     84      0      0.00000000      1.21432555
    18     85      0      0.00000000      1.24327212
    18     86      0      0.00000000      1.13675209
    18     87      0      0.00000000      1.26199637
    18     88      0      0.00000000      1.29205705
    18     89      0      0.00000000      1.00000000
    18     90      0      0.00000000      1.00000000
    18     91      0      0.00000000      1.00000000
    18     92      0      0.00000000      1.00000000
    18     93      0      0.00000000      1.00000000
    18     94      0      0.00000000      1.00000000
    18     95      0      0.00000000      1.00000000
    18     96      0      0.00000000      1.00000000
    18     97      0      0.00000000      1.00000000
    18     98      0      0.00000000      1.14510986
    18     99      0      0.00000000      1.18396557
    18    100      0      0.00000000      1.14620127
    18    101      0      0.00000000      1.20249940
    18    102      0      0.00000000      1.25503235
    18    103      0      0.00000000      1.21697137
    18    104      0      0.00000000      1.18105839
    18    105      0      0.00000000      1.21300388
    18    106      0      0.00000000      1.22293361
    18    107      0      0.00000000      1.24070797
    18    108      0      0.00000000      1.21017347
    18    109      0      0.00000000      1.22682584
    18    110      0      0.00000000      1.19723044
    18    111      0      0.00000000      1.20425942
    18    112      0      0.00000000      1.17444739
    18    113      0      0.00000000      1.15269928
    18    114      0      0.00000000      1.17642503
    18    115      0      0.00000000      1.18393676
    18    116      0      0.00000000      1.13617378
    18    117      0      0.00000000      1.18404441
    18    118      0      0.00000000      1.12676381
    18    119      0      0.00000000      1.09856461
    18    120      0      0.00000000      1.15879887
    18    121      0      0.00000000      1.07519208
    18    122      0      0.00000000      1.06049744
    18    123      0      0.00000000      1.05361689
    18    124      0      0.00000000      1.02846496
    18    125      0      0.00000000      1.08486241
    18    126      0      0.00000000      1.11530373
    18    127      0      0.00000000      1.05055067
    18    128      0      0.00000000      0.93240484
    18    129      0      0.00000000      0.93049183
    18    130      0      0.00000000      0.92299110
    18    131      0      0.00000000      0.91407965
    18    132      0      0.00000000      0.90903865
    18    133      0      0.00000000      0.95690907
    18    134      0      0.00000000      1.00000000
    18    135      0      0.00000000      1.00000000
    18    136      0      0.00000000      1.00000000
    18    137      0      0.00000000      1.00000000
    18    138      0      0.00000000      1.00000000
    18    139      0      0.00000000      1.00000000
    18    140      0      0.00000000      1.00000000
    18    141      0      0.00000000      1.00000000
    18    142      0      0.00000000      1.00000000
    18    143      0      0.00000000      0.86132149
    18    144      0      0.00000000      0.79844340
    18    145      0      0.00000000      0.83684785
    18    146      0      0.00000000      0.85903700
    18    147      0      0.00000000      0.79625738
    18    148      0      0.00000000      0.79582146
    18    149      0      0.00000000      0.78597791
    18    150      0      0.00000000      0.81318661
    18    151      0      0.00000000      0.81056182
    18    152      0      0.00000000      0.83056075
    18    153      0      0.00000000      0.82521002
    18    154      0      0.00000000      0.81065726
    18    155      0      0.00000000      0.81965827
    18    156      0      0.00000000      0.82824819
    18    157      0      0.00000000      0.85978960
    18    158      0      0.00000000      0.91340132
    18    159      0      0.00000000      0.88837166
    18    160      0      0.00000000      0.91828730
    18    161      0      0.00000000      0.92414547
    18    162      0      0.00000000      0.94315580
    18    163      0      0.00000000      0.92133266
    18    164      0      0.00000000      0.93371923
    18    165      0      0.00000000      0.92753088
    18    166      0      0.00000000      0.96495481
    18    167      0      0.00000000      0.97143584
    18    168      0      0.00000000      1.01654201
    18    169      0      0.00000000      0.96282455
    18    170      0      0.00000000      0.96837021
    18    171      0      0.00000000      0.95167223
    18    172      0      0.00000000      0.97696132
    18    173      0      0.00000000      0.93144721
    18    174      0      0.00000000      0.98109340
    18    175      0      0.00000000      0.95129539
    18    176      0      0.00000000      0.98668615
    18    177      0      0.00000000      0.95023761
    18    178      0      0.00000000      0.92975645
    18    179      0      0.00000000      0.89414610
    18    180      0      0.00000000      0.89959658
    18    181      0      0.00000000      0.97311402
    18    182      0      0.00000000      0.92850391
    18    183      0      0.00000000      0.90579917
    18    184      0      0.00000000      0.90307629
    18    185      0      0.00000000      0.87455806
    18    186      0      0.00000000      0.85448775
    18    187      0      0.00000000      0.87089474
    18    188      0      0.00000000      0.88357592
    18    189      0      0.00000000      0.87683121
    18    190      0      0.00000000      0.88899237
    18    191      0      0.00000000      0.86628810
    18    192      0      0.00000000      0.88452717
    18    193      0      0.00000000      0.86965828
    18    194      0      0.00000000      0.82128481
    18    195      0      0.00000000      0.72321275
    18    196      0      0.00000000      0.73020915
    18    197      0      0.00000000      0.76115251
    18    198      0      0.00000000      0.77477266
    18    199      0      0.00000000      0.72101093
    18    200      0      0.00000000      0.75221613
    18    201      0      0.00000000      0.74610889
    18    202      0      0.00000000      0.81842925
    18    203      0      0.00000000      0.80028450
    18    204      0      0.00000000      0.83711922
    18    205      0      0.00000000      0.85058599
    18    206      0      0.00000000      0.89984770
    18    207      0      0.00000000      0.85363035
    18    208      0      0.00000000      0.88445580
    18    209      0      0.00000000      0.90827332
    18    210      0      0.00000000      0.95962278
    18    211      0      0.00000000      0.90946221
    18    212      0      0.00000000      0.94813683
    18    213      0      0.00000000      0.95352108
    18    214      0      0.00000000      0.90392316
    18    215      0      0.00000000      0.90329835
    18    216      0      0.00000000      0.98448845
    18    217      0      0.00000000      1.00065437
    18    218      0      0.00000000      1.04528530
    18    219      0      0.00000000      1.00216757
    18    220      0      0.00000000      1.02110171
    18    221      0      0.00000000      1.05469416
    18    222      0      0.00000000      1.17432394
    18    223      0      0.00000000      1.11756122
    18    224      0      0.00000000      1.08810197
    18    225      0      0.00000000      1.06141084
    18    226      0      0.00000000      1.07319964
    18    227      0      0.00000000      1.08622445
    18    228      0      0.00000000      1.01465103
    18    229      0      0.00000000      0.97017995
    18    230      0      0.00000000      0.97558255
    18    231      0      0.00000000      1.05128029
    19      0      0      0.00000000      1.27341053
    19      1      0      0.00000000      1.22287375
    19      2      0      0.00000000      1.22066961
    19      3      0      0.00000000      1.24166283
    19      4      0      0.00000000      1.24166283
    19      5      0      0.00000000      1.24166283
    19      6      0      0.00000000      1.22861421
    19      7      0      0.00000000      1.20668356
    19      8      0      0.00000000      1.20668356
    19      9      0      0.00000000      1.20668356
    19     10      0      0.00000000      1.31772019
    19     11      0      0.00000000      1.24064914
    19     12      0      0.00000000      1.17240053
    19     13      0      0.00000000      1.15756284
    19     14      0      0.00000000      1.06405420
    19     15      0      0.00000000      1.54116271
    19     16      0      0.00000000      1.88547748
    19     17      0      0.00000000      1.48684093
    19     18      0      0.00000000      1.48684093
    19     19      0      0.00000000      1.48684093
    19     20      0      0.00000000      1.48684093
    19     21      0      0.00000000      1.48684093
    19     22      0      0.00000000      1.15569472
    19     23      0      0.00000000      1.21896007
    19     24      0      0.00000000      1.28840268
    19     25      0      0.00000000      0.79858436
    19     26      0      0.00000000      0.99205821
    19     27      0      0.00000000      1.28940783
    19     28      0      0.00000000      1.23858789
    19     29      0      0.00000000      1.14064912
    19     30      0      0.00000000      1.24742826
    19     31      0      0.00000000      1.23396699
    19     32      0      0.00000000      1.31161938
    19     33      0      0.00000000      1.20030279
    19     34      0      0.00000000      1.35817917
    19     35      0      0.00000000      1.18704887
    19     36      0      0.00000000      1.16432415
    19     37      0      0.00000000      1.46972038
    19     38      0      0.00000000      1.37017710
    19     39      0      0.00000000      1.36601756
    19     40      0      0.00000000      1.49389961
    19     41      0      0.00000000      1.14373177
    19     42      0      0.00000000      1.41240408
    19     43      0      0.00000000      1.18869703
    19     44      0      0.00000000      1.23899727
    19     45      0      0.00000000      1.27198244
    19     46      0      0.00000000      1.25867952
    19     47      0      0.00000000      1.24991504
    19     48      0      0.00000000      1.12936973
    19     49      0      0.00000000      1.21591144
    19     50      0      0.00000000      1.50186139
    19     51      0      0.00000000      1.24596167
    19     52      0      0.00000000      1.26731868
    19     53      0      0.00000000      1.15832567
    19     54      0      0.00000000      1.41681885
    19     55      0      0.00000000      1.28519300
    19     56      0      0.00000000      1.25280960
    19     57      0      0.00000000      1.33257627
    19     58      0      0.00000000      1.10354187
    19     59      0      0.00000000      0.93736696
    19     60      0      0.00000000      1.30985737
    19     61      0      0.00000000      1.20797951
    19     62      0      0.00000000      1.27575757
    19     63      0      0.00000000      1.32338420
    19     64      0      0.00000000      1.21686402
    19     65      0      0.00000000      1.31824524
    19     66      0      0.00000000      1.23806189
    19     67      0      0.00000000      1.11022768
    19     68      0      0.00000000      1.17168213
    19     69      0      0.00000000      1.15732364
    19     70      0      0.00000000      1.20585811
    19     71      0      0.00000000      1.04960917
    19     72      0      0.00000000      1.29438917
    19     73      0      0.00000000      1.26141643
    19     74      0      0.00000000      1.31498736
    19     75      0      0.00000000      1.20846972
    19     76      0      0.00000000      1.09468474
    19     77      0      0.00000000      1.26312722
    19     78      0      0.00000000      1.13597479
    19     79      0      0.00000000      1.17536115
    19     80      0      0.00000000      1.27744895
    19     81      0      0.00000000      1.30365709
    19     82      0      0.00000000      1.25331094
    19     83      0      0.00000000      1.18859523
    19     84      0      0.00000000      1.27707033
    19     85      0      0.00000000      1.20654743
    19     86      0      0.00000000      1.20298835
    19     87      0      0.00000000      1.27931525
    19     88      0      0.00000000      1.00000000
    19     89      0      0.00000000      1.00000000
    19     90      0      0.00000000      1.00000000
    19     91      0      0.00000000      1.00000000
    19     92      0      0.00000000      1.00000000
    19     93      0      0.00000000      1.00000000
    19     94      0      0.00000000      1.00000000
    19     95      0      0.00000000      1.00000000
    19     96      0      0.00000000      1.00000000
    19     97      0      0.00000000      1.16730961
    19     98      0      0.00000000      0.96664940
    19     99      0      0.00000000      1.00600105
    19    100      0      0.00000000      1.00256194
    19    101      0      0.00000000      1.02180187
    19    102      0      0.00000000      1.01708609
    19    103      0      0.00000000      0.93777024
    19    104      0      0.00000000      0.95133262
    19    105      0      0.00000000      1.14711116
    19    106      0      0.00000000      1.16242823
    19    107      0      0.00000000      1.18999851
    19    108      0      0.00000000      1.16724283
    19    109      0      0.00000000      1.14739436
    19    110      0      0.00000000      1.20667390
    19    111      0      0.00000000      1.21613515
    19    112      0      0.00000000      1.16263456
    19    113      0      0.00000000      1.17325667
    19    114      0      0.00000000      1.19834572
    19    115      0      0.00000000      1.13829657
    19    116      0      0.00000000      1.17355366
    19    117      0      0.00000000      1.11881737
    19    118      0      0.00000000      1.16213218
    19    119      0      0.00000000      1.12977468
    19    120      0      0.00000000      1.09550700
    19    121      0      0.00000000      1.08063464
    19    122      0      0.00000000      1.11095805
    19    123      0      0.00000000      1.10067837
    19    124      0      0.00000000      1.10283493
    19    125      0      0.00000000      1.04462034
    19    126      0      0.00000000      0.98896309
    19    127      0      0.00000000      0.99059284
    19    128      0      0.00000000      0.94307672
    19    129      0      0.00000000      0.94042224
    19    130      0      0.00000000      0.98085830
    19    131      0      0.00000000      0.96005473
    19    132      0      0.00000000      1.04907278
    19    133      0      0.00000000      0.90878752
    19    134      0      0.00000000      1.00945105
    19    135      0      0.00000000      0.84029239
    19    136      0      0.00000000      0.83780654
    19    137      0      0.00000000      0.91226791
    19    138      0      0.00000000      0.93627514
    19    139      0      0.00000000      0.91183255
    19    140      0      0.00000000      0.91771199
    19    141      0      0.00000000      1.00000000
    19    142      0      0.00000000      1.00000000
    19    143      0      0.00000000      1.00000000
    19    144      0      0.00000000      1.00000000
    19    145      0      0.00000000      1.00000000
    19    146      0      0.00000000      1.00000000
    19    147      0      0.00000000      1.00000000
    19    148      0      0.00000000      1.00000000
    19    149      0      0.00000000      1.00000000
    19    150      0      0.00000000      0.91531543
    19    151      0      0.00000000      0.79809305
    19    152      0      0.00000000      0.91110647
    19    153      0      0.00000000      0.91007231
    19    154      0      0.00000000      0.92497746
    19    155      0      0.00000000      0.92173072
    19    156      0      0.00000000      0.94124466
    19    157      0      0.00000000      0.81997527
    19    158      0      0.00000000      0.95874935
    19    159      0      0.00000000      0.85802131
    19    160      0      0.00000000      0.98070219
    19    161      0      0.00000000      0.97319744
    19    162      0      0.00000000      0.88592320
    19    163      0      0.00000000      0.82530128
    19    164      0      0.00000000      0.82159560
    19    165      0      0.00000000      0.82870290
    19    166      0      0.00000000      0.81334079
    19    167      0      0.00000000      0.87073472
    19    168      0      0.00000000      0.90937252
    19    169      0      0.00000000      0.90447094
    19    170      0      0.00000000      0.87702701
    19    171      0      0.00000000      0.87874840
    19    172      0      0.00000000      0.88029561
    19    173      0      0.00000000      0.87677073
    19    174      0      0.00000000      0.88573385
    19    175      0      0.00000000      0.91538500
    19    176      0      0.00000000      0.90741469
    19    177      0      0.00000000      0.88787003
    19    178      0      0.00000000      0.85605963
    19    179      0      0.00000000      0.83298185
    19    180      0      0.00000000      0.84218555
    19    181      0      0.00000000      0.84797102
    19    182      0      0.00000000      0.86519000
    19    183      0      0.00000000      0.82604757
    19    184      0      0.00000000      0.84436916
    19    185      0      0.00000000      0.85599136
    19    186      0      0.00000000      0.82340830
    19    187      0      0.00000000      0.80178584
    19    188      0      0.00000000      0.77650355
    19    189      0      0.00000000      0.76077991
    19    190      0      0.00000000      0.77744927
    19    191      0      0.00000000      0.77184956
    19    192      0      0.00000000      0.74706933
    19    193      0      0.00000000      0.73156611
    19    194      0      0.00000000      0.75573344
    19    195      0      0.00000000      0.75490333
    19    196      0      0.00000000      0.75419415
    19    197      0      0.00000000      0.77002010
    19    198      0      0.00000000      0.73663996
    19    199      0      0.00000000      0.72868969
    19    200      0      0.00000000      0.79011939
    19    201      0      0.00000000      0.77730735
    19    202      0      0.00000000      0.79493579
    19    203      0      0.00000000      0.80531843
    19    204      0      0.00000000      0.84088943
    19    205      0      0.00000000      0.81742637
    19    206      0      0.00000000      0.85219243
    19    207      0      0.00000000      0.83535515
    19    208      0      0.00000000      0.85869161
    19    209      0      0.00000000      0.82601717
    19    210      0      0.00000000      0.84710144
    19    211      0      0.00000000      0.84466806
    19    212      0      0.00000000      0.82290918
    19    213      0      0.00000000      0.90711834
    19    214      0      0.00000000      0.92414266
    19    215      0      0.00000000      0.87834970
    19    216      0      0.00000000      0.81734599
    19    217      0      0.00000000      0.84868197
    19    218      0      0.00000000      0.85948617
    19    219      0      0.00000000      0.76726538
    19    220      0      0.00000000      0.75917845
    19    221      0      0.00000000      0.79764216
    19    222      0      0.00000000      0.83395791
    19    223      0      0.00000000      0.92042554
    19    224      0      0.00000000      0.96670892
    19    225      0      0.00000000      0.94721761
    19    226      0      0.00000000      0.96627091
    19    227      0      0.00000000      0.95117509
    19    228      0      0.00000000      0.97739726
    19    229      0      0.00000000      0.96968754
    19    230      0      0.00000000      0.98143695
    19    231      0      0.00000000      0.92065766
    19    232      0      0.00000000      1.02248146
    19    233      0      0.00000000      0.97448330
    19    234      0      0.00000000      0.98841202
    19    235      0      0.00000000      1.01282620
    19    236      0      0.00000000      0.95125307
    19    237      0      0.00000000      1.06880555
    20      0      0      0.00000000      1.19208446
    20      1      0      0.00000000      1.19208446
    20      2      0      0.00000000      1.19208446
    20      3      0      0.00000000      1.19208446
    20      4      0      0.00000000      1.19208446
    20      5      0      0.00000000      1.19208446
    20      6      0      0.00000000      1.19208446
    20      7      0      0.00000000      1.19208446
    20      8      0      0.00000000      1.19208446
    20      9      0      0.00000000      1.19208446
    20     10      0      0.00000000      1.19208446
    20     11      0      0.00000000      1.07351230
    20     12      0      0.00000000      1.07351230
    20     13      0      0.00000000      1.07351230
    20     14      0      0.00000000      1.23750851
    20     15      0      0.00000000      1.23750851
    20     16      0      0.00000000      1.23750851
    20     17      0      0.00000000      1.36500289
    20     18      0      0.00000000      1.18808090
    20     19      0      0.00000000      1.18808090
    20     20      0      0.00000000      1.18808090
    20     21      0      0.00000000      1.18808090
    20     22      0      0.00000000      1.04520999
    20     23      0      0.00000000      1.41891396
    20     24      0      0.00000000      1.41891396
    20     25      0      0.00000000      1.86256722
    20     26      0      0.00000000      1.50277883
    20     27      0      0.00000000      1.25948637
    20     28      0      0.00000000      1.18651810
    20     29      0      0.00000000      2.12125944
    20     30      0      0.00000000      1.30873906
    20     31      0      0.00000000      1.13615181
    20     32      0      0.00000000      3.07338386
    20     33      0      0.00000000      1.38289023
    20     34      0      0.00000000      1.27548354
    20     35      0      0.00000000      1.12287600
    20     36      0      0.00000000      1.29472844
    20     37      0      0.00000000      1.42664482
    20     38      0      0.00000000      1.19763645
    20     39      0      0.00000000      1.27178262
    20     40      0      0.00000000      1.35402972
    20     41      0      0.00000000      2.42420666
    20     42      0      0.00000000      1.52334360
    20     43      0      0.00000000      1.22817862
    20     44      0      0.00000000      1.34037104
    20     45      0      0.00000000      1.15583026
    20     46      0      0.00000000      1.33857022
    20     47      0      0.00000000      1.22212648
    20     48      0      0.00000000      1.14187908
    20     49      0      0.00000000      1.19437533
    20     50      0      0.00000000      1.05978405
    20     51      0      0.00000000      1.31536594
    20     52      0      0.00000000      1.17332889
    20     53      0      0.00000000      1.27047873
    20     54      0      0.00000000      1.08418678
    20     55      0      0.00000000      1.25314575
    20     56      0      0.00000000      1.18231171
    20     57      0      0.00000000      1.35424365
    20     58      0      0.00000000      1.23955251
    20     59      0      0.00000000      1.15714757
    20     60      0      0.00000000      1.28866078
    20     61      0      0.00000000      1.29720306
    20     62      0      0.00000000      1.25530579
    20     63      0      0.00000000      1.17605982
    20     64      0      0.00000000      1.25363936
    20     65      0      0.00000000      1.17103709
    20     66      0      0.00000000      1.14036924
    20     67      0      0.00000000      1.23731814
    20     68      0      0.00000000      1.11935910
    20     69      0      0.00000000      1.25458105
    20     70      0      0.00000000      1.01618648
    20     71      0      0.00000000      1.08312345
    20     72      0      0.00000000      1.28826212
    20     73      0      0.00000000      1.21167104
    20     74      0      0.00000000      1.22885699
    20     75      0      0.00000000      1.09101489
    20     76      0      0.00000000      1.12863836
    20     77      0      0.00000000      1.17992710
    20     78      0      0.00000000      1.14803321
    20     79      0      0.00000000      1.22355755
    20     80      0      0.00000000      1.35767973
    20     81      0      0.00000000      1.37601399
    20     82      0      0.00000000      1.17283815
    20     83      0      0.00000000      1.27980069
    20     84      0      0.00000000      1.20122079
    20     85      0      0.00000000      1.23068292
    20     86      0      0.00000000      1.29035395
    20     87      0      0.00000000      1.00000000
    20     88      0      0.00000000      1.00000000
    20     89      0      0.00000000      1.00000000
    20     90      0      0.00000000      1.00000000
    20     91      0      0.00000000      1.00000000
    20     92      0      0.00000000      1.00000000
    20     93      0      0.00000000      1.00000000
    20     94      0      0.00000000      1.00000000
    20     95      0      0.00000000      1.00000000
    20     96      0      0.00000000      1.13340524
    20     97      0      0.00000000      1.18395987
    20     98      0      0.00000000      1.20578146
    20     99      0      0.00000000      1.25007604
    20    100      0      0.00000000      1.14722312
    20    101      0      0.00000000      1.18498521
    20    102      0      0.00000000      1.15800847
    20    103      0      0.00000000      1.22990867
    20    104      0      0.00000000      1.19808323
    20    105      0      0.00000000      1.22717164
    20    106      0      0.00000000      1.23360213
    20    107      0      0.00000000      1.04877559
    20    108      0      0.00000000      0.98623803
    20    109      0      0.00000000      0.98015716
    20    110      0      0.00000000      1.01823894
    20    111      0      0.00000000      0.97017678
    20    112      0      0.00000000      0.95501862
    20    113      0      0.00000000      0.96697548
    20    114      0      0.00000000      0.92462068
    20    115      0      0.00000000      1.20574020
    20    116      0      0.00000000      1.16332806
    20    117      0      0.00000000      1.17121465
    20    118      0      0.00000000      1.18554971
    20    119      0      0.00000000      1.20403957
    20    120      0      0.00000000      1.12942856
    20    121      0      0.00000000      1.14734351
    20    122      0      0.00000000      1.12981960
    20    123      0      0.00000000      0.99440929
    20    124      0      0.00000000      0.99429502
    20    125      0      0.00000000      0.97644086
    20    126      0      0.00000000      0.99283191
    20    127      0      0.00000000      0.95433601
    20    128      0      0.00000000      1.01278184
    20    129      0      0.00000000      1.01803868
    20    130      0      0.00000000      1.06042128
    20    131      0      0.00000000      1.03725963
    20    132      0      0.00000000      1.03219280
    20    133      0      0.00000000      0.91635627
    20    134      0      0.00000000      0.95148334
    20    135      0      0.00000000      0.89428680
    20    136      0      0.00000000      0.88969952
    20    137      0      0.00000000      0.85698087
    20    138      0      0.00000000      0.87942935
    20    139      0      0.00000000      0.89891287
    20    140      0      0.00000000      0.95544566
    20    141      0      0.00000000      0.88681615
    20    142      0      0.00000000      0.81148591
    20    143      0      0.00000000      0.76916202
    20    144      0      0.00000000      0.79822111
    20    145      0      0.00000000      0.76440353
    20    146      0      0.00000000      0.79222598
    20    147      0      0.00000000      0.84639899
    20    148      0      0.00000000      1.00000000
    20    149      0      0.00000000      1.00000000
    20    150      0      0.00000000      1.00000000
    20    151      0      0.00000000      1.00000000
    20    152      0      0.00000000      1.00000000
    20    153      0      0.00000000      1.00000000
    20    154      0      0.00000000      1.00000000
    20    155      0      0.00000000      1.00000000
    20    156      0      0.00000000      1.00000000
    20    157      0      0.00000000      0.82033122
    20    158      0      0.00000000      0.80919245
    20    159      0      0.00000000      0.78039163
    20    160      0      0.00000000      0.82470694
    20    161      0      0.00000000      0.79787978
    20    162      0      0.00000000      0.85599543
    20    163      0      0.00000000      0.83033923
    20    164      0      0.00000000      0.92951851
    20    165      0      0.00000000      0.93247260
    20    166      0      0.00000000      1.02744102
    20    167      0      0.00000000      0.96888128
    20    168      0      0.00000000      1.05432820
    20    169      0      0.00000000      0.98522654
    20    170      0      0.00000000      1.03360099
    20    171      0      0.00000000      1.05210477
    20    172      0      0.00000000      1.07367846
    20    173      0      0.00000000      0.98253915
    20    174      0      0.00000000      1.06841711
    20    175      0      0.00000000      1.01956735
    20    176      0      0.00000000      1.06160552
    20    177      0      0.00000000      0.95861006
    20    178      0      0.00000000      1.02385672
    20    179      0      0.00000000      0.98821487
    20    180      0      0.00000000      1.01045598
    20    181      0      0.00000000      0.98381113
    20    182      0      0.00000000      1.02037932
    20    183      0      0.00000000      0.98726174
    20    184      0      0.00000000      1.01791616
    20    185      0      0.00000000      0.95550923
    20    186      0      0.00000000      0.98199428
    20    187      0      0.00000000      0.94632215
    20    188      0      0.00000000      1.01527768
    20    189      0      0.00000000      0.95963409
    20    190      0      0.00000000      0.94301035
    20    191      0      0.00000000      0.91801000
    20    192      0      0.00000000      0.93592670
    20    193      0      0.00000000      0.90681083
    20    194      0      0.00000000      0.89952350
    20    195      0      0.00000000      0.89201203
    20    196      0      0.00000000      0.91224218
    20    197      0      0.00000000      0.89176208
    20    198      0      0.00000000      0.89599294
    20    199      0      0.00000000      0.85786859
    20    200      0      0.00000000      0.90383198
    20    201      0      0.00000000      0.85647669
    20    202      0      0.00000000      0.87729562
    20    203      0      0.00000000      0.87942204
    20    204      0      0.00000000      0.87942628
    20    205      0      0.00000000      0.85268478
    20    206      0      0.00000000      0.87401882
    20    207      0      0.00000000      0.84444279
    20    208      0      0.00000000      0.83103922
    20    209      0      0.00000000      0.80753472
    20    210      0      0.00000000      0.80916870
    20    211      0      0.00000000      0.81003168
    20    212      0      0.00000000      0.81476672
    20    213      0      0.00000000      0.77988786
    20    214      0      0.00000000      0.81166355
    20    215      0      0.00000000      0.75428215
    20    216      0      0.00000000      0.77124261
    20    217      0      0.00000000      0.75090283
    20    218      0      0.00000000      0.78758188
    20    219      0      0.00000000      0.75557300
    20    220      0      0.00000000      0.80988210
    20    221      0      0.00000000      0.73719158
    20    222      0      0.00000000      0.76057970
    20    223      0      0.00000000      0.77793785
    20    224      0      0.00000000      0.87202684
    20    225      0      0.00000000      0.90722086
    20    226      0      0.00000000      0.95661029
    20    227      0      0.00000000      0.91655760
    20    228      0      0.00000000      0.93011427
    20    229      0      0.00000000      0.87580486
    20    230      0      0.00000000      0.93341044
    20    231      0      0.00000000      0.94897127
    20    232      0      0.00000000      0.92246345
    20    233      0      0.00000000      0.94540033
    20    234      0      0.00000000      0.93072425
    20    235      0      0.00000000      0.94289315
    20    236      0      0.00000000      0.94507134
    20    237      0      0.00000000      0.89341199
    20    238      0      0.00000000      0.93036532
    20    239      0      0.00000000      0.89467880
    20    240      0      0.00000000      1.00533216
    20    241      0      0.00000000      1.03610517
    20    242      0      0.00000000      0.97459698
    20    243      0      0.00000000      0.97536759
    21      0      0      0.00000000      1.41219395
    21      1      0      0.00000000      1.41219395
    21      2      0      0.00000000      1.41219395
    21      3      0      0.00000000      1.41219395
    21      4      0      0.00000000      1.41219395
    21      5      0      0.00000000      1.41219395
    21      6      0      0.00000000      1.41219395
    21      7      0      0.00000000      1.41219395
    21      8      0      0.00000000      1.41219395
    21      9      0      0.00000000      1.41219395
    21     10      0      0.00000000      1.41219395
    21     11      0      0.00000000      1.41219395
    21     12      0      0.00000000      1.41219395
    21     13      0      0.00000000      1.41219395
    21     14      0      0.00000000      1.40792927
    21     15      0      0.00000000      2.13498990
    21     16      0      0.00000000      1.49182169
    21     17      0      0.00000000      1.49182169
    21     18      0      0.00000000      1.49182169
    21     19      0      0.00000000      1.11630189
    21     20      0      0.00000000      1.29159760
    21     21      0      0.00000000      1.18114105
    21     22      0      0.00000000      1.17902958
    21     23      0      0.00000000      1.10064421
    21     24      0      0.00000000      1.02500718
    21     25      0      0.00000000      1.25991997
    21     26      0      0.00000000      1.28181065
    21     27      0      0.00000000      1.39223880
    21     28      0      0.00000000      1.20276754
    21     29      0      0.00000000      1.31704234
    21     30      0      0.00000000      1.25553921
    21     31      0      0.00000000      1.33116491
    21     32      0      0.00000000      1.21926435
    21     33      0      0.00000000      1.13174601
    21     34      0      0.00000000      1.12401811
    21     35      0      0.00000000      1.21941440
    21     36      0      0.00000000      1.17265092
    21     37      0      0.00000000      1.18189267
    21     38      0      0.00000000      1.23713453
    21     39      0      0.00000000      1.34993965
    21     40      0      0.00000000      1.10204351
    21     41      0      0.00000000      1.30243705
    21     42      0      0.00000000      1.27526442
    21     43      0      0.00000000      1.16073742
    21     44      0      0.00000000      1.19166812
    21     45      0      0.00000000      1.16397193
    21     46      0      0.00000000      1.23678230
    21     47      0      0.00000000      1.24643495
    21     48      0      0.00000000      1.22414998
    21     49      0      0.00000000      1.21421682
    21     50      0      0.00000000      1.14093083
    21     51      0      0.00000000      1.14314554
    21     52      0      0.00000000      1.17001367
    21     53      0      0.00000000      1.26842630
    21     54      0      0.00000000      1.16192099
    21     55      0      0.00000000      1.38896892
    21     56      0      0.00000000      1.07369769
    21     57      0      0.00000000      1.18812057
    21     58      0      0.00000000      1.14584388
    21     59      0      0.00000000      1.10419236
    21     60      0      0.00000000      1.09370096
    21     61      0      0.00000000      1.07440730
    21     62      0      0.00000000      1.24813966
    21     63      0      0.00000000      1.20429189
    21     64      0      0.00000000      1.09054655
    21     65      0      0.00000000      1.13018296
    21     66      0      0.00000000      1.11489942
    21     67      0      0.00000000      1.10947355
    21     68      0      0.00000000      1.16777332
    21     69      0      0.00000000      1.20144144
    21     70      0      0.00000000      1.19239149
    21     71      0      0.00000000      1.34367720
    21     72      0      0.00000000      1.24569252
    21     73      0      0.00000000      1.24015131
    21     74      0      0.00000000      1.19707451
    21     75      0      0.00000000      1.17602695
    21     76      0      0.00000000      1.21562419
    21     77      0      0.00000000      1.25520573
    21     78      0      0.00000000      1.00000000
    21     79      0      0.00000000      1.00000000
    21     80      0      0.00000000      1.00000000
    21     81      0      0.00000000      1.00000000
    21     82      0      0.00000000      1.00000000
    21     83      0      0.00000000      1.00000000
    21     84      0      0.00000000      1.00000000
    21     85      0      0.00000000      1.00000000
    21     86      0      0.00000000      1.07575902
    21     87      0      0.00000000      1.00252641
    21     88      0      0.00000000      1.07665491
    21     89      0      0.00000000      1.10143893
    21     90      0      0.00000000      1.07857943
    21     91      0      0.00000000      1.15652035
    21     92      0      0.00000000      1.18393227
    21     93      0      0.00000000      1.21591301
    21     94      0      0.00000000      1.18320884
    21     95      0      0.00000000      1.34388151
    21     96      0      0.00000000      1.18656031
    21     97      0      0.00000000      1.27914314
    21     98      0      0.00000000      1.14000094
    21     99      0      0.00000000      1.14655331
    21    100      0      0.00000000      1.13127328
    21    101      0      0.00000000      1.18613725
    21    102      0      0.00000000      1.12774600
    21    103      0      0.00000000      1.13341523
    21    104      0      0.00000000      1.11747805
    21    105      0      0.00000000      1.15130208
    21    106      0      0.00000000      1.09532813
    21    107      0      0.00000000      1.00365950
    21    108      0      0.00000000      0.96174222
    21    109      0      0.00000000      0.99193476
    21    110      0      0.00000000      0.94763943
    21    111      0      0.00000000      0.96985661
    21    112      0      0.00000000      1.08049133
    21    113      0      0.00000000      1.07012250
    21    114      0      0.00000000      1.04977940
    21    115      0      0.00000000      1.02137008
    21    116      0      0.00000000      0.99680033
    21    117      0      0.00000000      1.06191944
    21    118      0      0.00000000      1.06160382
    21    119      0      0.00000000      1.02491012
    21    120      0      0.00000000      1.06487250
    21    121      0      0.00000000      1.01250484
    21    122      0      0.00000000      0.94699218
    21    123      0      0.00000000      0.91643546
    21    124      0      0.00000000      0.94352952
    21    125      0      0.00000000      0.87080079
    21    126      0      0.00000000      0.87136152
    21    127      0      0.00000000      0.92387467
    21    128      0      0.00000000      0.96592760
    21    129      0      0.00000000      0.92305011
    21    130      0      0.00000000      0.95226886
    21    131      0      0.00000000      0.83550759
    21    132      0      0.00000000      0.86673908
    21    133      0      0.00000000      0.85210999
    21    134      0      0.00000000      0.85904483
    21    135      0      0.00000000      0.84525171
    21    136      0      0.00000000      0.84126561
    21    137      0      0.00000000      0.92654010
    21    138      0      0.00000000      0.93721093
    21    139      0      0.00000000      0.88636606
    21    140      0      0.00000000      0.81073061
    21    141      0      0.00000000      0.78519583
    21    142      0      0.00000000      0.81736092
    21    143      0      0.00000000      0.81285553
    21    144      0      0.00000000      0.84097456
    21    145      0      0.00000000      0.91634544
    21    146      0      0.00000000      1.00000000
    21    147      0      0.00000000      1.00000000
    21    148      0      0.00000000      1.00000000
    21    149      0      0.00000000      1.00000000
    21    150      0      0.00000000      1.00000000
    21    151      0      0.00000000      1.00000000
    21    152      0      0.00000000      1.00000000
    21    153      0      0.00000000      1.00000000
    21    154      0      0.00000000      0.88827947
    21    155      0      0.00000000      0.82943094
    21    156      0      0.00000000      0.83409618
    21    157      0      0.00000000      0.82968694
    21    158      0      0.00000000      0.87403064
    21    159      0      0.00000000      0.84628045
    21    160      0      0.00000000      0.82600337
    21    161      0      0.00000000      0.81194326
    21    162      0      0.00000000      0.81713376
    21    163      0      0.00000000      0.82868421
    21    164      0      0.00000000      0.84693469
    21    165      0      0.00000000      0.85804130
    21    166      0      0.00000000      0.87827925
    21    167      0      0.00000000      0.90360276
    21    168      0      0.00000000      0.88630108
    21    169      0      0.00000000      0.89743661
    21    170      0      0.00000000      0.90368392
    21    171      0      0.00000000      0.91371756
    21    172      0      0.00000000      0.95831641
    21    173      0      0.00000000      0.92324710
    21    174      0      0.00000000      0.92416408
    21    175      0      0.00000000      0.92835424
    21    176      0      0.00000000      0.93917295
    21    177      0      0.00000000      0.95126694
    21    178      0      0.00000000      1.02429107
    21    179      0      0.00000000      1.00073058
    21    180      0      0.00000000      0.99896880
    21    181      0      0.00000000      0.99665626
    21    182      0      0.00000000      0.97567554
    21    183      0      0.00000000      0.98685201
    21    184      0      0.00000000      0.98334939
    21    185      0      0.00000000      1.00568606
    21    186      0      0.00000000      1.00970760
    21    187      0      0.00000000      0.98353431
    21    188      0      0.00000000      1.00491978
    21    189      0      0.00000000      0.94990219
    21    190      0      0.00000000      0.97917319
    21    191      0      0.00000000      0.93900224
    21    192      0      0.00000000      0.92831539
    21    193      0      0.00000000      0.91162209
    21    194      0      0.00000000      0.93304681
    21    195      0      0.00000000      0.88290134
    21    196      0      0.00000000      0.88234930
    21    197      0      0.00000000      0.84531514
    21    198      0      0.00000000      0.84107163
    21    199      0      0.00000000      0.82539988
    21    200      0      0.00000000      0.79853465
    21    201      0      0.00000000      0.75048475
    21    202      0      0.00000000      0.75031479
    21    203      0      0.00000000      0.77817373
    21    204      0      0.00000000      0.70659235
    21    205      0      0.00000000      0.70592548
    21    206      0      0.00000000      0.68131239
    21    207      0      0.00000000      0.67023839
    21    208      0      0.00000000      0.69989634
    21    209      0      0.00000000      0.67837372
    21    210      0      0.00000000      0.67960162
    21    211      0      0.00000000      0.67815557
    21    212      0      0.00000000      0.68161420
    21    213      0      0.00000000      0.67294161
    21    214      0      0.00000000      0.71126880
    21    215      0      0.00000000      0.78784501
    21    216      0      0.00000000      0.80700497
    21    217      0      0.00000000      0.81485381
    21    218      0      0.00000000      0.82644051
    21    219      0      0.00000000      0.84588308
    21    220      0      0.00000000      0.83009540
    21    221      0      0.00000000      0.84953363
    21    222      0      0.00000000      0.91426052
    21    223      0      0.00000000      0.99985752
    21    224      0      0.00000000      1.01950656
    21    225      0      0.00000000      0.97985625
    21    226      0      0.00000000      0.99589671
    21    227      0      0.00000000      1.11163530
    21    228      0      0.00000000      1.17158096
    21    229      0      0.00000000      1.15762374
    21    230      0      0.00000000      1.22154843
    21    231      0      0.00000000      1.25257522
    22      0      0      0.00000000      0.64223810
    22      1      0      0.00000000      0.64223810
    22      2      0      0.00000000      0.64223810
    22      3      0      0.00000000      0.64223810
    22      4      0      0.00000000      0.65028258
    22      5      0      0.00000000      0.85477669
    22      6      0      0.00000000      0.86561916
    22      7      0      0.00000000      0.86038277
    22      8      0      0.00000000      0.85520936
    22      9      0      0.00000000      0.86384411
    22     10      0      0.00000000      1.20278018
    22     11      0      0.00000000      1.09724881
    22     12      0      0.00000000      1.01196907
    22     13      0      0.00000000      1.13722790
    22     14      0      0.00000000      1.28822124
    22     15      0      0.00000000      0.99237360
    22     16      0      0.00000000      1.29249190
    22     17      0      0.00000000      1.35415856
    22     18      0      0.00000000      1.17086932
    22     19      0      0.00000000      1.06770204
    22     20      0      0.00000000      1.15305136
    22     21      0      0.00000000      1.17741476
    22     22      0      0.00000000      1.24352040
    22     23      0      0.00000000      1.11085159
    22     24      0      0.00000000      1.09837964
    22     25      0      0.00000000      1.07865507
    22     26      0      0.00000000      1.04288885
    22     27      0      0.00000000      1.28593717
    22     28      0      0.00000000      1.09786383
    22     29      0      0.00000000      1.06039192
    22     30      0      0.00000000      1.23034451
    22     31      0      0.00000000      1.18803908
    22     32      0      0.00000000      1.26592742
    22     33      0      0.00000000      1.19697778
    22     34      0      0.00000000      1.13073953
    22     35      0      0.00000000      1.25533331
    22     36      0      0.00000000      1.30820951
    22     37      0      0.00000000      1.24110494
    22     38      0      0.00000000      1.18669350
    22     39      0      0.00000000      1.21105446
    22     40      0      0.00000000      1.17049703
    22     41      0      0.00000000      1.16998845
    22     42      0      0.00000000      1.28850149
    22     43      0      0.00000000      1.15530056
    22     44      0      0.00000000      1.18033164
    22     45      0      0.00000000      1.20785899
    22     46      0      0.00000000      1.21036443
    22     47      0      0.00000000      1.31681993
    22     48      0      0.00000000      1.03450222
    22     49      0      0.00000000      1.17804146
    22     50      0      0.00000000      1.02413739
    22     51      0      0.00000000      1.19918731
    22     52      0      0.00000000      1.26161563
    22     53      0      0.00000000      1.07298360
    22     54      0      0.00000000      0.98064382
    22     55      0      0.00000000      1.01932692
    22     56      0      0.00000000      1.16467232
    22     57      0      0.00000000      1.01083318
    22     58      0      0.00000000      1.21142813
    22     59      0      0.00000000      1.22614333
    22     60      0      0.00000000      1.29469470
    22     61      0      0.00000000      1.15052574
    22     62      0      0.00000000      1.15244518
    22     63      0      0.00000000      1.13221422
    22     64      0      0.00000000      1.14273484
    22     65      0      0.00000000      1.19113679
    22     66      0      0.00000000      1.21113676
    22     67      0      0.00000000      1.00000000
    22     68      0      0.00000000      1.00000000
    22     69      0      0.00000000      1.00000000
    22     70      0      0.00000000      1.00000000
    22     71      0      0.00000000      1.00000000
    22     72      0      0.00000000      1.00000000
    22     73      0      0.00000000      1.00000000
    22     74      0      0.00000000      1.00000000
    22     75      0      0.00000000      0.92967159
    22     76      0      0.00000000      0.90321133
    22     77      0      0.00000000      1.04617499
    22     78      0      0.00000000      1.11478550
    22     79      0      0.00000000      1.06851144
    22     80      0      0.00000000      1.09500925
    22     81      0      0.00000000      1.14395505
    22     82      0      0.00000000      1.11693784
    22     83      0      0.00000000      1.12338648
    22     84      0      0.00000000      1.09890814
    22     85      0      0.00000000      1.13170917
    22     86      0      0.00000000      1.14903927
    22     87      0      0.00000000      1.12537961
    22     88      0      0.00000000      1.13689217
    22     89      0      0.00000000      1.15385466
    22     90      0      0.00000000      1.16130537
    22     91      0      0.00000000      1.23409068
    22     92      0      0.00000000      1.16166895
    22     93      0      0.00000000      1.10688540
    22     94      0      0.00000000      1.22853784
    22     95      0      0.00000000      1.19169212
    22     96      0      0.00000000      1.17884509
    22     97      0      0.00000000      1.11476778
    22     98      0      0.00000000      1.10306684
    22     99      0      0.00000000      1.10483763
    22    100      0      0.00000000      1.06215930
    22    101      0      0.00000000      1.06252419
    22    102      0      0.00000000      1.06489285
    22    103      0      0.00000000      1.08505260
    22    104      0      0.00000000      1.16943895
    22    105      0      0.00000000      0.95470398
    22    106      0      0.00000000      0.93109055
    22    107      0      0.00000000      0.96487517
    22    108      0      0.00000000      0.93174862
    22    109      0      0.00000000      0.93148315
    22    110      0      0.00000000      0.99699904
    22    111      0      0.00000000      0.99629379
    22    112      0      0.00000000      0.97695702
    22    113      0      0.00000000      0.94117719
    22    114      0      0.00000000      0.95704269
    22    115      0      0.00000000      1.00615456
    22    116      0      0.00000000      0.95298584
    22    117      0      0.00000000      0.93718691
    22    118      0      0.00000000      0.97877997
    22    119      0      0.00000000      0.90481597
    22    120      0      0.00000000      0.88314257
    22    121      0      0.00000000      0.92912746
    22    122      0      0.00000000      0.87553745
    22    123      0      0.00000000      0.89292777
    22    124      0      0.00000000      0.94275084
    22    125      0      0.00000000      0.96098250
    22    126      0      0.00000000      0.92790813
    22    127      0      0.00000000      0.92727202
    22    128      0      0.00000000      0.81970833
    22    129      0      0.00000000      0.83093417
    22    130      0      0.00000000      0.85166993
    22    131      0      0.00000000      0.88750959
    22    132      0      0.00000000      0.85260980
    22    133      0      0.00000000      0.86980183
    22    134      0      0.00000000      0.94572374
    22    135      0      0.00000000      1.01104931
    22    136      0      0.00000000      0.94944197
    22    137      0      0.00000000      0.89622672
    22    138      0      0.00000000      0.88452456
    22    139      0      0.00000000      0.88811525
    22    140      0      0.00000000      0.85039315
    22    141      0      0.00000000      0.82643437
    22    142      0      0.00000000      0.84391073
    22    143      0      0.00000000      1.00000000
    22    144      0      0.00000000      1.00000000
    22    145      0      0.00000000      1.00000000
    22    146      0      0.00000000      1.00000000
    22    147      0      0.00000000      1.00000000
    22    148      0      0.00000000      1.00000000
    22    149      0      0.00000000      1.00000000
    22    150      0      0.00000000      1.00000000
    22    151      0      0.00000000      0.88030756
    22    152      0      0.00000000      0.84152218
    22    153      0      0.00000000      0.90056191
    22    154      0      0.00000000      0.90757548
    22    155      0      0.00000000      0.93742705
    22    156      0      0.00000000      0.89290452
    22    157      0      0.00000000      0.89560425
    22    158      0      0.00000000      0.89799944
    22    159      0      0.00000000      0.92083205
    22    160      0      0.00000000      0.92777276
    22    161      0      0.00000000      0.95479057
    22    162      0      0.00000000      0.95474930
    22    163      0      0.00000000      0.97538298
    22    164      0      0.00000000      0.93449942
    22    165      0      0.00000000      1.01696184
    22    166      0      0.00000000      1.02668775
    22    167      0      0.00000000      1.04405182
    22    168      0      0.00000000      0.99497934
    22    169      0      0.00000000      1.03144523
    22    170      0      0.00000000      1.00382580
    22    171      0      0.00000000      1.00701785
    22    172      0      0.00000000      0.93493196
    22    173      0      0.00000000      0.92426443
    22    174      0      0.00000000      0.91328210
    22    175      0      0.00000000      0.94437647
    22    176      0      0.00000000      0.93530286
    22    177      0      0.00000000      0.93186647
    22    178      0      0.00000000      0.95170259
    22    179      0      0.00000000      0.90554803
    22    180      0      0.00000000      0.88391293
    22    181      0      0.00000000      0.92700464
    22    182      0      0.00000000      0.91619324
    22    183      0      0.00000000      0.91003328
    22    184      0      0.00000000      0.90597008
    22    185      0      0.00000000      0.89397562
    22    186      0      0.00000000      0.87909933
    22    187      0      0.00000000      0.88148982
    22    188      0      0.00000000      0.84587342
    22    189      0      0.00000000      0.87591601
    22    190      0      0.00000000      0.82290171
    22    191      0      0.00000000      0.79808620
    22    192      0      0.00000000      0.78306618
    22    193      0      0.00000000      0.79794840
    22    194      0      0.00000000      0.79053177
    22    195      0      0.00000000      0.82671248
    22    196      0      0.00000000      0.80426592
    22    197      0      0.00000000      0.84718186
    22    198      0      0.00000000      0.81318564
    22    199      0      0.00000000      0.80188673
    22    200      0      0.00000000      0.81539699
    22    201      0      0.00000000      0.80674360
    22    202      0      0.00000000      0.78556024
    22    203      0      0.00000000      0.79972178
    22    204      0      0.00000000      0.74358322
    22    205      0      0.00000000      0.81341301
    22    206      0      0.00000000      0.74103385
    22    207      0      0.00000000      0.78057507
    22    208      0      0.00000000      0.77471913
    22    209      0      0.00000000      0.82388008
    22    210      0      0.00000000      0.79623214
    22    211      0      0.00000000      0.87547156
    22    212      0      0.00000000      0.91897173
    22    213      0      0.00000000      0.98286450
    22    214      0      0.00000000      1.01954276
    22    215      0      0.00000000      1.12225026
    22    216      0      0.00000000      1.20768377
    22    217      0      0.00000000      1.18345605
    23      0      0      0.00000000      1.13664378
    23      1      0      0.00000000      1.13664378
    23      2      0      0.00000000      1.13664378
    23      3      0      0.00000000      1.25897725
    23      4      0      0.00000000      1.12007044
    23      5      0      0.00000000      1.01574790
    23      6      0      0.00000000      0.95134333
    23      7      0      0.00000000      0.93567798
    23      8      0      0.00000000      1.09683251
    23      9      0      0.00000000      1.09683251
    23     10      0      0.00000000      1.31133254
    23     11      0      0.00000000      1.34267580
    23     12      0      0.00000000      1.10176560
    23     13      0      0.00000000      1.35275386
    23     14      0      0.00000000      0.92940013
    23     15      0      0.00000000      1.52157108
    23     16      0      0.00000000      1.04985004
    23     17      0      0.00000000      1.12803975
    23     18      0      0.00000000      1.01236763
    23     19      0      0.00000000      1.23132893
    23     20      0      0.00000000      1.16506003
    23     21      0      0.00000000      1.56940994
    23     22      0      0.00000000      1.09305967
    23     23      0      0.00000000      1.18170988
    23     24      0      0.00000000      1.18656698
    23     25      0      0.00000000      1.32280943
    23     26      0      0.00000000      1.07636755
    23     27      0      0.00000000      1.33683121
    23     28      0      0.00000000      1.20024496
    23     29      0      0.00000000      0.82824032
    23     30      0      0.00000000      0.96661127
    23     31      0      0.00000000      1.26978262
    23     32      0      0.00000000      1.35699789
    23     33      0      0.00000000      1.19508453
    23     34      0      0.00000000      1.33249594
    23     35      0      0.00000000      1.16400475
    23     36      0      0.00000000      1.25112914
    23     37      0      0.00000000      1.16843626
    23     38      0      0.00000000      1.09141558
    23     39      0      0.00000000      1.24686471
    23     40      0      0.00000000      1.07411203
    23     41      0      0.00000000      1.14472948
    23     42      0      0.00000000      1.00078727
    23     43      0      0.00000000      1.11820866
    23     44      0      0.00000000      1.38054400
    23     45      0      0.00000000      1.12540160
    23     46      0      0.00000000      1.10397067
    23     47      0      0.00000000      1.05168962
    23     48      0      0.00000000      1.20607581
    23     49      0      0.00000000      1.17195737
    23     50      0      0.00000000      1.07116862
    23     51      0      0.00000000      1.24406820
    23     52      0      0.00000000      1.44495238
    23     53      0      0.00000000      1.37759615
    23     54      0      0.00000000      1.16400018
    23     55      0      0.00000000      1.20232253
    23     56      0      0.00000000      1.18777147
    23     57      0      0.00000000      1.13840008
    23     58      0      0.00000000      1.23498611
    23     59      0      0.00000000      1.00000000
    23     60      0      0.00000000      1.00000000
    23     61      0      0.00000000      1.00000000
    23     62      0      0.00000000      1.00000000
    23     63      0      0.00000000      1.00000000
    23     64      0      0.00000000      1.00000000
    23     65      0      0.00000000      1.00000000
    23     66      0      0.00000000      1.00000000
    23     67      0      0.00000000      1.00000000
    23     68      0      0.00000000      1.07769622
    23     69      0      0.00000000      1.21585743
    23     70      0      0.00000000      1.11753630
    23     71      0      0.00000000      1.13187498
    23     72      0      0.00000000      1.09569077
    23     73      0      0.00000000      1.10947823
    23     74      0      0.00000000      1.18184936
    23     75      0      0.00000000      1.23143616
    23     76      0      0.00000000      1.14853879
    23     77      0      0.00000000      1.20929694
    23     78      0      0.00000000      1.17569951
    23     79      0      0.00000000      1.23925502
    23     80      0      0.00000000      1.25542467
    23     81      0      0.00000000      1.30677996
    23     82      0      0.00000000      1.20333328
    23     83      0      0.00000000      1.19177415
    23     84      0      0.00000000      1.16029249
    23     85      0      0.00000000      1.20760705
    23     86      0      0.00000000      1.06452968
    23     87      0      0.00000000      1.09596207
    23     88      0      0.00000000      1.16628779
    23     89      0      0.00000000      1.10134727
    23     90      0      0.00000000      1.06589410
    23     91      0      0.00000000      1.09245908
    23     92      0      0.00000000      1.12971772
    23     93      0      0.00000000      1.18901751
    23     94      0      0.00000000      1.15487396
    23     95      0      0.00000000      1.12697543
    23     96      0      0.00000000      1.11590545
    23     97      0      0.00000000      1.09291264
    23     98      0      0.00000000      1.05319120
    23     99      0      0.00000000      1.04764865
    23    100      0      0.00000000      1.04722584
    23    101      0      0.00000000      1.06184857
    23    102      0      0.00000000      1.04440990
    23    103      0      0.00000000      1.03829544
    23    104      0      0.00000000      1.04792123
    23    105      0      0.00000000      1.16056437
    23    106      0      0.00000000      0.97824647
    23    107      0      0.00000000      1.03965814
    23    108      0      0.00000000      0.96554586
    23    109      0      0.00000000      0.97112197
    23    110      0      0.00000000      1.09562650
    23    111      0      0.00000000      1.05426464
    23    112      0      0.00000000      1.05376203
    23    113      0      0.00000000      1.05326368
    23    114      0      0.00000000      0.98041565
    23    115      0      0.00000000      1.10029978
    23    116      0      0.00000000      1.16214542
    23    117      0      0.00000000      1.02372893
    23    118      0      0.00000000      1.02069224
    23    119      0      0.00000000      0.89071814
    23    120      0      0.00000000      0.89160046
    23    121      0      0.00000000      0.90536577
    23    122      0      0.00000000      0.87404970
    23    123      0      0.00000000      0.87297724
    23    124      0      0.00000000      0.92582800
    23    125      0      0.00000000      1.00856622
    23    126      0      0.00000000      0.96527705
    23    127      0      0.00000000      0.98347358
    23    128      0      0.00000000      0.89111639
    23    129      0      0.00000000      0.89735086
    23    130      0      0.00000000      0.90562303
    23    131      0      0.00000000      0.89576522
    23    132      0      0.00000000      0.89278496
    23    133      0      0.00000000      0.89339342
    23    134      0      0.00000000      0.94968486
    23    135      0      0.00000000      0.97885258
    23    136      0      0.00000000      0.90512620
    23    137      0      0.00000000      0.75478344
    23    138      0      0.00000000      0.74520631
    23    139      0      0.00000000      0.74526756
    23    140      0      0.00000000      0.79823743
    23    141      0      0.00000000      0.86850509
    23    142      0      0.00000000      1.00000000
    23    143      0      0.00000000      1.00000000
    23    144      0      0.00000000      1.00000000
    23    145      0      0.00000000      1.00000000
    23    146      0      0.00000000      1.00000000
    23    147      0      0.00000000      1.00000000
    23    148      0      0.00000000      1.00000000
    23    149      0      0.00000000      1.00000000
    23    150      0      0.00000000      1.00000000
    23    151      0      0.00000000      0.89649871
    23    152      0      0.00000000      0.81100613
    23    153      0      0.00000000      0.79105211
    23    154      0      0.00000000      0.82775090
    23    155      0      0.00000000      0.82936658
    23    156      0      0.00000000      0.82335414
    23    157      0      0.00000000      0.84593392
    23    158      0      0.00000000      0.85802115
    23    159      0      0.00000000      0.86744293
    23    160      0      0.00000000      0.89624735
    23    161      0      0.00000000      0.94417747
    23    162      0      0.00000000      0.99812183
    23    163      0      0.00000000      1.05019263
    23    164      0      0.00000000      1.03261425
    23    165      0      0.00000000      1.10291695
    23    166      0      0.00000000      1.11267764
    23    167      0      0.00000000      0.93443743
    23    168      0      0.00000000      0.91611538
    23    169      0      0.00000000      0.96989160
    23    170      0      0.00000000      0.99977430
    23    171      0      0.00000000      0.96323990
    23    172      0      0.00000000      0.96886801
    23    173      0      0.00000000      0.97950881
    23    174      0      0.00000000      0.96330228
    23    175      0      0.00000000      0.95632227
    23    176      0      0.00000000      0.96395811
    23    177      0      0.00000000      0.99587244
    23    178      0      0.00000000      0.97219389
    23    179      0      0.00000000      0.98017271
    23    180      0      0.00000000      0.94149829
    23    181      0      0.00000000      0.93632612
    23    182      0      0.00000000      0.94295049
    23    183      0      0.00000000      0.93543484
    23    184      0      0.00000000      0.91838221
    23    185      0      0.00000000      0.89914476
    23    186      0      0.00000000      0.91452390
    23    187      0      0.00000000      0.90398021
    23    188      0      0.00000000      0.89810621
    23    189      0      0.00000000      0.89485906
    23    190      0      0.00000000      0.88419108
    23    191      0      0.00000000      0.86421511
    23    192      0      0.00000000      0.85696938
    23    193      0      0.00000000      0.84618590
    23    194      0      0.00000000      0.82268098
    23    195      0      0.00000000      0.85909805
    23    196      0      0.00000000      0.83225837
    23    197      0      0.00000000      0.82460679
    23    198      0      0.00000000      0.79930735
    23    199      0      0.00000000      0.78556495
    23    200      0      0.00000000      0.84130197
    23    201      0      0.00000000      0.79884910
    23    202      0      0.00000000      0.74113283
    23    203      0      0.00000000      0.73974087
    23    204      0      0.00000000      0.72363166
    23    205      0      0.00000000      0.69054477
    23    206      0      0.00000000      0.64383528
    23    207      0      0.00000000      0.69528858
    23    208      0      0.00000000      0.78628815
    23    209      0      0.00000000      0.96471572
    24      0      0      0.00000000      1.15831776
    24      1      0      0.00000000      1.15831776
    24      2      0      0.00000000      1.15831776
    24      3      0      0.00000000      1.15831776
    24      4      0      0.00000000      1.15831776
    24      5      0      0.00000000      1.15831776
    24      6      0      0.00000000      1.15831776
    24      7      0      0.00000000      1.07587490
    24      8      0      0.00000000      1.01756826
    24      9      0      0.00000000      1.09845334
    24     10      0      0.00000000      1.19330771
    24     11      0      0.00000000      1.00264233
    24     12      0      0.00000000      0.96226951
    24     13      0      0.00000000      0.93770235
    24     14      0      0.00000000      1.20538107
    24     15      0      0.00000000      1.14498188
    24     16      0      0.00000000      1.16473380
    24     17      0      0.00000000      1.27456527
    24     18      0      0.00000000      1.02256679
    24     19      0      0.00000000      1.08044319
    24     20      0      0.00000000      1.15816477
    24     21      0      0.00000000      1.18021206
    24     22      0      0.00000000      1.18508350
    24     23      0      0.00000000      1.20312282
    24     24      0      0.00000000      1.20312282
    24     25      0      0.00000000      1.22195680
    24     26      0      0.00000000      1.27365351
    24     27      0      0.00000000      1.15361548
    24     28      0      0.00000000      1.20980259
    24     29      0      0.00000000      1.17717442
    24     30      0      0.00000000      1.05615046
    24     31      0      0.00000000      1.15162405
    24     32      0      0.00000000      1.16418305
    24     33      0      0.00000000      1.29424459
    24     34      0      0.00000000      1.12136442
    24     35      0      0.00000000      1.08503593
    24     36      0      0.00000000      1.11186897
    24     37      0      0.00000000      1.18811419
    24     38      0      0.00000000      1.21858050
    24     39      0      0.00000000      1.17146024
    24     40      0      0.00000000      1.12914846
    24     41      0      0.00000000      1.02462185
    24     42      0      0.00000000      1.07046784
    24     43      0      0.00000000      1.16196862
    24     44      0      0.00000000      1.07902204
    24     45      0      0.00000000      1.35223088
    24     46      0      0.00000000      1.24551301
    24     47      0      0.00000000      1.32519117
    24     48      0      0.00000000      1.37442247
    24     49      0      0.00000000      1.18093567
    24     50      0      0.00000000      1.32785736
    24     51      0      0.00000000      1.17754148
    24     52      0      0.00000000      1.26842645
    24     53      0      0.00000000      1.00000000
    24     54      0      0.00000000      1.00000000
    24     55      0      0.00000000      1.00000000
    24     56      0      0.00000000      1.00000000
    24     57      0      0.00000000      1.00000000
    24     58      0      0.00000000      1.00000000
    24     59      0      0.00000000      1.00000000
    24     60      0      0.00000000      1.00000000
    24     61      0      0.00000000      1.00000000
    24     62      0      0.00000000      1.11803222
    24     63      0      0.00000000      1.02418985
    24     64      0      0.00000000      1.12049933
    24     65      0      0.00000000      1.12506716
    24     66      0      0.00000000      1.19966272
    24     67      0      0.00000000      1.21479715
    24     68      0      0.00000000      1.25426207
    24     69      0      0.00000000      1.34605977
    24     70      0      0.00000000      1.24280903
    24     71      0      0.00000000      1.24984356
    24     72      0      0.00000000      1.33172369
    24     73      0      0.00000000      1.25020756
    24     74      0      0.00000000      1.27358556
    24     75      0      0.00000000      1.22319732
    24     76      0      0.00000000      1.28274710
    24     77      0      0.00000000      1.19823603
    24     78      0      0.00000000      1.26459080
    24     79      0      0.00000000      1.23673817
    24     80      0      0.00000000      1.26071816
    24     81      0      0.00000000      1.16452889
    24     82      0      0.00000000      1.20131235
    24     83      0      0.00000000      1.20867290
    24     84      0      0.00000000      1.30011493
    24     85      0      0.00000000      1.21486521
    24     86      0      0.00000000      1.20969990
    24     87      0      0.00000000      1.20255490
    24     88      0      0.00000000      1.22113644
    24     89      0      0.00000000      1.12962741
    24     90      0      0.00000000      1.13600266
    24     91      0      0.00000000      1.07503972
    24     92      0      0.00000000      1.16267768
    24     93      0      0.00000000      1.05669361
    24     94      0      0.00000000      1.14205977
    24     95      0      0.00000000      1.08357096
    24     96      0      0.00000000      1.18931525
    24     97      0      0.00000000      1.20493355
    24     98      0      0.00000000      1.23306818
    24     99      0      0.00000000      1.22615174
    24    100      0      0.00000000      1.20653978
    24    101      0      0.00000000      1.12130109
    24    102      0      0.00000000      1.18295889
    24    103      0      0.00000000      1.01668388
    24    104      0      0.00000000      1.04965892
    24    105      0      0.00000000      1.03428051
    24    106      0      0.00000000      1.04087687
    24    107      0      0.00000000      1.08874051
    24    108      0      0.00000000      1.14963129
    24    109      0      0.00000000      1.21730553
    24    110      0      0.00000000      1.38665300
    24    111      0      0.00000000      1.18412916
    24    112      0      0.00000000      1.22987753
    24    113      0      0.00000000      1.02805510
    24    114      0      0.00000000      1.05165863
    24    115      0      0.00000000      1.02801943
    24    116      0      0.00000000      0.96727014
    24    117      0      0.00000000      1.01159444
    24    118      0      0.00000000      1.02746912
    24    119      0      0.00000000      0.98057646
    24    120      0      0.00000000      0.96732959
    24    121      0      0.00000000      0.88970761
    24    122      0      0.00000000      0.88356878
    24    123      0      0.00000000      0.92197026
    24    124      0      0.00000000      0.87627466
    24    125      0      0.00000000      0.84654365
    24    126      0      0.00000000      0.90423169
    24    127      0      0.00000000      0.94305600
    24    128      0      0.00000000      0.94896626
    24    129      0      0.00000000      0.90623813
    24    130      0      0.00000000      0.82374262
    24    131      0      0.00000000      0.81808074
    24    132      0      0.00000000      0.80358818
    24    133      0      0.00000000      0.79142779
    24    134      0      0.00000000      0.75326657
    24    135      0      0.00000000      0.78023800
    24    136      0      0.00000000      0.90461222
    24    137      0      0.00000000      0.90973148
    24    138      0      0.00000000      0.81201273
    24    139      0      0.00000000      0.72378022
    24    140      0      0.00000000      0.80707011
    24    141      0      0.00000000      0.79314226
    24    142      0      0.00000000      0.76868073
    24    143      0      0.00000000      0.86845594
    24    144      0      0.00000000      1.00000000
    24    145      0      0.00000000      1.00000000
    24    146      0      0.00000000      1.00000000
    24    147      0      0.00000000      1.00000000
    24    148      0      0.00000000      1.00000000
    24    149      0      0.00000000      1.00000000
    24    150      0      0.00000000      1.00000000
    24    151      0      0.00000000      1.00000000
    24    152      0      0.00000000      1.00000000
    24    153      0      0.00000000      0.93440837
    24    154      0      0.00000000      0.90078384
    24    155      0      0.00000000      0.92627368
    24    156      0      0.00000000      0.91256022
    24    157      0      0.00000000      0.92532439
    24    158      0      0.00000000      0.94973948
    24    159      0      0.00000000      0.92519079
    24    160      0      0.00000000      0.90829229
    24    161      0      0.00000000      0.96223106
    24    162      0      0.00000000      0.95340095
    24    163      0      0.00000000      0.93026206
    24    164      0      0.00000000      0.91261417
    24    165      0      0.00000000      0.93916964
    24    166      0      0.00000000      0.89589766
    24    167      0      0.00000000      1.01309308
    24    168      0      0.00000000      1.02156454
    24    169      0      0.00000000      1.00577549
    24    170      0      0.00000000      1.00950596
    24    171      0      0.00000000      1.02010944
    24    172      0      0.00000000      1.01934555
    24    173      0      0.00000000      1.04750498
    24    174      0      0.00000000      1.04254328
    24    175      0      0.00000000      1.04136603
    24    176      0      0.00000000      1.01770420
    24    177      0      0.00000000      1.07603221
    24    178      0      0.00000000      1.09180109
    24    179      0      0.00000000      1.04236049
    24    180      0      0.00000000      1.06262360
    24    181      0      0.00000000      1.01667422
    24    182      0      0.00000000      1.02092834
    24    183      0      0.00000000      0.98207308
    24    184      0      0.00000000      1.02396668
    24    185      0      0.00000000      0.97221882
    24    186      0      0.00000000      0.97980804
    24    187      0      0.00000000      0.97809177
    24    188      0      0.00000000      0.91329366
    24    189      0      0.00000000      0.91644978
    24    190      0      0.00000000      0.90776436
    24    191      0      0.00000000      0.88385691
    24    192      0      0.00000000      0.85780155
    24    193      0      0.00000000      0.81452396
    24    194      0      0.00000000      0.76632153
    24    195      0      0.00000000      0.72959433
    24    196      0      0.00000000      0.78914190
    24    197      0      0.00000000      0.83547284
    24    198      0      0.00000000      0.79649260
    24    199      0      0.00000000      0.77304084
    24    200      0      0.00000000      0.76252385
    24    201      0      0.00000000      0.78380083
    24    202      0      0.00000000      0.77544494
    24    203      0      0.00000000      0.86337976
    24    204      0      0.00000000      1.03822975
    24    205      0      0.00000000      1.14926005
    25      0      0      0.00000000      1.20708085
    25      1      0      0.00000000      1.20708085
    25      2      0      0.00000000      1.11312174
    25      3      0      0.00000000      1.00718809
    25      4      0      0.00000000      0.87768334
    25      5      0      0.00000000      1.06203235
    25      6      0      0.00000000      1.14647462
    25      7      0      0.00000000      1.01542267
    25      8      0      0.00000000      1.04049217
    25      9      0      0.00000000      1.08448769
    25     10      0      0.00000000      1.08448769
    25     11      0      0.00000000      1.15251144
    25     12      0      0.00000000      1.09120931
    25     13      0      0.00000000      1.26554909
    25     14      0      0.00000000      1.30068223
    25     15      0      0.00000000      1.14430256
    25     16      0      0.00000000      1.12264868
    25     17      0      0.00000000      1.13957044
    25     18      0      0.00000000      1.13957044
    25     19      0      0.00000000      1.21305624
    25     20      0      0.00000000      1.27837367
    25     21      0      0.00000000      1.27551506
    25     22      0      0.00000000      1.21516640
    25     23      0      0.00000000      1.26476265
    25     24      0      0.00000000      1.24472249
    25     25      0      0.00000000      1.20613467
    25     26      0      0.00000000      1.17426121
    25     27      0      0.00000000      1.17335054
    25     28      0      0.00000000      1.05494320
    25     29      0      0.00000000      1.07486331
    25     30      0      0.00000000      1.02617069
    25     31      0      0.00000000      1.13521353
    25     32      0      0.00000000      1.41569322
    25     33      0      0.00000000      1.46223478
    25     34      0      0.00000000      1.15309010
    25     35      0      0.00000000      1.19896737
    25     36      0      0.00000000      1.10016847
    25     37      0      0.00000000      1.19140095
    25     38      0      0.00000000      1.03204893
    25     39      0      0.00000000      1.33398631
    25     40      0      0.00000000      1.28503816
    25     41      0      0.00000000      1.40203126
    25     42      0      0.00000000      1.26866481
    25     43      0      0.00000000      1.27453994
    25     44      0      0.00000000      1.26349943
    25     45      0      0.00000000      1.18319344
    25     46      0      0.00000000      1.30469078
    25     47      0      0.00000000      1.23570874
    25     48      0      0.00000000      1.00000000
    25     49      0      0.00000000      1.00000000
    25     50      0      0.00000000      1.00000000
    25     51      0      0.00000000      1.00000000
    25     52      0      0.00000000      1.00000000
    25     53      0      0.00000000      1.00000000
    25     54      0      0.00000000      1.00000000
    25     55      0      0.00000000      1.00000000
    25     56      0      0.00000000      1.01432652
    25     57      0      0.00000000      1.02135422
    25     58      0      0.00000000      0.96923905
    25     59      0      0.00000000      0.97225036
    25     60      0      0.00000000      1.05185971
    25     61      0      0.00000000      0.98593136
    25     62      0      0.00000000      0.96870140
    25     63      0      0.00000000      1.23607124
    25     64      0      0.00000000      1.18608707
    25     65      0      0.00000000      1.17298840
    25     66      0      0.00000000      1.19588622
    25     67      0      0.00000000      1.09470545
    25     68      0      0.00000000      1.19166290
    25     69      0      0.00000000      1.14391090
    25     70      0      0.00000000      1.17446104
    25     71      0      0.00000000      1.23024263
    25     72      0      0.00000000      1.13551510
    25     73      0      0.00000000      1.15407698
    25     74      0      0.00000000      1.22327251
    25     75      0      0.00000000      1.21439210
    25     76      0      0.00000000      1.21043574
    25     77      0      0.00000000      1.17451705
    25     78      0      0.00000000      1.17389865
    25     79      0      0.00000000      1.20258594
    25     80      0      0.00000000      1.10398146
    25     81      0      0.00000000      1.05030756
    25     82      0      0.00000000      1.07185373
    25     83      0      0.00000000      1.01030796
    25     84      0      0.00000000      1.08269813
    25     85      0      0.00000000      1.11277352
    25     86      0      0.00000000      1.17066895
    25     87      0      0.00000000      1.15176401
    25     88      0      0.00000000      1.18569005
    25     89      0      0.00000000      1.17890898
    25     90      0      0.00000000      1.19650877
    25     91      0      0.00000000      1.20226724
    25     92      0      0.00000000      1.09380877
    25     93      0      0.00000000      1.12210894
    25     94      0      0.00000000      1.14661149
    25     95      0      0.00000000      1.12718643
    25     96      0      0.00000000      1.09547588
    25     97      0      0.00000000      1.04918062
    25     98      0      0.00000000      1.11768063
    25     99      0      0.00000000      1.16431913
    25    100      0      0.00000000      1.22072399
    25    101      0      0.00000000      1.15477607
    25    102      0      0.00000000      1.17536395
    25    103      0      0.00000000      1.09137962
    25    104      0      0.00000000      1.07832850
    25    105      0      0.00000000      1.07191492
    25    106      0      0.00000000      1.05430223
    25    107      0      0.00000000      1.04969444
    25    108      0      0.00000000      1.12105042
    25    109      0      0.00000000      1.03209503
    25    110      0      0.00000000      1.15878935
    25    111      0      0.00000000      0.97938542
    25    112      0      0.00000000      0.98847202
    25    113      0      0.00000000      0.99661836
    25    114      0      0.00000000      0.97053837
    25    115      0      0.00000000      1.01353166
    25    116      0      0.00000000      1.03727271
    25    117      0      0.00000000      1.01290782
    25    118      0      0.00000000      1.02282014
    25    119      0      0.00000000      0.99795713
    25    120      0      0.00000000      1.08811455
    25    121      0      0.00000000      1.02317398
    25    122      0      0.00000000      0.99651682
    25    123      0      0.00000000      0.87791343
    25    124      0      0.00000000      0.87444145
    25    125      0      0.00000000      0.87020139
    25    126      0      0.00000000      0.85990331
    25    127      0      0.00000000      0.84418128
    25    128      0      0.00000000      0.84597849
    25    129      0      0.00000000      0.93238794
    25    130      0      0.00000000      0.99757742
    25    131      0      0.00000000      0.86261907
    25    132      0      0.00000000      0.84162173
    25    133      0      0.00000000      0.84748194
    25    134      0      0.00000000      0.87135694
    25    135      0      0.00000000      0.85583486
    25    136      0      0.00000000      0.85425653
    25    137      0      0.00000000      0.85563153
    25    138      0      0.00000000      0.98239275
    25    139      0      0.00000000      0.98763434
    25    140      0      0.00000000      0.87013285
    25    141      0      0.00000000      0.79910006
    25    142      0      0.00000000      0.86825834
    25    143      0      0.00000000      0.83396142
    25    144      0      0.00000000      0.86648172
    25    145      0      0.00000000      0.89104890
    25    146      0      0.00000000      1.00000000
    25    147      0      0.00000000      1.00000000
    25    148      0      0.00000000      1.00000000
    25    149      0      0.00000000      1.00000000
    25    150      0      0.00000000      1.00000000
    25    151      0      0.00000000      1.00000000
    25    152      0      0.00000000      1.00000000
    25    153      0      0.00000000      1.00000000
    25    154      0      0.00000000      0.89132690
    25    155      0      0.00000000      0.80372669
    25    156      0      0.00000000      0.87373204
    25    157      0      0.00000000      0.93123077
    25    158      0      0.00000000      0.97681122
    25    159      0      0.00000000      0.97679581
    25    160      0      0.00000000      1.01040994
    25    161      0      0.00000000      1.05392005
    25    162      0      0.00000000      1.02931855
    25    163      0      0.00000000      1.02376543
    25    164      0      0.00000000      1.05268257
    25    165      0      0.00000000      1.07813633
    25    166      0      0.00000000      1.06875833
    25    167      0      0.00000000      1.07604631
    25    168      0      0.00000000      1.12454071
    25    169      0      0.00000000      1.08826695
    25    170      0      0.00000000      1.09496492
    25    171      0      0.00000000      1.05950379
    25    172      0      0.00000000      1.09033905
    25    173      0      0.00000000      1.12039726
    25    174      0      0.00000000      1.11367138
    25    175      0      0.00000000      1.09947329
    25    176      0      0.00000000      1.10618695
    25    177      0      0.00000000      1.12255936
    25    178      0      0.00000000      1.12522279
    25    179      0      0.00000000      1.16224229
    25    180      0      0.00000000      1.16175748
    25    181      0      0.00000000      1.15902878
    25    182      0      0.00000000      1.16110364
    25    183      0      0.00000000      1.13700097
    25    184      0      0.00000000      1.11456519
    25    185      0      0.00000000      1.10983063
    25    186      0      0.00000000      1.12523896
    25    187      0      0.00000000      1.07756318
    25    188      0      0.00000000      1.08029846
    25    189      0      0.00000000      1.05423252
    25    190      0      0.00000000      1.03085269
    25    191      0      0.00000000      0.98683093
    25    192      0      0.00000000      0.99122241
    25    193      0      0.00000000      0.97397297
    25    194      0      0.00000000      0.94376606
    25    195      0      0.00000000      0.90429167
    25    196      0      0.00000000      0.84467423
    25    197      0      0.00000000      0.81290781
    25    198      0      0.00000000      0.85294360
    25    199      0      0.00000000      0.87724944
    25    200      0      0.00000000      1.01972113
    25    201      0      0.00000000      1.19638819
    26      0      0      0.00000000      1.16134260
    26      1      0      0.00000000      0.96208845
    26      2      0      0.00000000      0.96058049
    26      3      0      0.00000000      1.16167073
    26      4      0      0.00000000      1.31053054
    26      5      0      0.00000000      1.50842172
    26      6      0      0.00000000      1.34996413
    26      7      0      0.00000000      1.05536208
    26      8      0      0.00000000      1.05044562
    26      9      0      0.00000000      1.09789644
    26     10      0      0.00000000      1.12487849
    26     11      0      0.00000000      1.29844421
    26     12      0      0.00000000      1.38758496
    26     13      0      0.00000000      1.41188918
    26     14      0      0.00000000      1.43688573
    26     15      0      0.00000000      1.17208855
    26     16      0      0.00000000      1.27253316
    26     17      0      0.00000000      1.23701884
    26     18      0      0.00000000      1.25978606
    26     19      0      0.00000000      1.12850570
    26     20      0      0.00000000      1.17275465
    26     21      0      0.00000000      1.24144397
    26     22      0      0.00000000      1.34579330
    26     23      0      0.00000000      1.11929839
    26     24      0      0.00000000      1.07620415
    26     25      0      0.00000000      1.02198544
    26     26      0      0.00000000      1.19412092
    26     27      0      0.00000000      1.35003199
    26     28      0      0.00000000      1.48906473
    26     29      0      0.00000000      1.28091986
    26     30      0      0.00000000      1.32509663
    26     31      0      0.00000000      1.35854458
    26     32      0      0.00000000      1.28696476
    26     33      0      0.00000000      1.21118961
    26     34      0      0.00000000      1.23311364
    26     35      0      0.00000000      1.57842652
    26     36      0      0.00000000      1.28770812
    26     37      0      0.00000000      1.34409597
    26     38      0      0.00000000      1.19333675
    26     39      0      0.00000000      1.28737553
    26     40      0      0.00000000      1.10062079
    26     41      0      0.00000000      1.14326578
    26     42      0      0.00000000      1.19957236
    26     43      0      0.00000000      1.00000000
    26     44      0      0.00000000      1.00000000
    26     45      0      0.00000000      1.00000000
    26     46      0      0.00000000      1.00000000
    26     47      0      0.00000000      1.00000000
    26     48      0      0.00000000      1.00000000
    26     49      0      0.00000000      1.00000000
    26     50      0      0.00000000      1.00000000
    26     51      0      0.00000000      1.27509217
    26     52      0      0.00000000      1.10603082
    26     53      0      0.00000000      1.24271816
    26     54      0      0.00000000      1.08686863
    26     55      0      0.00000000      1.17540922
    26     56      0      0.00000000      1.15204606
    26     57      0      0.00000000      1.37962681
    26     58      0      0.00000000      1.13501892
    26     59      0      0.00000000      1.21921133
    26     60      0      0.00000000      1.12048392
    26     61      0      0.00000000      1.31555066
    26     62      0      0.00000000      1.03038749
    26     63      0      0.00000000      1.84511543
    26     64      0      0.00000000      1.68704355
    26     65      0      0.00000000      1.55762711
    26     66      0      0.00000000      0.96181529
    26     67      0      0.00000000      1.46067563
    26     68      0      0.00000000      1.06477893
    26     69      0      0.00000000      1.32790319
    26     70      0      0.00000000      1.20185928
    26     71      0      0.00000000      1.31866374
    26     72      0      0.00000000      1.13779689
    26     73      0      0.00000000      1.23050990
    26     74      0      0.00000000      1.08576436
    26     75      0      0.00000000      1.10278670
    26     76      0      0.00000000      1.12280504
    26     77      0      0.00000000      1.16164355
    26     78      0      0.00000000      1.14633003
    26     79      0      0.00000000      1.97818095
    26     80      0      0.00000000      1.19328881
    26     81      0      0.00000000      1.28509385
    26     82      0      0.00000000      1.23190676
    26     83      0      0.00000000      1.20481434
    26     84      0      0.00000000      1.21377696
    26     85      0      0.00000000      1.15128086
    26     86      0      0.00000000      1.17772073
    26     87      0      0.00000000      1.22305072
    26     88      0      0.00000000      1.14687417
    26     89      0      0.00000000      1.16696459
    26     90      0      0.00000000      1.07337028
    26     91      0      0.00000000      1.11132521
    26     92      0      0.00000000      1.13051496
    26     93      0      0.00000000      1.14226108
    26     94      0      0.00000000      1.10701434
    26     95      0      0.00000000      1.22850919
    26     96      0      0.00000000      1.10015756
    26     97      0      0.00000000      1.12134126
    26     98      0      0.00000000      1.11371758
    26     99      0      0.00000000      1.21888200
    26    100      0      0.00000000      1.09592480
    26    101      0      0.00000000      1.02389607
    26    102      0      0.00000000      1.07156628
    26    103      0      0.00000000      1.11367048
    26    104      0      0.00000000      1.15192992
    26    105      0      0.00000000      1.23525698
    26    106      0      0.00000000      1.12695987
    26    107      0      0.00000000      1.06310765
    26    108      0      0.00000000      1.06542899
    26    109      0      0.00000000      0.99294441
    26    110      0      0.00000000      1.05226140
    26    111      0      0.00000000      1.04291653
    26    112      0      0.00000000      1.02311668
    26    113      0      0.00000000      1.10615704
    26    114      0      0.00000000      1.25287666
    26    115      0      0.00000000      0.97123949
    26    116      0      0.00000000      0.97464438
    26    117      0      0.00000000      0.93459652
    26    118      0      0.00000000      1.03640368
    26    119      0      0.00000000      1.01588400
    26    120      0      0.00000000      1.02432943
    26    121      0      0.00000000      1.00665084
    26    122      0      0.00000000      1.05304501
    26    123      0      0.00000000      1.06212113
    26    124      0      0.00000000      1.03679737
    26    125      0      0.00000000      0.96439427
    26    126      0      0.00000000      0.91465704
    26    127      0      0.00000000      0.91023801
    26    128      0      0.00000000      0.95217511
    26    129      0      0.00000000      0.93833904
    26    130      0      0.00000000      0.93042321
    26    131      0      0.00000000      0.90410532
    26    132      0      0.00000000      1.05311936
    26    133      0      0.00000000      0.98975947
    26    134      0      0.00000000      0.94199226
    26    135      0      0.00000000      0.90422097
    26    136      0      0.00000000      0.91433141
    26    137      0      0.00000000      0.91092543
    26    138      0      0.00000000      0.92589330
    26    139      0      0.00000000      0.89218021
    26    140      0      0.00000000      0.96607600
    26    141      0      0.00000000      1.01108100
    26    142      0      0.00000000      1.05380457
    26    143      0      0.00000000      0.87210435
    26    144      0      0.00000000      0.80183320
    26    145      0      0.00000000      0.82980749
    26    146      0      0.00000000      0.81397186
    26    147      0      0.00000000      0.84666347
    26    148      0      0.00000000      0.92873707
    26    149      0      0.00000000      1.00000000
    26    150      0      0.00000000      1.00000000
    26    151      0      0.00000000      1.00000000
    26    152      0      0.00000000      1.00000000
    26    153      0      0.00000000      1.00000000
    26    154      0      0.00000000      1.00000000
    26    155      0      0.00000000      1.00000000
    26    156      0      0.00000000      1.00000000
    26    157      0      0.00000000      0.99119672
    26    158      0      0.00000000      0.94897046
    26    159      0      0.00000000      0.89394551
    26    160      0      0.00000000      0.91292807
    26    161      0      0.00000000      0.90632613
    26    162      0      0.00000000      0.92125384
    26    163      0      0.00000000      0.91898386
    26    164      0      0.00000000      0.96135119
    26    165      0      0.00000000      0.96266527
    26    166      0      0.00000000      1.01450364
    26    167      0      0.00000000      1.00718475
    26    168      0      0.00000000      1.02974718
    26    169      0      0.00000000      1.03490467
    26    170      0      0.00000000      1.05323343
    26    171      0      0.00000000      1.04667385
    26    172      0      0.00000000      1.08709982
    26    173      0      0.00000000      1.04603729
    26    174      0      0.00000000      1.06810918
    26    175      0      0.00000000      1.10887748
    26    176      0      0.00000000      1.11415503
    26    177      0      0.00000000      1.12047658
    26    178      0      0.00000000      1.11959986
    26    179      0      0.00000000      1.09891898
    26    180      0      0.00000000      1.11854198
    26    181      0      0.00000000      1.10702986
    26    182      0      0.00000000      0.92918092
    26    183      0      0.00000000      1.16407107
    26    184      0      0.00000000      1.13158358
    26    185      0      0.00000000      1.16849515
    26    186      0      0.00000000      1.10473241
    26    187      0      0.00000000      1.10214855
    26    188      0      0.00000000      1.11249226
    26    189      0      0.00000000      1.08214839
    26    190      0      0.00000000      1.11033988
    26    191      0      0.00000000      1.06859840
    26    192      0      0.00000000      1.03316606
    26    193      0      0.00000000      0.97120846
    26    194      0      0.00000000      0.97004546
    26    195      0      0.00000000      0.89511084
    26    196      0      0.00000000      0.93819889
    26    197      0      0.00000000      0.95225783
    26    198      0      0.00000000      0.98242522
    26    199      0      0.00000000      1.08747893
    27      0      0      0.00000000      1.28950520
    27      1      0      0.00000000      0.97406883
    27      2      0      0.00000000      1.07727801
    27      3      0      0.00000000      1.10262427
    27      4      0      0.00000000      1.18370109
    27      5      0      0.00000000      1.07928008
    27      6      0      0.00000000      1.08774795
    27      7      0      0.00000000      1.79421784
    27      8      0      0.00000000      0.96400902
    27      9      0      0.00000000      1.28221397
    27     10      0      0.00000000      1.30907068
    27     11      0      0.00000000      1.43138220
    27     12      0      0.00000000      1.23790404
    27     13      0      0.00000000      0.98516177
    27     14      0      0.00000000      1.50025654
    27     15      0      0.00000000      1.27849670
    27     16      0      0.00000000      1.19604561
    27     17      0      0.00000000      1.31729494
    27     18      0      0.00000000      1.11290094
    27     19      0      0.00000000      1.24982310
    27     20      0      0.00000000      1.52772050
    27     21      0      0.00000000      1.22129922
    27     22      0      0.00000000      1.22773750
    27     23      0      0.00000000      1.26236549
    27     24      0      0.00000000      1.24555637
    27     25      0      0.00000000      1.15402058
    27     26      0      0.00000000      1.38428240
    27     27      0      0.00000000      1.24328280
    27     28      0      0.00000000      1.15857495
    27     29      0      0.00000000      1.33131381
    27     30      0      0.00000000      1.46242846
    27     31      0      0.00000000      1.36281039
    27     32      0      0.00000000      1.23653360
    27     33      0      0.00000000      1.30083092
    27     34      0      0.00000000      1.18662770
    27     35      0      0.00000000      1.53207562
    27     36      0      0.00000000      0.86670428
    27     37      0      0.00000000      1.00000000
    27     38      0      0.00000000      1.00000000
    27     39      0      0.00000000      1.00000000
    27     40      0      0.00000000      1.00000000
    27     41      0      0.00000000      1.00000000
    27     42      0      0.00000000      1.00000000
    27     43      0      0.00000000      1.00000000
    27     44      0      0.00000000      1.00000000
    27     45      0      0.00000000      1.00000000
    27     46      0      0.00000000      0.92074316
    27     47      0      0.00000000      1.29274198
    27     48      0      0.00000000      1.13699410
    27     49      0      0.00000000      1.17051015
    27     50      0      0.00000000      1.10539740
    27     51      0      0.00000000      1.24290095
    27     52      0      0.00000000      1.16936341
    27     53      0      0.00000000      1.33620060
    27     54      0      0.00000000      1.13792887
    27     55      0      0.00000000      1.23839255
    27     56      0      0.00000000      1.19663234
    27     57      0      0.00000000      1.29675927
    27     58      0      0.00000000      1.22887236
    27     59      0      0.00000000      1.38724540
    27     60      0      0.00000000      1.24226586
    27     61      0      0.00000000      1.28156782
    27     62      0      0.00000000      1.22566741
    27     63      0      0.00000000      1.34655307
    27     64      0      0.00000000      1.23484533
    27     65      0      0.00000000      1.25761884
    27     66      0      0.00000000      0.99040536
    27     67      0      0.00000000      1.30985703
    27     68      0      0.00000000      1.12418651
    27     69      0      0.00000000      1.34147483
    27     70      0      0.00000000      1.02550509
    27     71      0      0.00000000      1.43868059
    27     72      0      0.00000000      1.02304895
    27     73      0      0.00000000      1.50523243
    27     74      0      0.00000000      1.25664914
    27     75      0      0.00000000      1.19870776
    27     76      0      0.00000000      1.18611330
    27     77      0      0.00000000      1.13934527
    27     78      0      0.00000000      1.20567877
    27     79      0      0.00000000      1.20776110
    27     80      0      0.00000000      1.17134497
    27     81      0      0.00000000      1.21370409
    27     82      0      0.00000000      1.15926197
    27     83      0      0.00000000      1.25832206
    27     84      0      0.00000000      1.27572083
    27     85      0      0.00000000      1.24287372
    27     86      0      0.00000000      1.24402403
    27     87      0      0.00000000      1.22407070
    27     88      0      0.00000000      1.15972046
    27     89      0      0.00000000      1.18395680
    27     90      0      0.00000000      1.16800938
    27     91      0      0.00000000      1.23087165
    27     92      0      0.00000000      1.13609690
    27     93      0      0.00000000      1.19063187
    27     94      0      0.00000000      1.16960184
    27     95      0      0.00000000      1.23473007
    27     96      0      0.00000000      1.18191442
    27     97      0      0.00000000      1.18641045
    27     98      0      0.00000000      1.07379196
    27     99      0      0.00000000      1.07196287
    27    100      0      0.00000000      1.05284047
    27    101      0      0.00000000      1.09547452
    27    102      0      0.00000000      1.01473472
    27    103      0      0.00000000      1.06906389
    27    104      0      0.00000000      1.03146400
    27    105      0      0.00000000      1.10078025
    27    106      0      0.00000000      1.08286540
    27    107      0      0.00000000      1.13419681
    27    108      0      0.00000000      1.07164640
    27    109      0      0.00000000      1.04188741
    27    110      0      0.00000000      0.99903608
    27    111      0      0.00000000      1.03334968
    27    112      0      0.00000000      0.99709424
    27    113      0      0.00000000      1.07096629
    27    114      0      0.00000000      0.99972690
    27    115      0      0.00000000      1.13453479
    27    116      0      0.00000000      1.18686699
    27    117      0      0.00000000      1.00411292
    27    118      0      0.00000000      0.99112309
    27    119      0      0.00000000      0.97192935
    27    120      0      0.00000000      1.08474411
    27    121      0      0.00000000      1.05314032
    27    122      0      0.00000000      1.02716005
    27    123      0      0.00000000      1.02779895
    27    124      0      0.00000000      0.98779831
    27    125      0      0.00000000      1.09200041
    27    126      0      0.00000000      1.03117870
    27    127      0      0.00000000      0.99825315
    27    128      0      0.00000000      0.94493685
    27    129      0      0.00000000      0.97777431
    27    130      0      0.00000000      0.93589798
    27    131      0      0.00000000      0.93463987
    27    132      0      0.00000000      0.89970056
    27    133      0      0.00000000      0.92658299
    27    134      0      0.00000000      1.04279265
    27    135      0      0.00000000      1.03003135
    27    136      0      0.00000000      0.91671514
    27    137      0      0.00000000      0.88582736
    27    138      0      0.00000000      0.85874886
    27    139      0      0.00000000      0.95288443
    27    140      0      0.00000000      0.89342919
    27    141      0      0.00000000      0.94548266
    27    142      0      0.00000000      0.94930684
    27    143      0      0.00000000      1.04627207
    27    144      0      0.00000000      0.97337887
    27    145      0      0.00000000      0.85237760
    27    146      0      0.00000000      0.80455197
    27    147      0      0.00000000      0.89063832
    27    148      0      0.00000000      0.72934617
    27    149      0      0.00000000      0.84331894
    27    150      0      0.00000000      1.00000000
    27    151      0      0.00000000      1.00000000
    27    152      0      0.00000000      1.00000000
    27    153      0      0.00000000      1.00000000
    27    154      0      0.00000000      1.00000000
    27    155      0      0.00000000      1.00000000
    27    156      0      0.00000000      1.00000000
    27    157      0      0.00000000      1.00000000
    27    158      0      0.00000000      1.00000000
    27    159      0      0.00000000      0.96332938
    27    160      0      0.00000000      0.92553537
    27    161      0      0.00000000      0.97234474
    27    162      0      0.00000000      0.94528987
    27    163      0      0.00000000      0.98417533
    27    164      0      0.00000000      0.94754450
    27    165      0      0.00000000      1.00275307
    27    166      0      0.00000000      0.94682333
    27    167      0      0.00000000      1.02776584
    27    168      0      0.00000000      1.00259863
    27    169      0      0.00000000      1.09315720
    27    170      0      0.00000000      1.02942687
    27    171      0      0.00000000      1.09741274
    27    172      0      0.00000000      1.03444255
    27    173      0      0.00000000      1.09612386
    27    174      0      0.00000000      1.04251297
    27    175      0      0.00000000      1.08565359
    27    176      0      0.00000000      1.03432955
    27    177      0      0.00000000      1.01757016
    27    178      0      0.00000000      0.96058524
    27    179      0      0.00000000      1.01026574
    27    180      0      0.00000000      0.96010680
    27    181      0      0.00000000      0.99445921
    27    182      0      0.00000000      0.95756134
    27    183      0      0.00000000      1.04183622
    27    184      0      0.00000000      0.99391617
    27    185      0      0.00000000      0.98821191
    27    186      0      0.00000000      0.97091188
    27    187      0      0.00000000      0.96585230
    27    188      0      0.00000000      0.91393080
    27    189      0      0.00000000      0.88470307
    27    190      0      0.00000000      0.84723416
    27    191      0      0.00000000      0.86080236
    27    192      0      0.00000000      0.77974768
    27    193      0      0.00000000      0.75296671
    27    194      0      0.00000000      0.75445406
    27    195      0      0.00000000      0.97289674
    28      0      0      0.00000000      1.06356413
    28      1      0      0.00000000      1.20034437
    28      2      0      0.00000000      1.16733895
    28      3      0      0.00000000      1.16251489
    28      4      0      0.00000000      1.16936337
    28      5      0      0.00000000      1.10549508
    28      6      0      0.00000000      1.12955618
    28      7      0      0.00000000      1.23887587
    28      8      0      0.00000000      1.28227301
    28      9      0      0.00000000      1.24160841
    28     10      0      0.00000000      1.24160841
    28     11      0      0.00000000      1.24160841
    28     12      0      0.00000000      1.20764724
    28     13      0      0.00000000      1.30112802
    28     14      0      0.00000000      1.04584431
    28     15      0      0.00000000      1.35669568
    28     16      0      0.00000000      1.35188508
    28     17      0      0.00000000      1.31622942
    28     18      0      0.00000000      1.20948654
    28     19      0      0.00000000      1.16944024
    28     20      0      0.00000000      1.24634768
    28     21      0      0.00000000      1.13543223
    28     22      0      0.00000000      1.09406296
    28     23      0      0.00000000      1.25252566
    28     24      0      0.00000000      1.00000000
    28     25      0      0.00000000      1.00000000
    28     26      0      0.00000000      1.00000000
    28     27      0      0.00000000      1.00000000
    28     28      0      0.00000000      1.00000000
    28     29      0      0.00000000      1.00000000
    28     30      0      0.00000000      1.00000000
    28     31      0      0.00000000      1.00000000
    28     32      0      0.00000000      1.00000000
    28     33      0      0.00000000      1.21203432
    28     34      0      0.00000000      1.25444336
    28     35      0      0.00000000      1.02099751
    28     36      0      0.00000000      1.28359732
    28     37      0      0.00000000      1.28974341
    28     38      0      0.00000000      1.10335656
    28     39      0      0.00000000      1.27428932
    28     40      0      0.00000000      1.18584488
    28     41      0      0.00000000      1.16442331
    28     42      0      0.00000000      1.12063605
    28     43      0      0.00000000      1.10439863
    28     44      0      0.00000000      1.19699278
    28     45      0      0.00000000      1.12238662
    28     46      0      0.00000000      1.10521648
    28     47      0      0.00000000      1.12936053
    28     48      0      0.00000000      1.16551804
    28     49      0      0.00000000      1.18994157
    28     50      0      0.00000000      1.27815568
    28     51      0      0.00000000      1.15517491
    28     52      0      0.00000000      1.22261275
    28     53      0      0.00000000      1.23606736
    28     54      0      0.00000000      1.20514164
    28     55      0      0.00000000      1.25407967
    28     56      0      0.00000000      1.24431639
    28     57      0      0.00000000      1.26682733
    28     58      0      0.00000000      1.32998064
    28     59      0      0.00000000      1.23695392
    28     60      0      0.00000000      1.18540902
    28     61      0      0.00000000      1.24068779
    28     62      0      0.00000000      1.21262330
    28     63      0      0.00000000      1.21606890
    28     64      0      0.00000000      1.19621070
    28     65      0      0.00000000      1.25387780
    28     66      0      0.00000000      1.28862765
    28     67      0      0.00000000      1.32027564
    28     68      0      0.00000000      1.25650009
    28     69      0      0.00000000      1.29488260
    28     70      0      0.00000000      1.29251813
    28     71      0      0.00000000      1.26239764
    28     72      0      0.00000000      1.17952768
    28     73      0      0.00000000      1.22859016
    28     74      0      0.00000000      1.08074502
    28     75      0      0.00000000      1.08780532
    28     76      0      0.00000000      1.20883426
    28     77      0      0.00000000      1.09464811
    28     78      0      0.00000000      1.13489085
    28     79      0      0.00000000      1.21192042
    28     80      0      0.00000000      1.27614298
    28     81      0      0.00000000      1.24754585
    28     82      0      0.00000000      1.17886579
    28     83      0      0.00000000      1.15711081
    28     84      0      0.00000000      1.10729679
    28     85      0      0.00000000      1.12392054
    28     86      0      0.00000000      1.12211367
    28     87      0      0.00000000      1.13805174
    28     88      0      0.00000000      1.13536244
    28     89      0      0.00000000      1.07245151
    28     90      0      0.00000000      1.11810286
    28     91      0      0.00000000      1.16148130
    28     92      0      0.00000000      1.09544012
    28     93      0      0.00000000      1.10851010
    28     94      0      0.00000000      1.01624654
    28     95      0      0.00000000      0.97421413
    28     96      0      0.00000000      0.99107895
    28     97      0      0.00000000      1.02169581
    28     98      0      0.00000000      1.01167051
    28     99      0      0.00000000      1.02204821
    28    100      0      0.00000000      1.05479838
    28    101      0      0.00000000      1.11306082
    28    102      0      0.00000000      1.15649689
    28    103      0      0.00000000      1.15100578
    28    104      0      0.00000000      1.09313761
    28    105      0      0.00000000      1.11925305
    28    106      0      0.00000000      1.14116114
    28    107      0      0.00000000      1.10260873
    28    108      0      0.00000000      1.12340295
    28    109      0      0.00000000      1.16766340
    28    110      0      0.00000000      1.15174746
    28    111      0      0.00000000      1.24113010
    28    112      0      0.00000000      1.30300292
    28    113      0      0.00000000      1.01702993
    28    114      0      0.00000000      1.26613647
    28    115      0      0.00000000      1.02630009
    28    116      0      0.00000000      1.03438954
    28    117      0      0.00000000      0.99531328
    28    118      0      0.00000000      0.96118018
    28    119      0      0.00000000      0.97974355
    28    120      0      0.00000000      1.01919950
    28    121      0      0.00000000      1.01487459
    28    122      0      0.00000000      0.97939401
    28    123      0      0.00000000      0.99427263
    28    124      0      0.00000000      0.98162953
    28    125      0      0.00000000      0.96184074
    28    126      0      0.00000000      1.02534795
    28    127      0      0.00000000      1.04228638
    28    128      0      0.00000000      1.01297830
    28    129      0      0.00000000      1.13138963
    28    130      0      0.00000000      1.11407644
    28    131      0      0.00000000      0.98379225
    28    132      0      0.00000000      0.94405242
    28    133      0      0.00000000      0.93978558
    28    134      0      0.00000000      0.99569558
    28    135      0      0.00000000      0.96792527
    28    136      0      0.00000000      1.00289387
    28    137      0      0.00000000      1.08157646
    28    138      0      0.00000000      1.16202367
    28    139      0      0.00000000      0.98601693
    28    140      0      0.00000000      0.90493563
    28    141      0      0.00000000      0.95245452
    28    142      0      0.00000000      0.96181914
    28    143      0      0.00000000      0.90330293
    28    144      0      0.00000000      1.04832516
    28    145      0      0.00000000      1.00000000
    28    146      0      0.00000000      1.00000000
    28    147      0      0.00000000      1.00000000
    28    148      0      0.00000000      1.00000000
    28    149      0      0.00000000      1.00000000
    28    150      0      0.00000000      1.00000000
    28    151      0      0.00000000      1.00000000
    28    152      0      0.00000000      1.00000000
    28    153      0      0.00000000      1.00000000
    28    154      0      0.00000000      0.89627976
    28    155      0      0.00000000      0.92580163
    28    156      0      0.00000000      0.94647330
    28    157      0      0.00000000      1.00188211
    28    158      0      0.00000000      1.04099755
    28    159      0      0.00000000      1.05305700
    28    160      0      0.00000000      1.10952898
    28    161      0      0.00000000      1.16593229
    28    162      0      0.00000000      1.17791387
    28    163      0      0.00000000      1.16870147
    28    164      0      0.00000000      1.19538435
    28    165      0      0.00000000      1.20790070
    28    166      0      0.00000000      1.15647493
    28    167      0      0.00000000      1.17305126
    28    168      0      0.00000000      1.19403144
    28    169      0      0.00000000      1.16955180
    28    170      0      0.00000000      1.19875194
    28    171      0      0.00000000      1.15400494
    28    172      0      0.00000000      1.18394956
    28    173      0      0.00000000      1.09297040
    28    174      0      0.00000000      1.07599387
    28    175      0      0.00000000      1.10313602
    28    176      0      0.00000000      1.06824645
    28    177      0      0.00000000      1.09828748
    29      0      0      0.00000000      1.00000000
    29      1      0      0.00000000      1.00000000
    29      2      0      0.00000000      1.00000000
    29      3      0      0.00000000      1.00000000
    29      4      0      0.00000000      1.00000000
    29      5      0      0.00000000      0.94602248
    29      6      0      0.00000000      1.16213814
    29      7      0      0.00000000      1.20950133
    29      8      0      0.00000000      0.93426181
    29      9      0      0.00000000      0.89362971
    29     10      0      0.00000000      1.11460311
    29     11      0      0.00000000      1.19437927
    29     12      0      0.00000000      1.19532796
    29     13      0      0.00000000      0.95340271
    29     14      0      0.00000000      1.14861925
    29     15      0      0.00000000      1.22016558
    29     16      0      0.00000000      1.10858187
    29     17      0      0.00000000      1.12641398
    29     18      0      0.00000000      1.16902866
    29     19      0      0.00000000      1.20924352
    29     20      0      0.00000000      1.33837407
    29     21      0      0.00000000      1.42486000
    29     22      0      0.00000000      1.24019753
    29     23      0      0.00000000      1.31303313
    29     24      0      0.00000000      1.26811870
    29     25      0      0.00000000      1.23393332
    29     26      0      0.00000000      1.19988625
    29     27      0      0.00000000      1.27115680
    29     28      0      0.00000000      1.18080856
    29     29      0      0.00000000      1.27069428
    29     30      0      0.00000000      1.23331856
    29     31      0      0.00000000      1.18756955
    29     32      0      0.00000000      1.28300983
    29     33      0      0.00000000      1.30640817
    29     34      0      0.00000000      1.25284618
    29     35      0      0.00000000      1.20619833
    29     36      0      0.00000000      1.24292380
    29     37      0      0.00000000      1.29751462
    29     38      0      0.00000000      1.20359686
    29     39      0      0.00000000      1.22908642
    29     40      0      0.00000000      1.05836709
    29     41      0      0.00000000      1.14017781
    29     42      0      0.00000000      1.13589914
    29     43      0      0.00000000      1.22669249
    29     44      0      0.00000000      1.10628150
    29     45      0      0.00000000      1.14728560
    29     46      0      0.00000000      1.25544729
    29     47      0      0.00000000      1.27568547
    29     48      0      0.00000000      1.07004568
    29     49      0      0.00000000      1.35283214
    29     50      0      0.00000000      1.35779793
    29     51      0      0.00000000      1.31476783
    29     52      0      0.00000000      1.18465331
    29     53      0      0.00000000      1.15692712
    29     54      0      0.00000000      1.20424736
    29     55      0      0.00000000      1.15332521
    29     56      0      0.00000000      1.14343765
    29     57      0      0.00000000      1.15190145
    29     58      0      0.00000000      1.12601034
    29     59      0      0.00000000      1.14708179
    29     60      0      0.00000000      1.13941019
    29     61      0      0.00000000      1.19991861
    29     62      0      0.00000000      1.14461769
    29     63      0      0.00000000      1.12697539
    29     64      0      0.00000000      1.10094000
    29     65      0      0.00000000      1.09362791
    29     66      0      0.00000000      1.06361924
    29     67      0      0.00000000      1.09160199
    29     68      0      0.00000000      1.03439207
    29     69      0      0.00000000      1.00432842
    29     70      0      0.00000000      1.00343671
    29     71      0      0.00000000      1.03312218
    29     72      0      0.00000000      1.01725042
    29     73      0      0.00000000      1.04804380
    29     74      0      0.00000000      1.04403607
    29     75      0      0.00000000      1.02167256
    29     76      0      0.00000000      1.01830191
    29     77      0      0.00000000      1.05127923
    29     78      0      0.00000000      1.00807480
    29     79      0      0.00000000      1.05164547
    29     80      0      0.00000000      1.07566588
    29     81      0      0.00000000      1.15674340
    29     82      0      0.00000000      1.12047730
    29     83      0      0.00000000      1.20660621
    29     84      0      0.00000000      1.06865371
    29     85      0      0.00000000      1.09324215
    29     86      0      0.00000000      1.02562619
    29     87      0      0.00000000      1.01657920
    29     88      0      0.00000000      0.97175322
    29     89      0      0.00000000      1.00485668
    29     90      0      0.00000000      0.98988668
    29     91      0      0.00000000      1.17247366
    29     92      0      0.00000000      1.27860656
    29     93      0      0.00000000      0.97716074
    29     94      0      0.00000000      1.13619477
    29     95      0      0.00000000      1.03192441
    29     96      0      0.00000000      0.97026383
    29     97      0      0.00000000      1.10297095
    29     98      0      0.00000000      1.04175947
    29     99      0      0.00000000      1.09659061
    29    100      0      0.00000000      1.14907354
    29    101      0      0.00000000      1.20384573
    29    102      0      0.00000000      1.04811058
    29    103      0      0.00000000      1.09119907
    29    104      0      0.00000000      1.03905243
    29    105      0      0.00000000      1.03204749
    29    106      0      0.00000000      1.02302778
    29    107      0      0.00000000      1.05506360
    29    108      0      0.00000000      1.05553633
    29    109      0      0.00000000      1.22820265
    29    110      0      0.00000000      1.09672261
    29    111      0      0.00000000      1.03161152
    29    112      0      0.00000000      0.96460939
    29    113      0      0.00000000      0.95403619
    29    114      0      0.00000000      0.94027559
    29    115      0      0.00000000      0.91410041
    29    116      0      0.00000000      0.95637143
    29    117      0      0.00000000      1.09225507
    29    118      0      0.00000000      1.10079263
    29    119      0      0.00000000      0.94700705
    29    120      0      0.00000000      0.84501565
    29    121      0      0.00000000      1.03673649
    29    122      0      0.00000000      0.84449364
    29    123      0      0.00000000      1.04162047
    29    124      0      0.00000000      1.09387233
    29    125      0      0.00000000      1.00000000
    29    126      0      0.00000000      1.00000000
    29    127      0      0.00000000      1.00000000
    29    128      0      0.00000000      1.00000000
    29    129      0      0.00000000      1.00000000
    30      0      0      0.00000000      1.21476935
    30      1      0      0.00000000      1.26017710
    30      2      0      0.00000000      1.25277518
    30      3      0      0.00000000      1.24235735
    30      4      0      0.00000000      1.14397865
    30      5      0      0.00000000      1.29585948
    30      6      0      0.00000000      1.27041626
    30      7      0      0.00000000      1.16249082
    30      8      0      0.00000000      1.25324115
    30      9      0      0.00000000      1.20555528
    30     10      0      0.00000000      1.30385987
    30     11      0      0.00000000      1.24389921
    30     12      0      0.00000000      1.14856009
    30     13      0      0.00000000      1.23427655
    30     14      0      0.00000000      1.13822399
    30     15      0      0.00000000      1.36527171
    30     16      0      0.00000000      1.32828675
    30     17      0      0.00000000      1.33029144
    30     18      0      0.00000000      1.16430625
    30     19      0      0.00000000      1.29609969
    30     20      0      0.00000000      1.22360370
    30     21      0      0.00000000      1.27173205
    30     22      0      0.00000000      1.15238883
    30     23      0      0.00000000      1.12872491
    30     24      0      0.00000000      1.13847344
    30     25      0      0.00000000      1.13125772
    30     26      0      0.00000000      1.22957446
    30     27      0      0.00000000      1.15519845
    30     28      0      0.00000000      1.14695993
    30     29      0      0.00000000      1.29667881
    30     30      0      0.00000000      1.21524941
    30     31      0      0.00000000      1.23844086
    30     32      0      0.00000000      1.31316811
    30     33      0      0.00000000      1.27575431
    30     34      0      0.00000000      1.34151695
    30     35      0      0.00000000      1.19415863
    30     36      0      0.00000000      1.20762806
    30     37      0      0.00000000      1.22199497
    30     38      0      0.00000000      1.11563457
    30     39      0      0.00000000      1.18440397
    30     40      0      0.00000000      1.22919681
    30     41      0      0.00000000      0.98207911
    30     42      0      0.00000000      1.03112755
    30     43      0      0.00000000      0.99623020
    30     44      0      0.00000000      1.00155622
    30     45      0      0.00000000      1.36089743
    30     46      0      0.00000000      1.21450495
    30     47      0      0.00000000      1.04804151
    30     48      0      0.00000000      1.13807899
    30     49      0      0.00000000      1.07360863
    30     50      0      0.00000000      1.11305887
    30     51      0      0.00000000      1.09175361
    30     52      0      0.00000000      1.11319485
    30     53      0      0.00000000      1.18693368
    30     54      0      0.00000000      1.19692459
    30     55      0      0.00000000      1.22967079
    30     56      0      0.00000000      1.12777297
    30     57      0      0.00000000      1.09353951
    30     58      0      0.00000000      1.04280374
    30     59      0      0.00000000      1.02062958
    30     60      0      0.00000000      1.02183633
    30     61      0      0.00000000      1.09941482
    30     62      0      0.00000000      1.07053112
    30     63      0      0.00000000      1.07759015
    30     64      0      0.00000000      1.11437882
    30     65      0      0.00000000      1.12907420
    30     66      0      0.00000000      1.14166846
    30     67      0      0.00000000      1.16069020
    30     68      0      0.00000000      1.09642960
    30     69      0      0.00000000      1.08018005
    30     70      0      0.00000000      1.09054428
    30     71      0      0.00000000      1.07700155
    30     72      0      0.00000000      1.02160571
    30     73      0      0.00000000      1.03529630
    30     74      0      0.00000000      1.07451238
    30     75      0      0.00000000      1.15151353
    30     76      0      0.00000000      1.10451069
    30     77      0      0.00000000      1.13948448
    30     78      0      0.00000000      1.03625881
    30     79      0      0.00000000      1.07334733
    30     80      0      0.00000000      1.05793782
    30     81      0      0.00000000      1.04484463
    30     82      0      0.00000000      1.05474315
    30     83      0      0.00000000      1.13759733
    30     84      0      0.00000000      1.16244357
    30     85      0      0.00000000      1.01374565
    30     86      0      0.00000000      0.98572206
    30     87      0      0.00000000      0.98827362
    30     88      0      0.00000000      1.10305102
    30     89      0      0.00000000      1.09618175
    30     90      0      0.00000000      1.05038526
    30     91      0      0.00000000      1.01967865
    30     92      0      0.00000000      0.99078841
    30     93      0      0.00000000      1.08393962
    30     94      0      0.00000000      1.09642497
    30     95      0      0.00000000      0.92023700
    30     96      0      0.00000000      0.90726613
    30     97      0      0.00000000      0.90680063
    30     98      0      0.00000000      0.89848273
    30     99      0      0.00000000      0.90939303
    30    100      0      0.00000000      0.86126570
    30    101      0      0.00000000      0.98803229
    30    102      0      0.00000000      1.08448737
    30    103      0      0.00000000      0.96659394
    30    104      0      0.00000000      0.89687200
    30    105      0      0.00000000      0.88444263
    30    106      0      0.00000000      0.95118483
    30    107      0      0.00000000      1.02197767
    31      0      0      0.00000000      1.22462223
    31      1      0      0.00000000      1.24325391
    31      2      0      0.00000000      1.28649506
    31      3      0      0.00000000      1.23659778
    31      4      0      0.00000000      1.29192400
    31      5      0      0.00000000      1.16583541
    31      6      0      0.00000000      1.24119867
    31      7      0      0.00000000      1.16229533
    31      8      0      0.00000000      1.12898132
    31      9      0      0.00000000      1.15827424
    31     10      0      0.00000000      1.11910919
    31     11      0      0.00000000      1.17241983
    31     12      0      0.00000000      1.25723797
    31     13      0      0.00000000      1.23976191
    31     14      0      0.00000000      1.22798801
    31     15      0      0.00000000      1.24631384
    31     16      0      0.00000000      1.24569355
    31     17      0      0.00000000      1.19935740
    31     18      0      0.00000000      1.24296098
    31     19      0      0.00000000      1.16145754
    31     20      0      0.00000000      1.17534771
    31     21      0      0.00000000      1.20911248
    31     22      0      0.00000000      1.20348588
    31     23      0      0.00000000      1.09973946
    31     24      0      0.00000000      1.19089538
    31     25      0      0.00000000      1.16812156
    31     26      0      0.00000000      1.26064546
    31     27      0      0.00000000      1.28232308
    31     28      0      0.00000000      1.27723021
    31     29      0      0.00000000      1.24334743
    31     30      0      0.00000000      1.14692523
    31     31      0      0.00000000      1.16273332
    31     32      0      0.00000000      1.19347675
    31     33      0      0.00000000      1.12161097
    31     34      0      0.00000000      1.18302520
    31     35      0      0.00000000      1.15919119
    31     36      0      0.00000000      1.17863784
    31     37      0      0.00000000      0.99231053
    31     38      0      0.00000000      0.90536945
    31     39      0      0.00000000      1.02378769
    31     40      0      0.00000000      1.03020622
    31     41      0      0.00000000      1.23225966
    31     42      0      0.00000000      1.19527326
    31     43      0      0.00000000      1.15403502
    31     44      0      0.00000000      1.18774023
    31     45      0      0.00000000      1.16050423
    31     46      0      0.00000000      1.15752995
    31     47      0      0.00000000      1.19290059
    31     48      0      0.00000000      1.17647723
    31     49      0      0.00000000      1.21605909
    31     50      0      0.00000000      1.27353783
    31     51      0      0.00000000      1.20435160
    31     52      0      0.00000000      1.19165434
    31     53      0      0.00000000      1.11845372
    31     54      0      0.00000000      1.11687969
    31     55      0      0.00000000      1.11119122
    31     56      0      0.00000000      1.10529536
    31     57      0      0.00000000      1.08351278
    31     58      0      0.00000000      1.05189584
    31     59      0      0.00000000      1.06358577
    31     60      0      0.00000000      1.10851090
    31     61      0      0.00000000      1.11330622
    31     62      0      0.00000000      0.90937672
    31     63      0      0.00000000      0.90168495
    31     64      0      0.00000000      1.03437473
    31     65      0      0.00000000      1.01065771
    31     66      0      0.00000000      1.03516390
    31     67      0      0.00000000      1.01007018
    31     68      0      0.00000000      1.04374583
    31     69      0      0.00000000      1.06487949
    31     70      0      0.00000000      1.13572867
    31     71      0      0.00000000      1.12190072
    31     72      0      0.00000000      1.08957266
    31     73      0      0.00000000      0.99196996
    31     74      0      0.00000000      0.97100186
    31     75      0      0.00000000      0.96803666
    31     76      0      0.00000000      0.94803905
    31     77      0      0.00000000      0.92174829
    31     78      0      0.00000000      0.97691555
    31     79      0      0.00000000      1.10452039
    31     80      0      0.00000000      0.97837580
    31     81      0      0.00000000      0.96969941
    31     82      0      0.00000000      0.89076817
    31     83      0      0.00000000      0.91626638
    31     84      0      0.00000000      0.94726362
    31     85      0      0.00000000      0.86527525
    31     86      0      0.00000000      0.89154252
    31     87      0      0.00000000      0.87427428
    31     88      0      0.00000000      0.99034849
    31     89      0      0.00000000      0.99468028
########################################
# TPC TDC : ct = (t-p0)*p1             #
########################################
0	0	1	84.00000000	80.00000000
0	1	1	84.00000000	80.00000000
0	2	1	84.00000000	80.00000000
0	3	1	84.00000000	80.00000000
0	4	1	84.00000000	80.00000000
0	5	1	84.00000000	80.00000000
0	6	1	84.00000000	80.00000000
0	7	1	84.00000000	80.00000000
0	8	1	84.00000000	80.00000000
0	9	1	84.00000000	80.00000000
0	10	1	84.00000000	80.00000000
0	11	1	84.00000000	80.00000000
0	12	1	84.00000000	80.00000000
0	13	1	84.00000000	80.00000000
0	14	1	84.00000000	80.00000000
0	15	1	84.00000000	80.00000000
0	16	1	84.00000000	80.00000000
0	17	1	84.00000000	80.00000000
0	18	1	84.00000000	80.00000000
0	19	1	84.00000000	80.00000000
0	20	1	84.00000000	80.00000000
0	21	1	84.00000000	80.00000000
0	22	1	84.00000000	80.00000000
0	23	1	84.00000000	80.00000000
0	24	1	84.00000000	80.00000000
0	25	1	84.00000000	80.00000000
0	26	1	84.00000000	80.00000000
0	27	1	84.00000000	80.00000000
0	28	1	84.00000000	80.00000000
0	29	1	84.00000000	80.00000000
0	30	1	84.00000000	80.00000000
0	31	1	84.00000000	80.00000000
0	32	1	84.00000000	80.00000000
0	33	1	84.00000000	80.00000000
0	34	1	84.00000000	80.00000000
0	35	1	84.00000000	80.00000000
0	36	1	84.00000000	80.00000000
0	37	1	84.00000000	80.00000000
0	38	1	84.00000000	80.00000000
0	39	1	84.00000000	80.00000000
0	40	1	84.00000000	80.00000000
0	41	1	84.00000000	80.00000000
0	42	1	84.00000000	80.00000000
0	43	1	84.00000000	80.00000000
0	44	1	84.00000000	80.00000000
0	45	1	84.00000000	80.00000000
0	46	1	84.00000000	80.00000000
0	47	1	84.00000000	80.00000000
1	0	1	84.00000000	80.00000000
1	1	1	84.00000000	80.00000000
1	2	1	84.00000000	80.00000000
1	3	1	84.00000000	80.00000000
1	4	1	84.00000000	80.00000000
1	5	1	84.00000000	80.00000000
1	6	1	84.00000000	80.00000000
1	7	1	84.00000000	80.00000000
1	8	1	84.00000000	80.00000000
1	9	1	84.00000000	80.00000000
1	10	1	84.00000000	80.00000000
1	11	1	84.00000000	80.00000000
1	12	1	84.00000000	80.00000000
1	13	1	84.00000000	80.00000000
1	14	1	84.00000000	80.00000000
1	15	1	84.00000000	80.00000000
1	16	1	84.00000000	80.00000000
1	17	1	84.00000000	80.00000000
1	18	1	84.00000000	80.00000000
1	19	1	84.00000000	80.00000000
1	20	1	84.00000000	80.00000000
1	21	1	84.00000000	80.00000000
1	22	1	84.00000000	80.00000000
1	23	1	84.00000000	80.00000000
1	24	1	84.00000000	80.00000000
1	25	1	84.00000000	80.00000000
1	26	1	84.00000000	80.00000000
1	27	1	84.00000000	80.00000000
1	28	1	84.00000000	80.00000000
1	29	1	84.00000000	80.00000000
1	30	1	84.00000000	80.00000000
1	31	1	84.00000000	80.00000000
1	32	1	84.00000000	80.00000000
1	33	1	84.00000000	80.00000000
1	34	1	84.00000000	80.00000000
1	35	1	84.00000000	80.00000000
1	36	1	84.00000000	80.00000000
1	37	1	84.00000000	80.00000000
1	38	1	84.00000000	80.00000000
1	39	1	84.00000000	80.00000000
1	40	1	84.00000000	80.00000000
1	41	1	84.00000000	80.00000000
1	42	1	84.00000000	80.00000000
1	43	1	84.00000000	80.00000000
1	44	1	84.00000000	80.00000000
1	45	1	84.00000000	80.00000000
1	46	1	84.00000000	80.00000000
1	47	1	84.00000000	80.00000000
2	0	1	84.00000000	80.00000000
2	1	1	84.00000000	80.00000000
2	2	1	84.00000000	80.00000000
2	3	1	84.00000000	80.00000000
2	4	1	84.00000000	80.00000000
2	5	1	84.00000000	80.00000000
2	6	1	84.00000000	80.00000000
2	7	1	84.00000000	80.00000000
2	8	1	84.00000000	80.00000000
2	9	1	84.00000000	80.00000000
2	10	1	84.00000000	80.00000000
2	11	1	84.00000000	80.00000000
2	12	1	84.00000000	80.00000000
2	13	1	84.00000000	80.00000000
2	14	1	84.00000000	80.00000000
2	15	1	84.00000000	80.00000000
2	16	1	84.00000000	80.00000000
2	17	1	84.00000000	80.00000000
2	18	1	84.00000000	80.00000000
2	19	1	84.00000000	80.00000000
2	20	1	84.00000000	80.00000000
2	21	1	84.00000000	80.00000000
2	22	1	84.00000000	80.00000000
2	23	1	84.00000000	80.00000000
2	24	1	84.00000000	80.00000000
2	25	1	84.00000000	80.00000000
2	26	1	84.00000000	80.00000000
2	27	1	84.00000000	80.00000000
2	28	1	84.00000000	80.00000000
2	29	1	84.00000000	80.00000000
2	30	1	84.00000000	80.00000000
2	31	1	84.00000000	80.00000000
2	32	1	84.00000000	80.00000000
2	33	1	84.00000000	80.00000000
2	34	1	84.00000000	80.00000000
2	35	1	84.00000000	80.00000000
2	36	1	84.00000000	80.00000000
2	37	1	84.00000000	80.00000000
2	38	1	84.00000000	80.00000000
2	39	1	84.00000000	80.00000000
2	40	1	84.00000000	80.00000000
2	41	1	84.00000000	80.00000000
2	42	1	84.00000000	80.00000000
2	43	1	84.00000000	80.00000000
2	44	1	84.00000000	80.00000000
2	45	1	84.00000000	80.00000000
2	46	1	84.00000000	80.00000000
2	47	1	84.00000000	80.00000000
2	48	1	84.00000000	80.00000000
2	49	1	84.00000000	80.00000000
2	50	1	84.00000000	80.00000000
2	51	1	84.00000000	80.00000000
2	52	1	84.00000000	80.00000000
2	53	1	84.00000000	80.00000000
2	54	1	84.00000000	80.00000000
2	55	1	84.00000000	80.00000000
2	56	1	84.00000000	80.00000000
2	57	1	84.00000000	80.00000000
2	58	1	84.00000000	80.00000000
2	59	1	84.00000000	80.00000000
2	60	1	84.00000000	80.00000000
2	61	1	84.00000000	80.00000000
2	62	1	84.00000000	80.00000000
2	63	1	84.00000000	80.00000000
2	64	1	84.00000000	80.00000000
2	65	1	84.00000000	80.00000000
2	66	1	84.00000000	80.00000000
2	67	1	84.00000000	80.00000000
2	68	1	84.00000000	80.00000000
2	69	1	84.00000000	80.00000000
2	70	1	84.00000000	80.00000000
2	71	1	84.00000000	80.00000000
3	0	1	84.00000000	80.00000000
3	1	1	84.00000000	80.00000000
3	2	1	84.00000000	80.00000000
3	3	1	84.00000000	80.00000000
3	4	1	84.00000000	80.00000000
3	5	1	84.00000000	80.00000000
3	6	1	84.00000000	80.00000000
3	7	1	84.00000000	80.00000000
3	8	1	84.00000000	80.00000000
3	9	1	84.00000000	80.00000000
3	10	1	84.00000000	80.00000000
3	11	1	84.00000000	80.00000000
3	12	1	84.00000000	80.00000000
3	13	1	84.00000000	80.00000000
3	14	1	84.00000000	80.00000000
3	15	1	84.00000000	80.00000000
3	16	1	84.00000000	80.00000000
3	17	1	84.00000000	80.00000000
3	18	1	84.00000000	80.00000000
3	19	1	84.00000000	80.00000000
3	20	1	84.00000000	80.00000000
3	21	1	84.00000000	80.00000000
3	22	1	84.00000000	80.00000000
3	23	1	84.00000000	80.00000000
3	24	1	84.00000000	80.00000000
3	25	1	84.00000000	80.00000000
3	26	1	84.00000000	80.00000000
3	27	1	84.00000000	80.00000000
3	28	1	84.00000000	80.00000000
3	29	1	84.00000000	80.00000000
3	30	1	84.00000000	80.00000000
3	31	1	84.00000000	80.00000000
3	32	1	84.00000000	80.00000000
3	33	1	84.00000000	80.00000000
3	34	1	84.00000000	80.00000000
3	35	1	84.00000000	80.00000000
3	36	1	84.00000000	80.00000000
3	37	1	84.00000000	80.00000000
3	38	1	84.00000000	80.00000000
3	39	1	84.00000000	80.00000000
3	40	1	84.00000000	80.00000000
3	41	1	84.00000000	80.00000000
3	42	1	84.00000000	80.00000000
3	43	1	84.00000000	80.00000000
3	44	1	84.00000000	80.00000000
3	45	1	84.00000000	80.00000000
3	46	1	84.00000000	80.00000000
3	47	1	84.00000000	80.00000000
3	48	1	84.00000000	80.00000000
3	49	1	84.00000000	80.00000000
3	50	1	84.00000000	80.00000000
3	51	1	84.00000000	80.00000000
3	52	1	84.00000000	80.00000000
3	53	1	84.00000000	80.00000000
3	54	1	84.00000000	80.00000000
3	55	1	84.00000000	80.00000000
3	56	1	84.00000000	80.00000000
3	57	1	84.00000000	80.00000000
3	58	1	84.00000000	80.00000000
3	59	1	84.00000000	80.00000000
3	60	1	84.00000000	80.00000000
3	61	1	84.00000000	80.00000000
3	62	1	84.00000000	80.00000000
3	63	1	84.00000000	80.00000000
3	64	1	84.00000000	80.00000000
3	65	1	84.00000000	80.00000000
3	66	1	84.00000000	80.00000000
3	67	1	84.00000000	80.00000000
3	68	1	84.00000000	80.00000000
3	69	1	84.00000000	80.00000000
3	70	1	84.00000000	80.00000000
3	71	1	84.00000000	80.00000000
3	72	1	84.00000000	80.00000000
3	73	1	84.00000000	80.00000000
3	74	1	84.00000000	80.00000000
3	75	1	84.00000000	80.00000000
3	76	1	84.00000000	80.00000000
3	77	1	84.00000000	80.00000000
3	78	1	84.00000000	80.00000000
3	79	1	84.00000000	80.00000000
3	80	1	84.00000000	80.00000000
3	81	1	84.00000000	80.00000000
3	82	1	84.00000000	80.00000000
3	83	1	84.00000000	80.00000000
3	84	1	84.00000000	80.00000000
3	85	1	84.00000000	80.00000000
3	86	1	84.00000000	80.00000000
3	87	1	84.00000000	80.00000000
3	88	1	84.00000000	80.00000000
3	89	1	84.00000000	80.00000000
3	90	1	84.00000000	80.00000000
3	91	1	84.00000000	80.00000000
3	92	1	84.00000000	80.00000000
3	93	1	84.00000000	80.00000000
3	94	1	84.00000000	80.00000000
3	95	1	84.00000000	80.00000000
4	0	1	84.00000000	80.00000000
4	1	1	84.00000000	80.00000000
4	2	1	84.00000000	80.00000000
4	3	1	84.00000000	80.00000000
4	4	1	84.00000000	80.00000000
4	5	1	84.00000000	80.00000000
4	6	1	84.00000000	80.00000000
4	7	1	84.00000000	80.00000000
4	8	1	84.00000000	80.00000000
4	9	1	84.00000000	80.00000000
4	10	1	84.00000000	80.00000000
4	11	1	84.00000000	80.00000000
4	12	1	84.00000000	80.00000000
4	13	1	84.00000000	80.00000000
4	14	1	84.00000000	80.00000000
4	15	1	84.00000000	80.00000000
4	16	1	84.00000000	80.00000000
4	17	1	84.00000000	80.00000000
4	18	1	84.00000000	80.00000000
4	19	1	84.00000000	80.00000000
4	20	1	84.00000000	80.00000000
4	21	1	84.00000000	80.00000000
4	22	1	84.00000000	80.00000000
4	23	1	84.00000000	80.00000000
4	24	1	84.00000000	80.00000000
4	25	1	84.00000000	80.00000000
4	26	1	84.00000000	80.00000000
4	27	1	84.00000000	80.00000000
4	28	1	84.00000000	80.00000000
4	29	1	84.00000000	80.00000000
4	30	1	84.00000000	80.00000000
4	31	1	84.00000000	80.00000000
4	32	1	84.00000000	80.00000000
4	33	1	84.00000000	80.00000000
4	34	1	84.00000000	80.00000000
4	35	1	84.00000000	80.00000000
4	36	1	84.00000000	80.00000000
4	37	1	84.00000000	80.00000000
4	38	1	84.00000000	80.00000000
4	39	1	84.00000000	80.00000000
4	40	1	84.00000000	80.00000000
4	41	1	84.00000000	80.00000000
4	42	1	84.00000000	80.00000000
4	43	1	84.00000000	80.00000000
4	44	1	84.00000000	80.00000000
4	45	1	84.00000000	80.00000000
4	46	1	84.00000000	80.00000000
4	47	1	84.00000000	80.00000000
4	48	1	84.00000000	80.00000000
4	49	1	84.00000000	80.00000000
4	50	1	84.00000000	80.00000000
4	51	1	84.00000000	80.00000000
4	52	1	84.00000000	80.00000000
4	53	1	84.00000000	80.00000000
4	54	1	84.00000000	80.00000000
4	55	1	84.00000000	80.00000000
4	56	1	84.00000000	80.00000000
4	57	1	84.00000000	80.00000000
4	58	1	84.00000000	80.00000000
4	59	1	84.00000000	80.00000000
4	60	1	84.00000000	80.00000000
4	61	1	84.00000000	80.00000000
4	62	1	84.00000000	80.00000000
4	63	1	84.00000000	80.00000000
4	64	1	84.00000000	80.00000000
4	65	1	84.00000000	80.00000000
4	66	1	84.00000000	80.00000000
4	67	1	84.00000000	80.00000000
4	68	1	84.00000000	80.00000000
4	69	1	84.00000000	80.00000000
4	70	1	84.00000000	80.00000000
4	71	1	84.00000000	80.00000000
4	72	1	84.00000000	80.00000000
4	73	1	84.00000000	80.00000000
4	74	1	84.00000000	80.00000000
4	75	1	84.00000000	80.00000000
4	76	1	84.00000000	80.00000000
4	77	1	84.00000000	80.00000000
4	78	1	84.00000000	80.00000000
4	79	1	84.00000000	80.00000000
4	80	1	84.00000000	80.00000000
4	81	1	84.00000000	80.00000000
4	82	1	84.00000000	80.00000000
4	83	1	84.00000000	80.00000000
4	84	1	84.00000000	80.00000000
4	85	1	84.00000000	80.00000000
4	86	1	84.00000000	80.00000000
4	87	1	84.00000000	80.00000000
4	88	1	84.00000000	80.00000000
4	89	1	84.00000000	80.00000000
4	90	1	84.00000000	80.00000000
4	91	1	84.00000000	80.00000000
4	92	1	84.00000000	80.00000000
4	93	1	84.00000000	80.00000000
4	94	1	84.00000000	80.00000000
4	95	1	84.00000000	80.00000000
4	96	1	84.00000000	80.00000000
4	97	1	84.00000000	80.00000000
4	98	1	84.00000000	80.00000000
4	99	1	84.00000000	80.00000000
4	100	1	84.00000000	80.00000000
4	101	1	84.00000000	80.00000000
4	102	1	84.00000000	80.00000000
4	103	1	84.00000000	80.00000000
4	104	1	84.00000000	80.00000000
4	105	1	84.00000000	80.00000000
4	106	1	84.00000000	80.00000000
4	107	1	84.00000000	80.00000000
4	108	1	84.00000000	80.00000000
4	109	1	84.00000000	80.00000000
4	110	1	84.00000000	80.00000000
4	111	1	84.00000000	80.00000000
4	112	1	84.00000000	80.00000000
4	113	1	84.00000000	80.00000000
4	114	1	84.00000000	80.00000000
4	115	1	84.00000000	80.00000000
4	116	1	84.00000000	80.00000000
4	117	1	84.00000000	80.00000000
4	118	1	84.00000000	80.00000000
4	119	1	84.00000000	80.00000000
5	0	1	84.00000000	80.00000000
5	1	1	84.00000000	80.00000000
5	2	1	84.00000000	80.00000000
5	3	1	84.00000000	80.00000000
5	4	1	84.00000000	80.00000000
5	5	1	84.00000000	80.00000000
5	6	1	84.00000000	80.00000000
5	7	1	84.00000000	80.00000000
5	8	1	84.00000000	80.00000000
5	9	1	84.00000000	80.00000000
5	10	1	84.00000000	80.00000000
5	11	1	84.00000000	80.00000000
5	12	1	84.00000000	80.00000000
5	13	1	84.00000000	80.00000000
5	14	1	84.00000000	80.00000000
5	15	1	84.00000000	80.00000000
5	16	1	84.00000000	80.00000000
5	17	1	84.00000000	80.00000000
5	18	1	84.00000000	80.00000000
5	19	1	84.00000000	80.00000000
5	20	1	84.00000000	80.00000000
5	21	1	84.00000000	80.00000000
5	22	1	84.00000000	80.00000000
5	23	1	84.00000000	80.00000000
5	24	1	84.00000000	80.00000000
5	25	1	84.00000000	80.00000000
5	26	1	84.00000000	80.00000000
5	27	1	84.00000000	80.00000000
5	28	1	84.00000000	80.00000000
5	29	1	84.00000000	80.00000000
5	30	1	84.00000000	80.00000000
5	31	1	84.00000000	80.00000000
5	32	1	84.00000000	80.00000000
5	33	1	84.00000000	80.00000000
5	34	1	84.00000000	80.00000000
5	35	1	84.00000000	80.00000000
5	36	1	84.00000000	80.00000000
5	37	1	84.00000000	80.00000000
5	38	1	84.00000000	80.00000000
5	39	1	84.00000000	80.00000000
5	40	1	84.00000000	80.00000000
5	41	1	84.00000000	80.00000000
5	42	1	84.00000000	80.00000000
5	43	1	84.00000000	80.00000000
5	44	1	84.00000000	80.00000000
5	45	1	84.00000000	80.00000000
5	46	1	84.00000000	80.00000000
5	47	1	84.00000000	80.00000000
5	48	1	84.00000000	80.00000000
5	49	1	84.00000000	80.00000000
5	50	1	84.00000000	80.00000000
5	51	1	84.00000000	80.00000000
5	52	1	84.00000000	80.00000000
5	53	1	84.00000000	80.00000000
5	54	1	84.00000000	80.00000000
5	55	1	84.00000000	80.00000000
5	56	1	84.00000000	80.00000000
5	57	1	84.00000000	80.00000000
5	58	1	84.00000000	80.00000000
5	59	1	84.00000000	80.00000000
5	60	1	84.00000000	80.00000000
5	61	1	84.00000000	80.00000000
5	62	1	84.00000000	80.00000000
5	63	1	84.00000000	80.00000000
5	64	1	84.00000000	80.00000000
5	65	1	84.00000000	80.00000000
5	66	1	84.00000000	80.00000000
5	67	1	84.00000000	80.00000000
5	68	1	84.00000000	80.00000000
5	69	1	84.00000000	80.00000000
5	70	1	84.00000000	80.00000000
5	71	1	84.00000000	80.00000000
5	72	1	84.00000000	80.00000000
5	73	1	84.00000000	80.00000000
5	74	1	84.00000000	80.00000000
5	75	1	84.00000000	80.00000000
5	76	1	84.00000000	80.00000000
5	77	1	84.00000000	80.00000000
5	78	1	84.00000000	80.00000000
5	79	1	84.00000000	80.00000000
5	80	1	84.00000000	80.00000000
5	81	1	84.00000000	80.00000000
5	82	1	84.00000000	80.00000000
5	83	1	84.00000000	80.00000000
5	84	1	84.00000000	80.00000000
5	85	1	84.00000000	80.00000000
5	86	1	84.00000000	80.00000000
5	87	1	84.00000000	80.00000000
5	88	1	84.00000000	80.00000000
5	89	1	84.00000000	80.00000000
5	90	1	84.00000000	80.00000000
5	91	1	84.00000000	80.00000000
5	92	1	84.00000000	80.00000000
5	93	1	84.00000000	80.00000000
5	94	1	84.00000000	80.00000000
5	95	1	84.00000000	80.00000000
5	96	1	84.00000000	80.00000000
5	97	1	84.00000000	80.00000000
5	98	1	84.00000000	80.00000000
5	99	1	84.00000000	80.00000000
5	100	1	84.00000000	80.00000000
5	101	1	84.00000000	80.00000000
5	102	1	84.00000000	80.00000000
5	103	1	84.00000000	80.00000000
5	104	1	84.00000000	80.00000000
5	105	1	84.00000000	80.00000000
5	106	1	84.00000000	80.00000000
5	107	1	84.00000000	80.00000000
5	108	1	84.00000000	80.00000000
5	109	1	84.00000000	80.00000000
5	110	1	84.00000000	80.00000000
5	111	1	84.00000000	80.00000000
5	112	1	84.00000000	80.00000000
5	113	1	84.00000000	80.00000000
5	114	1	84.00000000	80.00000000
5	115	1	84.00000000	80.00000000
5	116	1	84.00000000	80.00000000
5	117	1	84.00000000	80.00000000
5	118	1	84.00000000	80.00000000
5	119	1	84.00000000	80.00000000
5	120	1	84.00000000	80.00000000
5	121	1	84.00000000	80.00000000
5	122	1	84.00000000	80.00000000
5	123	1	84.00000000	80.00000000
5	124	1	84.00000000	80.00000000
5	125	1	84.00000000	80.00000000
5	126	1	84.00000000	80.00000000
5	127	1	84.00000000	80.00000000
5	128	1	84.00000000	80.00000000
5	129	1	84.00000000	80.00000000
5	130	1	84.00000000	80.00000000
5	131	1	84.00000000	80.00000000
5	132	1	84.00000000	80.00000000
5	133	1	84.00000000	80.00000000
5	134	1	84.00000000	80.00000000
5	135	1	84.00000000	80.00000000
5	136	1	84.00000000	80.00000000
5	137	1	84.00000000	80.00000000
5	138	1	84.00000000	80.00000000
5	139	1	84.00000000	80.00000000
5	140	1	84.00000000	80.00000000
5	141	1	84.00000000	80.00000000
5	142	1	84.00000000	80.00000000
5	143	1	84.00000000	80.00000000
6	0	1	84.00000000	80.00000000
6	1	1	84.00000000	80.00000000
6	2	1	84.00000000	80.00000000
6	3	1	84.00000000	80.00000000
6	4	1	84.00000000	80.00000000
6	5	1	84.00000000	80.00000000
6	6	1	84.00000000	80.00000000
6	7	1	84.00000000	80.00000000
6	8	1	84.00000000	80.00000000
6	9	1	84.00000000	80.00000000
6	10	1	84.00000000	80.00000000
6	11	1	84.00000000	80.00000000
6	12	1	84.00000000	80.00000000
6	13	1	84.00000000	80.00000000
6	14	1	84.00000000	80.00000000
6	15	1	84.00000000	80.00000000
6	16	1	84.00000000	80.00000000
6	17	1	84.00000000	80.00000000
6	18	1	84.00000000	80.00000000
6	19	1	84.00000000	80.00000000
6	20	1	84.00000000	80.00000000
6	21	1	84.00000000	80.00000000
6	22	1	84.00000000	80.00000000
6	23	1	84.00000000	80.00000000
6	24	1	84.00000000	80.00000000
6	25	1	84.00000000	80.00000000
6	26	1	84.00000000	80.00000000
6	27	1	84.00000000	80.00000000
6	28	1	84.00000000	80.00000000
6	29	1	84.00000000	80.00000000
6	30	1	84.00000000	80.00000000
6	31	1	84.00000000	80.00000000
6	32	1	84.00000000	80.00000000
6	33	1	84.00000000	80.00000000
6	34	1	84.00000000	80.00000000
6	35	1	84.00000000	80.00000000
6	36	1	84.00000000	80.00000000
6	37	1	84.00000000	80.00000000
6	38	1	84.00000000	80.00000000
6	39	1	84.00000000	80.00000000
6	40	1	84.00000000	80.00000000
6	41	1	84.00000000	80.00000000
6	42	1	84.00000000	80.00000000
6	43	1	84.00000000	80.00000000
6	44	1	84.00000000	80.00000000
6	45	1	84.00000000	80.00000000
6	46	1	84.00000000	80.00000000
6	47	1	84.00000000	80.00000000
6	48	1	84.00000000	80.00000000
6	49	1	84.00000000	80.00000000
6	50	1	84.00000000	80.00000000
6	51	1	84.00000000	80.00000000
6	52	1	84.00000000	80.00000000
6	53	1	84.00000000	80.00000000
6	54	1	84.00000000	80.00000000
6	55	1	84.00000000	80.00000000
6	56	1	84.00000000	80.00000000
6	57	1	84.00000000	80.00000000
6	58	1	84.00000000	80.00000000
6	59	1	84.00000000	80.00000000
6	60	1	84.00000000	80.00000000
6	61	1	84.00000000	80.00000000
6	62	1	84.00000000	80.00000000
6	63	1	84.00000000	80.00000000
6	64	1	84.00000000	80.00000000
6	65	1	84.00000000	80.00000000
6	66	1	84.00000000	80.00000000
6	67	1	84.00000000	80.00000000
6	68	1	84.00000000	80.00000000
6	69	1	84.00000000	80.00000000
6	70	1	84.00000000	80.00000000
6	71	1	84.00000000	80.00000000
6	72	1	84.00000000	80.00000000
6	73	1	84.00000000	80.00000000
6	74	1	84.00000000	80.00000000
6	75	1	84.00000000	80.00000000
6	76	1	84.00000000	80.00000000
6	77	1	84.00000000	80.00000000
6	78	1	84.00000000	80.00000000
6	79	1	84.00000000	80.00000000
6	80	1	84.00000000	80.00000000
6	81	1	84.00000000	80.00000000
6	82	1	84.00000000	80.00000000
6	83	1	84.00000000	80.00000000
6	84	1	84.00000000	80.00000000
6	85	1	84.00000000	80.00000000
6	86	1	84.00000000	80.00000000
6	87	1	84.00000000	80.00000000
6	88	1	84.00000000	80.00000000
6	89	1	84.00000000	80.00000000
6	90	1	84.00000000	80.00000000
6	91	1	84.00000000	80.00000000
6	92	1	84.00000000	80.00000000
6	93	1	84.00000000	80.00000000
6	94	1	84.00000000	80.00000000
6	95	1	84.00000000	80.00000000
6	96	1	84.00000000	80.00000000
6	97	1	84.00000000	80.00000000
6	98	1	84.00000000	80.00000000
6	99	1	84.00000000	80.00000000
6	100	1	84.00000000	80.00000000
6	101	1	84.00000000	80.00000000
6	102	1	84.00000000	80.00000000
6	103	1	84.00000000	80.00000000
6	104	1	84.00000000	80.00000000
6	105	1	84.00000000	80.00000000
6	106	1	84.00000000	80.00000000
6	107	1	84.00000000	80.00000000
6	108	1	84.00000000	80.00000000
6	109	1	84.00000000	80.00000000
6	110	1	84.00000000	80.00000000
6	111	1	84.00000000	80.00000000
6	112	1	84.00000000	80.00000000
6	113	1	84.00000000	80.00000000
6	114	1	84.00000000	80.00000000
6	115	1	84.00000000	80.00000000
6	116	1	84.00000000	80.00000000
6	117	1	84.00000000	80.00000000
6	118	1	84.00000000	80.00000000
6	119	1	84.00000000	80.00000000
6	120	1	84.00000000	80.00000000
6	121	1	84.00000000	80.00000000
6	122	1	84.00000000	80.00000000
6	123	1	84.00000000	80.00000000
6	124	1	84.00000000	80.00000000
6	125	1	84.00000000	80.00000000
6	126	1	84.00000000	80.00000000
6	127	1	84.00000000	80.00000000
6	128	1	84.00000000	80.00000000
6	129	1	84.00000000	80.00000000
6	130	1	84.00000000	80.00000000
6	131	1	84.00000000	80.00000000
6	132	1	84.00000000	80.00000000
6	133	1	84.00000000	80.00000000
6	134	1	84.00000000	80.00000000
6	135	1	84.00000000	80.00000000
6	136	1	84.00000000	80.00000000
6	137	1	84.00000000	80.00000000
6	138	1	84.00000000	80.00000000
6	139	1	84.00000000	80.00000000
6	140	1	84.00000000	80.00000000
6	141	1	84.00000000	80.00000000
6	142	1	84.00000000	80.00000000
6	143	1	84.00000000	80.00000000
6	144	1	84.00000000	80.00000000
6	145	1	84.00000000	80.00000000
6	146	1	84.00000000	80.00000000
6	147	1	84.00000000	80.00000000
6	148	1	84.00000000	80.00000000
6	149	1	84.00000000	80.00000000
6	150	1	84.00000000	80.00000000
6	151	1	84.00000000	80.00000000
6	152	1	84.00000000	80.00000000
6	153	1	84.00000000	80.00000000
6	154	1	84.00000000	80.00000000
6	155	1	84.00000000	80.00000000
6	156	1	84.00000000	80.00000000
6	157	1	84.00000000	80.00000000
6	158	1	84.00000000	80.00000000
6	159	1	84.00000000	80.00000000
6	160	1	84.00000000	80.00000000
6	161	1	84.00000000	80.00000000
6	162	1	84.00000000	80.00000000
6	163	1	84.00000000	80.00000000
6	164	1	84.00000000	80.00000000
6	165	1	84.00000000	80.00000000
6	166	1	84.00000000	80.00000000
6	167	1	84.00000000	80.00000000
7	0	1	84.00000000	80.00000000
7	1	1	84.00000000	80.00000000
7	2	1	84.00000000	80.00000000
7	3	1	84.00000000	80.00000000
7	4	1	84.00000000	80.00000000
7	5	1	84.00000000	80.00000000
7	6	1	84.00000000	80.00000000
7	7	1	84.00000000	80.00000000
7	8	1	84.00000000	80.00000000
7	9	1	84.00000000	80.00000000
7	10	1	84.00000000	80.00000000
7	11	1	84.00000000	80.00000000
7	12	1	84.00000000	80.00000000
7	13	1	84.00000000	80.00000000
7	14	1	84.00000000	80.00000000
7	15	1	84.00000000	80.00000000
7	16	1	84.00000000	80.00000000
7	17	1	84.00000000	80.00000000
7	18	1	84.00000000	80.00000000
7	19	1	84.00000000	80.00000000
7	20	1	84.00000000	80.00000000
7	21	1	84.00000000	80.00000000
7	22	1	84.00000000	80.00000000
7	23	1	84.00000000	80.00000000
7	24	1	84.00000000	80.00000000
7	25	1	84.00000000	80.00000000
7	26	1	84.00000000	80.00000000
7	27	1	84.00000000	80.00000000
7	28	1	84.00000000	80.00000000
7	29	1	84.00000000	80.00000000
7	30	1	84.00000000	80.00000000
7	31	1	84.00000000	80.00000000
7	32	1	84.00000000	80.00000000
7	33	1	84.00000000	80.00000000
7	34	1	84.00000000	80.00000000
7	35	1	84.00000000	80.00000000
7	36	1	84.00000000	80.00000000
7	37	1	84.00000000	80.00000000
7	38	1	84.00000000	80.00000000
7	39	1	84.00000000	80.00000000
7	40	1	84.00000000	80.00000000
7	41	1	84.00000000	80.00000000
7	42	1	84.00000000	80.00000000
7	43	1	84.00000000	80.00000000
7	44	1	84.00000000	80.00000000
7	45	1	84.00000000	80.00000000
7	46	1	84.00000000	80.00000000
7	47	1	84.00000000	80.00000000
7	48	1	84.00000000	80.00000000
7	49	1	84.00000000	80.00000000
7	50	1	84.00000000	80.00000000
7	51	1	84.00000000	80.00000000
7	52	1	84.00000000	80.00000000
7	53	1	84.00000000	80.00000000
7	54	1	84.00000000	80.00000000
7	55	1	84.00000000	80.00000000
7	56	1	84.00000000	80.00000000
7	57	1	84.00000000	80.00000000
7	58	1	84.00000000	80.00000000
7	59	1	84.00000000	80.00000000
7	60	1	84.00000000	80.00000000
7	61	1	84.00000000	80.00000000
7	62	1	84.00000000	80.00000000
7	63	1	84.00000000	80.00000000
7	64	1	84.00000000	80.00000000
7	65	1	84.00000000	80.00000000
7	66	1	84.00000000	80.00000000
7	67	1	84.00000000	80.00000000
7	68	1	84.00000000	80.00000000
7	69	1	84.00000000	80.00000000
7	70	1	84.00000000	80.00000000
7	71	1	84.00000000	80.00000000
7	72	1	84.00000000	80.00000000
7	73	1	84.00000000	80.00000000
7	74	1	84.00000000	80.00000000
7	75	1	84.00000000	80.00000000
7	76	1	84.00000000	80.00000000
7	77	1	84.00000000	80.00000000
7	78	1	84.00000000	80.00000000
7	79	1	84.00000000	80.00000000
7	80	1	84.00000000	80.00000000
7	81	1	84.00000000	80.00000000
7	82	1	84.00000000	80.00000000
7	83	1	84.00000000	80.00000000
7	84	1	84.00000000	80.00000000
7	85	1	84.00000000	80.00000000
7	86	1	84.00000000	80.00000000
7	87	1	84.00000000	80.00000000
7	88	1	84.00000000	80.00000000
7	89	1	84.00000000	80.00000000
7	90	1	84.00000000	80.00000000
7	91	1	84.00000000	80.00000000
7	92	1	84.00000000	80.00000000
7	93	1	84.00000000	80.00000000
7	94	1	84.00000000	80.00000000
7	95	1	84.00000000	80.00000000
7	96	1	84.00000000	80.00000000
7	97	1	84.00000000	80.00000000
7	98	1	84.00000000	80.00000000
7	99	1	84.00000000	80.00000000
7	100	1	84.00000000	80.00000000
7	101	1	84.00000000	80.00000000
7	102	1	84.00000000	80.00000000
7	103	1	84.00000000	80.00000000
7	104	1	84.00000000	80.00000000
7	105	1	84.00000000	80.00000000
7	106	1	84.00000000	80.00000000
7	107	1	84.00000000	80.00000000
7	108	1	84.00000000	80.00000000
7	109	1	84.00000000	80.00000000
7	110	1	84.00000000	80.00000000
7	111	1	84.00000000	80.00000000
7	112	1	84.00000000	80.00000000
7	113	1	84.00000000	80.00000000
7	114	1	84.00000000	80.00000000
7	115	1	84.00000000	80.00000000
7	116	1	84.00000000	80.00000000
7	117	1	84.00000000	80.00000000
7	118	1	84.00000000	80.00000000
7	119	1	84.00000000	80.00000000
7	120	1	84.00000000	80.00000000
7	121	1	84.00000000	80.00000000
7	122	1	84.00000000	80.00000000
7	123	1	84.00000000	80.00000000
7	124	1	84.00000000	80.00000000
7	125	1	84.00000000	80.00000000
7	126	1	84.00000000	80.00000000
7	127	1	84.00000000	80.00000000
7	128	1	84.00000000	80.00000000
7	129	1	84.00000000	80.00000000
7	130	1	84.00000000	80.00000000
7	131	1	84.00000000	80.00000000
7	132	1	84.00000000	80.00000000
7	133	1	84.00000000	80.00000000
7	134	1	84.00000000	80.00000000
7	135	1	84.00000000	80.00000000
7	136	1	84.00000000	80.00000000
7	137	1	84.00000000	80.00000000
7	138	1	84.00000000	80.00000000
7	139	1	84.00000000	80.00000000
7	140	1	84.00000000	80.00000000
7	141	1	84.00000000	80.00000000
7	142	1	84.00000000	80.00000000
7	143	1	84.00000000	80.00000000
7	144	1	84.00000000	80.00000000
7	145	1	84.00000000	80.00000000
7	146	1	84.00000000	80.00000000
7	147	1	84.00000000	80.00000000
7	148	1	84.00000000	80.00000000
7	149	1	84.00000000	80.00000000
7	150	1	84.00000000	80.00000000
7	151	1	84.00000000	80.00000000
7	152	1	84.00000000	80.00000000
7	153	1	84.00000000	80.00000000
7	154	1	84.00000000	80.00000000
7	155	1	84.00000000	80.00000000
7	156	1	84.00000000	80.00000000
7	157	1	84.00000000	80.00000000
7	158	1	84.00000000	80.00000000
7	159	1	84.00000000	80.00000000
7	160	1	84.00000000	80.00000000
7	161	1	84.00000000	80.00000000
7	162	1	84.00000000	80.00000000
7	163	1	84.00000000	80.00000000
7	164	1	84.00000000	80.00000000
7	165	1	84.00000000	80.00000000
7	166	1	84.00000000	80.00000000
7	167	1	84.00000000	80.00000000
7	168	1	84.00000000	80.00000000
7	169	1	84.00000000	80.00000000
7	170	1	84.00000000	80.00000000
7	171	1	84.00000000	80.00000000
7	172	1	84.00000000	80.00000000
7	173	1	84.00000000	80.00000000
7	174	1	84.00000000	80.00000000
7	175	1	84.00000000	80.00000000
7	176	1	84.00000000	80.00000000
7	177	1	84.00000000	80.00000000
7	178	1	84.00000000	80.00000000
7	179	1	84.00000000	80.00000000
7	180	1	84.00000000	80.00000000
7	181	1	84.00000000	80.00000000
7	182	1	84.00000000	80.00000000
7	183	1	84.00000000	80.00000000
7	184	1	84.00000000	80.00000000
7	185	1	84.00000000	80.00000000
7	186	1	84.00000000	80.00000000
7	187	1	84.00000000	80.00000000
7	188	1	84.00000000	80.00000000
7	189	1	84.00000000	80.00000000
7	190	1	84.00000000	80.00000000
7	191	1	84.00000000	80.00000000
8	0	1	84.00000000	80.00000000
8	1	1	84.00000000	80.00000000
8	2	1	84.00000000	80.00000000
8	3	1	84.00000000	80.00000000
8	4	1	84.00000000	80.00000000
8	5	1	84.00000000	80.00000000
8	6	1	84.00000000	80.00000000
8	7	1	84.00000000	80.00000000
8	8	1	84.00000000	80.00000000
8	9	1	84.00000000	80.00000000
8	10	1	84.00000000	80.00000000
8	11	1	84.00000000	80.00000000
8	12	1	84.00000000	80.00000000
8	13	1	84.00000000	80.00000000
8	14	1	84.00000000	80.00000000
8	15	1	84.00000000	80.00000000
8	16	1	84.00000000	80.00000000
8	17	1	84.00000000	80.00000000
8	18	1	84.00000000	80.00000000
8	19	1	84.00000000	80.00000000
8	20	1	84.00000000	80.00000000
8	21	1	84.00000000	80.00000000
8	22	1	84.00000000	80.00000000
8	23	1	84.00000000	80.00000000
8	24	1	84.00000000	80.00000000
8	25	1	84.00000000	80.00000000
8	26	1	84.00000000	80.00000000
8	27	1	84.00000000	80.00000000
8	28	1	84.00000000	80.00000000
8	29	1	84.00000000	80.00000000
8	30	1	84.00000000	80.00000000
8	31	1	84.00000000	80.00000000
8	32	1	84.00000000	80.00000000
8	33	1	84.00000000	80.00000000
8	34	1	84.00000000	80.00000000
8	35	1	84.00000000	80.00000000
8	36	1	84.00000000	80.00000000
8	37	1	84.00000000	80.00000000
8	38	1	84.00000000	80.00000000
8	39	1	84.00000000	80.00000000
8	40	1	84.00000000	80.00000000
8	41	1	84.00000000	80.00000000
8	42	1	84.00000000	80.00000000
8	43	1	84.00000000	80.00000000
8	44	1	84.00000000	80.00000000
8	45	1	84.00000000	80.00000000
8	46	1	84.00000000	80.00000000
8	47	1	84.00000000	80.00000000
8	48	1	84.00000000	80.00000000
8	49	1	84.00000000	80.00000000
8	50	1	84.00000000	80.00000000
8	51	1	84.00000000	80.00000000
8	52	1	84.00000000	80.00000000
8	53	1	84.00000000	80.00000000
8	54	1	84.00000000	80.00000000
8	55	1	84.00000000	80.00000000
8	56	1	84.00000000	80.00000000
8	57	1	84.00000000	80.00000000
8	58	1	84.00000000	80.00000000
8	59	1	84.00000000	80.00000000
8	60	1	84.00000000	80.00000000
8	61	1	84.00000000	80.00000000
8	62	1	84.00000000	80.00000000
8	63	1	84.00000000	80.00000000
8	64	1	84.00000000	80.00000000
8	65	1	84.00000000	80.00000000
8	66	1	84.00000000	80.00000000
8	67	1	84.00000000	80.00000000
8	68	1	84.00000000	80.00000000
8	69	1	84.00000000	80.00000000
8	70	1	84.00000000	80.00000000
8	71	1	84.00000000	80.00000000
8	72	1	84.00000000	80.00000000
8	73	1	84.00000000	80.00000000
8	74	1	84.00000000	80.00000000
8	75	1	84.00000000	80.00000000
8	76	1	84.00000000	80.00000000
8	77	1	84.00000000	80.00000000
8	78	1	84.00000000	80.00000000
8	79	1	84.00000000	80.00000000
8	80	1	84.00000000	80.00000000
8	81	1	84.00000000	80.00000000
8	82	1	84.00000000	80.00000000
8	83	1	84.00000000	80.00000000
8	84	1	84.00000000	80.00000000
8	85	1	84.00000000	80.00000000
8	86	1	84.00000000	80.00000000
8	87	1	84.00000000	80.00000000
8	88	1	84.00000000	80.00000000
8	89	1	84.00000000	80.00000000
8	90	1	84.00000000	80.00000000
8	91	1	84.00000000	80.00000000
8	92	1	84.00000000	80.00000000
8	93	1	84.00000000	80.00000000
8	94	1	84.00000000	80.00000000
8	95	1	84.00000000	80.00000000
8	96	1	84.00000000	80.00000000
8	97	1	84.00000000	80.00000000
8	98	1	84.00000000	80.00000000
8	99	1	84.00000000	80.00000000
8	100	1	84.00000000	80.00000000
8	101	1	84.00000000	80.00000000
8	102	1	84.00000000	80.00000000
8	103	1	84.00000000	80.00000000
8	104	1	84.00000000	80.00000000
8	105	1	84.00000000	80.00000000
8	106	1	84.00000000	80.00000000
8	107	1	84.00000000	80.00000000
8	108	1	84.00000000	80.00000000
8	109	1	84.00000000	80.00000000
8	110	1	84.00000000	80.00000000
8	111	1	84.00000000	80.00000000
8	112	1	84.00000000	80.00000000
8	113	1	84.00000000	80.00000000
8	114	1	84.00000000	80.00000000
8	115	1	84.00000000	80.00000000
8	116	1	84.00000000	80.00000000
8	117	1	84.00000000	80.00000000
8	118	1	84.00000000	80.00000000
8	119	1	84.00000000	80.00000000
8	120	1	84.00000000	80.00000000
8	121	1	84.00000000	80.00000000
8	122	1	84.00000000	80.00000000
8	123	1	84.00000000	80.00000000
8	124	1	84.00000000	80.00000000
8	125	1	84.00000000	80.00000000
8	126	1	84.00000000	80.00000000
8	127	1	84.00000000	80.00000000
8	128	1	84.00000000	80.00000000
8	129	1	84.00000000	80.00000000
8	130	1	84.00000000	80.00000000
8	131	1	84.00000000	80.00000000
8	132	1	84.00000000	80.00000000
8	133	1	84.00000000	80.00000000
8	134	1	84.00000000	80.00000000
8	135	1	84.00000000	80.00000000
8	136	1	84.00000000	80.00000000
8	137	1	84.00000000	80.00000000
8	138	1	84.00000000	80.00000000
8	139	1	84.00000000	80.00000000
8	140	1	84.00000000	80.00000000
8	141	1	84.00000000	80.00000000
8	142	1	84.00000000	80.00000000
8	143	1	84.00000000	80.00000000
8	144	1	84.00000000	80.00000000
8	145	1	84.00000000	80.00000000
8	146	1	84.00000000	80.00000000
8	147	1	84.00000000	80.00000000
8	148	1	84.00000000	80.00000000
8	149	1	84.00000000	80.00000000
8	150	1	84.00000000	80.00000000
8	151	1	84.00000000	80.00000000
8	152	1	84.00000000	80.00000000
8	153	1	84.00000000	80.00000000
8	154	1	84.00000000	80.00000000
8	155	1	84.00000000	80.00000000
8	156	1	84.00000000	80.00000000
8	157	1	84.00000000	80.00000000
8	158	1	84.00000000	80.00000000
8	159	1	84.00000000	80.00000000
8	160	1	84.00000000	80.00000000
8	161	1	84.00000000	80.00000000
8	162	1	84.00000000	80.00000000
8	163	1	84.00000000	80.00000000
8	164	1	84.00000000	80.00000000
8	165	1	84.00000000	80.00000000
8	166	1	84.00000000	80.00000000
8	167	1	84.00000000	80.00000000
8	168	1	84.00000000	80.00000000
8	169	1	84.00000000	80.00000000
8	170	1	84.00000000	80.00000000
8	171	1	84.00000000	80.00000000
8	172	1	84.00000000	80.00000000
8	173	1	84.00000000	80.00000000
8	174	1	84.00000000	80.00000000
8	175	1	84.00000000	80.00000000
8	176	1	84.00000000	80.00000000
8	177	1	84.00000000	80.00000000
8	178	1	84.00000000	80.00000000
8	179	1	84.00000000	80.00000000
8	180	1	84.00000000	80.00000000
8	181	1	84.00000000	80.00000000
8	182	1	84.00000000	80.00000000
8	183	1	84.00000000	80.00000000
8	184	1	84.00000000	80.00000000
8	185	1	84.00000000	80.00000000
8	186	1	84.00000000	80.00000000
8	187	1	84.00000000	80.00000000
8	188	1	84.00000000	80.00000000
8	189	1	84.00000000	80.00000000
8	190	1	84.00000000	80.00000000
8	191	1	84.00000000	80.00000000
8	192	1	84.00000000	80.00000000
8	193	1	84.00000000	80.00000000
8	194	1	84.00000000	80.00000000
8	195	1	84.00000000	80.00000000
8	196	1	84.00000000	80.00000000
8	197	1	84.00000000	80.00000000
8	198	1	84.00000000	80.00000000
8	199	1	84.00000000	80.00000000
8	200	1	84.00000000	80.00000000
8	201	1	84.00000000	80.00000000
8	202	1	84.00000000	80.00000000
8	203	1	84.00000000	80.00000000
8	204	1	84.00000000	80.00000000
8	205	1	84.00000000	80.00000000
8	206	1	84.00000000	80.00000000
8	207	1	84.00000000	80.00000000
8	208	1	84.00000000	80.00000000
8	209	1	84.00000000	80.00000000
8	210	1	84.00000000	80.00000000
8	211	1	84.00000000	80.00000000
8	212	1	84.00000000	80.00000000
8	213	1	84.00000000	80.00000000
8	214	1	84.00000000	80.00000000
8	215	1	84.00000000	80.00000000
9	0	1	84.00000000	80.00000000
9	1	1	84.00000000	80.00000000
9	2	1	84.00000000	80.00000000
9	3	1	84.00000000	80.00000000
9	4	1	84.00000000	80.00000000
9	5	1	84.00000000	80.00000000
9	6	1	84.00000000	80.00000000
9	7	1	84.00000000	80.00000000
9	8	1	84.00000000	80.00000000
9	9	1	84.00000000	80.00000000
9	10	1	84.00000000	80.00000000
9	11	1	84.00000000	80.00000000
9	12	1	84.00000000	80.00000000
9	13	1	84.00000000	80.00000000
9	14	1	84.00000000	80.00000000
9	15	1	84.00000000	80.00000000
9	16	1	84.00000000	80.00000000
9	17	1	84.00000000	80.00000000
9	18	1	84.00000000	80.00000000
9	19	1	84.00000000	80.00000000
9	20	1	84.00000000	80.00000000
9	21	1	84.00000000	80.00000000
9	22	1	84.00000000	80.00000000
9	23	1	84.00000000	80.00000000
9	24	1	84.00000000	80.00000000
9	25	1	84.00000000	80.00000000
9	26	1	84.00000000	80.00000000
9	27	1	84.00000000	80.00000000
9	28	1	84.00000000	80.00000000
9	29	1	84.00000000	80.00000000
9	30	1	84.00000000	80.00000000
9	31	1	84.00000000	80.00000000
9	32	1	84.00000000	80.00000000
9	33	1	84.00000000	80.00000000
9	34	1	84.00000000	80.00000000
9	35	1	84.00000000	80.00000000
9	36	1	84.00000000	80.00000000
9	37	1	84.00000000	80.00000000
9	38	1	84.00000000	80.00000000
9	39	1	84.00000000	80.00000000
9	40	1	84.00000000	80.00000000
9	41	1	84.00000000	80.00000000
9	42	1	84.00000000	80.00000000
9	43	1	84.00000000	80.00000000
9	44	1	84.00000000	80.00000000
9	45	1	84.00000000	80.00000000
9	46	1	84.00000000	80.00000000
9	47	1	84.00000000	80.00000000
9	48	1	84.00000000	80.00000000
9	49	1	84.00000000	80.00000000
9	50	1	84.00000000	80.00000000
9	51	1	84.00000000	80.00000000
9	52	1	84.00000000	80.00000000
9	53	1	84.00000000	80.00000000
9	54	1	84.00000000	80.00000000
9	55	1	84.00000000	80.00000000
9	56	1	84.00000000	80.00000000
9	57	1	84.00000000	80.00000000
9	58	1	84.00000000	80.00000000
9	59	1	84.00000000	80.00000000
9	60	1	84.00000000	80.00000000
9	61	1	84.00000000	80.00000000
9	62	1	84.00000000	80.00000000
9	63	1	84.00000000	80.00000000
9	64	1	84.00000000	80.00000000
9	65	1	84.00000000	80.00000000
9	66	1	84.00000000	80.00000000
9	67	1	84.00000000	80.00000000
9	68	1	84.00000000	80.00000000
9	69	1	84.00000000	80.00000000
9	70	1	84.00000000	80.00000000
9	71	1	84.00000000	80.00000000
9	72	1	84.00000000	80.00000000
9	73	1	84.00000000	80.00000000
9	74	1	84.00000000	80.00000000
9	75	1	84.00000000	80.00000000
9	76	1	84.00000000	80.00000000
9	77	1	84.00000000	80.00000000
9	78	1	84.00000000	80.00000000
9	79	1	84.00000000	80.00000000
9	80	1	84.00000000	80.00000000
9	81	1	84.00000000	80.00000000
9	82	1	84.00000000	80.00000000
9	83	1	84.00000000	80.00000000
9	84	1	84.00000000	80.00000000
9	85	1	84.00000000	80.00000000
9	86	1	84.00000000	80.00000000
9	87	1	84.00000000	80.00000000
9	88	1	84.00000000	80.00000000
9	89	1	84.00000000	80.00000000
9	90	1	84.00000000	80.00000000
9	91	1	84.00000000	80.00000000
9	92	1	84.00000000	80.00000000
9	93	1	84.00000000	80.00000000
9	94	1	84.00000000	80.00000000
9	95	1	84.00000000	80.00000000
9	96	1	84.00000000	80.00000000
9	97	1	84.00000000	80.00000000
9	98	1	84.00000000	80.00000000
9	99	1	84.00000000	80.00000000
9	100	1	84.00000000	80.00000000
9	101	1	84.00000000	80.00000000
9	102	1	84.00000000	80.00000000
9	103	1	84.00000000	80.00000000
9	104	1	84.00000000	80.00000000
9	105	1	84.00000000	80.00000000
9	106	1	84.00000000	80.00000000
9	107	1	84.00000000	80.00000000
9	108	1	84.00000000	80.00000000
9	109	1	84.00000000	80.00000000
9	110	1	84.00000000	80.00000000
9	111	1	84.00000000	80.00000000
9	112	1	84.00000000	80.00000000
9	113	1	84.00000000	80.00000000
9	114	1	84.00000000	80.00000000
9	115	1	84.00000000	80.00000000
9	116	1	84.00000000	80.00000000
9	117	1	84.00000000	80.00000000
9	118	1	84.00000000	80.00000000
9	119	1	84.00000000	80.00000000
9	120	1	84.00000000	80.00000000
9	121	1	84.00000000	80.00000000
9	122	1	84.00000000	80.00000000
9	123	1	84.00000000	80.00000000
9	124	1	84.00000000	80.00000000
9	125	1	84.00000000	80.00000000
9	126	1	84.00000000	80.00000000
9	127	1	84.00000000	80.00000000
9	128	1	84.00000000	80.00000000
9	129	1	84.00000000	80.00000000
9	130	1	84.00000000	80.00000000
9	131	1	84.00000000	80.00000000
9	132	1	84.00000000	80.00000000
9	133	1	84.00000000	80.00000000
9	134	1	84.00000000	80.00000000
9	135	1	84.00000000	80.00000000
9	136	1	84.00000000	80.00000000
9	137	1	84.00000000	80.00000000
9	138	1	84.00000000	80.00000000
9	139	1	84.00000000	80.00000000
9	140	1	84.00000000	80.00000000
9	141	1	84.00000000	80.00000000
9	142	1	84.00000000	80.00000000
9	143	1	84.00000000	80.00000000
9	144	1	84.00000000	80.00000000
9	145	1	84.00000000	80.00000000
9	146	1	84.00000000	80.00000000
9	147	1	84.00000000	80.00000000
9	148	1	84.00000000	80.00000000
9	149	1	84.00000000	80.00000000
9	150	1	84.00000000	80.00000000
9	151	1	84.00000000	80.00000000
9	152	1	84.00000000	80.00000000
9	153	1	84.00000000	80.00000000
9	154	1	84.00000000	80.00000000
9	155	1	84.00000000	80.00000000
9	156	1	84.00000000	80.00000000
9	157	1	84.00000000	80.00000000
9	158	1	84.00000000	80.00000000
9	159	1	84.00000000	80.00000000
9	160	1	84.00000000	80.00000000
9	161	1	84.00000000	80.00000000
9	162	1	84.00000000	80.00000000
9	163	1	84.00000000	80.00000000
9	164	1	84.00000000	80.00000000
9	165	1	84.00000000	80.00000000
9	166	1	84.00000000	80.00000000
9	167	1	84.00000000	80.00000000
9	168	1	84.00000000	80.00000000
9	169	1	84.00000000	80.00000000
9	170	1	84.00000000	80.00000000
9	171	1	84.00000000	80.00000000
9	172	1	84.00000000	80.00000000
9	173	1	84.00000000	80.00000000
9	174	1	84.00000000	80.00000000
9	175	1	84.00000000	80.00000000
9	176	1	84.00000000	80.00000000
9	177	1	84.00000000	80.00000000
9	178	1	84.00000000	80.00000000
9	179	1	84.00000000	80.00000000
9	180	1	84.00000000	80.00000000
9	181	1	84.00000000	80.00000000
9	182	1	84.00000000	80.00000000
9	183	1	84.00000000	80.00000000
9	184	1	84.00000000	80.00000000
9	185	1	84.00000000	80.00000000
9	186	1	84.00000000	80.00000000
9	187	1	84.00000000	80.00000000
9	188	1	84.00000000	80.00000000
9	189	1	84.00000000	80.00000000
9	190	1	84.00000000	80.00000000
9	191	1	84.00000000	80.00000000
9	192	1	84.00000000	80.00000000
9	193	1	84.00000000	80.00000000
9	194	1	84.00000000	80.00000000
9	195	1	84.00000000	80.00000000
9	196	1	84.00000000	80.00000000
9	197	1	84.00000000	80.00000000
9	198	1	84.00000000	80.00000000
9	199	1	84.00000000	80.00000000
9	200	1	84.00000000	80.00000000
9	201	1	84.00000000	80.00000000
9	202	1	84.00000000	80.00000000
9	203	1	84.00000000	80.00000000
9	204	1	84.00000000	80.00000000
9	205	1	84.00000000	80.00000000
9	206	1	84.00000000	80.00000000
9	207	1	84.00000000	80.00000000
9	208	1	84.00000000	80.00000000
9	209	1	84.00000000	80.00000000
9	210	1	84.00000000	80.00000000
9	211	1	84.00000000	80.00000000
9	212	1	84.00000000	80.00000000
9	213	1	84.00000000	80.00000000
9	214	1	84.00000000	80.00000000
9	215	1	84.00000000	80.00000000
9	216	1	84.00000000	80.00000000
9	217	1	84.00000000	80.00000000
9	218	1	84.00000000	80.00000000
9	219	1	84.00000000	80.00000000
9	220	1	84.00000000	80.00000000
9	221	1	84.00000000	80.00000000
9	222	1	84.00000000	80.00000000
9	223	1	84.00000000	80.00000000
9	224	1	84.00000000	80.00000000
9	225	1	84.00000000	80.00000000
9	226	1	84.00000000	80.00000000
9	227	1	84.00000000	80.00000000
9	228	1	84.00000000	80.00000000
9	229	1	84.00000000	80.00000000
9	230	1	84.00000000	80.00000000
9	231	1	84.00000000	80.00000000
9	232	1	84.00000000	80.00000000
9	233	1	84.00000000	80.00000000
9	234	1	84.00000000	80.00000000
9	235	1	84.00000000	80.00000000
9	236	1	84.00000000	80.00000000
9	237	1	84.00000000	80.00000000
9	238	1	84.00000000	80.00000000
9	239	1	84.00000000	80.00000000
10	0	1	84.00000000	80.00000000
10	1	1	84.00000000	80.00000000
10	2	1	84.00000000	80.00000000
10	3	1	84.00000000	80.00000000
10	4	1	84.00000000	80.00000000
10	5	1	84.00000000	80.00000000
10	6	1	84.00000000	80.00000000
10	7	1	84.00000000	80.00000000
10	8	1	84.00000000	80.00000000
10	9	1	84.00000000	80.00000000
10	10	1	84.00000000	80.00000000
10	11	1	84.00000000	80.00000000
10	12	1	84.00000000	80.00000000
10	13	1	84.00000000	80.00000000
10	14	1	84.00000000	80.00000000
10	15	1	84.00000000	80.00000000
10	16	1	84.00000000	80.00000000
10	17	1	84.00000000	80.00000000
10	18	1	84.00000000	80.00000000
10	19	1	84.00000000	80.00000000
10	20	1	84.00000000	80.00000000
10	21	1	84.00000000	80.00000000
10	22	1	84.00000000	80.00000000
10	23	1	84.00000000	80.00000000
10	24	1	84.00000000	80.00000000
10	25	1	84.00000000	80.00000000
10	26	1	84.00000000	80.00000000
10	27	1	84.00000000	80.00000000
10	28	1	84.00000000	80.00000000
10	29	1	84.00000000	80.00000000
10	30	1	84.00000000	80.00000000
10	31	1	84.00000000	80.00000000
10	32	1	84.00000000	80.00000000
10	33	1	84.00000000	80.00000000
10	34	1	84.00000000	80.00000000
10	35	1	84.00000000	80.00000000
10	36	1	84.00000000	80.00000000
10	37	1	84.00000000	80.00000000
10	38	1	84.00000000	80.00000000
10	39	1	84.00000000	80.00000000
10	40	1	84.00000000	80.00000000
10	41	1	84.00000000	80.00000000
10	42	1	84.00000000	80.00000000
10	43	1	84.00000000	80.00000000
10	44	1	84.00000000	80.00000000
10	45	1	84.00000000	80.00000000
10	46	1	84.00000000	80.00000000
10	47	1	84.00000000	80.00000000
10	48	1	84.00000000	80.00000000
10	49	1	84.00000000	80.00000000
10	50	1	84.00000000	80.00000000
10	51	1	84.00000000	80.00000000
10	52	1	84.00000000	80.00000000
10	53	1	84.00000000	80.00000000
10	54	1	84.00000000	80.00000000
10	55	1	84.00000000	80.00000000
10	56	1	84.00000000	80.00000000
10	57	1	84.00000000	80.00000000
10	58	1	84.00000000	80.00000000
10	59	1	84.00000000	80.00000000
10	60	1	84.00000000	80.00000000
10	61	1	84.00000000	80.00000000
10	62	1	84.00000000	80.00000000
10	63	1	84.00000000	80.00000000
10	64	1	84.00000000	80.00000000
10	65	1	84.00000000	80.00000000
10	66	1	84.00000000	80.00000000
10	67	1	84.00000000	80.00000000
10	68	1	84.00000000	80.00000000
10	69	1	84.00000000	80.00000000
10	70	1	84.00000000	80.00000000
10	71	1	84.00000000	80.00000000
10	72	1	84.00000000	80.00000000
10	73	1	84.00000000	80.00000000
10	74	1	84.00000000	80.00000000
10	75	1	84.00000000	80.00000000
10	76	1	84.00000000	80.00000000
10	77	1	84.00000000	80.00000000
10	78	1	84.00000000	80.00000000
10	79	1	84.00000000	80.00000000
10	80	1	84.00000000	80.00000000
10	81	1	84.00000000	80.00000000
10	82	1	84.00000000	80.00000000
10	83	1	84.00000000	80.00000000
10	84	1	84.00000000	80.00000000
10	85	1	84.00000000	80.00000000
10	86	1	84.00000000	80.00000000
10	87	1	84.00000000	80.00000000
10	88	1	84.00000000	80.00000000
10	89	1	84.00000000	80.00000000
10	90	1	84.00000000	80.00000000
10	91	1	84.00000000	80.00000000
10	92	1	84.00000000	80.00000000
10	93	1	84.00000000	80.00000000
10	94	1	84.00000000	80.00000000
10	95	1	84.00000000	80.00000000
10	96	1	84.00000000	80.00000000
10	97	1	84.00000000	80.00000000
10	98	1	84.00000000	80.00000000
10	99	1	84.00000000	80.00000000
10	100	1	84.00000000	80.00000000
10	101	1	84.00000000	80.00000000
10	102	1	84.00000000	80.00000000
10	103	1	84.00000000	80.00000000
10	104	1	84.00000000	80.00000000
10	105	1	84.00000000	80.00000000
10	106	1	84.00000000	80.00000000
10	107	1	84.00000000	80.00000000
10	108	1	84.00000000	80.00000000
10	109	1	84.00000000	80.00000000
10	110	1	84.00000000	80.00000000
10	111	1	84.00000000	80.00000000
10	112	1	84.00000000	80.00000000
10	113	1	84.00000000	80.00000000
10	114	1	84.00000000	80.00000000
10	115	1	84.00000000	80.00000000
10	116	1	84.00000000	80.00000000
10	117	1	84.00000000	80.00000000
10	118	1	84.00000000	80.00000000
10	119	1	84.00000000	80.00000000
10	120	1	84.00000000	80.00000000
10	121	1	84.00000000	80.00000000
10	122	1	84.00000000	80.00000000
10	123	1	84.00000000	80.00000000
10	124	1	84.00000000	80.00000000
10	125	1	84.00000000	80.00000000
10	126	1	84.00000000	80.00000000
10	127	1	84.00000000	80.00000000
10	128	1	84.00000000	80.00000000
10	129	1	84.00000000	80.00000000
10	130	1	84.00000000	80.00000000
10	131	1	84.00000000	80.00000000
10	132	1	84.00000000	80.00000000
10	133	1	84.00000000	80.00000000
10	134	1	84.00000000	80.00000000
10	135	1	84.00000000	80.00000000
10	136	1	84.00000000	80.00000000
10	137	1	84.00000000	80.00000000
10	138	1	84.00000000	80.00000000
10	139	1	84.00000000	80.00000000
10	140	1	84.00000000	80.00000000
10	141	1	84.00000000	80.00000000
10	142	1	84.00000000	80.00000000
10	143	1	84.00000000	80.00000000
10	144	1	84.00000000	80.00000000
10	145	1	84.00000000	80.00000000
10	146	1	84.00000000	80.00000000
10	147	1	84.00000000	80.00000000
10	148	1	84.00000000	80.00000000
10	149	1	84.00000000	80.00000000
10	150	1	84.00000000	80.00000000
10	151	1	84.00000000	80.00000000
10	152	1	84.00000000	80.00000000
10	153	1	84.00000000	80.00000000
10	154	1	84.00000000	80.00000000
10	155	1	84.00000000	80.00000000
10	156	1	84.00000000	80.00000000
10	157	1	84.00000000	80.00000000
10	158	1	84.00000000	80.00000000
10	159	1	84.00000000	80.00000000
10	160	1	84.00000000	80.00000000
10	161	1	84.00000000	80.00000000
10	162	1	84.00000000	80.00000000
10	163	1	84.00000000	80.00000000
10	164	1	84.00000000	80.00000000
10	165	1	84.00000000	80.00000000
10	166	1	84.00000000	80.00000000
10	167	1	84.00000000	80.00000000
10	168	1	84.00000000	80.00000000
10	169	1	84.00000000	80.00000000
10	170	1	84.00000000	80.00000000
10	171	1	84.00000000	80.00000000
10	172	1	84.00000000	80.00000000
10	173	1	84.00000000	80.00000000
10	174	1	84.00000000	80.00000000
10	175	1	84.00000000	80.00000000
10	176	1	84.00000000	80.00000000
10	177	1	84.00000000	80.00000000
10	178	1	84.00000000	80.00000000
10	179	1	84.00000000	80.00000000
10	180	1	84.00000000	80.00000000
10	181	1	84.00000000	80.00000000
10	182	1	84.00000000	80.00000000
10	183	1	84.00000000	80.00000000
10	184	1	84.00000000	80.00000000
10	185	1	84.00000000	80.00000000
10	186	1	84.00000000	80.00000000
10	187	1	84.00000000	80.00000000
10	188	1	84.00000000	80.00000000
10	189	1	84.00000000	80.00000000
10	190	1	84.00000000	80.00000000
10	191	1	84.00000000	80.00000000
10	192	1	84.00000000	80.00000000
10	193	1	84.00000000	80.00000000
10	194	1	84.00000000	80.00000000
10	195	1	84.00000000	80.00000000
10	196	1	84.00000000	80.00000000
10	197	1	84.00000000	80.00000000
10	198	1	84.00000000	80.00000000
10	199	1	84.00000000	80.00000000
10	200	1	84.00000000	80.00000000
10	201	1	84.00000000	80.00000000
10	202	1	84.00000000	80.00000000
10	203	1	84.00000000	80.00000000
10	204	1	84.00000000	80.00000000
10	205	1	84.00000000	80.00000000
10	206	1	84.00000000	80.00000000
10	207	1	84.00000000	80.00000000
11	0	1	84.00000000	80.00000000
11	1	1	84.00000000	80.00000000
11	2	1	84.00000000	80.00000000
11	3	1	84.00000000	80.00000000
11	4	1	84.00000000	80.00000000
11	5	1	84.00000000	80.00000000
11	6	1	84.00000000	80.00000000
11	7	1	84.00000000	80.00000000
11	8	1	84.00000000	80.00000000
11	9	1	84.00000000	80.00000000
11	10	1	84.00000000	80.00000000
11	11	1	84.00000000	80.00000000
11	12	1	84.00000000	80.00000000
11	13	1	84.00000000	80.00000000
11	14	1	84.00000000	80.00000000
11	15	1	84.00000000	80.00000000
11	16	1	84.00000000	80.00000000
11	17	1	84.00000000	80.00000000
11	18	1	84.00000000	80.00000000
11	19	1	84.00000000	80.00000000
11	20	1	84.00000000	80.00000000
11	21	1	84.00000000	80.00000000
11	22	1	84.00000000	80.00000000
11	23	1	84.00000000	80.00000000
11	24	1	84.00000000	80.00000000
11	25	1	84.00000000	80.00000000
11	26	1	84.00000000	80.00000000
11	27	1	84.00000000	80.00000000
11	28	1	84.00000000	80.00000000
11	29	1	84.00000000	80.00000000
11	30	1	84.00000000	80.00000000
11	31	1	84.00000000	80.00000000
11	32	1	84.00000000	80.00000000
11	33	1	84.00000000	80.00000000
11	34	1	84.00000000	80.00000000
11	35	1	84.00000000	80.00000000
11	36	1	84.00000000	80.00000000
11	37	1	84.00000000	80.00000000
11	38	1	84.00000000	80.00000000
11	39	1	84.00000000	80.00000000
11	40	1	84.00000000	80.00000000
11	41	1	84.00000000	80.00000000
11	42	1	84.00000000	80.00000000
11	43	1	84.00000000	80.00000000
11	44	1	84.00000000	80.00000000
11	45	1	84.00000000	80.00000000
11	46	1	84.00000000	80.00000000
11	47	1	84.00000000	80.00000000
11	48	1	84.00000000	80.00000000
11	49	1	84.00000000	80.00000000
11	50	1	84.00000000	80.00000000
11	51	1	84.00000000	80.00000000
11	52	1	84.00000000	80.00000000
11	53	1	84.00000000	80.00000000
11	54	1	84.00000000	80.00000000
11	55	1	84.00000000	80.00000000
11	56	1	84.00000000	80.00000000
11	57	1	84.00000000	80.00000000
11	58	1	84.00000000	80.00000000
11	59	1	84.00000000	80.00000000
11	60	1	84.00000000	80.00000000
11	61	1	84.00000000	80.00000000
11	62	1	84.00000000	80.00000000
11	63	1	84.00000000	80.00000000
11	64	1	84.00000000	80.00000000
11	65	1	84.00000000	80.00000000
11	66	1	84.00000000	80.00000000
11	67	1	84.00000000	80.00000000
11	68	1	84.00000000	80.00000000
11	69	1	84.00000000	80.00000000
11	70	1	84.00000000	80.00000000
11	71	1	84.00000000	80.00000000
11	72	1	84.00000000	80.00000000
11	73	1	84.00000000	80.00000000
11	74	1	84.00000000	80.00000000
11	75	1	84.00000000	80.00000000
11	76	1	84.00000000	80.00000000
11	77	1	84.00000000	80.00000000
11	78	1	84.00000000	80.00000000
11	79	1	84.00000000	80.00000000
11	80	1	84.00000000	80.00000000
11	81	1	84.00000000	80.00000000
11	82	1	84.00000000	80.00000000
11	83	1	84.00000000	80.00000000
11	84	1	84.00000000	80.00000000
11	85	1	84.00000000	80.00000000
11	86	1	84.00000000	80.00000000
11	87	1	84.00000000	80.00000000
11	88	1	84.00000000	80.00000000
11	89	1	84.00000000	80.00000000
11	90	1	84.00000000	80.00000000
11	91	1	84.00000000	80.00000000
11	92	1	84.00000000	80.00000000
11	93	1	84.00000000	80.00000000
11	94	1	84.00000000	80.00000000
11	95	1	84.00000000	80.00000000
11	96	1	84.00000000	80.00000000
11	97	1	84.00000000	80.00000000
11	98	1	84.00000000	80.00000000
11	99	1	84.00000000	80.00000000
11	100	1	84.00000000	80.00000000
11	101	1	84.00000000	80.00000000
11	102	1	84.00000000	80.00000000
11	103	1	84.00000000	80.00000000
11	104	1	84.00000000	80.00000000
11	105	1	84.00000000	80.00000000
11	106	1	84.00000000	80.00000000
11	107	1	84.00000000	80.00000000
11	108	1	84.00000000	80.00000000
11	109	1	84.00000000	80.00000000
11	110	1	84.00000000	80.00000000
11	111	1	84.00000000	80.00000000
11	112	1	84.00000000	80.00000000
11	113	1	84.00000000	80.00000000
11	114	1	84.00000000	80.00000000
11	115	1	84.00000000	80.00000000
11	116	1	84.00000000	80.00000000
11	117	1	84.00000000	80.00000000
11	118	1	84.00000000	80.00000000
11	119	1	84.00000000	80.00000000
11	120	1	84.00000000	80.00000000
11	121	1	84.00000000	80.00000000
11	122	1	84.00000000	80.00000000
11	123	1	84.00000000	80.00000000
11	124	1	84.00000000	80.00000000
11	125	1	84.00000000	80.00000000
11	126	1	84.00000000	80.00000000
11	127	1	84.00000000	80.00000000
11	128	1	84.00000000	80.00000000
11	129	1	84.00000000	80.00000000
11	130	1	84.00000000	80.00000000
11	131	1	84.00000000	80.00000000
11	132	1	84.00000000	80.00000000
11	133	1	84.00000000	80.00000000
11	134	1	84.00000000	80.00000000
11	135	1	84.00000000	80.00000000
11	136	1	84.00000000	80.00000000
11	137	1	84.00000000	80.00000000
11	138	1	84.00000000	80.00000000
11	139	1	84.00000000	80.00000000
11	140	1	84.00000000	80.00000000
11	141	1	84.00000000	80.00000000
11	142	1	84.00000000	80.00000000
11	143	1	84.00000000	80.00000000
11	144	1	84.00000000	80.00000000
11	145	1	84.00000000	80.00000000
11	146	1	84.00000000	80.00000000
11	147	1	84.00000000	80.00000000
11	148	1	84.00000000	80.00000000
11	149	1	84.00000000	80.00000000
11	150	1	84.00000000	80.00000000
11	151	1	84.00000000	80.00000000
11	152	1	84.00000000	80.00000000
11	153	1	84.00000000	80.00000000
11	154	1	84.00000000	80.00000000
11	155	1	84.00000000	80.00000000
11	156	1	84.00000000	80.00000000
11	157	1	84.00000000	80.00000000
11	158	1	84.00000000	80.00000000
11	159	1	84.00000000	80.00000000
11	160	1	84.00000000	80.00000000
11	161	1	84.00000000	80.00000000
11	162	1	84.00000000	80.00000000
11	163	1	84.00000000	80.00000000
11	164	1	84.00000000	80.00000000
11	165	1	84.00000000	80.00000000
11	166	1	84.00000000	80.00000000
11	167	1	84.00000000	80.00000000
11	168	1	84.00000000	80.00000000
11	169	1	84.00000000	80.00000000
11	170	1	84.00000000	80.00000000
11	171	1	84.00000000	80.00000000
11	172	1	84.00000000	80.00000000
11	173	1	84.00000000	80.00000000
11	174	1	84.00000000	80.00000000
11	175	1	84.00000000	80.00000000
11	176	1	84.00000000	80.00000000
11	177	1	84.00000000	80.00000000
11	178	1	84.00000000	80.00000000
11	179	1	84.00000000	80.00000000
11	180	1	84.00000000	80.00000000
11	181	1	84.00000000	80.00000000
11	182	1	84.00000000	80.00000000
11	183	1	84.00000000	80.00000000
11	184	1	84.00000000	80.00000000
11	185	1	84.00000000	80.00000000
11	186	1	84.00000000	80.00000000
11	187	1	84.00000000	80.00000000
11	188	1	84.00000000	80.00000000
11	189	1	84.00000000	80.00000000
11	190	1	84.00000000	80.00000000
11	191	1	84.00000000	80.00000000
11	192	1	84.00000000	80.00000000
11	193	1	84.00000000	80.00000000
11	194	1	84.00000000	80.00000000
11	195	1	84.00000000	80.00000000
11	196	1	84.00000000	80.00000000
11	197	1	84.00000000	80.00000000
11	198	1	84.00000000	80.00000000
11	199	1	84.00000000	80.00000000
11	200	1	84.00000000	80.00000000
11	201	1	84.00000000	80.00000000
11	202	1	84.00000000	80.00000000
11	203	1	84.00000000	80.00000000
11	204	1	84.00000000	80.00000000
11	205	1	84.00000000	80.00000000
11	206	1	84.00000000	80.00000000
11	207	1	84.00000000	80.00000000
11	208	1	84.00000000	80.00000000
11	209	1	84.00000000	80.00000000
11	210	1	84.00000000	80.00000000
11	211	1	84.00000000	80.00000000
11	212	1	84.00000000	80.00000000
11	213	1	84.00000000	80.00000000
11	214	1	84.00000000	80.00000000
11	215	1	84.00000000	80.00000000
11	216	1	84.00000000	80.00000000
11	217	1	84.00000000	80.00000000
12	0	1	84.00000000	80.00000000
12	1	1	84.00000000	80.00000000
12	2	1	84.00000000	80.00000000
12	3	1	84.00000000	80.00000000
12	4	1	84.00000000	80.00000000
12	5	1	84.00000000	80.00000000
12	6	1	84.00000000	80.00000000
12	7	1	84.00000000	80.00000000
12	8	1	84.00000000	80.00000000
12	9	1	84.00000000	80.00000000
12	10	1	84.00000000	80.00000000
12	11	1	84.00000000	80.00000000
12	12	1	84.00000000	80.00000000
12	13	1	84.00000000	80.00000000
12	14	1	84.00000000	80.00000000
12	15	1	84.00000000	80.00000000
12	16	1	84.00000000	80.00000000
12	17	1	84.00000000	80.00000000
12	18	1	84.00000000	80.00000000
12	19	1	84.00000000	80.00000000
12	20	1	84.00000000	80.00000000
12	21	1	84.00000000	80.00000000
12	22	1	84.00000000	80.00000000
12	23	1	84.00000000	80.00000000
12	24	1	84.00000000	80.00000000
12	25	1	84.00000000	80.00000000
12	26	1	84.00000000	80.00000000
12	27	1	84.00000000	80.00000000
12	28	1	84.00000000	80.00000000
12	29	1	84.00000000	80.00000000
12	30	1	84.00000000	80.00000000
12	31	1	84.00000000	80.00000000
12	32	1	84.00000000	80.00000000
12	33	1	84.00000000	80.00000000
12	34	1	84.00000000	80.00000000
12	35	1	84.00000000	80.00000000
12	36	1	84.00000000	80.00000000
12	37	1	84.00000000	80.00000000
12	38	1	84.00000000	80.00000000
12	39	1	84.00000000	80.00000000
12	40	1	84.00000000	80.00000000
12	41	1	84.00000000	80.00000000
12	42	1	84.00000000	80.00000000
12	43	1	84.00000000	80.00000000
12	44	1	84.00000000	80.00000000
12	45	1	84.00000000	80.00000000
12	46	1	84.00000000	80.00000000
12	47	1	84.00000000	80.00000000
12	48	1	84.00000000	80.00000000
12	49	1	84.00000000	80.00000000
12	50	1	84.00000000	80.00000000
12	51	1	84.00000000	80.00000000
12	52	1	84.00000000	80.00000000
12	53	1	84.00000000	80.00000000
12	54	1	84.00000000	80.00000000
12	55	1	84.00000000	80.00000000
12	56	1	84.00000000	80.00000000
12	57	1	84.00000000	80.00000000
12	58	1	84.00000000	80.00000000
12	59	1	84.00000000	80.00000000
12	60	1	84.00000000	80.00000000
12	61	1	84.00000000	80.00000000
12	62	1	84.00000000	80.00000000
12	63	1	84.00000000	80.00000000
12	64	1	84.00000000	80.00000000
12	65	1	84.00000000	80.00000000
12	66	1	84.00000000	80.00000000
12	67	1	84.00000000	80.00000000
12	68	1	84.00000000	80.00000000
12	69	1	84.00000000	80.00000000
12	70	1	84.00000000	80.00000000
12	71	1	84.00000000	80.00000000
12	72	1	84.00000000	80.00000000
12	73	1	84.00000000	80.00000000
12	74	1	84.00000000	80.00000000
12	75	1	84.00000000	80.00000000
12	76	1	84.00000000	80.00000000
12	77	1	84.00000000	80.00000000
12	78	1	84.00000000	80.00000000
12	79	1	84.00000000	80.00000000
12	80	1	84.00000000	80.00000000
12	81	1	84.00000000	80.00000000
12	82	1	84.00000000	80.00000000
12	83	1	84.00000000	80.00000000
12	84	1	84.00000000	80.00000000
12	85	1	84.00000000	80.00000000
12	86	1	84.00000000	80.00000000
12	87	1	84.00000000	80.00000000
12	88	1	84.00000000	80.00000000
12	89	1	84.00000000	80.00000000
12	90	1	84.00000000	80.00000000
12	91	1	84.00000000	80.00000000
12	92	1	84.00000000	80.00000000
12	93	1	84.00000000	80.00000000
12	94	1	84.00000000	80.00000000
12	95	1	84.00000000	80.00000000
12	96	1	84.00000000	80.00000000
12	97	1	84.00000000	80.00000000
12	98	1	84.00000000	80.00000000
12	99	1	84.00000000	80.00000000
12	100	1	84.00000000	80.00000000
12	101	1	84.00000000	80.00000000
12	102	1	84.00000000	80.00000000
12	103	1	84.00000000	80.00000000
12	104	1	84.00000000	80.00000000
12	105	1	84.00000000	80.00000000
12	106	1	84.00000000	80.00000000
12	107	1	84.00000000	80.00000000
12	108	1	84.00000000	80.00000000
12	109	1	84.00000000	80.00000000
12	110	1	84.00000000	80.00000000
12	111	1	84.00000000	80.00000000
12	112	1	84.00000000	80.00000000
12	113	1	84.00000000	80.00000000
12	114	1	84.00000000	80.00000000
12	115	1	84.00000000	80.00000000
12	116	1	84.00000000	80.00000000
12	117	1	84.00000000	80.00000000
12	118	1	84.00000000	80.00000000
12	119	1	84.00000000	80.00000000
12	120	1	84.00000000	80.00000000
12	121	1	84.00000000	80.00000000
12	122	1	84.00000000	80.00000000
12	123	1	84.00000000	80.00000000
12	124	1	84.00000000	80.00000000
12	125	1	84.00000000	80.00000000
12	126	1	84.00000000	80.00000000
12	127	1	84.00000000	80.00000000
12	128	1	84.00000000	80.00000000
12	129	1	84.00000000	80.00000000
12	130	1	84.00000000	80.00000000
12	131	1	84.00000000	80.00000000
12	132	1	84.00000000	80.00000000
12	133	1	84.00000000	80.00000000
12	134	1	84.00000000	80.00000000
12	135	1	84.00000000	80.00000000
12	136	1	84.00000000	80.00000000
12	137	1	84.00000000	80.00000000
12	138	1	84.00000000	80.00000000
12	139	1	84.00000000	80.00000000
12	140	1	84.00000000	80.00000000
12	141	1	84.00000000	80.00000000
12	142	1	84.00000000	80.00000000
12	143	1	84.00000000	80.00000000
12	144	1	84.00000000	80.00000000
12	145	1	84.00000000	80.00000000
12	146	1	84.00000000	80.00000000
12	147	1	84.00000000	80.00000000
12	148	1	84.00000000	80.00000000
12	149	1	84.00000000	80.00000000
12	150	1	84.00000000	80.00000000
12	151	1	84.00000000	80.00000000
12	152	1	84.00000000	80.00000000
12	153	1	84.00000000	80.00000000
12	154	1	84.00000000	80.00000000
12	155	1	84.00000000	80.00000000
12	156	1	84.00000000	80.00000000
12	157	1	84.00000000	80.00000000
12	158	1	84.00000000	80.00000000
12	159	1	84.00000000	80.00000000
12	160	1	84.00000000	80.00000000
12	161	1	84.00000000	80.00000000
12	162	1	84.00000000	80.00000000
12	163	1	84.00000000	80.00000000
12	164	1	84.00000000	80.00000000
12	165	1	84.00000000	80.00000000
12	166	1	84.00000000	80.00000000
12	167	1	84.00000000	80.00000000
12	168	1	84.00000000	80.00000000
12	169	1	84.00000000	80.00000000
12	170	1	84.00000000	80.00000000
12	171	1	84.00000000	80.00000000
12	172	1	84.00000000	80.00000000
12	173	1	84.00000000	80.00000000
12	174	1	84.00000000	80.00000000
12	175	1	84.00000000	80.00000000
12	176	1	84.00000000	80.00000000
12	177	1	84.00000000	80.00000000
12	178	1	84.00000000	80.00000000
12	179	1	84.00000000	80.00000000
12	180	1	84.00000000	80.00000000
12	181	1	84.00000000	80.00000000
12	182	1	84.00000000	80.00000000
12	183	1	84.00000000	80.00000000
12	184	1	84.00000000	80.00000000
12	185	1	84.00000000	80.00000000
12	186	1	84.00000000	80.00000000
12	187	1	84.00000000	80.00000000
12	188	1	84.00000000	80.00000000
12	189	1	84.00000000	80.00000000
12	190	1	84.00000000	80.00000000
12	191	1	84.00000000	80.00000000
12	192	1	84.00000000	80.00000000
12	193	1	84.00000000	80.00000000
12	194	1	84.00000000	80.00000000
12	195	1	84.00000000	80.00000000
12	196	1	84.00000000	80.00000000
12	197	1	84.00000000	80.00000000
12	198	1	84.00000000	80.00000000
12	199	1	84.00000000	80.00000000
12	200	1	84.00000000	80.00000000
12	201	1	84.00000000	80.00000000
12	202	1	84.00000000	80.00000000
12	203	1	84.00000000	80.00000000
12	204	1	84.00000000	80.00000000
12	205	1	84.00000000	80.00000000
12	206	1	84.00000000	80.00000000
12	207	1	84.00000000	80.00000000
12	208	1	84.00000000	80.00000000
12	209	1	84.00000000	80.00000000
12	210	1	84.00000000	80.00000000
12	211	1	84.00000000	80.00000000
12	212	1	84.00000000	80.00000000
12	213	1	84.00000000	80.00000000
12	214	1	84.00000000	80.00000000
12	215	1	84.00000000	80.00000000
12	216	1	84.00000000	80.00000000
12	217	1	84.00000000	80.00000000
12	218	1	84.00000000	80.00000000
12	219	1	84.00000000	80.00000000
12	220	1	84.00000000	80.00000000
12	221	1	84.00000000	80.00000000
12	222	1	84.00000000	80.00000000
12	223	1	84.00000000	80.00000000
12	224	1	84.00000000	80.00000000
12	225	1	84.00000000	80.00000000
12	226	1	84.00000000	80.00000000
12	227	1	84.00000000	80.00000000
12	228	1	84.00000000	80.00000000
12	229	1	84.00000000	80.00000000
13	0	1	84.00000000	80.00000000
13	1	1	84.00000000	80.00000000
13	2	1	84.00000000	80.00000000
13	3	1	84.00000000	80.00000000
13	4	1	84.00000000	80.00000000
13	5	1	84.00000000	80.00000000
13	6	1	84.00000000	80.00000000
13	7	1	84.00000000	80.00000000
13	8	1	84.00000000	80.00000000
13	9	1	84.00000000	80.00000000
13	10	1	84.00000000	80.00000000
13	11	1	84.00000000	80.00000000
13	12	1	84.00000000	80.00000000
13	13	1	84.00000000	80.00000000
13	14	1	84.00000000	80.00000000
13	15	1	84.00000000	80.00000000
13	16	1	84.00000000	80.00000000
13	17	1	84.00000000	80.00000000
13	18	1	84.00000000	80.00000000
13	19	1	84.00000000	80.00000000
13	20	1	84.00000000	80.00000000
13	21	1	84.00000000	80.00000000
13	22	1	84.00000000	80.00000000
13	23	1	84.00000000	80.00000000
13	24	1	84.00000000	80.00000000
13	25	1	84.00000000	80.00000000
13	26	1	84.00000000	80.00000000
13	27	1	84.00000000	80.00000000
13	28	1	84.00000000	80.00000000
13	29	1	84.00000000	80.00000000
13	30	1	84.00000000	80.00000000
13	31	1	84.00000000	80.00000000
13	32	1	84.00000000	80.00000000
13	33	1	84.00000000	80.00000000
13	34	1	84.00000000	80.00000000
13	35	1	84.00000000	80.00000000
13	36	1	84.00000000	80.00000000
13	37	1	84.00000000	80.00000000
13	38	1	84.00000000	80.00000000
13	39	1	84.00000000	80.00000000
13	40	1	84.00000000	80.00000000
13	41	1	84.00000000	80.00000000
13	42	1	84.00000000	80.00000000
13	43	1	84.00000000	80.00000000
13	44	1	84.00000000	80.00000000
13	45	1	84.00000000	80.00000000
13	46	1	84.00000000	80.00000000
13	47	1	84.00000000	80.00000000
13	48	1	84.00000000	80.00000000
13	49	1	84.00000000	80.00000000
13	50	1	84.00000000	80.00000000
13	51	1	84.00000000	80.00000000
13	52	1	84.00000000	80.00000000
13	53	1	84.00000000	80.00000000
13	54	1	84.00000000	80.00000000
13	55	1	84.00000000	80.00000000
13	56	1	84.00000000	80.00000000
13	57	1	84.00000000	80.00000000
13	58	1	84.00000000	80.00000000
13	59	1	84.00000000	80.00000000
13	60	1	84.00000000	80.00000000
13	61	1	84.00000000	80.00000000
13	62	1	84.00000000	80.00000000
13	63	1	84.00000000	80.00000000
13	64	1	84.00000000	80.00000000
13	65	1	84.00000000	80.00000000
13	66	1	84.00000000	80.00000000
13	67	1	84.00000000	80.00000000
13	68	1	84.00000000	80.00000000
13	69	1	84.00000000	80.00000000
13	70	1	84.00000000	80.00000000
13	71	1	84.00000000	80.00000000
13	72	1	84.00000000	80.00000000
13	73	1	84.00000000	80.00000000
13	74	1	84.00000000	80.00000000
13	75	1	84.00000000	80.00000000
13	76	1	84.00000000	80.00000000
13	77	1	84.00000000	80.00000000
13	78	1	84.00000000	80.00000000
13	79	1	84.00000000	80.00000000
13	80	1	84.00000000	80.00000000
13	81	1	84.00000000	80.00000000
13	82	1	84.00000000	80.00000000
13	83	1	84.00000000	80.00000000
13	84	1	84.00000000	80.00000000
13	85	1	84.00000000	80.00000000
13	86	1	84.00000000	80.00000000
13	87	1	84.00000000	80.00000000
13	88	1	84.00000000	80.00000000
13	89	1	84.00000000	80.00000000
13	90	1	84.00000000	80.00000000
13	91	1	84.00000000	80.00000000
13	92	1	84.00000000	80.00000000
13	93	1	84.00000000	80.00000000
13	94	1	84.00000000	80.00000000
13	95	1	84.00000000	80.00000000
13	96	1	84.00000000	80.00000000
13	97	1	84.00000000	80.00000000
13	98	1	84.00000000	80.00000000
13	99	1	84.00000000	80.00000000
13	100	1	84.00000000	80.00000000
13	101	1	84.00000000	80.00000000
13	102	1	84.00000000	80.00000000
13	103	1	84.00000000	80.00000000
13	104	1	84.00000000	80.00000000
13	105	1	84.00000000	80.00000000
13	106	1	84.00000000	80.00000000
13	107	1	84.00000000	80.00000000
13	108	1	84.00000000	80.00000000
13	109	1	84.00000000	80.00000000
13	110	1	84.00000000	80.00000000
13	111	1	84.00000000	80.00000000
13	112	1	84.00000000	80.00000000
13	113	1	84.00000000	80.00000000
13	114	1	84.00000000	80.00000000
13	115	1	84.00000000	80.00000000
13	116	1	84.00000000	80.00000000
13	117	1	84.00000000	80.00000000
13	118	1	84.00000000	80.00000000
13	119	1	84.00000000	80.00000000
13	120	1	84.00000000	80.00000000
13	121	1	84.00000000	80.00000000
13	122	1	84.00000000	80.00000000
13	123	1	84.00000000	80.00000000
13	124	1	84.00000000	80.00000000
13	125	1	84.00000000	80.00000000
13	126	1	84.00000000	80.00000000
13	127	1	84.00000000	80.00000000
13	128	1	84.00000000	80.00000000
13	129	1	84.00000000	80.00000000
13	130	1	84.00000000	80.00000000
13	131	1	84.00000000	80.00000000
13	132	1	84.00000000	80.00000000
13	133	1	84.00000000	80.00000000
13	134	1	84.00000000	80.00000000
13	135	1	84.00000000	80.00000000
13	136	1	84.00000000	80.00000000
13	137	1	84.00000000	80.00000000
13	138	1	84.00000000	80.00000000
13	139	1	84.00000000	80.00000000
13	140	1	84.00000000	80.00000000
13	141	1	84.00000000	80.00000000
13	142	1	84.00000000	80.00000000
13	143	1	84.00000000	80.00000000
13	144	1	84.00000000	80.00000000
13	145	1	84.00000000	80.00000000
13	146	1	84.00000000	80.00000000
13	147	1	84.00000000	80.00000000
13	148	1	84.00000000	80.00000000
13	149	1	84.00000000	80.00000000
13	150	1	84.00000000	80.00000000
13	151	1	84.00000000	80.00000000
13	152	1	84.00000000	80.00000000
13	153	1	84.00000000	80.00000000
13	154	1	84.00000000	80.00000000
13	155	1	84.00000000	80.00000000
13	156	1	84.00000000	80.00000000
13	157	1	84.00000000	80.00000000
13	158	1	84.00000000	80.00000000
13	159	1	84.00000000	80.00000000
13	160	1	84.00000000	80.00000000
13	161	1	84.00000000	80.00000000
13	162	1	84.00000000	80.00000000
13	163	1	84.00000000	80.00000000
13	164	1	84.00000000	80.00000000
13	165	1	84.00000000	80.00000000
13	166	1	84.00000000	80.00000000
13	167	1	84.00000000	80.00000000
13	168	1	84.00000000	80.00000000
13	169	1	84.00000000	80.00000000
13	170	1	84.00000000	80.00000000
13	171	1	84.00000000	80.00000000
13	172	1	84.00000000	80.00000000
13	173	1	84.00000000	80.00000000
13	174	1	84.00000000	80.00000000
13	175	1	84.00000000	80.00000000
13	176	1	84.00000000	80.00000000
13	177	1	84.00000000	80.00000000
13	178	1	84.00000000	80.00000000
13	179	1	84.00000000	80.00000000
13	180	1	84.00000000	80.00000000
13	181	1	84.00000000	80.00000000
13	182	1	84.00000000	80.00000000
13	183	1	84.00000000	80.00000000
13	184	1	84.00000000	80.00000000
13	185	1	84.00000000	80.00000000
13	186	1	84.00000000	80.00000000
13	187	1	84.00000000	80.00000000
13	188	1	84.00000000	80.00000000
13	189	1	84.00000000	80.00000000
13	190	1	84.00000000	80.00000000
13	191	1	84.00000000	80.00000000
13	192	1	84.00000000	80.00000000
13	193	1	84.00000000	80.00000000
13	194	1	84.00000000	80.00000000
13	195	1	84.00000000	80.00000000
13	196	1	84.00000000	80.00000000
13	197	1	84.00000000	80.00000000
13	198	1	84.00000000	80.00000000
13	199	1	84.00000000	80.00000000
13	200	1	84.00000000	80.00000000
13	201	1	84.00000000	80.00000000
13	202	1	84.00000000	80.00000000
13	203	1	84.00000000	80.00000000
13	204	1	84.00000000	80.00000000
13	205	1	84.00000000	80.00000000
13	206	1	84.00000000	80.00000000
13	207	1	84.00000000	80.00000000
13	208	1	84.00000000	80.00000000
13	209	1	84.00000000	80.00000000
13	210	1	84.00000000	80.00000000
13	211	1	84.00000000	80.00000000
13	212	1	84.00000000	80.00000000
13	213	1	84.00000000	80.00000000
14	0	1	84.00000000	80.00000000
14	1	1	84.00000000	80.00000000
14	2	1	84.00000000	80.00000000
14	3	1	84.00000000	80.00000000
14	4	1	84.00000000	80.00000000
14	5	1	84.00000000	80.00000000
14	6	1	84.00000000	80.00000000
14	7	1	84.00000000	80.00000000
14	8	1	84.00000000	80.00000000
14	9	1	84.00000000	80.00000000
14	10	1	84.00000000	80.00000000
14	11	1	84.00000000	80.00000000
14	12	1	84.00000000	80.00000000
14	13	1	84.00000000	80.00000000
14	14	1	84.00000000	80.00000000
14	15	1	84.00000000	80.00000000
14	16	1	84.00000000	80.00000000
14	17	1	84.00000000	80.00000000
14	18	1	84.00000000	80.00000000
14	19	1	84.00000000	80.00000000
14	20	1	84.00000000	80.00000000
14	21	1	84.00000000	80.00000000
14	22	1	84.00000000	80.00000000
14	23	1	84.00000000	80.00000000
14	24	1	84.00000000	80.00000000
14	25	1	84.00000000	80.00000000
14	26	1	84.00000000	80.00000000
14	27	1	84.00000000	80.00000000
14	28	1	84.00000000	80.00000000
14	29	1	84.00000000	80.00000000
14	30	1	84.00000000	80.00000000
14	31	1	84.00000000	80.00000000
14	32	1	84.00000000	80.00000000
14	33	1	84.00000000	80.00000000
14	34	1	84.00000000	80.00000000
14	35	1	84.00000000	80.00000000
14	36	1	84.00000000	80.00000000
14	37	1	84.00000000	80.00000000
14	38	1	84.00000000	80.00000000
14	39	1	84.00000000	80.00000000
14	40	1	84.00000000	80.00000000
14	41	1	84.00000000	80.00000000
14	42	1	84.00000000	80.00000000
14	43	1	84.00000000	80.00000000
14	44	1	84.00000000	80.00000000
14	45	1	84.00000000	80.00000000
14	46	1	84.00000000	80.00000000
14	47	1	84.00000000	80.00000000
14	48	1	84.00000000	80.00000000
14	49	1	84.00000000	80.00000000
14	50	1	84.00000000	80.00000000
14	51	1	84.00000000	80.00000000
14	52	1	84.00000000	80.00000000
14	53	1	84.00000000	80.00000000
14	54	1	84.00000000	80.00000000
14	55	1	84.00000000	80.00000000
14	56	1	84.00000000	80.00000000
14	57	1	84.00000000	80.00000000
14	58	1	84.00000000	80.00000000
14	59	1	84.00000000	80.00000000
14	60	1	84.00000000	80.00000000
14	61	1	84.00000000	80.00000000
14	62	1	84.00000000	80.00000000
14	63	1	84.00000000	80.00000000
14	64	1	84.00000000	80.00000000
14	65	1	84.00000000	80.00000000
14	66	1	84.00000000	80.00000000
14	67	1	84.00000000	80.00000000
14	68	1	84.00000000	80.00000000
14	69	1	84.00000000	80.00000000
14	70	1	84.00000000	80.00000000
14	71	1	84.00000000	80.00000000
14	72	1	84.00000000	80.00000000
14	73	1	84.00000000	80.00000000
14	74	1	84.00000000	80.00000000
14	75	1	84.00000000	80.00000000
14	76	1	84.00000000	80.00000000
14	77	1	84.00000000	80.00000000
14	78	1	84.00000000	80.00000000
14	79	1	84.00000000	80.00000000
14	80	1	84.00000000	80.00000000
14	81	1	84.00000000	80.00000000
14	82	1	84.00000000	80.00000000
14	83	1	84.00000000	80.00000000
14	84	1	84.00000000	80.00000000
14	85	1	84.00000000	80.00000000
14	86	1	84.00000000	80.00000000
14	87	1	84.00000000	80.00000000
14	88	1	84.00000000	80.00000000
14	89	1	84.00000000	80.00000000
14	90	1	84.00000000	80.00000000
14	91	1	84.00000000	80.00000000
14	92	1	84.00000000	80.00000000
14	93	1	84.00000000	80.00000000
14	94	1	84.00000000	80.00000000
14	95	1	84.00000000	80.00000000
14	96	1	84.00000000	80.00000000
14	97	1	84.00000000	80.00000000
14	98	1	84.00000000	80.00000000
14	99	1	84.00000000	80.00000000
14	100	1	84.00000000	80.00000000
14	101	1	84.00000000	80.00000000
14	102	1	84.00000000	80.00000000
14	103	1	84.00000000	80.00000000
14	104	1	84.00000000	80.00000000
14	105	1	84.00000000	80.00000000
14	106	1	84.00000000	80.00000000
14	107	1	84.00000000	80.00000000
14	108	1	84.00000000	80.00000000
14	109	1	84.00000000	80.00000000
14	110	1	84.00000000	80.00000000
14	111	1	84.00000000	80.00000000
14	112	1	84.00000000	80.00000000
14	113	1	84.00000000	80.00000000
14	114	1	84.00000000	80.00000000
14	115	1	84.00000000	80.00000000
14	116	1	84.00000000	80.00000000
14	117	1	84.00000000	80.00000000
14	118	1	84.00000000	80.00000000
14	119	1	84.00000000	80.00000000
14	120	1	84.00000000	80.00000000
14	121	1	84.00000000	80.00000000
14	122	1	84.00000000	80.00000000
14	123	1	84.00000000	80.00000000
14	124	1	84.00000000	80.00000000
14	125	1	84.00000000	80.00000000
14	126	1	84.00000000	80.00000000
14	127	1	84.00000000	80.00000000
14	128	1	84.00000000	80.00000000
14	129	1	84.00000000	80.00000000
14	130	1	84.00000000	80.00000000
14	131	1	84.00000000	80.00000000
14	132	1	84.00000000	80.00000000
14	133	1	84.00000000	80.00000000
14	134	1	84.00000000	80.00000000
14	135	1	84.00000000	80.00000000
14	136	1	84.00000000	80.00000000
14	137	1	84.00000000	80.00000000
14	138	1	84.00000000	80.00000000
14	139	1	84.00000000	80.00000000
14	140	1	84.00000000	80.00000000
14	141	1	84.00000000	80.00000000
14	142	1	84.00000000	80.00000000
14	143	1	84.00000000	80.00000000
14	144	1	84.00000000	80.00000000
14	145	1	84.00000000	80.00000000
14	146	1	84.00000000	80.00000000
14	147	1	84.00000000	80.00000000
14	148	1	84.00000000	80.00000000
14	149	1	84.00000000	80.00000000
14	150	1	84.00000000	80.00000000
14	151	1	84.00000000	80.00000000
14	152	1	84.00000000	80.00000000
14	153	1	84.00000000	80.00000000
14	154	1	84.00000000	80.00000000
14	155	1	84.00000000	80.00000000
14	156	1	84.00000000	80.00000000
14	157	1	84.00000000	80.00000000
14	158	1	84.00000000	80.00000000
14	159	1	84.00000000	80.00000000
14	160	1	84.00000000	80.00000000
14	161	1	84.00000000	80.00000000
14	162	1	84.00000000	80.00000000
14	163	1	84.00000000	80.00000000
14	164	1	84.00000000	80.00000000
14	165	1	84.00000000	80.00000000
14	166	1	84.00000000	80.00000000
14	167	1	84.00000000	80.00000000
14	168	1	84.00000000	80.00000000
14	169	1	84.00000000	80.00000000
14	170	1	84.00000000	80.00000000
14	171	1	84.00000000	80.00000000
14	172	1	84.00000000	80.00000000
14	173	1	84.00000000	80.00000000
14	174	1	84.00000000	80.00000000
14	175	1	84.00000000	80.00000000
14	176	1	84.00000000	80.00000000
14	177	1	84.00000000	80.00000000
14	178	1	84.00000000	80.00000000
14	179	1	84.00000000	80.00000000
14	180	1	84.00000000	80.00000000
14	181	1	84.00000000	80.00000000
14	182	1	84.00000000	80.00000000
14	183	1	84.00000000	80.00000000
14	184	1	84.00000000	80.00000000
14	185	1	84.00000000	80.00000000
14	186	1	84.00000000	80.00000000
14	187	1	84.00000000	80.00000000
14	188	1	84.00000000	80.00000000
14	189	1	84.00000000	80.00000000
14	190	1	84.00000000	80.00000000
14	191	1	84.00000000	80.00000000
14	192	1	84.00000000	80.00000000
14	193	1	84.00000000	80.00000000
14	194	1	84.00000000	80.00000000
14	195	1	84.00000000	80.00000000
14	196	1	84.00000000	80.00000000
14	197	1	84.00000000	80.00000000
14	198	1	84.00000000	80.00000000
14	199	1	84.00000000	80.00000000
14	200	1	84.00000000	80.00000000
14	201	1	84.00000000	80.00000000
14	202	1	84.00000000	80.00000000
14	203	1	84.00000000	80.00000000
14	204	1	84.00000000	80.00000000
14	205	1	84.00000000	80.00000000
14	206	1	84.00000000	80.00000000
14	207	1	84.00000000	80.00000000
14	208	1	84.00000000	80.00000000
14	209	1	84.00000000	80.00000000
14	210	1	84.00000000	80.00000000
14	211	1	84.00000000	80.00000000
15	0	1	84.00000000	80.00000000
15	1	1	84.00000000	80.00000000
15	2	1	84.00000000	80.00000000
15	3	1	84.00000000	80.00000000
15	4	1	84.00000000	80.00000000
15	5	1	84.00000000	80.00000000
15	6	1	84.00000000	80.00000000
15	7	1	84.00000000	80.00000000
15	8	1	84.00000000	80.00000000
15	9	1	84.00000000	80.00000000
15	10	1	84.00000000	80.00000000
15	11	1	84.00000000	80.00000000
15	12	1	84.00000000	80.00000000
15	13	1	84.00000000	80.00000000
15	14	1	84.00000000	80.00000000
15	15	1	84.00000000	80.00000000
15	16	1	84.00000000	80.00000000
15	17	1	84.00000000	80.00000000
15	18	1	84.00000000	80.00000000
15	19	1	84.00000000	80.00000000
15	20	1	84.00000000	80.00000000
15	21	1	84.00000000	80.00000000
15	22	1	84.00000000	80.00000000
15	23	1	84.00000000	80.00000000
15	24	1	84.00000000	80.00000000
15	25	1	84.00000000	80.00000000
15	26	1	84.00000000	80.00000000
15	27	1	84.00000000	80.00000000
15	28	1	84.00000000	80.00000000
15	29	1	84.00000000	80.00000000
15	30	1	84.00000000	80.00000000
15	31	1	84.00000000	80.00000000
15	32	1	84.00000000	80.00000000
15	33	1	84.00000000	80.00000000
15	34	1	84.00000000	80.00000000
15	35	1	84.00000000	80.00000000
15	36	1	84.00000000	80.00000000
15	37	1	84.00000000	80.00000000
15	38	1	84.00000000	80.00000000
15	39	1	84.00000000	80.00000000
15	40	1	84.00000000	80.00000000
15	41	1	84.00000000	80.00000000
15	42	1	84.00000000	80.00000000
15	43	1	84.00000000	80.00000000
15	44	1	84.00000000	80.00000000
15	45	1	84.00000000	80.00000000
15	46	1	84.00000000	80.00000000
15	47	1	84.00000000	80.00000000
15	48	1	84.00000000	80.00000000
15	49	1	84.00000000	80.00000000
15	50	1	84.00000000	80.00000000
15	51	1	84.00000000	80.00000000
15	52	1	84.00000000	80.00000000
15	53	1	84.00000000	80.00000000
15	54	1	84.00000000	80.00000000
15	55	1	84.00000000	80.00000000
15	56	1	84.00000000	80.00000000
15	57	1	84.00000000	80.00000000
15	58	1	84.00000000	80.00000000
15	59	1	84.00000000	80.00000000
15	60	1	84.00000000	80.00000000
15	61	1	84.00000000	80.00000000
15	62	1	84.00000000	80.00000000
15	63	1	84.00000000	80.00000000
15	64	1	84.00000000	80.00000000
15	65	1	84.00000000	80.00000000
15	66	1	84.00000000	80.00000000
15	67	1	84.00000000	80.00000000
15	68	1	84.00000000	80.00000000
15	69	1	84.00000000	80.00000000
15	70	1	84.00000000	80.00000000
15	71	1	84.00000000	80.00000000
15	72	1	84.00000000	80.00000000
15	73	1	84.00000000	80.00000000
15	74	1	84.00000000	80.00000000
15	75	1	84.00000000	80.00000000
15	76	1	84.00000000	80.00000000
15	77	1	84.00000000	80.00000000
15	78	1	84.00000000	80.00000000
15	79	1	84.00000000	80.00000000
15	80	1	84.00000000	80.00000000
15	81	1	84.00000000	80.00000000
15	82	1	84.00000000	80.00000000
15	83	1	84.00000000	80.00000000
15	84	1	84.00000000	80.00000000
15	85	1	84.00000000	80.00000000
15	86	1	84.00000000	80.00000000
15	87	1	84.00000000	80.00000000
15	88	1	84.00000000	80.00000000
15	89	1	84.00000000	80.00000000
15	90	1	84.00000000	80.00000000
15	91	1	84.00000000	80.00000000
15	92	1	84.00000000	80.00000000
15	93	1	84.00000000	80.00000000
15	94	1	84.00000000	80.00000000
15	95	1	84.00000000	80.00000000
15	96	1	84.00000000	80.00000000
15	97	1	84.00000000	80.00000000
15	98	1	84.00000000	80.00000000
15	99	1	84.00000000	80.00000000
15	100	1	84.00000000	80.00000000
15	101	1	84.00000000	80.00000000
15	102	1	84.00000000	80.00000000
15	103	1	84.00000000	80.00000000
15	104	1	84.00000000	80.00000000
15	105	1	84.00000000	80.00000000
15	106	1	84.00000000	80.00000000
15	107	1	84.00000000	80.00000000
15	108	1	84.00000000	80.00000000
15	109	1	84.00000000	80.00000000
15	110	1	84.00000000	80.00000000
15	111	1	84.00000000	80.00000000
15	112	1	84.00000000	80.00000000
15	113	1	84.00000000	80.00000000
15	114	1	84.00000000	80.00000000
15	115	1	84.00000000	80.00000000
15	116	1	84.00000000	80.00000000
15	117	1	84.00000000	80.00000000
15	118	1	84.00000000	80.00000000
15	119	1	84.00000000	80.00000000
15	120	1	84.00000000	80.00000000
15	121	1	84.00000000	80.00000000
15	122	1	84.00000000	80.00000000
15	123	1	84.00000000	80.00000000
15	124	1	84.00000000	80.00000000
15	125	1	84.00000000	80.00000000
15	126	1	84.00000000	80.00000000
15	127	1	84.00000000	80.00000000
15	128	1	84.00000000	80.00000000
15	129	1	84.00000000	80.00000000
15	130	1	84.00000000	80.00000000
15	131	1	84.00000000	80.00000000
15	132	1	84.00000000	80.00000000
15	133	1	84.00000000	80.00000000
15	134	1	84.00000000	80.00000000
15	135	1	84.00000000	80.00000000
15	136	1	84.00000000	80.00000000
15	137	1	84.00000000	80.00000000
15	138	1	84.00000000	80.00000000
15	139	1	84.00000000	80.00000000
15	140	1	84.00000000	80.00000000
15	141	1	84.00000000	80.00000000
15	142	1	84.00000000	80.00000000
15	143	1	84.00000000	80.00000000
15	144	1	84.00000000	80.00000000
15	145	1	84.00000000	80.00000000
15	146	1	84.00000000	80.00000000
15	147	1	84.00000000	80.00000000
15	148	1	84.00000000	80.00000000
15	149	1	84.00000000	80.00000000
15	150	1	84.00000000	80.00000000
15	151	1	84.00000000	80.00000000
15	152	1	84.00000000	80.00000000
15	153	1	84.00000000	80.00000000
15	154	1	84.00000000	80.00000000
15	155	1	84.00000000	80.00000000
15	156	1	84.00000000	80.00000000
15	157	1	84.00000000	80.00000000
15	158	1	84.00000000	80.00000000
15	159	1	84.00000000	80.00000000
15	160	1	84.00000000	80.00000000
15	161	1	84.00000000	80.00000000
15	162	1	84.00000000	80.00000000
15	163	1	84.00000000	80.00000000
15	164	1	84.00000000	80.00000000
15	165	1	84.00000000	80.00000000
15	166	1	84.00000000	80.00000000
15	167	1	84.00000000	80.00000000
15	168	1	84.00000000	80.00000000
15	169	1	84.00000000	80.00000000
15	170	1	84.00000000	80.00000000
15	171	1	84.00000000	80.00000000
15	172	1	84.00000000	80.00000000
15	173	1	84.00000000	80.00000000
15	174	1	84.00000000	80.00000000
15	175	1	84.00000000	80.00000000
15	176	1	84.00000000	80.00000000
15	177	1	84.00000000	80.00000000
15	178	1	84.00000000	80.00000000
15	179	1	84.00000000	80.00000000
15	180	1	84.00000000	80.00000000
15	181	1	84.00000000	80.00000000
15	182	1	84.00000000	80.00000000
15	183	1	84.00000000	80.00000000
15	184	1	84.00000000	80.00000000
15	185	1	84.00000000	80.00000000
15	186	1	84.00000000	80.00000000
15	187	1	84.00000000	80.00000000
15	188	1	84.00000000	80.00000000
15	189	1	84.00000000	80.00000000
15	190	1	84.00000000	80.00000000
15	191	1	84.00000000	80.00000000
15	192	1	84.00000000	80.00000000
15	193	1	84.00000000	80.00000000
15	194	1	84.00000000	80.00000000
15	195	1	84.00000000	80.00000000
15	196	1	84.00000000	80.00000000
15	197	1	84.00000000	80.00000000
15	198	1	84.00000000	80.00000000
15	199	1	84.00000000	80.00000000
15	200	1	84.00000000	80.00000000
15	201	1	84.00000000	80.00000000
15	202	1	84.00000000	80.00000000
15	203	1	84.00000000	80.00000000
15	204	1	84.00000000	80.00000000
15	205	1	84.00000000	80.00000000
15	206	1	84.00000000	80.00000000
15	207	1	84.00000000	80.00000000
15	208	1	84.00000000	80.00000000
15	209	1	84.00000000	80.00000000
15	210	1	84.00000000	80.00000000
15	211	1	84.00000000	80.00000000
15	212	1	84.00000000	80.00000000
15	213	1	84.00000000	80.00000000
16	0	1	84.00000000	80.00000000
16	1	1	84.00000000	80.00000000
16	2	1	84.00000000	80.00000000
16	3	1	84.00000000	80.00000000
16	4	1	84.00000000	80.00000000
16	5	1	84.00000000	80.00000000
16	6	1	84.00000000	80.00000000
16	7	1	84.00000000	80.00000000
16	8	1	84.00000000	80.00000000
16	9	1	84.00000000	80.00000000
16	10	1	84.00000000	80.00000000
16	11	1	84.00000000	80.00000000
16	12	1	84.00000000	80.00000000
16	13	1	84.00000000	80.00000000
16	14	1	84.00000000	80.00000000
16	15	1	84.00000000	80.00000000
16	16	1	84.00000000	80.00000000
16	17	1	84.00000000	80.00000000
16	18	1	84.00000000	80.00000000
16	19	1	84.00000000	80.00000000
16	20	1	84.00000000	80.00000000
16	21	1	84.00000000	80.00000000
16	22	1	84.00000000	80.00000000
16	23	1	84.00000000	80.00000000
16	24	1	84.00000000	80.00000000
16	25	1	84.00000000	80.00000000
16	26	1	84.00000000	80.00000000
16	27	1	84.00000000	80.00000000
16	28	1	84.00000000	80.00000000
16	29	1	84.00000000	80.00000000
16	30	1	84.00000000	80.00000000
16	31	1	84.00000000	80.00000000
16	32	1	84.00000000	80.00000000
16	33	1	84.00000000	80.00000000
16	34	1	84.00000000	80.00000000
16	35	1	84.00000000	80.00000000
16	36	1	84.00000000	80.00000000
16	37	1	84.00000000	80.00000000
16	38	1	84.00000000	80.00000000
16	39	1	84.00000000	80.00000000
16	40	1	84.00000000	80.00000000
16	41	1	84.00000000	80.00000000
16	42	1	84.00000000	80.00000000
16	43	1	84.00000000	80.00000000
16	44	1	84.00000000	80.00000000
16	45	1	84.00000000	80.00000000
16	46	1	84.00000000	80.00000000
16	47	1	84.00000000	80.00000000
16	48	1	84.00000000	80.00000000
16	49	1	84.00000000	80.00000000
16	50	1	84.00000000	80.00000000
16	51	1	84.00000000	80.00000000
16	52	1	84.00000000	80.00000000
16	53	1	84.00000000	80.00000000
16	54	1	84.00000000	80.00000000
16	55	1	84.00000000	80.00000000
16	56	1	84.00000000	80.00000000
16	57	1	84.00000000	80.00000000
16	58	1	84.00000000	80.00000000
16	59	1	84.00000000	80.00000000
16	60	1	84.00000000	80.00000000
16	61	1	84.00000000	80.00000000
16	62	1	84.00000000	80.00000000
16	63	1	84.00000000	80.00000000
16	64	1	84.00000000	80.00000000
16	65	1	84.00000000	80.00000000
16	66	1	84.00000000	80.00000000
16	67	1	84.00000000	80.00000000
16	68	1	84.00000000	80.00000000
16	69	1	84.00000000	80.00000000
16	70	1	84.00000000	80.00000000
16	71	1	84.00000000	80.00000000
16	72	1	84.00000000	80.00000000
16	73	1	84.00000000	80.00000000
16	74	1	84.00000000	80.00000000
16	75	1	84.00000000	80.00000000
16	76	1	84.00000000	80.00000000
16	77	1	84.00000000	80.00000000
16	78	1	84.00000000	80.00000000
16	79	1	84.00000000	80.00000000
16	80	1	84.00000000	80.00000000
16	81	1	84.00000000	80.00000000
16	82	1	84.00000000	80.00000000
16	83	1	84.00000000	80.00000000
16	84	1	84.00000000	80.00000000
16	85	1	84.00000000	80.00000000
16	86	1	84.00000000	80.00000000
16	87	1	84.00000000	80.00000000
16	88	1	84.00000000	80.00000000
16	89	1	84.00000000	80.00000000
16	90	1	84.00000000	80.00000000
16	91	1	84.00000000	80.00000000
16	92	1	84.00000000	80.00000000
16	93	1	84.00000000	80.00000000
16	94	1	84.00000000	80.00000000
16	95	1	84.00000000	80.00000000
16	96	1	84.00000000	80.00000000
16	97	1	84.00000000	80.00000000
16	98	1	84.00000000	80.00000000
16	99	1	84.00000000	80.00000000
16	100	1	84.00000000	80.00000000
16	101	1	84.00000000	80.00000000
16	102	1	84.00000000	80.00000000
16	103	1	84.00000000	80.00000000
16	104	1	84.00000000	80.00000000
16	105	1	84.00000000	80.00000000
16	106	1	84.00000000	80.00000000
16	107	1	84.00000000	80.00000000
16	108	1	84.00000000	80.00000000
16	109	1	84.00000000	80.00000000
16	110	1	84.00000000	80.00000000
16	111	1	84.00000000	80.00000000
16	112	1	84.00000000	80.00000000
16	113	1	84.00000000	80.00000000
16	114	1	84.00000000	80.00000000
16	115	1	84.00000000	80.00000000
16	116	1	84.00000000	80.00000000
16	117	1	84.00000000	80.00000000
16	118	1	84.00000000	80.00000000
16	119	1	84.00000000	80.00000000
16	120	1	84.00000000	80.00000000
16	121	1	84.00000000	80.00000000
16	122	1	84.00000000	80.00000000
16	123	1	84.00000000	80.00000000
16	124	1	84.00000000	80.00000000
16	125	1	84.00000000	80.00000000
16	126	1	84.00000000	80.00000000
16	127	1	84.00000000	80.00000000
16	128	1	84.00000000	80.00000000
16	129	1	84.00000000	80.00000000
16	130	1	84.00000000	80.00000000
16	131	1	84.00000000	80.00000000
16	132	1	84.00000000	80.00000000
16	133	1	84.00000000	80.00000000
16	134	1	84.00000000	80.00000000
16	135	1	84.00000000	80.00000000
16	136	1	84.00000000	80.00000000
16	137	1	84.00000000	80.00000000
16	138	1	84.00000000	80.00000000
16	139	1	84.00000000	80.00000000
16	140	1	84.00000000	80.00000000
16	141	1	84.00000000	80.00000000
16	142	1	84.00000000	80.00000000
16	143	1	84.00000000	80.00000000
16	144	1	84.00000000	80.00000000
16	145	1	84.00000000	80.00000000
16	146	1	84.00000000	80.00000000
16	147	1	84.00000000	80.00000000
16	148	1	84.00000000	80.00000000
16	149	1	84.00000000	80.00000000
16	150	1	84.00000000	80.00000000
16	151	1	84.00000000	80.00000000
16	152	1	84.00000000	80.00000000
16	153	1	84.00000000	80.00000000
16	154	1	84.00000000	80.00000000
16	155	1	84.00000000	80.00000000
16	156	1	84.00000000	80.00000000
16	157	1	84.00000000	80.00000000
16	158	1	84.00000000	80.00000000
16	159	1	84.00000000	80.00000000
16	160	1	84.00000000	80.00000000
16	161	1	84.00000000	80.00000000
16	162	1	84.00000000	80.00000000
16	163	1	84.00000000	80.00000000
16	164	1	84.00000000	80.00000000
16	165	1	84.00000000	80.00000000
16	166	1	84.00000000	80.00000000
16	167	1	84.00000000	80.00000000
16	168	1	84.00000000	80.00000000
16	169	1	84.00000000	80.00000000
16	170	1	84.00000000	80.00000000
16	171	1	84.00000000	80.00000000
16	172	1	84.00000000	80.00000000
16	173	1	84.00000000	80.00000000
16	174	1	84.00000000	80.00000000
16	175	1	84.00000000	80.00000000
16	176	1	84.00000000	80.00000000
16	177	1	84.00000000	80.00000000
16	178	1	84.00000000	80.00000000
16	179	1	84.00000000	80.00000000
16	180	1	84.00000000	80.00000000
16	181	1	84.00000000	80.00000000
16	182	1	84.00000000	80.00000000
16	183	1	84.00000000	80.00000000
16	184	1	84.00000000	80.00000000
16	185	1	84.00000000	80.00000000
16	186	1	84.00000000	80.00000000
16	187	1	84.00000000	80.00000000
16	188	1	84.00000000	80.00000000
16	189	1	84.00000000	80.00000000
16	190	1	84.00000000	80.00000000
16	191	1	84.00000000	80.00000000
16	192	1	84.00000000	80.00000000
16	193	1	84.00000000	80.00000000
16	194	1	84.00000000	80.00000000
16	195	1	84.00000000	80.00000000
16	196	1	84.00000000	80.00000000
16	197	1	84.00000000	80.00000000
16	198	1	84.00000000	80.00000000
16	199	1	84.00000000	80.00000000
16	200	1	84.00000000	80.00000000
16	201	1	84.00000000	80.00000000
16	202	1	84.00000000	80.00000000
16	203	1	84.00000000	80.00000000
16	204	1	84.00000000	80.00000000
16	205	1	84.00000000	80.00000000
16	206	1	84.00000000	80.00000000
16	207	1	84.00000000	80.00000000
16	208	1	84.00000000	80.00000000
16	209	1	84.00000000	80.00000000
16	210	1	84.00000000	80.00000000
16	211	1	84.00000000	80.00000000
16	212	1	84.00000000	80.00000000
16	213	1	84.00000000	80.00000000
16	214	1	84.00000000	80.00000000
16	215	1	84.00000000	80.00000000
16	216	1	84.00000000	80.00000000
16	217	1	84.00000000	80.00000000
16	218	1	84.00000000	80.00000000
16	219	1	84.00000000	80.00000000
17	0	1	84.00000000	80.00000000
17	1	1	84.00000000	80.00000000
17	2	1	84.00000000	80.00000000
17	3	1	84.00000000	80.00000000
17	4	1	84.00000000	80.00000000
17	5	1	84.00000000	80.00000000
17	6	1	84.00000000	80.00000000
17	7	1	84.00000000	80.00000000
17	8	1	84.00000000	80.00000000
17	9	1	84.00000000	80.00000000
17	10	1	84.00000000	80.00000000
17	11	1	84.00000000	80.00000000
17	12	1	84.00000000	80.00000000
17	13	1	84.00000000	80.00000000
17	14	1	84.00000000	80.00000000
17	15	1	84.00000000	80.00000000
17	16	1	84.00000000	80.00000000
17	17	1	84.00000000	80.00000000
17	18	1	84.00000000	80.00000000
17	19	1	84.00000000	80.00000000
17	20	1	84.00000000	80.00000000
17	21	1	84.00000000	80.00000000
17	22	1	84.00000000	80.00000000
17	23	1	84.00000000	80.00000000
17	24	1	84.00000000	80.00000000
17	25	1	84.00000000	80.00000000
17	26	1	84.00000000	80.00000000
17	27	1	84.00000000	80.00000000
17	28	1	84.00000000	80.00000000
17	29	1	84.00000000	80.00000000
17	30	1	84.00000000	80.00000000
17	31	1	84.00000000	80.00000000
17	32	1	84.00000000	80.00000000
17	33	1	84.00000000	80.00000000
17	34	1	84.00000000	80.00000000
17	35	1	84.00000000	80.00000000
17	36	1	84.00000000	80.00000000
17	37	1	84.00000000	80.00000000
17	38	1	84.00000000	80.00000000
17	39	1	84.00000000	80.00000000
17	40	1	84.00000000	80.00000000
17	41	1	84.00000000	80.00000000
17	42	1	84.00000000	80.00000000
17	43	1	84.00000000	80.00000000
17	44	1	84.00000000	80.00000000
17	45	1	84.00000000	80.00000000
17	46	1	84.00000000	80.00000000
17	47	1	84.00000000	80.00000000
17	48	1	84.00000000	80.00000000
17	49	1	84.00000000	80.00000000
17	50	1	84.00000000	80.00000000
17	51	1	84.00000000	80.00000000
17	52	1	84.00000000	80.00000000
17	53	1	84.00000000	80.00000000
17	54	1	84.00000000	80.00000000
17	55	1	84.00000000	80.00000000
17	56	1	84.00000000	80.00000000
17	57	1	84.00000000	80.00000000
17	58	1	84.00000000	80.00000000
17	59	1	84.00000000	80.00000000
17	60	1	84.00000000	80.00000000
17	61	1	84.00000000	80.00000000
17	62	1	84.00000000	80.00000000
17	63	1	84.00000000	80.00000000
17	64	1	84.00000000	80.00000000
17	65	1	84.00000000	80.00000000
17	66	1	84.00000000	80.00000000
17	67	1	84.00000000	80.00000000
17	68	1	84.00000000	80.00000000
17	69	1	84.00000000	80.00000000
17	70	1	84.00000000	80.00000000
17	71	1	84.00000000	80.00000000
17	72	1	84.00000000	80.00000000
17	73	1	84.00000000	80.00000000
17	74	1	84.00000000	80.00000000
17	75	1	84.00000000	80.00000000
17	76	1	84.00000000	80.00000000
17	77	1	84.00000000	80.00000000
17	78	1	84.00000000	80.00000000
17	79	1	84.00000000	80.00000000
17	80	1	84.00000000	80.00000000
17	81	1	84.00000000	80.00000000
17	82	1	84.00000000	80.00000000
17	83	1	84.00000000	80.00000000
17	84	1	84.00000000	80.00000000
17	85	1	84.00000000	80.00000000
17	86	1	84.00000000	80.00000000
17	87	1	84.00000000	80.00000000
17	88	1	84.00000000	80.00000000
17	89	1	84.00000000	80.00000000
17	90	1	84.00000000	80.00000000
17	91	1	84.00000000	80.00000000
17	92	1	84.00000000	80.00000000
17	93	1	84.00000000	80.00000000
17	94	1	84.00000000	80.00000000
17	95	1	84.00000000	80.00000000
17	96	1	84.00000000	80.00000000
17	97	1	84.00000000	80.00000000
17	98	1	84.00000000	80.00000000
17	99	1	84.00000000	80.00000000
17	100	1	84.00000000	80.00000000
17	101	1	84.00000000	80.00000000
17	102	1	84.00000000	80.00000000
17	103	1	84.00000000	80.00000000
17	104	1	84.00000000	80.00000000
17	105	1	84.00000000	80.00000000
17	106	1	84.00000000	80.00000000
17	107	1	84.00000000	80.00000000
17	108	1	84.00000000	80.00000000
17	109	1	84.00000000	80.00000000
17	110	1	84.00000000	80.00000000
17	111	1	84.00000000	80.00000000
17	112	1	84.00000000	80.00000000
17	113	1	84.00000000	80.00000000
17	114	1	84.00000000	80.00000000
17	115	1	84.00000000	80.00000000
17	116	1	84.00000000	80.00000000
17	117	1	84.00000000	80.00000000
17	118	1	84.00000000	80.00000000
17	119	1	84.00000000	80.00000000
17	120	1	84.00000000	80.00000000
17	121	1	84.00000000	80.00000000
17	122	1	84.00000000	80.00000000
17	123	1	84.00000000	80.00000000
17	124	1	84.00000000	80.00000000
17	125	1	84.00000000	80.00000000
17	126	1	84.00000000	80.00000000
17	127	1	84.00000000	80.00000000
17	128	1	84.00000000	80.00000000
17	129	1	84.00000000	80.00000000
17	130	1	84.00000000	80.00000000
17	131	1	84.00000000	80.00000000
17	132	1	84.00000000	80.00000000
17	133	1	84.00000000	80.00000000
17	134	1	84.00000000	80.00000000
17	135	1	84.00000000	80.00000000
17	136	1	84.00000000	80.00000000
17	137	1	84.00000000	80.00000000
17	138	1	84.00000000	80.00000000
17	139	1	84.00000000	80.00000000
17	140	1	84.00000000	80.00000000
17	141	1	84.00000000	80.00000000
17	142	1	84.00000000	80.00000000
17	143	1	84.00000000	80.00000000
17	144	1	84.00000000	80.00000000
17	145	1	84.00000000	80.00000000
17	146	1	84.00000000	80.00000000
17	147	1	84.00000000	80.00000000
17	148	1	84.00000000	80.00000000
17	149	1	84.00000000	80.00000000
17	150	1	84.00000000	80.00000000
17	151	1	84.00000000	80.00000000
17	152	1	84.00000000	80.00000000
17	153	1	84.00000000	80.00000000
17	154	1	84.00000000	80.00000000
17	155	1	84.00000000	80.00000000
17	156	1	84.00000000	80.00000000
17	157	1	84.00000000	80.00000000
17	158	1	84.00000000	80.00000000
17	159	1	84.00000000	80.00000000
17	160	1	84.00000000	80.00000000
17	161	1	84.00000000	80.00000000
17	162	1	84.00000000	80.00000000
17	163	1	84.00000000	80.00000000
17	164	1	84.00000000	80.00000000
17	165	1	84.00000000	80.00000000
17	166	1	84.00000000	80.00000000
17	167	1	84.00000000	80.00000000
17	168	1	84.00000000	80.00000000
17	169	1	84.00000000	80.00000000
17	170	1	84.00000000	80.00000000
17	171	1	84.00000000	80.00000000
17	172	1	84.00000000	80.00000000
17	173	1	84.00000000	80.00000000
17	174	1	84.00000000	80.00000000
17	175	1	84.00000000	80.00000000
17	176	1	84.00000000	80.00000000
17	177	1	84.00000000	80.00000000
17	178	1	84.00000000	80.00000000
17	179	1	84.00000000	80.00000000
17	180	1	84.00000000	80.00000000
17	181	1	84.00000000	80.00000000
17	182	1	84.00000000	80.00000000
17	183	1	84.00000000	80.00000000
17	184	1	84.00000000	80.00000000
17	185	1	84.00000000	80.00000000
17	186	1	84.00000000	80.00000000
17	187	1	84.00000000	80.00000000
17	188	1	84.00000000	80.00000000
17	189	1	84.00000000	80.00000000
17	190	1	84.00000000	80.00000000
17	191	1	84.00000000	80.00000000
17	192	1	84.00000000	80.00000000
17	193	1	84.00000000	80.00000000
17	194	1	84.00000000	80.00000000
17	195	1	84.00000000	80.00000000
17	196	1	84.00000000	80.00000000
17	197	1	84.00000000	80.00000000
17	198	1	84.00000000	80.00000000
17	199	1	84.00000000	80.00000000
17	200	1	84.00000000	80.00000000
17	201	1	84.00000000	80.00000000
17	202	1	84.00000000	80.00000000
17	203	1	84.00000000	80.00000000
17	204	1	84.00000000	80.00000000
17	205	1	84.00000000	80.00000000
17	206	1	84.00000000	80.00000000
17	207	1	84.00000000	80.00000000
17	208	1	84.00000000	80.00000000
17	209	1	84.00000000	80.00000000
17	210	1	84.00000000	80.00000000
17	211	1	84.00000000	80.00000000
17	212	1	84.00000000	80.00000000
17	213	1	84.00000000	80.00000000
17	214	1	84.00000000	80.00000000
17	215	1	84.00000000	80.00000000
17	216	1	84.00000000	80.00000000
17	217	1	84.00000000	80.00000000
17	218	1	84.00000000	80.00000000
17	219	1	84.00000000	80.00000000
17	220	1	84.00000000	80.00000000
17	221	1	84.00000000	80.00000000
17	222	1	84.00000000	80.00000000
17	223	1	84.00000000	80.00000000
18	0	1	84.00000000	80.00000000
18	1	1	84.00000000	80.00000000
18	2	1	84.00000000	80.00000000
18	3	1	84.00000000	80.00000000
18	4	1	84.00000000	80.00000000
18	5	1	84.00000000	80.00000000
18	6	1	84.00000000	80.00000000
18	7	1	84.00000000	80.00000000
18	8	1	84.00000000	80.00000000
18	9	1	84.00000000	80.00000000
18	10	1	84.00000000	80.00000000
18	11	1	84.00000000	80.00000000
18	12	1	84.00000000	80.00000000
18	13	1	84.00000000	80.00000000
18	14	1	84.00000000	80.00000000
18	15	1	84.00000000	80.00000000
18	16	1	84.00000000	80.00000000
18	17	1	84.00000000	80.00000000
18	18	1	84.00000000	80.00000000
18	19	1	84.00000000	80.00000000
18	20	1	84.00000000	80.00000000
18	21	1	84.00000000	80.00000000
18	22	1	84.00000000	80.00000000
18	23	1	84.00000000	80.00000000
18	24	1	84.00000000	80.00000000
18	25	1	84.00000000	80.00000000
18	26	1	84.00000000	80.00000000
18	27	1	84.00000000	80.00000000
18	28	1	84.00000000	80.00000000
18	29	1	84.00000000	80.00000000
18	30	1	84.00000000	80.00000000
18	31	1	84.00000000	80.00000000
18	32	1	84.00000000	80.00000000
18	33	1	84.00000000	80.00000000
18	34	1	84.00000000	80.00000000
18	35	1	84.00000000	80.00000000
18	36	1	84.00000000	80.00000000
18	37	1	84.00000000	80.00000000
18	38	1	84.00000000	80.00000000
18	39	1	84.00000000	80.00000000
18	40	1	84.00000000	80.00000000
18	41	1	84.00000000	80.00000000
18	42	1	84.00000000	80.00000000
18	43	1	84.00000000	80.00000000
18	44	1	84.00000000	80.00000000
18	45	1	84.00000000	80.00000000
18	46	1	84.00000000	80.00000000
18	47	1	84.00000000	80.00000000
18	48	1	84.00000000	80.00000000
18	49	1	84.00000000	80.00000000
18	50	1	84.00000000	80.00000000
18	51	1	84.00000000	80.00000000
18	52	1	84.00000000	80.00000000
18	53	1	84.00000000	80.00000000
18	54	1	84.00000000	80.00000000
18	55	1	84.00000000	80.00000000
18	56	1	84.00000000	80.00000000
18	57	1	84.00000000	80.00000000
18	58	1	84.00000000	80.00000000
18	59	1	84.00000000	80.00000000
18	60	1	84.00000000	80.00000000
18	61	1	84.00000000	80.00000000
18	62	1	84.00000000	80.00000000
18	63	1	84.00000000	80.00000000
18	64	1	84.00000000	80.00000000
18	65	1	84.00000000	80.00000000
18	66	1	84.00000000	80.00000000
18	67	1	84.00000000	80.00000000
18	68	1	84.00000000	80.00000000
18	69	1	84.00000000	80.00000000
18	70	1	84.00000000	80.00000000
18	71	1	84.00000000	80.00000000
18	72	1	84.00000000	80.00000000
18	73	1	84.00000000	80.00000000
18	74	1	84.00000000	80.00000000
18	75	1	84.00000000	80.00000000
18	76	1	84.00000000	80.00000000
18	77	1	84.00000000	80.00000000
18	78	1	84.00000000	80.00000000
18	79	1	84.00000000	80.00000000
18	80	1	84.00000000	80.00000000
18	81	1	84.00000000	80.00000000
18	82	1	84.00000000	80.00000000
18	83	1	84.00000000	80.00000000
18	84	1	84.00000000	80.00000000
18	85	1	84.00000000	80.00000000
18	86	1	84.00000000	80.00000000
18	87	1	84.00000000	80.00000000
18	88	1	84.00000000	80.00000000
18	89	1	84.00000000	80.00000000
18	90	1	84.00000000	80.00000000
18	91	1	84.00000000	80.00000000
18	92	1	84.00000000	80.00000000
18	93	1	84.00000000	80.00000000
18	94	1	84.00000000	80.00000000
18	95	1	84.00000000	80.00000000
18	96	1	84.00000000	80.00000000
18	97	1	84.00000000	80.00000000
18	98	1	84.00000000	80.00000000
18	99	1	84.00000000	80.00000000
18	100	1	84.00000000	80.00000000
18	101	1	84.00000000	80.00000000
18	102	1	84.00000000	80.00000000
18	103	1	84.00000000	80.00000000
18	104	1	84.00000000	80.00000000
18	105	1	84.00000000	80.00000000
18	106	1	84.00000000	80.00000000
18	107	1	84.00000000	80.00000000
18	108	1	84.00000000	80.00000000
18	109	1	84.00000000	80.00000000
18	110	1	84.00000000	80.00000000
18	111	1	84.00000000	80.00000000
18	112	1	84.00000000	80.00000000
18	113	1	84.00000000	80.00000000
18	114	1	84.00000000	80.00000000
18	115	1	84.00000000	80.00000000
18	116	1	84.00000000	80.00000000
18	117	1	84.00000000	80.00000000
18	118	1	84.00000000	80.00000000
18	119	1	84.00000000	80.00000000
18	120	1	84.00000000	80.00000000
18	121	1	84.00000000	80.00000000
18	122	1	84.00000000	80.00000000
18	123	1	84.00000000	80.00000000
18	124	1	84.00000000	80.00000000
18	125	1	84.00000000	80.00000000
18	126	1	84.00000000	80.00000000
18	127	1	84.00000000	80.00000000
18	128	1	84.00000000	80.00000000
18	129	1	84.00000000	80.00000000
18	130	1	84.00000000	80.00000000
18	131	1	84.00000000	80.00000000
18	132	1	84.00000000	80.00000000
18	133	1	84.00000000	80.00000000
18	134	1	84.00000000	80.00000000
18	135	1	84.00000000	80.00000000
18	136	1	84.00000000	80.00000000
18	137	1	84.00000000	80.00000000
18	138	1	84.00000000	80.00000000
18	139	1	84.00000000	80.00000000
18	140	1	84.00000000	80.00000000
18	141	1	84.00000000	80.00000000
18	142	1	84.00000000	80.00000000
18	143	1	84.00000000	80.00000000
18	144	1	84.00000000	80.00000000
18	145	1	84.00000000	80.00000000
18	146	1	84.00000000	80.00000000
18	147	1	84.00000000	80.00000000
18	148	1	84.00000000	80.00000000
18	149	1	84.00000000	80.00000000
18	150	1	84.00000000	80.00000000
18	151	1	84.00000000	80.00000000
18	152	1	84.00000000	80.00000000
18	153	1	84.00000000	80.00000000
18	154	1	84.00000000	80.00000000
18	155	1	84.00000000	80.00000000
18	156	1	84.00000000	80.00000000
18	157	1	84.00000000	80.00000000
18	158	1	84.00000000	80.00000000
18	159	1	84.00000000	80.00000000
18	160	1	84.00000000	80.00000000
18	161	1	84.00000000	80.00000000
18	162	1	84.00000000	80.00000000
18	163	1	84.00000000	80.00000000
18	164	1	84.00000000	80.00000000
18	165	1	84.00000000	80.00000000
18	166	1	84.00000000	80.00000000
18	167	1	84.00000000	80.00000000
18	168	1	84.00000000	80.00000000
18	169	1	84.00000000	80.00000000
18	170	1	84.00000000	80.00000000
18	171	1	84.00000000	80.00000000
18	172	1	84.00000000	80.00000000
18	173	1	84.00000000	80.00000000
18	174	1	84.00000000	80.00000000
18	175	1	84.00000000	80.00000000
18	176	1	84.00000000	80.00000000
18	177	1	84.00000000	80.00000000
18	178	1	84.00000000	80.00000000
18	179	1	84.00000000	80.00000000
18	180	1	84.00000000	80.00000000
18	181	1	84.00000000	80.00000000
18	182	1	84.00000000	80.00000000
18	183	1	84.00000000	80.00000000
18	184	1	84.00000000	80.00000000
18	185	1	84.00000000	80.00000000
18	186	1	84.00000000	80.00000000
18	187	1	84.00000000	80.00000000
18	188	1	84.00000000	80.00000000
18	189	1	84.00000000	80.00000000
18	190	1	84.00000000	80.00000000
18	191	1	84.00000000	80.00000000
18	192	1	84.00000000	80.00000000
18	193	1	84.00000000	80.00000000
18	194	1	84.00000000	80.00000000
18	195	1	84.00000000	80.00000000
18	196	1	84.00000000	80.00000000
18	197	1	84.00000000	80.00000000
18	198	1	84.00000000	80.00000000
18	199	1	84.00000000	80.00000000
18	200	1	84.00000000	80.00000000
18	201	1	84.00000000	80.00000000
18	202	1	84.00000000	80.00000000
18	203	1	84.00000000	80.00000000
18	204	1	84.00000000	80.00000000
18	205	1	84.00000000	80.00000000
18	206	1	84.00000000	80.00000000
18	207	1	84.00000000	80.00000000
18	208	1	84.00000000	80.00000000
18	209	1	84.00000000	80.00000000
18	210	1	84.00000000	80.00000000
18	211	1	84.00000000	80.00000000
18	212	1	84.00000000	80.00000000
18	213	1	84.00000000	80.00000000
18	214	1	84.00000000	80.00000000
18	215	1	84.00000000	80.00000000
18	216	1	84.00000000	80.00000000
18	217	1	84.00000000	80.00000000
18	218	1	84.00000000	80.00000000
18	219	1	84.00000000	80.00000000
18	220	1	84.00000000	80.00000000
18	221	1	84.00000000	80.00000000
18	222	1	84.00000000	80.00000000
18	223	1	84.00000000	80.00000000
18	224	1	84.00000000	80.00000000
18	225	1	84.00000000	80.00000000
18	226	1	84.00000000	80.00000000
18	227	1	84.00000000	80.00000000
18	228	1	84.00000000	80.00000000
18	229	1	84.00000000	80.00000000
18	230	1	84.00000000	80.00000000
18	231	1	84.00000000	80.00000000
19	0	1	84.00000000	80.00000000
19	1	1	84.00000000	80.00000000
19	2	1	84.00000000	80.00000000
19	3	1	84.00000000	80.00000000
19	4	1	84.00000000	80.00000000
19	5	1	84.00000000	80.00000000
19	6	1	84.00000000	80.00000000
19	7	1	84.00000000	80.00000000
19	8	1	84.00000000	80.00000000
19	9	1	84.00000000	80.00000000
19	10	1	84.00000000	80.00000000
19	11	1	84.00000000	80.00000000
19	12	1	84.00000000	80.00000000
19	13	1	84.00000000	80.00000000
19	14	1	84.00000000	80.00000000
19	15	1	84.00000000	80.00000000
19	16	1	84.00000000	80.00000000
19	17	1	84.00000000	80.00000000
19	18	1	84.00000000	80.00000000
19	19	1	84.00000000	80.00000000
19	20	1	84.00000000	80.00000000
19	21	1	84.00000000	80.00000000
19	22	1	84.00000000	80.00000000
19	23	1	84.00000000	80.00000000
19	24	1	84.00000000	80.00000000
19	25	1	84.00000000	80.00000000
19	26	1	84.00000000	80.00000000
19	27	1	84.00000000	80.00000000
19	28	1	84.00000000	80.00000000
19	29	1	84.00000000	80.00000000
19	30	1	84.00000000	80.00000000
19	31	1	84.00000000	80.00000000
19	32	1	84.00000000	80.00000000
19	33	1	84.00000000	80.00000000
19	34	1	84.00000000	80.00000000
19	35	1	84.00000000	80.00000000
19	36	1	84.00000000	80.00000000
19	37	1	84.00000000	80.00000000
19	38	1	84.00000000	80.00000000
19	39	1	84.00000000	80.00000000
19	40	1	84.00000000	80.00000000
19	41	1	84.00000000	80.00000000
19	42	1	84.00000000	80.00000000
19	43	1	84.00000000	80.00000000
19	44	1	84.00000000	80.00000000
19	45	1	84.00000000	80.00000000
19	46	1	84.00000000	80.00000000
19	47	1	84.00000000	80.00000000
19	48	1	84.00000000	80.00000000
19	49	1	84.00000000	80.00000000
19	50	1	84.00000000	80.00000000
19	51	1	84.00000000	80.00000000
19	52	1	84.00000000	80.00000000
19	53	1	84.00000000	80.00000000
19	54	1	84.00000000	80.00000000
19	55	1	84.00000000	80.00000000
19	56	1	84.00000000	80.00000000
19	57	1	84.00000000	80.00000000
19	58	1	84.00000000	80.00000000
19	59	1	84.00000000	80.00000000
19	60	1	84.00000000	80.00000000
19	61	1	84.00000000	80.00000000
19	62	1	84.00000000	80.00000000
19	63	1	84.00000000	80.00000000
19	64	1	84.00000000	80.00000000
19	65	1	84.00000000	80.00000000
19	66	1	84.00000000	80.00000000
19	67	1	84.00000000	80.00000000
19	68	1	84.00000000	80.00000000
19	69	1	84.00000000	80.00000000
19	70	1	84.00000000	80.00000000
19	71	1	84.00000000	80.00000000
19	72	1	84.00000000	80.00000000
19	73	1	84.00000000	80.00000000
19	74	1	84.00000000	80.00000000
19	75	1	84.00000000	80.00000000
19	76	1	84.00000000	80.00000000
19	77	1	84.00000000	80.00000000
19	78	1	84.00000000	80.00000000
19	79	1	84.00000000	80.00000000
19	80	1	84.00000000	80.00000000
19	81	1	84.00000000	80.00000000
19	82	1	84.00000000	80.00000000
19	83	1	84.00000000	80.00000000
19	84	1	84.00000000	80.00000000
19	85	1	84.00000000	80.00000000
19	86	1	84.00000000	80.00000000
19	87	1	84.00000000	80.00000000
19	88	1	84.00000000	80.00000000
19	89	1	84.00000000	80.00000000
19	90	1	84.00000000	80.00000000
19	91	1	84.00000000	80.00000000
19	92	1	84.00000000	80.00000000
19	93	1	84.00000000	80.00000000
19	94	1	84.00000000	80.00000000
19	95	1	84.00000000	80.00000000
19	96	1	84.00000000	80.00000000
19	97	1	84.00000000	80.00000000
19	98	1	84.00000000	80.00000000
19	99	1	84.00000000	80.00000000
19	100	1	84.00000000	80.00000000
19	101	1	84.00000000	80.00000000
19	102	1	84.00000000	80.00000000
19	103	1	84.00000000	80.00000000
19	104	1	84.00000000	80.00000000
19	105	1	84.00000000	80.00000000
19	106	1	84.00000000	80.00000000
19	107	1	84.00000000	80.00000000
19	108	1	84.00000000	80.00000000
19	109	1	84.00000000	80.00000000
19	110	1	84.00000000	80.00000000
19	111	1	84.00000000	80.00000000
19	112	1	84.00000000	80.00000000
19	113	1	84.00000000	80.00000000
19	114	1	84.00000000	80.00000000
19	115	1	84.00000000	80.00000000
19	116	1	84.00000000	80.00000000
19	117	1	84.00000000	80.00000000
19	118	1	84.00000000	80.00000000
19	119	1	84.00000000	80.00000000
19	120	1	84.00000000	80.00000000
19	121	1	84.00000000	80.00000000
19	122	1	84.00000000	80.00000000
19	123	1	84.00000000	80.00000000
19	124	1	84.00000000	80.00000000
19	125	1	84.00000000	80.00000000
19	126	1	84.00000000	80.00000000
19	127	1	84.00000000	80.00000000
19	128	1	84.00000000	80.00000000
19	129	1	84.00000000	80.00000000
19	130	1	84.00000000	80.00000000
19	131	1	84.00000000	80.00000000
19	132	1	84.00000000	80.00000000
19	133	1	84.00000000	80.00000000
19	134	1	84.00000000	80.00000000
19	135	1	84.00000000	80.00000000
19	136	1	84.00000000	80.00000000
19	137	1	84.00000000	80.00000000
19	138	1	84.00000000	80.00000000
19	139	1	84.00000000	80.00000000
19	140	1	84.00000000	80.00000000
19	141	1	84.00000000	80.00000000
19	142	1	84.00000000	80.00000000
19	143	1	84.00000000	80.00000000
19	144	1	84.00000000	80.00000000
19	145	1	84.00000000	80.00000000
19	146	1	84.00000000	80.00000000
19	147	1	84.00000000	80.00000000
19	148	1	84.00000000	80.00000000
19	149	1	84.00000000	80.00000000
19	150	1	84.00000000	80.00000000
19	151	1	84.00000000	80.00000000
19	152	1	84.00000000	80.00000000
19	153	1	84.00000000	80.00000000
19	154	1	84.00000000	80.00000000
19	155	1	84.00000000	80.00000000
19	156	1	84.00000000	80.00000000
19	157	1	84.00000000	80.00000000
19	158	1	84.00000000	80.00000000
19	159	1	84.00000000	80.00000000
19	160	1	84.00000000	80.00000000
19	161	1	84.00000000	80.00000000
19	162	1	84.00000000	80.00000000
19	163	1	84.00000000	80.00000000
19	164	1	84.00000000	80.00000000
19	165	1	84.00000000	80.00000000
19	166	1	84.00000000	80.00000000
19	167	1	84.00000000	80.00000000
19	168	1	84.00000000	80.00000000
19	169	1	84.00000000	80.00000000
19	170	1	84.00000000	80.00000000
19	171	1	84.00000000	80.00000000
19	172	1	84.00000000	80.00000000
19	173	1	84.00000000	80.00000000
19	174	1	84.00000000	80.00000000
19	175	1	84.00000000	80.00000000
19	176	1	84.00000000	80.00000000
19	177	1	84.00000000	80.00000000
19	178	1	84.00000000	80.00000000
19	179	1	84.00000000	80.00000000
19	180	1	84.00000000	80.00000000
19	181	1	84.00000000	80.00000000
19	182	1	84.00000000	80.00000000
19	183	1	84.00000000	80.00000000
19	184	1	84.00000000	80.00000000
19	185	1	84.00000000	80.00000000
19	186	1	84.00000000	80.00000000
19	187	1	84.00000000	80.00000000
19	188	1	84.00000000	80.00000000
19	189	1	84.00000000	80.00000000
19	190	1	84.00000000	80.00000000
19	191	1	84.00000000	80.00000000
19	192	1	84.00000000	80.00000000
19	193	1	84.00000000	80.00000000
19	194	1	84.00000000	80.00000000
19	195	1	84.00000000	80.00000000
19	196	1	84.00000000	80.00000000
19	197	1	84.00000000	80.00000000
19	198	1	84.00000000	80.00000000
19	199	1	84.00000000	80.00000000
19	200	1	84.00000000	80.00000000
19	201	1	84.00000000	80.00000000
19	202	1	84.00000000	80.00000000
19	203	1	84.00000000	80.00000000
19	204	1	84.00000000	80.00000000
19	205	1	84.00000000	80.00000000
19	206	1	84.00000000	80.00000000
19	207	1	84.00000000	80.00000000
19	208	1	84.00000000	80.00000000
19	209	1	84.00000000	80.00000000
19	210	1	84.00000000	80.00000000
19	211	1	84.00000000	80.00000000
19	212	1	84.00000000	80.00000000
19	213	1	84.00000000	80.00000000
19	214	1	84.00000000	80.00000000
19	215	1	84.00000000	80.00000000
19	216	1	84.00000000	80.00000000
19	217	1	84.00000000	80.00000000
19	218	1	84.00000000	80.00000000
19	219	1	84.00000000	80.00000000
19	220	1	84.00000000	80.00000000
19	221	1	84.00000000	80.00000000
19	222	1	84.00000000	80.00000000
19	223	1	84.00000000	80.00000000
19	224	1	84.00000000	80.00000000
19	225	1	84.00000000	80.00000000
19	226	1	84.00000000	80.00000000
19	227	1	84.00000000	80.00000000
19	228	1	84.00000000	80.00000000
19	229	1	84.00000000	80.00000000
19	230	1	84.00000000	80.00000000
19	231	1	84.00000000	80.00000000
19	232	1	84.00000000	80.00000000
19	233	1	84.00000000	80.00000000
19	234	1	84.00000000	80.00000000
19	235	1	84.00000000	80.00000000
19	236	1	84.00000000	80.00000000
19	237	1	84.00000000	80.00000000
20	0	1	84.00000000	80.00000000
20	1	1	84.00000000	80.00000000
20	2	1	84.00000000	80.00000000
20	3	1	84.00000000	80.00000000
20	4	1	84.00000000	80.00000000
20	5	1	84.00000000	80.00000000
20	6	1	84.00000000	80.00000000
20	7	1	84.00000000	80.00000000
20	8	1	84.00000000	80.00000000
20	9	1	84.00000000	80.00000000
20	10	1	84.00000000	80.00000000
20	11	1	84.00000000	80.00000000
20	12	1	84.00000000	80.00000000
20	13	1	84.00000000	80.00000000
20	14	1	84.00000000	80.00000000
20	15	1	84.00000000	80.00000000
20	16	1	84.00000000	80.00000000
20	17	1	84.00000000	80.00000000
20	18	1	84.00000000	80.00000000
20	19	1	84.00000000	80.00000000
20	20	1	84.00000000	80.00000000
20	21	1	84.00000000	80.00000000
20	22	1	84.00000000	80.00000000
20	23	1	84.00000000	80.00000000
20	24	1	84.00000000	80.00000000
20	25	1	84.00000000	80.00000000
20	26	1	84.00000000	80.00000000
20	27	1	84.00000000	80.00000000
20	28	1	84.00000000	80.00000000
20	29	1	84.00000000	80.00000000
20	30	1	84.00000000	80.00000000
20	31	1	84.00000000	80.00000000
20	32	1	84.00000000	80.00000000
20	33	1	84.00000000	80.00000000
20	34	1	84.00000000	80.00000000
20	35	1	84.00000000	80.00000000
20	36	1	84.00000000	80.00000000
20	37	1	84.00000000	80.00000000
20	38	1	84.00000000	80.00000000
20	39	1	84.00000000	80.00000000
20	40	1	84.00000000	80.00000000
20	41	1	84.00000000	80.00000000
20	42	1	84.00000000	80.00000000
20	43	1	84.00000000	80.00000000
20	44	1	84.00000000	80.00000000
20	45	1	84.00000000	80.00000000
20	46	1	84.00000000	80.00000000
20	47	1	84.00000000	80.00000000
20	48	1	84.00000000	80.00000000
20	49	1	84.00000000	80.00000000
20	50	1	84.00000000	80.00000000
20	51	1	84.00000000	80.00000000
20	52	1	84.00000000	80.00000000
20	53	1	84.00000000	80.00000000
20	54	1	84.00000000	80.00000000
20	55	1	84.00000000	80.00000000
20	56	1	84.00000000	80.00000000
20	57	1	84.00000000	80.00000000
20	58	1	84.00000000	80.00000000
20	59	1	84.00000000	80.00000000
20	60	1	84.00000000	80.00000000
20	61	1	84.00000000	80.00000000
20	62	1	84.00000000	80.00000000
20	63	1	84.00000000	80.00000000
20	64	1	84.00000000	80.00000000
20	65	1	84.00000000	80.00000000
20	66	1	84.00000000	80.00000000
20	67	1	84.00000000	80.00000000
20	68	1	84.00000000	80.00000000
20	69	1	84.00000000	80.00000000
20	70	1	84.00000000	80.00000000
20	71	1	84.00000000	80.00000000
20	72	1	84.00000000	80.00000000
20	73	1	84.00000000	80.00000000
20	74	1	84.00000000	80.00000000
20	75	1	84.00000000	80.00000000
20	76	1	84.00000000	80.00000000
20	77	1	84.00000000	80.00000000
20	78	1	84.00000000	80.00000000
20	79	1	84.00000000	80.00000000
20	80	1	84.00000000	80.00000000
20	81	1	84.00000000	80.00000000
20	82	1	84.00000000	80.00000000
20	83	1	84.00000000	80.00000000
20	84	1	84.00000000	80.00000000
20	85	1	84.00000000	80.00000000
20	86	1	84.00000000	80.00000000
20	87	1	84.00000000	80.00000000
20	88	1	84.00000000	80.00000000
20	89	1	84.00000000	80.00000000
20	90	1	84.00000000	80.00000000
20	91	1	84.00000000	80.00000000
20	92	1	84.00000000	80.00000000
20	93	1	84.00000000	80.00000000
20	94	1	84.00000000	80.00000000
20	95	1	84.00000000	80.00000000
20	96	1	84.00000000	80.00000000
20	97	1	84.00000000	80.00000000
20	98	1	84.00000000	80.00000000
20	99	1	84.00000000	80.00000000
20	100	1	84.00000000	80.00000000
20	101	1	84.00000000	80.00000000
20	102	1	84.00000000	80.00000000
20	103	1	84.00000000	80.00000000
20	104	1	84.00000000	80.00000000
20	105	1	84.00000000	80.00000000
20	106	1	84.00000000	80.00000000
20	107	1	84.00000000	80.00000000
20	108	1	84.00000000	80.00000000
20	109	1	84.00000000	80.00000000
20	110	1	84.00000000	80.00000000
20	111	1	84.00000000	80.00000000
20	112	1	84.00000000	80.00000000
20	113	1	84.00000000	80.00000000
20	114	1	84.00000000	80.00000000
20	115	1	84.00000000	80.00000000
20	116	1	84.00000000	80.00000000
20	117	1	84.00000000	80.00000000
20	118	1	84.00000000	80.00000000
20	119	1	84.00000000	80.00000000
20	120	1	84.00000000	80.00000000
20	121	1	84.00000000	80.00000000
20	122	1	84.00000000	80.00000000
20	123	1	84.00000000	80.00000000
20	124	1	84.00000000	80.00000000
20	125	1	84.00000000	80.00000000
20	126	1	84.00000000	80.00000000
20	127	1	84.00000000	80.00000000
20	128	1	84.00000000	80.00000000
20	129	1	84.00000000	80.00000000
20	130	1	84.00000000	80.00000000
20	131	1	84.00000000	80.00000000
20	132	1	84.00000000	80.00000000
20	133	1	84.00000000	80.00000000
20	134	1	84.00000000	80.00000000
20	135	1	84.00000000	80.00000000
20	136	1	84.00000000	80.00000000
20	137	1	84.00000000	80.00000000
20	138	1	84.00000000	80.00000000
20	139	1	84.00000000	80.00000000
20	140	1	84.00000000	80.00000000
20	141	1	84.00000000	80.00000000
20	142	1	84.00000000	80.00000000
20	143	1	84.00000000	80.00000000
20	144	1	84.00000000	80.00000000
20	145	1	84.00000000	80.00000000
20	146	1	84.00000000	80.00000000
20	147	1	84.00000000	80.00000000
20	148	1	84.00000000	80.00000000
20	149	1	84.00000000	80.00000000
20	150	1	84.00000000	80.00000000
20	151	1	84.00000000	80.00000000
20	152	1	84.00000000	80.00000000
20	153	1	84.00000000	80.00000000
20	154	1	84.00000000	80.00000000
20	155	1	84.00000000	80.00000000
20	156	1	84.00000000	80.00000000
20	157	1	84.00000000	80.00000000
20	158	1	84.00000000	80.00000000
20	159	1	84.00000000	80.00000000
20	160	1	84.00000000	80.00000000
20	161	1	84.00000000	80.00000000
20	162	1	84.00000000	80.00000000
20	163	1	84.00000000	80.00000000
20	164	1	84.00000000	80.00000000
20	165	1	84.00000000	80.00000000
20	166	1	84.00000000	80.00000000
20	167	1	84.00000000	80.00000000
20	168	1	84.00000000	80.00000000
20	169	1	84.00000000	80.00000000
20	170	1	84.00000000	80.00000000
20	171	1	84.00000000	80.00000000
20	172	1	84.00000000	80.00000000
20	173	1	84.00000000	80.00000000
20	174	1	84.00000000	80.00000000
20	175	1	84.00000000	80.00000000
20	176	1	84.00000000	80.00000000
20	177	1	84.00000000	80.00000000
20	178	1	84.00000000	80.00000000
20	179	1	84.00000000	80.00000000
20	180	1	84.00000000	80.00000000
20	181	1	84.00000000	80.00000000
20	182	1	84.00000000	80.00000000
20	183	1	84.00000000	80.00000000
20	184	1	84.00000000	80.00000000
20	185	1	84.00000000	80.00000000
20	186	1	84.00000000	80.00000000
20	187	1	84.00000000	80.00000000
20	188	1	84.00000000	80.00000000
20	189	1	84.00000000	80.00000000
20	190	1	84.00000000	80.00000000
20	191	1	84.00000000	80.00000000
20	192	1	84.00000000	80.00000000
20	193	1	84.00000000	80.00000000
20	194	1	84.00000000	80.00000000
20	195	1	84.00000000	80.00000000
20	196	1	84.00000000	80.00000000
20	197	1	84.00000000	80.00000000
20	198	1	84.00000000	80.00000000
20	199	1	84.00000000	80.00000000
20	200	1	84.00000000	80.00000000
20	201	1	84.00000000	80.00000000
20	202	1	84.00000000	80.00000000
20	203	1	84.00000000	80.00000000
20	204	1	84.00000000	80.00000000
20	205	1	84.00000000	80.00000000
20	206	1	84.00000000	80.00000000
20	207	1	84.00000000	80.00000000
20	208	1	84.00000000	80.00000000
20	209	1	84.00000000	80.00000000
20	210	1	84.00000000	80.00000000
20	211	1	84.00000000	80.00000000
20	212	1	84.00000000	80.00000000
20	213	1	84.00000000	80.00000000
20	214	1	84.00000000	80.00000000
20	215	1	84.00000000	80.00000000
20	216	1	84.00000000	80.00000000
20	217	1	84.00000000	80.00000000
20	218	1	84.00000000	80.00000000
20	219	1	84.00000000	80.00000000
20	220	1	84.00000000	80.00000000
20	221	1	84.00000000	80.00000000
20	222	1	84.00000000	80.00000000
20	223	1	84.00000000	80.00000000
20	224	1	84.00000000	80.00000000
20	225	1	84.00000000	80.00000000
20	226	1	84.00000000	80.00000000
20	227	1	84.00000000	80.00000000
20	228	1	84.00000000	80.00000000
20	229	1	84.00000000	80.00000000
20	230	1	84.00000000	80.00000000
20	231	1	84.00000000	80.00000000
20	232	1	84.00000000	80.00000000
20	233	1	84.00000000	80.00000000
20	234	1	84.00000000	80.00000000
20	235	1	84.00000000	80.00000000
20	236	1	84.00000000	80.00000000
20	237	1	84.00000000	80.00000000
20	238	1	84.00000000	80.00000000
20	239	1	84.00000000	80.00000000
20	240	1	84.00000000	80.00000000
20	241	1	84.00000000	80.00000000
20	242	1	84.00000000	80.00000000
20	243	1	84.00000000	80.00000000
21	0	1	84.00000000	80.00000000
21	1	1	84.00000000	80.00000000
21	2	1	84.00000000	80.00000000
21	3	1	84.00000000	80.00000000
21	4	1	84.00000000	80.00000000
21	5	1	84.00000000	80.00000000
21	6	1	84.00000000	80.00000000
21	7	1	84.00000000	80.00000000
21	8	1	84.00000000	80.00000000
21	9	1	84.00000000	80.00000000
21	10	1	84.00000000	80.00000000
21	11	1	84.00000000	80.00000000
21	12	1	84.00000000	80.00000000
21	13	1	84.00000000	80.00000000
21	14	1	84.00000000	80.00000000
21	15	1	84.00000000	80.00000000
21	16	1	84.00000000	80.00000000
21	17	1	84.00000000	80.00000000
21	18	1	84.00000000	80.00000000
21	19	1	84.00000000	80.00000000
21	20	1	84.00000000	80.00000000
21	21	1	84.00000000	80.00000000
21	22	1	84.00000000	80.00000000
21	23	1	84.00000000	80.00000000
21	24	1	84.00000000	80.00000000
21	25	1	84.00000000	80.00000000
21	26	1	84.00000000	80.00000000
21	27	1	84.00000000	80.00000000
21	28	1	84.00000000	80.00000000
21	29	1	84.00000000	80.00000000
21	30	1	84.00000000	80.00000000
21	31	1	84.00000000	80.00000000
21	32	1	84.00000000	80.00000000
21	33	1	84.00000000	80.00000000
21	34	1	84.00000000	80.00000000
21	35	1	84.00000000	80.00000000
21	36	1	84.00000000	80.00000000
21	37	1	84.00000000	80.00000000
21	38	1	84.00000000	80.00000000
21	39	1	84.00000000	80.00000000
21	40	1	84.00000000	80.00000000
21	41	1	84.00000000	80.00000000
21	42	1	84.00000000	80.00000000
21	43	1	84.00000000	80.00000000
21	44	1	84.00000000	80.00000000
21	45	1	84.00000000	80.00000000
21	46	1	84.00000000	80.00000000
21	47	1	84.00000000	80.00000000
21	48	1	84.00000000	80.00000000
21	49	1	84.00000000	80.00000000
21	50	1	84.00000000	80.00000000
21	51	1	84.00000000	80.00000000
21	52	1	84.00000000	80.00000000
21	53	1	84.00000000	80.00000000
21	54	1	84.00000000	80.00000000
21	55	1	84.00000000	80.00000000
21	56	1	84.00000000	80.00000000
21	57	1	84.00000000	80.00000000
21	58	1	84.00000000	80.00000000
21	59	1	84.00000000	80.00000000
21	60	1	84.00000000	80.00000000
21	61	1	84.00000000	80.00000000
21	62	1	84.00000000	80.00000000
21	63	1	84.00000000	80.00000000
21	64	1	84.00000000	80.00000000
21	65	1	84.00000000	80.00000000
21	66	1	84.00000000	80.00000000
21	67	1	84.00000000	80.00000000
21	68	1	84.00000000	80.00000000
21	69	1	84.00000000	80.00000000
21	70	1	84.00000000	80.00000000
21	71	1	84.00000000	80.00000000
21	72	1	84.00000000	80.00000000
21	73	1	84.00000000	80.00000000
21	74	1	84.00000000	80.00000000
21	75	1	84.00000000	80.00000000
21	76	1	84.00000000	80.00000000
21	77	1	84.00000000	80.00000000
21	78	1	84.00000000	80.00000000
21	79	1	84.00000000	80.00000000
21	80	1	84.00000000	80.00000000
21	81	1	84.00000000	80.00000000
21	82	1	84.00000000	80.00000000
21	83	1	84.00000000	80.00000000
21	84	1	84.00000000	80.00000000
21	85	1	84.00000000	80.00000000
21	86	1	84.00000000	80.00000000
21	87	1	84.00000000	80.00000000
21	88	1	84.00000000	80.00000000
21	89	1	84.00000000	80.00000000
21	90	1	84.00000000	80.00000000
21	91	1	84.00000000	80.00000000
21	92	1	84.00000000	80.00000000
21	93	1	84.00000000	80.00000000
21	94	1	84.00000000	80.00000000
21	95	1	84.00000000	80.00000000
21	96	1	84.00000000	80.00000000
21	97	1	84.00000000	80.00000000
21	98	1	84.00000000	80.00000000
21	99	1	84.00000000	80.00000000
21	100	1	84.00000000	80.00000000
21	101	1	84.00000000	80.00000000
21	102	1	84.00000000	80.00000000
21	103	1	84.00000000	80.00000000
21	104	1	84.00000000	80.00000000
21	105	1	84.00000000	80.00000000
21	106	1	84.00000000	80.00000000
21	107	1	84.00000000	80.00000000
21	108	1	84.00000000	80.00000000
21	109	1	84.00000000	80.00000000
21	110	1	84.00000000	80.00000000
21	111	1	84.00000000	80.00000000
21	112	1	84.00000000	80.00000000
21	113	1	84.00000000	80.00000000
21	114	1	84.00000000	80.00000000
21	115	1	84.00000000	80.00000000
21	116	1	84.00000000	80.00000000
21	117	1	84.00000000	80.00000000
21	118	1	84.00000000	80.00000000
21	119	1	84.00000000	80.00000000
21	120	1	84.00000000	80.00000000
21	121	1	84.00000000	80.00000000
21	122	1	84.00000000	80.00000000
21	123	1	84.00000000	80.00000000
21	124	1	84.00000000	80.00000000
21	125	1	84.00000000	80.00000000
21	126	1	84.00000000	80.00000000
21	127	1	84.00000000	80.00000000
21	128	1	84.00000000	80.00000000
21	129	1	84.00000000	80.00000000
21	130	1	84.00000000	80.00000000
21	131	1	84.00000000	80.00000000
21	132	1	84.00000000	80.00000000
21	133	1	84.00000000	80.00000000
21	134	1	84.00000000	80.00000000
21	135	1	84.00000000	80.00000000
21	136	1	84.00000000	80.00000000
21	137	1	84.00000000	80.00000000
21	138	1	84.00000000	80.00000000
21	139	1	84.00000000	80.00000000
21	140	1	84.00000000	80.00000000
21	141	1	84.00000000	80.00000000
21	142	1	84.00000000	80.00000000
21	143	1	84.00000000	80.00000000
21	144	1	84.00000000	80.00000000
21	145	1	84.00000000	80.00000000
21	146	1	84.00000000	80.00000000
21	147	1	84.00000000	80.00000000
21	148	1	84.00000000	80.00000000
21	149	1	84.00000000	80.00000000
21	150	1	84.00000000	80.00000000
21	151	1	84.00000000	80.00000000
21	152	1	84.00000000	80.00000000
21	153	1	84.00000000	80.00000000
21	154	1	84.00000000	80.00000000
21	155	1	84.00000000	80.00000000
21	156	1	84.00000000	80.00000000
21	157	1	84.00000000	80.00000000
21	158	1	84.00000000	80.00000000
21	159	1	84.00000000	80.00000000
21	160	1	84.00000000	80.00000000
21	161	1	84.00000000	80.00000000
21	162	1	84.00000000	80.00000000
21	163	1	84.00000000	80.00000000
21	164	1	84.00000000	80.00000000
21	165	1	84.00000000	80.00000000
21	166	1	84.00000000	80.00000000
21	167	1	84.00000000	80.00000000
21	168	1	84.00000000	80.00000000
21	169	1	84.00000000	80.00000000
21	170	1	84.00000000	80.00000000
21	171	1	84.00000000	80.00000000
21	172	1	84.00000000	80.00000000
21	173	1	84.00000000	80.00000000
21	174	1	84.00000000	80.00000000
21	175	1	84.00000000	80.00000000
21	176	1	84.00000000	80.00000000
21	177	1	84.00000000	80.00000000
21	178	1	84.00000000	80.00000000
21	179	1	84.00000000	80.00000000
21	180	1	84.00000000	80.00000000
21	181	1	84.00000000	80.00000000
21	182	1	84.00000000	80.00000000
21	183	1	84.00000000	80.00000000
21	184	1	84.00000000	80.00000000
21	185	1	84.00000000	80.00000000
21	186	1	84.00000000	80.00000000
21	187	1	84.00000000	80.00000000
21	188	1	84.00000000	80.00000000
21	189	1	84.00000000	80.00000000
21	190	1	84.00000000	80.00000000
21	191	1	84.00000000	80.00000000
21	192	1	84.00000000	80.00000000
21	193	1	84.00000000	80.00000000
21	194	1	84.00000000	80.00000000
21	195	1	84.00000000	80.00000000
21	196	1	84.00000000	80.00000000
21	197	1	84.00000000	80.00000000
21	198	1	84.00000000	80.00000000
21	199	1	84.00000000	80.00000000
21	200	1	84.00000000	80.00000000
21	201	1	84.00000000	80.00000000
21	202	1	84.00000000	80.00000000
21	203	1	84.00000000	80.00000000
21	204	1	84.00000000	80.00000000
21	205	1	84.00000000	80.00000000
21	206	1	84.00000000	80.00000000
21	207	1	84.00000000	80.00000000
21	208	1	84.00000000	80.00000000
21	209	1	84.00000000	80.00000000
21	210	1	84.00000000	80.00000000
21	211	1	84.00000000	80.00000000
21	212	1	84.00000000	80.00000000
21	213	1	84.00000000	80.00000000
21	214	1	84.00000000	80.00000000
21	215	1	84.00000000	80.00000000
21	216	1	84.00000000	80.00000000
21	217	1	84.00000000	80.00000000
21	218	1	84.00000000	80.00000000
21	219	1	84.00000000	80.00000000
21	220	1	84.00000000	80.00000000
21	221	1	84.00000000	80.00000000
21	222	1	84.00000000	80.00000000
21	223	1	84.00000000	80.00000000
21	224	1	84.00000000	80.00000000
21	225	1	84.00000000	80.00000000
21	226	1	84.00000000	80.00000000
21	227	1	84.00000000	80.00000000
21	228	1	84.00000000	80.00000000
21	229	1	84.00000000	80.00000000
21	230	1	84.00000000	80.00000000
21	231	1	84.00000000	80.00000000
22	0	1	84.00000000	80.00000000
22	1	1	84.00000000	80.00000000
22	2	1	84.00000000	80.00000000
22	3	1	84.00000000	80.00000000
22	4	1	84.00000000	80.00000000
22	5	1	84.00000000	80.00000000
22	6	1	84.00000000	80.00000000
22	7	1	84.00000000	80.00000000
22	8	1	84.00000000	80.00000000
22	9	1	84.00000000	80.00000000
22	10	1	84.00000000	80.00000000
22	11	1	84.00000000	80.00000000
22	12	1	84.00000000	80.00000000
22	13	1	84.00000000	80.00000000
22	14	1	84.00000000	80.00000000
22	15	1	84.00000000	80.00000000
22	16	1	84.00000000	80.00000000
22	17	1	84.00000000	80.00000000
22	18	1	84.00000000	80.00000000
22	19	1	84.00000000	80.00000000
22	20	1	84.00000000	80.00000000
22	21	1	84.00000000	80.00000000
22	22	1	84.00000000	80.00000000
22	23	1	84.00000000	80.00000000
22	24	1	84.00000000	80.00000000
22	25	1	84.00000000	80.00000000
22	26	1	84.00000000	80.00000000
22	27	1	84.00000000	80.00000000
22	28	1	84.00000000	80.00000000
22	29	1	84.00000000	80.00000000
22	30	1	84.00000000	80.00000000
22	31	1	84.00000000	80.00000000
22	32	1	84.00000000	80.00000000
22	33	1	84.00000000	80.00000000
22	34	1	84.00000000	80.00000000
22	35	1	84.00000000	80.00000000
22	36	1	84.00000000	80.00000000
22	37	1	84.00000000	80.00000000
22	38	1	84.00000000	80.00000000
22	39	1	84.00000000	80.00000000
22	40	1	84.00000000	80.00000000
22	41	1	84.00000000	80.00000000
22	42	1	84.00000000	80.00000000
22	43	1	84.00000000	80.00000000
22	44	1	84.00000000	80.00000000
22	45	1	84.00000000	80.00000000
22	46	1	84.00000000	80.00000000
22	47	1	84.00000000	80.00000000
22	48	1	84.00000000	80.00000000
22	49	1	84.00000000	80.00000000
22	50	1	84.00000000	80.00000000
22	51	1	84.00000000	80.00000000
22	52	1	84.00000000	80.00000000
22	53	1	84.00000000	80.00000000
22	54	1	84.00000000	80.00000000
22	55	1	84.00000000	80.00000000
22	56	1	84.00000000	80.00000000
22	57	1	84.00000000	80.00000000
22	58	1	84.00000000	80.00000000
22	59	1	84.00000000	80.00000000
22	60	1	84.00000000	80.00000000
22	61	1	84.00000000	80.00000000
22	62	1	84.00000000	80.00000000
22	63	1	84.00000000	80.00000000
22	64	1	84.00000000	80.00000000
22	65	1	84.00000000	80.00000000
22	66	1	84.00000000	80.00000000
22	67	1	84.00000000	80.00000000
22	68	1	84.00000000	80.00000000
22	69	1	84.00000000	80.00000000
22	70	1	84.00000000	80.00000000
22	71	1	84.00000000	80.00000000
22	72	1	84.00000000	80.00000000
22	73	1	84.00000000	80.00000000
22	74	1	84.00000000	80.00000000
22	75	1	84.00000000	80.00000000
22	76	1	84.00000000	80.00000000
22	77	1	84.00000000	80.00000000
22	78	1	84.00000000	80.00000000
22	79	1	84.00000000	80.00000000
22	80	1	84.00000000	80.00000000
22	81	1	84.00000000	80.00000000
22	82	1	84.00000000	80.00000000
22	83	1	84.00000000	80.00000000
22	84	1	84.00000000	80.00000000
22	85	1	84.00000000	80.00000000
22	86	1	84.00000000	80.00000000
22	87	1	84.00000000	80.00000000
22	88	1	84.00000000	80.00000000
22	89	1	84.00000000	80.00000000
22	90	1	84.00000000	80.00000000
22	91	1	84.00000000	80.00000000
22	92	1	84.00000000	80.00000000
22	93	1	84.00000000	80.00000000
22	94	1	84.00000000	80.00000000
22	95	1	84.00000000	80.00000000
22	96	1	84.00000000	80.00000000
22	97	1	84.00000000	80.00000000
22	98	1	84.00000000	80.00000000
22	99	1	84.00000000	80.00000000
22	100	1	84.00000000	80.00000000
22	101	1	84.00000000	80.00000000
22	102	1	84.00000000	80.00000000
22	103	1	84.00000000	80.00000000
22	104	1	84.00000000	80.00000000
22	105	1	84.00000000	80.00000000
22	106	1	84.00000000	80.00000000
22	107	1	84.00000000	80.00000000
22	108	1	84.00000000	80.00000000
22	109	1	84.00000000	80.00000000
22	110	1	84.00000000	80.00000000
22	111	1	84.00000000	80.00000000
22	112	1	84.00000000	80.00000000
22	113	1	84.00000000	80.00000000
22	114	1	84.00000000	80.00000000
22	115	1	84.00000000	80.00000000
22	116	1	84.00000000	80.00000000
22	117	1	84.00000000	80.00000000
22	118	1	84.00000000	80.00000000
22	119	1	84.00000000	80.00000000
22	120	1	84.00000000	80.00000000
22	121	1	84.00000000	80.00000000
22	122	1	84.00000000	80.00000000
22	123	1	84.00000000	80.00000000
22	124	1	84.00000000	80.00000000
22	125	1	84.00000000	80.00000000
22	126	1	84.00000000	80.00000000
22	127	1	84.00000000	80.00000000
22	128	1	84.00000000	80.00000000
22	129	1	84.00000000	80.00000000
22	130	1	84.00000000	80.00000000
22	131	1	84.00000000	80.00000000
22	132	1	84.00000000	80.00000000
22	133	1	84.00000000	80.00000000
22	134	1	84.00000000	80.00000000
22	135	1	84.00000000	80.00000000
22	136	1	84.00000000	80.00000000
22	137	1	84.00000000	80.00000000
22	138	1	84.00000000	80.00000000
22	139	1	84.00000000	80.00000000
22	140	1	84.00000000	80.00000000
22	141	1	84.00000000	80.00000000
22	142	1	84.00000000	80.00000000
22	143	1	84.00000000	80.00000000
22	144	1	84.00000000	80.00000000
22	145	1	84.00000000	80.00000000
22	146	1	84.00000000	80.00000000
22	147	1	84.00000000	80.00000000
22	148	1	84.00000000	80.00000000
22	149	1	84.00000000	80.00000000
22	150	1	84.00000000	80.00000000
22	151	1	84.00000000	80.00000000
22	152	1	84.00000000	80.00000000
22	153	1	84.00000000	80.00000000
22	154	1	84.00000000	80.00000000
22	155	1	84.00000000	80.00000000
22	156	1	84.00000000	80.00000000
22	157	1	84.00000000	80.00000000
22	158	1	84.00000000	80.00000000
22	159	1	84.00000000	80.00000000
22	160	1	84.00000000	80.00000000
22	161	1	84.00000000	80.00000000
22	162	1	84.00000000	80.00000000
22	163	1	84.00000000	80.00000000
22	164	1	84.00000000	80.00000000
22	165	1	84.00000000	80.00000000
22	166	1	84.00000000	80.00000000
22	167	1	84.00000000	80.00000000
22	168	1	84.00000000	80.00000000
22	169	1	84.00000000	80.00000000
22	170	1	84.00000000	80.00000000
22	171	1	84.00000000	80.00000000
22	172	1	84.00000000	80.00000000
22	173	1	84.00000000	80.00000000
22	174	1	84.00000000	80.00000000
22	175	1	84.00000000	80.00000000
22	176	1	84.00000000	80.00000000
22	177	1	84.00000000	80.00000000
22	178	1	84.00000000	80.00000000
22	179	1	84.00000000	80.00000000
22	180	1	84.00000000	80.00000000
22	181	1	84.00000000	80.00000000
22	182	1	84.00000000	80.00000000
22	183	1	84.00000000	80.00000000
22	184	1	84.00000000	80.00000000
22	185	1	84.00000000	80.00000000
22	186	1	84.00000000	80.00000000
22	187	1	84.00000000	80.00000000
22	188	1	84.00000000	80.00000000
22	189	1	84.00000000	80.00000000
22	190	1	84.00000000	80.00000000
22	191	1	84.00000000	80.00000000
22	192	1	84.00000000	80.00000000
22	193	1	84.00000000	80.00000000
22	194	1	84.00000000	80.00000000
22	195	1	84.00000000	80.00000000
22	196	1	84.00000000	80.00000000
22	197	1	84.00000000	80.00000000
22	198	1	84.00000000	80.00000000
22	199	1	84.00000000	80.00000000
22	200	1	84.00000000	80.00000000
22	201	1	84.00000000	80.00000000
22	202	1	84.00000000	80.00000000
22	203	1	84.00000000	80.00000000
22	204	1	84.00000000	80.00000000
22	205	1	84.00000000	80.00000000
22	206	1	84.00000000	80.00000000
22	207	1	84.00000000	80.00000000
22	208	1	84.00000000	80.00000000
22	209	1	84.00000000	80.00000000
22	210	1	84.00000000	80.00000000
22	211	1	84.00000000	80.00000000
22	212	1	84.00000000	80.00000000
22	213	1	84.00000000	80.00000000
22	214	1	84.00000000	80.00000000
22	215	1	84.00000000	80.00000000
22	216	1	84.00000000	80.00000000
22	217	1	84.00000000	80.00000000
23	0	1	84.00000000	80.00000000
23	1	1	84.00000000	80.00000000
23	2	1	84.00000000	80.00000000
23	3	1	84.00000000	80.00000000
23	4	1	84.00000000	80.00000000
23	5	1	84.00000000	80.00000000
23	6	1	84.00000000	80.00000000
23	7	1	84.00000000	80.00000000
23	8	1	84.00000000	80.00000000
23	9	1	84.00000000	80.00000000
23	10	1	84.00000000	80.00000000
23	11	1	84.00000000	80.00000000
23	12	1	84.00000000	80.00000000
23	13	1	84.00000000	80.00000000
23	14	1	84.00000000	80.00000000
23	15	1	84.00000000	80.00000000
23	16	1	84.00000000	80.00000000
23	17	1	84.00000000	80.00000000
23	18	1	84.00000000	80.00000000
23	19	1	84.00000000	80.00000000
23	20	1	84.00000000	80.00000000
23	21	1	84.00000000	80.00000000
23	22	1	84.00000000	80.00000000
23	23	1	84.00000000	80.00000000
23	24	1	84.00000000	80.00000000
23	25	1	84.00000000	80.00000000
23	26	1	84.00000000	80.00000000
23	27	1	84.00000000	80.00000000
23	28	1	84.00000000	80.00000000
23	29	1	84.00000000	80.00000000
23	30	1	84.00000000	80.00000000
23	31	1	84.00000000	80.00000000
23	32	1	84.00000000	80.00000000
23	33	1	84.00000000	80.00000000
23	34	1	84.00000000	80.00000000
23	35	1	84.00000000	80.00000000
23	36	1	84.00000000	80.00000000
23	37	1	84.00000000	80.00000000
23	38	1	84.00000000	80.00000000
23	39	1	84.00000000	80.00000000
23	40	1	84.00000000	80.00000000
23	41	1	84.00000000	80.00000000
23	42	1	84.00000000	80.00000000
23	43	1	84.00000000	80.00000000
23	44	1	84.00000000	80.00000000
23	45	1	84.00000000	80.00000000
23	46	1	84.00000000	80.00000000
23	47	1	84.00000000	80.00000000
23	48	1	84.00000000	80.00000000
23	49	1	84.00000000	80.00000000
23	50	1	84.00000000	80.00000000
23	51	1	84.00000000	80.00000000
23	52	1	84.00000000	80.00000000
23	53	1	84.00000000	80.00000000
23	54	1	84.00000000	80.00000000
23	55	1	84.00000000	80.00000000
23	56	1	84.00000000	80.00000000
23	57	1	84.00000000	80.00000000
23	58	1	84.00000000	80.00000000
23	59	1	84.00000000	80.00000000
23	60	1	84.00000000	80.00000000
23	61	1	84.00000000	80.00000000
23	62	1	84.00000000	80.00000000
23	63	1	84.00000000	80.00000000
23	64	1	84.00000000	80.00000000
23	65	1	84.00000000	80.00000000
23	66	1	84.00000000	80.00000000
23	67	1	84.00000000	80.00000000
23	68	1	84.00000000	80.00000000
23	69	1	84.00000000	80.00000000
23	70	1	84.00000000	80.00000000
23	71	1	84.00000000	80.00000000
23	72	1	84.00000000	80.00000000
23	73	1	84.00000000	80.00000000
23	74	1	84.00000000	80.00000000
23	75	1	84.00000000	80.00000000
23	76	1	84.00000000	80.00000000
23	77	1	84.00000000	80.00000000
23	78	1	84.00000000	80.00000000
23	79	1	84.00000000	80.00000000
23	80	1	84.00000000	80.00000000
23	81	1	84.00000000	80.00000000
23	82	1	84.00000000	80.00000000
23	83	1	84.00000000	80.00000000
23	84	1	84.00000000	80.00000000
23	85	1	84.00000000	80.00000000
23	86	1	84.00000000	80.00000000
23	87	1	84.00000000	80.00000000
23	88	1	84.00000000	80.00000000
23	89	1	84.00000000	80.00000000
23	90	1	84.00000000	80.00000000
23	91	1	84.00000000	80.00000000
23	92	1	84.00000000	80.00000000
23	93	1	84.00000000	80.00000000
23	94	1	84.00000000	80.00000000
23	95	1	84.00000000	80.00000000
23	96	1	84.00000000	80.00000000
23	97	1	84.00000000	80.00000000
23	98	1	84.00000000	80.00000000
23	99	1	84.00000000	80.00000000
23	100	1	84.00000000	80.00000000
23	101	1	84.00000000	80.00000000
23	102	1	84.00000000	80.00000000
23	103	1	84.00000000	80.00000000
23	104	1	84.00000000	80.00000000
23	105	1	84.00000000	80.00000000
23	106	1	84.00000000	80.00000000
23	107	1	84.00000000	80.00000000
23	108	1	84.00000000	80.00000000
23	109	1	84.00000000	80.00000000
23	110	1	84.00000000	80.00000000
23	111	1	84.00000000	80.00000000
23	112	1	84.00000000	80.00000000
23	113	1	84.00000000	80.00000000
23	114	1	84.00000000	80.00000000
23	115	1	84.00000000	80.00000000
23	116	1	84.00000000	80.00000000
23	117	1	84.00000000	80.00000000
23	118	1	84.00000000	80.00000000
23	119	1	84.00000000	80.00000000
23	120	1	84.00000000	80.00000000
23	121	1	84.00000000	80.00000000
23	122	1	84.00000000	80.00000000
23	123	1	84.00000000	80.00000000
23	124	1	84.00000000	80.00000000
23	125	1	84.00000000	80.00000000
23	126	1	84.00000000	80.00000000
23	127	1	84.00000000	80.00000000
23	128	1	84.00000000	80.00000000
23	129	1	84.00000000	80.00000000
23	130	1	84.00000000	80.00000000
23	131	1	84.00000000	80.00000000
23	132	1	84.00000000	80.00000000
23	133	1	84.00000000	80.00000000
23	134	1	84.00000000	80.00000000
23	135	1	84.00000000	80.00000000
23	136	1	84.00000000	80.00000000
23	137	1	84.00000000	80.00000000
23	138	1	84.00000000	80.00000000
23	139	1	84.00000000	80.00000000
23	140	1	84.00000000	80.00000000
23	141	1	84.00000000	80.00000000
23	142	1	84.00000000	80.00000000
23	143	1	84.00000000	80.00000000
23	144	1	84.00000000	80.00000000
23	145	1	84.00000000	80.00000000
23	146	1	84.00000000	80.00000000
23	147	1	84.00000000	80.00000000
23	148	1	84.00000000	80.00000000
23	149	1	84.00000000	80.00000000
23	150	1	84.00000000	80.00000000
23	151	1	84.00000000	80.00000000
23	152	1	84.00000000	80.00000000
23	153	1	84.00000000	80.00000000
23	154	1	84.00000000	80.00000000
23	155	1	84.00000000	80.00000000
23	156	1	84.00000000	80.00000000
23	157	1	84.00000000	80.00000000
23	158	1	84.00000000	80.00000000
23	159	1	84.00000000	80.00000000
23	160	1	84.00000000	80.00000000
23	161	1	84.00000000	80.00000000
23	162	1	84.00000000	80.00000000
23	163	1	84.00000000	80.00000000
23	164	1	84.00000000	80.00000000
23	165	1	84.00000000	80.00000000
23	166	1	84.00000000	80.00000000
23	167	1	84.00000000	80.00000000
23	168	1	84.00000000	80.00000000
23	169	1	84.00000000	80.00000000
23	170	1	84.00000000	80.00000000
23	171	1	84.00000000	80.00000000
23	172	1	84.00000000	80.00000000
23	173	1	84.00000000	80.00000000
23	174	1	84.00000000	80.00000000
23	175	1	84.00000000	80.00000000
23	176	1	84.00000000	80.00000000
23	177	1	84.00000000	80.00000000
23	178	1	84.00000000	80.00000000
23	179	1	84.00000000	80.00000000
23	180	1	84.00000000	80.00000000
23	181	1	84.00000000	80.00000000
23	182	1	84.00000000	80.00000000
23	183	1	84.00000000	80.00000000
23	184	1	84.00000000	80.00000000
23	185	1	84.00000000	80.00000000
23	186	1	84.00000000	80.00000000
23	187	1	84.00000000	80.00000000
23	188	1	84.00000000	80.00000000
23	189	1	84.00000000	80.00000000
23	190	1	84.00000000	80.00000000
23	191	1	84.00000000	80.00000000
23	192	1	84.00000000	80.00000000
23	193	1	84.00000000	80.00000000
23	194	1	84.00000000	80.00000000
23	195	1	84.00000000	80.00000000
23	196	1	84.00000000	80.00000000
23	197	1	84.00000000	80.00000000
23	198	1	84.00000000	80.00000000
23	199	1	84.00000000	80.00000000
23	200	1	84.00000000	80.00000000
23	201	1	84.00000000	80.00000000
23	202	1	84.00000000	80.00000000
23	203	1	84.00000000	80.00000000
23	204	1	84.00000000	80.00000000
23	205	1	84.00000000	80.00000000
23	206	1	84.00000000	80.00000000
23	207	1	84.00000000	80.00000000
23	208	1	84.00000000	80.00000000
23	209	1	84.00000000	80.00000000
24	0	1	84.00000000	80.00000000
24	1	1	84.00000000	80.00000000
24	2	1	84.00000000	80.00000000
24	3	1	84.00000000	80.00000000
24	4	1	84.00000000	80.00000000
24	5	1	84.00000000	80.00000000
24	6	1	84.00000000	80.00000000
24	7	1	84.00000000	80.00000000
24	8	1	84.00000000	80.00000000
24	9	1	84.00000000	80.00000000
24	10	1	84.00000000	80.00000000
24	11	1	84.00000000	80.00000000
24	12	1	84.00000000	80.00000000
24	13	1	84.00000000	80.00000000
24	14	1	84.00000000	80.00000000
24	15	1	84.00000000	80.00000000
24	16	1	84.00000000	80.00000000
24	17	1	84.00000000	80.00000000
24	18	1	84.00000000	80.00000000
24	19	1	84.00000000	80.00000000
24	20	1	84.00000000	80.00000000
24	21	1	84.00000000	80.00000000
24	22	1	84.00000000	80.00000000
24	23	1	84.00000000	80.00000000
24	24	1	84.00000000	80.00000000
24	25	1	84.00000000	80.00000000
24	26	1	84.00000000	80.00000000
24	27	1	84.00000000	80.00000000
24	28	1	84.00000000	80.00000000
24	29	1	84.00000000	80.00000000
24	30	1	84.00000000	80.00000000
24	31	1	84.00000000	80.00000000
24	32	1	84.00000000	80.00000000
24	33	1	84.00000000	80.00000000
24	34	1	84.00000000	80.00000000
24	35	1	84.00000000	80.00000000
24	36	1	84.00000000	80.00000000
24	37	1	84.00000000	80.00000000
24	38	1	84.00000000	80.00000000
24	39	1	84.00000000	80.00000000
24	40	1	84.00000000	80.00000000
24	41	1	84.00000000	80.00000000
24	42	1	84.00000000	80.00000000
24	43	1	84.00000000	80.00000000
24	44	1	84.00000000	80.00000000
24	45	1	84.00000000	80.00000000
24	46	1	84.00000000	80.00000000
24	47	1	84.00000000	80.00000000
24	48	1	84.00000000	80.00000000
24	49	1	84.00000000	80.00000000
24	50	1	84.00000000	80.00000000
24	51	1	84.00000000	80.00000000
24	52	1	84.00000000	80.00000000
24	53	1	84.00000000	80.00000000
24	54	1	84.00000000	80.00000000
24	55	1	84.00000000	80.00000000
24	56	1	84.00000000	80.00000000
24	57	1	84.00000000	80.00000000
24	58	1	84.00000000	80.00000000
24	59	1	84.00000000	80.00000000
24	60	1	84.00000000	80.00000000
24	61	1	84.00000000	80.00000000
24	62	1	84.00000000	80.00000000
24	63	1	84.00000000	80.00000000
24	64	1	84.00000000	80.00000000
24	65	1	84.00000000	80.00000000
24	66	1	84.00000000	80.00000000
24	67	1	84.00000000	80.00000000
24	68	1	84.00000000	80.00000000
24	69	1	84.00000000	80.00000000
24	70	1	84.00000000	80.00000000
24	71	1	84.00000000	80.00000000
24	72	1	84.00000000	80.00000000
24	73	1	84.00000000	80.00000000
24	74	1	84.00000000	80.00000000
24	75	1	84.00000000	80.00000000
24	76	1	84.00000000	80.00000000
24	77	1	84.00000000	80.00000000
24	78	1	84.00000000	80.00000000
24	79	1	84.00000000	80.00000000
24	80	1	84.00000000	80.00000000
24	81	1	84.00000000	80.00000000
24	82	1	84.00000000	80.00000000
24	83	1	84.00000000	80.00000000
24	84	1	84.00000000	80.00000000
24	85	1	84.00000000	80.00000000
24	86	1	84.00000000	80.00000000
24	87	1	84.00000000	80.00000000
24	88	1	84.00000000	80.00000000
24	89	1	84.00000000	80.00000000
24	90	1	84.00000000	80.00000000
24	91	1	84.00000000	80.00000000
24	92	1	84.00000000	80.00000000
24	93	1	84.00000000	80.00000000
24	94	1	84.00000000	80.00000000
24	95	1	84.00000000	80.00000000
24	96	1	84.00000000	80.00000000
24	97	1	84.00000000	80.00000000
24	98	1	84.00000000	80.00000000
24	99	1	84.00000000	80.00000000
24	100	1	84.00000000	80.00000000
24	101	1	84.00000000	80.00000000
24	102	1	84.00000000	80.00000000
24	103	1	84.00000000	80.00000000
24	104	1	84.00000000	80.00000000
24	105	1	84.00000000	80.00000000
24	106	1	84.00000000	80.00000000
24	107	1	84.00000000	80.00000000
24	108	1	84.00000000	80.00000000
24	109	1	84.00000000	80.00000000
24	110	1	84.00000000	80.00000000
24	111	1	84.00000000	80.00000000
24	112	1	84.00000000	80.00000000
24	113	1	84.00000000	80.00000000
24	114	1	84.00000000	80.00000000
24	115	1	84.00000000	80.00000000
24	116	1	84.00000000	80.00000000
24	117	1	84.00000000	80.00000000
24	118	1	84.00000000	80.00000000
24	119	1	84.00000000	80.00000000
24	120	1	84.00000000	80.00000000
24	121	1	84.00000000	80.00000000
24	122	1	84.00000000	80.00000000
24	123	1	84.00000000	80.00000000
24	124	1	84.00000000	80.00000000
24	125	1	84.00000000	80.00000000
24	126	1	84.00000000	80.00000000
24	127	1	84.00000000	80.00000000
24	128	1	84.00000000	80.00000000
24	129	1	84.00000000	80.00000000
24	130	1	84.00000000	80.00000000
24	131	1	84.00000000	80.00000000
24	132	1	84.00000000	80.00000000
24	133	1	84.00000000	80.00000000
24	134	1	84.00000000	80.00000000
24	135	1	84.00000000	80.00000000
24	136	1	84.00000000	80.00000000
24	137	1	84.00000000	80.00000000
24	138	1	84.00000000	80.00000000
24	139	1	84.00000000	80.00000000
24	140	1	84.00000000	80.00000000
24	141	1	84.00000000	80.00000000
24	142	1	84.00000000	80.00000000
24	143	1	84.00000000	80.00000000
24	144	1	84.00000000	80.00000000
24	145	1	84.00000000	80.00000000
24	146	1	84.00000000	80.00000000
24	147	1	84.00000000	80.00000000
24	148	1	84.00000000	80.00000000
24	149	1	84.00000000	80.00000000
24	150	1	84.00000000	80.00000000
24	151	1	84.00000000	80.00000000
24	152	1	84.00000000	80.00000000
24	153	1	84.00000000	80.00000000
24	154	1	84.00000000	80.00000000
24	155	1	84.00000000	80.00000000
24	156	1	84.00000000	80.00000000
24	157	1	84.00000000	80.00000000
24	158	1	84.00000000	80.00000000
24	159	1	84.00000000	80.00000000
24	160	1	84.00000000	80.00000000
24	161	1	84.00000000	80.00000000
24	162	1	84.00000000	80.00000000
24	163	1	84.00000000	80.00000000
24	164	1	84.00000000	80.00000000
24	165	1	84.00000000	80.00000000
24	166	1	84.00000000	80.00000000
24	167	1	84.00000000	80.00000000
24	168	1	84.00000000	80.00000000
24	169	1	84.00000000	80.00000000
24	170	1	84.00000000	80.00000000
24	171	1	84.00000000	80.00000000
24	172	1	84.00000000	80.00000000
24	173	1	84.00000000	80.00000000
24	174	1	84.00000000	80.00000000
24	175	1	84.00000000	80.00000000
24	176	1	84.00000000	80.00000000
24	177	1	84.00000000	80.00000000
24	178	1	84.00000000	80.00000000
24	179	1	84.00000000	80.00000000
24	180	1	84.00000000	80.00000000
24	181	1	84.00000000	80.00000000
24	182	1	84.00000000	80.00000000
24	183	1	84.00000000	80.00000000
24	184	1	84.00000000	80.00000000
24	185	1	84.00000000	80.00000000
24	186	1	84.00000000	80.00000000
24	187	1	84.00000000	80.00000000
24	188	1	84.00000000	80.00000000
24	189	1	84.00000000	80.00000000
24	190	1	84.00000000	80.00000000
24	191	1	84.00000000	80.00000000
24	192	1	84.00000000	80.00000000
24	193	1	84.00000000	80.00000000
24	194	1	84.00000000	80.00000000
24	195	1	84.00000000	80.00000000
24	196	1	84.00000000	80.00000000
24	197	1	84.00000000	80.00000000
24	198	1	84.00000000	80.00000000
24	199	1	84.00000000	80.00000000
24	200	1	84.00000000	80.00000000
24	201	1	84.00000000	80.00000000
24	202	1	84.00000000	80.00000000
24	203	1	84.00000000	80.00000000
24	204	1	84.00000000	80.00000000
24	205	1	84.00000000	80.00000000
25	0	1	84.00000000	80.00000000
25	1	1	84.00000000	80.00000000
25	2	1	84.00000000	80.00000000
25	3	1	84.00000000	80.00000000
25	4	1	84.00000000	80.00000000
25	5	1	84.00000000	80.00000000
25	6	1	84.00000000	80.00000000
25	7	1	84.00000000	80.00000000
25	8	1	84.00000000	80.00000000
25	9	1	84.00000000	80.00000000
25	10	1	84.00000000	80.00000000
25	11	1	84.00000000	80.00000000
25	12	1	84.00000000	80.00000000
25	13	1	84.00000000	80.00000000
25	14	1	84.00000000	80.00000000
25	15	1	84.00000000	80.00000000
25	16	1	84.00000000	80.00000000
25	17	1	84.00000000	80.00000000
25	18	1	84.00000000	80.00000000
25	19	1	84.00000000	80.00000000
25	20	1	84.00000000	80.00000000
25	21	1	84.00000000	80.00000000
25	22	1	84.00000000	80.00000000
25	23	1	84.00000000	80.00000000
25	24	1	84.00000000	80.00000000
25	25	1	84.00000000	80.00000000
25	26	1	84.00000000	80.00000000
25	27	1	84.00000000	80.00000000
25	28	1	84.00000000	80.00000000
25	29	1	84.00000000	80.00000000
25	30	1	84.00000000	80.00000000
25	31	1	84.00000000	80.00000000
25	32	1	84.00000000	80.00000000
25	33	1	84.00000000	80.00000000
25	34	1	84.00000000	80.00000000
25	35	1	84.00000000	80.00000000
25	36	1	84.00000000	80.00000000
25	37	1	84.00000000	80.00000000
25	38	1	84.00000000	80.00000000
25	39	1	84.00000000	80.00000000
25	40	1	84.00000000	80.00000000
25	41	1	84.00000000	80.00000000
25	42	1	84.00000000	80.00000000
25	43	1	84.00000000	80.00000000
25	44	1	84.00000000	80.00000000
25	45	1	84.00000000	80.00000000
25	46	1	84.00000000	80.00000000
25	47	1	84.00000000	80.00000000
25	48	1	84.00000000	80.00000000
25	49	1	84.00000000	80.00000000
25	50	1	84.00000000	80.00000000
25	51	1	84.00000000	80.00000000
25	52	1	84.00000000	80.00000000
25	53	1	84.00000000	80.00000000
25	54	1	84.00000000	80.00000000
25	55	1	84.00000000	80.00000000
25	56	1	84.00000000	80.00000000
25	57	1	84.00000000	80.00000000
25	58	1	84.00000000	80.00000000
25	59	1	84.00000000	80.00000000
25	60	1	84.00000000	80.00000000
25	61	1	84.00000000	80.00000000
25	62	1	84.00000000	80.00000000
25	63	1	84.00000000	80.00000000
25	64	1	84.00000000	80.00000000
25	65	1	84.00000000	80.00000000
25	66	1	84.00000000	80.00000000
25	67	1	84.00000000	80.00000000
25	68	1	84.00000000	80.00000000
25	69	1	84.00000000	80.00000000
25	70	1	84.00000000	80.00000000
25	71	1	84.00000000	80.00000000
25	72	1	84.00000000	80.00000000
25	73	1	84.00000000	80.00000000
25	74	1	84.00000000	80.00000000
25	75	1	84.00000000	80.00000000
25	76	1	84.00000000	80.00000000
25	77	1	84.00000000	80.00000000
25	78	1	84.00000000	80.00000000
25	79	1	84.00000000	80.00000000
25	80	1	84.00000000	80.00000000
25	81	1	84.00000000	80.00000000
25	82	1	84.00000000	80.00000000
25	83	1	84.00000000	80.00000000
25	84	1	84.00000000	80.00000000
25	85	1	84.00000000	80.00000000
25	86	1	84.00000000	80.00000000
25	87	1	84.00000000	80.00000000
25	88	1	84.00000000	80.00000000
25	89	1	84.00000000	80.00000000
25	90	1	84.00000000	80.00000000
25	91	1	84.00000000	80.00000000
25	92	1	84.00000000	80.00000000
25	93	1	84.00000000	80.00000000
25	94	1	84.00000000	80.00000000
25	95	1	84.00000000	80.00000000
25	96	1	84.00000000	80.00000000
25	97	1	84.00000000	80.00000000
25	98	1	84.00000000	80.00000000
25	99	1	84.00000000	80.00000000
25	100	1	84.00000000	80.00000000
25	101	1	84.00000000	80.00000000
25	102	1	84.00000000	80.00000000
25	103	1	84.00000000	80.00000000
25	104	1	84.00000000	80.00000000
25	105	1	84.00000000	80.00000000
25	106	1	84.00000000	80.00000000
25	107	1	84.00000000	80.00000000
25	108	1	84.00000000	80.00000000
25	109	1	84.00000000	80.00000000
25	110	1	84.00000000	80.00000000
25	111	1	84.00000000	80.00000000
25	112	1	84.00000000	80.00000000
25	113	1	84.00000000	80.00000000
25	114	1	84.00000000	80.00000000
25	115	1	84.00000000	80.00000000
25	116	1	84.00000000	80.00000000
25	117	1	84.00000000	80.00000000
25	118	1	84.00000000	80.00000000
25	119	1	84.00000000	80.00000000
25	120	1	84.00000000	80.00000000
25	121	1	84.00000000	80.00000000
25	122	1	84.00000000	80.00000000
25	123	1	84.00000000	80.00000000
25	124	1	84.00000000	80.00000000
25	125	1	84.00000000	80.00000000
25	126	1	84.00000000	80.00000000
25	127	1	84.00000000	80.00000000
25	128	1	84.00000000	80.00000000
25	129	1	84.00000000	80.00000000
25	130	1	84.00000000	80.00000000
25	131	1	84.00000000	80.00000000
25	132	1	84.00000000	80.00000000
25	133	1	84.00000000	80.00000000
25	134	1	84.00000000	80.00000000
25	135	1	84.00000000	80.00000000
25	136	1	84.00000000	80.00000000
25	137	1	84.00000000	80.00000000
25	138	1	84.00000000	80.00000000
25	139	1	84.00000000	80.00000000
25	140	1	84.00000000	80.00000000
25	141	1	84.00000000	80.00000000
25	142	1	84.00000000	80.00000000
25	143	1	84.00000000	80.00000000
25	144	1	84.00000000	80.00000000
25	145	1	84.00000000	80.00000000
25	146	1	84.00000000	80.00000000
25	147	1	84.00000000	80.00000000
25	148	1	84.00000000	80.00000000
25	149	1	84.00000000	80.00000000
25	150	1	84.00000000	80.00000000
25	151	1	84.00000000	80.00000000
25	152	1	84.00000000	80.00000000
25	153	1	84.00000000	80.00000000
25	154	1	84.00000000	80.00000000
25	155	1	84.00000000	80.00000000
25	156	1	84.00000000	80.00000000
25	157	1	84.00000000	80.00000000
25	158	1	84.00000000	80.00000000
25	159	1	84.00000000	80.00000000
25	160	1	84.00000000	80.00000000
25	161	1	84.00000000	80.00000000
25	162	1	84.00000000	80.00000000
25	163	1	84.00000000	80.00000000
25	164	1	84.00000000	80.00000000
25	165	1	84.00000000	80.00000000
25	166	1	84.00000000	80.00000000
25	167	1	84.00000000	80.00000000
25	168	1	84.00000000	80.00000000
25	169	1	84.00000000	80.00000000
25	170	1	84.00000000	80.00000000
25	171	1	84.00000000	80.00000000
25	172	1	84.00000000	80.00000000
25	173	1	84.00000000	80.00000000
25	174	1	84.00000000	80.00000000
25	175	1	84.00000000	80.00000000
25	176	1	84.00000000	80.00000000
25	177	1	84.00000000	80.00000000
25	178	1	84.00000000	80.00000000
25	179	1	84.00000000	80.00000000
25	180	1	84.00000000	80.00000000
25	181	1	84.00000000	80.00000000
25	182	1	84.00000000	80.00000000
25	183	1	84.00000000	80.00000000
25	184	1	84.00000000	80.00000000
25	185	1	84.00000000	80.00000000
25	186	1	84.00000000	80.00000000
25	187	1	84.00000000	80.00000000
25	188	1	84.00000000	80.00000000
25	189	1	84.00000000	80.00000000
25	190	1	84.00000000	80.00000000
25	191	1	84.00000000	80.00000000
25	192	1	84.00000000	80.00000000
25	193	1	84.00000000	80.00000000
25	194	1	84.00000000	80.00000000
25	195	1	84.00000000	80.00000000
25	196	1	84.00000000	80.00000000
25	197	1	84.00000000	80.00000000
25	198	1	84.00000000	80.00000000
25	199	1	84.00000000	80.00000000
25	200	1	84.00000000	80.00000000
25	201	1	84.00000000	80.00000000
26	0	1	84.00000000	80.00000000
26	1	1	84.00000000	80.00000000
26	2	1	84.00000000	80.00000000
26	3	1	84.00000000	80.00000000
26	4	1	84.00000000	80.00000000
26	5	1	84.00000000	80.00000000
26	6	1	84.00000000	80.00000000
26	7	1	84.00000000	80.00000000
26	8	1	84.00000000	80.00000000
26	9	1	84.00000000	80.00000000
26	10	1	84.00000000	80.00000000
26	11	1	84.00000000	80.00000000
26	12	1	84.00000000	80.00000000
26	13	1	84.00000000	80.00000000
26	14	1	84.00000000	80.00000000
26	15	1	84.00000000	80.00000000
26	16	1	84.00000000	80.00000000
26	17	1	84.00000000	80.00000000
26	18	1	84.00000000	80.00000000
26	19	1	84.00000000	80.00000000
26	20	1	84.00000000	80.00000000
26	21	1	84.00000000	80.00000000
26	22	1	84.00000000	80.00000000
26	23	1	84.00000000	80.00000000
26	24	1	84.00000000	80.00000000
26	25	1	84.00000000	80.00000000
26	26	1	84.00000000	80.00000000
26	27	1	84.00000000	80.00000000
26	28	1	84.00000000	80.00000000
26	29	1	84.00000000	80.00000000
26	30	1	84.00000000	80.00000000
26	31	1	84.00000000	80.00000000
26	32	1	84.00000000	80.00000000
26	33	1	84.00000000	80.00000000
26	34	1	84.00000000	80.00000000
26	35	1	84.00000000	80.00000000
26	36	1	84.00000000	80.00000000
26	37	1	84.00000000	80.00000000
26	38	1	84.00000000	80.00000000
26	39	1	84.00000000	80.00000000
26	40	1	84.00000000	80.00000000
26	41	1	84.00000000	80.00000000
26	42	1	84.00000000	80.00000000
26	43	1	84.00000000	80.00000000
26	44	1	84.00000000	80.00000000
26	45	1	84.00000000	80.00000000
26	46	1	84.00000000	80.00000000
26	47	1	84.00000000	80.00000000
26	48	1	84.00000000	80.00000000
26	49	1	84.00000000	80.00000000
26	50	1	84.00000000	80.00000000
26	51	1	84.00000000	80.00000000
26	52	1	84.00000000	80.00000000
26	53	1	84.00000000	80.00000000
26	54	1	84.00000000	80.00000000
26	55	1	84.00000000	80.00000000
26	56	1	84.00000000	80.00000000
26	57	1	84.00000000	80.00000000
26	58	1	84.00000000	80.00000000
26	59	1	84.00000000	80.00000000
26	60	1	84.00000000	80.00000000
26	61	1	84.00000000	80.00000000
26	62	1	84.00000000	80.00000000
26	63	1	84.00000000	80.00000000
26	64	1	84.00000000	80.00000000
26	65	1	84.00000000	80.00000000
26	66	1	84.00000000	80.00000000
26	67	1	84.00000000	80.00000000
26	68	1	84.00000000	80.00000000
26	69	1	84.00000000	80.00000000
26	70	1	84.00000000	80.00000000
26	71	1	84.00000000	80.00000000
26	72	1	84.00000000	80.00000000
26	73	1	84.00000000	80.00000000
26	74	1	84.00000000	80.00000000
26	75	1	84.00000000	80.00000000
26	76	1	84.00000000	80.00000000
26	77	1	84.00000000	80.00000000
26	78	1	84.00000000	80.00000000
26	79	1	84.00000000	80.00000000
26	80	1	84.00000000	80.00000000
26	81	1	84.00000000	80.00000000
26	82	1	84.00000000	80.00000000
26	83	1	84.00000000	80.00000000
26	84	1	84.00000000	80.00000000
26	85	1	84.00000000	80.00000000
26	86	1	84.00000000	80.00000000
26	87	1	84.00000000	80.00000000
26	88	1	84.00000000	80.00000000
26	89	1	84.00000000	80.00000000
26	90	1	84.00000000	80.00000000
26	91	1	84.00000000	80.00000000
26	92	1	84.00000000	80.00000000
26	93	1	84.00000000	80.00000000
26	94	1	84.00000000	80.00000000
26	95	1	84.00000000	80.00000000
26	96	1	84.00000000	80.00000000
26	97	1	84.00000000	80.00000000
26	98	1	84.00000000	80.00000000
26	99	1	84.00000000	80.00000000
26	100	1	84.00000000	80.00000000
26	101	1	84.00000000	80.00000000
26	102	1	84.00000000	80.00000000
26	103	1	84.00000000	80.00000000
26	104	1	84.00000000	80.00000000
26	105	1	84.00000000	80.00000000
26	106	1	84.00000000	80.00000000
26	107	1	84.00000000	80.00000000
26	108	1	84.00000000	80.00000000
26	109	1	84.00000000	80.00000000
26	110	1	84.00000000	80.00000000
26	111	1	84.00000000	80.00000000
26	112	1	84.00000000	80.00000000
26	113	1	84.00000000	80.00000000
26	114	1	84.00000000	80.00000000
26	115	1	84.00000000	80.00000000
26	116	1	84.00000000	80.00000000
26	117	1	84.00000000	80.00000000
26	118	1	84.00000000	80.00000000
26	119	1	84.00000000	80.00000000
26	120	1	84.00000000	80.00000000
26	121	1	84.00000000	80.00000000
26	122	1	84.00000000	80.00000000
26	123	1	84.00000000	80.00000000
26	124	1	84.00000000	80.00000000
26	125	1	84.00000000	80.00000000
26	126	1	84.00000000	80.00000000
26	127	1	84.00000000	80.00000000
26	128	1	84.00000000	80.00000000
26	129	1	84.00000000	80.00000000
26	130	1	84.00000000	80.00000000
26	131	1	84.00000000	80.00000000
26	132	1	84.00000000	80.00000000
26	133	1	84.00000000	80.00000000
26	134	1	84.00000000	80.00000000
26	135	1	84.00000000	80.00000000
26	136	1	84.00000000	80.00000000
26	137	1	84.00000000	80.00000000
26	138	1	84.00000000	80.00000000
26	139	1	84.00000000	80.00000000
26	140	1	84.00000000	80.00000000
26	141	1	84.00000000	80.00000000
26	142	1	84.00000000	80.00000000
26	143	1	84.00000000	80.00000000
26	144	1	84.00000000	80.00000000
26	145	1	84.00000000	80.00000000
26	146	1	84.00000000	80.00000000
26	147	1	84.00000000	80.00000000
26	148	1	84.00000000	80.00000000
26	149	1	84.00000000	80.00000000
26	150	1	84.00000000	80.00000000
26	151	1	84.00000000	80.00000000
26	152	1	84.00000000	80.00000000
26	153	1	84.00000000	80.00000000
26	154	1	84.00000000	80.00000000
26	155	1	84.00000000	80.00000000
26	156	1	84.00000000	80.00000000
26	157	1	84.00000000	80.00000000
26	158	1	84.00000000	80.00000000
26	159	1	84.00000000	80.00000000
26	160	1	84.00000000	80.00000000
26	161	1	84.00000000	80.00000000
26	162	1	84.00000000	80.00000000
26	163	1	84.00000000	80.00000000
26	164	1	84.00000000	80.00000000
26	165	1	84.00000000	80.00000000
26	166	1	84.00000000	80.00000000
26	167	1	84.00000000	80.00000000
26	168	1	84.00000000	80.00000000
26	169	1	84.00000000	80.00000000
26	170	1	84.00000000	80.00000000
26	171	1	84.00000000	80.00000000
26	172	1	84.00000000	80.00000000
26	173	1	84.00000000	80.00000000
26	174	1	84.00000000	80.00000000
26	175	1	84.00000000	80.00000000
26	176	1	84.00000000	80.00000000
26	177	1	84.00000000	80.00000000
26	178	1	84.00000000	80.00000000
26	179	1	84.00000000	80.00000000
26	180	1	84.00000000	80.00000000
26	181	1	84.00000000	80.00000000
26	182	1	84.00000000	80.00000000
26	183	1	84.00000000	80.00000000
26	184	1	84.00000000	80.00000000
26	185	1	84.00000000	80.00000000
26	186	1	84.00000000	80.00000000
26	187	1	84.00000000	80.00000000
26	188	1	84.00000000	80.00000000
26	189	1	84.00000000	80.00000000
26	190	1	84.00000000	80.00000000
26	191	1	84.00000000	80.00000000
26	192	1	84.00000000	80.00000000
26	193	1	84.00000000	80.00000000
26	194	1	84.00000000	80.00000000
26	195	1	84.00000000	80.00000000
26	196	1	84.00000000	80.00000000
26	197	1	84.00000000	80.00000000
26	198	1	84.00000000	80.00000000
26	199	1	84.00000000	80.00000000
27	0	1	84.00000000	80.00000000
27	1	1	84.00000000	80.00000000
27	2	1	84.00000000	80.00000000
27	3	1	84.00000000	80.00000000
27	4	1	84.00000000	80.00000000
27	5	1	84.00000000	80.00000000
27	6	1	84.00000000	80.00000000
27	7	1	84.00000000	80.00000000
27	8	1	84.00000000	80.00000000
27	9	1	84.00000000	80.00000000
27	10	1	84.00000000	80.00000000
27	11	1	84.00000000	80.00000000
27	12	1	84.00000000	80.00000000
27	13	1	84.00000000	80.00000000
27	14	1	84.00000000	80.00000000
27	15	1	84.00000000	80.00000000
27	16	1	84.00000000	80.00000000
27	17	1	84.00000000	80.00000000
27	18	1	84.00000000	80.00000000
27	19	1	84.00000000	80.00000000
27	20	1	84.00000000	80.00000000
27	21	1	84.00000000	80.00000000
27	22	1	84.00000000	80.00000000
27	23	1	84.00000000	80.00000000
27	24	1	84.00000000	80.00000000
27	25	1	84.00000000	80.00000000
27	26	1	84.00000000	80.00000000
27	27	1	84.00000000	80.00000000
27	28	1	84.00000000	80.00000000
27	29	1	84.00000000	80.00000000
27	30	1	84.00000000	80.00000000
27	31	1	84.00000000	80.00000000
27	32	1	84.00000000	80.00000000
27	33	1	84.00000000	80.00000000
27	34	1	84.00000000	80.00000000
27	35	1	84.00000000	80.00000000
27	36	1	84.00000000	80.00000000
27	37	1	84.00000000	80.00000000
27	38	1	84.00000000	80.00000000
27	39	1	84.00000000	80.00000000
27	40	1	84.00000000	80.00000000
27	41	1	84.00000000	80.00000000
27	42	1	84.00000000	80.00000000
27	43	1	84.00000000	80.00000000
27	44	1	84.00000000	80.00000000
27	45	1	84.00000000	80.00000000
27	46	1	84.00000000	80.00000000
27	47	1	84.00000000	80.00000000
27	48	1	84.00000000	80.00000000
27	49	1	84.00000000	80.00000000
27	50	1	84.00000000	80.00000000
27	51	1	84.00000000	80.00000000
27	52	1	84.00000000	80.00000000
27	53	1	84.00000000	80.00000000
27	54	1	84.00000000	80.00000000
27	55	1	84.00000000	80.00000000
27	56	1	84.00000000	80.00000000
27	57	1	84.00000000	80.00000000
27	58	1	84.00000000	80.00000000
27	59	1	84.00000000	80.00000000
27	60	1	84.00000000	80.00000000
27	61	1	84.00000000	80.00000000
27	62	1	84.00000000	80.00000000
27	63	1	84.00000000	80.00000000
27	64	1	84.00000000	80.00000000
27	65	1	84.00000000	80.00000000
27	66	1	84.00000000	80.00000000
27	67	1	84.00000000	80.00000000
27	68	1	84.00000000	80.00000000
27	69	1	84.00000000	80.00000000
27	70	1	84.00000000	80.00000000
27	71	1	84.00000000	80.00000000
27	72	1	84.00000000	80.00000000
27	73	1	84.00000000	80.00000000
27	74	1	84.00000000	80.00000000
27	75	1	84.00000000	80.00000000
27	76	1	84.00000000	80.00000000
27	77	1	84.00000000	80.00000000
27	78	1	84.00000000	80.00000000
27	79	1	84.00000000	80.00000000
27	80	1	84.00000000	80.00000000
27	81	1	84.00000000	80.00000000
27	82	1	84.00000000	80.00000000
27	83	1	84.00000000	80.00000000
27	84	1	84.00000000	80.00000000
27	85	1	84.00000000	80.00000000
27	86	1	84.00000000	80.00000000
27	87	1	84.00000000	80.00000000
27	88	1	84.00000000	80.00000000
27	89	1	84.00000000	80.00000000
27	90	1	84.00000000	80.00000000
27	91	1	84.00000000	80.00000000
27	92	1	84.00000000	80.00000000
27	93	1	84.00000000	80.00000000
27	94	1	84.00000000	80.00000000
27	95	1	84.00000000	80.00000000
27	96	1	84.00000000	80.00000000
27	97	1	84.00000000	80.00000000
27	98	1	84.00000000	80.00000000
27	99	1	84.00000000	80.00000000
27	100	1	84.00000000	80.00000000
27	101	1	84.00000000	80.00000000
27	102	1	84.00000000	80.00000000
27	103	1	84.00000000	80.00000000
27	104	1	84.00000000	80.00000000
27	105	1	84.00000000	80.00000000
27	106	1	84.00000000	80.00000000
27	107	1	84.00000000	80.00000000
27	108	1	84.00000000	80.00000000
27	109	1	84.00000000	80.00000000
27	110	1	84.00000000	80.00000000
27	111	1	84.00000000	80.00000000
27	112	1	84.00000000	80.00000000
27	113	1	84.00000000	80.00000000
27	114	1	84.00000000	80.00000000
27	115	1	84.00000000	80.00000000
27	116	1	84.00000000	80.00000000
27	117	1	84.00000000	80.00000000
27	118	1	84.00000000	80.00000000
27	119	1	84.00000000	80.00000000
27	120	1	84.00000000	80.00000000
27	121	1	84.00000000	80.00000000
27	122	1	84.00000000	80.00000000
27	123	1	84.00000000	80.00000000
27	124	1	84.00000000	80.00000000
27	125	1	84.00000000	80.00000000
27	126	1	84.00000000	80.00000000
27	127	1	84.00000000	80.00000000
27	128	1	84.00000000	80.00000000
27	129	1	84.00000000	80.00000000
27	130	1	84.00000000	80.00000000
27	131	1	84.00000000	80.00000000
27	132	1	84.00000000	80.00000000
27	133	1	84.00000000	80.00000000
27	134	1	84.00000000	80.00000000
27	135	1	84.00000000	80.00000000
27	136	1	84.00000000	80.00000000
27	137	1	84.00000000	80.00000000
27	138	1	84.00000000	80.00000000
27	139	1	84.00000000	80.00000000
27	140	1	84.00000000	80.00000000
27	141	1	84.00000000	80.00000000
27	142	1	84.00000000	80.00000000
27	143	1	84.00000000	80.00000000
27	144	1	84.00000000	80.00000000
27	145	1	84.00000000	80.00000000
27	146	1	84.00000000	80.00000000
27	147	1	84.00000000	80.00000000
27	148	1	84.00000000	80.00000000
27	149	1	84.00000000	80.00000000
27	150	1	84.00000000	80.00000000
27	151	1	84.00000000	80.00000000
27	152	1	84.00000000	80.00000000
27	153	1	84.00000000	80.00000000
27	154	1	84.00000000	80.00000000
27	155	1	84.00000000	80.00000000
27	156	1	84.00000000	80.00000000
27	157	1	84.00000000	80.00000000
27	158	1	84.00000000	80.00000000
27	159	1	84.00000000	80.00000000
27	160	1	84.00000000	80.00000000
27	161	1	84.00000000	80.00000000
27	162	1	84.00000000	80.00000000
27	163	1	84.00000000	80.00000000
27	164	1	84.00000000	80.00000000
27	165	1	84.00000000	80.00000000
27	166	1	84.00000000	80.00000000
27	167	1	84.00000000	80.00000000
27	168	1	84.00000000	80.00000000
27	169	1	84.00000000	80.00000000
27	170	1	84.00000000	80.00000000
27	171	1	84.00000000	80.00000000
27	172	1	84.00000000	80.00000000
27	173	1	84.00000000	80.00000000
27	174	1	84.00000000	80.00000000
27	175	1	84.00000000	80.00000000
27	176	1	84.00000000	80.00000000
27	177	1	84.00000000	80.00000000
27	178	1	84.00000000	80.00000000
27	179	1	84.00000000	80.00000000
27	180	1	84.00000000	80.00000000
27	181	1	84.00000000	80.00000000
27	182	1	84.00000000	80.00000000
27	183	1	84.00000000	80.00000000
27	184	1	84.00000000	80.00000000
27	185	1	84.00000000	80.00000000
27	186	1	84.00000000	80.00000000
27	187	1	84.00000000	80.00000000
27	188	1	84.00000000	80.00000000
27	189	1	84.00000000	80.00000000
27	190	1	84.00000000	80.00000000
27	191	1	84.00000000	80.00000000
27	192	1	84.00000000	80.00000000
27	193	1	84.00000000	80.00000000
27	194	1	84.00000000	80.00000000
27	195	1	84.00000000	80.00000000
28	0	1	84.00000000	80.00000000
28	1	1	84.00000000	80.00000000
28	2	1	84.00000000	80.00000000
28	3	1	84.00000000	80.00000000
28	4	1	84.00000000	80.00000000
28	5	1	84.00000000	80.00000000
28	6	1	84.00000000	80.00000000
28	7	1	84.00000000	80.00000000
28	8	1	84.00000000	80.00000000
28	9	1	84.00000000	80.00000000
28	10	1	84.00000000	80.00000000
28	11	1	84.00000000	80.00000000
28	12	1	84.00000000	80.00000000
28	13	1	84.00000000	80.00000000
28	14	1	84.00000000	80.00000000
28	15	1	84.00000000	80.00000000
28	16	1	84.00000000	80.00000000
28	17	1	84.00000000	80.00000000
28	18	1	84.00000000	80.00000000
28	19	1	84.00000000	80.00000000
28	20	1	84.00000000	80.00000000
28	21	1	84.00000000	80.00000000
28	22	1	84.00000000	80.00000000
28	23	1	84.00000000	80.00000000
28	24	1	84.00000000	80.00000000
28	25	1	84.00000000	80.00000000
28	26	1	84.00000000	80.00000000
28	27	1	84.00000000	80.00000000
28	28	1	84.00000000	80.00000000
28	29	1	84.00000000	80.00000000
28	30	1	84.00000000	80.00000000
28	31	1	84.00000000	80.00000000
28	32	1	84.00000000	80.00000000
28	33	1	84.00000000	80.00000000
28	34	1	84.00000000	80.00000000
28	35	1	84.00000000	80.00000000
28	36	1	84.00000000	80.00000000
28	37	1	84.00000000	80.00000000
28	38	1	84.00000000	80.00000000
28	39	1	84.00000000	80.00000000
28	40	1	84.00000000	80.00000000
28	41	1	84.00000000	80.00000000
28	42	1	84.00000000	80.00000000
28	43	1	84.00000000	80.00000000
28	44	1	84.00000000	80.00000000
28	45	1	84.00000000	80.00000000
28	46	1	84.00000000	80.00000000
28	47	1	84.00000000	80.00000000
28	48	1	84.00000000	80.00000000
28	49	1	84.00000000	80.00000000
28	50	1	84.00000000	80.00000000
28	51	1	84.00000000	80.00000000
28	52	1	84.00000000	80.00000000
28	53	1	84.00000000	80.00000000
28	54	1	84.00000000	80.00000000
28	55	1	84.00000000	80.00000000
28	56	1	84.00000000	80.00000000
28	57	1	84.00000000	80.00000000
28	58	1	84.00000000	80.00000000
28	59	1	84.00000000	80.00000000
28	60	1	84.00000000	80.00000000
28	61	1	84.00000000	80.00000000
28	62	1	84.00000000	80.00000000
28	63	1	84.00000000	80.00000000
28	64	1	84.00000000	80.00000000
28	65	1	84.00000000	80.00000000
28	66	1	84.00000000	80.00000000
28	67	1	84.00000000	80.00000000
28	68	1	84.00000000	80.00000000
28	69	1	84.00000000	80.00000000
28	70	1	84.00000000	80.00000000
28	71	1	84.00000000	80.00000000
28	72	1	84.00000000	80.00000000
28	73	1	84.00000000	80.00000000
28	74	1	84.00000000	80.00000000
28	75	1	84.00000000	80.00000000
28	76	1	84.00000000	80.00000000
28	77	1	84.00000000	80.00000000
28	78	1	84.00000000	80.00000000
28	79	1	84.00000000	80.00000000
28	80	1	84.00000000	80.00000000
28	81	1	84.00000000	80.00000000
28	82	1	84.00000000	80.00000000
28	83	1	84.00000000	80.00000000
28	84	1	84.00000000	80.00000000
28	85	1	84.00000000	80.00000000
28	86	1	84.00000000	80.00000000
28	87	1	84.00000000	80.00000000
28	88	1	84.00000000	80.00000000
28	89	1	84.00000000	80.00000000
28	90	1	84.00000000	80.00000000
28	91	1	84.00000000	80.00000000
28	92	1	84.00000000	80.00000000
28	93	1	84.00000000	80.00000000
28	94	1	84.00000000	80.00000000
28	95	1	84.00000000	80.00000000
28	96	1	84.00000000	80.00000000
28	97	1	84.00000000	80.00000000
28	98	1	84.00000000	80.00000000
28	99	1	84.00000000	80.00000000
28	100	1	84.00000000	80.00000000
28	101	1	84.00000000	80.00000000
28	102	1	84.00000000	80.00000000
28	103	1	84.00000000	80.00000000
28	104	1	84.00000000	80.00000000
28	105	1	84.00000000	80.00000000
28	106	1	84.00000000	80.00000000
28	107	1	84.00000000	80.00000000
28	108	1	84.00000000	80.00000000
28	109	1	84.00000000	80.00000000
28	110	1	84.00000000	80.00000000
28	111	1	84.00000000	80.00000000
28	112	1	84.00000000	80.00000000
28	113	1	84.00000000	80.00000000
28	114	1	84.00000000	80.00000000
28	115	1	84.00000000	80.00000000
28	116	1	84.00000000	80.00000000
28	117	1	84.00000000	80.00000000
28	118	1	84.00000000	80.00000000
28	119	1	84.00000000	80.00000000
28	120	1	84.00000000	80.00000000
28	121	1	84.00000000	80.00000000
28	122	1	84.00000000	80.00000000
28	123	1	84.00000000	80.00000000
28	124	1	84.00000000	80.00000000
28	125	1	84.00000000	80.00000000
28	126	1	84.00000000	80.00000000
28	127	1	84.00000000	80.00000000
28	128	1	84.00000000	80.00000000
28	129	1	84.00000000	80.00000000
28	130	1	84.00000000	80.00000000
28	131	1	84.00000000	80.00000000
28	132	1	84.00000000	80.00000000
28	133	1	84.00000000	80.00000000
28	134	1	84.00000000	80.00000000
28	135	1	84.00000000	80.00000000
28	136	1	84.00000000	80.00000000
28	137	1	84.00000000	80.00000000
28	138	1	84.00000000	80.00000000
28	139	1	84.00000000	80.00000000
28	140	1	84.00000000	80.00000000
28	141	1	84.00000000	80.00000000
28	142	1	84.00000000	80.00000000
28	143	1	84.00000000	80.00000000
28	144	1	84.00000000	80.00000000
28	145	1	84.00000000	80.00000000
28	146	1	84.00000000	80.00000000
28	147	1	84.00000000	80.00000000
28	148	1	84.00000000	80.00000000
28	149	1	84.00000000	80.00000000
28	150	1	84.00000000	80.00000000
28	151	1	84.00000000	80.00000000
28	152	1	84.00000000	80.00000000
28	153	1	84.00000000	80.00000000
28	154	1	84.00000000	80.00000000
28	155	1	84.00000000	80.00000000
28	156	1	84.00000000	80.00000000
28	157	1	84.00000000	80.00000000
28	158	1	84.00000000	80.00000000
28	159	1	84.00000000	80.00000000
28	160	1	84.00000000	80.00000000
28	161	1	84.00000000	80.00000000
28	162	1	84.00000000	80.00000000
28	163	1	84.00000000	80.00000000
28	164	1	84.00000000	80.00000000
28	165	1	84.00000000	80.00000000
28	166	1	84.00000000	80.00000000
28	167	1	84.00000000	80.00000000
28	168	1	84.00000000	80.00000000
28	169	1	84.00000000	80.00000000
28	170	1	84.00000000	80.00000000
28	171	1	84.00000000	80.00000000
28	172	1	84.00000000	80.00000000
28	173	1	84.00000000	80.00000000
28	174	1	84.00000000	80.00000000
28	175	1	84.00000000	80.00000000
28	176	1	84.00000000	80.00000000
28	177	1	84.00000000	80.00000000
29	0	1	84.00000000	80.00000000
29	1	1	84.00000000	80.00000000
29	2	1	84.00000000	80.00000000
29	3	1	84.00000000	80.00000000
29	4	1	84.00000000	80.00000000
29	5	1	84.00000000	80.00000000
29	6	1	84.00000000	80.00000000
29	7	1	84.00000000	80.00000000
29	8	1	84.00000000	80.00000000
29	9	1	84.00000000	80.00000000
29	10	1	84.00000000	80.00000000
29	11	1	84.00000000	80.00000000
29	12	1	84.00000000	80.00000000
29	13	1	84.00000000	80.00000000
29	14	1	84.00000000	80.00000000
29	15	1	84.00000000	80.00000000
29	16	1	84.00000000	80.00000000
29	17	1	84.00000000	80.00000000
29	18	1	84.00000000	80.00000000
29	19	1	84.00000000	80.00000000
29	20	1	84.00000000	80.00000000
29	21	1	84.00000000	80.00000000
29	22	1	84.00000000	80.00000000
29	23	1	84.00000000	80.00000000
29	24	1	84.00000000	80.00000000
29	25	1	84.00000000	80.00000000
29	26	1	84.00000000	80.00000000
29	27	1	84.00000000	80.00000000
29	28	1	84.00000000	80.00000000
29	29	1	84.00000000	80.00000000
29	30	1	84.00000000	80.00000000
29	31	1	84.00000000	80.00000000
29	32	1	84.00000000	80.00000000
29	33	1	84.00000000	80.00000000
29	34	1	84.00000000	80.00000000
29	35	1	84.00000000	80.00000000
29	36	1	84.00000000	80.00000000
29	37	1	84.00000000	80.00000000
29	38	1	84.00000000	80.00000000
29	39	1	84.00000000	80.00000000
29	40	1	84.00000000	80.00000000
29	41	1	84.00000000	80.00000000
29	42	1	84.00000000	80.00000000
29	43	1	84.00000000	80.00000000
29	44	1	84.00000000	80.00000000
29	45	1	84.00000000	80.00000000
29	46	1	84.00000000	80.00000000
29	47	1	84.00000000	80.00000000
29	48	1	84.00000000	80.00000000
29	49	1	84.00000000	80.00000000
29	50	1	84.00000000	80.00000000
29	51	1	84.00000000	80.00000000
29	52	1	84.00000000	80.00000000
29	53	1	84.00000000	80.00000000
29	54	1	84.00000000	80.00000000
29	55	1	84.00000000	80.00000000
29	56	1	84.00000000	80.00000000
29	57	1	84.00000000	80.00000000
29	58	1	84.00000000	80.00000000
29	59	1	84.00000000	80.00000000
29	60	1	84.00000000	80.00000000
29	61	1	84.00000000	80.00000000
29	62	1	84.00000000	80.00000000
29	63	1	84.00000000	80.00000000
29	64	1	84.00000000	80.00000000
29	65	1	84.00000000	80.00000000
29	66	1	84.00000000	80.00000000
29	67	1	84.00000000	80.00000000
29	68	1	84.00000000	80.00000000
29	69	1	84.00000000	80.00000000
29	70	1	84.00000000	80.00000000
29	71	1	84.00000000	80.00000000
29	72	1	84.00000000	80.00000000
29	73	1	84.00000000	80.00000000
29	74	1	84.00000000	80.00000000
29	75	1	84.00000000	80.00000000
29	76	1	84.00000000	80.00000000
29	77	1	84.00000000	80.00000000
29	78	1	84.00000000	80.00000000
29	79	1	84.00000000	80.00000000
29	80	1	84.00000000	80.00000000
29	81	1	84.00000000	80.00000000
29	82	1	84.00000000	80.00000000
29	83	1	84.00000000	80.00000000
29	84	1	84.00000000	80.00000000
29	85	1	84.00000000	80.00000000
29	86	1	84.00000000	80.00000000
29	87	1	84.00000000	80.00000000
29	88	1	84.00000000	80.00000000
29	89	1	84.00000000	80.00000000
29	90	1	84.00000000	80.00000000
29	91	1	84.00000000	80.00000000
29	92	1	84.00000000	80.00000000
29	93	1	84.00000000	80.00000000
29	94	1	84.00000000	80.00000000
29	95	1	84.00000000	80.00000000
29	96	1	84.00000000	80.00000000
29	97	1	84.00000000	80.00000000
29	98	1	84.00000000	80.00000000
29	99	1	84.00000000	80.00000000
29	100	1	84.00000000	80.00000000
29	101	1	84.00000000	80.00000000
29	102	1	84.00000000	80.00000000
29	103	1	84.00000000	80.00000000
29	104	1	84.00000000	80.00000000
29	105	1	84.00000000	80.00000000
29	106	1	84.00000000	80.00000000
29	107	1	84.00000000	80.00000000
29	108	1	84.00000000	80.00000000
29	109	1	84.00000000	80.00000000
29	110	1	84.00000000	80.00000000
29	111	1	84.00000000	80.00000000
29	112	1	84.00000000	80.00000000
29	113	1	84.00000000	80.00000000
29	114	1	84.00000000	80.00000000
29	115	1	84.00000000	80.00000000
29	116	1	84.00000000	80.00000000
29	117	1	84.00000000	80.00000000
29	118	1	84.00000000	80.00000000
29	119	1	84.00000000	80.00000000
29	120	1	84.00000000	80.00000000
29	121	1	84.00000000	80.00000000
29	122	1	84.00000000	80.00000000
29	123	1	84.00000000	80.00000000
29	124	1	84.00000000	80.00000000
29	125	1	84.00000000	80.00000000
29	126	1	84.00000000	80.00000000
29	127	1	84.00000000	80.00000000
29	128	1	84.00000000	80.00000000
29	129	1	84.00000000	80.00000000
30	0	1	84.00000000	80.00000000
30	1	1	84.00000000	80.00000000
30	2	1	84.00000000	80.00000000
30	3	1	84.00000000	80.00000000
30	4	1	84.00000000	80.00000000
30	5	1	84.00000000	80.00000000
30	6	1	84.00000000	80.00000000
30	7	1	84.00000000	80.00000000
30	8	1	84.00000000	80.00000000
30	9	1	84.00000000	80.00000000
30	10	1	84.00000000	80.00000000
30	11	1	84.00000000	80.00000000
30	12	1	84.00000000	80.00000000
30	13	1	84.00000000	80.00000000
30	14	1	84.00000000	80.00000000
30	15	1	84.00000000	80.00000000
30	16	1	84.00000000	80.00000000
30	17	1	84.00000000	80.00000000
30	18	1	84.00000000	80.00000000
30	19	1	84.00000000	80.00000000
30	20	1	84.00000000	80.00000000
30	21	1	84.00000000	80.00000000
30	22	1	84.00000000	80.00000000
30	23	1	84.00000000	80.00000000
30	24	1	84.00000000	80.00000000
30	25	1	84.00000000	80.00000000
30	26	1	84.00000000	80.00000000
30	27	1	84.00000000	80.00000000
30	28	1	84.00000000	80.00000000
30	29	1	84.00000000	80.00000000
30	30	1	84.00000000	80.00000000
30	31	1	84.00000000	80.00000000
30	32	1	84.00000000	80.00000000
30	33	1	84.00000000	80.00000000
30	34	1	84.00000000	80.00000000
30	35	1	84.00000000	80.00000000
30	36	1	84.00000000	80.00000000
30	37	1	84.00000000	80.00000000
30	38	1	84.00000000	80.00000000
30	39	1	84.00000000	80.00000000
30	40	1	84.00000000	80.00000000
30	41	1	84.00000000	80.00000000
30	42	1	84.00000000	80.00000000
30	43	1	84.00000000	80.00000000
30	44	1	84.00000000	80.00000000
30	45	1	84.00000000	80.00000000
30	46	1	84.00000000	80.00000000
30	47	1	84.00000000	80.00000000
30	48	1	84.00000000	80.00000000
30	49	1	84.00000000	80.00000000
30	50	1	84.00000000	80.00000000
30	51	1	84.00000000	80.00000000
30	52	1	84.00000000	80.00000000
30	53	1	84.00000000	80.00000000
30	54	1	84.00000000	80.00000000
30	55	1	84.00000000	80.00000000
30	56	1	84.00000000	80.00000000
30	57	1	84.00000000	80.00000000
30	58	1	84.00000000	80.00000000
30	59	1	84.00000000	80.00000000
30	60	1	84.00000000	80.00000000
30	61	1	84.00000000	80.00000000
30	62	1	84.00000000	80.00000000
30	63	1	84.00000000	80.00000000
30	64	1	84.00000000	80.00000000
30	65	1	84.00000000	80.00000000
30	66	1	84.00000000	80.00000000
30	67	1	84.00000000	80.00000000
30	68	1	84.00000000	80.00000000
30	69	1	84.00000000	80.00000000
30	70	1	84.00000000	80.00000000
30	71	1	84.00000000	80.00000000
30	72	1	84.00000000	80.00000000
30	73	1	84.00000000	80.00000000
30	74	1	84.00000000	80.00000000
30	75	1	84.00000000	80.00000000
30	76	1	84.00000000	80.00000000
30	77	1	84.00000000	80.00000000
30	78	1	84.00000000	80.00000000
30	79	1	84.00000000	80.00000000
30	80	1	84.00000000	80.00000000
30	81	1	84.00000000	80.00000000
30	82	1	84.00000000	80.00000000
30	83	1	84.00000000	80.00000000
30	84	1	84.00000000	80.00000000
30	85	1	84.00000000	80.00000000
30	86	1	84.00000000	80.00000000
30	87	1	84.00000000	80.00000000
30	88	1	84.00000000	80.00000000
30	89	1	84.00000000	80.00000000
30	90	1	84.00000000	80.00000000
30	91	1	84.00000000	80.00000000
30	92	1	84.00000000	80.00000000
30	93	1	84.00000000	80.00000000
30	94	1	84.00000000	80.00000000
30	95	1	84.00000000	80.00000000
30	96	1	84.00000000	80.00000000
30	97	1	84.00000000	80.00000000
30	98	1	84.00000000	80.00000000
30	99	1	84.00000000	80.00000000
30	100	1	84.00000000	80.00000000
30	101	1	84.00000000	80.00000000
30	102	1	84.00000000	80.00000000
30	103	1	84.00000000	80.00000000
30	104	1	84.00000000	80.00000000
30	105	1	84.00000000	80.00000000
30	106	1	84.00000000	80.00000000
30	107	1	84.00000000	80.00000000
31	0	1	84.00000000	80.00000000
31	1	1	84.00000000	80.00000000
31	2	1	84.00000000	80.00000000
31	3	1	84.00000000	80.00000000
31	4	1	84.00000000	80.00000000
31	5	1	84.00000000	80.00000000
31	6	1	84.00000000	80.00000000
31	7	1	84.00000000	80.00000000
31	8	1	84.00000000	80.00000000
31	9	1	84.00000000	80.00000000
31	10	1	84.00000000	80.00000000
31	11	1	84.00000000	80.00000000
31	12	1	84.00000000	80.00000000
31	13	1	84.00000000	80.00000000
31	14	1	84.00000000	80.00000000
31	15	1	84.00000000	80.00000000
31	16	1	84.00000000	80.00000000
31	17	1	84.00000000	80.00000000
31	18	1	84.00000000	80.00000000
31	19	1	84.00000000	80.00000000
31	20	1	84.00000000	80.00000000
31	21	1	84.00000000	80.00000000
31	22	1	84.00000000	80.00000000
31	23	1	84.00000000	80.00000000
31	24	1	84.00000000	80.00000000
31	25	1	84.00000000	80.00000000
31	26	1	84.00000000	80.00000000
31	27	1	84.00000000	80.00000000
31	28	1	84.00000000	80.00000000
31	29	1	84.00000000	80.00000000
31	30	1	84.00000000	80.00000000
31	31	1	84.00000000	80.00000000
31	32	1	84.00000000	80.00000000
31	33	1	84.00000000	80.00000000
31	34	1	84.00000000	80.00000000
31	35	1	84.00000000	80.00000000
31	36	1	84.00000000	80.00000000
31	37	1	84.00000000	80.00000000
31	38	1	84.00000000	80.00000000
31	39	1	84.00000000	80.00000000
31	40	1	84.00000000	80.00000000
31	41	1	84.00000000	80.00000000
31	42	1	84.00000000	80.00000000
31	43	1	84.00000000	80.00000000
31	44	1	84.00000000	80.00000000
31	45	1	84.00000000	80.00000000
31	46	1	84.00000000	80.00000000
31	47	1	84.00000000	80.00000000
31	48	1	84.00000000	80.00000000
31	49	1	84.00000000	80.00000000
31	50	1	84.00000000	80.00000000
31	51	1	84.00000000	80.00000000
31	52	1	84.00000000	80.00000000
31	53	1	84.00000000	80.00000000
31	54	1	84.00000000	80.00000000
31	55	1	84.00000000	80.00000000
31	56	1	84.00000000	80.00000000
31	57	1	84.00000000	80.00000000
31	58	1	84.00000000	80.00000000
31	59	1	84.00000000	80.00000000
31	60	1	84.00000000	80.00000000
31	61	1	84.00000000	80.00000000
31	62	1	84.00000000	80.00000000
31	63	1	84.00000000	80.00000000
31	64	1	84.00000000	80.00000000
31	65	1	84.00000000	80.00000000
31	66	1	84.00000000	80.00000000
31	67	1	84.00000000	80.00000000
31	68	1	84.00000000	80.00000000
31	69	1	84.00000000	80.00000000
31	70	1	84.00000000	80.00000000
31	71	1	84.00000000	80.00000000
31	72	1	84.00000000	80.00000000
31	73	1	84.00000000	80.00000000
31	74	1	84.00000000	80.00000000
31	75	1	84.00000000	80.00000000
31	76	1	84.00000000	80.00000000
31	77	1	84.00000000	80.00000000
31	78	1	84.00000000	80.00000000
31	79	1	84.00000000	80.00000000
31	80	1	84.00000000	80.00000000
31	81	1	84.00000000	80.00000000
31	82	1	84.00000000	80.00000000
31	83	1	84.00000000	80.00000000
31	84	1	84.00000000	80.00000000
31	85	1	84.00000000	80.00000000
31	86	1	84.00000000	80.00000000
31	87	1	84.00000000	80.00000000
31	88	1	84.00000000	80.00000000
31	89	1	84.00000000	80.00000000
########################################
# TPC Y : y = (ct-p0)*p1               #
########################################
0	0	2	-1254.43237003	0.05500000
0	1	2	-1268.91911934	0.05500000
0	2	2	-1282.69261595	0.05500000
0	3	2	-1248.72339330	0.05500000
0	4	2	-1256.03326621	0.05500000
0	5	2	-1269.85482688	0.05500000
0	6	2	-1262.24038731	0.05500000
0	7	2	-1282.71670715	0.05500000
0	8	2	-1306.08078261	0.05500000
0	9	2	-1236.04571096	0.05500000
0	10	2	-1270.50899850	0.05500000
0	11	2	-1320.59347341	0.05500000
0	12	2	-1260.11746754	0.05500000
0	13	2	-1267.90190691	0.05500000
0	14	2	-1275.31472120	0.05500000
0	15	2	-1267.50118849	0.05500000
0	16	2	-1273.24765025	0.05500000
0	17	2	-1236.36363600	0.05500000
0	18	2	-1291.69531791	0.05500000
0	19	2	-1245.37933898	0.05500000
0	20	2	-1301.57280799	0.05500000
0	21	2	-1259.01641143	0.05500000
0	22	2	-1286.51035068	0.05500000
0	23	2	-1245.51777456	0.05500000
0	24	2	-1259.00029455	0.05500000
0	25	2	-1242.05090209	0.05500000
0	26	2	-1268.63740222	0.05500000
0	27	2	-1280.96649658	0.05500000
0	28	2	-1243.01755868	0.05500000
0	29	2	-1251.73390883	0.05500000
0	30	2	-1264.15736092	0.05500000
0	31	2	-1217.36756209	0.05500000
0	32	2	-1271.16113437	0.05500000
0	33	2	-1243.35625959	0.05500000
0	34	2	-1278.23526505	0.05500000
0	35	2	-1256.60670679	0.05500000
0	36	2	-1262.28396639	0.05500000
0	37	2	-1245.99857556	0.05500000
0	38	2	-1305.70047682	0.05500000
0	39	2	-1246.27786090	0.05500000
0	40	2	-1221.86363329	0.05500000
0	41	2	-1250.02243639	0.05500000
0	42	2	-1262.22922846	0.05500000
0	43	2	-1267.14656641	0.05500000
0	44	2	-1268.57779342	0.05500000
0	45	2	-1257.25583227	0.05500000
0	46	2	-1261.44991249	0.05500000
0	47	2	-1243.03835676	0.05500000
1	0	2	-1248.02719943	0.05500000
1	1	2	-1268.37220135	0.05500000
1	2	2	-1248.02356560	0.05500000
1	3	2	-1278.63855739	0.05500000
1	4	2	-1252.43685331	0.05500000
1	5	2	-1272.03077917	0.05500000
1	6	2	-1254.03824348	0.05500000
1	7	2	-1258.02345883	0.05500000
1	8	2	-1268.50590738	0.05500000
1	9	2	-1215.38722365	0.05500000
1	10	2	-1282.04892281	0.05500000
1	11	2	-1233.47542702	0.05500000
1	12	2	-1263.20836418	0.05500000
1	13	2	-1308.92442411	0.05500000
1	14	2	-1262.56139894	0.05500000
1	15	2	-1265.14111259	0.05500000
1	16	2	-1280.80314587	0.05500000
1	17	2	-1247.23263592	0.05500000
1	18	2	-1256.82065739	0.05500000
1	19	2	-1272.47360895	0.05500000
1	20	2	-1244.81775053	0.05500000
1	21	2	-1263.04619175	0.05500000
1	22	2	-1260.81486298	0.05500000
1	23	2	-1262.45469725	0.05500000
1	24	2	-1244.96165401	0.05500000
1	25	2	-1269.00262291	0.05500000
1	26	2	-1275.50722594	0.05500000
1	27	2	-1251.90300932	0.05500000
1	28	2	-1260.07663020	0.05500000
1	29	2	-1268.92168599	0.05500000
1	30	2	-1230.55034964	0.05500000
1	31	2	-1277.69057782	0.05500000
1	32	2	-1242.27277068	0.05500000
1	33	2	-1281.20807586	0.05500000
1	34	2	-1254.50890803	0.05500000
1	35	2	-1270.23779745	0.05500000
1	36	2	-1264.34581882	0.05500000
1	37	2	-1283.48541199	0.05500000
1	38	2	-1254.53415590	0.05500000
1	39	2	-1273.02841042	0.05500000
1	40	2	-1273.61241734	0.05500000
1	41	2	-1266.61206613	0.05500000
1	42	2	-1266.62597724	0.05500000
1	43	2	-1261.43967291	0.05500000
1	44	2	-1274.76614806	0.05500000
1	45	2	-1263.70783848	0.05500000
1	46	2	-1268.32255169	0.05500000
1	47	2	-1257.18572209	0.05500000
2	0	2	-1255.76019331	0.05500000
2	1	2	-1272.58734662	0.05500000
2	2	2	-1263.19267701	0.05500000
2	3	2	-1259.33120291	0.05500000
2	4	2	-1272.96484459	0.05500000
2	5	2	-1247.66530945	0.05500000
2	6	2	-1280.32958969	0.05500000
2	7	2	-1250.94911329	0.05500000
2	8	2	-1281.57463283	0.05500000
2	9	2	-1260.34071606	0.05500000
2	10	2	-1306.58640377	0.05500000
2	11	2	-1261.64572390	0.05500000
2	12	2	-1249.55973136	0.05500000
2	13	2	-1255.41372996	0.05500000
2	14	2	-1311.78831174	0.05500000
2	15	2	-1278.88692200	0.05500000
2	16	2	-1252.40038395	0.05500000
2	17	2	-1263.68388577	0.05500000
2	18	2	-1318.59538089	0.05500000
2	19	2	-1239.45469825	0.05500000
2	20	2	-1257.96278747	0.05500000
2	21	2	-1282.82018728	0.05500000
2	22	2	-1289.73892972	0.05500000
2	23	2	-1241.85456563	0.05500000
2	24	2	-1307.72110424	0.05500000
2	25	2	-1260.48371308	0.05500000
2	26	2	-1275.07420429	0.05500000
2	27	2	-1276.31953132	0.05500000
2	28	2	-1270.51191439	0.05500000
2	29	2	-1268.43747323	0.05500000
2	30	2	-1267.19508459	0.05500000
2	31	2	-1265.41962439	0.05500000
2	32	2	-1272.29917245	0.05500000
2	33	2	-1251.46290616	0.05500000
2	34	2	-1282.58737408	0.05500000
2	35	2	-1257.20215723	0.05500000
2	36	2	-1263.53901149	0.05500000
2	37	2	-1245.70657255	0.05500000
2	38	2	-1267.15903656	0.05500000
2	39	2	-1240.79042194	0.05500000
2	40	2	-1264.00359270	0.05500000
2	41	2	-1260.93711587	0.05500000
2	42	2	-1254.66548241	0.05500000
2	43	2	-1239.21930762	0.05500000
2	44	2	-1254.87052965	0.05500000
2	45	2	-1278.43969090	0.05500000
2	46	2	-1261.11649479	0.05500000
2	47	2	-1246.44113875	0.05500000
2	48	2	-1292.25645817	0.05500000
2	49	2	-1249.51495768	0.05500000
2	50	2	-1272.31388005	0.05500000
2	51	2	-1255.57795869	0.05500000
2	52	2	-1264.53908538	0.05500000
2	53	2	-1266.39993871	0.05500000
2	54	2	-1251.84118638	0.05500000
2	55	2	-1258.67133231	0.05500000
2	56	2	-1273.85221948	0.05500000
2	57	2	-1256.84444727	0.05500000
2	58	2	-1282.27704393	0.05500000
2	59	2	-1231.90702962	0.05500000
2	60	2	-1276.45466209	0.05500000
2	61	2	-1280.49919152	0.05500000
2	62	2	-1240.84054276	0.05500000
2	63	2	-1265.45068449	0.05500000
2	64	2	-1277.32405217	0.05500000
2	65	2	-1255.08930390	0.05500000
2	66	2	-1281.51968248	0.05500000
2	67	2	-1251.53348553	0.05500000
2	68	2	-1258.49511175	0.05500000
2	69	2	-1261.23320474	0.05500000
2	70	2	-1256.60428895	0.05500000
2	71	2	-1254.45999987	0.05500000
3	0	2	-1249.22946940	0.05500000
3	1	2	-1269.51902333	0.05500000
3	2	2	-1257.90878458	0.05500000
3	3	2	-1246.84491534	0.05500000
3	4	2	-1273.08570601	0.05500000
3	5	2	-1247.68408201	0.05500000
3	6	2	-1282.95908456	0.05500000
3	7	2	-1269.77459762	0.05500000
3	8	2	-1263.91399775	0.05500000
3	9	2	-1264.35246075	0.05500000
3	10	2	-1265.53930909	0.05500000
3	11	2	-1258.85461017	0.05500000
3	12	2	-1263.74735107	0.05500000
3	13	2	-1303.44331874	0.05500000
3	14	2	-1257.23410253	0.05500000
3	15	2	-1236.36363600	0.05500000
3	16	2	-1274.78066189	0.05500000
3	17	2	-1286.45604967	0.05500000
3	18	2	-1261.71688413	0.05500000
3	19	2	-1256.68416600	0.05500000
3	20	2	-1276.13027873	0.05500000
3	21	2	-1286.18025005	0.05500000
3	22	2	-1256.28372319	0.05500000
3	23	2	-1263.12091151	0.05500000
3	24	2	-1263.21284760	0.05500000
3	25	2	-1248.49078430	0.05500000
3	26	2	-1327.63218543	0.05500000
3	27	2	-1282.75628805	0.05500000
3	28	2	-1259.32179902	0.05500000
3	29	2	-1279.56876951	0.05500000
3	30	2	-1278.73962305	0.05500000
3	31	2	-1252.70183314	0.05500000
3	32	2	-1280.96815154	0.05500000
3	33	2	-1264.49435414	0.05500000
3	34	2	-1290.29983966	0.05500000
3	35	2	-1253.49272267	0.05500000
3	36	2	-1301.46362796	0.05500000
3	37	2	-1239.86073309	0.05500000
3	38	2	-1280.15333377	0.05500000
3	39	2	-1256.84222817	0.05500000
3	40	2	-1263.49443445	0.05500000
3	41	2	-1266.75634693	0.05500000
3	42	2	-1270.86997189	0.05500000
3	43	2	-1261.09413427	0.05500000
3	44	2	-1259.28730558	0.05500000
3	45	2	-1257.80682482	0.05500000
3	46	2	-1259.80678056	0.05500000
3	47	2	-1258.65955096	0.05500000
3	48	2	-1261.59786839	0.05500000
3	49	2	-1251.46117526	0.05500000
3	50	2	-1264.29701057	0.05500000
3	51	2	-1251.04768217	0.05500000
3	52	2	-1246.54310676	0.05500000
3	53	2	-1273.83398170	0.05500000
3	54	2	-1235.83522624	0.05500000
3	55	2	-1261.61286641	0.05500000
3	56	2	-1255.47811119	0.05500000
3	57	2	-1251.09463749	0.05500000
3	58	2	-1316.41125687	0.05500000
3	59	2	-1251.57088060	0.05500000
3	60	2	-1266.57427884	0.05500000
3	61	2	-1261.34573819	0.05500000
3	62	2	-1247.51999722	0.05500000
3	63	2	-1307.35595717	0.05500000
3	64	2	-1258.94779814	0.05500000
3	65	2	-1216.46388995	0.05500000
3	66	2	-1270.90139397	0.05500000
3	67	2	-1265.89266762	0.05500000
3	68	2	-1274.51601433	0.05500000
3	69	2	-1255.34359277	0.05500000
3	70	2	-1261.10267771	0.05500000
3	71	2	-1260.39227716	0.05500000
3	72	2	-1269.06640047	0.05500000
3	73	2	-1267.70485601	0.05500000
3	74	2	-1267.66632343	0.05500000
3	75	2	-1273.84343796	0.05500000
3	76	2	-1251.67314082	0.05500000
3	77	2	-1275.17915582	0.05500000
3	78	2	-1279.31434767	0.05500000
3	79	2	-1271.12822495	0.05500000
3	80	2	-1249.15390863	0.05500000
3	81	2	-1271.38421315	0.05500000
3	82	2	-1268.76518012	0.05500000
3	83	2	-1257.80475339	0.05500000
3	84	2	-1271.36041494	0.05500000
3	85	2	-1258.43434578	0.05500000
3	86	2	-1255.96502046	0.05500000
3	87	2	-1264.52795852	0.05500000
3	88	2	-1272.35532764	0.05500000
3	89	2	-1262.46029949	0.05500000
3	90	2	-1275.09825745	0.05500000
3	91	2	-1259.17285774	0.05500000
3	92	2	-1257.38073982	0.05500000
3	93	2	-1263.77739060	0.05500000
3	94	2	-1266.24396920	0.05500000
3	95	2	-1250.85552617	0.05500000
4	0	2	-1225.85562541	0.05500000
4	1	2	-1233.88549665	0.05500000
4	2	2	-1236.20777441	0.05500000
4	3	2	-1221.00202849	0.05500000
4	4	2	-1233.61718519	0.05500000
4	5	2	-1233.34948463	0.05500000
4	6	2	-1238.09211516	0.05500000
4	7	2	-1238.51214596	0.05500000
4	8	2	-1242.70407124	0.05500000
4	9	2	-1232.60440030	0.05500000
4	10	2	-1241.32711368	0.05500000
4	11	2	-1217.11338031	0.05500000
4	12	2	-1256.88534995	0.05500000
4	13	2	-1209.66221183	0.05500000
4	14	2	-1254.20273758	0.05500000
4	15	2	-1231.69264534	0.05500000
4	16	2	-1258.48049122	0.05500000
4	17	2	-1240.94468029	0.05500000
4	18	2	-1268.64981760	0.05500000
4	19	2	-1228.80318979	0.05500000
4	20	2	-1253.23327898	0.05500000
4	21	2	-1227.43648346	0.05500000
4	22	2	-1240.97852986	0.05500000
4	23	2	-1262.93577676	0.05500000
4	24	2	-1244.10988065	0.05500000
4	25	2	-1246.28483797	0.05500000
4	26	2	-1260.67451592	0.05500000
4	27	2	-1239.82124257	0.05500000
4	28	2	-1244.22500296	0.05500000
4	29	2	-1260.31650077	0.05500000
4	30	2	-1248.54781527	0.05500000
4	31	2	-1238.73247424	0.05500000
4	32	2	-1311.15973229	0.05500000
4	33	2	-1250.20598718	0.05500000
4	34	2	-1260.97320858	0.05500000
4	35	2	-1227.64992132	0.05500000
4	36	2	-1267.30120307	0.05500000
4	37	2	-1258.75291432	0.05500000
4	38	2	-1258.44472122	0.05500000
4	39	2	-1250.18454777	0.05500000
4	40	2	-1253.51294773	0.05500000
4	41	2	-1230.80000113	0.05500000
4	42	2	-1296.42490966	0.05500000
4	43	2	-1217.66452275	0.05500000
4	44	2	-1253.63892934	0.05500000
4	45	2	-1258.91953535	0.05500000
4	46	2	-1236.47757366	0.05500000
4	47	2	-1276.96779716	0.05500000
4	48	2	-1237.17365077	0.05500000
4	49	2	-1249.83366407	0.05500000
4	50	2	-1257.51485468	0.05500000
4	51	2	-1237.79372560	0.05500000
4	52	2	-1247.62176709	0.05500000
4	53	2	-1245.88716399	0.05500000
4	54	2	-1238.45461697	0.05500000
4	55	2	-1241.13665765	0.05500000
4	56	2	-1232.17177480	0.05500000
4	57	2	-1237.10333892	0.05500000
4	58	2	-1232.14036196	0.05500000
4	59	2	-1227.82212113	0.05500000
4	60	2	-1284.91384531	0.05500000
4	61	2	-1258.73163813	0.05500000
4	62	2	-1215.37287637	0.05500000
4	63	2	-1234.11449652	0.05500000
4	64	2	-1272.21838079	0.05500000
4	65	2	-1230.53904688	0.05500000
4	66	2	-1295.18153048	0.05500000
4	67	2	-1241.60628482	0.05500000
4	68	2	-1277.47788975	0.05500000
4	69	2	-1305.04670992	0.05500000
4	70	2	-1263.34353975	0.05500000
4	71	2	-1262.47712254	0.05500000
4	72	2	-1277.86691338	0.05500000
4	73	2	-1287.23574870	0.05500000
4	74	2	-1272.29054545	0.05500000
4	75	2	-1254.59734748	0.05500000
4	76	2	-1296.43563416	0.05500000
4	77	2	-1260.47684341	0.05500000
4	78	2	-1284.17543414	0.05500000
4	79	2	-1266.71692414	0.05500000
4	80	2	-1276.57387073	0.05500000
4	81	2	-1267.56114615	0.05500000
4	82	2	-1263.15357860	0.05500000
4	83	2	-1289.29693198	0.05500000
4	84	2	-1281.30741668	0.05500000
4	85	2	-1242.43324675	0.05500000
4	86	2	-1271.96973528	0.05500000
4	87	2	-1270.32708220	0.05500000
4	88	2	-1277.46086619	0.05500000
4	89	2	-1257.73788722	0.05500000
4	90	2	-1294.28662187	0.05500000
4	91	2	-1269.28353396	0.05500000
4	92	2	-1269.36486273	0.05500000
4	93	2	-1280.56584620	0.05500000
4	94	2	-1288.28341603	0.05500000
4	95	2	-1269.60792976	0.05500000
4	96	2	-1287.66025740	0.05500000
4	97	2	-955.44028548	0.05500000
4	98	2	-1283.75596116	0.05500000
4	99	2	-1266.38519638	0.05500000
4	100	2	-1248.89829580	0.05500000
4	101	2	-1238.87427464	0.05500000
4	102	2	-1253.15770604	0.05500000
4	103	2	-1226.57792317	0.05500000
4	104	2	-1225.94722741	0.05500000
4	105	2	-1234.28283523	0.05500000
4	106	2	-1236.85937342	0.05500000
4	107	2	-1238.49315850	0.05500000
4	108	2	-1232.44881812	0.05500000
4	109	2	-1230.64896452	0.05500000
4	110	2	-1222.78930786	0.05500000
4	111	2	-1240.26049969	0.05500000
4	112	2	-1238.22306777	0.05500000
4	113	2	-1243.83913280	0.05500000
4	114	2	-1221.04207246	0.05500000
4	115	2	-1239.74606055	0.05500000
4	116	2	-1221.35853723	0.05500000
4	117	2	-1268.18891929	0.05500000
4	118	2	-1227.99685580	0.05500000
4	119	2	-1227.65237678	0.05500000
     5      0      2    -1224.37149033        0.05495101
     5      1      2    -1237.07768397        0.05495101
     5      2      2    -1234.92513662        0.05495101
     5      3      2    -1235.85362871        0.05495101
     5      4      2    -1242.34588977        0.05495101
     5      5      2    -1246.54934442        0.05495101
     5      6      2    -1229.15311899        0.05495101
     5      7      2    -1332.58523746        0.05495101
     5      8      2    -1232.69852753        0.05495101
     5      9      2    -1211.39671437        0.05495101
     5     10      2    -1230.31217185        0.05495101
     5     11      2    -1249.53987618        0.05495101
     5     12      2    -1277.42844090        0.05495101
     5     13      2    -1248.06452321        0.05495101
     5     14      2    -1248.47367075        0.05495101
     5     15      2    -1226.60963498        0.05495101
     5     16      2    -1191.10663768        0.05495101
     5     17      2    -1225.49002331        0.05495101
     5     18      2    -1173.79083039        0.05495101
     5     19      2    -1218.16024328        0.05495101
     5     20      2    -1228.71218956        0.05495101
     5     21      2    -1227.20319103        0.05495101
     5     22      2    -1207.64411202        0.05495101
     5     23      2    -1231.19393177        0.05495101
     5     24      2    -1219.19465421        0.05495101
     5     25      2    -1220.50110839        0.05495101
     5     26      2    -1179.52318190        0.05495101
     5     27      2    -1203.04496883        0.05495101
     5     28      2    -1205.91655594        0.05495101
     5     29      2    -1256.67056922        0.05495101
     5     30      2    -1243.62857310        0.05495101
     5     31      2    -1260.10216688        0.05495101
     5     32      2    -1254.04952589        0.05495101
     5     33      2    -1247.96438966        0.05495101
     5     34      2    -1237.53515487        0.05495101
     5     35      2    -1239.25381990        0.05495101
     5     36      2    -1245.44311401        0.05495101
     5     37      2    -1224.30921655        0.05495101
     5     38      2    -1242.92468266        0.05495101
     5     39      2    -1243.32717994        0.05495101
     5     40      2    -1194.28668662        0.05495101
     5     41      2    -1225.65637292        0.05495101
     5     42      2    -1193.52590639        0.05495101
     5     43      2    -1173.32376829        0.05495101
     5     44      2    -1173.35850617        0.05495101
     5     45      2    -1158.48265107        0.05495101
     5     46      2    -1171.43097559        0.05495101
     5     47      2    -1188.24405304        0.05495101
     5     48      2    -1179.68013529        0.05495101
     5     49      2    -1175.28019968        0.05495101
     5     50      2    -1178.81863719        0.05495101
     5     51      2    -1183.78453150        0.05495101
     5     52      2    -1207.90025404        0.05495101
     5     53      2    -1230.28776580        0.05495101
     5     54      2    -1220.85848113        0.05495101
     5     55      2    -1242.95932672        0.05495101
     5     56      2    -1243.57323041        0.05495101
     5     57      2    -1190.22732204        0.05495101
     5     58      2    -1187.05136991        0.05495101
     5     59      2    -1176.72603345        0.05495101
     5     60      2    -1202.48681743        0.05495101
     5     61      2    -1224.61493725        0.05495101
     5     62      2    -1221.24699166        0.05495101
     5     63      2    -1224.69852292        0.05495101
     5     64      2    -1212.42392984        0.05495101
     5     65      2    -1234.13657174        0.05495101
     5     66      2    -1223.60098674        0.05495101
     5     67      2    -1244.92177016        0.05495101
     5     68      2    -1233.15676620        0.05495101
     5     69      2    -1225.16428064        0.05495101
     5     70      2    -1216.64290141        0.05495101
     5     71      2    -1225.48630582        0.05495101
     5     72      2    -1253.77874051        0.05495101
     5     73      2    -1269.59867300        0.05495101
     5     74      2    -1253.42301525        0.05495101
     5     75      2    -1270.57473771        0.05495101
     5     76      2    -1254.94171676        0.05495101
     5     77      2    -1263.41148043        0.05495101
     5     78      2    -1248.59461793        0.05495101
     5     79      2    -1264.35868273        0.05495101
     5     80      2    -1239.39505437        0.05495101
     5     81      2    -1267.84573473        0.05495101
     5     82      2    -1241.15901409        0.05495101
     5     83      2    -1270.10471448        0.05495101
     5     84      2    -1250.15115344        0.05495101
     5     85      2    -1262.88987985        0.05495101
     5     86      2    -1278.91409817        0.05495101
     5     87      2    -1258.25702894        0.05495101
     5     88      2    -1261.10227515        0.05495101
     5     89      2    -1259.92772684        0.05495101
     5     90      2    -1244.64418873        0.05495101
     5     91      2    -1263.46261456        0.05495101
     5     92      2    -1244.53082450        0.05495101
     5     93      2    -1279.03876776        0.05495101
     5     94      2    -1249.91803419        0.05495101
     5     95      2    -1273.43604111        0.05495101
     5     96      2    -1253.55367653        0.05495101
     5     97      2    -1274.35756519        0.05495101
     5     98      2    -1247.14751851        0.05495101
     5     99      2    -1275.17423315        0.05495101
     5    100      2    -1253.79504745        0.05495101
     5    101      2    -1277.15434946        0.05495101
     5    102      2    -1251.67993774        0.05495101
     5    103      2    -1268.84303140        0.05495101
     5    104      2    -1251.36490310        0.05495101
     5    105      2    -1270.65012774        0.05495101
     5    106      2    -1249.11791833        0.05495101
     5    107      2    -1274.93988627        0.05495101
     5    108      2    -1259.34121976        0.05495101
     5    109      2    -1274.70132505        0.05495101
     5    110      2    -1255.50902192        0.05495101
     5    111      2    -1276.93727361        0.05495101
     5    112      2    -1262.38598697        0.05495101
     5    113      2    -1275.35890334        0.05495101
     5    114      2    -1259.83497629        0.05495101
     5    115      2    -1279.18338227        0.05495101
     5    116      2    -1259.23469473        0.05495101
     5    117      2    -1285.23018805        0.05495101
     5    118      2    -1255.39877649        0.05495101
     5    119      2    -1274.18209031        0.05495101
     5    120      2    -1232.66229398        0.05495101
     5    121      2    -1228.30765184        0.05495101
     5    122      2    -1230.40117568        0.05495101
     5    123      2    -1220.45691975        0.05495101
     5    124      2    -1232.55944243        0.05495101
     5    125      2    -1220.53719988        0.05495101
     5    126      2    -1222.39279962        0.05495101
     5    127      2    -1217.84092880        0.05495101
     5    128      2    -1222.95374588        0.05495101
     5    129      2    -1220.75870358        0.05495101
     5    130      2    -1231.96229962        0.05495101
     5    131      2    -1244.02794911        0.05495101
     5    132      2    -1238.94384509        0.05495101
     5    133      2    -1230.38690979        0.05495101
     5    134      2    -1233.47958433        0.05495101
     5    135      2    -1230.69573978        0.05495101
     5    136      2    -1233.40093585        0.05495101
     5    137      2    -1229.12351217        0.05495101
     5    138      2    -1235.95585995        0.05495101
     5    139      2    -1229.70861019        0.05495101
     5    140      2    -1239.05996307        0.05495101
     5    141      2    -1225.18000350        0.05495101
     5    142      2    -1237.67864849        0.05495101
     5    143      2    -1229.73014619        0.05495101
     6      0      2    -1269.53501624        0.05495761
     6      1      2    -1265.50525932        0.05495761
     6      2      2    -1258.98484000        0.05495761
     6      3      2    -1262.42490479        0.05495761
     6      4      2    -1264.32094749        0.05495761
     6      5      2    -1264.03913724        0.05495761
     6      6      2    -1278.29636957        0.05495761
     6      7      2    -1267.77294471        0.05495761
     6      8      2    -1307.27454839        0.05495761
     6      9      2    -1335.78981698        0.05495761
     6     10      2    -1279.21052400        0.05495761
     6     11      2    -1269.43648030        0.05495761
     6     12      2    -1271.77472748        0.05495761
     6     13      2    -1268.23240790        0.05495761
     6     14      2    -1311.55692584        0.05495761
     6     15      2    -1273.91813996        0.05495761
     6     16      2    -1271.14543755        0.05495761
     6     17      2    -1280.23722500        0.05495761
     6     18      2    -1268.17202963        0.05495761
     6     19      2    -1267.47372518        0.05495761
     6     20      2    -1275.80940514        0.05495761
     6     21      2    -1271.21397647        0.05495761
     6     22      2    -1268.13559165        0.05495761
     6     23      2    -1270.09925380        0.05495761
     6     24      2    -1266.72710671        0.05495761
     6     25      2    -1270.26641927        0.05495761
     6     26      2    -1275.37459557        0.05495761
     6     27      2    -1270.90015791        0.05495761
     6     28      2    -1233.09882936        0.05495761
     6     29      2    -1232.21309235        0.05495761
     6     30      2    -1236.15722108        0.05495761
     6     31      2    -1224.64626935        0.05495761
     6     32      2    -1246.62456564        0.05495761
     6     33      2    -1227.59950820        0.05495761
     6     34      2    -1234.32203554        0.05495761
     6     35      2    -1227.91950377        0.05495761
     6     36      2    -1242.06511376        0.05495761
     6     37      2    -1235.89956678        0.05495761
     6     38      2    -1243.10722982        0.05495761
     6     39      2    -1221.23477750        0.05495761
     6     40      2    -1240.58205552        0.05495761
     6     41      2    -1228.32456391        0.05495761
     6     42      2    -1240.87231808        0.05495761
     6     43      2    -1219.50561413        0.05495761
     6     44      2    -1243.01482308        0.05495761
     6     45      2    -1233.22867880        0.05495761
     6     46      2    -1232.54500939        0.05495761
     6     47      2    -1236.61849400        0.05495761
     6     48      2    -1238.23048298        0.05495761
     6     49      2    -1234.02468101        0.05495761
     6     50      2    -1235.93784382        0.05495761
     6     51      2    -1231.46054839        0.05495761
     6     52      2    -1249.54318090        0.05495761
     6     53      2    -1224.41476517        0.05495761
     6     54      2    -1242.20166151        0.05495761
     6     55      2    -1225.04931225        0.05495761
     6     56      2    -1234.89832530        0.05495761
     6     57      2    -1231.60540046        0.05495761
     6     58      2    -1235.33465815        0.05495761
     6     59      2    -1223.24491634        0.05495761
     6     60      2    -1239.22487873        0.05495761
     6     61      2    -1222.47742754        0.05495761
     6     62      2    -1241.20802790        0.05495761
     6     63      2    -1216.01441627        0.05495761
     6     64      2    -1236.81261330        0.05495761
     6     65      2    -1222.24759940        0.05495761
     6     66      2    -1231.01424652        0.05495761
     6     67      2    -1219.96811170        0.05495761
     6     68      2    -1242.79620202        0.05495761
     6     69      2    -1220.23506496        0.05495761
     6     70      2    -1187.01848301        0.05495761
     6     71      2    -1226.64004191        0.05495761
     6     72      2    -1228.84444308        0.05495761
     6     73      2    -1221.32658784        0.05495761
     6     74      2    -1233.12128055        0.05495761
     6     75      2    -1220.02235862        0.05495761
     6     76      2    -1144.05004667        0.05495761
     6     77      2    -1207.43212855        0.05495761
     6     78      2    -1222.06967989        0.05495761
     6     79      2    -1202.16820308        0.05495761
     6     80      2    -1207.88048575        0.05495761
     6     81      2    -1198.42393510        0.05495761
     6     82      2    -1205.84744256        0.05495761
     6     83      2    -1197.37626041        0.05495761
     6     84      2    -1223.54866470        0.05495761
     6     85      2    -1215.28830342        0.05495761
     6     86      2    -1220.08414019        0.05495761
     6     87      2    -1221.31386587        0.05495761
     6     88      2    -1221.77514722        0.05495761
     6     89      2    -1212.28520119        0.05495761
     6     90      2    -1217.85598940        0.05495761
     6     91      2    -1221.42688165        0.05495761
     6     92      2    -1215.39304896        0.05495761
     6     93      2    -1214.22603769        0.05495761
     6     94      2    -1216.80098083        0.05495761
     6     95      2    -1215.59887171        0.05495761
     6     96      2    -1221.97769339        0.05495761
     6     97      2    -1213.85737286        0.05495761
     6     98      2    -1225.10292535        0.05495761
     6     99      2    -1217.46548965        0.05495761
     6    100      2    -1221.83077099        0.05495761
     6    101      2    -1234.40685589        0.05495761
     6    102      2    -1217.31503588        0.05495761
     6    103      2    -1224.60712231        0.05495761
     6    104      2    -1220.89365359        0.05495761
     6    105      2    -1226.55910447        0.05495761
     6    106      2    -1227.11604483        0.05495761
     6    107      2    -1225.65562924        0.05495761
     6    108      2    -1230.17323214        0.05495761
     6    109      2    -1231.83424249        0.05495761
     6    110      2    -1228.46375941        0.05495761
     6    111      2    -1236.81625831        0.05495761
     6    112      2    -1232.54106057        0.05495761
     6    113      2    -1244.10056202        0.05495761
     6    114      2    -1232.87343833        0.05495761
     6    115      2    -1237.84646295        0.05495761
     6    116      2    -1240.32009031        0.05495761
     6    117      2    -1236.77015680        0.05495761
     6    118      2    -1228.09955467        0.05495761
     6    119      2    -1239.84100826        0.05495761
     6    120      2    -1228.52923041        0.05495761
     6    121      2    -1235.82977692        0.05495761
     6    122      2    -1232.53650074        0.05495761
     6    123      2    -1236.20246076        0.05495761
     6    124      2    -1230.95971892        0.05495761
     6    125      2    -1234.92707542        0.05495761
     6    126      2    -1237.45131438        0.05495761
     6    127      2    -1239.30412829        0.05495761
     6    128      2    -1234.47399224        0.05495761
     6    129      2    -1239.12014682        0.05495761
     6    130      2    -1236.33945315        0.05495761
     6    131      2    -1236.53163042        0.05495761
     6    132      2    -1238.22711925        0.05495761
     6    133      2    -1241.39887743        0.05495761
     6    134      2    -1238.60256835        0.05495761
     6    135      2    -1235.47982742        0.05495761
     6    136      2    -1239.45700550        0.05495761
     6    137      2    -1232.46273827        0.05495761
     6    138      2    -1234.90164094        0.05495761
     6    139      2    -1233.18528562        0.05495761
     6    140      2    -1252.88607891        0.05495761
     6    141      2    -1261.02485364        0.05495761
     6    142      2    -1253.62588656        0.05495761
     6    143      2    -1258.29518847        0.05495761
     6    144      2    -1256.75379486        0.05495761
     6    145      2    -1258.07552370        0.05495761
     6    146      2    -1251.62346319        0.05495761
     6    147      2    -1262.68185047        0.05495761
     6    148      2    -1245.96968463        0.05495761
     6    149      2    -1259.03186266        0.05495761
     6    150      2    -1250.76783301        0.05495761
     6    151      2    -1256.87866529        0.05495761
     6    152      2    -1256.17619893        0.05495761
     6    153      2    -1262.40520652        0.05495761
     6    154      2    -1259.65668764        0.05495761
     6    155      2    -1269.58077903        0.05495761
     6    156      2    -1256.29869478        0.05495761
     6    157      2    -1258.70674119        0.05495761
     6    158      2    -1256.27909032        0.05495761
     6    159      2    -1260.66268880        0.05495761
     6    160      2    -1255.48208319        0.05495761
     6    161      2    -1260.70872969        0.05495761
     6    162      2    -1255.69685101        0.05495761
     6    163      2    -1261.85070376        0.05495761
     6    164      2    -1255.12808503        0.05495761
     6    165      2    -1257.81571779        0.05495761
     6    166      2    -1261.16458336        0.05495761
     6    167      2    -1272.88787806        0.05495761
     7      0      2    -1268.76096820        0.05495961
     7      1      2    -1258.80925560        0.05495961
     7      2      2    -1257.70198523        0.05495961
     7      3      2    -1260.60984433        0.05495961
     7      4      2    -1266.12407330        0.05495961
     7      5      2    -1250.16552880        0.05495961
     7      6      2    -1262.48533805        0.05495961
     7      7      2    -1262.63167285        0.05495961
     7      8      2    -1266.41570221        0.05495961
     7      9      2    -1261.23416666        0.05495961
     7     10      2    -1275.23892476        0.05495961
     7     11      2    -1263.51659760        0.05495961
     7     12      2    -1270.12047568        0.05495961
     7     13      2    -1266.53747832        0.05495961
     7     14      2    -1268.42240112        0.05495961
     7     15      2    -1264.49041890        0.05495961
     7     16      2    -1273.69020940        0.05495961
     7     17      2    -1258.91962746        0.05495961
     7     18      2    -1286.72758219        0.05495961
     7     19      2    -1263.28080178        0.05495961
     7     20      2    -1247.52484715        0.05495961
     7     21      2    -1265.38664497        0.05495961
     7     22      2    -1274.21730238        0.05495961
     7     23      2    -1262.44611424        0.05495961
     7     24      2    -1269.48845167        0.05495961
     7     25      2    -1263.63342036        0.05495961
     7     26      2    -1266.37436106        0.05495961
     7     27      2    -1289.07668470        0.05495961
     7     28      2    -1237.26293433        0.05495961
     7     29      2    -1268.63822027        0.05495961
     7     30      2    -1275.25447515        0.05495961
     7     31      2    -1268.19078452        0.05495961
     7     32      2    -1232.96826850        0.05495961
     7     33      2    -1248.28633862        0.05495961
     7     34      2    -1246.37115670        0.05495961
     7     35      2    -1239.05788824        0.05495961
     7     36      2    -1251.62018578        0.05495961
     7     37      2    -1256.10094263        0.05495961
     7     38      2    -1240.80278141        0.05495961
     7     39      2    -1242.65463593        0.05495961
     7     40      2    -1251.83757743        0.05495961
     7     41      2    -1256.53788596        0.05495961
     7     42      2    -1242.80912452        0.05495961
     7     43      2    -1257.02103919        0.05495961
     7     44      2    -1234.91343674        0.05495961
     7     45      2    -1251.73866035        0.05495961
     7     46      2    -1238.65485675        0.05495961
     7     47      2    -1217.86538394        0.05495961
     7     48      2    -1277.12269568        0.05495961
     7     49      2    -1221.62479377        0.05495961
     7     50      2    -1236.91375151        0.05495961
     7     51      2    -1237.78940566        0.05495961
     7     52      2    -1270.01199667        0.05495961
     7     53      2    -1221.44235276        0.05495961
     7     54      2    -1252.30735167        0.05495961
     7     55      2    -1249.78568845        0.05495961
     7     56      2    -1242.03517594        0.05495961
     7     57      2    -1255.68064397        0.05495961
     7     58      2    -1252.12050214        0.05495961
     7     59      2    -1247.91182004        0.05495961
     7     60      2    -1247.72634861        0.05495961
     7     61      2    -1251.67773395        0.05495961
     7     62      2    -1244.53187520        0.05495961
     7     63      2    -1259.80584181        0.05495961
     7     64      2    -1242.41471989        0.05495961
     7     65      2    -1248.06918385        0.05495961
     7     66      2    -1245.39657338        0.05495961
     7     67      2    -1247.01584596        0.05495961
     7     68      2    -1246.97261820        0.05495961
     7     69      2    -1242.67415997        0.05495961
     7     70      2    -1253.01614182        0.05495961
     7     71      2    -1238.31407538        0.05495961
     7     72      2    -1247.47144622        0.05495961
     7     73      2    -1235.28146018        0.05495961
     7     74      2    -1245.69854555        0.05495961
     7     75      2    -1236.52096767        0.05495961
     7     76      2    -1244.53788493        0.05495961
     7     77      2    -1237.70095747        0.05495961
     7     78      2    -1244.35926074        0.05495961
     7     79      2    -1235.85947029        0.05495961
     7     80      2    -1244.01599872        0.05495961
     7     81      2    -1235.57438143        0.05495961
     7     82      2    -1242.58806228        0.05495961
     7     83      2    -1241.98465167        0.05495961
     7     84      2    -1235.17348360        0.05495961
     7     85      2    -1240.06740289        0.05495961
     7     86      2    -1240.14828159        0.05495961
     7     87      2    -1238.14025556        0.05495961
     7     88      2    -1234.52653584        0.05495961
     7     89      2    -1229.10315549        0.05495961
     7     90      2    -1230.39569113        0.05495961
     7     91      2    -1200.56388239        0.05495961
     7     92      2    -1215.80101300        0.05495961
     7     93      2    -1206.59555558        0.05495961
     7     94      2    -1216.22993246        0.05495961
     7     95      2    -1219.06175741        0.05495961
     7     96      2    -1197.79096621        0.05495961
     7     97      2    -1197.87802038        0.05495961
     7     98      2    -1192.83653550        0.05495961
     7     99      2    -1193.56784398        0.05495961
     7    100      2    -1186.97479941        0.05495961
     7    101      2    -1190.37144152        0.05495961
     7    102      2    -1190.74636569        0.05495961
     7    103      2    -1194.26443702        0.05495961
     7    104      2    -1188.99138332        0.05495961
     7    105      2    -1192.36210919        0.05495961
     7    106      2    -1193.92010013        0.05495961
     7    107      2    -1190.56088969        0.05495961
     7    108      2    -1189.48893712        0.05495961
     7    109      2    -1195.03428745        0.05495961
     7    110      2    -1196.05174868        0.05495961
     7    111      2    -1196.62041658        0.05495961
     7    112      2    -1190.57353887        0.05495961
     7    113      2    -1208.48980158        0.05495961
     7    114      2    -1192.14240636        0.05495961
     7    115      2    -1200.73508452        0.05495961
     7    116      2    -1210.26965048        0.05495961
     7    117      2    -1201.59456630        0.05495961
     7    118      2    -1210.04911052        0.05495961
     7    119      2    -1205.37630111        0.05495961
     7    120      2    -1205.65635492        0.05495961
     7    121      2    -1211.63946503        0.05495961
     7    122      2    -1205.09415574        0.05495961
     7    123      2    -1220.51967872        0.05495961
     7    124      2    -1208.93595039        0.05495961
     7    125      2    -1211.17307105        0.05495961
     7    126      2    -1216.09918801        0.05495961
     7    127      2    -1215.59078074        0.05495961
     7    128      2    -1219.36132947        0.05495961
     7    129      2    -1217.05347530        0.05495961
     7    130      2    -1213.73263624        0.05495961
     7    131      2    -1225.01411855        0.05495961
     7    132      2    -1211.74489990        0.05495961
     7    133      2    -1222.84840493        0.05495961
     7    134      2    -1218.17150833        0.05495961
     7    135      2    -1214.48506204        0.05495961
     7    136      2    -1215.47948317        0.05495961
     7    137      2    -1218.51594912        0.05495961
     7    138      2    -1211.34567452        0.05495961
     7    139      2    -1217.47868271        0.05495961
     7    140      2    -1213.04286261        0.05495961
     7    141      2    -1215.49618619        0.05495961
     7    142      2    -1215.00168479        0.05495961
     7    143      2    -1216.53587341        0.05495961
     7    144      2    -1211.89038827        0.05495961
     7    145      2    -1215.89246246        0.05495961
     7    146      2    -1214.35082396        0.05495961
     7    147      2    -1222.30936212        0.05495961
     7    148      2    -1213.78232805        0.05495961
     7    149      2    -1222.03637931        0.05495961
     7    150      2    -1215.85573255        0.05495961
     7    151      2    -1218.43303558        0.05495961
     7    152      2    -1224.52900437        0.05495961
     7    153      2    -1219.73463155        0.05495961
     7    154      2    -1210.61719319        0.05495961
     7    155      2    -1222.81638294        0.05495961
     7    156      2    -1208.95376847        0.05495961
     7    157      2    -1220.44564799        0.05495961
     7    158      2    -1207.85140829        0.05495961
     7    159      2    -1215.04334716        0.05495961
     7    160      2    -1262.10902699        0.05495961
     7    161      2    -1260.92246490        0.05495961
     7    162      2    -1255.91020847        0.05495961
     7    163      2    -1265.94138824        0.05495961
     7    164      2    -1261.81999272        0.05495961
     7    165      2    -1264.87590863        0.05495961
     7    166      2    -1256.17111332        0.05495961
     7    167      2    -1269.03952947        0.05495961
     7    168      2    -1254.45703756        0.05495961
     7    169      2    -1268.44379735        0.05495961
     7    170      2    -1255.21109175        0.05495961
     7    171      2    -1269.93240445        0.05495961
     7    172      2    -1252.91957997        0.05495961
     7    173      2    -1265.92934178        0.05495961
     7    174      2    -1256.96187974        0.05495961
     7    175      2    -1258.88370163        0.05495961
     7    176      2    -1262.28532006        0.05495961
     7    177      2    -1266.59817200        0.05495961
     7    178      2    -1260.78541843        0.05495961
     7    179      2    -1266.35114009        0.05495961
     7    180      2    -1265.60714697        0.05495961
     7    181      2    -1256.59006169        0.05495961
     7    182      2    -1255.59572556        0.05495961
     7    183      2    -1272.05448905        0.05495961
     7    184      2    -1265.36392005        0.05495961
     7    185      2    -1264.18224272        0.05495961
     7    186      2    -1263.55545819        0.05495961
     7    187      2    -1263.13770735        0.05495961
     7    188      2    -1250.99757027        0.05495961
     7    189      2    -1248.19742614        0.05495961
     7    190      2    -1256.69851279        0.05495961
     7    191      2    -1261.96436713        0.05495961
     8      0      2    -1239.15026326        0.05500100
     8      1      2    -1239.45768327        0.05500100
     8      2      2    -1238.47664096        0.05500100
     8      3      2    -1245.28862601        0.05500100
     8      4      2    -1231.01661432        0.05500100
     8      5      2    -1226.15243141        0.05500100
     8      6      2    -1226.84727926        0.05500100
     8      7      2    -1243.58697013        0.05500100
     8      8      2    -1252.36025391        0.05500100
     8      9      2    -1187.32556192        0.05500100
     8     10      2    -1254.75726356        0.05500100
     8     11      2    -1249.47918020        0.05500100
     8     12      2    -1238.94117896        0.05500100
     8     13      2    -1274.37506340        0.05500100
     8     14      2    -1240.37441361        0.05500100
     8     15      2    -1246.78128841        0.05500100
     8     16      2    -1259.33458086        0.05500100
     8     17      2    -1257.67677365        0.05500100
     8     18      2    -1220.18634704        0.05500100
     8     19      2    -1257.01672863        0.05500100
     8     20      2    -1256.15346896        0.05500100
     8     21      2    -1238.55024408        0.05500100
     8     22      2    -1254.94724001        0.05500100
     8     23      2    -1245.47143160        0.05500100
     8     24      2    -1254.23771417        0.05500100
     8     25      2    -1267.76457106        0.05500100
     8     26      2    -1252.18715763        0.05500100
     8     27      2    -1264.36576248        0.05500100
     8     28      2    -1221.14109929        0.05500100
     8     29      2    -1267.99714909        0.05500100
     8     30      2    -1241.03065330        0.05500100
     8     31      2    -1270.12056297        0.05500100
     8     32      2    -1258.98150215        0.05500100
     8     33      2    -1271.22773279        0.05500100
     8     34      2    -1260.07583712        0.05500100
     8     35      2    -1259.44805323        0.05500100
     8     36      2    -1268.00761631        0.05500100
     8     37      2    -1272.11264562        0.05500100
     8     38      2    -1275.86541437        0.05500100
     8     39      2    -1279.43219008        0.05500100
     8     40      2    -1273.12495589        0.05500100
     8     41      2    -1294.90116007        0.05500100
     8     42      2    -1267.33604537        0.05500100
     8     43      2    -1296.65828630        0.05500100
     8     44      2    -1277.34006438        0.05500100
     8     45      2    -1276.46339550        0.05500100
     8     46      2    -1279.20654515        0.05500100
     8     47      2    -1266.21199214        0.05500100
     8     48      2    -1282.59954827        0.05500100
     8     49      2    -1256.50713027        0.05500100
     8     50      2    -1270.75371484        0.05500100
     8     51      2    -1278.86730701        0.05500100
     8     52      2    -1253.22752984        0.05500100
     8     53      2    -1282.72907092        0.05500100
     8     54      2    -1252.23506752        0.05500100
     8     55      2    -1288.69582974        0.05500100
     8     56      2    -1265.85595055        0.05500100
     8     57      2    -1274.65516673        0.05500100
     8     58      2    -1274.77508359        0.05500100
     8     59      2    -1283.70071980        0.05500100
     8     60      2    -1248.05527629        0.05500100
     8     61      2    -1271.24961561        0.05500100
     8     62      2    -1337.30580735        0.05500100
     8     63      2    -1240.29354770        0.05500100
     8     64      2    -1264.40887665        0.05500100
     8     65      2    -1287.49044768        0.05500100
     8     66      2    -1264.78431791        0.05500100
     8     67      2    -1274.17594370        0.05500100
     8     68      2    -1278.92476596        0.05500100
     8     69      2    -1256.35690771        0.05500100
     8     70      2    -1293.49939931        0.05500100
     8     71      2    -1260.37105193        0.05500100
     8     72      2    -1272.85845511        0.05500100
     8     73      2    -1282.26311974        0.05500100
     8     74      2    -1264.29117972        0.05500100
     8     75      2    -1270.51572836        0.05500100
     8     76      2    -1231.63140297        0.05500100
     8     77      2    -1231.63140297        0.05500100
     8     78      2    -1231.63140297        0.05500100
     8     79      2    -1231.63140297        0.05500100
     8     80      2    -1231.63140297        0.05500100
     8     81      2    -1231.63140297        0.05500100
     8     82      2    -1231.63140297        0.05500100
     8     83      2    -1231.63140297        0.05500100
     8     84      2    -1231.63140297        0.05500100
     8     85      2    -1231.63140297        0.05500100
     8     86      2    -1259.08768373        0.05500100
     8     87      2    -1266.51779163        0.05500100
     8     88      2    -1257.06913084        0.05500100
     8     89      2    -1264.73468713        0.05500100
     8     90      2    -1256.75084361        0.05500100
     8     91      2    -1265.25712594        0.05500100
     8     92      2    -1262.70894906        0.05500100
     8     93      2    -1263.30627253        0.05500100
     8     94      2    -1262.68679962        0.05500100
     8     95      2    -1259.75994397        0.05500100
     8     96      2    -1262.96710655        0.05500100
     8     97      2    -1261.15523480        0.05500100
     8     98      2    -1257.91940838        0.05500100
     8     99      2    -1265.36331237        0.05500100
     8    100      2    -1254.83687491        0.05500100
     8    101      2    -1257.12692326        0.05500100
     8    102      2    -1211.61904329        0.05500100
     8    103      2    -1227.45548791        0.05500100
     8    104      2    -1220.24041530        0.05500100
     8    105      2    -1231.55956224        0.05500100
     8    106      2    -1238.30396169        0.05500100
     8    107      2    -1239.78987844        0.05500100
     8    108      2    -1256.48509289        0.05500100
     8    109      2    -1257.03648262        0.05500100
     8    110      2    -1254.17796911        0.05500100
     8    111      2    -1261.22180176        0.05500100
     8    112      2    -1257.90391252        0.05500100
     8    113      2    -1257.50140888        0.05500100
     8    114      2    -1259.28224856        0.05500100
     8    115      2    -1256.03578582        0.05500100
     8    116      2    -1258.86532704        0.05500100
     8    117      2    -1251.64537809        0.05500100
     8    118      2    -1255.60186307        0.05500100
     8    119      2    -1261.95629217        0.05500100
     8    120      2    -1245.93165363        0.05500100
     8    121      2    -1265.53058878        0.05500100
     8    122      2    -1256.86891908        0.05500100
     8    123      2    -1274.47697356        0.05500100
     8    124      2    -1264.60773888        0.05500100
     8    125      2    -1267.38677021        0.05500100
     8    126      2    -1231.63140297        0.05500100
     8    127      2    -1264.06745034        0.05500100
     8    128      2    -1267.24538264        0.05500100
     8    129      2    -1264.92234082        0.05500100
     8    130      2    -1282.64004155        0.05500100
     8    131      2    -1231.63140297        0.05500100
     8    132      2    -1491.96407594        0.05500100
     8    133      2    -1231.63140297        0.05500100
     8    134      2    -1064.34857490        0.05500100
     8    135      2    -1231.63140297        0.05500100
     8    136      2    -1231.63140297        0.05500100
     8    137      2    -1286.17283439        0.05500100
     8    138      2    -1231.63140297        0.05500100
     8    139      2    -1315.26734015        0.05500100
     8    140      2    -1267.71472414        0.05500100
     8    141      2    -1276.27147446        0.05500100
     8    142      2    -1270.79943235        0.05500100
     8    143      2    -1295.97925739        0.05500100
     8    144      2    -1272.41916742        0.05500100
     8    145      2    -1282.02281750        0.05500100
     8    146      2    -1281.42105049        0.05500100
     8    147      2    -1275.16381625        0.05500100
     8    148      2    -1290.83235841        0.05500100
     8    149      2    -1278.91610134        0.05500100
     8    150      2    -1274.28081075        0.05500100
     8    151      2    -1288.64993462        0.05500100
     8    152      2    -1274.79364525        0.05500100
     8    153      2    -1280.11634265        0.05500100
     8    154      2    -1250.34124807        0.05500100
     8    155      2    -1282.63107461        0.05500100
     8    156      2    -1275.46723775        0.05500100
     8    157      2    -1286.19192377        0.05500100
     8    158      2    -1228.78127847        0.05500100
     8    159      2    -1283.52851415        0.05500100
     8    160      2    -1274.69193800        0.05500100
     8    161      2    -1282.53860403        0.05500100
     8    162      2    -1271.77436778        0.05500100
     8    163      2    -1281.23120729        0.05500100
     8    164      2    -1272.43965974        0.05500100
     8    165      2    -1285.61689092        0.05500100
     8    166      2    -1277.28285688        0.05500100
     8    167      2    -1280.76595182        0.05500100
     8    168      2    -1272.71389778        0.05500100
     8    169      2    -1284.48569071        0.05500100
     8    170      2    -1267.02178068        0.05500100
     8    171      2    -1279.14048515        0.05500100
     8    172      2    -1263.28006398        0.05500100
     8    173      2    -1275.74929812        0.05500100
     8    174      2    -1268.70840619        0.05500100
     8    175      2    -1279.09199808        0.05500100
     8    176      2    -1272.50525506        0.05500100
     8    177      2    -1278.41718579        0.05500100
     8    178      2    -1269.94761494        0.05500100
     8    179      2    -1277.00644883        0.05500100
     8    180      2    -1267.56387147        0.05500100
     8    181      2    -1268.69484072        0.05500100
     8    182      2    -1272.53009216        0.05500100
     8    183      2    -1266.55648458        0.05500100
     8    184      2    -1281.53611813        0.05500100
     8    185      2    -1266.60689213        0.05500100
     8    186      2    -1274.97687414        0.05500100
     8    187      2    -1276.18722241        0.05500100
     8    188      2    -1256.60556719        0.05500100
     8    189      2    -1274.98485635        0.05500100
     8    190      2    -1271.45341554        0.05500100
     8    191      2    -1265.19729277        0.05500100
     8    192      2    -1269.78176269        0.05500100
     8    193      2    -1268.76054633        0.05500100
     8    194      2    -1263.87173646        0.05500100
     8    195      2    -1265.80809465        0.05500100
     8    196      2    -1261.57478627        0.05500100
     8    197      2    -1263.63204917        0.05500100
     8    198      2    -1258.68006374        0.05500100
     8    199      2    -1257.41421125        0.05500100
     8    200      2    -1257.17195516        0.05500100
     8    201      2    -1265.32268689        0.05500100
     8    202      2    -1265.12957410        0.05500100
     8    203      2    -1270.97699986        0.05500100
     8    204      2    -1267.17267084        0.05500100
     8    205      2    -1264.39932827        0.05500100
     8    206      2    -1266.23486362        0.05500100
     8    207      2    -1262.13465658        0.05500100
     8    208      2    -1268.88024074        0.05500100
     8    209      2    -1251.73988698        0.05500100
     8    210      2    -1255.84139493        0.05500100
     8    211      2    -1259.27554807        0.05500100
     8    212      2    -1249.55767469        0.05500100
     8    213      2    -1252.67174780        0.05500100
     8    214      2    -1253.52787756        0.05500100
     8    215      2    -1266.78176009        0.05500100
     9      0      2    -1242.45288511        0.05494961
     9      1      2    -1224.29276389        0.05494961
     9      2      2    -1217.72690389        0.05494961
     9      3      2    -1214.59619870        0.05494961
     9      4      2    -1223.91796720        0.05494961
     9      5      2    -1212.90445090        0.05494961
     9      6      2    -1204.51147244        0.05494961
     9      7      2    -1245.29143351        0.05494961
     9      8      2    -1249.05367784        0.05494961
     9      9      2    -1256.83499119        0.05494961
     9     10      2    -1237.49492277        0.05494961
     9     11      2    -1260.46801559        0.05494961
     9     12      2    -1249.79184944        0.05494961
     9     13      2    -1240.86624499        0.05494961
     9     14      2    -1255.06199693        0.05494961
     9     15      2    -1251.05963950        0.05494961
     9     16      2    -1246.47277506        0.05494961
     9     17      2    -1255.42459954        0.05494961
     9     18      2    -1247.12874327        0.05494961
     9     19      2    -1254.77921791        0.05494961
     9     20      2    -1248.34785485        0.05494961
     9     21      2    -1256.87017929        0.05494961
     9     22      2    -1247.14009672        0.05494961
     9     23      2    -1269.90013956        0.05494961
     9     24      2    -1245.82445834        0.05494961
     9     25      2    -1263.75597621        0.05494961
     9     26      2    -1267.00504172        0.05494961
     9     27      2    -1267.07647546        0.05494961
     9     28      2    -1256.72039356        0.05494961
     9     29      2    -1264.38966462        0.05494961
     9     30      2    -1267.60391779        0.05494961
     9     31      2    -1266.89986845        0.05494961
     9     32      2    -1256.07668607        0.05494961
     9     33      2    -1283.21003183        0.05494961
     9     34      2    -1269.14295841        0.05494961
     9     35      2    -1261.46375316        0.05494961
     9     36      2    -1272.85858449        0.05494961
     9     37      2    -1278.45901998        0.05494961
     9     38      2    -1253.73432158        0.05494961
     9     39      2    -1282.98633608        0.05494961
     9     40      2    -1261.16237988        0.05494961
     9     41      2    -1299.25875755        0.05494961
     9     42      2    -1268.61412430        0.05494961
     9     43      2    -1278.57741304        0.05494961
     9     44      2    -1269.68407560        0.05494961
     9     45      2    -1288.94324416        0.05494961
     9     46      2    -1271.18727831        0.05494961
     9     47      2    -1290.92814115        0.05494961
     9     48      2    -1273.97196738        0.05494961
     9     49      2    -1295.47494339        0.05494961
     9     50      2    -1269.87458369        0.05494961
     9     51      2    -1278.25975600        0.05494961
     9     52      2    -1290.35988167        0.05494961
     9     53      2    -1279.69854010        0.05494961
     9     54      2    -1269.80937168        0.05494961
     9     55      2    -1284.10747515        0.05494961
     9     56      2    -1277.41738308        0.05494961
     9     57      2    -1288.34392287        0.05494961
     9     58      2    -1259.19821128        0.05494961
     9     59      2    -1294.02293749        0.05494961
     9     60      2    -1264.91910716        0.05494961
     9     61      2    -1279.98747924        0.05494961
     9     62      2    -1279.54514489        0.05494961
     9     63      2    -1277.58777222        0.05494961
     9     64      2    -1286.50741814        0.05494961
     9     65      2    -1275.21957992        0.05494961
     9     66      2    -1274.13242575        0.05494961
     9     67      2    -1277.07011354        0.05494961
     9     68      2    -1272.99873124        0.05494961
     9     69      2    -1287.91171516        0.05494961
     9     70      2    -1267.90483916        0.05494961
     9     71      2    -1276.39707019        0.05494961
     9     72      2    -1227.98813242        0.05494961
     9     73      2    -1227.98813242        0.05494961
     9     74      2    -1227.98813242        0.05494961
     9     75      2    -1227.98813242        0.05494961
     9     76      2    -1227.98813242        0.05494961
     9     77      2    -1227.98813242        0.05494961
     9     78      2    -1227.98813242        0.05494961
     9     79      2    -1227.98813242        0.05494961
     9     80      2    -1227.98813242        0.05494961
     9     81      2    -1227.98813242        0.05494961
     9     82      2    -1227.98813242        0.05494961
     9     83      2    -1227.98813242        0.05494961
     9     84      2    -1227.98813242        0.05494961
     9     85      2    -1227.98813242        0.05494961
     9     86      2    -1227.98813242        0.05494961
     9     87      2    -1227.98813242        0.05494961
     9     88      2    -1227.98813242        0.05494961
     9     89      2    -1227.98813242        0.05494961
     9     90      2    -1227.98813242        0.05494961
     9     91      2    -1227.98813242        0.05494961
     9     92      2    -1227.98813242        0.05494961
     9     93      2    -1227.98813242        0.05494961
     9     94      2    -1227.98813242        0.05494961
     9     95      2    -1227.98813242        0.05494961
     9     96      2    -1227.98813242        0.05494961
     9     97      2    -1227.98813242        0.05494961
     9     98      2    -1227.98813242        0.05494961
     9     99      2    -1227.98813242        0.05494961
     9    100      2    -1227.98813242        0.05494961
     9    101      2    -1227.98813242        0.05494961
     9    102      2    -1227.98813242        0.05494961
     9    103      2    -1227.98813242        0.05494961
     9    104      2    -1227.98813242        0.05494961
     9    105      2    -1257.08482964        0.05494961
     9    106      2    -1227.98058656        0.05494961
     9    107      2    -1306.02719894        0.05494961
     9    108      2    -1264.50416287        0.05494961
     9    109      2    -1259.56451072        0.05494961
     9    110      2    -1266.71197666        0.05494961
     9    111      2    -1264.00683015        0.05494961
     9    112      2    -1260.72324388        0.05494961
     9    113      2    -1258.38615444        0.05494961
     9    114      2    -1258.18207730        0.05494961
     9    115      2    -1246.91652775        0.05494961
     9    116      2    -1237.37593419        0.05494961
     9    117      2    -1243.46313546        0.05494961
     9    118      2    -1245.71433635        0.05494961
     9    119      2    -1249.15574307        0.05494961
     9    120      2    -1252.80214159        0.05494961
     9    121      2    -1254.46043504        0.05494961
     9    122      2    -1251.80546701        0.05494961
     9    123      2    -1248.70310699        0.05494961
     9    124      2    -1246.02960047        0.05494961
     9    125      2    -1251.54095155        0.05494961
     9    126      2    -1255.27540706        0.05494961
     9    127      2    -1252.19883586        0.05494961
     9    128      2    -1255.29690924        0.05494961
     9    129      2    -1252.22558108        0.05494961
     9    130      2    -1253.97648876        0.05494961
     9    131      2    -1253.71835936        0.05494961
     9    132      2    -1282.54091853        0.05494961
     9    133      2    -1272.15427378        0.05494961
     9    134      2    -1304.95620051        0.05494961
     9    135      2    -1227.98813242        0.05494961
     9    136      2    -1227.98813242        0.05494961
     9    137      2    -1227.98813242        0.05494961
     9    138      2    -1227.98813242        0.05494961
     9    139      2    -1227.98813242        0.05494961
     9    140      2    -1227.98813242        0.05494961
     9    141      2    -1227.98813242        0.05494961
     9    142      2    -1227.98813242        0.05494961
     9    143      2    -1227.98813242        0.05494961
     9    144      2    -1227.98813242        0.05494961
     9    145      2    -1227.98813242        0.05494961
     9    146      2    -1227.98813242        0.05494961
     9    147      2    -1227.98813242        0.05494961
     9    148      2    -1227.98813242        0.05494961
     9    149      2    -1227.98813242        0.05494961
     9    150      2    -1227.98813242        0.05494961
     9    151      2    -1227.98813242        0.05494961
     9    152      2    -1227.98813242        0.05494961
     9    153      2    -1227.98813242        0.05494961
     9    154      2    -1227.98813242        0.05494961
     9    155      2    -1227.98813242        0.05494961
     9    156      2    -1227.98813242        0.05494961
     9    157      2    -1227.98813242        0.05494961
     9    158      2    -1227.98813242        0.05494961
     9    159      2    -1227.98813242        0.05494961
     9    160      2    -1227.98813242        0.05494961
     9    161      2    -1227.98813242        0.05494961
     9    162      2    -1227.98813242        0.05494961
     9    163      2    -1227.98813242        0.05494961
     9    164      2    -1227.98813242        0.05494961
     9    165      2    -1227.98813242        0.05494961
     9    166      2    -1227.98813242        0.05494961
     9    167      2    -1329.81098612        0.05494961
     9    168      2    -1277.53341698        0.05494961
     9    169      2    -1284.41272047        0.05494961
     9    170      2    -1282.51369823        0.05494961
     9    171      2    -1275.07983129        0.05494961
     9    172      2    -1289.71922634        0.05494961
     9    173      2    -1282.52221331        0.05494961
     9    174      2    -1281.61243418        0.05494961
     9    175      2    -1282.55008756        0.05494961
     9    176      2    -1284.72682522        0.05494961
     9    177      2    -1277.35820782        0.05494961
     9    178      2    -1280.84951635        0.05494961
     9    179      2    -1284.09152888        0.05494961
     9    180      2    -1283.76619668        0.05494961
     9    181      2    -1281.00066981        0.05494961
     9    182      2    -1278.76614759        0.05494961
     9    183      2    -1280.09471978        0.05494961
     9    184      2    -1283.75798174        0.05494961
     9    185      2    -1278.90877337        0.05494961
     9    186      2    -1274.57088485        0.05494961
     9    187      2    -1285.66701763        0.05494961
     9    188      2    -1273.92494914        0.05494961
     9    189      2    -1270.85655417        0.05494961
     9    190      2    -1278.69567749        0.05494961
     9    191      2    -1267.14756093        0.05494961
     9    192      2    -1278.44244566        0.05494961
     9    193      2    -1274.86282395        0.05494961
     9    194      2    -1266.86596353        0.05494961
     9    195      2    -1269.37675222        0.05494961
     9    196      2    -1273.81970469        0.05494961
     9    197      2    -1265.37379274        0.05494961
     9    198      2    -1272.85056838        0.05494961
     9    199      2    -1273.44523492        0.05494961
     9    200      2    -1266.85560705        0.05494961
     9    201      2    -1272.11673879        0.05494961
     9    202      2    -1270.73990145        0.05494961
     9    203      2    -1272.73113782        0.05494961
     9    204      2    -1265.76696761        0.05494961
     9    205      2    -1266.40420434        0.05494961
     9    206      2    -1275.87200256        0.05494961
     9    207      2    -1261.24945697        0.05494961
     9    208      2    -1271.65524627        0.05494961
     9    209      2    -1269.16959585        0.05494961
     9    210      2    -1263.25808960        0.05494961
     9    211      2    -1272.36559634        0.05494961
     9    212      2    -1263.16798709        0.05494961
     9    213      2    -1264.39023005        0.05494961
     9    214      2    -1265.94578389        0.05494961
     9    215      2    -1264.95725015        0.05494961
     9    216      2    -1263.84859367        0.05494961
     9    217      2    -1256.18017579        0.05494961
     9    218      2    -1266.71049708        0.05494961
     9    219      2    -1258.43259949        0.05494961
     9    220      2    -1264.17145480        0.05494961
     9    221      2    -1259.39101310        0.05494961
     9    222      2    -1254.01908683        0.05494961
     9    223      2    -1250.31387048        0.05494961
     9    224      2    -1260.61074824        0.05494961
     9    225      2    -1252.40376666        0.05494961
     9    226      2    -1260.94737181        0.05494961
     9    227      2    -1261.76023244        0.05494961
     9    228      2    -1257.01886343        0.05494961
     9    229      2    -1254.02288718        0.05494961
     9    230      2    -1258.34153477        0.05494961
     9    231      2    -1253.51880527        0.05494961
     9    232      2    -1261.07013071        0.05494961
     9    233      2    -1243.48994971        0.05494961
     9    234      2    -1259.41021090        0.05494961
     9    235      2    -1246.76519342        0.05494961
     9    236      2    -1252.66108699        0.05494961
     9    237      2    -1239.43552794        0.05494961
     9    238      2    -1246.02969429        0.05494961
     9    239      2    -1253.66545209        0.05494961
    10      0      2    -1190.84486929        0.05499352
    10      1      2    -1199.68045660        0.05499352
    10      2      2    -1190.40780445        0.05499352
    10      3      2    -1212.73814789        0.05499352
    10      4      2    -1192.99062689        0.05499352
    10      5      2    -1218.79800149        0.05499352
    10      6      2    -1197.55515663        0.05499352
    10      7      2    -1212.44246008        0.05499352
    10      8      2    -1203.75866389        0.05499352
    10      9      2    -1213.15113479        0.05499352
    10     10      2    -1223.25281725        0.05499352
    10     11      2    -1216.27862574        0.05499352
    10     12      2    -1222.83661947        0.05499352
    10     13      2    -1217.54541603        0.05499352
    10     14      2    -1224.84235099        0.05499352
    10     15      2    -1217.43014959        0.05499352
    10     16      2    -1231.12454210        0.05499352
    10     17      2    -1265.85621436        0.05499352
    10     18      2    -1211.21509860        0.05499352
    10     19      2    -1260.37440367        0.05499352
    10     20      2    -1219.65303676        0.05499352
    10     21      2    -1224.25294850        0.05499352
    10     22      2    -1227.29675951        0.05499352
    10     23      2    -1240.05749576        0.05499352
    10     24      2    -1218.83004433        0.05499352
    10     25      2    -1232.67616541        0.05499352
    10     26      2    -1234.10462036        0.05499352
    10     27      2    -1240.58502171        0.05499352
    10     28      2    -1250.61850122        0.05499352
    10     29      2    -1243.52565933        0.05499352
    10     30      2    -1254.91707361        0.05499352
    10     31      2    -1230.12130883        0.05499352
    10     32      2    -1247.02637637        0.05499352
    10     33      2    -1257.04021497        0.05499352
    10     34      2    -1252.33786868        0.05499352
    10     35      2    -1237.50835664        0.05499352
    10     36      2    -1247.53376486        0.05499352
    10     37      2    -1258.57546491        0.05499352
    10     38      2    -1214.21918661        0.05499352
    10     39      2    -1266.49311465        0.05499352
    10     40      2    -1235.41747676        0.05499352
    10     41      2    -1245.12323979        0.05499352
    10     42      2    -1228.76212933        0.05499352
    10     43      2    -1272.04023256        0.05499352
    10     44      2    -1223.49851164        0.05499352
    10     45      2    -1244.21380708        0.05499352
    10     46      2    -1254.93037554        0.05499352
    10     47      2    -1241.40996269        0.05499352
    10     48      2    -1225.34570265        0.05499352
    10     49      2    -1235.83892152        0.05499352
    10     50      2    -1235.83892152        0.05499352
    10     51      2    -1235.83892152        0.05499352
    10     52      2    -1235.83892152        0.05499352
    10     53      2    -1235.83892152        0.05499352
    10     54      2    -1235.83892152        0.05499352
    10     55      2    -1235.83892152        0.05499352
    10     56      2    -1235.83892152        0.05499352
    10     57      2    -1235.83892152        0.05499352
    10     58      2    -1235.83892152        0.05499352
    10     59      2    -1235.83892152        0.05499352
    10     60      2    -1235.83892152        0.05499352
    10     61      2    -1235.83892152        0.05499352
    10     62      2    -1235.83892152        0.05499352
    10     63      2    -1235.83892152        0.05499352
    10     64      2    -1235.83892152        0.05499352
    10     65      2    -1235.83892152        0.05499352
    10     66      2    -1235.83892152        0.05499352
    10     67      2    -1235.83892152        0.05499352
    10     68      2    -1235.83892152        0.05499352
    10     69      2    -1235.83892152        0.05499352
    10     70      2    -1235.83892152        0.05499352
    10     71      2    -1235.83892152        0.05499352
    10     72      2    -1235.83892152        0.05499352
    10     73      2    -1235.83892152        0.05499352
    10     74      2    -1235.83892152        0.05499352
    10     75      2    -1235.83892152        0.05499352
    10     76      2    -1235.83892152        0.05499352
    10     77      2    -1235.83892152        0.05499352
    10     78      2    -1235.83892152        0.05499352
    10     79      2    -1235.83892152        0.05499352
    10     80      2    -1235.83892152        0.05499352
    10     81      2    -1235.83892152        0.05499352
    10     82      2    -1235.83892152        0.05499352
    10     83      2    -1235.83892152        0.05499352
    10     84      2    -1235.83892152        0.05499352
    10     85      2    -1235.83892152        0.05499352
    10     86      2    -1235.83892152        0.05499352
    10     87      2    -1235.83892152        0.05499352
    10     88      2    -1235.83892152        0.05499352
    10     89      2    -1235.83892152        0.05499352
    10     90      2    -1235.83892152        0.05499352
    10     91      2    -1235.83892152        0.05499352
    10     92      2    -1235.83892152        0.05499352
    10     93      2    -1235.83892152        0.05499352
    10     94      2    -1235.83892152        0.05499352
    10     95      2    -1242.53382429        0.05499352
    10     96      2    -1235.83892152        0.05499352
    10     97      2    -1253.63544402        0.05499352
    10     98      2    -1162.99198586        0.05499352
    10     99      2    -1190.57035433        0.05499352
    10    100      2    -1189.00037969        0.05499352
    10    101      2    -1196.71552576        0.05499352
    10    102      2    -1190.52358605        0.05499352
    10    103      2    -1196.43940640        0.05499352
    10    104      2    -1219.21127638        0.05499352
    10    105      2    -1199.72321157        0.05499352
    10    106      2    -1223.21100927        0.05499352
    10    107      2    -1210.56465874        0.05499352
    10    108      2    -1220.75830535        0.05499352
    10    109      2    -1208.51464801        0.05499352
    10    110      2    -1251.45370438        0.05499352
    10    111      2    -1240.80818076        0.05499352
    10    112      2    -1230.16608222        0.05499352
    10    113      2    -1168.10345811        0.05499352
    10    114      2    -1199.34496426        0.05499352
    10    115      2    -1235.83892152        0.05499352
    10    116      2    -1235.83892152        0.05499352
    10    117      2    -1235.83892152        0.05499352
    10    118      2    -1235.83892152        0.05499352
    10    119      2    -1235.83892152        0.05499352
    10    120      2    -1235.83892152        0.05499352
    10    121      2    -1235.83892152        0.05499352
    10    122      2    -1235.83892152        0.05499352
    10    123      2    -1235.83892152        0.05499352
    10    124      2    -1235.83892152        0.05499352
    10    125      2    -1331.11448033        0.05499352
    10    126      2    -1221.29331200        0.05499352
    10    127      2    -1235.83892152        0.05499352
    10    128      2    -1225.46108324        0.05499352
    10    129      2    -1253.04053720        0.05499352
    10    130      2    -1247.78501116        0.05499352
    10    131      2    -1258.02335704        0.05499352
    10    132      2    -1245.18616193        0.05499352
    10    133      2    -1239.37521330        0.05499352
    10    134      2    -1273.03829997        0.05499352
    10    135      2    -1168.11028278        0.05499352
    10    136      2    -1262.69837768        0.05499352
    10    137      2    -1272.20513416        0.05499352
    10    138      2    -1221.68926880        0.05499352
    10    139      2    -1235.83892152        0.05499352
    10    140      2    -1250.38493147        0.05499352
    10    141      2    -1235.83892152        0.05499352
    10    142      2    -1235.83892152        0.05499352
    10    143      2    -1235.83892152        0.05499352
    10    144      2    -1235.83892152        0.05499352
    10    145      2    -1235.83892152        0.05499352
    10    146      2    -1235.83892152        0.05499352
    10    147      2    -1235.83892152        0.05499352
    10    148      2    -1235.83892152        0.05499352
    10    149      2    -1235.83892152        0.05499352
    10    150      2    -1235.83892152        0.05499352
    10    151      2    -1235.83892152        0.05499352
    10    152      2    -1235.83892152        0.05499352
    10    153      2    -1235.83892152        0.05499352
    10    154      2    -1235.83892152        0.05499352
    10    155      2    -1235.83892152        0.05499352
    10    156      2    -1235.83892152        0.05499352
    10    157      2    -1237.86697164        0.05499352
    10    158      2    -1235.83892152        0.05499352
    10    159      2    -1223.36207831        0.05499352
    10    160      2    -1255.54608737        0.05499352
    10    161      2    -1232.98195061        0.05499352
    10    162      2    -1249.15256797        0.05499352
    10    163      2    -1238.14006868        0.05499352
    10    164      2    -1247.34728341        0.05499352
    10    165      2    -1233.25749151        0.05499352
    10    166      2    -1254.29465550        0.05499352
    10    167      2    -1238.10012962        0.05499352
    10    168      2    -1238.66983365        0.05499352
    10    169      2    -1240.20115403        0.05499352
    10    170      2    -1237.54175073        0.05499352
    10    171      2    -1233.92573200        0.05499352
    10    172      2    -1239.84304556        0.05499352
    10    173      2    -1232.22890261        0.05499352
    10    174      2    -1241.95594887        0.05499352
    10    175      2    -1236.99645439        0.05499352
    10    176      2    -1234.44612629        0.05499352
    10    177      2    -1226.86133891        0.05499352
    10    178      2    -1236.40285560        0.05499352
    10    179      2    -1222.60437529        0.05499352
    10    180      2    -1240.99191908        0.05499352
    10    181      2    -1226.96763210        0.05499352
    10    182      2    -1228.05041375        0.05499352
    10    183      2    -1228.10730961        0.05499352
    10    184      2    -1229.35528024        0.05499352
    10    185      2    -1225.85419599        0.05499352
    10    186      2    -1237.63338680        0.05499352
    10    187      2    -1220.91411562        0.05499352
    10    188      2    -1240.01451447        0.05499352
    10    189      2    -1223.18407943        0.05499352
    10    190      2    -1230.15231589        0.05499352
    10    191      2    -1227.85836438        0.05499352
    10    192      2    -1231.56926722        0.05499352
    10    193      2    -1226.41928289        0.05499352
    10    194      2    -1235.84389927        0.05499352
    10    195      2    -1223.67494049        0.05499352
    10    196      2    -1234.16358862        0.05499352
    10    197      2    -1237.61111672        0.05499352
    10    198      2    -1221.00365891        0.05499352
    10    199      2    -1233.84415195        0.05499352
    10    200      2    -1228.50880813        0.05499352
    10    201      2    -1218.68386377        0.05499352
    10    202      2    -1233.18183772        0.05499352
    10    203      2    -1222.25776923        0.05499352
    10    204      2    -1226.69425867        0.05499352
    10    205      2    -1211.34277329        0.05499352
    10    206      2    -1225.57119702        0.05499352
    10    207      2    -1212.31709502        0.05499352
    11      0      2    -1194.65151718        0.05498068
    11      1      2    -1208.89937303        0.05498068
    11      2      2    -1208.26872702        0.05498068
    11      3      2    -1199.66051162        0.05498068
    11      4      2    -1240.96913046        0.05498068
    11      5      2    -1199.73692410        0.05498068
    11      6      2    -1241.36500734        0.05498068
    11      7      2    -1217.57436987        0.05498068
    11      8      2    -1239.15298697        0.05498068
    11      9      2    -1222.20940509        0.05498068
    11     10      2    -1243.54906536        0.05498068
    11     11      2    -1238.02830341        0.05498068
    11     12      2    -1223.31422737        0.05498068
    11     13      2    -1245.23103718        0.05498068
    11     14      2    -1235.26067526        0.05498068
    11     15      2    -1246.05259288        0.05498068
    11     16      2    -1211.61493892        0.05498068
    11     17      2    -1277.83945421        0.05498068
    11     18      2    -1218.60906056        0.05498068
    11     19      2    -1255.53867672        0.05498068
    11     20      2    -1243.93511438        0.05498068
    11     21      2    -1230.69799360        0.05498068
    11     22      2    -1278.57666357        0.05498068
    11     23      2    -1230.54130349        0.05498068
    11     24      2    -1252.10145112        0.05498068
    11     25      2    -1264.34865655        0.05498068
    11     26      2    -1235.37972395        0.05498068
    11     27      2    -1287.89410662        0.05498068
    11     28      2    -1246.65506721        0.05498068
    11     29      2    -1234.88157223        0.05498068
    11     30      2    -1285.96712018        0.05498068
    11     31      2    -1243.53844350        0.05498068
    11     32      2    -1259.22379164        0.05498068
    11     33      2    -1258.01390416        0.05498068
    11     34      2    -1248.82734558        0.05498068
    11     35      2    -1249.83410293        0.05498068
    11     36      2    -1272.56734339        0.05498068
    11     37      2    -1241.95907910        0.05498068
    11     38      2    -1247.75051799        0.05498068
    11     39      2    -1257.02548600        0.05498068
    11     40      2    -1251.77704966        0.05498068
    11     41      2    -1250.56796017        0.05498068
    11     42      2    -1243.97468583        0.05498068
    11     43      2    -1243.97468583        0.05498068
    11     44      2    -1243.97468583        0.05498068
    11     45      2    -1243.97468583        0.05498068
    11     46      2    -1243.97468583        0.05498068
    11     47      2    -1243.97468583        0.05498068
    11     48      2    -1243.97468583        0.05498068
    11     49      2    -1243.97468583        0.05498068
    11     50      2    -1243.97468583        0.05498068
    11     51      2    -1243.97468583        0.05498068
    11     52      2    -1243.97468583        0.05498068
    11     53      2    -1243.97468583        0.05498068
    11     54      2    -1243.97468583        0.05498068
    11     55      2    -1243.97468583        0.05498068
    11     56      2    -1253.71120201        0.05498068
    11     57      2    -1273.18585878        0.05498068
    11     58      2    -1223.26612676        0.05498068
    11     59      2    -1307.25827684        0.05498068
    11     60      2    -1237.61227590        0.05498068
    11     61      2    -1276.68409268        0.05498068
    11     62      2    -1277.52351187        0.05498068
    11     63      2    -1264.44658368        0.05498068
    11     64      2    -1262.97958137        0.05498068
    11     65      2    -1282.86780091        0.05498068
    11     66      2    -1258.50339612        0.05498068
    11     67      2    -1271.15157868        0.05498068
    11     68      2    -1388.62498937        0.05498068
    11     69      2    -1264.52135268        0.05498068
    11     70      2    -1255.37969109        0.05498068
    11     71      2    -1270.73509963        0.05498068
    11     72      2    -1265.92011749        0.05498068
    11     73      2    -1263.51704152        0.05498068
    11     74      2    -1270.02586741        0.05498068
    11     75      2    -1261.84342886        0.05498068
    11     76      2    -1262.92893439        0.05498068
    11     77      2    -1246.73214357        0.05498068
    11     78      2    -1262.46311787        0.05498068
    11     79      2    -1261.19271353        0.05498068
    11     80      2    -1259.37905381        0.05498068
    11     81      2    -1266.18919807        0.05498068
    11     82      2    -1266.08483513        0.05498068
    11     83      2    -1267.30158864        0.05498068
    11     84      2    -1258.53358914        0.05498068
    11     85      2    -1275.51918626        0.05498068
    11     86      2    -1254.51684106        0.05498068
    11     87      2    -1263.39219625        0.05498068
    11     88      2    -1256.14479798        0.05498068
    11     89      2    -1254.46629476        0.05498068
    11     90      2    -1260.17705469        0.05498068
    11     91      2    -1253.78983353        0.05498068
    11     92      2    -1244.37767272        0.05498068
    11     93      2    -1252.58904652        0.05498068
    11     94      2    -1243.97468583        0.05498068
    11     95      2    -1231.30628581        0.05498068
    11     96      2    -1243.97468583        0.05498068
    11     97      2    -1241.74006846        0.05498068
    11     98      2    -1243.97468583        0.05498068
    11     99      2    -1243.97468583        0.05498068
    11    100      2    -1243.97468583        0.05498068
    11    101      2    -1243.97468583        0.05498068
    11    102      2    -1243.97468583        0.05498068
    11    103      2    -1243.97468583        0.05498068
    11    104      2    -1243.97468583        0.05498068
    11    105      2    -1219.53513387        0.05498068
    11    106      2    -1224.86902428        0.05498068
    11    107      2    -1265.33089807        0.05498068
    11    108      2    -1214.88513704        0.05498068
    11    109      2    -1207.00171075        0.05498068
    11    110      2    -1253.37769996        0.05498068
    11    111      2    -1265.47531774        0.05498068
    11    112      2    -1325.48678298        0.05498068
    11    113      2    -1243.97468583        0.05498068
    11    114      2    -1243.97468583        0.05498068
    11    115      2    -1243.97468583        0.05498068
    11    116      2    -1243.97468583        0.05498068
    11    117      2    -1243.97468583        0.05498068
    11    118      2    -1245.40440169        0.05498068
    11    119      2    -1206.20532074        0.05498068
    11    120      2    -1260.18565969        0.05498068
    11    121      2    -1196.80546946        0.05498068
    11    122      2    -1377.88832466        0.05498068
    11    123      2    -1240.57217916        0.05498068
    11    124      2    -1228.76749986        0.05498068
    11    125      2    -1223.49739113        0.05498068
    11    126      2    -1233.64118137        0.05498068
    11    127      2    -1231.02856555        0.05498068
    11    128      2    -1240.01168668        0.05498068
    11    129      2    -1230.81285676        0.05498068
    11    130      2    -1242.95982395        0.05498068
    11    131      2    -1236.15469974        0.05498068
    11    132      2    -1245.18064716        0.05498068
    11    133      2    -1240.43275909        0.05498068
    11    134      2    -1251.20054678        0.05498068
    11    135      2    -1243.04130267        0.05498068
    11    136      2    -1248.62509249        0.05498068
    11    137      2    -1243.28233783        0.05498068
    11    138      2    -1251.90418902        0.05498068
    11    139      2    -1245.24016420        0.05498068
    11    140      2    -1251.75268293        0.05498068
    11    141      2    -1245.41782278        0.05498068
    11    142      2    -1255.08520644        0.05498068
    11    143      2    -1249.13424266        0.05498068
    11    144      2    -1259.44685214        0.05498068
    11    145      2    -1252.48651801        0.05498068
    11    146      2    -1260.88060342        0.05498068
    11    147      2    -1252.21660097        0.05498068
    11    148      2    -1262.21753835        0.05498068
    11    149      2    -1253.08241662        0.05498068
    11    150      2    -1265.23902914        0.05498068
    11    151      2    -1259.28955588        0.05498068
    11    152      2    -1270.25784397        0.05498068
    11    153      2    -1259.21326744        0.05498068
    11    154      2    -1266.71156574        0.05498068
    11    155      2    -1256.16334003        0.05498068
    11    156      2    -1265.53857542        0.05498068
    11    157      2    -1260.08082066        0.05498068
    11    158      2    -1258.37454149        0.05498068
    11    159      2    -1248.82719997        0.05498068
    11    160      2    -1252.26819416        0.05498068
    11    161      2    -1245.11054115        0.05498068
    11    162      2    -1253.04678477        0.05498068
    11    163      2    -1243.97468583        0.05498068
    11    164      2    -1243.97468583        0.05498068
    11    165      2    -1243.97468583        0.05498068
    11    166      2    -1243.97468583        0.05498068
    11    167      2    -1243.97468583        0.05498068
    11    168      2    -1243.97468583        0.05498068
    11    169      2    -1243.97468583        0.05498068
    11    170      2    -1243.97468583        0.05498068
    11    171      2    -1243.97468583        0.05498068
    11    172      2    -1243.97468583        0.05498068
    11    173      2    -1243.97468583        0.05498068
    11    174      2    -1243.97468583        0.05498068
    11    175      2    -1243.97468583        0.05498068
    11    176      2    -1242.31162290        0.05498068
    11    177      2    -1242.13663082        0.05498068
    11    178      2    -1252.43990166        0.05498068
    11    179      2    -1232.85938097        0.05498068
    11    180      2    -1256.13659621        0.05498068
    11    181      2    -1239.53569648        0.05498068
    11    182      2    -1243.15621376        0.05498068
    11    183      2    -1246.88603974        0.05498068
    11    184      2    -1226.56279444        0.05498068
    11    185      2    -1257.66451142        0.05498068
    11    186      2    -1224.79530624        0.05498068
    11    187      2    -1242.60132986        0.05498068
    11    188      2    -1236.10836459        0.05498068
    11    189      2    -1229.56765024        0.05498068
    11    190      2    -1231.80122293        0.05498068
    11    191      2    -1231.36161676        0.05498068
    11    192      2    -1227.15372045        0.05498068
    11    193      2    -1227.09915999        0.05498068
    11    194      2    -1243.10347584        0.05498068
    11    195      2    -1207.12572597        0.05498068
    11    196      2    -1236.61392962        0.05498068
    11    197      2    -1222.60949757        0.05498068
    11    198      2    -1224.62929106        0.05498068
    11    199      2    -1220.90365205        0.05498068
    11    200      2    -1220.89946703        0.05498068
    11    201      2    -1226.89385539        0.05498068
    11    202      2    -1219.35477589        0.05498068
    11    203      2    -1226.33680964        0.05498068
    11    204      2    -1223.16541107        0.05498068
    11    205      2    -1229.64054108        0.05498068
    11    206      2    -1217.14897726        0.05498068
    11    207      2    -1226.01482205        0.05498068
    11    208      2    -1231.40481638        0.05498068
    11    209      2    -1224.05695519        0.05498068
    11    210      2    -1230.53410469        0.05498068
    11    211      2    -1220.94966944        0.05498068
    11    212      2    -1231.05022108        0.05498068
    11    213      2    -1225.31283769        0.05498068
    11    214      2    -1232.79856333        0.05498068
    11    215      2    -1217.30977436        0.05498068
    11    216      2    -1236.21293891        0.05498068
    11    217      2    -1219.55507401        0.05498068
    12      0      2    -1187.89542824        0.05498772
    12      1      2    -1213.79470387        0.05498772
    12      2      2    -1209.91260388        0.05498772
    12      3      2    -1226.97647398        0.05498772
    12      4      2    -1209.42414247        0.05498772
    12      5      2    -1260.97099519        0.05498772
    12      6      2    -1208.17484068        0.05498772
    12      7      2    -1251.67238868        0.05498772
    12      8      2    -1265.19119482        0.05498772
    12      9      2    -1253.79351506        0.05498772
    12     10      2    -1244.74289390        0.05498772
    12     11      2    -1288.89552942        0.05498772
    12     12      2    -1230.13292066        0.05498772
    12     13      2    -1280.41782226        0.05498772
    12     14      2    -1255.32580173        0.05498772
    12     15      2    -1272.17879206        0.05498772
    12     16      2    -1276.73181768        0.05498772
    12     17      2    -1256.41434095        0.05498772
    12     18      2    -1275.61397720        0.05498772
    12     19      2    -1273.78378626        0.05498772
    12     20      2    -1282.08007121        0.05498772
    12     21      2    -1276.86801573        0.05498772
    12     22      2    -1262.61156512        0.05498772
    12     23      2    -1302.16293229        0.05498772
    12     24      2    -1266.08179705        0.05498772
    12     25      2    -1276.61911134        0.05498772
    12     26      2    -1292.99537122        0.05498772
    12     27      2    -1285.41358087        0.05498772
    12     28      2    -1280.17652744        0.05498772
    12     29      2    -1291.52795860        0.05498772
    12     30      2    -1282.28966685        0.05498772
    12     31      2    -1278.44268027        0.05498772
    12     32      2    -1295.79820953        0.05498772
    12     33      2    -1279.74075358        0.05498772
    12     34      2    -1276.04195741        0.05498772
    12     35      2    -1285.79949199        0.05498772
    12     36      2    -1255.23710010        0.05498772
    12     37      2    -1255.23710010        0.05498772
    12     38      2    -1255.23710010        0.05498772
    12     39      2    -1255.23710010        0.05498772
    12     40      2    -1255.23710010        0.05498772
    12     41      2    -1255.23710010        0.05498772
    12     42      2    -1255.23710010        0.05498772
    12     43      2    -1255.23710010        0.05498772
    12     44      2    -1255.23710010        0.05498772
    12     45      2    -1255.23710010        0.05498772
    12     46      2    -1255.23710010        0.05498772
    12     47      2    -1255.23710010        0.05498772
    12     48      2    -1290.02279795        0.05498772
    12     49      2    -1278.03651529        0.05498772
    12     50      2    -1283.99703430        0.05498772
    12     51      2    -1285.48970299        0.05498772
    12     52      2    -1293.45680192        0.05498772
    12     53      2    -1290.42009712        0.05498772
    12     54      2    -1290.93550494        0.05498772
    12     55      2    -1287.82823155        0.05498772
    12     56      2    -1300.80578681        0.05498772
    12     57      2    -1273.40351211        0.05498772
    12     58      2    -1306.35614486        0.05498772
    12     59      2    -1285.24456800        0.05498772
    12     60      2    -1294.78979644        0.05498772
    12     61      2    -1308.19762496        0.05498772
    12     62      2    -1288.05564131        0.05498772
    12     63      2    -1296.43243489        0.05498772
    12     64      2    -1305.65532370        0.05498772
    12     65      2    -1300.04472937        0.05498772
    12     66      2    -1289.21056680        0.05498772
    12     67      2    -1321.31669810        0.05498772
    12     68      2    -1284.89228268        0.05498772
    12     69      2    -1318.09375325        0.05498772
    12     70      2    -1296.37597907        0.05498772
    12     71      2    -1303.87248168        0.05498772
    12     72      2    -1299.33437333        0.05498772
    12     73      2    -1306.64661215        0.05498772
    12     74      2    -1287.46027646        0.05498772
    12     75      2    -1315.41222992        0.05498772
    12     76      2    -1276.73022986        0.05498772
    12     77      2    -1324.57193066        0.05498772
    12     78      2    -1277.78293757        0.05498772
    12     79      2    -1309.46921288        0.05498772
    12     80      2    -1289.57049384        0.05498772
    12     81      2    -1309.41653774        0.05498772
    12     82      2    -1291.84589400        0.05498772
    12     83      2    -1306.35321270        0.05498772
    12     84      2    -1276.99370098        0.05498772
    12     85      2    -1342.42787104        0.05498772
    12     86      2    -1279.58513348        0.05498772
    12     87      2    -1297.45752727        0.05498772
    12     88      2    -1292.41367492        0.05498772
    12     89      2    -1303.62615688        0.05498772
    12     90      2    -1287.83006152        0.05498772
    12     91      2    -1295.98230459        0.05498772
    12     92      2    -1287.61357863        0.05498772
    12     93      2    -1291.04064631        0.05498772
    12     94      2    -1261.65073393        0.05498772
    12     95      2    -1367.31400690        0.05498772
    12     96      2    -1267.71866291        0.05498772
    12     97      2    -1282.15723084        0.05498772
    12     98      2    -1276.83133097        0.05498772
    12     99      2    -1275.14575995        0.05498772
    12    100      2    -1270.59945668        0.05498772
    12    101      2    -1274.32048484        0.05498772
    12    102      2    -1265.09214280        0.05498772
    12    103      2    -1262.68402776        0.05498772
    12    104      2    -1274.43214341        0.05498772
    12    105      2    -1247.11249629        0.05498772
    12    106      2    -1255.23710010        0.05498772
    12    107      2    -1255.23710010        0.05498772
    12    108      2    -1295.30514723        0.05498772
    12    109      2    -1247.96492582        0.05498772
    12    110      2    -1255.23710010        0.05498772
    12    111      2    -1255.23710010        0.05498772
    12    112      2    -1255.23710010        0.05498772
    12    113      2    -1255.23710010        0.05498772
    12    114      2    -1255.23710010        0.05498772
    12    115      2    -1255.23710010        0.05498772
    12    116      2    -1255.23710010        0.05498772
    12    117      2    -1255.23710010        0.05498772
    12    118      2    -1309.75596544        0.05498772
    12    119      2    -1305.77683164        0.05498772
    12    120      2    -1277.02112151        0.05498772
    12    121      2    -1270.40002918        0.05498772
    12    122      2    -1255.23710010        0.05498772
    12    123      2    -1255.23710010        0.05498772
    12    124      2    -1247.07108539        0.05498772
    12    125      2    -1268.05249000        0.05498772
    12    126      2    -1264.86872861        0.05498772
    12    127      2    -1266.26572856        0.05498772
    12    128      2    -1263.04278007        0.05498772
    12    129      2    -1268.01659731        0.05498772
    12    130      2    -1264.35415928        0.05498772
    12    131      2    -1280.59116946        0.05498772
    12    132      2    -1273.87821300        0.05498772
    12    133      2    -1280.27078116        0.05498772
    12    134      2    -1276.74674086        0.05498772
    12    135      2    -1284.57612290        0.05498772
    12    136      2    -1282.07527290        0.05498772
    12    137      2    -1287.44464135        0.05498772
    12    138      2    -1284.52033166        0.05498772
    12    139      2    -1291.38766213        0.05498772
    12    140      2    -1289.69461545        0.05498772
    12    141      2    -1291.64031389        0.05498772
    12    142      2    -1295.45418625        0.05498772
    12    143      2    -1294.59892983        0.05498772
    12    144      2    -1295.64537102        0.05498772
    12    145      2    -1298.14723438        0.05498772
    12    146      2    -1296.45434973        0.05498772
    12    147      2    -1301.74466678        0.05498772
    12    148      2    -1294.87993853        0.05498772
    12    149      2    -1302.24151529        0.05498772
    12    150      2    -1299.46947349        0.05498772
    12    151      2    -1305.33816632        0.05498772
    12    152      2    -1305.93958401        0.05498772
    12    153      2    -1305.00468432        0.05498772
    12    154      2    -1306.67841993        0.05498772
    12    155      2    -1310.91244367        0.05498772
    12    156      2    -1308.74694800        0.05498772
    12    157      2    -1311.75719206        0.05498772
    12    158      2    -1315.07278912        0.05498772
    12    159      2    -1315.84735785        0.05498772
    12    160      2    -1315.24674780        0.05498772
    12    161      2    -1319.07563233        0.05498772
    12    162      2    -1316.14905795        0.05498772
    12    163      2    -1319.65774463        0.05498772
    12    164      2    -1316.09025488        0.05498772
    12    165      2    -1323.33529418        0.05498772
    12    166      2    -1316.11315601        0.05498772
    12    167      2    -1318.20841023        0.05498772
    12    168      2    -1309.49958928        0.05498772
    12    169      2    -1313.87089124        0.05498772
    12    170      2    -1309.24892496        0.05498772
    12    171      2    -1312.33021910        0.05498772
    12    172      2    -1305.25429054        0.05498772
    12    173      2    -1311.67485455        0.05498772
    12    174      2    -1305.92583706        0.05498772
    12    175      2    -1310.05790866        0.05498772
    12    176      2    -1305.84030975        0.05498772
    12    177      2    -1299.22476506        0.05498772
    12    178      2    -1307.51754929        0.05498772
    12    179      2    -1290.87963285        0.05498772
    12    180      2    -1296.19421889        0.05498772
    12    181      2    -1300.37019184        0.05498772
    12    182      2    -1255.23710010        0.05498772
    12    183      2    -1255.23710010        0.05498772
    12    184      2    -1255.23710010        0.05498772
    12    185      2    -1255.23710010        0.05498772
    12    186      2    -1255.23710010        0.05498772
    12    187      2    -1255.23710010        0.05498772
    12    188      2    -1255.23710010        0.05498772
    12    189      2    -1255.23710010        0.05498772
    12    190      2    -1255.23710010        0.05498772
    12    191      2    -1255.23710010        0.05498772
    12    192      2    -1255.23710010        0.05498772
    12    193      2    -1255.23710010        0.05498772
    12    194      2    -1276.22375312        0.05498772
    12    195      2    -1291.99261705        0.05498772
    12    196      2    -1264.82857127        0.05498772
    12    197      2    -1282.98133047        0.05498772
    12    198      2    -1266.04084297        0.05498772
    12    199      2    -1279.95415299        0.05498772
    12    200      2    -1258.17247885        0.05498772
    12    201      2    -1255.48200541        0.05498772
    12    202      2    -1264.43795423        0.05498772
    12    203      2    -1256.14111564        0.05498772
    12    204      2    -1251.66878290        0.05498772
    12    205      2    -1247.05636640        0.05498772
    12    206      2    -1252.98801610        0.05498772
    12    207      2    -1252.63893009        0.05498772
    12    208      2    -1253.79367808        0.05498772
    12    209      2    -1238.51855158        0.05498772
    12    210      2    -1243.68373944        0.05498772
    12    211      2    -1244.18265198        0.05498772
    12    212      2    -1218.16055502        0.05498772
    12    213      2    -1240.27722959        0.05498772
    12    214      2    -1230.65162379        0.05498772
    12    215      2    -1251.02188685        0.05498772
    12    216      2    -1233.71802370        0.05498772
    12    217      2    -1262.89121922        0.05498772
    12    218      2    -1216.67991616        0.05498772
    12    219      2    -1262.78443093        0.05498772
    12    220      2    -1232.92160323        0.05498772
    12    221      2    -1237.41099098        0.05498772
    12    222      2    -1250.83672607        0.05498772
    12    223      2    -1236.05582639        0.05498772
    12    224      2    -1266.06550063        0.05498772
    12    225      2    -1257.48556673        0.05498772
    12    226      2    -1248.63551474        0.05498772
    12    227      2    -1260.25547879        0.05498772
    12    228      2    -1259.84509725        0.05498772
    12    229      2    -1266.00204316        0.05498772
    13      0      2    -1276.00054594        0.05498688
    13      1      2    -1248.36917557        0.05498688
    13      2      2    -1285.43508676        0.05498688
    13      3      2    -1265.90767430        0.05498688
    13      4      2    -1272.62441324        0.05498688
    13      5      2    -1238.41957979        0.05498688
    13      6      2    -1279.31554384        0.05498688
    13      7      2    -1258.31476257        0.05498688
    13      8      2    -1250.63594988        0.05498688
    13      9      2    -1266.98064524        0.05498688
    13     10      2    -1299.18752662        0.05498688
    13     11      2    -1254.32381887        0.05498688
    13     12      2    -1302.52180700        0.05498688
    13     13      2    -1247.30398717        0.05498688
    13     14      2    -1291.09068700        0.05498688
    13     15      2    -1270.75310058        0.05498688
    13     16      2    -1281.41697347        0.05498688
    13     17      2    -1246.57821597        0.05498688
    13     18      2    -1246.57821597        0.05498688
    13     19      2    -1246.57821597        0.05498688
    13     20      2    -1246.57821597        0.05498688
    13     21      2    -1246.57821597        0.05498688
    13     22      2    -1246.57821597        0.05498688
    13     23      2    -1246.57821597        0.05498688
    13     24      2    -1246.57821597        0.05498688
    13     25      2    -1246.57821597        0.05498688
    13     26      2    -1246.57821597        0.05498688
    13     27      2    -1246.57821597        0.05498688
    13     28      2    -1298.26101913        0.05498688
    13     29      2    -1267.26461485        0.05498688
    13     30      2    -1326.96425508        0.05498688
    13     31      2    -1246.47483033        0.05498688
    13     32      2    -1317.41201804        0.05498688
    13     33      2    -1277.69015480        0.05498688
    13     34      2    -1277.59823675        0.05498688
    13     35      2    -1288.93738114        0.05498688
    13     36      2    -1302.91165160        0.05498688
    13     37      2    -1274.23004586        0.05498688
    13     38      2    -1295.95562458        0.05498688
    13     39      2    -1279.56546178        0.05498688
    13     40      2    -1305.26984540        0.05498688
    13     41      2    -1282.08046603        0.05498688
    13     42      2    -1297.98537854        0.05498688
    13     43      2    -1290.29711436        0.05498688
    13     44      2    -1296.94668394        0.05498688
    13     45      2    -1297.05555571        0.05498688
    13     46      2    -1284.05337631        0.05498688
    13     47      2    -1305.13047187        0.05498688
    13     48      2    -1283.10038116        0.05498688
    13     49      2    -1294.58638685        0.05498688
    13     50      2    -1302.69845311        0.05498688
    13     51      2    -1284.92633167        0.05498688
    13     52      2    -1310.45566672        0.05498688
    13     53      2    -1293.37843365        0.05498688
    13     54      2    -1300.65736480        0.05498688
    13     55      2    -1299.81807962        0.05498688
    13     56      2    -1300.38499435        0.05498688
    13     57      2    -1299.04033798        0.05498688
    13     58      2    -1300.84456448        0.05498688
    13     59      2    -1298.48453354        0.05498688
    13     60      2    -1302.15268974        0.05498688
    13     61      2    -1281.16754597        0.05498688
    13     62      2    -1325.29336776        0.05498688
    13     63      2    -1268.43151071        0.05498688
    13     64      2    -1329.59313155        0.05498688
    13     65      2    -1270.45982266        0.05498688
    13     66      2    -1319.14120613        0.05498688
    13     67      2    -1285.54019016        0.05498688
    13     68      2    -1302.78249573        0.05498688
    13     69      2    -1301.00550605        0.05498688
    13     70      2    -1422.97222869        0.05498688
    13     71      2    -1299.44484114        0.05498688
    13     72      2    -1296.58014016        0.05498688
    13     73      2    -1299.83134667        0.05498688
    13     74      2    -1300.80296502        0.05498688
    13     75      2    -1294.64466128        0.05498688
    13     76      2    -1309.06568827        0.05498688
    13     77      2    -1279.39915216        0.05498688
    13     78      2    -1332.97688377        0.05498688
    13     79      2    -1274.50376007        0.05498688
    13     80      2    -1301.47857703        0.05498688
    13     81      2    -1293.45883799        0.05498688
    13     82      2    -1292.77822437        0.05498688
    13     83      2    -1282.68266061        0.05498688
    13     84      2    -1300.94361258        0.05498688
    13     85      2    -1277.05355766        0.05498688
    13     86      2    -1291.38882182        0.05498688
    13     87      2    -1269.98867538        0.05498688
    13     88      2    -1283.52082944        0.05498688
    13     89      2    -1269.61632255        0.05498688
    13     90      2    -1278.93867569        0.05498688
    13     91      2    -1266.71295938        0.05498688
    13     92      2    -1277.54006596        0.05498688
    13     93      2    -1266.52097972        0.05498688
    13     94      2    -1270.32422868        0.05498688
    13     95      2    -1264.03554055        0.05498688
    13     96      2    -1266.88494882        0.05498688
    13     97      2    -1259.06446655        0.05498688
    13     98      2    -1259.09595801        0.05498688
    13     99      2    -1277.59484005        0.05498688
    13    100      2    -1246.57821597        0.05498688
    13    101      2    -1344.77161409        0.05498688
    13    102      2    -1246.57821597        0.05498688
    13    103      2    -1246.57821597        0.05498688
    13    104      2    -1246.57821597        0.05498688
    13    105      2    -1246.57821597        0.05498688
    13    106      2    -1246.57821597        0.05498688
    13    107      2    -1246.57821597        0.05498688
    13    108      2    -1246.57821597        0.05498688
    13    109      2    -1246.57821597        0.05498688
    13    110      2    -1246.57821597        0.05498688
    13    111      2    -1264.18730227        0.05498688
    13    112      2    -1269.25040097        0.05498688
    13    113      2    -1246.57821597        0.05498688
    13    114      2    -1274.19053250        0.05498688
    13    115      2    -1244.58825508        0.05498688
    13    116      2    -1248.54709821        0.05498688
    13    117      2    -1251.21151940        0.05498688
    13    118      2    -1251.06651501        0.05498688
    13    119      2    -1247.48307948        0.05498688
    13    120      2    -1253.77706202        0.05498688
    13    121      2    -1251.79334803        0.05498688
    13    122      2    -1255.78838846        0.05498688
    13    123      2    -1255.15877302        0.05498688
    13    124      2    -1258.14809312        0.05498688
    13    125      2    -1257.03321224        0.05498688
    13    126      2    -1258.27011451        0.05498688
    13    127      2    -1258.34269861        0.05498688
    13    128      2    -1262.06251768        0.05498688
    13    129      2    -1263.29088352        0.05498688
    13    130      2    -1264.42357010        0.05498688
    13    131      2    -1265.55242076        0.05498688
    13    132      2    -1271.96941227        0.05498688
    13    133      2    -1270.58897741        0.05498688
    13    134      2    -1271.56337230        0.05498688
    13    135      2    -1273.39405603        0.05498688
    13    136      2    -1272.78615576        0.05498688
    13    137      2    -1275.08234455        0.05498688
    13    138      2    -1277.03924748        0.05498688
    13    139      2    -1273.98488850        0.05498688
    13    140      2    -1277.36543569        0.05498688
    13    141      2    -1276.05709660        0.05498688
    13    142      2    -1283.01361904        0.05498688
    13    143      2    -1278.73366290        0.05498688
    13    144      2    -1287.98142204        0.05498688
    13    145      2    -1286.31966884        0.05498688
    13    146      2    -1295.14134742        0.05498688
    13    147      2    -1290.89409586        0.05498688
    13    148      2    -1295.23435683        0.05498688
    13    149      2    -1297.72611675        0.05498688
    13    150      2    -1299.98863145        0.05498688
    13    151      2    -1298.86753644        0.05498688
    13    152      2    -1303.31517420        0.05498688
    13    153      2    -1298.47599625        0.05498688
    13    154      2    -1304.85488447        0.05498688
    13    155      2    -1301.44308758        0.05498688
    13    156      2    -1305.24178534        0.05498688
    13    157      2    -1302.14699004        0.05498688
    13    158      2    -1304.93689954        0.05498688
    13    159      2    -1308.07662597        0.05498688
    13    160      2    -1304.48682242        0.05498688
    13    161      2    -1311.55710028        0.05498688
    13    162      2    -1304.95243023        0.05498688
    13    163      2    -1310.35842650        0.05498688
    13    164      2    -1304.11648973        0.05498688
    13    165      2    -1309.72053406        0.05498688
    13    166      2    -1308.79466203        0.05498688
    13    167      2    -1309.20341757        0.05498688
    13    168      2    -1305.52353770        0.05498688
    13    169      2    -1312.47153507        0.05498688
    13    170      2    -1305.50517502        0.05498688
    13    171      2    -1306.25259569        0.05498688
    13    172      2    -1307.54570522        0.05498688
    13    173      2    -1308.45207414        0.05498688
    13    174      2    -1309.08780449        0.05498688
    13    175      2    -1297.29444422        0.05498688
    13    176      2    -1306.22890595        0.05498688
    13    177      2    -1303.39805438        0.05498688
    13    178      2    -1294.01565986        0.05498688
    13    179      2    -1313.39358521        0.05498688
    13    180      2    -1290.24659246        0.05498688
    13    181      2    -1298.70981674        0.05498688
    13    182      2    -1298.62324903        0.05498688
    13    183      2    -1295.53712771        0.05498688
    13    184      2    -1290.39852382        0.05498688
    13    185      2    -1287.73936663        0.05498688
    13    186      2    -1246.57821597        0.05498688
    13    187      2    -1246.57821597        0.05498688
    13    188      2    -1246.57821597        0.05498688
    13    189      2    -1246.57821597        0.05498688
    13    190      2    -1246.57821597        0.05498688
    13    191      2    -1246.57821597        0.05498688
    13    192      2    -1246.57821597        0.05498688
    13    193      2    -1246.57821597        0.05498688
    13    194      2    -1246.57821597        0.05498688
    13    195      2    -1246.57821597        0.05498688
    13    196      2    -1246.57821597        0.05498688
    13    197      2    -1240.60396477        0.05498688
    13    198      2    -1210.48966108        0.05498688
    13    199      2    -1263.13716529        0.05498688
    13    200      2    -1195.27407191        0.05498688
    13    201      2    -1226.95209240        0.05498688
    13    202      2    -1202.79236711        0.05498688
    13    203      2    -1179.46739746        0.05498688
    13    204      2    -1178.25303163        0.05498688
    13    205      2    -1184.37872014        0.05498688
    13    206      2    -1155.96393009        0.05498688
    13    207      2    -1181.57110439        0.05498688
    13    208      2    -1130.14084981        0.05498688
    13    209      2    -1119.86812392        0.05498688
    13    210      2    -1125.24315531        0.05498688
    13    211      2    -1142.25120310        0.05498688
    13    212      2    -1122.08077199        0.05498688
    13    213      2    -1100.92766519        0.05498688
    14      0      2    -1176.70892096        0.05502770
    14      1      2    -1193.12091965        0.05502770
    14      2      2    -1183.20778632        0.05502770
    14      3      2    -1243.99171191        0.05502770
    14      4      2    -1243.99171191        0.05502770
    14      5      2    -1243.99171191        0.05502770
    14      6      2    -1243.99171191        0.05502770
    14      7      2    -1243.99171191        0.05502770
    14      8      2    -1243.99171191        0.05502770
    14      9      2    -1243.99171191        0.05502770
    14     10      2    -1243.99171191        0.05502770
    14     11      2    -1243.99171191        0.05502770
    14     12      2    -1243.99171191        0.05502770
    14     13      2    -1243.99171191        0.05502770
    14     14      2    -1224.69239162        0.05502770
    14     15      2    -1238.50595548        0.05502770
    14     16      2    -1236.63814291        0.05502770
    14     17      2    -1237.90361316        0.05502770
    14     18      2    -1243.75349694        0.05502770
    14     19      2    -1249.34896970        0.05502770
    14     20      2    -1234.45571262        0.05502770
    14     21      2    -1253.91047077        0.05502770
    14     22      2    -1234.21535874        0.05502770
    14     23      2    -1253.30342844        0.05502770
    14     24      2    -1229.05947599        0.05502770
    14     25      2    -1255.56186974        0.05502770
    14     26      2    -1244.48842112        0.05502770
    14     27      2    -1248.30986123        0.05502770
    14     28      2    -1241.68605928        0.05502770
    14     29      2    -1263.88747151        0.05502770
    14     30      2    -1230.21359709        0.05502770
    14     31      2    -1286.28169353        0.05502770
    14     32      2    -1226.64152406        0.05502770
    14     33      2    -1255.05790873        0.05502770
    14     34      2    -1260.89020742        0.05502770
    14     35      2    -1221.79486608        0.05502770
    14     36      2    -1283.33242003        0.05502770
    14     37      2    -1230.68863729        0.05502770
    14     38      2    -1256.95961484        0.05502770
    14     39      2    -1255.01584398        0.05502770
    14     40      2    -1252.99627282        0.05502770
    14     41      2    -1240.87077973        0.05502770
    14     42      2    -1261.44106619        0.05502770
    14     43      2    -1239.23878273        0.05502770
    14     44      2    -1259.86436821        0.05502770
    14     45      2    -1260.70728600        0.05502770
    14     46      2    -1243.72485761        0.05502770
    14     47      2    -1264.12287537        0.05502770
    14     48      2    -1238.20026963        0.05502770
    14     49      2    -1261.56414234        0.05502770
    14     50      2    -1251.12664374        0.05502770
    14     51      2    -1259.09781596        0.05502770
    14     52      2    -1250.97883482        0.05502770
    14     53      2    -1260.80986157        0.05502770
    14     54      2    -1245.49452987        0.05502770
    14     55      2    -1268.97581008        0.05502770
    14     56      2    -1237.86073974        0.05502770
    14     57      2    -1267.49853072        0.05502770
    14     58      2    -1247.45440503        0.05502770
    14     59      2    -1263.94816036        0.05502770
    14     60      2    -1248.90726675        0.05502770
    14     61      2    -1266.12106236        0.05502770
    14     62      2    -1251.74781230        0.05502770
    14     63      2    -1256.03637771        0.05502770
    14     64      2    -1231.39610547        0.05502770
    14     65      2    -1261.38482992        0.05502770
    14     66      2    -1250.80372841        0.05502770
    14     67      2    -1259.12532909        0.05502770
    14     68      2    -1247.66876146        0.05502770
    14     69      2    -1221.36379614        0.05502770
    14     70      2    -1280.76417114        0.05502770
    14     71      2    -1225.38400720        0.05502770
    14     72      2    -1230.12716244        0.05502770
    14     73      2    -1283.51881469        0.05502770
    14     74      2    -1229.44595347        0.05502770
    14     75      2    -1256.34430404        0.05502770
    14     76      2    -1244.07553600        0.05502770
    14     77      2    -1230.92064001        0.05502770
    14     78      2    -1274.86450302        0.05502770
    14     79      2    -1350.23912797        0.05502770
    14     80      2    -1217.73386725        0.05502770
    14     81      2    -1242.48749740        0.05502770
    14     82      2    -1232.54048015        0.05502770
    14     83      2    -1241.86344700        0.05502770
    14     84      2    -1227.42020009        0.05502770
    14     85      2    -1234.66504099        0.05502770
    14     86      2    -1223.11289192        0.05502770
    14     87      2    -1235.27035142        0.05502770
    14     88      2    -1221.88620742        0.05502770
    14     89      2    -1229.65135698        0.05502770
    14     90      2    -1216.72488865        0.05502770
    14     91      2    -1228.37516009        0.05502770
    14     92      2    -1212.57986602        0.05502770
    14     93      2    -1222.71995964        0.05502770
    14     94      2    -1205.29888422        0.05502770
    14     95      2    -1243.99171191        0.05502770
    14     96      2    -1207.62358560        0.05502770
    14     97      2    -1243.99171191        0.05502770
    14     98      2    -1243.99171191        0.05502770
    14     99      2    -1243.99171191        0.05502770
    14    100      2    -1243.99171191        0.05502770
    14    101      2    -1243.99171191        0.05502770
    14    102      2    -1185.26837763        0.05502770
    14    103      2    -1290.36931281        0.05502770
    14    104      2    -1201.75360805        0.05502770
    14    105      2    -1207.67475863        0.05502770
    14    106      2    -1218.02899237        0.05502770
    14    107      2    -1207.62411364        0.05502770
    14    108      2    -1235.58670632        0.05502770
    14    109      2    -1185.40988702        0.05502770
    14    110      2    -1243.99171191        0.05502770
    14    111      2    -1243.99171191        0.05502770
    14    112      2    -1243.99171191        0.05502770
    14    113      2    -1243.99171191        0.05502770
    14    114      2    -1243.99171191        0.05502770
    14    115      2    -1251.34546871        0.05502770
    14    116      2    -1240.54048996        0.05502770
    14    117      2    -1219.39525653        0.05502770
    14    118      2    -1220.45321092        0.05502770
    14    119      2    -1213.57158854        0.05502770
    14    120      2    -1224.71123755        0.05502770
    14    121      2    -1216.06656554        0.05502770
    14    122      2    -1224.34300956        0.05502770
    14    123      2    -1219.06469906        0.05502770
    14    124      2    -1226.12660196        0.05502770
    14    125      2    -1220.45718373        0.05502770
    14    126      2    -1226.31252677        0.05502770
    14    127      2    -1218.64025051        0.05502770
    14    128      2    -1228.58300518        0.05502770
    14    129      2    -1223.52827198        0.05502770
    14    130      2    -1229.64096478        0.05502770
    14    131      2    -1224.48842474        0.05502770
    14    132      2    -1230.68752901        0.05502770
    14    133      2    -1228.41129990        0.05502770
    14    134      2    -1234.20148046        0.05502770
    14    135      2    -1230.08660533        0.05502770
    14    136      2    -1234.62044671        0.05502770
    14    137      2    -1232.46884438        0.05502770
    14    138      2    -1237.42659147        0.05502770
    14    139      2    -1234.91480475        0.05502770
    14    140      2    -1241.77115149        0.05502770
    14    141      2    -1241.66515961        0.05502770
    14    142      2    -1241.38873096        0.05502770
    14    143      2    -1242.97267227        0.05502770
    14    144      2    -1245.95325353        0.05502770
    14    145      2    -1243.82730375        0.05502770
    14    146      2    -1250.28036492        0.05502770
    14    147      2    -1246.89787707        0.05502770
    14    148      2    -1250.96290405        0.05502770
    14    149      2    -1252.62990337        0.05502770
    14    150      2    -1255.97884704        0.05502770
    14    151      2    -1258.15046940        0.05502770
    14    152      2    -1255.65677760        0.05502770
    14    153      2    -1261.29070310        0.05502770
    14    154      2    -1260.43225087        0.05502770
    14    155      2    -1260.74777894        0.05502770
    14    156      2    -1264.24103472        0.05502770
    14    157      2    -1261.35980159        0.05502770
    14    158      2    -1265.56291675        0.05502770
    14    159      2    -1259.97554192        0.05502770
    14    160      2    -1266.56036331        0.05502770
    14    161      2    -1263.08567629        0.05502770
    14    162      2    -1257.31178338        0.05502770
    14    163      2    -1261.41682361        0.05502770
    14    164      2    -1263.27328965        0.05502770
    14    165      2    -1256.98008862        0.05502770
    14    166      2    -1266.23694798        0.05502770
    14    167      2    -1257.67793941        0.05502770
    14    168      2    -1268.81776247        0.05502770
    14    169      2    -1256.91516655        0.05502770
    14    170      2    -1270.17778299        0.05502770
    14    171      2    -1245.29283191        0.05502770
    14    172      2    -1264.46452969        0.05502770
    14    173      2    -1255.56495347        0.05502770
    14    174      2    -1259.43699576        0.05502770
    14    175      2    -1254.68859091        0.05502770
    14    176      2    -1255.73359493        0.05502770
    14    177      2    -1257.24500303        0.05502770
    14    178      2    -1256.40783998        0.05502770
    14    179      2    -1257.96323804        0.05502770
    14    180      2    -1253.85727134        0.05502770
    14    181      2    -1257.18398531        0.05502770
    14    182      2    -1255.29586785        0.05502770
    14    183      2    -1267.30491469        0.05502770
    14    184      2    -1244.66791466        0.05502770
    14    185      2    -1263.44635592        0.05502770
    14    186      2    -1247.85130696        0.05502770
    14    187      2    -1255.54289245        0.05502770
    14    188      2    -1258.43114975        0.05502770
    14    189      2    -1240.54782819        0.05502770
    14    190      2    -1242.86645425        0.05502770
    14    191      2    -1244.81959686        0.05502770
    14    192      2    -1250.13327152        0.05502770
    14    193      2    -1212.16147357        0.05502770
    14    194      2    -1251.48655543        0.05502770
    14    195      2    -1220.61628047        0.05502770
    14    196      2    -1212.75913224        0.05502770
    14    197      2    -1210.01162037        0.05502770
    14    198      2    -1243.99171191        0.05502770
    14    199      2    -1243.99171191        0.05502770
    14    200      2    -1243.99171191        0.05502770
    14    201      2    -1243.99171191        0.05502770
    14    202      2    -1243.99171191        0.05502770
    14    203      2    -1243.99171191        0.05502770
    14    204      2    -1243.99171191        0.05502770
    14    205      2    -1243.99171191        0.05502770
    14    206      2    -1243.99171191        0.05502770
    14    207      2    -1243.99171191        0.05502770
    14    208      2    -1029.37724628        0.05502770
    14    209      2    -1050.14512720        0.05502770
    14    210      2    -1007.13217410        0.05502770
    14    211      2     -878.45546603        0.05502770
    15      0      2    -1242.80536701        0.05504839
    15      1      2    -1242.80536701        0.05504839
    15      2      2    -1242.80536701        0.05504839
    15      3      2    -1242.80536701        0.05504839
    15      4      2    -1179.46997106        0.05504839
    15      5      2    -1184.50896715        0.05504839
    15      6      2    -1190.66751726        0.05504839
    15      7      2    -1194.23236470        0.05504839
    15      8      2    -1203.29672738        0.05504839
    15      9      2    -1197.93069289        0.05504839
    15     10      2    -1227.16598869        0.05504839
    15     11      2    -1200.32289311        0.05504839
    15     12      2    -1228.24954295        0.05504839
    15     13      2    -1217.44774418        0.05504839
    15     14      2    -1225.39863137        0.05504839
    15     15      2    -1225.75282757        0.05504839
    15     16      2    -1227.66621745        0.05504839
    15     17      2    -1233.40502410        0.05504839
    15     18      2    -1230.16412568        0.05504839
    15     19      2    -1226.15511335        0.05504839
    15     20      2    -1247.64677533        0.05504839
    15     21      2    -1225.10217533        0.05504839
    15     22      2    -1231.28571140        0.05504839
    15     23      2    -1245.15178584        0.05504839
    15     24      2    -1211.46839074        0.05504839
    15     25      2    -1259.68553591        0.05504839
    15     26      2    -1226.07696663        0.05504839
    15     27      2    -1235.61209994        0.05504839
    15     28      2    -1250.76524307        0.05504839
    15     29      2    -1241.78032196        0.05504839
    15     30      2    -1232.56462799        0.05504839
    15     31      2    -1243.01286367        0.05504839
    15     32      2    -1243.27078342        0.05504839
    15     33      2    -1582.46169616        0.05504839
    15     34      2    -1247.23595157        0.05504839
    15     35      2    -1237.36551181        0.05504839
    15     36      2    -1243.53302101        0.05504839
    15     37      2    -1243.42215195        0.05504839
    15     38      2    -1234.31422911        0.05504839
    15     39      2    -1241.87490479        0.05504839
    15     40      2    -1245.10214922        0.05504839
    15     41      2    -1233.17147116        0.05504839
    15     42      2    -1254.35311697        0.05504839
    15     43      2    -1227.64410122        0.05504839
    15     44      2    -1249.32625235        0.05504839
    15     45      2    -1248.15076991        0.05504839
    15     46      2    -1235.07124892        0.05504839
    15     47      2    -1263.80963819        0.05504839
    15     48      2    -1234.14452372        0.05504839
    15     49      2    -1251.80791189        0.05504839
    15     50      2    -1250.54371439        0.05504839
    15     51      2    -1245.00078268        0.05504839
    15     52      2    -1255.13252781        0.05504839
    15     53      2    -1253.53986380        0.05504839
    15     54      2    -1254.79745261        0.05504839
    15     55      2    -1251.98819972        0.05504839
    15     56      2    -1255.31742365        0.05504839
    15     57      2    -1255.37234421        0.05504839
    15     58      2    -1270.18417082        0.05504839
    15     59      2    -1236.34710322        0.05504839
    15     60      2    -1279.35943822        0.05504839
    15     61      2    -1232.02263337        0.05504839
    15     62      2    -1266.98888666        0.05504839
    15     63      2    -1390.97028672        0.05504839
    15     64      2    -1265.41947636        0.05504839
    15     65      2    -1250.32693902        0.05504839
    15     66      2    -1402.14522422        0.05504839
    15     67      2    -1251.36528895        0.05504839
    15     68      2    -1225.63690852        0.05504839
    15     69      2    -1268.98629874        0.05504839
    15     70      2    -1258.76484357        0.05504839
    15     71      2    -1235.68304669        0.05504839
    15     72      2    -1269.08088371        0.05504839
    15     73      2    -1244.84257193        0.05504839
    15     74      2    -1261.83604094        0.05504839
    15     75      2    -1238.05730502        0.05504839
    15     76      2    -1256.45050814        0.05504839
    15     77      2    -1231.31048640        0.05504839
    15     78      2    -1344.92346287        0.05504839
    15     79      2    -1220.73836238        0.05504839
    15     80      2    -1245.59415289        0.05504839
    15     81      2    -1234.17414524        0.05504839
    15     82      2    -1247.93288724        0.05504839
    15     83      2    -1218.75767984        0.05504839
    15     84      2    -1246.89015068        0.05504839
    15     85      2    -1223.88382026        0.05504839
    15     86      2    -1237.56618517        0.05504839
    15     87      2    -1223.58469537        0.05504839
    15     88      2    -1231.10188642        0.05504839
    15     89      2    -1223.51897380        0.05504839
    15     90      2    -1226.69605355        0.05504839
    15     91      2    -1237.77979025        0.05504839
    15     92      2    -1242.80536701        0.05504839
    15     93      2    -1242.80536701        0.05504839
    15     94      2    -1242.80536701        0.05504839
    15     95      2    -1242.80536701        0.05504839
    15     96      2    -1242.80536701        0.05504839
    15     97      2    -1242.80536701        0.05504839
    15     98      2    -1242.80536701        0.05504839
    15     99      2    -1199.17277283        0.05504839
    15    100      2    -1237.61181239        0.05504839
    15    101      2    -1210.89734419        0.05504839
    15    102      2    -1221.76498037        0.05504839
    15    103      2    -1210.78730162        0.05504839
    15    104      2    -1218.33029663        0.05504839
    15    105      2    -1212.38169745        0.05504839
    15    106      2    -1217.39152289        0.05504839
    15    107      2    -1209.66000370        0.05504839
    15    108      2    -1209.80456911        0.05504839
    15    109      2    -1203.59584487        0.05504839
    15    110      2    -1208.38350257        0.05504839
    15    111      2    -1200.32303999        0.05504839
    15    112      2    -1200.97349056        0.05504839
    15    113      2    -1242.99888046        0.05504839
    15    114      2    -1124.18429115        0.05504839
    15    115      2    -1216.75216092        0.05504839
    15    116      2    -1242.80536701        0.05504839
    15    117      2    -1242.80536701        0.05504839
    15    118      2    -1242.80536701        0.05504839
    15    119      2    -1242.80536701        0.05504839
    15    120      2    -1242.80536701        0.05504839
    15    121      2    -1321.53503340        0.05504839
    15    122      2    -1230.69935863        0.05504839
    15    123      2    -1209.54234900        0.05504839
    15    124      2    -1217.52396810        0.05504839
    15    125      2    -1216.83074685        0.05504839
    15    126      2    -1217.51190596        0.05504839
    15    127      2    -1216.74650419        0.05504839
    15    128      2    -1216.30532403        0.05504839
    15    129      2    -1214.68379412        0.05504839
    15    130      2    -1218.43777605        0.05504839
    15    131      2    -1216.92070592        0.05504839
    15    132      2    -1218.08386657        0.05504839
    15    133      2    -1219.54130609        0.05504839
    15    134      2    -1218.65651273        0.05504839
    15    135      2    -1217.60213742        0.05504839
    15    136      2    -1222.07985258        0.05504839
    15    137      2    -1220.19300216        0.05504839
    15    138      2    -1222.40813419        0.05504839
    15    139      2    -1221.31220994        0.05504839
    15    140      2    -1223.71595099        0.05504839
    15    141      2    -1224.95025794        0.05504839
    15    142      2    -1225.28437293        0.05504839
    15    143      2    -1229.99128414        0.05504839
    15    144      2    -1228.58111397        0.05504839
    15    145      2    -1233.27980178        0.05504839
    15    146      2    -1235.85764938        0.05504839
    15    147      2    -1233.58567385        0.05504839
    15    148      2    -1237.97174167        0.05504839
    15    149      2    -1233.79255248        0.05504839
    15    150      2    -1246.07566422        0.05504839
    15    151      2    -1234.68404099        0.05504839
    15    152      2    -1247.39184112        0.05504839
    15    153      2    -1242.00880714        0.05504839
    15    154      2    -1247.52543063        0.05504839
    15    155      2    -1247.14297783        0.05504839
    15    156      2    -1247.33631790        0.05504839
    15    157      2    -1244.72051025        0.05504839
    15    158      2    -1245.68139113        0.05504839
    15    159      2    -1249.20428642        0.05504839
    15    160      2    -1252.34104939        0.05504839
    15    161      2    -1248.67452900        0.05504839
    15    162      2    -1257.65637367        0.05504839
    15    163      2    -1250.20015761        0.05504839
    15    164      2    -1256.20628050        0.05504839
    15    165      2    -1254.50950426        0.05504839
    15    166      2    -1254.29439765        0.05504839
    15    167      2    -1253.89876836        0.05504839
    15    168      2    -1255.94688653        0.05504839
    15    169      2    -1251.50465657        0.05504839
    15    170      2    -1258.94145877        0.05504839
    15    171      2    -1247.26634257        0.05504839
    15    172      2    -1259.36854428        0.05504839
    15    173      2    -1243.24326127        0.05504839
    15    174      2    -1264.35639753        0.05504839
    15    175      2    -1238.92360197        0.05504839
    15    176      2    -1260.75799926        0.05504839
    15    177      2    -1245.91456139        0.05504839
    15    178      2    -1257.39668980        0.05504839
    15    179      2    -1245.46456631        0.05504839
    15    180      2    -1258.36066045        0.05504839
    15    181      2    -1243.10637556        0.05504839
    15    182      2    -1255.50892145        0.05504839
    15    183      2    -1243.70021329        0.05504839
    15    184      2    -1259.52900697        0.05504839
    15    185      2    -1241.90750285        0.05504839
    15    186      2    -1259.83916206        0.05504839
    15    187      2    -1248.62682283        0.05504839
    15    188      2    -1254.04247157        0.05504839
    15    189      2    -1234.99809177        0.05504839
    15    190      2    -1258.86363116        0.05504839
    15    191      2    -1233.84589258        0.05504839
    15    192      2    -1248.67953680        0.05504839
    15    193      2    -1249.58149535        0.05504839
    15    194      2    -1237.38196344        0.05504839
    15    195      2    -1236.62057607        0.05504839
    15    196      2    -1242.11341806        0.05504839
    15    197      2    -1232.40260210        0.05504839
    15    198      2    -1243.28964761        0.05504839
    15    199      2    -1216.30857130        0.05504839
    15    200      2    -1227.78957264        0.05504839
    15    201      2    -1192.15642111        0.05504839
    15    202      2    -1256.06320227        0.05504839
    15    203      2    -1178.59921661        0.05504839
    15    204      2    -1199.76713102        0.05504839
    15    205      2    -1177.10318768        0.05504839
    15    206      2    -1174.85674475        0.05504839
    15    207      2    -1120.67800453        0.05504839
    15    208      2    -1149.28212859        0.05504839
    15    209      2    -1091.99297899        0.05504839
    15    210      2    -1242.80536701        0.05504839
    15    211      2    -1242.80536701        0.05504839
    15    212      2    -1242.80536701        0.05504839
    15    213      2    -1242.80536701        0.05504839
    16      0      2    -1133.85343542        0.05499337
    16      1      2    -1197.09038725        0.05499337
    16      2      2    -1174.26314047        0.05499337
    16      3      2    -1218.36008408        0.05499337
    16      4      2    -1207.02525683        0.05499337
    16      5      2    -1242.01538651        0.05499337
    16      6      2    -1240.57675118        0.05499337
    16      7      2    -1242.09165100        0.05499337
    16      8      2    -1263.25353812        0.05499337
    16      9      2    -1255.72272828        0.05499337
    16     10      2    -1271.00645070        0.05499337
    16     11      2    -1274.82236581        0.05499337
    16     12      2    -1278.11819581        0.05499337
    16     13      2    -1290.96844443        0.05499337
    16     14      2    -1271.41465958        0.05499337
    16     15      2    -1300.54802061        0.05499337
    16     16      2    -1288.34052549        0.05499337
    16     17      2    -1288.28625824        0.05499337
    16     18      2    -1293.75232335        0.05499337
    16     19      2    -1300.98407874        0.05499337
    16     20      2    -1288.54096513        0.05499337
    16     21      2    -1292.53518283        0.05499337
    16     22      2    -1303.55098118        0.05499337
    16     23      2    -1296.57073025        0.05499337
    16     24      2    -1302.70472163        0.05499337
    16     25      2    -1306.46160631        0.05499337
    16     26      2    -1291.98300666        0.05499337
    16     27      2    -1309.42316189        0.05499337
    16     28      2    -1305.88931852        0.05499337
    16     29      2    -1298.27382568        0.05499337
    16     30      2    -1301.39517880        0.05499337
    16     31      2    -1302.67004619        0.05499337
    16     32      2    -1298.77783225        0.05499337
    16     33      2    -1314.52731684        0.05499337
    16     34      2    -1292.25232145        0.05499337
    16     35      2    -1307.47782829        0.05499337
    16     36      2    -1309.87061573        0.05499337
    16     37      2    -1300.34048234        0.05499337
    16     38      2    -1288.40290380        0.05499337
    16     39      2    -1332.16895275        0.05499337
    16     40      2    -1270.40586779        0.05499337
    16     41      2    -1331.15071612        0.05499337
    16     42      2    -1286.24550567        0.05499337
    16     43      2    -1304.39960599        0.05499337
    16     44      2    -1317.68971346        0.05499337
    16     45      2    -1293.13578542        0.05499337
    16     46      2    -1313.21250257        0.05499337
    16     47      2    -1321.90881289        0.05499337
    16     48      2    -1294.14641582        0.05499337
    16     49      2    -1336.69867981        0.05499337
    16     50      2    -1304.08718405        0.05499337
    16     51      2    -1317.42935325        0.05499337
    16     52      2    -1309.73545410        0.05499337
    16     53      2    -1309.70114134        0.05499337
    16     54      2    -1311.80355997        0.05499337
    16     55      2    -1318.26212360        0.05499337
    16     56      2    -1323.68515634        0.05499337
    16     57      2    -1301.61315212        0.05499337
    16     58      2    -1341.33911061        0.05499337
    16     59      2    -1306.91483221        0.05499337
    16     60      2    -1310.62660951        0.05499337
    16     61      2    -1333.10107454        0.05499337
    16     62      2    -1322.92451877        0.05499337
    16     63      2    -1315.56080478        0.05499337
    16     64      2    -1334.86763311        0.05499337
    16     65      2    -1306.20695178        0.05499337
    16     66      2    -1328.90803300        0.05499337
    16     67      2    -1310.12384278        0.05499337
    16     68      2    -1328.35578274        0.05499337
    16     69      2    -1326.35048333        0.05499337
    16     70      2    -1321.31734401        0.05499337
    16     71      2    -1321.40565539        0.05499337
    16     72      2    -1326.48685216        0.05499337
    16     73      2    -1311.33892414        0.05499337
    16     74      2    -1318.21957339        0.05499337
    16     75      2    -1306.62435666        0.05499337
    16     76      2    -1299.83231638        0.05499337
    16     77      2    -1387.51741479        0.05499337
    16     78      2    -1297.81377582        0.05499337
    16     79      2    -1298.36974836        0.05499337
    16     80      2    -1313.95336999        0.05499337
    16     81      2    -1297.26947249        0.05499337
    16     82      2    -1303.50275194        0.05499337
    16     83      2    -1289.36306958        0.05499337
    16     84      2    -1301.98786389        0.05499337
    16     85      2    -1290.07711002        0.05499337
    16     86      2    -1292.35477963        0.05499337
    16     87      2    -1290.01944523        0.05499337
    16     88      2    -1286.26177532        0.05499337
    16     89      2    -1283.24274810        0.05499337
    16     90      2    -1285.14863506        0.05499337
    16     91      2    -1290.65757928        0.05499337
    16     92      2    -1237.74977808        0.05499337
    16     93      2    -1237.74977808        0.05499337
    16     94      2    -1237.74977808        0.05499337
    16     95      2    -1237.74977808        0.05499337
    16     96      2    -1237.74977808        0.05499337
    16     97      2    -1237.74977808        0.05499337
    16     98      2    -1320.53135022        0.05499337
    16     99      2    -1274.27676722        0.05499337
    16    100      2    -1273.79886347        0.05499337
    16    101      2    -1271.07013814        0.05499337
    16    102      2    -1270.81183945        0.05499337
    16    103      2    -1266.17939764        0.05499337
    16    104      2    -1268.00121089        0.05499337
    16    105      2    -1271.17648133        0.05499337
    16    106      2    -1278.92177020        0.05499337
    16    107      2    -1264.86951978        0.05499337
    16    108      2    -1264.83626360        0.05499337
    16    109      2    -1265.48804384        0.05499337
    16    110      2    -1275.06684995        0.05499337
    16    111      2    -1274.59516165        0.05499337
    16    112      2    -1280.27387191        0.05499337
    16    113      2    -1277.62180361        0.05499337
    16    114      2    -1276.80281549        0.05499337
    16    115      2    -1276.09237477        0.05499337
    16    116      2    -1278.43230948        0.05499337
    16    117      2    -1276.30578539        0.05499337
    16    118      2    -1277.69266794        0.05499337
    16    119      2    -1273.16814628        0.05499337
    16    120      2    -1323.46906957        0.05499337
    16    121      2    -1213.04424839        0.05499337
    16    122      2    -1237.74977808        0.05499337
    16    123      2    -1237.74977808        0.05499337
    16    124      2    -1237.74977808        0.05499337
    16    125      2    -1237.74977808        0.05499337
    16    126      2    -1237.74977808        0.05499337
    16    127      2    -1237.74977808        0.05499337
    16    128      2    -1299.14776498        0.05499337
    16    129      2    -1283.23589803        0.05499337
    16    130      2    -1286.33965168        0.05499337
    16    131      2    -1285.32612366        0.05499337
    16    132      2    -1287.93475598        0.05499337
    16    133      2    -1286.35613714        0.05499337
    16    134      2    -1288.60393968        0.05499337
    16    135      2    -1287.15991125        0.05499337
    16    136      2    -1288.07599598        0.05499337
    16    137      2    -1290.81264180        0.05499337
    16    138      2    -1289.72250293        0.05499337
    16    139      2    -1289.60059638        0.05499337
    16    140      2    -1287.96156737        0.05499337
    16    141      2    -1287.61242572        0.05499337
    16    142      2    -1289.21912936        0.05499337
    16    143      2    -1290.25610876        0.05499337
    16    144      2    -1292.25027578        0.05499337
    16    145      2    -1292.35360976        0.05499337
    16    146      2    -1294.33620204        0.05499337
    16    147      2    -1295.16841366        0.05499337
    16    148      2    -1295.71445919        0.05499337
    16    149      2    -1297.01627129        0.05499337
    16    150      2    -1299.17925832        0.05499337
    16    151      2    -1299.96165308        0.05499337
    16    152      2    -1303.47841817        0.05499337
    16    153      2    -1302.69952591        0.05499337
    16    154      2    -1301.55112818        0.05499337
    16    155      2    -1307.38830131        0.05499337
    16    156      2    -1303.34326817        0.05499337
    16    157      2    -1307.83232118        0.05499337
    16    158      2    -1304.17490966        0.05499337
    16    159      2    -1309.21930218        0.05499337
    16    160      2    -1308.25496848        0.05499337
    16    161      2    -1310.63765892        0.05499337
    16    162      2    -1305.25767855        0.05499337
    16    163      2    -1237.74977808        0.05499337
    16    164      2    -1306.16149587        0.05499337
    16    165      2    -1310.10212129        0.05499337
    16    166      2    -1306.41000867        0.05499337
    16    167      2    -1310.92014413        0.05499337
    16    168      2    -1313.78264832        0.05499337
    16    169      2    -1310.19458500        0.05499337
    16    170      2    -1312.55032416        0.05499337
    16    171      2    -1237.74977808        0.05499337
    16    172      2    -1309.77363748        0.05499337
    16    173      2    -1315.97924803        0.05499337
    16    174      2    -1309.15139180        0.05499337
    16    175      2    -1308.02692934        0.05499337
    16    176      2    -1313.41494320        0.05499337
    16    177      2    -1312.65593177        0.05499337
    16    178      2    -1311.32411450        0.05499337
    16    179      2    -1311.18054978        0.05499337
    16    180      2    -1300.40368382        0.05499337
    16    181      2    -1312.96418340        0.05499337
    16    182      2    -1303.40084278        0.05499337
    16    183      2    -1300.16214173        0.05499337
    16    184      2    -1317.46095454        0.05499337
    16    185      2    -1299.61530542        0.05499337
    16    186      2    -1305.11824728        0.05499337
    16    187      2    -1315.56235778        0.05499337
    16    188      2    -1293.99663216        0.05499337
    16    189      2    -1305.10988169        0.05499337
    16    190      2    -1301.97528352        0.05499337
    16    191      2    -1295.94914115        0.05499337
    16    192      2    -1308.62557557        0.05499337
    16    193      2    -1289.10456400        0.05499337
    16    194      2    -1303.01629374        0.05499337
    16    195      2    -1293.57181093        0.05499337
    16    196      2    -1297.78483720        0.05499337
    16    197      2    -1301.99216082        0.05499337
    16    198      2    -1284.71270176        0.05499337
    16    199      2    -1291.22287584        0.05499337
    16    200      2    -1295.98655344        0.05499337
    16    201      2    -1293.50840697        0.05499337
    16    202      2    -1286.39540233        0.05499337
    16    203      2    -1278.79577849        0.05499337
    16    204      2    -1308.09912634        0.05499337
    16    205      2    -1263.21715372        0.05499337
    16    206      2    -1284.45753241        0.05499337
    16    207      2    -1271.03770245        0.05499337
    16    208      2    -1273.75972453        0.05499337
    16    209      2    -1257.21312548        0.05499337
    16    210      2    -1233.97607075        0.05499337
    16    211      2    -1271.96270928        0.05499337
    16    212      2    -1204.52486419        0.05499337
    16    213      2    -1220.91128561        0.05499337
    16    214      2    -1177.79173108        0.05499337
    16    215      2    -1155.82776923        0.05499337
    16    216      2    -1065.51328431        0.05499337
    16    217      2    -1128.36272158        0.05499337
    16    218      2    -1050.52049150        0.05499337
    16    219      2    -1237.74977808        0.05499337
    17      0      2    -1067.53147946        0.05498022
    17      1      2    -1211.26607606        0.05498022
    17      2      2    -1185.05432996        0.05498022
    17      3      2    -1191.57281268        0.05498022
    17      4      2    -1253.74496006        0.05498022
    17      5      2    -1228.58583523        0.05498022
    17      6      2    -1245.53023628        0.05498022
    17      7      2    -1250.97341919        0.05498022
    17      8      2    -1263.27418864        0.05498022
    17      9      2    -1273.50048484        0.05498022
    17     10      2    -1272.38071964        0.05498022
    17     11      2    -1274.60786873        0.05498022
    17     12      2    -1275.61066348        0.05498022
    17     13      2    -1275.43715875        0.05498022
    17     14      2    -1289.22269746        0.05498022
    17     15      2    -1279.51778395        0.05498022
    17     16      2    -1286.61182174        0.05498022
    17     17      2    -1290.77627723        0.05498022
    17     18      2    -1286.77683553        0.05498022
    17     19      2    -1287.85554359        0.05498022
    17     20      2    -1297.68695673        0.05498022
    17     21      2    -1286.16146580        0.05498022
    17     22      2    -1318.74661209        0.05498022
    17     23      2    -1253.23952305        0.05498022
    17     24      2    -1321.94678694        0.05498022
    17     25      2    -1280.21755604        0.05498022
    17     26      2    -1306.12199501        0.05498022
    17     27      2    -1300.53326718        0.05498022
    17     28      2    -1290.75112104        0.05498022
    17     29      2    -1307.83858848        0.05498022
    17     30      2    -1298.76592090        0.05498022
    17     31      2    -1292.27696274        0.05498022
    17     32      2    -1306.51903445        0.05498022
    17     33      2    -1296.10927429        0.05498022
    17     34      2    -1300.47268131        0.05498022
    17     35      2    -1311.29478674        0.05498022
    17     36      2    -1296.46450221        0.05498022
    17     37      2    -1311.39979231        0.05498022
    17     38      2    -1296.13843267        0.05498022
    17     39      2    -1314.61836233        0.05498022
    17     40      2    -1293.99889644        0.05498022
    17     41      2    -1313.81014832        0.05498022
    17     42      2    -1293.63283706        0.05498022
    17     43      2    -1313.55401510        0.05498022
    17     44      2    -1311.71739288        0.05498022
    17     45      2    -1280.67156635        0.05498022
    17     46      2    -1329.44999536        0.05498022
    17     47      2    -1297.80549122        0.05498022
    17     48      2    -1309.57493078        0.05498022
    17     49      2    -1313.22449717        0.05498022
    17     50      2    -1316.09143448        0.05498022
    17     51      2    -1306.45729391        0.05498022
    17     52      2    -1318.10776985        0.05498022
    17     53      2    -1326.52985963        0.05498022
    17     54      2    -1282.88032108        0.05498022
    17     55      2    -1339.83961183        0.05498022
    17     56      2    -1310.28995161        0.05498022
    17     57      2    -1237.41779316        0.05498022
    17     58      2    -1320.86821992        0.05498022
    17     59      2    -1312.70994214        0.05498022
    17     60      2    -1319.19890742        0.05498022
    17     61      2    -1323.45863655        0.05498022
    17     62      2    -1333.00960764        0.05498022
    17     63      2    -1320.35449363        0.05498022
    17     64      2    -1336.85095176        0.05498022
    17     65      2    -1318.63304928        0.05498022
    17     66      2    -1327.73709415        0.05498022
    17     67      2    -1336.43944613        0.05498022
    17     68      2    -1315.92247772        0.05498022
    17     69      2    -1351.37596176        0.05498022
    17     70      2    -1304.55065410        0.05498022
    17     71      2    -1346.63500548        0.05498022
    17     72      2    -1315.21981102        0.05498022
    17     73      2    -1324.19874969        0.05498022
    17     74      2    -1328.00264783        0.05498022
    17     75      2    -1327.31353865        0.05498022
    17     76      2    -1327.79258476        0.05498022
    17     77      2    -1308.13776873        0.05498022
    17     78      2    -1334.57490042        0.05498022
    17     79      2    -1306.56492734        0.05498022
    17     80      2    -1312.64232898        0.05498022
    17     81      2    -1308.15268888        0.05498022
    17     82      2    -1307.47512951        0.05498022
    17     83      2    -1310.08002725        0.05498022
    17     84      2    -1296.43217026        0.05498022
    17     85      2    -1301.26135059        0.05498022
    17     86      2    -1302.67111342        0.05498022
    17     87      2    -1292.50523055        0.05498022
    17     88      2    -1290.76159410        0.05498022
    17     89      2    -1295.64600913        0.05498022
    17     90      2    -1237.41779316        0.05498022
    17     91      2    -1237.41779316        0.05498022
    17     92      2    -1237.41779316        0.05498022
    17     93      2    -1237.41779316        0.05498022
    17     94      2    -1237.41779316        0.05498022
    17     95      2    -1237.41779316        0.05498022
    17     96      2    -1237.41779316        0.05498022
    17     97      2    -1302.41328159        0.05498022
    17     98      2    -1280.03860152        0.05498022
    17     99      2    -1281.17586381        0.05498022
    17    100      2    -1280.45042469        0.05498022
    17    101      2    -1280.01181789        0.05498022
    17    102      2    -1280.00970983        0.05498022
    17    103      2    -1276.19620055        0.05498022
    17    104      2    -1275.88137991        0.05498022
    17    105      2    -1273.39555510        0.05498022
    17    106      2    -1276.96157284        0.05498022
    17    107      2    -1284.12750163        0.05498022
    17    108      2    -1285.33921516        0.05498022
    17    109      2    -1278.38790525        0.05498022
    17    110      2    -1276.33984323        0.05498022
    17    111      2    -1272.17095995        0.05498022
    17    112      2    -1267.28922805        0.05498022
    17    113      2    -1266.92494688        0.05498022
    17    114      2    -1272.38370189        0.05498022
    17    115      2    -1272.72418493        0.05498022
    17    116      2    -1271.25887422        0.05498022
    17    117      2    -1267.39466478        0.05498022
    17    118      2    -1268.97882115        0.05498022
    17    119      2    -1268.84540605        0.05498022
    17    120      2    -1270.06257518        0.05498022
    17    121      2    -1267.85333999        0.05498022
    17    122      2    -1270.78497625        0.05498022
    17    123      2    -1272.11758652        0.05498022
    17    124      2    -1269.85356213        0.05498022
    17    125      2    -1270.80099200        0.05498022
    17    126      2    -1263.42073872        0.05498022
    17    127      2    -1408.32422364        0.05498022
    17    128      2    -1237.41779316        0.05498022
    17    129      2    -1237.41779316        0.05498022
    17    130      2    -1237.41779316        0.05498022
    17    131      2    -1237.41779316        0.05498022
    17    132      2    -1237.41779316        0.05498022
    17    133      2    -1237.41779316        0.05498022
    17    134      2    -1292.42659093        0.05498022
    17    135      2    -1289.72846491        0.05498022
    17    136      2    -1285.27474604        0.05498022
    17    137      2    -1283.45133344        0.05498022
    17    138      2    -1287.52285335        0.05498022
    17    139      2    -1287.38647612        0.05498022
    17    140      2    -1288.59697963        0.05498022
    17    141      2    -1285.64690091        0.05498022
    17    142      2    -1288.05688697        0.05498022
    17    143      2    -1284.46725619        0.05498022
    17    144      2    -1286.06689996        0.05498022
    17    145      2    -1282.91512197        0.05498022
    17    146      2    -1286.20005720        0.05498022
    17    147      2    -1287.36866097        0.05498022
    17    148      2    -1290.06660925        0.05498022
    17    149      2    -1293.13927009        0.05498022
    17    150      2    -1297.45912438        0.05498022
    17    151      2    -1300.48278549        0.05498022
    17    152      2    -1296.94236153        0.05498022
    17    153      2    -1302.32618566        0.05498022
    17    154      2    -1303.15020931        0.05498022
    17    155      2    -1302.71691536        0.05498022
    17    156      2    -1306.47254780        0.05498022
    17    157      2    -1306.08876313        0.05498022
    17    158      2    -1305.24405807        0.05498022
    17    159      2    -1304.78915315        0.05498022
    17    160      2    -1309.87896984        0.05498022
    17    161      2    -1304.66069159        0.05498022
    17    162      2    -1313.27434199        0.05498022
    17    163      2    -1305.09476813        0.05498022
    17    164      2    -1314.78172477        0.05498022
    17    165      2    -1310.69448742        0.05498022
    17    166      2    -1312.52135497        0.05498022
    17    167      2    -1309.20323134        0.05498022
    17    168      2    -1311.86381162        0.05498022
    17    169      2    -1312.02519737        0.05498022
    17    170      2    -1306.36585737        0.05498022
    17    171      2    -1320.89685605        0.05498022
    17    172      2    -1309.27626997        0.05498022
    17    173      2    -1314.54753182        0.05498022
    17    174      2    -1316.59202046        0.05498022
    17    175      2    -1319.99462053        0.05498022
    17    176      2    -1308.80464572        0.05498022
    17    177      2    -1317.52879272        0.05498022
    17    178      2    -1312.29761308        0.05498022
    17    179      2    -1315.43318531        0.05498022
    17    180      2    -1311.14663167        0.05498022
    17    181      2    -1319.13189360        0.05498022
    17    182      2    -1310.23879978        0.05498022
    17    183      2    -1319.56895064        0.05498022
    17    184      2    -1306.60576340        0.05498022
    17    185      2    -1333.77376785        0.05498022
    17    186      2    -1297.52272627        0.05498022
    17    187      2    -1313.35413374        0.05498022
    17    188      2    -1305.51426910        0.05498022
    17    189      2    -1308.61480996        0.05498022
    17    190      2    -1306.32853919        0.05498022
    17    191      2    -1302.21471285        0.05498022
    17    192      2    -1309.91961653        0.05498022
    17    193      2    -1301.79196847        0.05498022
    17    194      2    -1302.26658707        0.05498022
    17    195      2    -1304.85285257        0.05498022
    17    196      2    -1302.78466309        0.05498022
    17    197      2    -1300.48788193        0.05498022
    17    198      2    -1295.97627136        0.05498022
    17    199      2    -1308.47795004        0.05498022
    17    200      2    -1286.84613625        0.05498022
    17    201      2    -1307.04038647        0.05498022
    17    202      2    -1289.70057617        0.05498022
    17    203      2    -1314.46923031        0.05498022
    17    204      2    -1286.76233859        0.05498022
    17    205      2    -1304.00792170        0.05498022
    17    206      2    -1292.87974861        0.05498022
    17    207      2    -1301.03636691        0.05498022
    17    208      2    -1283.05229098        0.05498022
    17    209      2    -1299.42855789        0.05498022
    17    210      2    -1297.91568193        0.05498022
    17    211      2    -1271.98053061        0.05498022
    17    212      2    -1302.43165225        0.05498022
    17    213      2    -1286.31865390        0.05498022
    17    214      2    -1266.45637387        0.05498022
    17    215      2    -1275.41511525        0.05498022
    17    216      2    -1248.83788361        0.05498022
    17    217      2    -1258.47934163        0.05498022
    17    218      2    -1220.89530737        0.05498022
    17    219      2    -1228.73457270        0.05498022
    17    220      2    -1184.04144123        0.05498022
    17    221      2    -1149.56571825        0.05498022
    17    222      2    -1146.60305142        0.05498022
    17    223      2    -1050.62670127        0.05498022
    18      0      2    -1119.02521768        0.05496331
    18      1      2    -1131.24591491        0.05496331
    18      2      2    -1137.27685163        0.05496331
    18      3      2    -1201.07938199        0.05496331
    18      4      2    -1184.74983068        0.05496331
    18      5      2    -1211.24700224        0.05496331
    18      6      2    -1206.50484728        0.05496331
    18      7      2    -1228.12743252        0.05496331
    18      8      2    -1223.53922344        0.05496331
    18      9      2    -1234.09140813        0.05496331
    18     10      2    -1236.12425519        0.05496331
    18     11      2    -1244.24920968        0.05496331
    18     12      2    -1232.46536358        0.05496331
    18     13      2    -1254.88398806        0.05496331
    18     14      2    -1231.55357752        0.05496331
    18     15      2    -1246.49132708        0.05496331
    18     16      2    -1248.74018160        0.05496331
    18     17      2    -1232.66707354        0.05496331
    18     18      2    -1262.38790255        0.05496331
    18     19      2    -1248.22249748        0.05496331
    18     20      2    -1239.49658248        0.05496331
    18     21      2    -1272.97352938        0.05496331
    18     22      2    -1237.29110085        0.05496331
    18     23      2    -1260.67786870        0.05496331
    18     24      2    -1272.10890056        0.05496331
    18     25      2    -1245.77014281        0.05496331
    18     26      2    -1271.15264080        0.05496331
    18     27      2    -1252.99132006        0.05496331
    18     28      2    -1251.22476915        0.05496331
    18     29      2    -1267.96106115        0.05496331
    18     30      2    -1248.46302758        0.05496331
    18     31      2    -1281.64155228        0.05496331
    18     32      2    -1249.75670144        0.05496331
    18     33      2    -1277.23305856        0.05496331
    18     34      2    -1267.89894663        0.05496331
    18     35      2    -1250.54558738        0.05496331
    18     36      2    -1269.85159435        0.05496331
    18     37      2    -1276.58418435        0.05496331
    18     38      2    -1228.51879867        0.05496331
    18     39      2    -1303.70450043        0.05496331
    18     40      2    -1251.77518958        0.05496331
    18     41      2    -1260.91981790        0.05496331
    18     42      2    -1275.45999810        0.05496331
    18     43      2    -1264.27721204        0.05496331
    18     44      2    -1262.09074143        0.05496331
    18     45      2    -1277.76168774        0.05496331
    18     46      2    -1280.44989871        0.05496331
    18     47      2    -1256.74506086        0.05496331
    18     48      2    -1296.03328841        0.05496331
    18     49      2    -1266.34631482        0.05496331
    18     50      2    -1273.81786087        0.05496331
    18     51      2    -1283.69840828        0.05496331
    18     52      2    -1275.34818109        0.05496331
    18     53      2    -1272.74335353        0.05496331
    18     54      2    -1282.86921238        0.05496331
    18     55      2    -1268.44404291        0.05496331
    18     56      2    -1281.01017164        0.05496331
    18     57      2    -1280.80207637        0.05496331
    18     58      2    -1285.81613499        0.05496331
    18     59      2    -1249.01152352        0.05496331
    18     60      2    -1279.65939714        0.05496331
    18     61      2    -1287.28571102        0.05496331
    18     62      2    -1291.86681002        0.05496331
    18     63      2    -1275.45826471        0.05496331
    18     64      2    -1311.83577640        0.05496331
    18     65      2    -1280.54885436        0.05496331
    18     66      2    -1296.95803916        0.05496331
    18     67      2    -1296.50113152        0.05496331
    18     68      2    -1395.85428876        0.05496331
    18     69      2    -1299.57349014        0.05496331
    18     70      2    -1289.65248107        0.05496331
    18     71      2    -1302.39754736        0.05496331
    18     72      2    -1295.00519095        0.05496331
    18     73      2    -1284.81879215        0.05496331
    18     74      2    -1302.14700231        0.05496331
    18     75      2    -1293.45917693        0.05496331
    18     76      2    -1287.74883947        0.05496331
    18     77      2    -1284.22604482        0.05496331
    18     78      2    -1285.01499563        0.05496331
    18     79      2    -1276.50925686        0.05496331
    18     80      2    -1268.89180847        0.05496331
    18     81      2    -1266.17967048        0.05496331
    18     82      2    -1272.08239448        0.05496331
    18     83      2    -1269.02002829        0.05496331
    18     84      2    -1259.57230291        0.05496331
    18     85      2    -1258.03884127        0.05496331
    18     86      2    -1259.36347888        0.05496331
    18     87      2    -1254.88588026        0.05496331
    18     88      2    -1251.26903055        0.05496331
    18     89      2    -1265.67012787        0.05496331
    18     90      2    -1236.68646118        0.05496331
    18     91      2    -1236.68646118        0.05496331
    18     92      2    -1236.68646118        0.05496331
    18     93      2    -1236.68646118        0.05496331
    18     94      2    -1236.68646118        0.05496331
    18     95      2    -1236.68646118        0.05496331
    18     96      2    -1236.68646118        0.05496331
    18     97      2    -1237.56406690        0.05496331
    18     98      2    -1236.08410310        0.05496331
    18     99      2    -1249.78848645        0.05496331
    18    100      2    -1232.97722000        0.05496331
    18    101      2    -1246.39172624        0.05496331
    18    102      2    -1237.80684795        0.05496331
    18    103      2    -1242.75183855        0.05496331
    18    104      2    -1229.24757455        0.05496331
    18    105      2    -1236.85957295        0.05496331
    18    106      2    -1232.13933766        0.05496331
    18    107      2    -1238.41582380        0.05496331
    18    108      2    -1230.98749068        0.05496331
    18    109      2    -1236.25902227        0.05496331
    18    110      2    -1221.58970760        0.05496331
    18    111      2    -1238.19302482        0.05496331
    18    112      2    -1228.44286928        0.05496331
    18    113      2    -1233.83167211        0.05496331
    18    114      2    -1229.45494390        0.05496331
    18    115      2    -1236.96140187        0.05496331
    18    116      2    -1221.30577558        0.05496331
    18    117      2    -1242.96961488        0.05496331
    18    118      2    -1223.36242951        0.05496331
    18    119      2    -1240.81225636        0.05496331
    18    120      2    -1221.08231221        0.05496331
    18    121      2    -1237.08778557        0.05496331
    18    122      2    -1220.32384881        0.05496331
    18    123      2    -1238.40102542        0.05496331
    18    124      2    -1218.66033873        0.05496331
    18    125      2    -1235.78920737        0.05496331
    18    126      2    -1219.14701479        0.05496331
    18    127      2    -1231.42195147        0.05496331
    18    128      2    -1220.28345436        0.05496331
    18    129      2    -1243.32102526        0.05496331
    18    130      2    -1225.23258131        0.05496331
    18    131      2    -1242.54873979        0.05496331
    18    132      2    -1223.65119809        0.05496331
    18    133      2    -1246.35814805        0.05496331
    18    134      2    -1236.70045189        0.05496331
    18    135      2    -1236.68646118        0.05496331
    18    136      2    -1236.68646118        0.05496331
    18    137      2    -1236.68646118        0.05496331
    18    138      2    -1236.68646118        0.05496331
    18    139      2    -1236.68646118        0.05496331
    18    140      2    -1236.68646118        0.05496331
    18    141      2    -1236.68646118        0.05496331
    18    142      2    -1239.93521656        0.05496331
    18    143      2    -1254.97117414        0.05496331
    18    144      2    -1231.56381480        0.05496331
    18    145      2    -1255.24308931        0.05496331
    18    146      2    -1232.95494023        0.05496331
    18    147      2    -1255.44936832        0.05496331
    18    148      2    -1232.76449555        0.05496331
    18    149      2    -1256.57566522        0.05496331
    18    150      2    -1234.94047207        0.05496331
    18    151      2    -1258.74454877        0.05496331
    18    152      2    -1233.26639052        0.05496331
    18    153      2    -1260.17305996        0.05496331
    18    154      2    -1232.86746564        0.05496331
    18    155      2    -1264.84807293        0.05496331
    18    156      2    -1232.25246492        0.05496331
    18    157      2    -1266.66613034        0.05496331
    18    158      2    -1239.33495700        0.05496331
    18    159      2    -1268.45119441        0.05496331
    18    160      2    -1243.27244246        0.05496331
    18    161      2    -1264.47688777        0.05496331
    18    162      2    -1240.63058371        0.05496331
    18    163      2    -1268.40420211        0.05496331
    18    164      2    -1240.81159547        0.05496331
    18    165      2    -1269.91843623        0.05496331
    18    166      2    -1239.71810397        0.05496331
    18    167      2    -1275.48571053        0.05496331
    18    168      2    -1240.18208853        0.05496331
    18    169      2    -1277.44699033        0.05496331
    18    170      2    -1245.26738771        0.05496331
    18    171      2    -1275.04743378        0.05496331
    18    172      2    -1247.86836697        0.05496331
    18    173      2    -1272.80076767        0.05496331
    18    174      2    -1249.27627006        0.05496331
    18    175      2    -1270.34526250        0.05496331
    18    176      2    -1246.92345548        0.05496331
    18    177      2    -1269.16320608        0.05496331
    18    178      2    -1247.87128468        0.05496331
    18    179      2    -1267.59769258        0.05496331
    18    180      2    -1248.37191624        0.05496331
    18    181      2    -1264.99095537        0.05496331
    18    182      2    -1245.55696847        0.05496331
    18    183      2    -1274.61708711        0.05496331
    18    184      2    -1240.80676314        0.05496331
    18    185      2    -1272.66043110        0.05496331
    18    186      2    -1243.48792832        0.05496331
    18    187      2    -1272.32245590        0.05496331
    18    188      2    -1242.39878391        0.05496331
    18    189      2    -1271.92599665        0.05496331
    18    190      2    -1235.10932168        0.05496331
    18    191      2    -1271.96473247        0.05496331
    18    192      2    -1238.61668579        0.05496331
    18    193      2    -1257.96062248        0.05496331
    18    194      2    -1247.93660185        0.05496331
    18    195      2    -1252.89569289        0.05496331
    18    196      2    -1249.23080359        0.05496331
    18    197      2    -1243.74162550        0.05496331
    18    198      2    -1240.69284564        0.05496331
    18    199      2    -1256.20722172        0.05496331
    18    200      2    -1237.51263641        0.05496331
    18    201      2    -1239.67954572        0.05496331
    18    202      2    -1239.28653219        0.05496331
    18    203      2    -1249.60006712        0.05496331
    18    204      2    -1219.11702388        0.05496331
    18    205      2    -1260.92918350        0.05496331
    18    206      2    -1227.80230660        0.05496331
    18    207      2    -1248.77928162        0.05496331
    18    208      2    -1236.31817928        0.05496331
    18    209      2    -1245.31049950        0.05496331
    18    210      2    -1230.99665176        0.05496331
    18    211      2    -1240.52184310        0.05496331
    18    212      2    -1229.43721869        0.05496331
    18    213      2    -1255.01964632        0.05496331
    18    214      2    -1212.58795587        0.05496331
    18    215      2    -1258.32022941        0.05496331
    18    216      2    -1231.06083368        0.05496331
    18    217      2    -1234.24031833        0.05496331
    18    218      2    -1241.50690869        0.05496331
    18    219      2    -1224.76791985        0.05496331
    18    220      2    -1244.78302074        0.05496331
    18    221      2    -1225.20399707        0.05496331
    18    222      2    -1224.45514119        0.05496331
    18    223      2    -1235.53137732        0.05496331
    18    224      2    -1207.20114211        0.05496331
    18    225      2    -1209.98295140        0.05496331
    18    226      2    -1196.21690986        0.05496331
    18    227      2    -1179.78602337        0.05496331
    18    228      2    -1158.19243070        0.05496331
    18    229      2    -1142.73172072        0.05496331
    18    230      2    -1077.26286176        0.05496331
    18    231      2    -1056.90656232        0.05496331
    19      0      2    -1184.84911650        0.05500002
    19      1      2    -1137.96240335        0.05500002
    19      2      2    -1212.52112717        0.05500002
    19      3      2    -1219.48852624        0.05500002
    19      4      2    -1217.17487247        0.05500002
    19      5      2    -1233.09461132        0.05500002
    19      6      2    -1215.78954079        0.05500002
    19      7      2    -1236.88420331        0.05500002
    19      8      2    -1243.16004001        0.05500002
    19      9      2    -1246.11624671        0.05500002
    19     10      2    -1227.10191501        0.05500002
    19     11      2    -1256.55649171        0.05500002
    19     12      2    -1239.42955268        0.05500002
    19     13      2    -1247.94328807        0.05500002
    19     14      2    -1248.76155724        0.05500002
    19     15      2    -1241.50873754        0.05500002
    19     16      2    -1258.09891354        0.05500002
    19     17      2    -1244.70576995        0.05500002
    19     18      2    -1265.11847769        0.05500002
    19     19      2    -1236.70424791        0.05500002
    19     20      2    -1262.82917569        0.05500002
    19     21      2    -1238.67693757        0.05500002
    19     22      2    -1277.80449199        0.05500002
    19     23      2    -1238.89961259        0.05500002
    19     24      2    -1261.41571504        0.05500002
    19     25      2    -1257.89465297        0.05500002
    19     26      2    -1280.70889075        0.05500002
    19     27      2    -1250.69424259        0.05500002
    19     28      2    -1265.35368247        0.05500002
    19     29      2    -1260.15094423        0.05500002
    19     30      2    -1284.07561607        0.05500002
    19     31      2    -1251.59551647        0.05500002
    19     32      2    -1285.96741278        0.05500002
    19     33      2    -1256.64573312        0.05500002
    19     34      2    -1277.49315058        0.05500002
    19     35      2    -1264.80718377        0.05500002
    19     36      2    -1260.31767222        0.05500002
    19     37      2    -1291.94639511        0.05500002
    19     38      2    -1254.94669512        0.05500002
    19     39      2    -1273.71308973        0.05500002
    19     40      2    -1278.70618849        0.05500002
    19     41      2    -1268.79439920        0.05500002
    19     42      2    -1282.15557195        0.05500002
    19     43      2    -1265.26565182        0.05500002
    19     44      2    -1283.82810783        0.05500002
    19     45      2    -1261.91568761        0.05500002
    19     46      2    -1288.12405319        0.05500002
    19     47      2    -1263.95520193        0.05500002
    19     48      2    -1276.25712299        0.05500002
    19     49      2    -1279.66768674        0.05500002
    19     50      2    -1276.33112395        0.05500002
    19     51      2    -1279.29330150        0.05500002
    19     52      2    -1270.08862994        0.05500002
    19     53      2    -1288.05218399        0.05500002
    19     54      2    -1262.08932074        0.05500002
    19     55      2    -1288.45262841        0.05500002
    19     56      2    -1276.55110107        0.05500002
    19     57      2    -1283.54255440        0.05500002
    19     58      2    -1240.00458301        0.05500002
    19     59      2    -1286.36818151        0.05500002
    19     60      2    -1294.38912644        0.05500002
    19     61      2    -1284.81702395        0.05500002
    19     62      2    -1294.99589138        0.05500002
    19     63      2    -1294.00108376        0.05500002
    19     64      2    -1292.53521789        0.05500002
    19     65      2    -1292.71388977        0.05500002
    19     66      2    -1294.77069619        0.05500002
    19     67      2    -1297.02695703        0.05500002
    19     68      2    -1295.79282188        0.05500002
    19     69      2    -1393.65356404        0.05500002
    19     70      2    -1301.82200604        0.05500002
    19     71      2    -1297.47388421        0.05500002
    19     72      2    -1402.66647102        0.05500002
    19     73      2    -1313.99461018        0.05500002
    19     74      2    -1304.84378256        0.05500002
    19     75      2    -1291.60620265        0.05500002
    19     76      2    -1305.29909324        0.05500002
    19     77      2    -1280.39928134        0.05500002
    19     78      2    -1298.18947097        0.05500002
    19     79      2    -1284.64165296        0.05500002
    19     80      2    -1282.00687377        0.05500002
    19     81      2    -1272.67298349        0.05500002
    19     82      2    -1285.10486140        0.05500002
    19     83      2    -1265.96441143        0.05500002
    19     84      2    -1283.72400976        0.05500002
    19     85      2    -1248.48521545        0.05500002
    19     86      2    -1273.68521519        0.05500002
    19     87      2    -1261.30558512        0.05500002
    19     88      2    -1236.15168578        0.05500002
    19     89      2    -1236.15168578        0.05500002
    19     90      2    -1236.15168578        0.05500002
    19     91      2    -1236.15168578        0.05500002
    19     92      2    -1236.15168578        0.05500002
    19     93      2    -1236.15168578        0.05500002
    19     94      2    -1236.15168578        0.05500002
    19     95      2    -1236.15168578        0.05500002
    19     96      2    -1259.88145405        0.05500002
    19     97      2    -1251.34831758        0.05500002
    19     98      2    -1246.03779866        0.05500002
    19     99      2    -1249.38638463        0.05500002
    19    100      2    -1245.66198593        0.05500002
    19    101      2    -1244.81440324        0.05500002
    19    102      2    -1246.33596493        0.05500002
    19    103      2    -1246.05744974        0.05500002
    19    104      2    -1241.93082791        0.05500002
    19    105      2    -1244.62015259        0.05500002
    19    106      2    -1238.73803306        0.05500002
    19    107      2    -1245.34285155        0.05500002
    19    108      2    -1236.14555103        0.05500002
    19    109      2    -1245.32099874        0.05500002
    19    110      2    -1242.09325501        0.05500002
    19    111      2    -1249.88338243        0.05500002
    19    112      2    -1237.20094347        0.05500002
    19    113      2    -1245.36689496        0.05500002
    19    114      2    -1252.03893483        0.05500002
    19    115      2    -1249.18003250        0.05500002
    19    116      2    -1240.61186273        0.05500002
    19    117      2    -1245.24343616        0.05500002
    19    118      2    -1246.02302041        0.05500002
    19    119      2    -1240.41449780        0.05500002
    19    120      2    -1236.81083436        0.05500002
    19    121      2    -1242.23048286        0.05500002
    19    122      2    -1244.66809493        0.05500002
    19    123      2    -1240.08811497        0.05500002
    19    124      2    -1238.47485751        0.05500002
    19    125      2    -1240.51469846        0.05500002
    19    126      2    -1237.16278783        0.05500002
    19    127      2    -1238.79488576        0.05500002
    19    128      2    -1234.72586811        0.05500002
    19    129      2    -1239.69025613        0.05500002
    19    130      2    -1234.76720869        0.05500002
    19    131      2    -1241.16218509        0.05500002
    19    132      2    -1236.92733059        0.05500002
    19    133      2    -1244.83598973        0.05500002
    19    134      2    -1237.02264251        0.05500002
    19    135      2    -1244.93033644        0.05500002
    19    136      2    -1238.31367596        0.05500002
    19    137      2    -1247.25094853        0.05500002
    19    138      2    -1241.96375274        0.05500002
    19    139      2    -1246.72269849        0.05500002
    19    140      2    -1242.77707215        0.05500002
    19    141      2    -1256.27428925        0.05500002
    19    142      2    -1236.15168578        0.05500002
    19    143      2    -1236.15168578        0.05500002
    19    144      2    -1236.15168578        0.05500002
    19    145      2    -1236.15168578        0.05500002
    19    146      2    -1236.15168578        0.05500002
    19    147      2    -1236.15168578        0.05500002
    19    148      2    -1236.15168578        0.05500002
    19    149      2    -1262.93044225        0.05500002
    19    150      2    -1249.43970336        0.05500002
    19    151      2    -1254.92162245        0.05500002
    19    152      2    -1251.28346650        0.05500002
    19    153      2    -1257.11792956        0.05500002
    19    154      2    -1251.80455577        0.05500002
    19    155      2    -1260.17825624        0.05500002
    19    156      2    -1257.73551025        0.05500002
    19    157      2    -1267.21954965        0.05500002
    19    158      2    -1258.23748283        0.05500002
    19    159      2    -1269.87938887        0.05500002
    19    160      2    -1258.99722509        0.05500002
    19    161      2    -1272.01504682        0.05500002
    19    162      2    -1261.87610399        0.05500002
    19    163      2    -1273.28629539        0.05500002
    19    164      2    -1261.28664798        0.05500002
    19    165      2    -1276.72243390        0.05500002
    19    166      2    -1264.70424884        0.05500002
    19    167      2    -1274.53445942        0.05500002
    19    168      2    -1266.04138395        0.05500002
    19    169      2    -1276.91365604        0.05500002
    19    170      2    -1267.58169611        0.05500002
    19    171      2    -1279.54634949        0.05500002
    19    172      2    -1271.34471682        0.05500002
    19    173      2    -1281.02317298        0.05500002
    19    174      2    -1268.83644055        0.05500002
    19    175      2    -1282.04267926        0.05500002
    19    176      2    -1268.91878478        0.05500002
    19    177      2    -1283.22117538        0.05500002
    19    178      2    -1272.04083420        0.05500002
    19    179      2    -1280.55670111        0.05500002
    19    180      2    -1275.03316792        0.05500002
    19    181      2    -1284.04265613        0.05500002
    19    182      2    -1276.55568471        0.05500002
    19    183      2    -1279.46729656        0.05500002
    19    184      2    -1280.53276836        0.05500002
    19    185      2    -1275.47051995        0.05500002
    19    186      2    -1279.12564855        0.05500002
    19    187      2    -1280.19006202        0.05500002
    19    188      2    -1277.51938485        0.05500002
    19    189      2    -1279.37769285        0.05500002
    19    190      2    -1284.04718672        0.05500002
    19    191      2    -1268.49842534        0.05500002
    19    192      2    -1290.21120917        0.05500002
    19    193      2    -1267.85087573        0.05500002
    19    194      2    -1283.03406328        0.05500002
    19    195      2    -1270.03341864        0.05500002
    19    196      2    -1280.34253125        0.05500002
    19    197      2    -1270.63433228        0.05500002
    19    198      2    -1266.70208438        0.05500002
    19    199      2    -1275.16983096        0.05500002
    19    200      2    -1263.96215980        0.05500002
    19    201      2    -1270.49220418        0.05500002
    19    202      2    -1261.21942577        0.05500002
    19    203      2    -1261.45940021        0.05500002
    19    204      2    -1265.87589784        0.05500002
    19    205      2    -1255.92941996        0.05500002
    19    206      2    -1259.55921142        0.05500002
    19    207      2    -1249.94877609        0.05500002
    19    208      2    -1263.08882820        0.05500002
    19    209      2    -1234.39208538        0.05500002
    19    210      2    -1254.99708841        0.05500002
    19    211      2    -1240.48151376        0.05500002
    19    212      2    -1250.42324192        0.05500002
    19    213      2    -1244.31660657        0.05500002
    19    214      2    -1258.58254323        0.05500002
    19    215      2    -1240.73807001        0.05500002
    19    216      2    -1255.36910072        0.05500002
    19    217      2    -1233.20466217        0.05500002
    19    218      2    -1256.31686605        0.05500002
    19    219      2    -1237.24398615        0.05500002
    19    220      2    -1244.36745323        0.05500002
    19    221      2    -1233.04125690        0.05500002
    19    222      2    -1243.12074935        0.05500002
    19    223      2    -1238.74724967        0.05500002
    19    224      2    -1240.83494956        0.05500002
    19    225      2    -1244.90562478        0.05500002
    19    226      2    -1242.76576463        0.05500002
    19    227      2    -1231.37569241        0.05500002
    19    228      2    -1257.26528522        0.05500002
    19    229      2    -1231.82075455        0.05500002
    19    230      2    -1232.08764971        0.05500002
    19    231      2    -1229.72859971        0.05500002
    19    232      2    -1240.73721613        0.05500002
    19    233      2    -1203.62180740        0.05500002
    19    234      2    -1210.39430942        0.05500002
    19    235      2    -1201.07153374        0.05500002
    19    236      2    -1163.61951301        0.05500002
    19    237      2    -1136.77448885        0.05500002
    20      0      2    -1216.61380337        0.05500984
    20      1      2    -1229.16287258        0.05500984
    20      2      2    -1237.54325170        0.05500984
    20      3      2    -1251.26362225        0.05500984
    20      4      2    -1236.90423013        0.05500984
    20      5      2    -1253.60940541        0.05500984
    20      6      2    -1263.73725506        0.05500984
    20      7      2    -1232.07744225        0.05500984
    20      8      2    -1282.76230234        0.05500984
    20      9      2    -1243.85118992        0.05500984
    20     10      2    -1257.25084401        0.05500984
    20     11      2    -1262.03783518        0.05500984
    20     12      2    -1273.83701182        0.05500984
    20     13      2    -1260.16851510        0.05500984
    20     14      2    -1273.97053259        0.05500984
    20     15      2    -1263.75668392        0.05500984
    20     16      2    -1266.58152161        0.05500984
    20     17      2    -1281.44344687        0.05500984
    20     18      2    -1271.61831276        0.05500984
    20     19      2    -1259.73641684        0.05500984
    20     20      2    -1290.17466876        0.05500984
    20     21      2    -1258.27358458        0.05500984
    20     22      2    -1287.53702577        0.05500984
    20     23      2    -1259.50781834        0.05500984
    20     24      2    -1291.88553947        0.05500984
    20     25      2    -1267.04513154        0.05500984
    20     26      2    -1277.33586186        0.05500984
    20     27      2    -1276.83757278        0.05500984
    20     28      2    -1287.07820591        0.05500984
    20     29      2    -1277.24434778        0.05500984
    20     30      2    -1290.66379316        0.05500984
    20     31      2    -1278.30714466        0.05500984
    20     32      2    -1291.29117135        0.05500984
    20     33      2    -1279.75710755        0.05500984
    20     34      2    -1296.79493132        0.05500984
    20     35      2    -1275.38362379        0.05500984
    20     36      2    -1298.06478974        0.05500984
    20     37      2    -1275.12013929        0.05500984
    20     38      2    -1300.88696030        0.05500984
    20     39      2    -1272.18877822        0.05500984
    20     40      2    -1295.45520039        0.05500984
    20     41      2    -1284.96152809        0.05500984
    20     42      2    -1288.44766960        0.05500984
    20     43      2    -1279.69118573        0.05500984
    20     44      2    -1289.76976613        0.05500984
    20     45      2    -1278.31603524        0.05500984
    20     46      2    -1293.96018979        0.05500984
    20     47      2    -1285.17837412        0.05500984
    20     48      2    -1298.58511533        0.05500984
    20     49      2    -1272.55022608        0.05500984
    20     50      2    -1302.35634972        0.05500984
    20     51      2    -1291.08125610        0.05500984
    20     52      2    -1299.03361268        0.05500984
    20     53      2    -1288.77159964        0.05500984
    20     54      2    -1306.84195419        0.05500984
    20     55      2    -1282.99713419        0.05500984
    20     56      2    -1312.21255540        0.05500984
    20     57      2    -1307.66888828        0.05500984
    20     58      2    -1301.66682837        0.05500984
    20     59      2    -1301.73537251        0.05500984
    20     60      2    -1305.95095817        0.05500984
    20     61      2    -1307.77032274        0.05500984
    20     62      2    -1312.29216481        0.05500984
    20     63      2    -1309.13122103        0.05500984
    20     64      2    -1299.41217268        0.05500984
    20     65      2    -1301.54466526        0.05500984
    20     66      2    -1330.85329914        0.05500984
    20     67      2    -1276.51269954        0.05500984
    20     68      2    -1331.52098435        0.05500984
    20     69      2    -1301.92927605        0.05500984
    20     70      2    -1424.11069485        0.05500984
    20     71      2    -1308.05525344        0.05500984
    20     72      2    -1321.47270109        0.05500984
    20     73      2    -1313.71314018        0.05500984
    20     74      2    -1333.43814879        0.05500984
    20     75      2    -1289.37646875        0.05500984
    20     76      2    -1399.68056774        0.05500984
    20     77      2    -1287.78722842        0.05500984
    20     78      2    -1296.75000139        0.05500984
    20     79      2    -1340.74173726        0.05500984
    20     80      2    -1280.13648544        0.05500984
    20     81      2    -1288.57660301        0.05500984
    20     82      2    -1307.94615151        0.05500984
    20     83      2    -1277.41621325        0.05500984
    20     84      2    -1298.22019067        0.05500984
    20     85      2    -1268.23371665        0.05500984
    20     86      2    -1290.88650943        0.05500984
    20     87      2    -1234.57233835        0.05500984
    20     88      2    -1234.57233835        0.05500984
    20     89      2    -1234.57233835        0.05500984
    20     90      2    -1234.57233835        0.05500984
    20     91      2    -1234.57233835        0.05500984
    20     92      2    -1234.57233835        0.05500984
    20     93      2    -1234.57233835        0.05500984
    20     94      2    -1234.57233835        0.05500984
    20     95      2    -1234.57233835        0.05500984
    20     96      2    -1277.77156130        0.05500984
    20     97      2    -1244.59213942        0.05500984
    20     98      2    -1276.25905002        0.05500984
    20     99      2    -1249.29923127        0.05500984
    20    100      2    -1268.62578143        0.05500984
    20    101      2    -1250.24653893        0.05500984
    20    102      2    -1266.24814103        0.05500984
    20    103      2    -1246.58608310        0.05500984
    20    104      2    -1266.00793388        0.05500984
    20    105      2    -1240.72186996        0.05500984
    20    106      2    -1263.83299406        0.05500984
    20    107      2    -1241.37909305        0.05500984
    20    108      2    -1262.86762307        0.05500984
    20    109      2    -1233.78658669        0.05500984
    20    110      2    -1264.32481929        0.05500984
    20    111      2    -1234.80254180        0.05500984
    20    112      2    -1260.38719190        0.05500984
    20    113      2    -1236.54341528        0.05500984
    20    114      2    -1260.47626364        0.05500984
    20    115      2    -1235.52867829        0.05500984
    20    116      2    -1259.13026769        0.05500984
    20    117      2    -1251.90472271        0.05500984
    20    118      2    -1277.68416283        0.05500984
    20    119      2    -1244.12381858        0.05500984
    20    120      2    -1262.38151740        0.05500984
    20    121      2    -1242.62597141        0.05500984
    20    122      2    -1269.54385133        0.05500984
    20    123      2    -1260.42079575        0.05500984
    20    124      2    -1267.25992596        0.05500984
    20    125      2    -1259.99100678        0.05500984
    20    126      2    -1267.00248563        0.05500984
    20    127      2    -1258.80310706        0.05500984
    20    128      2    -1266.91462360        0.05500984
    20    129      2    -1262.27539479        0.05500984
    20    130      2    -1268.52626615        0.05500984
    20    131      2    -1262.53155080        0.05500984
    20    132      2    -1270.54161058        0.05500984
    20    133      2    -1262.18579809        0.05500984
    20    134      2    -1267.97343432        0.05500984
    20    135      2    -1262.68360922        0.05500984
    20    136      2    -1269.38694358        0.05500984
    20    137      2    -1272.11608640        0.05500984
    20    138      2    -1276.17032288        0.05500984
    20    139      2    -1276.18042070        0.05500984
    20    140      2    -1277.70877535        0.05500984
    20    141      2    -1276.82746636        0.05500984
    20    142      2    -1278.31046913        0.05500984
    20    143      2    -1277.23244273        0.05500984
    20    144      2    -1278.00136149        0.05500984
    20    145      2    -1277.67402422        0.05500984
    20    146      2    -1279.59355939        0.05500984
    20    147      2    -1276.71822758        0.05500984
    20    148      2    -1305.69004220        0.05500984
    20    149      2    -1234.57233835        0.05500984
    20    150      2    -1234.57233835        0.05500984
    20    151      2    -1234.57233835        0.05500984
    20    152      2    -1234.57233835        0.05500984
    20    153      2    -1234.57233835        0.05500984
    20    154      2    -1234.57233835        0.05500984
    20    155      2    -1234.57233835        0.05500984
    20    156      2    -1300.46421093        0.05500984
    20    157      2    -1284.34438801        0.05500984
    20    158      2    -1287.59273367        0.05500984
    20    159      2    -1289.15835162        0.05500984
    20    160      2    -1290.36399153        0.05500984
    20    161      2    -1291.63309678        0.05500984
    20    162      2    -1293.66145684        0.05500984
    20    163      2    -1292.04500682        0.05500984
    20    164      2    -1294.37664608        0.05500984
    20    165      2    -1287.71451397        0.05500984
    20    166      2    -1295.63454153        0.05500984
    20    167      2    -1291.35544690        0.05500984
    20    168      2    -1297.85888853        0.05500984
    20    169      2    -1293.94370009        0.05500984
    20    170      2    -1302.64607341        0.05500984
    20    171      2    -1289.44884374        0.05500984
    20    172      2    -1300.18056111        0.05500984
    20    173      2    -1291.41987423        0.05500984
    20    174      2    -1296.06574114        0.05500984
    20    175      2    -1299.55696955        0.05500984
    20    176      2    -1294.26341354        0.05500984
    20    177      2    -1302.84103464        0.05500984
    20    178      2    -1298.66713677        0.05500984
    20    179      2    -1303.63315175        0.05500984
    20    180      2    -1300.33947235        0.05500984
    20    181      2    -1304.68531189        0.05500984
    20    182      2    -1307.68107254        0.05500984
    20    183      2    -1308.45714079        0.05500984
    20    184      2    -1300.77640559        0.05500984
    20    185      2    -1309.28217013        0.05500984
    20    186      2    -1300.85291818        0.05500984
    20    187      2    -1302.45794574        0.05500984
    20    188      2    -1306.83610801        0.05500984
    20    189      2    -1298.75751098        0.05500984
    20    190      2    -1305.53034352        0.05500984
    20    191      2    -1300.58486122        0.05500984
    20    192      2    -1303.99078961        0.05500984
    20    193      2    -1302.36718329        0.05500984
    20    194      2    -1298.93259288        0.05500984
    20    195      2    -1303.78167777        0.05500984
    20    196      2    -1302.39174780        0.05500984
    20    197      2    -1301.24219031        0.05500984
    20    198      2    -1291.42345360        0.05500984
    20    199      2    -1293.37454056        0.05500984
    20    200      2    -1295.14503834        0.05500984
    20    201      2    -1296.74368240        0.05500984
    20    202      2    -1290.35514893        0.05500984
    20    203      2    -1288.79945764        0.05500984
    20    204      2    -1296.36545292        0.05500984
    20    205      2    -1280.68548852        0.05500984
    20    206      2    -1293.42648131        0.05500984
    20    207      2    -1278.35027903        0.05500984
    20    208      2    -1283.93772149        0.05500984
    20    209      2    -1276.14115308        0.05500984
    20    210      2    -1287.87828083        0.05500984
    20    211      2    -1270.47967189        0.05500984
    20    212      2    -1280.22018325        0.05500984
    20    213      2    -1268.44652946        0.05500984
    20    214      2    -1271.97981706        0.05500984
    20    215      2    -1265.65190346        0.05500984
    20    216      2    -1267.76056750        0.05500984
    20    217      2    -1249.36018325        0.05500984
    20    218      2    -1266.32367355        0.05500984
    20    219      2    -1253.49857706        0.05500984
    20    220      2    -1252.33437922        0.05500984
    20    221      2    -1234.86194230        0.05500984
    20    222      2    -1270.83968592        0.05500984
    20    223      2    -1206.99959695        0.05500984
    20    224      2    -1261.32221680        0.05500984
    20    225      2    -1218.05155218        0.05500984
    20    226      2    -1219.57139565        0.05500984
    20    227      2    -1232.61838808        0.05500984
    20    228      2    -1231.74814701        0.05500984
    20    229      2    -1215.67540150        0.05500984
    20    230      2    -1214.80743755        0.05500984
    20    231      2    -1242.65488318        0.05500984
    20    232      2    -1229.02771779        0.05500984
    20    233      2    -1252.55327548        0.05500984
    20    234      2    -1220.08314564        0.05500984
    20    235      2    -1228.76870088        0.05500984
    20    236      2    -1222.58470129        0.05500984
    20    237      2    -1229.60482671        0.05500984
    20    238      2    -1222.86915838        0.05500984
    20    239      2    -1199.73483758        0.05500984
    20    240      2    -1227.07277124        0.05500984
    20    241      2    -1168.31461272        0.05500984
    20    242      2    -1166.21626251        0.05500984
    20    243      2    -1152.78617184        0.05500984
    21      0      2    -1254.21593450        0.05501904
    21      1      2    -1282.19234598        0.05501904
    21      2      2    -1261.07496449        0.05501904
    21      3      2    -1287.15387430        0.05501904
    21      4      2    -1271.99272890        0.05501904
    21      5      2    -1278.20165982        0.05501904
    21      6      2    -1276.18679025        0.05501904
    21      7      2    -1280.52340709        0.05501904
    21      8      2    -1284.32854548        0.05501904
    21      9      2    -1286.97077913        0.05501904
    21     10      2    -1278.28510054        0.05501904
    21     11      2    -1282.81845221        0.05501904
    21     12      2    -1286.92210631        0.05501904
    21     13      2    -1279.95636580        0.05501904
    21     14      2    -1287.69126044        0.05501904
    21     15      2    -1287.11389671        0.05501904
    21     16      2    -1291.01581823        0.05501904
    21     17      2    -1286.79943424        0.05501904
    21     18      2    -1293.35137775        0.05501904
    21     19      2    -1292.39214203        0.05501904
    21     20      2    -1288.08435130        0.05501904
    21     21      2    -1302.53322230        0.05501904
    21     22      2    -1291.63578333        0.05501904
    21     23      2    -1300.11054838        0.05501904
    21     24      2    -1294.99833808        0.05501904
    21     25      2    -1291.81239603        0.05501904
    21     26      2    -1308.77886260        0.05501904
    21     27      2    -1284.51615950        0.05501904
    21     28      2    -1306.39930176        0.05501904
    21     29      2    -1295.83980562        0.05501904
    21     30      2    -1304.06140896        0.05501904
    21     31      2    -1297.03548823        0.05501904
    21     32      2    -1290.42904144        0.05501904
    21     33      2    -1300.71237644        0.05501904
    21     34      2    -1299.17539630        0.05501904
    21     35      2    -1295.74290087        0.05501904
    21     36      2    -1306.81578081        0.05501904
    21     37      2    -1292.20026791        0.05501904
    21     38      2    -1299.61466985        0.05501904
    21     39      2    -1286.32515751        0.05501904
    21     40      2    -1296.19846639        0.05501904
    21     41      2    -1299.52329188        0.05501904
    21     42      2    -1299.07582158        0.05501904
    21     43      2    -1295.05822286        0.05501904
    21     44      2    -1306.59451913        0.05501904
    21     45      2    -1296.09136124        0.05501904
    21     46      2    -1310.83617285        0.05501904
    21     47      2    -1293.63934581        0.05501904
    21     48      2    -1280.02624611        0.05501904
    21     49      2    -1322.35471379        0.05501904
    21     50      2    -1302.77730496        0.05501904
    21     51      2    -1313.38957316        0.05501904
    21     52      2    -1327.31719727        0.05501904
    21     53      2    -1308.93678242        0.05501904
    21     54      2    -1322.60524569        0.05501904
    21     55      2    -1309.71716883        0.05501904
    21     56      2    -1326.55932961        0.05501904
    21     57      2    -1311.73202866        0.05501904
    21     58      2    -1333.60442297        0.05501904
    21     59      2    -1319.20343473        0.05501904
    21     60      2    -1331.81655812        0.05501904
    21     61      2    -1331.98796306        0.05501904
    21     62      2    -1319.53548412        0.05501904
    21     63      2    -1343.46663088        0.05501904
    21     64      2    -1419.41316004        0.05501904
    21     65      2    -1342.42601090        0.05501904
    21     66      2    -1327.44868744        0.05501904
    21     67      2    -1302.23208417        0.05501904
    21     68      2    -1364.15528903        0.05501904
    21     69      2    -1333.55520994        0.05501904
    21     70      2    -1292.17670786        0.05501904
    21     71      2    -1309.32636345        0.05501904
    21     72      2    -1334.39321629        0.05501904
    21     73      2    -1305.21234806        0.05501904
    21     74      2    -1314.10204607        0.05501904
    21     75      2    -1302.00997730        0.05501904
    21     76      2    -1292.53501228        0.05501904
    21     77      2    -1295.33153657        0.05501904
    21     78      2    -1269.97138053        0.05501904
    21     79      2    -1233.62676749        0.05501904
    21     80      2    -1233.62676749        0.05501904
    21     81      2    -1233.62676749        0.05501904
    21     82      2    -1233.62676749        0.05501904
    21     83      2    -1233.62676749        0.05501904
    21     84      2    -1233.62676749        0.05501904
    21     85      2    -1277.07363830        0.05501904
    21     86      2    -1277.24886990        0.05501904
    21     87      2    -1277.40533080        0.05501904
    21     88      2    -1276.12431244        0.05501904
    21     89      2    -1279.64702285        0.05501904
    21     90      2    -1276.01097261        0.05501904
    21     91      2    -1275.80890439        0.05501904
    21     92      2    -1279.68924401        0.05501904
    21     93      2    -1270.14184865        0.05501904
    21     94      2    -1269.77293696        0.05501904
    21     95      2    -1273.82221031        0.05501904
    21     96      2    -1267.97263870        0.05501904
    21     97      2    -1271.65687589        0.05501904
    21     98      2    -1264.75817458        0.05501904
    21     99      2    -1269.37261218        0.05501904
    21    100      2    -1263.73787927        0.05501904
    21    101      2    -1266.54104896        0.05501904
    21    102      2    -1262.53959770        0.05501904
    21    103      2    -1265.09093968        0.05501904
    21    104      2    -1261.90398592        0.05501904
    21    105      2    -1260.96610168        0.05501904
    21    106      2    -1267.37889256        0.05501904
    21    107      2    -1262.52362536        0.05501904
    21    108      2    -1270.52505228        0.05501904
    21    109      2    -1261.14806141        0.05501904
    21    110      2    -1259.20317798        0.05501904
    21    111      2    -1266.50051333        0.05501904
    21    112      2    -1253.37676944        0.05501904
    21    113      2    -1257.40919972        0.05501904
    21    114      2    -1258.31763853        0.05501904
    21    115      2    -1257.03964146        0.05501904
    21    116      2    -1259.35128036        0.05501904
    21    117      2    -1246.84759731        0.05501904
    21    118      2    -1261.10670111        0.05501904
    21    119      2    -1251.58578925        0.05501904
    21    120      2    -1259.86680355        0.05501904
    21    121      2    -1249.59941747        0.05501904
    21    122      2    -1259.89207354        0.05501904
    21    123      2    -1253.79263129        0.05501904
    21    124      2    -1257.11596030        0.05501904
    21    125      2    -1251.11790030        0.05501904
    21    126      2    -1260.22645033        0.05501904
    21    127      2    -1255.74442669        0.05501904
    21    128      2    -1264.90939062        0.05501904
    21    129      2    -1260.97340518        0.05501904
    21    130      2    -1270.33354566        0.05501904
    21    131      2    -1262.32181465        0.05501904
    21    132      2    -1277.87807905        0.05501904
    21    133      2    -1270.35332405        0.05501904
    21    134      2    -1279.29429469        0.05501904
    21    135      2    -1271.82876854        0.05501904
    21    136      2    -1280.21161792        0.05501904
    21    137      2    -1274.18892805        0.05501904
    21    138      2    -1280.20089847        0.05501904
    21    139      2    -1269.74403922        0.05501904
    21    140      2    -1279.67380040        0.05501904
    21    141      2    -1272.34025217        0.05501904
    21    142      2    -1281.53602455        0.05501904
    21    143      2    -1273.85884388        0.05501904
    21    144      2    -1281.64810102        0.05501904
    21    145      2    -1276.25036103        0.05501904
    21    146      2    -1027.37427817        0.05501904
    21    147      2    -1233.62676749        0.05501904
    21    148      2    -1233.62676749        0.05501904
    21    149      2    -1233.62676749        0.05501904
    21    150      2    -1233.62676749        0.05501904
    21    151      2    -1233.62676749        0.05501904
    21    152      2    -1233.62676749        0.05501904
    21    153      2    -1265.81768512        0.05501904
    21    154      2    -1290.52616748        0.05501904
    21    155      2    -1283.61144634        0.05501904
    21    156      2    -1295.08717104        0.05501904
    21    157      2    -1290.11355506        0.05501904
    21    158      2    -1300.38748031        0.05501904
    21    159      2    -1288.16999862        0.05501904
    21    160      2    -1302.39150771        0.05501904
    21    161      2    -1292.86921324        0.05501904
    21    162      2    -1304.72862213        0.05501904
    21    163      2    -1293.27292142        0.05501904
    21    164      2    -1306.11071970        0.05501904
    21    165      2    -1299.39155334        0.05501904
    21    166      2    -1312.19215720        0.05501904
    21    167      2    -1297.70173256        0.05501904
    21    168      2    -1310.35521676        0.05501904
    21    169      2    -1297.96626720        0.05501904
    21    170      2    -1306.39194764        0.05501904
    21    171      2    -1300.32359099        0.05501904
    21    172      2    -1311.57085689        0.05501904
    21    173      2    -1297.42426767        0.05501904
    21    174      2    -1314.16631999        0.05501904
    21    175      2    -1303.69526559        0.05501904
    21    176      2    -1311.32271321        0.05501904
    21    177      2    -1302.81589173        0.05501904
    21    178      2    -1314.51076871        0.05501904
    21    179      2    -1312.60637353        0.05501904
    21    180      2    -1314.60021947        0.05501904
    21    181      2    -1303.71533671        0.05501904
    21    182      2    -1312.63265087        0.05501904
    21    183      2    -1303.73375358        0.05501904
    21    184      2    -1309.02310382        0.05501904
    21    185      2    -1309.72943929        0.05501904
    21    186      2    -1305.33145741        0.05501904
    21    187      2    -1312.65369872        0.05501904
    21    188      2    -1305.77168699        0.05501904
    21    189      2    -1310.07734282        0.05501904
    21    190      2    -1307.40752972        0.05501904
    21    191      2    -1306.64573214        0.05501904
    21    192      2    -1317.48039421        0.05501904
    21    193      2    -1292.79242974        0.05501904
    21    194      2    -1314.81900146        0.05501904
    21    195      2    -1297.43867180        0.05501904
    21    196      2    -1311.39983462        0.05501904
    21    197      2    -1301.39061676        0.05501904
    21    198      2    -1303.77808046        0.05501904
    21    199      2    -1284.99558298        0.05501904
    21    200      2    -1308.70516192        0.05501904
    21    201      2    -1279.36833164        0.05501904
    21    202      2    -1290.41961490        0.05501904
    21    203      2    -1281.73399123        0.05501904
    21    204      2    -1290.71225551        0.05501904
    21    205      2    -1261.32499212        0.05501904
    21    206      2    -1296.13729840        0.05501904
    21    207      2    -1256.82106081        0.05501904
    21    208      2    -1275.86008778        0.05501904
    21    209      2    -1252.21068728        0.05501904
    21    210      2    -1260.92342929        0.05501904
    21    211      2    -1247.92820904        0.05501904
    21    212      2    -1247.16236398        0.05501904
    21    213      2    -1226.59691759        0.05501904
    21    214      2    -1226.45055553        0.05501904
    21    215      2    -1212.88912232        0.05501904
    21    216      2    -1207.37156128        0.05501904
    21    217      2    -1177.03608976        0.05501904
    21    218      2    -1181.43590552        0.05501904
    21    219      2    -1166.31250725        0.05501904
    21    220      2    -1161.67695678        0.05501904
    21    221      2    -1151.46487960        0.05501904
    21    222      2    -1139.53195193        0.05501904
    21    223      2    -1196.11035353        0.05501904
    21    224      2    -1107.96679840        0.05501904
    21    225      2    -1122.92352990        0.05501904
    21    226      2    -1096.39673673        0.05501904
    21    227      2    -1107.81457193        0.05501904
    21    228      2    -1097.74258875        0.05501904
    21    229      2    -1055.86509033        0.05501904
    21    230      2    -1019.91882264        0.05501904
    21    231      2    -1097.15173787        0.05501904
    22      0      2    -1241.51810428        0.05500997
    22      1      2    -1245.48818800        0.05500997
    22      2      2    -1256.20886586        0.05500997
    22      3      2    -1234.37880705        0.05500997
    22      4      2    -1256.77857973        0.05500997
    22      5      2    -1231.38541866        0.05500997
    22      6      2    -1238.92962363        0.05500997
    22      7      2    -1250.97147237        0.05500997
    22      8      2    -1242.50623461        0.05500997
    22      9      2    -1249.85811839        0.05500997
    22     10      2    -1257.23268377        0.05500997
    22     11      2    -1252.18983267        0.05500997
    22     12      2    -1260.32155220        0.05500997
    22     13      2    -1250.52664537        0.05500997
    22     14      2    -1258.67032263        0.05500997
    22     15      2    -1261.52601813        0.05500997
    22     16      2    -1258.31601641        0.05500997
    22     17      2    -1263.22861081        0.05500997
    22     18      2    -1256.87298426        0.05500997
    22     19      2    -1260.19553628        0.05500997
    22     20      2    -1260.02117107        0.05500997
    22     21      2    -1266.01225942        0.05500997
    22     22      2    -1266.20666278        0.05500997
    22     23      2    -1235.55525911        0.05500997
    22     24      2    -1286.79145731        0.05500997
    22     25      2    -1241.36481658        0.05500997
    22     26      2    -1277.96248042        0.05500997
    22     27      2    -1257.18129249        0.05500997
    22     28      2    -1259.92654333        0.05500997
    22     29      2    -1266.57418009        0.05500997
    22     30      2    -1261.34667797        0.05500997
    22     31      2    -1262.23766526        0.05500997
    22     32      2    -1267.62471752        0.05500997
    22     33      2    -1251.58142713        0.05500997
    22     34      2    -1269.78975250        0.05500997
    22     35      2    -1260.46497636        0.05500997
    22     36      2    -1268.76445304        0.05500997
    22     37      2    -1216.70166447        0.05500997
    22     38      2    -1267.38103864        0.05500997
    22     39      2    -1266.95805898        0.05500997
    22     40      2    -1275.10660966        0.05500997
    22     41      2    -1271.71684951        0.05500997
    22     42      2    -1285.68972464        0.05500997
    22     43      2    -1267.44263165        0.05500997
    22     44      2    -1301.80946423        0.05500997
    22     45      2    -1282.33211908        0.05500997
    22     46      2    -1278.23752705        0.05500997
    22     47      2    -1270.67060632        0.05500997
    22     48      2    -1300.59093569        0.05500997
    22     49      2    -1266.99077148        0.05500997
    22     50      2    -1294.78668086        0.05500997
    22     51      2    -1279.07716391        0.05500997
    22     52      2    -1302.23851287        0.05500997
    22     53      2    -1283.83091977        0.05500997
    22     54      2    -1353.18050711        0.05500997
    22     55      2    -1281.63410470        0.05500997
    22     56      2    -1276.46184801        0.05500997
    22     57      2    -1302.01096197        0.05500997
    22     58      2    -1285.48495518        0.05500997
    22     59      2    -1304.19297068        0.05500997
    22     60      2    -1265.84239336        0.05500997
    22     61      2    -1303.75421234        0.05500997
    22     62      2    -1267.41566087        0.05500997
    22     63      2    -1284.19955603        0.05500997
    22     64      2    -1266.80070675        0.05500997
    22     65      2    -1265.61778130        0.05500997
    22     66      2    -1253.95635744        0.05500997
    22     67      2    -1234.04611225        0.05500997
    22     68      2    -1234.04611225        0.05500997
    22     69      2    -1234.04611225        0.05500997
    22     70      2    -1234.04611225        0.05500997
    22     71      2    -1234.04611225        0.05500997
    22     72      2    -1234.04611225        0.05500997
    22     73      2    -1234.04611225        0.05500997
    22     74      2    -1233.52725291        0.05500997
    22     75      2    -1253.88728861        0.05500997
    22     76      2    -1242.89801297        0.05500997
    22     77      2    -1240.38025525        0.05500997
    22     78      2    -1241.52807189        0.05500997
    22     79      2    -1237.21468651        0.05500997
    22     80      2    -1237.76877493        0.05500997
    22     81      2    -1235.32433856        0.05500997
    22     82      2    -1230.90680557        0.05500997
    22     83      2    -1232.26162233        0.05500997
    22     84      2    -1229.10224604        0.05500997
    22     85      2    -1225.63101354        0.05500997
    22     86      2    -1229.52922264        0.05500997
    22     87      2    -1227.29117002        0.05500997
    22     88      2    -1222.93970693        0.05500997
    22     89      2    -1227.11183250        0.05500997
    22     90      2    -1221.00495478        0.05500997
    22     91      2    -1225.77549456        0.05500997
    22     92      2    -1221.14000997        0.05500997
    22     93      2    -1219.68770157        0.05500997
    22     94      2    -1212.31627520        0.05500997
    22     95      2    -1218.74503640        0.05500997
    22     96      2    -1213.54603362        0.05500997
    22     97      2    -1216.64571980        0.05500997
    22     98      2    -1214.74614780        0.05500997
    22     99      2    -1220.34550544        0.05500997
    22    100      2    -1214.66877345        0.05500997
    22    101      2    -1219.20025548        0.05500997
    22    102      2    -1213.63577904        0.05500997
    22    103      2    -1201.82673155        0.05500997
    22    104      2    -1202.76904198        0.05500997
    22    105      2    -1214.83975972        0.05500997
    22    106      2    -1216.04796628        0.05500997
    22    107      2    -1225.59258447        0.05500997
    22    108      2    -1217.48056934        0.05500997
    22    109      2    -1235.78116600        0.05500997
    22    110      2    -1216.92045680        0.05500997
    22    111      2    -1231.88060501        0.05500997
    22    112      2    -1217.42089141        0.05500997
    22    113      2    -1228.39278521        0.05500997
    22    114      2    -1213.81095064        0.05500997
    22    115      2    -1233.50589971        0.05500997
    22    116      2    -1217.18746138        0.05500997
    22    117      2    -1230.27573151        0.05500997
    22    118      2    -1214.70344543        0.05500997
    22    119      2    -1229.84334175        0.05500997
    22    120      2    -1216.24564994        0.05500997
    22    121      2    -1234.91700584        0.05500997
    22    122      2    -1223.04185768        0.05500997
    22    123      2    -1238.01403555        0.05500997
    22    124      2    -1226.51534886        0.05500997
    22    125      2    -1241.86333741        0.05500997
    22    126      2    -1232.47557827        0.05500997
    22    127      2    -1246.65560910        0.05500997
    22    128      2    -1237.25910720        0.05500997
    22    129      2    -1248.71387539        0.05500997
    22    130      2    -1241.07610581        0.05500997
    22    131      2    -1248.21559618        0.05500997
    22    132      2    -1242.29221649        0.05500997
    22    133      2    -1250.73861619        0.05500997
    22    134      2    -1245.28497226        0.05500997
    22    135      2    -1251.11461094        0.05500997
    22    136      2    -1242.07782408        0.05500997
    22    137      2    -1249.83680506        0.05500997
    22    138      2    -1241.92121850        0.05500997
    22    139      2    -1249.05577565        0.05500997
    22    140      2    -1242.54488195        0.05500997
    22    141      2    -1240.72970971        0.05500997
    22    142      2    -1240.56679486        0.05500997
    22    143      2    -1208.47435022        0.05500997
    22    144      2    -1234.04611225        0.05500997
    22    145      2    -1234.04611225        0.05500997
    22    146      2    -1234.04611225        0.05500997
    22    147      2    -1234.04611225        0.05500997
    22    148      2    -1234.04611225        0.05500997
    22    149      2    -1234.04611225        0.05500997
    22    150      2    -1247.54985406        0.05500997
    22    151      2    -1249.58240862        0.05500997
    22    152      2    -1247.77525835        0.05500997
    22    153      2    -1251.16382851        0.05500997
    22    154      2    -1251.97356537        0.05500997
    22    155      2    -1255.59381103        0.05500997
    22    156      2    -1253.91481312        0.05500997
    22    157      2    -1261.53411283        0.05500997
    22    158      2    -1255.76496925        0.05500997
    22    159      2    -1265.33875947        0.05500997
    22    160      2    -1258.25375295        0.05500997
    22    161      2    -1264.21453666        0.05500997
    22    162      2    -1255.23284029        0.05500997
    22    163      2    -1266.04796496        0.05500997
    22    164      2    -1260.54974439        0.05500997
    22    165      2    -1263.83132818        0.05500997
    22    166      2    -1259.41254658        0.05500997
    22    167      2    -1265.85954314        0.05500997
    22    168      2    -1261.21562718        0.05500997
    22    169      2    -1270.61422848        0.05500997
    22    170      2    -1263.68800283        0.05500997
    22    171      2    -1268.49412543        0.05500997
    22    172      2    -1266.75218247        0.05500997
    22    173      2    -1273.11086075        0.05500997
    22    174      2    -1264.35084293        0.05500997
    22    175      2    -1277.00909662        0.05500997
    22    176      2    -1265.08493122        0.05500997
    22    177      2    -1273.92574714        0.05500997
    22    178      2    -1265.36837369        0.05500997
    22    179      2    -1272.19178303        0.05500997
    22    180      2    -1270.11420216        0.05500997
    22    181      2    -1271.18426972        0.05500997
    22    182      2    -1264.32294908        0.05500997
    22    183      2    -1272.27386751        0.05500997
    22    184      2    -1271.01294030        0.05500997
    22    185      2    -1263.44683114        0.05500997
    22    186      2    -1269.95415330        0.05500997
    22    187      2    -1269.16657007        0.05500997
    22    188      2    -1251.71309215        0.05500997
    22    189      2    -1279.01590964        0.05500997
    22    190      2    -1256.20032349        0.05500997
    22    191      2    -1265.70983745        0.05500997
    22    192      2    -1251.34648771        0.05500997
    22    193      2    -1272.30364060        0.05500997
    22    194      2    -1245.25776376        0.05500997
    22    195      2    -1259.52406698        0.05500997
    22    196      2    -1245.77974955        0.05500997
    22    197      2    -1260.38128397        0.05500997
    22    198      2    -1231.71351860        0.05500997
    22    199      2    -1238.94511948        0.05500997
    22    200      2    -1239.66742717        0.05500997
    22    201      2    -1233.40875366        0.05500997
    22    202      2    -1208.04208638        0.05500997
    22    203      2    -1245.31606143        0.05500997
    22    204      2    -1182.19187683        0.05500997
    22    205      2    -1214.93684806        0.05500997
    22    206      2    -1173.43354022        0.05500997
    22    207      2    -1191.03928573        0.05500997
    22    208      2    -1165.62863054        0.05500997
    22    209      2    -1147.09716949        0.05500997
    22    210      2    -1145.81357748        0.05500997
    22    211      2    -1126.25471945        0.05500997
    22    212      2    -1083.76218395        0.05500997
    22    213      2    -1079.46250724        0.05500997
    22    214      2    -1020.36543755        0.05500997
    22    215      2    -1073.04170923        0.05500997
    22    216      2     -954.90336399        0.05500997
    22    217      2     -833.88766482        0.05500997
    23      0      2    -1219.51034668        0.05499558
    23      1      2    -1236.68002579        0.05499558
    23      2      2    -1231.07218997        0.05499558
    23      3      2    -1248.96433950        0.05499558
    23      4      2    -1223.92882224        0.05499558
    23      5      2    -1252.93082981        0.05499558
    23      6      2    -1214.77268487        0.05499558
    23      7      2    -1249.27925007        0.05499558
    23      8      2    -1247.76547776        0.05499558
    23      9      2    -1255.36004608        0.05499558
    23     10      2    -1245.57316425        0.05499558
    23     11      2    -1256.31657908        0.05499558
    23     12      2    -1250.35224188        0.05499558
    23     13      2    -1261.23642077        0.05499558
    23     14      2    -1239.23968861        0.05499558
    23     15      2    -1268.15801570        0.05499558
    23     16      2    -1235.29769986        0.05499558
    23     17      2    -1273.35775763        0.05499558
    23     18      2    -1228.20201169        0.05499558
    23     19      2    -1268.65441096        0.05499558
    23     20      2    -1240.38147904        0.05499558
    23     21      2    -1269.92886727        0.05499558
    23     22      2    -1248.77224969        0.05499558
    23     23      2    -1233.52397200        0.05499558
    23     24      2    -1270.84635003        0.05499558
    23     25      2    -1225.43257702        0.05499558
    23     26      2    -1260.14582902        0.05499558
    23     27      2    -1252.20890488        0.05499558
    23     28      2    -1250.91957247        0.05499558
    23     29      2    -1275.69148119        0.05499558
    23     30      2    -1251.22973183        0.05499558
    23     31      2    -1266.42072576        0.05499558
    23     32      2    -1242.05408550        0.05499558
    23     33      2    -1279.67131075        0.05499558
    23     34      2    -1235.11438641        0.05499558
    23     35      2    -1279.62714960        0.05499558
    23     36      2    -1245.02975295        0.05499558
    23     37      2    -1264.52280822        0.05499558
    23     38      2    -1278.85533293        0.05499558
    23     39      2    -1248.52648312        0.05499558
    23     40      2    -1275.28280670        0.05499558
    23     41      2    -1280.25601921        0.05499558
    23     42      2    -1272.13836927        0.05499558
    23     43      2    -1278.51083253        0.05499558
    23     44      2    -1242.86359106        0.05499558
    23     45      2    -1321.96244743        0.05499558
    23     46      2    -1266.52659533        0.05499558
    23     47      2    -1286.23737818        0.05499558
    23     48      2    -1288.51265635        0.05499558
    23     49      2    -1290.38758571        0.05499558
    23     50      2    -1275.39762064        0.05499558
    23     51      2    -1297.30282821        0.05499558
    23     52      2    -1273.51041359        0.05499558
    23     53      2    -1298.22925511        0.05499558
    23     54      2    -1281.69447735        0.05499558
    23     55      2    -1283.92197668        0.05499558
    23     56      2    -1269.17616949        0.05499558
    23     57      2    -1274.72083892        0.05499558
    23     58      2    -1252.17660365        0.05499558
    23     59      2    -1234.36404328        0.05499558
    23     60      2    -1234.36404328        0.05499558
    23     61      2    -1234.36404328        0.05499558
    23     62      2    -1234.36404328        0.05499558
    23     63      2    -1234.36404328        0.05499558
    23     64      2    -1234.36404328        0.05499558
    23     65      2    -1234.36404328        0.05499558
    23     66      2    -1234.36404328        0.05499558
    23     67      2    -1234.36404328        0.05499558
    23     68      2    -1229.11832349        0.05499558
    23     69      2    -1241.63837730        0.05499558
    23     70      2    -1242.97123399        0.05499558
    23     71      2    -1242.28557555        0.05499558
    23     72      2    -1239.66392717        0.05499558
    23     73      2    -1242.64372963        0.05499558
    23     74      2    -1233.69705970        0.05499558
    23     75      2    -1240.23462414        0.05499558
    23     76      2    -1232.15034579        0.05499558
    23     77      2    -1235.32073306        0.05499558
    23     78      2    -1230.60838984        0.05499558
    23     79      2    -1240.81765103        0.05499558
    23     80      2    -1225.55095343        0.05499558
    23     81      2    -1240.17104185        0.05499558
    23     82      2    -1221.25569401        0.05499558
    23     83      2    -1239.36660222        0.05499558
    23     84      2    -1217.78575312        0.05499558
    23     85      2    -1233.73035464        0.05499558
    23     86      2    -1216.32879008        0.05499558
    23     87      2    -1234.92363648        0.05499558
    23     88      2    -1213.47638241        0.05499558
    23     89      2    -1231.01492147        0.05499558
    23     90      2    -1210.75070752        0.05499558
    23     91      2    -1233.79949856        0.05499558
    23     92      2    -1210.49915031        0.05499558
    23     93      2    -1232.40662790        0.05499558
    23     94      2    -1212.18753092        0.05499558
    23     95      2    -1228.24800931        0.05499558
    23     96      2    -1209.44281726        0.05499558
    23     97      2    -1229.73722780        0.05499558
    23     98      2    -1206.98116825        0.05499558
    23     99      2    -1216.93980073        0.05499558
    23    100      2    -1197.29510390        0.05499558
    23    101      2    -1215.11664395        0.05499558
    23    102      2    -1205.92947880        0.05499558
    23    103      2    -1225.30773685        0.05499558
    23    104      2    -1203.76202987        0.05499558
    23    105      2    -1210.08362181        0.05499558
    23    106      2    -1217.41701465        0.05499558
    23    107      2    -1210.21158118        0.05499558
    23    108      2    -1214.35506998        0.05499558
    23    109      2    -1209.55033700        0.05499558
    23    110      2    -1216.58820677        0.05499558
    23    111      2    -1209.73198171        0.05499558
    23    112      2    -1304.83142760        0.05499558
    23    113      2    -1207.31884828        0.05499558
    23    114      2    -1212.35544117        0.05499558
    23    115      2    -1210.18353371        0.05499558
    23    116      2    -1196.73871656        0.05499558
    23    117      2    -1209.02300436        0.05499558
    23    118      2    -1222.20313916        0.05499558
    23    119      2    -1217.09303418        0.05499558
    23    120      2    -1224.30162855        0.05499558
    23    121      2    -1220.11239121        0.05499558
    23    122      2    -1227.72560835        0.05499558
    23    123      2    -1226.83548995        0.05499558
    23    124      2    -1233.57510270        0.05499558
    23    125      2    -1230.13533226        0.05499558
    23    126      2    -1232.59006855        0.05499558
    23    127      2    -1231.35669709        0.05499558
    23    128      2    -1239.96886786        0.05499558
    23    129      2    -1236.06040410        0.05499558
    23    130      2    -1242.84629323        0.05499558
    23    131      2    -1241.21020339        0.05499558
    23    132      2    -1246.21024275        0.05499558
    23    133      2    -1239.93546035        0.05499558
    23    134      2    -1246.32578423        0.05499558
    23    135      2    -1242.81529506        0.05499558
    23    136      2    -1242.57781744        0.05499558
    23    137      2    -1236.80853783        0.05499558
    23    138      2    -1241.95866896        0.05499558
    23    139      2    -1235.48236765        0.05499558
    23    140      2    -1237.83006002        0.05499558
    23    141      2    -1235.78687334        0.05499558
    23    142      2    -1247.04345874        0.05499558
    23    143      2    -1234.36404328        0.05499558
    23    144      2    -1234.36404328        0.05499558
    23    145      2    -1234.36404328        0.05499558
    23    146      2    -1234.36404328        0.05499558
    23    147      2    -1234.36404328        0.05499558
    23    148      2    -1234.36404328        0.05499558
    23    149      2    -1234.36404328        0.05499558
    23    150      2    -1281.77122509        0.05499558
    23    151      2    -1247.53609204        0.05499558
    23    152      2    -1255.54860931        0.05499558
    23    153      2    -1253.76885204        0.05499558
    23    154      2    -1255.71271110        0.05499558
    23    155      2    -1259.04608774        0.05499558
    23    156      2    -1262.73677242        0.05499558
    23    157      2    -1258.03132763        0.05499558
    23    158      2    -1258.84460904        0.05499558
    23    159      2    -1260.72351351        0.05499558
    23    160      2    -1258.19238416        0.05499558
    23    161      2    -1260.48082427        0.05499558
    23    162      2    -1262.74792555        0.05499558
    23    163      2    -1258.01114975        0.05499558
    23    164      2    -1266.53333689        0.05499558
    23    165      2    -1261.78155380        0.05499558
    23    166      2    -1264.65645546        0.05499558
    23    167      2    -1267.18405547        0.05499558
    23    168      2    -1269.38602777        0.05499558
    23    169      2    -1262.97046197        0.05499558
    23    170      2    -1269.51598435        0.05499558
    23    171      2    -1262.46333583        0.05499558
    23    172      2    -1271.32424939        0.05499558
    23    173      2    -1258.99501068        0.05499558
    23    174      2    -1278.78989247        0.05499558
    23    175      2    -1256.61378910        0.05499558
    23    176      2    -1273.55355474        0.05499558
    23    177      2    -1265.40847776        0.05499558
    23    178      2    -1270.21001098        0.05499558
    23    179      2    -1266.13585167        0.05499558
    23    180      2    -1272.36564659        0.05499558
    23    181      2    -1261.74240730        0.05499558
    23    182      2    -1273.00558040        0.05499558
    23    183      2    -1258.62963097        0.05499558
    23    184      2    -1271.53203881        0.05499558
    23    185      2    -1253.61979701        0.05499558
    23    186      2    -1270.60998759        0.05499558
    23    187      2    -1251.25942161        0.05499558
    23    188      2    -1267.58494933        0.05499558
    23    189      2    -1247.23348469        0.05499558
    23    190      2    -1262.41243007        0.05499558
    23    191      2    -1247.02363429        0.05499558
    23    192      2    -1262.78934172        0.05499558
    23    193      2    -1241.08193151        0.05499558
    23    194      2    -1247.63454600        0.05499558
    23    195      2    -1246.18957887        0.05499558
    23    196      2    -1251.64009516        0.05499558
    23    197      2    -1235.61687316        0.05499558
    23    198      2    -1237.65457790        0.05499558
    23    199      2    -1227.71700699        0.05499558
    23    200      2    -1228.14584099        0.05499558
    23    201      2    -1215.94897724        0.05499558
    23    202      2    -1208.54683795        0.05499558
    23    203      2    -1191.00060630        0.05499558
    23    204      2    -1211.69342286        0.05499558
    23    205      2    -1118.50369513        0.05499558
    23    206      2    -1157.96044965        0.05499558
    23    207      2    -1142.33662872        0.05499558
    23    208      2    -1100.99864476        0.05499558
    23    209      2    -1077.16232348        0.05499558
    24      0      2    -1255.69544698        0.05504205
    24      1      2    -1264.80369776        0.05504205
    24      2      2    -1285.08930934        0.05504205
    24      3      2    -1280.92361443        0.05504205
    24      4      2    -1274.45068632        0.05504205
    24      5      2    -1281.30777342        0.05504205
    24      6      2    -1281.36635933        0.05504205
    24      7      2    -1286.89128424        0.05504205
    24      8      2    -1274.70694982        0.05504205
    24      9      2    -1290.94074298        0.05504205
    24     10      2    -1278.48304386        0.05504205
    24     11      2    -1306.55416402        0.05504205
    24     12      2    -1249.38660416        0.05504205
    24     13      2    -1307.14892559        0.05504205
    24     14      2    -1277.61715104        0.05504205
    24     15      2    -1288.31876717        0.05504205
    24     16      2    -1282.44103109        0.05504205
    24     17      2    -1285.49943270        0.05504205
    24     18      2    -1286.73127163        0.05504205
    24     19      2    -1286.27714107        0.05504205
    24     20      2    -1283.74039047        0.05504205
    24     21      2    -1286.44492221        0.05504205
    24     22      2    -1279.50348657        0.05504205
    24     23      2    -1295.11881341        0.05504205
    24     24      2    -1271.12286953        0.05504205
    24     25      2    -1296.12621224        0.05504205
    24     26      2    -1288.85834690        0.05504205
    24     27      2    -1298.13814348        0.05504205
    24     28      2    -1275.26186772        0.05504205
    24     29      2    -1312.79625522        0.05504205
    24     30      2    -1275.40508268        0.05504205
    24     31      2    -1316.72979397        0.05504205
    24     32      2    -1292.75040973        0.05504205
    24     33      2    -1302.35274669        0.05504205
    24     34      2    -1303.05147217        0.05504205
    24     35      2    -1301.56221890        0.05504205
    24     36      2    -1311.58615693        0.05504205
    24     37      2    -1308.84487310        0.05504205
    24     38      2    -1308.46406631        0.05504205
    24     39      2    -1313.62141642        0.05504205
    24     40      2    -1320.27954656        0.05504205
    24     41      2    -1328.81106121        0.05504205
    24     42      2    -1318.34221599        0.05504205
    24     43      2    -1315.35419299        0.05504205
    24     44      2    -1314.87503305        0.05504205
    24     45      2    -1317.37862900        0.05504205
    24     46      2    -1311.34342453        0.05504205
    24     47      2    -1317.35280586        0.05504205
    24     48      2    -1296.94635325        0.05504205
    24     49      2    -1377.36689672        0.05504205
    24     50      2    -1283.01548018        0.05504205
    24     51      2    -1303.44614013        0.05504205
    24     52      2    -1287.44073814        0.05504205
    24     53      2    -1233.87410444        0.05504205
    24     54      2    -1233.87410444        0.05504205
    24     55      2    -1233.87410444        0.05504205
    24     56      2    -1233.87410444        0.05504205
    24     57      2    -1233.87410444        0.05504205
    24     58      2    -1233.87410444        0.05504205
    24     59      2    -1233.87410444        0.05504205
    24     60      2    -1233.87410444        0.05504205
    24     61      2    -1279.69522974        0.05504205
    24     62      2    -1274.30948272        0.05504205
    24     63      2    -1259.91866556        0.05504205
    24     64      2    -1273.99286578        0.05504205
    24     65      2    -1266.41265839        0.05504205
    24     66      2    -1263.63527029        0.05504205
    24     67      2    -1274.69872044        0.05504205
    24     68      2    -1263.48774870        0.05504205
    24     69      2    -1264.42206198        0.05504205
    24     70      2    -1264.53166349        0.05504205
    24     71      2    -1265.20285744        0.05504205
    24     72      2    -1255.61666766        0.05504205
    24     73      2    -1267.20830688        0.05504205
    24     74      2    -1252.93248817        0.05504205
    24     75      2    -1264.28882030        0.05504205
    24     76      2    -1256.06120440        0.05504205
    24     77      2    -1264.23989082        0.05504205
    24     78      2    -1259.62500926        0.05504205
    24     79      2    -1261.09131466        0.05504205
    24     80      2    -1256.80321084        0.05504205
    24     81      2    -1259.05539444        0.05504205
    24     82      2    -1254.15660526        0.05504205
    24     83      2    -1260.28212331        0.05504205
    24     84      2    -1255.40959969        0.05504205
    24     85      2    -1253.59635806        0.05504205
    24     86      2    -1250.40408535        0.05504205
    24     87      2    -1256.70604713        0.05504205
    24     88      2    -1244.67551653        0.05504205
    24     89      2    -1255.22546039        0.05504205
    24     90      2    -1247.05059487        0.05504205
    24     91      2    -1253.16438240        0.05504205
    24     92      2    -1244.44781786        0.05504205
    24     93      2    -1248.46031096        0.05504205
    24     94      2    -1243.26903689        0.05504205
    24     95      2    -1249.28880772        0.05504205
    24     96      2    -1243.24734994        0.05504205
    24     97      2    -1243.77252373        0.05504205
    24     98      2    -1240.74288690        0.05504205
    24     99      2    -1243.93677808        0.05504205
    24    100      2    -1242.21845355        0.05504205
    24    101      2    -1241.44815456        0.05504205
    24    102      2    -1237.24926930        0.05504205
    24    103      2    -1255.46590136        0.05504205
    24    104      2    -1254.13141844        0.05504205
    24    105      2    -1257.72509537        0.05504205
    24    106      2    -1252.08407866        0.05504205
    24    107      2    -1256.14456322        0.05504205
    24    108      2    -1248.11676976        0.05504205
    24    109      2    -1263.83103943        0.05504205
    24    110      2    -1262.40997702        0.05504205
    24    111      2    -1257.46205094        0.05504205
    24    112      2    -1253.19104081        0.05504205
    24    113      2    -1253.27715992        0.05504205
    24    114      2    -1251.65929503        0.05504205
    24    115      2    -1253.51029269        0.05504205
    24    116      2    -1259.88906908        0.05504205
    24    117      2    -1263.14742273        0.05504205
    24    118      2    -1264.27905251        0.05504205
    24    119      2    -1265.84876328        0.05504205
    24    120      2    -1264.08570812        0.05504205
    24    121      2    -1267.95353986        0.05504205
    24    122      2    -1269.96936884        0.05504205
    24    123      2    -1271.16627176        0.05504205
    24    124      2    -1272.29412798        0.05504205
    24    125      2    -1272.15198162        0.05504205
    24    126      2    -1274.10325255        0.05504205
    24    127      2    -1278.86441124        0.05504205
    24    128      2    -1281.14124593        0.05504205
    24    129      2    -1278.05244927        0.05504205
    24    130      2    -1282.14634237        0.05504205
    24    131      2    -1279.14658190        0.05504205
    24    132      2    -1285.15455334        0.05504205
    24    133      2    -1280.89952674        0.05504205
    24    134      2    -1285.71127242        0.05504205
    24    135      2    -1282.86477621        0.05504205
    24    136      2    -1285.80284330        0.05504205
    24    137      2    -1284.54581620        0.05504205
    24    138      2    -1283.48579154        0.05504205
    24    139      2    -1279.94024177        0.05504205
    24    140      2    -1269.17617308        0.05504205
    24    141      2    -1265.53896156        0.05504205
    24    142      2    -1270.52606145        0.05504205
    24    143      2    -1270.02625711        0.05504205
    24    144      2    -1259.75071103        0.05504205
    24    145      2    -1233.87410444        0.05504205
    24    146      2    -1233.87410444        0.05504205
    24    147      2    -1233.87410444        0.05504205
    24    148      2    -1233.87410444        0.05504205
    24    149      2    -1233.87410444        0.05504205
    24    150      2    -1233.87410444        0.05504205
    24    151      2    -1233.87410444        0.05504205
    24    152      2    -1233.87410444        0.05504205
    24    153      2    -1275.65199457        0.05504205
    24    154      2    -1283.52278792        0.05504205
    24    155      2    -1278.66789018        0.05504205
    24    156      2    -1281.75794680        0.05504205
    24    157      2    -1287.04218138        0.05504205
    24    158      2    -1284.14008856        0.05504205
    24    159      2    -1289.53104016        0.05504205
    24    160      2    -1289.39657827        0.05504205
    24    161      2    -1288.88896805        0.05504205
    24    162      2    -1297.03648930        0.05504205
    24    163      2    -1289.31666320        0.05504205
    24    164      2    -1296.68910816        0.05504205
    24    165      2    -1295.63481379        0.05504205
    24    166      2    -1302.04255872        0.05504205
    24    167      2    -1296.12081977        0.05504205
    24    168      2    -1299.56654733        0.05504205
    24    169      2    -1297.74836147        0.05504205
    24    170      2    -1298.04110900        0.05504205
    24    171      2    -1297.36658075        0.05504205
    24    172      2    -1300.90714871        0.05504205
    24    173      2    -1294.19592370        0.05504205
    24    174      2    -1303.46037808        0.05504205
    24    175      2    -1294.83775337        0.05504205
    24    176      2    -1296.85290574        0.05504205
    24    177      2    -1300.59359731        0.05504205
    24    178      2    -1297.35625830        0.05504205
    24    179      2    -1294.61312517        0.05504205
    24    180      2    -1299.17955327        0.05504205
    24    181      2    -1289.72475605        0.05504205
    24    182      2    -1299.75848636        0.05504205
    24    183      2    -1288.66586799        0.05504205
    24    184      2    -1291.69826868        0.05504205
    24    185      2    -1296.63138155        0.05504205
    24    186      2    -1289.84965303        0.05504205
    24    187      2    -1286.60723176        0.05504205
    24    188      2    -1291.90738206        0.05504205
    24    189      2    -1292.49053132        0.05504205
    24    190      2    -1285.30392035        0.05504205
    24    191      2    -1296.32428587        0.05504205
    24    192      2    -1284.57510222        0.05504205
    24    193      2    -1292.72884843        0.05504205
    24    194      2    -1290.72358209        0.05504205
    24    195      2    -1276.42150149        0.05504205
    24    196      2    -1297.83807652        0.05504205
    24    197      2    -1280.66572765        0.05504205
    24    198      2    -1287.89327900        0.05504205
    24    199      2    -1271.20958013        0.05504205
    24    200      2    -1293.01322262        0.05504205
    24    201      2    -1246.24648471        0.05504205
    24    202      2    -1279.08567113        0.05504205
    24    203      2    -1251.37034619        0.05504205
    24    204      2    -1230.81667661        0.05504205
    24    205      2    -1221.31812017        0.05504205
    25      0      2    -1233.15578612        0.05500024
    25      1      2    -1231.87246428        0.05500024
    25      2      2    -1252.41501624        0.05500024
    25      3      2    -1242.35580722        0.05500024
    25      4      2    -1253.20254144        0.05500024
    25      5      2    -1253.29860742        0.05500024
    25      6      2    -1247.72886821        0.05500024
    25      7      2    -1247.96860811        0.05500024
    25      8      2    -1261.94421028        0.05500024
    25      9      2    -1232.33072938        0.05500024
    25     10      2    -1256.76710655        0.05500024
    25     11      2    -1247.14445273        0.05500024
    25     12      2    -1259.16780116        0.05500024
    25     13      2    -1253.54388861        0.05500024
    25     14      2    -1254.35664087        0.05500024
    25     15      2    -1251.33941328        0.05500024
    25     16      2    -1252.29105177        0.05500024
    25     17      2    -1258.70260012        0.05500024
    25     18      2    -1243.16428369        0.05500024
    25     19      2    -1247.87364068        0.05500024
    25     20      2    -1255.99170583        0.05500024
    25     21      2    -1261.97387785        0.05500024
    25     22      2    -1256.67946426        0.05500024
    25     23      2    -1263.82161717        0.05500024
    25     24      2    -1261.70944670        0.05500024
    25     25      2    -1273.58039800        0.05500024
    25     26      2    -1264.01670446        0.05500024
    25     27      2    -1263.40690952        0.05500024
    25     28      2    -1271.97489290        0.05500024
    25     29      2    -1257.92582988        0.05500024
    25     30      2    -1284.68933461        0.05500024
    25     31      2    -1262.33699617        0.05500024
    25     32      2    -1274.41860730        0.05500024
    25     33      2    -1260.57947018        0.05500024
    25     34      2    -1280.53544416        0.05500024
    25     35      2    -1278.57833836        0.05500024
    25     36      2    -1353.46136216        0.05500024
    25     37      2    -1256.82650619        0.05500024
    25     38      2    -1282.78632507        0.05500024
    25     39      2    -1341.87581984        0.05500024
    25     40      2    -1266.52990820        0.05500024
    25     41      2    -1268.05966003        0.05500024
    25     42      2    -1279.24861221        0.05500024
    25     43      2    -1345.68351011        0.05500024
    25     44      2    -1269.24927318        0.05500024
    25     45      2    -1259.65695486        0.05500024
    25     46      2    -1367.23455516        0.05500024
    25     47      2    -1256.30156939        0.05500024
    25     48      2    -1233.15578612        0.05500024
    25     49      2    -1233.15578612        0.05500024
    25     50      2    -1233.15578612        0.05500024
    25     51      2    -1233.15578612        0.05500024
    25     52      2    -1233.15578612        0.05500024
    25     53      2    -1233.15578612        0.05500024
    25     54      2    -1233.15578612        0.05500024
    25     55      2    -1273.15511369        0.05500024
    25     56      2    -1260.25830703        0.05500024
    25     57      2    -1241.96969922        0.05500024
    25     58      2    -1262.69557818        0.05500024
    25     59      2    -1246.80989866        0.05500024
    25     60      2    -1246.71494353        0.05500024
    25     61      2    -1238.98335924        0.05500024
    25     62      2    -1261.55181429        0.05500024
    25     63      2    -1253.97384333        0.05500024
    25     64      2    -1255.43786304        0.05500024
    25     65      2    -1254.11192948        0.05500024
    25     66      2    -1259.53864232        0.05500024
    25     67      2    -1246.27341812        0.05500024
    25     68      2    -1268.77281326        0.05500024
    25     69      2    -1244.45522828        0.05500024
    25     70      2    -1260.98700389        0.05500024
    25     71      2    -1251.88576754        0.05500024
    25     72      2    -1253.29908783        0.05500024
    25     73      2    -1251.11770305        0.05500024
    25     74      2    -1260.89435755        0.05500024
    25     75      2    -1254.35612477        0.05500024
    25     76      2    -1258.66231233        0.05500024
    25     77      2    -1248.45078608        0.05500024
    25     78      2    -1259.26063955        0.05500024
    25     79      2    -1243.55382796        0.05500024
    25     80      2    -1257.54631994        0.05500024
    25     81      2    -1245.50643137        0.05500024
    25     82      2    -1254.11106076        0.05500024
    25     83      2    -1244.58696668        0.05500024
    25     84      2    -1252.66439264        0.05500024
    25     85      2    -1239.95379854        0.05500024
    25     86      2    -1251.83954453        0.05500024
    25     87      2    -1241.92652194        0.05500024
    25     88      2    -1245.13337767        0.05500024
    25     89      2    -1239.17511922        0.05500024
    25     90      2    -1244.38171376        0.05500024
    25     91      2    -1234.13859863        0.05500024
    25     92      2    -1239.71333062        0.05500024
    25     93      2    -1235.76147494        0.05500024
    25     94      2    -1243.73355549        0.05500024
    25     95      2    -1234.04937094        0.05500024
    25     96      2    -1233.27514055        0.05500024
    25     97      2    -1237.16521205        0.05500024
    25     98      2    -1247.41155428        0.05500024
    25     99      2    -1240.30553407        0.05500024
    25    100      2    -1241.69350992        0.05500024
    25    101      2    -1246.89351250        0.05500024
    25    102      2    -1245.41405212        0.05500024
    25    103      2    -1249.01669837        0.05500024
    25    104      2    -1242.38656807        0.05500024
    25    105      2    -1244.69939008        0.05500024
    25    106      2    -1239.78259743        0.05500024
    25    107      2    -1245.51355285        0.05500024
    25    108      2    -1244.09600065        0.05500024
    25    109      2    -1241.75766441        0.05500024
    25    110      2    -1237.72732612        0.05500024
    25    111      2    -1242.64199578        0.05500024
    25    112      2    -1238.21564873        0.05500024
    25    113      2    -1243.74853920        0.05500024
    25    114      2    -1243.91105328        0.05500024
    25    115      2    -1246.75829991        0.05500024
    25    116      2    -1249.81277219        0.05500024
    25    117      2    -1251.58628622        0.05500024
    25    118      2    -1248.76525110        0.05500024
    25    119      2    -1256.31179773        0.05500024
    25    120      2    -1256.27726451        0.05500024
    25    121      2    -1258.29971340        0.05500024
    25    122      2    -1253.66941394        0.05500024
    25    123      2    -1260.30007821        0.05500024
    25    124      2    -1258.35078098        0.05500024
    25    125      2    -1264.41702721        0.05500024
    25    126      2    -1265.48710129        0.05500024
    25    127      2    -1262.39077867        0.05500024
    25    128      2    -1264.27527565        0.05500024
    25    129      2    -1267.99812796        0.05500024
    25    130      2    -1262.24003415        0.05500024
    25    131      2    -1267.21796534        0.05500024
    25    132      2    -1268.48318275        0.05500024
    25    133      2    -1267.89326433        0.05500024
    25    134      2    -1268.92865965        0.05500024
    25    135      2    -1269.60822319        0.05500024
    25    136      2    -1268.09830809        0.05500024
    25    137      2    -1269.48122544        0.05500024
    25    138      2    -1271.39326705        0.05500024
    25    139      2    -1269.75467523        0.05500024
    25    140      2    -1265.94722460        0.05500024
    25    141      2    -1267.60259486        0.05500024
    25    142      2    -1269.18747002        0.05500024
    25    143      2    -1270.05127990        0.05500024
    25    144      2    -1270.72137731        0.05500024
    25    145      2    -1267.01751581        0.05500024
    25    146      2    -1279.83780538        0.05500024
    25    147      2    -1233.15578612        0.05500024
    25    148      2    -1233.15578612        0.05500024
    25    149      2    -1233.15578612        0.05500024
    25    150      2    -1233.15578612        0.05500024
    25    151      2    -1233.15578612        0.05500024
    25    152      2    -1233.15578612        0.05500024
    25    153      2    -1233.15578612        0.05500024
    25    154      2    -1276.39625521        0.05500024
    25    155      2    -1282.65505242        0.05500024
    25    156      2    -1277.67616635        0.05500024
    25    157      2    -1285.83048757        0.05500024
    25    158      2    -1284.91240721        0.05500024
    25    159      2    -1282.00995222        0.05500024
    25    160      2    -1286.48814526        0.05500024
    25    161      2    -1287.00765148        0.05500024
    25    162      2    -1283.27821066        0.05500024
    25    163      2    -1289.58743370        0.05500024
    25    164      2    -1288.72773129        0.05500024
    25    165      2    -1287.23366488        0.05500024
    25    166      2    -1292.73944380        0.05500024
    25    167      2    -1293.76091440        0.05500024
    25    168      2    -1286.86194148        0.05500024
    25    169      2    -1288.24077531        0.05500024
    25    170      2    -1290.61779911        0.05500024
    25    171      2    -1283.04462048        0.05500024
    25    172      2    -1294.25814376        0.05500024
    25    173      2    -1285.49863296        0.05500024
    25    174      2    -1294.04801030        0.05500024
    25    175      2    -1283.56126377        0.05500024
    25    176      2    -1296.71824356        0.05500024
    25    177      2    -1290.30073624        0.05500024
    25    178      2    -1297.96872132        0.05500024
    25    179      2    -1291.73020995        0.05500024
    25    180      2    -1296.83608419        0.05500024
    25    181      2    -1288.20232337        0.05500024
    25    182      2    -1301.28731157        0.05500024
    25    183      2    -1295.07653341        0.05500024
    25    184      2    -1296.07658808        0.05500024
    25    185      2    -1307.53843318        0.05500024
    25    186      2    -1293.19693223        0.05500024
    25    187      2    -1300.94650036        0.05500024
    25    188      2    -1302.43932044        0.05500024
    25    189      2    -1291.82213329        0.05500024
    25    190      2    -1321.25559766        0.05500024
    25    191      2    -1294.04182362        0.05500024
    25    192      2    -1310.81798689        0.05500024
    25    193      2    -1304.98905709        0.05500024
    25    194      2    -1318.98179959        0.05500024
    25    195      2    -1301.12408048        0.05500024
    25    196      2    -1311.03278164        0.05500024
    25    197      2    -1313.08701049        0.05500024
    25    198      2    -1311.47725337        0.05500024
    25    199      2    -1293.46014793        0.05500024
    25    200      2    -1296.17005027        0.05500024
    25    201      2    -1296.69150157        0.05500024
    26      0      2    -1172.00878218        0.05500218
    26      1      2    -1195.98289429        0.05500218
    26      2      2    -1180.63971098        0.05500218
    26      3      2    -1196.78696926        0.05500218
    26      4      2    -1183.99516324        0.05500218
    26      5      2    -1155.16611158        0.05500218
    26      6      2    -1178.82982193        0.05500218
    26      7      2    -1197.63794984        0.05500218
    26      8      2    -1191.30415926        0.05500218
    26      9      2    -1191.24162892        0.05500218
    26     10      2    -1192.81056986        0.05500218
    26     11      2    -1181.61796181        0.05500218
    26     12      2    -1202.10841194        0.05500218
    26     13      2    -1184.92434657        0.05500218
    26     14      2    -1175.79475388        0.05500218
    26     15      2    -1210.23739357        0.05500218
    26     16      2    -1186.32255361        0.05500218
    26     17      2    -1206.04302769        0.05500218
    26     18      2    -1207.63406679        0.05500218
    26     19      2    -1200.67957501        0.05500218
    26     20      2    -1221.91159015        0.05500218
    26     21      2    -1196.81668747        0.05500218
    26     22      2    -1196.54216170        0.05500218
    26     23      2    -1228.06740795        0.05500218
    26     24      2    -1184.47323029        0.05500218
    26     25      2    -1238.30054672        0.05500218
    26     26      2    -1204.26670323        0.05500218
    26     27      2    -1215.28843264        0.05500218
    26     28      2    -1158.03425722        0.05500218
    26     29      2    -1217.86827466        0.05500218
    26     30      2    -1235.07200655        0.05500218
    26     31      2    -1240.98319567        0.05500218
    26     32      2    -1247.06160578        0.05500218
    26     33      2    -1246.60811485        0.05500218
    26     34      2    -1253.42328783        0.05500218
    26     35      2    -1235.26203702        0.05500218
    26     36      2    -1249.27047632        0.05500218
    26     37      2    -1239.64680180        0.05500218
    26     38      2    -1257.65671293        0.05500218
    26     39      2    -1245.98518748        0.05500218
    26     40      2    -1261.35771698        0.05500218
    26     41      2    -1240.45877158        0.05500218
    26     42      2    -1239.19054412        0.05500218
    26     43      2    -1233.18356009        0.05500218
    26     44      2    -1233.18356009        0.05500218
    26     45      2    -1233.18356009        0.05500218
    26     46      2    -1233.18356009        0.05500218
    26     47      2    -1233.18356009        0.05500218
    26     48      2    -1233.18356009        0.05500218
    26     49      2    -1233.18356009        0.05500218
    26     50      2    -1233.18356009        0.05500218
    26     51      2    -1236.44562189        0.05500218
    26     52      2    -1224.31111093        0.05500218
    26     53      2    -1243.04867662        0.05500218
    26     54      2    -1230.87072399        0.05500218
    26     55      2    -1232.32560395        0.05500218
    26     56      2    -1237.98874228        0.05500218
    26     57      2    -1225.57759935        0.05500218
    26     58      2    -1248.39746590        0.05500218
    26     59      2    -1222.63893583        0.05500218
    26     60      2    -1236.98932793        0.05500218
    26     61      2    -1234.32313352        0.05500218
    26     62      2    -1226.45757351        0.05500218
    26     63      2    -1236.90224933        0.05500218
    26     64      2    -1223.50833290        0.05500218
    26     65      2    -1235.39600589        0.05500218
    26     66      2    -1225.48419064        0.05500218
    26     67      2    -1232.15062627        0.05500218
    26     68      2    -1222.31677634        0.05500218
    26     69      2    -1227.43068449        0.05500218
    26     70      2    -1227.73139574        0.05500218
    26     71      2    -1226.27658329        0.05500218
    26     72      2    -1224.57362718        0.05500218
    26     73      2    -1229.22156284        0.05500218
    26     74      2    -1229.29748116        0.05500218
    26     75      2    -1275.58200458        0.05500218
    26     76      2    -1228.24079488        0.05500218
    26     77      2    -1228.54784899        0.05500218
    26     78      2    -1231.28738771        0.05500218
    26     79      2    -1208.70456519        0.05500218
    26     80      2    -1223.23236928        0.05500218
    26     81      2    -1223.36730206        0.05500218
    26     82      2    -1224.85742977        0.05500218
    26     83      2    -1217.99945420        0.05500218
    26     84      2    -1219.24205798        0.05500218
    26     85      2    -1216.66081051        0.05500218
    26     86      2    -1218.80968960        0.05500218
    26     87      2    -1220.35026389        0.05500218
    26     88      2    -1217.27947431        0.05500218
    26     89      2    -1215.37477815        0.05500218
    26     90      2    -1218.59404637        0.05500218
    26     91      2    -1216.44341489        0.05500218
    26     92      2    -1218.94857426        0.05500218
    26     93      2    -1210.58150958        0.05500218
    26     94      2    -1214.79191870        0.05500218
    26     95      2    -1219.58286680        0.05500218
    26     96      2    -1216.25005562        0.05500218
    26     97      2    -1209.69252323        0.05500218
    26     98      2    -1213.54152295        0.05500218
    26     99      2    -1209.17342872        0.05500218
    26    100      2    -1220.51115096        0.05500218
    26    101      2    -1213.61853283        0.05500218
    26    102      2    -1211.65874283        0.05500218
    26    103      2    -1209.80750915        0.05500218
    26    104      2    -1212.33860583        0.05500218
    26    105      2    -1220.52105514        0.05500218
    26    106      2    -1219.52337479        0.05500218
    26    107      2    -1215.82437519        0.05500218
    26    108      2    -1218.05065762        0.05500218
    26    109      2    -1212.75204507        0.05500218
    26    110      2    -1216.29844876        0.05500218
    26    111      2    -1212.58371299        0.05500218
    26    112      2    -1219.89694205        0.05500218
    26    113      2    -1219.90149169        0.05500218
    26    114      2    -1222.54175113        0.05500218
    26    115      2    -1222.05714962        0.05500218
    26    116      2    -1222.53142063        0.05500218
    26    117      2    -1218.32635168        0.05500218
    26    118      2    -1222.58654367        0.05500218
    26    119      2    -1223.59525464        0.05500218
    26    120      2    -1226.30043757        0.05500218
    26    121      2    -1223.73632073        0.05500218
    26    122      2    -1223.64386116        0.05500218
    26    123      2    -1222.31834189        0.05500218
    26    124      2    -1228.15293530        0.05500218
    26    125      2    -1226.01285967        0.05500218
    26    126      2    -1223.73715728        0.05500218
    26    127      2    -1220.08159804        0.05500218
    26    128      2    -1220.08746698        0.05500218
    26    129      2    -1219.96323384        0.05500218
    26    130      2    -1223.88273367        0.05500218
    26    131      2    -1224.40654567        0.05500218
    26    132      2    -1228.01521855        0.05500218
    26    133      2    -1221.70249103        0.05500218
    26    134      2    -1228.72960770        0.05500218
    26    135      2    -1229.57462589        0.05500218
    26    136      2    -1228.45287438        0.05500218
    26    137      2    -1231.98802075        0.05500218
    26    138      2    -1230.13711334        0.05500218
    26    139      2    -1231.97047336        0.05500218
    26    140      2    -1234.92603355        0.05500218
    26    141      2    -1238.15347484        0.05500218
    26    142      2    -1233.21595818        0.05500218
    26    143      2    -1235.71840993        0.05500218
    26    144      2    -1236.57785058        0.05500218
    26    145      2    -1235.02318075        0.05500218
    26    146      2    -1232.63770357        0.05500218
    26    147      2    -1229.64615487        0.05500218
    26    148      2    -1227.07597585        0.05500218
    26    149      2    -1227.45490023        0.05500218
    26    150      2    -1233.18356009        0.05500218
    26    151      2    -1233.18356009        0.05500218
    26    152      2    -1233.18356009        0.05500218
    26    153      2    -1233.18356009        0.05500218
    26    154      2    -1233.18356009        0.05500218
    26    155      2    -1233.18356009        0.05500218
    26    156      2    -1233.18356009        0.05500218
    26    157      2    -1228.18912413        0.05500218
    26    158      2    -1226.62943806        0.05500218
    26    159      2    -1231.00194648        0.05500218
    26    160      2    -1225.58405750        0.05500218
    26    161      2    -1228.95213153        0.05500218
    26    162      2    -1233.97490959        0.05500218
    26    163      2    -1225.08376245        0.05500218
    26    164      2    -1235.60850074        0.05500218
    26    165      2    -1224.69846493        0.05500218
    26    166      2    -1232.23368958        0.05500218
    26    167      2    -1227.88721873        0.05500218
    26    168      2    -1234.71172324        0.05500218
    26    169      2    -1226.58683063        0.05500218
    26    170      2    -1232.04430672        0.05500218
    26    171      2    -1233.95657777        0.05500218
    26    172      2    -1214.70351272        0.05500218
    26    173      2    -1235.02709249        0.05500218
    26    174      2    -1223.83907089        0.05500218
    26    175      2    -1234.95220448        0.05500218
    26    176      2    -1227.34544864        0.05500218
    26    177      2    -1234.62543610        0.05500218
    26    178      2    -1235.41721190        0.05500218
    26    179      2    -1237.81521059        0.05500218
    26    180      2    -1243.51403456        0.05500218
    26    181      2    -1238.69820008        0.05500218
    26    182      2    -1241.24020131        0.05500218
    26    183      2    -1251.22867624        0.05500218
    26    184      2    -1246.72501539        0.05500218
    26    185      2    -1254.91826232        0.05500218
    26    186      2    -1252.52235910        0.05500218
    26    187      2    -1251.07424370        0.05500218
    26    188      2    -1270.83570781        0.05500218
    26    189      2    -1253.53128017        0.05500218
    26    190      2    -1272.34226107        0.05500218
    26    191      2    -1267.84112276        0.05500218
    26    192      2    -1271.60629649        0.05500218
    26    193      2    -1281.11834025        0.05500218
    26    194      2    -1260.28702650        0.05500218
    26    195      2    -1291.18885065        0.05500218
    26    196      2    -1273.87969309        0.05500218
    26    197      2    -1278.98375140        0.05500218
    26    198      2    -1268.39292264        0.05500218
    26    199      2    -1272.91179362        0.05500218
    27      0      2    -1039.15843879        0.05499852
    27      1      2    -1118.43678589        0.05499852
    27      2      2    -1072.66339038        0.05499852
    27      3      2    -1086.03336369        0.05499852
    27      4      2    -1079.79876624        0.05499852
    27      5      2    -1113.86813259        0.05499852
    27      6      2    -1067.33103499        0.05499852
    27      7      2    -1092.03577069        0.05499852
    27      8      2    -1050.47038234        0.05499852
    27      9      2    -1111.51854196        0.05499852
    27     10      2    -1124.35726497        0.05499852
    27     11      2    -1098.10803987        0.05499852
    27     12      2    -1142.60614725        0.05499852
    27     13      2    -1119.92527025        0.05499852
    27     14      2    -1125.73901422        0.05499852
    27     15      2    -1102.44943751        0.05499852
    27     16      2    -1111.09565908        0.05499852
    27     17      2    -1134.89858799        0.05499852
    27     18      2    -1131.01898559        0.05499852
    27     19      2    -1129.28654285        0.05499852
    27     20      2    -1131.20956111        0.05499852
    27     21      2    -1147.05416850        0.05499852
    27     22      2    -1445.07148370        0.05499852
    27     23      2    -1111.75805545        0.05499852
    27     24      2    -1125.82544960        0.05499852
    27     25      2    -1174.83728017        0.05499852
    27     26      2    -1166.41203866        0.05499852
    27     27      2    -1156.53010619        0.05499852
    27     28      2    -1200.47194790        0.05499852
    27     29      2    -1153.70102459        0.05499852
    27     30      2    -1229.77859019        0.05499852
    27     31      2    -1167.46626123        0.05499852
    27     32      2    -1185.52004724        0.05499852
    27     33      2    -1208.91211516        0.05499852
    27     34      2    -1183.20416136        0.05499852
    27     35      2    -1208.91521109        0.05499852
    27     36      2    -1178.29565572        0.05499852
    27     37      2    -1233.66172978        0.05499852
    27     38      2    -1233.66172978        0.05499852
    27     39      2    -1233.66172978        0.05499852
    27     40      2    -1233.66172978        0.05499852
    27     41      2    -1233.66172978        0.05499852
    27     42      2    -1233.66172978        0.05499852
    27     43      2    -1233.66172978        0.05499852
    27     44      2    -1233.66172978        0.05499852
    27     45      2    -1233.66172978        0.05499852
    27     46      2    -1210.78372014        0.05499852
    27     47      2    -1209.33401590        0.05499852
    27     48      2    -1211.52053949        0.05499852
    27     49      2    -1204.50779635        0.05499852
    27     50      2    -1224.54379002        0.05499852
    27     51      2    -1200.92175900        0.05499852
    27     52      2    -1221.82511281        0.05499852
    27     53      2    -1214.52975151        0.05499852
    27     54      2    -1215.66628666        0.05499852
    27     55      2    -1226.42915259        0.05499852
    27     56      2    -1208.25679834        0.05499852
    27     57      2    -1231.14136817        0.05499852
    27     58      2    -1215.53799973        0.05499852
    27     59      2    -1217.00124372        0.05499852
    27     60      2    -1232.83555877        0.05499852
    27     61      2    -1217.09066070        0.05499852
    27     62      2    -1235.35015564        0.05499852
    27     63      2    -1218.08470680        0.05499852
    27     64      2    -1224.88281421        0.05499852
    27     65      2    -1220.64267038        0.05499852
    27     66      2    -1220.61364926        0.05499852
    27     67      2    -1225.01094258        0.05499852
    27     68      2    -1220.93609189        0.05499852
    27     69      2    -1224.22896091        0.05499852
    27     70      2    -1214.32346367        0.05499852
    27     71      2    -1224.71683997        0.05499852
    27     72      2    -1213.68470039        0.05499852
    27     73      2    -1223.83240055        0.05499852
    27     74      2    -1212.17678050        0.05499852
    27     75      2    -1223.52631662        0.05499852
    27     76      2    -1209.22495935        0.05499852
    27     77      2    -1217.47090164        0.05499852
    27     78      2    -1208.35748431        0.05499852
    27     79      2    -1216.30696811        0.05499852
    27     80      2    -1207.50285316        0.05499852
    27     81      2    -1213.60102206        0.05499852
    27     82      2    -1207.42599091        0.05499852
    27     83      2    -1211.96128242        0.05499852
    27     84      2    -1204.78301919        0.05499852
    27     85      2    -1206.65457734        0.05499852
    27     86      2    -1202.86554382        0.05499852
    27     87      2    -1209.11492109        0.05499852
    27     88      2    -1205.84734884        0.05499852
    27     89      2    -1206.64306829        0.05499852
    27     90      2    -1203.20498015        0.05499852
    27     91      2    -1208.45697834        0.05499852
    27     92      2    -1203.02486494        0.05499852
    27     93      2    -1208.58132208        0.05499852
    27     94      2    -1210.30569856        0.05499852
    27     95      2    -1209.92020794        0.05499852
    27     96      2    -1196.31245811        0.05499852
    27     97      2    -1199.70886606        0.05499852
    27     98      2    -1212.61271084        0.05499852
    27     99      2    -1199.58280223        0.05499852
    27    100      2    -1215.16525008        0.05499852
    27    101      2    -1204.55671119        0.05499852
    27    102      2    -1212.97340933        0.05499852
    27    103      2    -1202.16598930        0.05499852
    27    104      2    -1215.62394832        0.05499852
    27    105      2    -1204.12884463        0.05499852
    27    106      2    -1211.71503014        0.05499852
    27    107      2    -1202.20744580        0.05499852
    27    108      2    -1212.61879185        0.05499852
    27    109      2    -1201.65652704        0.05499852
    27    110      2    -1213.76646174        0.05499852
    27    111      2    -1207.58064300        0.05499852
    27    112      2    -1217.49126948        0.05499852
    27    113      2    -1209.97402021        0.05499852
    27    114      2    -1218.64482381        0.05499852
    27    115      2    -1212.12950509        0.05499852
    27    116      2    -1220.11396282        0.05499852
    27    117      2    -1222.47684887        0.05499852
    27    118      2    -1217.65392303        0.05499852
    27    119      2    -1219.18577383        0.05499852
    27    120      2    -1223.43011005        0.05499852
    27    121      2    -1218.96430937        0.05499852
    27    122      2    -1225.21168516        0.05499852
    27    123      2    -1222.58063038        0.05499852
    27    124      2    -1225.99838406        0.05499852
    27    125      2    -1223.56557308        0.05499852
    27    126      2    -1221.44695301        0.05499852
    27    127      2    -1218.06476516        0.05499852
    27    128      2    -1219.49754742        0.05499852
    27    129      2    -1216.00254234        0.05499852
    27    130      2    -1216.85036357        0.05499852
    27    131      2    -1213.29500267        0.05499852
    27    132      2    -1216.99321109        0.05499852
    27    133      2    -1214.74902393        0.05499852
    27    134      2    -1221.45059269        0.05499852
    27    135      2    -1209.17615331        0.05499852
    27    136      2    -1218.24362651        0.05499852
    27    137      2    -1216.12566208        0.05499852
    27    138      2    -1222.51361114        0.05499852
    27    139      2    -1214.95555760        0.05499852
    27    140      2    -1222.43317200        0.05499852
    27    141      2    -1218.21273307        0.05499852
    27    142      2    -1220.79968141        0.05499852
    27    143      2    -1217.15313054        0.05499852
    27    144      2    -1218.07005464        0.05499852
    27    145      2    -1214.05330408        0.05499852
    27    146      2    -1220.71246140        0.05499852
    27    147      2    -1213.38520300        0.05499852
    27    148      2    -1213.28496968        0.05499852
    27    149      2    -1203.74234873        0.05499852
    27    150      2    -1233.66172978        0.05499852
    27    151      2    -1233.66172978        0.05499852
    27    152      2    -1233.66172978        0.05499852
    27    153      2    -1233.66172978        0.05499852
    27    154      2    -1233.66172978        0.05499852
    27    155      2    -1233.66172978        0.05499852
    27    156      2    -1233.66172978        0.05499852
    27    157      2    -1233.66172978        0.05499852
    27    158      2    -1233.66172978        0.05499852
    27    159      2    -1181.95664875        0.05499852
    27    160      2    -1196.46450707        0.05499852
    27    161      2    -1181.22460874        0.05499852
    27    162      2    -1185.55463498        0.05499852
    27    163      2    -1181.35377334        0.05499852
    27    164      2    -1183.55223167        0.05499852
    27    165      2    -1178.68608832        0.05499852
    27    166      2    -1171.39081216        0.05499852
    27    167      2    -1178.55324171        0.05499852
    27    168      2    -1185.50912252        0.05499852
    27    169      2    -1171.41056920        0.05499852
    27    170      2    -1182.57596057        0.05499852
    27    171      2    -1160.00873774        0.05499852
    27    172      2    -1171.81785535        0.05499852
    27    173      2    -1176.81212018        0.05499852
    27    174      2    -1181.77741286        0.05499852
    27    175      2    -1180.46693756        0.05499852
    27    176      2    -1199.29619725        0.05499852
    27    177      2    -1186.24918927        0.05499852
    27    178      2    -1209.24457512        0.05499852
    27    179      2    -1205.47705015        0.05499852
    27    180      2    -1219.04468135        0.05499852
    27    181      2    -1213.49826582        0.05499852
    27    182      2    -1237.30489842        0.05499852
    27    183      2    -1220.26347753        0.05499852
    27    184      2    -1248.72276142        0.05499852
    27    185      2    -1243.46801161        0.05499852
    27    186      2    -1252.14501272        0.05499852
    27    187      2    -1241.79936448        0.05499852
    27    188      2    -1269.76574671        0.05499852
    27    189      2    -1266.76365551        0.05499852
    27    190      2    -1255.17821487        0.05499852
    27    191      2    -1283.32674273        0.05499852
    27    192      2    -1280.89025553        0.05499852
    27    193      2    -1269.91597495        0.05499852
    27    194      2    -1283.50259521        0.05499852
    27    195      2    -1271.86104065        0.05499852
    28      0      2     -917.26590596        0.05490282
    28      1      2    -1016.04599160        0.05490282
    28      2      2    -1017.59297568        0.05490282
    28      3      2     -913.56315847        0.05490282
    28      4      2     -888.02598375        0.05490282
    28      5      2     -932.83255969        0.05490282
    28      6      2     -989.90490663        0.05490282
    28      7      2     -928.42361051        0.05490282
    28      8      2     -944.68751397        0.05490282
    28      9      2     -996.56307544        0.05490282
    28     10      2     -990.21567270        0.05490282
    28     11      2     -958.02424364        0.05490282
    28     12      2     -940.16148914        0.05490282
    28     13      2    -1012.12180744        0.05490282
    28     14      2     -946.20140989        0.05490282
    28     15      2    -1032.98353643        0.05490282
    28     16      2     -966.48462382        0.05490282
    28     17      2    -1046.03839570        0.05490282
    28     18      2    -1042.59172401        0.05490282
    28     19      2    -1001.17459445        0.05490282
    28     20      2    -1066.16080118        0.05490282
    28     21      2    -1107.57989808        0.05490282
    28     22      2    -1074.56409664        0.05490282
    28     23      2    -1075.60705314        0.05490282
    28     24      2    -1231.00966308        0.05490282
    28     25      2    -1231.00966308        0.05490282
    28     26      2    -1231.00966308        0.05490282
    28     27      2    -1231.00966308        0.05490282
    28     28      2    -1231.00966308        0.05490282
    28     29      2    -1231.00966308        0.05490282
    28     30      2    -1231.00966308        0.05490282
    28     31      2    -1231.00966308        0.05490282
    28     32      2    -1231.00966308        0.05490282
    28     33      2    -1179.45749121        0.05490282
    28     34      2    -1195.48260706        0.05490282
    28     35      2    -1195.41109646        0.05490282
    28     36      2    -1197.50717832        0.05490282
    28     37      2    -1205.85188309        0.05490282
    28     38      2    -1223.00367561        0.05490282
    28     39      2    -1216.62211940        0.05490282
    28     40      2    -1214.62442816        0.05490282
    28     41      2    -1237.08602230        0.05490282
    28     42      2    -1222.40862909        0.05490282
    28     43      2    -1242.31435242        0.05490282
    28     44      2    -1234.81649486        0.05490282
    28     45      2    -1245.29013663        0.05490282
    28     46      2    -1245.59189918        0.05490282
    28     47      2    -1246.46341537        0.05490282
    28     48      2    -1250.12444047        0.05490282
    28     49      2    -1256.72562322        0.05490282
    28     50      2    -1251.31838385        0.05490282
    28     51      2    -1258.05544350        0.05490282
    28     52      2    -1253.83763644        0.05490282
    28     53      2    -1255.39010729        0.05490282
    28     54      2    -1246.82970398        0.05490282
    28     55      2    -1260.09332152        0.05490282
    28     56      2    -1248.98402506        0.05490282
    28     57      2    -1257.08518446        0.05490282
    28     58      2    -1253.43084749        0.05490282
    28     59      2    -1254.51802094        0.05490282
    28     60      2    -1247.21942024        0.05490282
    28     61      2    -1255.45831337        0.05490282
    28     62      2    -1247.84425011        0.05490282
    28     63      2    -1246.14574017        0.05490282
    28     64      2    -1246.77150504        0.05490282
    28     65      2    -1246.44979740        0.05490282
    28     66      2    -1246.73470070        0.05490282
    28     67      2    -1246.13781299        0.05490282
    28     68      2    -1241.95430234        0.05490282
    28     69      2    -1240.26488696        0.05490282
    28     70      2    -1242.73324516        0.05490282
    28     71      2    -1239.72501817        0.05490282
    28     72      2    -1235.76202505        0.05490282
    28     73      2    -1243.33450415        0.05490282
    28     74      2    -1232.79422617        0.05490282
    28     75      2    -1244.58645662        0.05490282
    28     76      2    -1229.36432556        0.05490282
    28     77      2    -1243.67822730        0.05490282
    28     78      2    -1226.55717734        0.05490282
    28     79      2    -1243.83483501        0.05490282
    28     80      2    -1228.05024289        0.05490282
    28     81      2    -1239.30216724        0.05490282
    28     82      2    -1223.62684532        0.05490282
    28     83      2    -1238.76566866        0.05490282
    28     84      2    -1229.18180579        0.05490282
    28     85      2    -1233.31621295        0.05490282
    28     86      2    -1224.03129768        0.05490282
    28     87      2    -1234.61062424        0.05490282
    28     88      2    -1215.40498611        0.05490282
    28     89      2    -1229.52593553        0.05490282
    28     90      2    -1242.52110452        0.05490282
    28     91      2    -1227.68960894        0.05490282
    28     92      2    -1239.01179873        0.05490282
    28     93      2    -1230.32195761        0.05490282
    28     94      2    -1239.71197422        0.05490282
    28     95      2    -1230.83150720        0.05490282
    28     96      2    -1243.20864299        0.05490282
    28     97      2    -1230.33709062        0.05490282
    28     98      2    -1239.02739481        0.05490282
    28     99      2    -1230.02691292        0.05490282
    28    100      2    -1240.62390082        0.05490282
    28    101      2    -1232.35129194        0.05490282
    28    102      2    -1245.84347735        0.05490282
    28    103      2    -1239.95314874        0.05490282
    28    104      2    -1250.88269310        0.05490282
    28    105      2    -1240.53994173        0.05490282
    28    106      2    -1250.37551197        0.05490282
    28    107      2    -1241.85996788        0.05490282
    28    108      2    -1254.46450045        0.05490282
    28    109      2    -1243.11963030        0.05490282
    28    110      2    -1256.72459793        0.05490282
    28    111      2    -1245.77037661        0.05490282
    28    112      2    -1258.39040843        0.05490282
    28    113      2    -1247.79418548        0.05490282
    28    114      2    -1261.14482729        0.05490282
    28    115      2    -1249.76114874        0.05490282
    28    116      2    -1261.72597318        0.05490282
    28    117      2    -1252.28468822        0.05490282
    28    118      2    -1261.99383949        0.05490282
    28    119      2    -1249.47469207        0.05490282
    28    120      2    -1260.89262578        0.05490282
    28    121      2    -1248.76040105        0.05490282
    28    122      2    -1252.74968481        0.05490282
    28    123      2    -1244.09392146        0.05490282
    28    124      2    -1250.96278567        0.05490282
    28    125      2    -1241.17169143        0.05490282
    28    126      2    -1248.81880645        0.05490282
    28    127      2    -1235.85843380        0.05490282
    28    128      2    -1248.42961229        0.05490282
    28    129      2    -1232.91136626        0.05490282
    28    130      2    -1241.17603850        0.05490282
    28    131      2    -1233.57627809        0.05490282
    28    132      2    -1237.84384296        0.05490282
    28    133      2    -1227.35683514        0.05490282
    28    134      2    -1233.52433806        0.05490282
    28    135      2    -1226.22619713        0.05490282
    28    136      2    -1229.40072633        0.05490282
    28    137      2    -1218.03034557        0.05490282
    28    138      2    -1229.62208936        0.05490282
    28    139      2    -1208.80015412        0.05490282
    28    140      2    -1223.41702253        0.05490282
    28    141      2    -1201.29542457        0.05490282
    28    142      2    -1201.08658932        0.05490282
    28    143      2    -1206.95918290        0.05490282
    28    144      2    -1192.62349330        0.05490282
    28    145      2    -1231.00966308        0.05490282
    28    146      2    -1231.00966308        0.05490282
    28    147      2    -1231.00966308        0.05490282
    28    148      2    -1231.00966308        0.05490282
    28    149      2    -1231.00966308        0.05490282
    28    150      2    -1231.00966308        0.05490282
    28    151      2    -1231.00966308        0.05490282
    28    152      2    -1231.00966308        0.05490282
    28    153      2    -1231.00966308        0.05490282
    28    154      2    -1120.17727992        0.05490282
    28    155      2    -1124.42149219        0.05490282
    28    156      2    -1103.33261394        0.05490282
    28    157      2    -1107.68882396        0.05490282
    28    158      2    -1128.86098149        0.05490282
    28    159      2    -1075.72519658        0.05490282
    28    160      2    -1111.22127329        0.05490282
    28    161      2    -1112.31249704        0.05490282
    28    162      2    -1115.84109397        0.05490282
    28    163      2    -1098.46011719        0.05490282
    28    164      2    -1108.78334445        0.05490282
    28    165      2    -1118.49305384        0.05490282
    28    166      2    -1118.53610448        0.05490282
    28    167      2    -1107.95226476        0.05490282
    28    168      2    -1140.24198900        0.05490282
    28    169      2    -1148.85734116        0.05490282
    28    170      2    -1148.66839271        0.05490282
    28    171      2    -1176.58225084        0.05490282
    28    172      2    -1182.61631282        0.05490282
    28    173      2    -1182.88404650        0.05490282
    28    174      2    -1214.27777547        0.05490282
    28    175      2    -1206.66851125        0.05490282
    28    176      2    -1220.24206857        0.05490282
    28    177      2    -1216.76262984        0.05490282
    29      0      2    -1232.97829320        0.05501610
    29      1      2    -1232.97829320        0.05501610
    29      2      2    -1232.97829320        0.05501610
    29      3      2    -1232.97829320        0.05501610
    29      4      2    -1232.97829320        0.05501610
    29      5      2     -967.93959798        0.05501610
    29      6      2    -1043.91190283        0.05501610
    29      7      2    -1087.50622238        0.05501610
    29      8      2    -1095.71656765        0.05501610
    29      9      2    -1066.01220431        0.05501610
    29     10      2    -1125.17259444        0.05501610
    29     11      2    -1121.11034883        0.05501610
    29     12      2    -1187.85622135        0.05501610
    29     13      2    -1131.49640606        0.05501610
    29     14      2    -1200.03409762        0.05501610
    29     15      2    -1184.29407706        0.05501610
    29     16      2    -1207.03838952        0.05501610
    29     17      2    -1201.75092178        0.05501610
    29     18      2    -1214.68520177        0.05501610
    29     19      2    -1227.84201494        0.05501610
    29     20      2    -1226.35463316        0.05501610
    29     21      2    -1241.70004693        0.05501610
    29     22      2    -1237.54761814        0.05501610
    29     23      2    -1243.36562666        0.05501610
    29     24      2    -1250.47084945        0.05501610
    29     25      2    -1248.17560479        0.05501610
    29     26      2    -1257.07049246        0.05501610
    29     27      2    -1251.75191169        0.05501610
    29     28      2    -1254.22920123        0.05501610
    29     29      2    -1258.16630997        0.05501610
    29     30      2    -1250.80063682        0.05501610
    29     31      2    -1258.53903725        0.05501610
    29     32      2    -1253.18787443        0.05501610
    29     33      2    -1263.70204553        0.05501610
    29     34      2    -1248.31269505        0.05501610
    29     35      2    -1264.46184439        0.05501610
    29     36      2    -1250.18447728        0.05501610
    29     37      2    -1258.32340694        0.05501610
    29     38      2    -1250.15775673        0.05501610
    29     39      2    -1257.58388671        0.05501610
    29     40      2    -1252.26496339        0.05501610
    29     41      2    -1251.13753089        0.05501610
    29     42      2    -1260.83054848        0.05501610
    29     43      2    -1248.94536876        0.05501610
    29     44      2    -1254.56420864        0.05501610
    29     45      2    -1253.92616717        0.05501610
    29     46      2    -1248.21442672        0.05501610
    29     47      2    -1253.78193591        0.05501610
    29     48      2    -1253.58964032        0.05501610
    29     49      2    -1246.96363526        0.05501610
    29     50      2    -1255.46730157        0.05501610
    29     51      2    -1249.55066933        0.05501610
    29     52      2    -1246.76790558        0.05501610
    29     53      2    -1250.10766058        0.05501610
    29     54      2    -1245.05864139        0.05501610
    29     55      2    -1247.74196354        0.05501610
    29     56      2    -1241.85290824        0.05501610
    29     57      2    -1248.77437970        0.05501610
    29     58      2    -1245.88208794        0.05501610
    29     59      2    -1241.98972060        0.05501610
    29     60      2    -1239.65181052        0.05501610
    29     61      2    -1242.37639460        0.05501610
    29     62      2    -1244.55807547        0.05501610
    29     63      2    -1238.46032854        0.05501610
    29     64      2    -1236.71904445        0.05501610
    29     65      2    -1241.16403853        0.05501610
    29     66      2    -1227.41794196        0.05501610
    29     67      2    -1242.06184468        0.05501610
    29     68      2    -1231.37625928        0.05501610
    29     69      2    -1239.10770058        0.05501610
    29     70      2    -1227.41947155        0.05501610
    29     71      2    -1241.20700412        0.05501610
    29     72      2    -1230.56005429        0.05501610
    29     73      2    -1238.60500212        0.05501610
    29     74      2    -1227.46793569        0.05501610
    29     75      2    -1236.99501893        0.05501610
    29     76      2    -1224.39048592        0.05501610
    29     77      2    -1236.92679122        0.05501610
    29     78      2    -1231.84321817        0.05501610
    29     79      2    -1244.77087333        0.05501610
    29     80      2    -1237.80256156        0.05501610
    29     81      2    -1243.19837313        0.05501610
    29     82      2    -1241.31207352        0.05501610
    29     83      2    -1241.69119693        0.05501610
    29     84      2    -1244.81008807        0.05501610
    29     85      2    -1248.11265999        0.05501610
    29     86      2    -1250.13703638        0.05501610
    29     87      2    -1249.15333373        0.05501610
    29     88      2    -1249.67307500        0.05501610
    29     89      2    -1253.14962955        0.05501610
    29     90      2    -1248.06796543        0.05501610
    29     91      2    -1251.78262080        0.05501610
    29     92      2    -1254.96398151        0.05501610
    29     93      2    -1246.49375553        0.05501610
    29     94      2    -1254.29745560        0.05501610
    29     95      2    -1255.83621537        0.05501610
    29     96      2    -1249.44943320        0.05501610
    29     97      2    -1254.47175951        0.05501610
    29     98      2    -1248.81759016        0.05501610
    29     99      2    -1247.56077879        0.05501610
    29    100      2    -1249.69982592        0.05501610
    29    101      2    -1244.89443753        0.05501610
    29    102      2    -1243.73012728        0.05501610
    29    103      2    -1244.21966253        0.05501610
    29    104      2    -1236.39346507        0.05501610
    29    105      2    -1241.86025822        0.05501610
    29    106      2    -1231.69948326        0.05501610
    29    107      2    -1231.91423816        0.05501610
    29    108      2    -1222.62279651        0.05501610
    29    109      2    -1227.71263217        0.05501610
    29    110      2    -1206.21219532        0.05501610
    29    111      2    -1215.02666590        0.05501610
    29    112      2    -1200.18309904        0.05501610
    29    113      2    -1199.52004664        0.05501610
    29    114      2    -1193.59022303        0.05501610
    29    115      2    -1183.95495060        0.05501610
    29    116      2    -1168.95467446        0.05501610
    29    117      2    -1148.87554263        0.05501610
    29    118      2    -1203.87986920        0.05501610
    29    119      2    -1136.30878802        0.05501610
    29    120      2    -1109.16026875        0.05501610
    29    121      2    -1106.86574390        0.05501610
    29    122      2    -1070.36616555        0.05501610
    29    123      2    -1090.67361703        0.05501610
    29    124      2    -1049.47434103        0.05501610
    29    125      2    -1232.97829320        0.05501610
    29    126      2    -1232.97829320        0.05501610
    29    127      2    -1232.97829320        0.05501610
    29    128      2    -1232.97829320        0.05501610
    29    129      2    -1232.97829320        0.05501610
    30      0      2     -953.31696969        0.05504263
    30      1      2    -1093.55319627        0.05504263
    30      2      2    -1166.81555502        0.05504263
    30      3      2    -1098.38793466        0.05504263
    30      4      2    -1075.78949912        0.05504263
    30      5      2    -1116.57940713        0.05504263
    30      6      2    -1109.84401454        0.05504263
    30      7      2    -1125.08643341        0.05504263
    30      8      2    -1148.54720492        0.05504263
    30      9      2    -1167.58519280        0.05504263
    30     10      2    -1155.04660106        0.05504263
    30     11      2    -1184.74606983        0.05504263
    30     12      2    -1169.40728135        0.05504263
    30     13      2    -1188.54573966        0.05504263
    30     14      2    -1194.14621467        0.05504263
    30     15      2    -1188.14051636        0.05504263
    30     16      2    -1203.37177389        0.05504263
    30     17      2    -1198.08712517        0.05504263
    30     18      2    -1206.88253653        0.05504263
    30     19      2    -1209.88597368        0.05504263
    30     20      2    -1207.55152134        0.05504263
    30     21      2    -1209.35413245        0.05504263
    30     22      2    -1212.91762138        0.05504263
    30     23      2    -1212.29097390        0.05504263
    30     24      2    -1213.64377865        0.05504263
    30     25      2    -1214.25467058        0.05504263
    30     26      2    -1211.31211879        0.05504263
    30     27      2    -1226.55544484        0.05504263
    30     28      2    -1199.40906068        0.05504263
    30     29      2    -1225.86440549        0.05504263
    30     30      2    -1217.50881565        0.05504263
    30     31      2    -1213.28143780        0.05504263
    30     32      2    -1216.48061753        0.05504263
    30     33      2    -1208.04529201        0.05504263
    30     34      2    -1215.85231264        0.05504263
    30     35      2    -1210.26529957        0.05504263
    30     36      2    -1214.86832292        0.05504263
    30     37      2    -1207.61292122        0.05504263
    30     38      2    -1210.85678075        0.05504263
    30     39      2    -1202.43894791        0.05504263
    30     40      2    -1213.10346090        0.05504263
    30     41      2    -1202.75258716        0.05504263
    30     42      2    -1211.01668229        0.05504263
    30     43      2    -1197.16074609        0.05504263
    30     44      2    -1206.27092024        0.05504263
    30     45      2    -1194.83122036        0.05504263
    30     46      2    -1202.27086709        0.05504263
    30     47      2    -1193.55165329        0.05504263
    30     48      2    -1200.59836273        0.05504263
    30     49      2    -1188.15129317        0.05504263
    30     50      2    -1197.58934412        0.05504263
    30     51      2    -1195.59356656        0.05504263
    30     52      2    -1189.10656698        0.05504263
    30     53      2    -1178.21075488        0.05504263
    30     54      2    -1191.47064658        0.05504263
    30     55      2    -1187.90290859        0.05504263
    30     56      2    -1194.03231111        0.05504263
    30     57      2    -1181.60106345        0.05504263
    30     58      2    -1188.96079250        0.05504263
    30     59      2    -1178.46998611        0.05504263
    30     60      2    -1186.04486908        0.05504263
    30     61      2    -1180.45245077        0.05504263
    30     62      2    -1185.88382195        0.05504263
    30     63      2    -1176.08921511        0.05504263
    30     64      2    -1177.77713421        0.05504263
    30     65      2    -1172.97203208        0.05504263
    30     66      2    -1183.03477701        0.05504263
    30     67      2    -1181.31321627        0.05504263
    30     68      2    -1189.64298339        0.05504263
    30     69      2    -1177.51808888        0.05504263
    30     70      2    -1190.76595248        0.05504263
    30     71      2    -1180.70355743        0.05504263
    30     72      2    -1191.22329203        0.05504263
    30     73      2    -1184.27907837        0.05504263
    30     74      2    -1192.70439397        0.05504263
    30     75      2    -1187.08274694        0.05504263
    30     76      2    -1196.09621222        0.05504263
    30     77      2    -1187.37238196        0.05504263
    30     78      2    -1195.37271511        0.05504263
    30     79      2    -1186.58689014        0.05504263
    30     80      2    -1193.23623521        0.05504263
    30     81      2    -1183.47273442        0.05504263
    30     82      2    -1195.47848824        0.05504263
    30     83      2    -1180.13852832        0.05504263
    30     84      2    -1188.99927051        0.05504263
    30     85      2    -1174.53769089        0.05504263
    30     86      2    -1188.25863920        0.05504263
    30     87      2    -1172.44299794        0.05504263
    30     88      2    -1185.38956577        0.05504263
    30     89      2    -1173.07806160        0.05504263
    30     90      2    -1182.39341139        0.05504263
    30     91      2    -1167.56018467        0.05504263
    30     92      2    -1175.31574213        0.05504263
    30     93      2    -1154.69684875        0.05504263
    30     94      2    -1162.90357071        0.05504263
    30     95      2    -1154.23011598        0.05504263
    30     96      2    -1161.79130747        0.05504263
    30     97      2    -1140.11124387        0.05504263
    30     98      2    -1143.09708766        0.05504263
    30     99      2    -1119.36441116        0.05504263
    30    100      2    -1128.87654433        0.05504263
    30    101      2    -1088.45088060        0.05504263
    30    102      2    -1142.10080920        0.05504263
    30    103      2    -1082.55655212        0.05504263
    30    104      2    -1073.99577081        0.05504263
    30    105      2    -1043.71962297        0.05504263
    30    106      2    -1051.13889467        0.05504263
    30    107      2    -1029.40079007        0.05504263
    31      0      2    -1090.38382715        0.05504979
    31      1      2    -1116.46145730        0.05504979
    31      2      2    -1154.87153966        0.05504979
    31      3      2    -1129.70321495        0.05504979
    31      4      2    -1157.23247362        0.05504979
    31      5      2    -1158.86583617        0.05504979
    31      6      2    -1172.22756196        0.05504979
    31      7      2    -1171.23204404        0.05504979
    31      8      2    -1194.26286425        0.05504979
    31      9      2    -1180.19562031        0.05504979
    31     10      2    -1203.73743137        0.05504979
    31     11      2    -1193.21684314        0.05504979
    31     12      2    -1202.96156925        0.05504979
    31     13      2    -1200.33421584        0.05504979
    31     14      2    -1213.47696866        0.05504979
    31     15      2    -1206.43700183        0.05504979
    31     16      2    -1204.69795198        0.05504979
    31     17      2    -1213.57425948        0.05504979
    31     18      2    -1196.63435025        0.05504979
    31     19      2    -1220.10907236        0.05504979
    31     20      2    -1202.89217141        0.05504979
    31     21      2    -1215.52255478        0.05504979
    31     22      2    -1210.61060626        0.05504979
    31     23      2    -1210.32206737        0.05504979
    31     24      2    -1205.19288353        0.05504979
    31     25      2    -1210.10984808        0.05504979
    31     26      2    -1204.09680451        0.05504979
    31     27      2    -1206.92789502        0.05504979
    31     28      2    -1196.45848483        0.05504979
    31     29      2    -1199.58513671        0.05504979
    31     30      2    -1205.77506297        0.05504979
    31     31      2    -1196.73726642        0.05504979
    31     32      2    -1193.53386450        0.05504979
    31     33      2    -1195.32971339        0.05504979
    31     34      2    -1191.34458085        0.05504979
    31     35      2    -1186.29752403        0.05504979
    31     36      2    -1188.01946766        0.05504979
    31     37      2    -1184.32503363        0.05504979
    31     38      2    -1178.59366685        0.05504979
    31     39      2    -1163.34833259        0.05504979
    31     40      2    -1174.41399020        0.05504979
    31     41      2    -1166.11686821        0.05504979
    31     42      2    -1169.71087934        0.05504979
    31     43      2    -1167.62217984        0.05504979
    31     44      2    -1160.26702016        0.05504979
    31     45      2    -1163.82116261        0.05504979
    31     46      2    -1161.21440854        0.05504979
    31     47      2    -1164.72516556        0.05504979
    31     48      2    -1159.75765219        0.05504979
    31     49      2    -1151.13438574        0.05504979
    31     50      2    -1167.94020755        0.05504979
    31     51      2    -1166.18696740        0.05504979
    31     52      2    -1166.32054374        0.05504979
    31     53      2    -1158.84518979        0.05504979
    31     54      2    -1154.56551379        0.05504979
    31     55      2    -1150.95041033        0.05504979
    31     56      2    -1154.61325285        0.05504979
    31     57      2    -1153.67176918        0.05504979
    31     58      2    -1163.30527568        0.05504979
    31     59      2    -1159.43570631        0.05504979
    31     60      2    -1166.35240988        0.05504979
    31     61      2    -1166.57761830        0.05504979
    31     62      2    -1176.95287985        0.05504979
    31     63      2    -1172.93260453        0.05504979
    31     64      2    -1166.92696567        0.05504979
    31     65      2    -1178.51028884        0.05504979
    31     66      2    -1172.50935870        0.05504979
    31     67      2    -1173.52809657        0.05504979
    31     68      2    -1170.94707407        0.05504979
    31     69      2    -1173.07627892        0.05504979
    31     70      2    -1160.94649150        0.05504979
    31     71      2    -1178.77537648        0.05504979
    31     72      2    -1164.06154451        0.05504979
    31     73      2    -1169.93438286        0.05504979
    31     74      2    -1160.66547783        0.05504979
    31     75      2    -1165.13950009        0.05504979
    31     76      2    -1156.95931597        0.05504979
    31     77      2    -1157.00201605        0.05504979
    31     78      2    -1147.22138053        0.05504979
    31     79      2    -1144.55700787        0.05504979
    31     80      2    -1127.02727031        0.05504979
    31     81      2    -1141.62529594        0.05504979
    31     82      2    -1127.93106574        0.05504979
    31     83      2    -1126.79808952        0.05504979
    31     84      2    -1122.05684095        0.05504979
    31     85      2    -1113.86904548        0.05504979
    31     86      2    -1096.15346916        0.05504979
    31     87      2    -1090.22361992        0.05504979
    31     88      2    -1080.13994251        0.05504979
    31     89      2    -1089.03026516        0.05504979
########################################
# Coboparameter                        #
# no parameter corresponds to be 50.   #
########################################
#Cobo 	dummy	ATY	p0	p1     p2
       0       0       3      -80     19.62084395      0.01000000
       1       0       3      -80     18.82458509      0.01000000
       2       0       3      -80     18.62193640      0.01000000
       3       0       3      -80    -30.62884829      0.01000000
       4       0       3      -80    -11.81180552      0.01000000
       5       0       3      -80     18.02216065      0.01000000
       6       0       3      -80     17.42333373      0.01000000
       7       0       3      -80     18.62246189      0.01000000
#####################################################################
# TPC Resolution Parameter (L : p0)			            #
# res_xz^2 = p0^2 + p2^2/(exp(-p1*y)/p3*y + p4^2/12*tan(alpha)^2/p5 #
# res_y^2 = p6^2 + p7^2/(exp(-p1*y)/p8*y                            #
#####################################################################
#B    INorOUt  ATY	p0	p1	p2	p3	p4	p5	p6	p7	p8
#
0	0	4	0.75030000	0.00000000	0.35560000	100.00000000	9.00000000	1.69080000	1.00000000	0.00000000	1.00000000
0	1	4	0.38710000	0.00000000	0.35560000	100.00000000	12.50000000	3.65020000	1.00000000	0.00000000	1.00000000
1	0	4	0.75030000	0.00000000	0.09530000	100.00000000	9.00000000	1.69080000	1.00000000	0.00000000	1.00000000
1	1	4	0.38710000	0.00000000	0.09530000	100.00000000	12.50000000	3.65020000	1.00000000	0.00000000	1.00000000
