#
#  TPCParam_e72_run02448
#  Gain Calib : HS On HTOF calib (20260616 ver)
#  Cobo Phaseshift : run02448
#  
#______________________________________________________________________________
#
# Layer	Row	ATY	p0	p1
#
########################################
# TPC ADC : cde = (de-p0)*p1           #
########################################
     0      0      0      0.00000000      1.35199057
     0      1      0      0.00000000      1.35199057
     0      2      0      0.00000000      1.35199057
     0      3      0      0.00000000      1.35199057
     0      4      0      0.00000000      1.35199057
     0      5      0      0.00000000      1.35199057
     0      6      0      0.00000000      1.35199057
     0      7      0      0.00000000      1.35199057
     0      8      0      0.00000000      1.35199057
     0      9      0      0.00000000      1.35199057
     0     10      0      0.00000000      1.35199057
     0     11      0      0.00000000      1.35199057
     0     12      0      0.00000000      1.35199057
     0     13      0      0.00000000      1.35199057
     0     14      0      0.00000000      1.35199057
     0     15      0      0.00000000      1.35199057
     0     16      0      0.00000000      1.35199057
     0     17      0      0.00000000      1.35199057
     0     18      0      0.00000000      1.35199057
     0     19      0      0.00000000      1.35199057
     0     20      0      0.00000000      1.35199057
     0     21      0      0.00000000      1.35199057
     0     22      0      0.00000000      1.35199057
     0     23      0      0.00000000      1.35199057
     0     24      0      0.00000000      1.35199057
     0     25      0      0.00000000      1.35199057
     0     26      0      0.00000000      1.35199057
     0     27      0      0.00000000      1.35199057
     0     28      0      0.00000000      1.35199057
     0     29      0      0.00000000      1.35199057
     0     30      0      0.00000000      1.35199057
     0     31      0      0.00000000      1.35199057
     0     32      0      0.00000000      1.35199057
     0     33      0      0.00000000      1.35199057
     0     34      0      0.00000000      1.35199057
     0     35      0      0.00000000      1.35199057
     0     36      0      0.00000000      1.35199057
     0     37      0      0.00000000      1.35199057
     0     38      0      0.00000000      1.35199057
     0     39      0      0.00000000      1.35199057
     0     40      0      0.00000000      1.35199057
     0     41      0      0.00000000      1.35199057
     0     42      0      0.00000000      1.35199057
     0     43      0      0.00000000      1.35199057
     0     44      0      0.00000000      1.35199057
     0     45      0      0.00000000      1.35199057
     0     46      0      0.00000000      1.35199057
     0     47      0      0.00000000      1.35199057
     1      0      0      0.00000000      1.35199057
     1      1      0      0.00000000      1.35199057
     1      2      0      0.00000000      1.35199057
     1      3      0      0.00000000      1.35199057
     1      4      0      0.00000000      1.35199057
     1      5      0      0.00000000      1.35199057
     1      6      0      0.00000000      1.35199057
     1      7      0      0.00000000      1.35199057
     1      8      0      0.00000000      1.35199057
     1      9      0      0.00000000      1.35199057
     1     10      0      0.00000000      1.35199057
     1     11      0      0.00000000      1.35199057
     1     12      0      0.00000000      1.35199057
     1     13      0      0.00000000      1.35199057
     1     14      0      0.00000000      1.35199057
     1     15      0      0.00000000      1.35199057
     1     16      0      0.00000000      1.35199057
     1     17      0      0.00000000      1.35199057
     1     18      0      0.00000000      1.04449758
     1     19      0      0.00000000      1.35199057
     1     20      0      0.00000000      1.35199057
     1     21      0      0.00000000      1.35199057
     1     22      0      0.00000000      1.35199057
     1     23      0      0.00000000      1.35199057
     1     24      0      0.00000000      1.35199057
     1     25      0      0.00000000      1.35199057
     1     26      0      0.00000000      1.35199057
     1     27      0      0.00000000      1.35199057
     1     28      0      0.00000000      1.35199057
     1     29      0      0.00000000      1.35199057
     1     30      0      0.00000000      1.35199057
     1     31      0      0.00000000      1.35199057
     1     32      0      0.00000000      1.35199057
     1     33      0      0.00000000      1.35199057
     1     34      0      0.00000000      1.35199057
     1     35      0      0.00000000      1.35199057
     1     36      0      0.00000000      1.35199057
     1     37      0      0.00000000      1.35199057
     1     38      0      0.00000000      1.35199057
     1     39      0      0.00000000      1.35199057
     1     40      0      0.00000000      1.35199057
     1     41      0      0.00000000      1.35199057
     1     42      0      0.00000000      1.35199057
     1     43      0      0.00000000      1.35199057
     1     44      0      0.00000000      1.35199057
     1     45      0      0.00000000      1.35199057
     1     46      0      0.00000000      1.35199057
     1     47      0      0.00000000      1.35199057
     2      0      0      0.00000000      1.35199057
     2      1      0      0.00000000      1.35199057
     2      2      0      0.00000000      1.35199057
     2      3      0      0.00000000      1.35199057
     2      4      0      0.00000000      1.35199057
     2      5      0      0.00000000      1.35199057
     2      6      0      0.00000000      1.35199057
     2      7      0      0.00000000      1.35199057
     2      8      0      0.00000000      1.35199057
     2      9      0      0.00000000      1.35199057
     2     10      0      0.00000000      1.35199057
     2     11      0      0.00000000      1.35199057
     2     12      0      0.00000000      1.35199057
     2     13      0      0.00000000      1.35199057
     2     14      0      0.00000000      1.35199057
     2     15      0      0.00000000      1.35199057
     2     16      0      0.00000000      1.35199057
     2     17      0      0.00000000      1.35199057
     2     18      0      0.00000000      1.35199057
     2     19      0      0.00000000      1.35199057
     2     20      0      0.00000000      1.35199057
     2     21      0      0.00000000      1.35199057
     2     22      0      0.00000000      1.35199057
     2     23      0      0.00000000      1.35199057
     2     24      0      0.00000000      1.35199057
     2     25      0      0.00000000      1.35199057
     2     26      0      0.00000000      1.35199057
     2     27      0      0.00000000      1.35199057
     2     28      0      0.00000000      1.35199057
     2     29      0      0.00000000      1.35199057
     2     30      0      0.00000000      1.35199057
     2     31      0      0.00000000      1.35199057
     2     32      0      0.00000000      1.35199057
     2     33      0      0.00000000      1.35199057
     2     34      0      0.00000000      1.35199057
     2     35      0      0.00000000      1.35199057
     2     36      0      0.00000000      1.35199057
     2     37      0      0.00000000      1.35199057
     2     38      0      0.00000000      1.35199057
     2     39      0      0.00000000      1.35199057
     2     40      0      0.00000000      1.35199057
     2     41      0      0.00000000      1.35199057
     2     42      0      0.00000000      1.35199057
     2     43      0      0.00000000      1.35199057
     2     44      0      0.00000000      1.35199057
     2     45      0      0.00000000      1.35199057
     2     46      0      0.00000000      1.35199057
     2     47      0      0.00000000      1.35199057
     2     48      0      0.00000000      1.35199057
     2     49      0      0.00000000      1.35199057
     2     50      0      0.00000000      1.35199057
     2     51      0      0.00000000      1.35199057
     2     52      0      0.00000000      1.35199057
     2     53      0      0.00000000      1.35199057
     2     54      0      0.00000000      1.35199057
     2     55      0      0.00000000      1.35199057
     2     56      0      0.00000000      1.35199057
     2     57      0      0.00000000      1.35199057
     2     58      0      0.00000000      1.35199057
     2     59      0      0.00000000      1.35199057
     2     60      0      0.00000000      1.35199057
     2     61      0      0.00000000      1.35199057
     2     62      0      0.00000000      1.35199057
     2     63      0      0.00000000      1.35199057
     2     64      0      0.00000000      1.35199057
     2     65      0      0.00000000      1.35199057
     2     66      0      0.00000000      1.35199057
     2     67      0      0.00000000      1.35199057
     2     68      0      0.00000000      1.35199057
     2     69      0      0.00000000      1.35199057
     2     70      0      0.00000000      1.35199057
     2     71      0      0.00000000      1.35199057
     3      0      0      0.00000000      1.35199057
     3      1      0      0.00000000      1.35199057
     3      2      0      0.00000000      1.35199057
     3      3      0      0.00000000      1.35199057
     3      4      0      0.00000000      1.35199057
     3      5      0      0.00000000      1.35199057
     3      6      0      0.00000000      1.35199057
     3      7      0      0.00000000      1.35199057
     3      8      0      0.00000000      1.35199057
     3      9      0      0.00000000      1.35199057
     3     10      0      0.00000000      1.35199057
     3     11      0      0.00000000      1.35199057
     3     12      0      0.00000000      1.35199057
     3     13      0      0.00000000      1.35199057
     3     14      0      0.00000000      1.35199057
     3     15      0      0.00000000      1.35199057
     3     16      0      0.00000000      1.35199057
     3     17      0      0.00000000      1.35199057
     3     18      0      0.00000000      1.35199057
     3     19      0      0.00000000      1.35199057
     3     20      0      0.00000000      1.35199057
     3     21      0      0.00000000      1.35199057
     3     22      0      0.00000000      1.35199057
     3     23      0      0.00000000      1.35199057
     3     24      0      0.00000000      1.35199057
     3     25      0      0.00000000      1.35199057
     3     26      0      0.00000000      1.35199057
     3     27      0      0.00000000      1.35199057
     3     28      0      0.00000000      1.35199057
     3     29      0      0.00000000      1.35199057
     3     30      0      0.00000000      1.35199057
     3     31      0      0.00000000      1.35199057
     3     32      0      0.00000000      1.35199057
     3     33      0      0.00000000      1.35199057
     3     34      0      0.00000000      1.35199057
     3     35      0      0.00000000      1.35199057
     3     36      0      0.00000000      1.35199057
     3     37      0      0.00000000      1.35199057
     3     38      0      0.00000000      1.35199057
     3     39      0      0.00000000      1.35199057
     3     40      0      0.00000000      1.35199057
     3     41      0      0.00000000      1.35199057
     3     42      0      0.00000000      1.35199057
     3     43      0      0.00000000      1.35199057
     3     44      0      0.00000000      1.35199057
     3     45      0      0.00000000      1.35199057
     3     46      0      0.00000000      1.35199057
     3     47      0      0.00000000      1.35199057
     3     48      0      0.00000000      1.35199057
     3     49      0      0.00000000      1.35199057
     3     50      0      0.00000000      1.35199057
     3     51      0      0.00000000      1.35199057
     3     52      0      0.00000000      1.35199057
     3     53      0      0.00000000      1.35199057
     3     54      0      0.00000000      1.35199057
     3     55      0      0.00000000      1.35199057
     3     56      0      0.00000000      1.35199057
     3     57      0      0.00000000      1.35199057
     3     58      0      0.00000000      1.35199057
     3     59      0      0.00000000      1.35199057
     3     60      0      0.00000000      1.35199057
     3     61      0      0.00000000      1.35199057
     3     62      0      0.00000000      1.35199057
     3     63      0      0.00000000      1.35199057
     3     64      0      0.00000000      1.35199057
     3     65      0      0.00000000      1.35199057
     3     66      0      0.00000000      1.35199057
     3     67      0      0.00000000      1.35199057
     3     68      0      0.00000000      1.35199057
     3     69      0      0.00000000      1.35199057
     3     70      0      0.00000000      1.35199057
     3     71      0      0.00000000      1.35199057
     3     72      0      0.00000000      1.35199057
     3     73      0      0.00000000      1.35199057
     3     74      0      0.00000000      1.35199057
     3     75      0      0.00000000      1.35199057
     3     76      0      0.00000000      1.35199057
     3     77      0      0.00000000      1.35199057
     3     78      0      0.00000000      1.35199057
     3     79      0      0.00000000      1.35199057
     3     80      0      0.00000000      1.35199057
     3     81      0      0.00000000      1.35199057
     3     82      0      0.00000000      1.35199057
     3     83      0      0.00000000      1.35199057
     3     84      0      0.00000000      1.35199057
     3     85      0      0.00000000      1.35199057
     3     86      0      0.00000000      1.35199057
     3     87      0      0.00000000      1.35199057
     3     88      0      0.00000000      1.35199057
     3     89      0      0.00000000      1.35199057
     3     90      0      0.00000000      1.35199057
     3     91      0      0.00000000      1.35199057
     3     92      0      0.00000000      1.35199057
     3     93      0      0.00000000      1.35199057
     3     94      0      0.00000000      1.35199057
     3     95      0      0.00000000      1.35199057
     4      0      0      0.00000000      1.35199057
     4      1      0      0.00000000      1.35199057
     4      2      0      0.00000000      1.35199057
     4      3      0      0.00000000      1.35199057
     4      4      0      0.00000000      1.35199057
     4      5      0      0.00000000      1.35199057
     4      6      0      0.00000000      1.35199057
     4      7      0      0.00000000      1.35199057
     4      8      0      0.00000000      1.35199057
     4      9      0      0.00000000      1.35199057
     4     10      0      0.00000000      1.35199057
     4     11      0      0.00000000      1.35199057
     4     12      0      0.00000000      1.35199057
     4     13      0      0.00000000      1.35199057
     4     14      0      0.00000000      1.35199057
     4     15      0      0.00000000      1.35199057
     4     16      0      0.00000000      1.35199057
     4     17      0      0.00000000      1.35199057
     4     18      0      0.00000000      1.35199057
     4     19      0      0.00000000      1.35199057
     4     20      0      0.00000000      1.35199057
     4     21      0      0.00000000      1.35199057
     4     22      0      0.00000000      1.35199057
     4     23      0      0.00000000      1.35199057
     4     24      0      0.00000000      1.35199057
     4     25      0      0.00000000      1.35199057
     4     26      0      0.00000000      1.35199057
     4     27      0      0.00000000      1.35199057
     4     28      0      0.00000000      1.35199057
     4     29      0      0.00000000      1.35199057
     4     30      0      0.00000000      1.35199057
     4     31      0      0.00000000      1.35199057
     4     32      0      0.00000000      1.35199057
     4     33      0      0.00000000      1.35199057
     4     34      0      0.00000000      1.35199057
     4     35      0      0.00000000      1.35199057
     4     36      0      0.00000000      1.35199057
     4     37      0      0.00000000      1.35199057
     4     38      0      0.00000000      1.35199057
     4     39      0      0.00000000      1.35199057
     4     40      0      0.00000000      1.35199057
     4     41      0      0.00000000      1.35199057
     4     42      0      0.00000000      1.35199057
     4     43      0      0.00000000      1.35199057
     4     44      0      0.00000000      1.35199057
     4     45      0      0.00000000      1.35199057
     4     46      0      0.00000000      1.35199057
     4     47      0      0.00000000      1.35739061
     4     48      0      0.00000000      1.35199057
     4     49      0      0.00000000      1.35199057
     4     50      0      0.00000000      1.35199057
     4     51      0      0.00000000      1.26179385
     4     52      0      0.00000000      1.19583182
     4     53      0      0.00000000      1.35716455
     4     54      0      0.00000000      1.32487714
     4     55      0      0.00000000      1.34374368
     4     56      0      0.00000000      1.32473684
     4     57      0      0.00000000      1.43011901
     4     58      0      0.00000000      1.35463777
     4     59      0      0.00000000      1.46618325
     4     60      0      0.00000000      1.34050492
     4     61      0      0.00000000      1.38413523
     4     62      0      0.00000000      1.34578012
     4     63      0      0.00000000      1.46541630
     4     64      0      0.00000000      1.46845470
     4     65      0      0.00000000      1.45315522
     4     66      0      0.00000000      1.33761014
     4     67      0      0.00000000      1.40530624
     4     68      0      0.00000000      1.26921910
     4     69      0      0.00000000      1.38512335
     4     70      0      0.00000000      1.37088560
     4     71      0      0.00000000      1.35199057
     4     72      0      0.00000000      1.27286972
     4     73      0      0.00000000      1.35973801
     4     74      0      0.00000000      1.27106790
     4     75      0      0.00000000      1.30112808
     4     76      0      0.00000000      1.25859191
     4     77      0      0.00000000      1.21655129
     4     78      0      0.00000000      2.16443812
     4     79      0      0.00000000      1.25549857
     4     80      0      0.00000000      1.35199057
     4     81      0      0.00000000      1.30440921
     4     82      0      0.00000000      1.35199057
     4     83      0      0.00000000      1.35199057
     4     84      0      0.00000000      1.35199057
     4     85      0      0.00000000      1.35199057
     4     86      0      0.00000000      1.35199057
     4     87      0      0.00000000      1.35199057
     4     88      0      0.00000000      1.35199057
     4     89      0      0.00000000      1.35199057
     4     90      0      0.00000000      1.35199057
     4     91      0      0.00000000      1.35199057
     4     92      0      0.00000000      1.35199057
     4     93      0      0.00000000      1.35199057
     4     94      0      0.00000000      1.35199057
     4     95      0      0.00000000      1.35199057
     4     96      0      0.00000000      1.35199057
     4     97      0      0.00000000      1.35199057
     4     98      0      0.00000000      1.35199057
     4     99      0      0.00000000      1.35199057
     4    100      0      0.00000000      1.35199057
     4    101      0      0.00000000      1.35199057
     4    102      0      0.00000000      1.35199057
     4    103      0      0.00000000      1.35199057
     4    104      0      0.00000000      1.35199057
     4    105      0      0.00000000      1.35199057
     4    106      0      0.00000000      1.35199057
     4    107      0      0.00000000      1.35199057
     4    108      0      0.00000000      1.35199057
     4    109      0      0.00000000      1.35199057
     4    110      0      0.00000000      1.35199057
     4    111      0      0.00000000      1.35199057
     4    112      0      0.00000000      1.35199057
     4    113      0      0.00000000      1.35199057
     4    114      0      0.00000000      1.35199057
     4    115      0      0.00000000      1.35199057
     4    116      0      0.00000000      1.35199057
     4    117      0      0.00000000      1.35199057
     4    118      0      0.00000000      1.35199057
     4    119      0      0.00000000      1.35199057
     5      0      0      0.00000000      1.33720973
     5      1      0      0.00000000      1.33570212
     5      2      0      0.00000000      1.33789255
     5      3      0      0.00000000      1.33944249
     5      4      0      0.00000000      1.36321230
     5      5      0      0.00000000      1.35730640
     5      6      0      0.00000000      1.40612987
     5      7      0      0.00000000      1.45275118
     5      8      0      0.00000000      1.34970003
     5      9      0      0.00000000      1.37007698
     5     10      0      0.00000000      1.34950955
     5     11      0      0.00000000      1.28378027
     5     12      0      0.00000000      1.28987070
     5     13      0      0.00000000      1.29064902
     5     14      0      0.00000000      1.32017223
     5     15      0      0.00000000      1.31597194
     5     16      0      0.00000000      1.29345044
     5     17      0      0.00000000      1.46677667
     5     18      0      0.00000000      1.30127156
     5     19      0      0.00000000      1.34828656
     5     20      0      0.00000000      1.39854795
     5     21      0      0.00000000      1.31439730
     5     22      0      0.00000000      1.23832579
     5     23      0      0.00000000      1.29964331
     5     24      0      0.00000000      1.38301258
     5     25      0      0.00000000      1.37691840
     5     26      0      0.00000000      1.40096635
     5     27      0      0.00000000      1.23382619
     5     28      0      0.00000000      1.29786797
     5     29      0      0.00000000      1.42726936
     5     30      0      0.00000000      1.31300825
     5     31      0      0.00000000      1.23193209
     5     32      0      0.00000000      1.28146826
     5     33      0      0.00000000      1.20732126
     5     34      0      0.00000000      1.30526643
     5     35      0      0.00000000      1.25052050
     5     36      0      0.00000000      1.28148141
     5     37      0      0.00000000      1.26098836
     5     38      0      0.00000000      1.32499813
     5     39      0      0.00000000      1.32750529
     5     40      0      0.00000000      1.13612376
     5     41      0      0.00000000      1.22723553
     5     42      0      0.00000000      1.29175014
     5     43      0      0.00000000      1.30797660
     5     44      0      0.00000000      1.30877026
     5     45      0      0.00000000      1.23365393
     5     46      0      0.00000000      1.20663325
     5     47      0      0.00000000      1.30246838
     5     48      0      0.00000000      1.29450294
     5     49      0      0.00000000      1.24799523
     5     50      0      0.00000000      1.22347792
     5     51      0      0.00000000      1.30258078
     5     52      0      0.00000000      1.21098340
     5     53      0      0.00000000      1.30712050
     5     54      0      0.00000000      1.41968062
     5     55      0      0.00000000      1.36212157
     5     56      0      0.00000000      1.42494460
     5     57      0      0.00000000      1.33389729
     5     58      0      0.00000000      1.31982306
     5     59      0      0.00000000      1.22122720
     5     60      0      0.00000000      1.28347651
     5     61      0      0.00000000      1.33735345
     5     62      0      0.00000000      1.30142549
     5     63      0      0.00000000      1.27990003
     5     64      0      0.00000000      1.23968660
     5     65      0      0.00000000      1.22268835
     5     66      0      0.00000000      1.23302487
     5     67      0      0.00000000      1.23870996
     5     68      0      0.00000000      1.19655219
     5     69      0      0.00000000      1.03323388
     5     70      0      0.00000000      1.10975276
     5     71      0      0.00000000      1.23665343
     5     72      0      0.00000000      1.21013458
     5     73      0      0.00000000      1.20455147
     5     74      0      0.00000000      1.22697920
     5     75      0      0.00000000      1.19839020
     5     76      0      0.00000000      1.23260214
     5     77      0      0.00000000      1.13054043
     5     78      0      0.00000000      1.23559521
     5     79      0      0.00000000      1.14306518
     5     80      0      0.00000000      1.15601289
     5     81      0      0.00000000      1.30507977
     5     82      0      0.00000000      1.12874113
     5     83      0      0.00000000      1.21285352
     5     84      0      0.00000000      1.15049710
     5     85      0      0.00000000      1.21815089
     5     86      0      0.00000000      1.02526709
     5     87      0      0.00000000      1.23279091
     5     88      0      0.00000000      1.38136783
     5     89      0      0.00000000      1.08399668
     5     90      0      0.00000000      1.19351824
     5     91      0      0.00000000      1.15822500
     5     92      0      0.00000000      1.13140539
     5     93      0      0.00000000      1.35999528
     5     94      0      0.00000000      1.11690338
     5     95      0      0.00000000      1.15880135
     5     96      0      0.00000000      1.16837583
     5     97      0      0.00000000      1.09633069
     5     98      0      0.00000000      1.22629145
     5     99      0      0.00000000      1.14229227
     5    100      0      0.00000000      1.30790988
     5    101      0      0.00000000      1.17319607
     5    102      0      0.00000000      1.20356010
     5    103      0      0.00000000      1.24726507
     5    104      0      0.00000000      1.14121024
     5    105      0      0.00000000      1.35616862
     5    106      0      0.00000000      1.28307931
     5    107      0      0.00000000      1.18661968
     5    108      0      0.00000000      1.27031271
     5    109      0      0.00000000      1.35399664
     5    110      0      0.00000000      1.32446688
     5    111      0      0.00000000      1.26977137
     5    112      0      0.00000000      1.24337585
     5    113      0      0.00000000      1.27352292
     5    114      0      0.00000000      1.37956481
     5    115      0      0.00000000      1.26316305
     5    116      0      0.00000000      1.25816126
     5    117      0      0.00000000      1.32059736
     5    118      0      0.00000000      1.23211255
     5    119      0      0.00000000      1.30882541
     5    120      0      0.00000000      1.28338893
     5    121      0      0.00000000      1.28790428
     5    122      0      0.00000000      1.34110713
     5    123      0      0.00000000      1.25281669
     5    124      0      0.00000000      1.26381128
     5    125      0      0.00000000      1.28835527
     5    126      0      0.00000000      1.27688574
     5    127      0      0.00000000      1.23982263
     5    128      0      0.00000000      1.26655535
     5    129      0      0.00000000      1.30549194
     5    130      0      0.00000000      1.27917252
     5    131      0      0.00000000      1.27136815
     5    132      0      0.00000000      1.28072084
     5    133      0      0.00000000      1.23310674
     5    134      0      0.00000000      1.25869774
     5    135      0      0.00000000      1.17709175
     5    136      0      0.00000000      1.35285176
     5    137      0      0.00000000      1.29697997
     5    138      0      0.00000000      1.31809795
     5    139      0      0.00000000      1.28470346
     5    140      0      0.00000000      1.26065638
     5    141      0      0.00000000      1.31651091
     5    142      0      0.00000000      1.30951320
     5    143      0      0.00000000      1.32346139
     6      0      0      0.00000000      1.19447807
     6      1      0      0.00000000      1.20958966
     6      2      0      0.00000000      1.24417085
     6      3      0      0.00000000      1.22985166
     6      4      0      0.00000000      1.24468811
     6      5      0      0.00000000      1.18167356
     6      6      0      0.00000000      1.24445788
     6      7      0      0.00000000      1.26923037
     6      8      0      0.00000000      1.18314795
     6      9      0      0.00000000      1.28962756
     6     10      0      0.00000000      1.29797120
     6     11      0      0.00000000      1.26805138
     6     12      0      0.00000000      1.25413301
     6     13      0      0.00000000      1.18139129
     6     14      0      0.00000000      1.18229983
     6     15      0      0.00000000      1.27710084
     6     16      0      0.00000000      1.14781835
     6     17      0      0.00000000      1.20985044
     6     18      0      0.00000000      1.14684618
     6     19      0      0.00000000      1.13448865
     6     20      0      0.00000000      1.13866444
     6     21      0      0.00000000      1.10401927
     6     22      0      0.00000000      1.31582169
     6     23      0      0.00000000      1.16628334
     6     24      0      0.00000000      1.12257806
     6     25      0      0.00000000      1.09328715
     6     26      0      0.00000000      1.20453514
     6     27      0      0.00000000      1.17462771
     6     28      0      0.00000000      1.37742522
     6     29      0      0.00000000      1.52501398
     6     30      0      0.00000000      1.20508788
     6     31      0      0.00000000      1.24770448
     6     32      0      0.00000000      1.36945012
     6     33      0      0.00000000      1.26650099
     6     34      0      0.00000000      1.32842393
     6     35      0      0.00000000      1.25770332
     6     36      0      0.00000000      1.27716699
     6     37      0      0.00000000      1.19104375
     6     38      0      0.00000000      1.30443228
     6     39      0      0.00000000      1.19823385
     6     40      0      0.00000000      1.23711320
     6     41      0      0.00000000      1.40467738
     6     42      0      0.00000000      1.30040993
     6     43      0      0.00000000      1.23948941
     6     44      0      0.00000000      1.36758357
     6     45      0      0.00000000      1.31306704
     6     46      0      0.00000000      1.43076891
     6     47      0      0.00000000      1.26796440
     6     48      0      0.00000000      1.34012731
     6     49      0      0.00000000      1.34125168
     6     50      0      0.00000000      1.26101868
     6     51      0      0.00000000      1.35807979
     6     52      0      0.00000000      1.01456054
     6     53      0      0.00000000      1.12167641
     6     54      0      0.00000000      1.35345426
     6     55      0      0.00000000      1.12265372
     6     56      0      0.00000000      1.23773512
     6     57      0      0.00000000      1.18425066
     6     58      0      0.00000000      1.43491513
     6     59      0      0.00000000      1.28905417
     6     60      0      0.00000000      1.27296879
     6     61      0      0.00000000      1.38917081
     6     62      0      0.00000000      1.37107809
     6     63      0      0.00000000      1.43328858
     6     64      0      0.00000000      1.46704512
     6     65      0      0.00000000      1.35672817
     6     66      0      0.00000000      1.29272837
     6     67      0      0.00000000      1.42012920
     6     68      0      0.00000000      1.43181800
     6     69      0      0.00000000      1.32140134
     6     70      0      0.00000000      1.32785257
     6     71      0      0.00000000      1.26212481
     6     72      0      0.00000000      1.29321362
     6     73      0      0.00000000      1.31716380
     6     74      0      0.00000000      1.29458106
     6     75      0      0.00000000      1.26461410
     6     76      0      0.00000000      1.26444075
     6     77      0      0.00000000      1.25813782
     6     78      0      0.00000000      1.29303297
     6     79      0      0.00000000      1.25851184
     6     80      0      0.00000000      1.20378265
     6     81      0      0.00000000      1.15405978
     6     82      0      0.00000000      1.14932875
     6     83      0      0.00000000      1.30090734
     6     84      0      0.00000000      1.29596130
     6     85      0      0.00000000      1.33591323
     6     86      0      0.00000000      1.27191918
     6     87      0      0.00000000      1.36025257
     6     88      0      0.00000000      1.30423843
     6     89      0      0.00000000      1.28076710
     6     90      0      0.00000000      1.27433483
     6     91      0      0.00000000      1.30413999
     6     92      0      0.00000000      1.18472160
     6     93      0      0.00000000      1.30600585
     6     94      0      0.00000000      1.21917701
     6     95      0      0.00000000      1.21679825
     6     96      0      0.00000000      1.28497506
     6     97      0      0.00000000      1.22041431
     6     98      0      0.00000000      1.29950418
     6     99      0      0.00000000      1.21866725
     6    100      0      0.00000000      1.23522263
     6    101      0      0.00000000      1.01976504
     6    102      0      0.00000000      1.21422074
     6    103      0      0.00000000      1.33723638
     6    104      0      0.00000000      1.15296234
     6    105      0      0.00000000      1.20129093
     6    106      0      0.00000000      1.18746215
     6    107      0      0.00000000      1.12387257
     6    108      0      0.00000000      1.40374891
     6    109      0      0.00000000      1.16164878
     6    110      0      0.00000000      1.23484133
     6    111      0      0.00000000      1.22123655
     6    112      0      0.00000000      1.15162713
     6    113      0      0.00000000      1.35238167
     6    114      0      0.00000000      1.16470458
     6    115      0      0.00000000      1.33154060
     6    116      0      0.00000000      1.38998164
     6    117      0      0.00000000      1.21306047
     6    118      0      0.00000000      1.26120071
     6    119      0      0.00000000      1.24705917
     6    120      0      0.00000000      1.17481669
     6    121      0      0.00000000      1.25198868
     6    122      0      0.00000000      1.31002146
     6    123      0      0.00000000      1.39218702
     6    124      0      0.00000000      1.28148178
     6    125      0      0.00000000      1.22184076
     6    126      0      0.00000000      1.32713588
     6    127      0      0.00000000      1.35881530
     6    128      0      0.00000000      1.38329938
     6    129      0      0.00000000      1.27753352
     6    130      0      0.00000000      1.33969944
     6    131      0      0.00000000      1.26902232
     6    132      0      0.00000000      1.36635448
     6    133      0      0.00000000      1.25262131
     6    134      0      0.00000000      1.37065153
     6    135      0      0.00000000      1.40999258
     6    136      0      0.00000000      1.13004210
     6    137      0      0.00000000      1.29021763
     6    138      0      0.00000000      1.28464153
     6    139      0      0.00000000      1.34924368
     6    140      0      0.00000000      1.18918598
     6    141      0      0.00000000      1.22787390
     6    142      0      0.00000000      1.31423422
     6    143      0      0.00000000      1.25211765
     6    144      0      0.00000000      1.32283064
     6    145      0      0.00000000      1.11418015
     6    146      0      0.00000000      1.17090012
     6    147      0      0.00000000      1.20590668
     6    148      0      0.00000000      1.27837989
     6    149      0      0.00000000      1.19269839
     6    150      0      0.00000000      1.26028509
     6    151      0      0.00000000      1.19526833
     6    152      0      0.00000000      1.24269038
     6    153      0      0.00000000      1.13998363
     6    154      0      0.00000000      1.13156480
     6    155      0      0.00000000      1.21268388
     6    156      0      0.00000000      1.18937166
     6    157      0      0.00000000      1.24715005
     6    158      0      0.00000000      1.27087596
     6    159      0      0.00000000      1.28684360
     6    160      0      0.00000000      1.26219150
     6    161      0      0.00000000      1.24915354
     6    162      0      0.00000000      1.25390187
     6    163      0      0.00000000      1.24468573
     6    164      0      0.00000000      1.18679804
     6    165      0      0.00000000      1.15794801
     6    166      0      0.00000000      1.19572846
     6    167      0      0.00000000      1.19478039
     7      0      0      0.00000000      1.25197329
     7      1      0      0.00000000      1.30322522
     7      2      0      0.00000000      1.27010497
     7      3      0      0.00000000      1.30580276
     7      4      0      0.00000000      1.28309527
     7      5      0      0.00000000      1.24112876
     7      6      0      0.00000000      1.24902336
     7      7      0      0.00000000      1.26548212
     7      8      0      0.00000000      1.20949481
     7      9      0      0.00000000      1.29468783
     7     10      0      0.00000000      1.26595196
     7     11      0      0.00000000      1.29706006
     7     12      0      0.00000000      1.32179440
     7     13      0      0.00000000      1.36861844
     7     14      0      0.00000000      1.24481483
     7     15      0      0.00000000      1.31252236
     7     16      0      0.00000000      1.20929101
     7     17      0      0.00000000      1.18955804
     7     18      0      0.00000000      1.30046317
     7     19      0      0.00000000      1.31914809
     7     20      0      0.00000000      1.26881339
     7     21      0      0.00000000      1.28411004
     7     22      0      0.00000000      1.16497495
     7     23      0      0.00000000      1.06065975
     7     24      0      0.00000000      1.17171635
     7     25      0      0.00000000      1.07661090
     7     26      0      0.00000000      0.99964549
     7     27      0      0.00000000      0.95139998
     7     28      0      0.00000000      0.91845749
     7     29      0      0.00000000      1.10963472
     7     30      0      0.00000000      1.09221037
     7     31      0      0.00000000      1.15365864
     7     32      0      0.00000000      1.35226464
     7     33      0      0.00000000      1.23423441
     7     34      0      0.00000000      1.17814123
     7     35      0      0.00000000      1.30145627
     7     36      0      0.00000000      1.33839742
     7     37      0      0.00000000      1.36656754
     7     38      0      0.00000000      1.40102351
     7     39      0      0.00000000      1.22090237
     7     40      0      0.00000000      1.27317254
     7     41      0      0.00000000      1.44681600
     7     42      0      0.00000000      1.23923387
     7     43      0      0.00000000      1.41520204
     7     44      0      0.00000000      1.15537456
     7     45      0      0.00000000      1.20040159
     7     46      0      0.00000000      1.26700475
     7     47      0      0.00000000      1.21244103
     7     48      0      0.00000000      1.12251011
     7     49      0      0.00000000      1.20392515
     7     50      0      0.00000000      1.21927485
     7     51      0      0.00000000      1.33416930
     7     52      0      0.00000000      1.27294007
     7     53      0      0.00000000      1.33241394
     7     54      0      0.00000000      1.26955165
     7     55      0      0.00000000      1.22441886
     7     56      0      0.00000000      1.19744948
     7     57      0      0.00000000      1.25024959
     7     58      0      0.00000000      1.23653413
     7     59      0      0.00000000      1.34955415
     7     60      0      0.00000000      1.28355165
     7     61      0      0.00000000      1.40147075
     7     62      0      0.00000000      1.19680392
     7     63      0      0.00000000      1.25974208
     7     64      0      0.00000000      1.34992846
     7     65      0      0.00000000      1.37367662
     7     66      0      0.00000000      1.28799163
     7     67      0      0.00000000      1.31038331
     7     68      0      0.00000000      1.29509657
     7     69      0      0.00000000      1.36405307
     7     70      0      0.00000000      1.24564684
     7     71      0      0.00000000      1.35260875
     7     72      0      0.00000000      1.33424353
     7     73      0      0.00000000      1.43090565
     7     74      0      0.00000000      1.39030666
     7     75      0      0.00000000      1.36241497
     7     76      0      0.00000000      1.36368493
     7     77      0      0.00000000      1.31566035
     7     78      0      0.00000000      1.33942070
     7     79      0      0.00000000      1.33631361
     7     80      0      0.00000000      1.40751819
     7     81      0      0.00000000      1.35062201
     7     82      0      0.00000000      1.38888912
     7     83      0      0.00000000      1.35214791
     7     84      0      0.00000000      1.31022544
     7     85      0      0.00000000      1.36807991
     7     86      0      0.00000000      1.38692416
     7     87      0      0.00000000      1.29541183
     7     88      0      0.00000000      1.22769772
     7     89      0      0.00000000      1.25546087
     7     90      0      0.00000000      1.21052007
     7     91      0      0.00000000      1.26630687
     7     92      0      0.00000000      1.21840503
     7     93      0      0.00000000      1.18341914
     7     94      0      0.00000000      1.17793895
     7     95      0      0.00000000      1.27244448
     7     96      0      0.00000000      1.33298722
     7     97      0      0.00000000      1.33885089
     7     98      0      0.00000000      1.43564384
     7     99      0      0.00000000      1.37278006
     7    100      0      0.00000000      1.37051903
     7    101      0      0.00000000      1.36852530
     7    102      0      0.00000000      1.36497459
     7    103      0      0.00000000      1.45294184
     7    104      0      0.00000000      1.29589696
     7    105      0      0.00000000      1.37291689
     7    106      0      0.00000000      1.37342411
     7    107      0      0.00000000      1.26844157
     7    108      0      0.00000000      1.42716903
     7    109      0      0.00000000      1.24675948
     7    110      0      0.00000000      1.23880060
     7    111      0      0.00000000      1.50929065
     7    112      0      0.00000000      1.17830794
     7    113      0      0.00000000      1.51190813
     7    114      0      0.00000000      1.30173486
     7    115      0      0.00000000      1.35285750
     7    116      0      0.00000000      1.11233892
     7    117      0      0.00000000      1.31986182
     7    118      0      0.00000000      1.49623010
     7    119      0      0.00000000      1.27257413
     7    120      0      0.00000000      1.36565280
     7    121      0      0.00000000      1.31806103
     7    122      0      0.00000000      1.23711397
     7    123      0      0.00000000      1.53603208
     7    124      0      0.00000000      1.27095725
     7    125      0      0.00000000      1.32566221
     7    126      0      0.00000000      1.34501792
     7    127      0      0.00000000      1.18265348
     7    128      0      0.00000000      1.33544162
     7    129      0      0.00000000      1.23817302
     7    130      0      0.00000000      1.34289040
     7    131      0      0.00000000      1.47754306
     7    132      0      0.00000000      1.25662170
     7    133      0      0.00000000      1.33416432
     7    134      0      0.00000000      1.33942909
     7    135      0      0.00000000      1.28043936
     7    136      0      0.00000000      1.34077431
     7    137      0      0.00000000      1.40334435
     7    138      0      0.00000000      1.42626699
     7    139      0      0.00000000      1.35490177
     7    140      0      0.00000000      1.31819590
     7    141      0      0.00000000      1.37192119
     7    142      0      0.00000000      1.31331561
     7    143      0      0.00000000      1.30648498
     7    144      0      0.00000000      1.23566017
     7    145      0      0.00000000      1.41574217
     7    146      0      0.00000000      1.31034281
     7    147      0      0.00000000      1.37260124
     7    148      0      0.00000000      1.31888384
     7    149      0      0.00000000      1.41029460
     7    150      0      0.00000000      1.27844072
     7    151      0      0.00000000      1.33884848
     7    152      0      0.00000000      1.40549402
     7    153      0      0.00000000      1.52532215
     7    154      0      0.00000000      1.51205058
     7    155      0      0.00000000      1.31827945
     7    156      0      0.00000000      1.30903487
     7    157      0      0.00000000      1.68371303
     7    158      0      0.00000000      1.06737291
     7    159      0      0.00000000      1.42797921
     7    160      0      0.00000000      1.06369584
     7    161      0      0.00000000      0.86953890
     7    162      0      0.00000000      0.94978657
     7    163      0      0.00000000      0.99917873
     7    164      0      0.00000000      0.90689451
     7    165      0      0.00000000      0.92303816
     7    166      0      0.00000000      0.93316746
     7    167      0      0.00000000      0.91938588
     7    168      0      0.00000000      0.96311571
     7    169      0      0.00000000      1.23705178
     7    170      0      0.00000000      1.27640332
     7    171      0      0.00000000      1.20087473
     7    172      0      0.00000000      1.28629544
     7    173      0      0.00000000      1.18642735
     7    174      0      0.00000000      1.27613383
     7    175      0      0.00000000      1.22990833
     7    176      0      0.00000000      1.33212596
     7    177      0      0.00000000      1.28807215
     7    178      0      0.00000000      1.28372246
     7    179      0      0.00000000      1.25969634
     7    180      0      0.00000000      1.30873755
     7    181      0      0.00000000      1.16502803
     7    182      0      0.00000000      1.30475623
     7    183      0      0.00000000      1.19372041
     7    184      0      0.00000000      1.30430235
     7    185      0      0.00000000      1.24636943
     7    186      0      0.00000000      1.20901478
     7    187      0      0.00000000      1.19588236
     7    188      0      0.00000000      1.17963519
     7    189      0      0.00000000      1.20887546
     7    190      0      0.00000000      1.21332545
     7    191      0      0.00000000      1.26778806
     8      0      0      0.00000000      1.48160098
     8      1      0      0.00000000      1.37297460
     8      2      0      0.00000000      1.51742009
     8      3      0      0.00000000      1.39168587
     8      4      0      0.00000000      1.50995148
     8      5      0      0.00000000      1.44669849
     8      6      0      0.00000000      1.38546159
     8      7      0      0.00000000      1.37166497
     8      8      0      0.00000000      1.40812963
     8      9      0      0.00000000      1.33658512
     8     10      0      0.00000000      1.42724555
     8     11      0      0.00000000      1.35824668
     8     12      0      0.00000000      1.43542285
     8     13      0      0.00000000      1.41399845
     8     14      0      0.00000000      1.36412791
     8     15      0      0.00000000      1.41109719
     8     16      0      0.00000000      1.48053773
     8     17      0      0.00000000      1.35412907
     8     18      0      0.00000000      1.66019396
     8     19      0      0.00000000      1.28367093
     8     20      0      0.00000000      1.45909482
     8     21      0      0.00000000      1.25008039
     8     22      0      0.00000000      1.40241375
     8     23      0      0.00000000      1.36089407
     8     24      0      0.00000000      1.32829307
     8     25      0      0.00000000      1.35321057
     8     26      0      0.00000000      1.39887658
     8     27      0      0.00000000      1.39631224
     8     28      0      0.00000000      1.29750684
     8     29      0      0.00000000      1.32012555
     8     30      0      0.00000000      1.22907876
     8     31      0      0.00000000      1.84508690
     8     32      0      0.00000000      1.26350183
     8     33      0      0.00000000      1.26183058
     8     34      0      0.00000000      1.25720956
     8     35      0      0.00000000      1.53107712
     8     36      0      0.00000000      1.30369210
     8     37      0      0.00000000      1.31809919
     8     38      0      0.00000000      1.48295304
     8     39      0      0.00000000      1.22007200
     8     40      0      0.00000000      1.25446528
     8     41      0      0.00000000      1.39295497
     8     42      0      0.00000000      1.35280672
     8     43      0      0.00000000      1.35132531
     8     44      0      0.00000000      1.37754256
     8     45      0      0.00000000      1.17781096
     8     46      0      0.00000000      1.52317063
     8     47      0      0.00000000      1.31217098
     8     48      0      0.00000000      1.39019463
     8     49      0      0.00000000      1.23386289
     8     50      0      0.00000000      1.28838152
     8     51      0      0.00000000      1.53414628
     8     52      0      0.00000000      1.37049603
     8     53      0      0.00000000      1.25818331
     8     54      0      0.00000000      1.38365602
     8     55      0      0.00000000      1.44131762
     8     56      0      0.00000000      1.29980779
     8     57      0      0.00000000      1.41255572
     8     58      0      0.00000000      1.40611120
     8     59      0      0.00000000      1.23225323
     8     60      0      0.00000000      1.36245964
     8     61      0      0.00000000      1.26428943
     8     62      0      0.00000000      1.34500810
     8     63      0      0.00000000      1.33197583
     8     64      0      0.00000000      1.37948723
     8     65      0      0.00000000      1.21782574
     8     66      0      0.00000000      1.30615018
     8     67      0      0.00000000      1.39439022
     8     68      0      0.00000000      1.36528220
     8     69      0      0.00000000      1.33842741
     8     70      0      0.00000000      1.33440992
     8     71      0      0.00000000      1.38000695
     8     72      0      0.00000000      1.36266408
     8     73      0      0.00000000      1.30924320
     8     74      0      0.00000000      1.40587426
     8     75      0      0.00000000      1.34154204
     8     76      0      0.00000000      1.00000000
     8     77      0      0.00000000      1.00000000
     8     78      0      0.00000000      1.00000000
     8     79      0      0.00000000      1.00000000
     8     80      0      0.00000000      1.00000000
     8     81      0      0.00000000      1.00000000
     8     82      0      0.00000000      1.00000000
     8     83      0      0.00000000      1.00000000
     8     84      0      0.00000000      1.00000000
     8     85      0      0.00000000      1.00000000
     8     86      0      0.00000000      1.37847441
     8     87      0      0.00000000      1.43333923
     8     88      0      0.00000000      1.42575793
     8     89      0      0.00000000      1.33396035
     8     90      0      0.00000000      1.36396689
     8     91      0      0.00000000      1.40476717
     8     92      0      0.00000000      1.38464281
     8     93      0      0.00000000      1.41620103
     8     94      0      0.00000000      1.37319196
     8     95      0      0.00000000      1.37252591
     8     96      0      0.00000000      1.29844402
     8     97      0      0.00000000      1.31974476
     8     98      0      0.00000000      1.37316082
     8     99      0      0.00000000      1.31496693
     8    100      0      0.00000000      1.31096527
     8    101      0      0.00000000      1.25129123
     8    102      0      0.00000000      1.35299524
     8    103      0      0.00000000      1.31066304
     8    104      0      0.00000000      1.22136040
     8    105      0      0.00000000      1.17537815
     8    106      0      0.00000000      1.23403405
     8    107      0      0.00000000      1.29066907
     8    108      0      0.00000000      1.30420746
     8    109      0      0.00000000      1.29835682
     8    110      0      0.00000000      1.24346781
     8    111      0      0.00000000      1.27303880
     8    112      0      0.00000000      1.23054807
     8    113      0      0.00000000      1.34390244
     8    114      0      0.00000000      1.29678224
     8    115      0      0.00000000      1.35644726
     8    116      0      0.00000000      1.19445672
     8    117      0      0.00000000      1.27513993
     8    118      0      0.00000000      1.30693568
     8    119      0      0.00000000      1.18942441
     8    120      0      0.00000000      1.30877814
     8    121      0      0.00000000      1.28947717
     8    122      0      0.00000000      1.19151986
     8    123      0      0.00000000      1.36347773
     8    124      0      0.00000000      1.22344972
     8    125      0      0.00000000      1.30059597
     8    126      0      0.00000000      1.24234008
     8    127      0      0.00000000      1.18908958
     8    128      0      0.00000000      1.29163408
     8    129      0      0.00000000      1.22934662
     8    130      0      0.00000000      1.00000000
     8    131      0      0.00000000      1.00000000
     8    132      0      0.00000000      1.00000000
     8    133      0      0.00000000      1.00000000
     8    134      0      0.00000000      1.00000000
     8    135      0      0.00000000      1.00000000
     8    136      0      0.00000000      1.00000000
     8    137      0      0.00000000      1.00000000
     8    138      0      0.00000000      1.00000000
     8    139      0      0.00000000      1.00000000
     8    140      0      0.00000000      1.20535275
     8    141      0      0.00000000      1.26908405
     8    142      0      0.00000000      1.19397358
     8    143      0      0.00000000      1.32516706
     8    144      0      0.00000000      1.13791068
     8    145      0      0.00000000      1.13553323
     8    146      0      0.00000000      1.28529967
     8    147      0      0.00000000      1.18210400
     8    148      0      0.00000000      1.23066754
     8    149      0      0.00000000      1.29339187
     8    150      0      0.00000000      1.21524193
     8    151      0      0.00000000      1.32171423
     8    152      0      0.00000000      1.18642751
     8    153      0      0.00000000      1.30547503
     8    154      0      0.00000000      0.98973078
     8    155      0      0.00000000      1.18561823
     8    156      0      0.00000000      1.26947413
     8    157      0      0.00000000      1.37380574
     8    158      0      0.00000000      1.26719201
     8    159      0      0.00000000      1.18015961
     8    160      0      0.00000000      1.17778534
     8    161      0      0.00000000      1.22778538
     8    162      0      0.00000000      1.15092548
     8    163      0      0.00000000      1.28667565
     8    164      0      0.00000000      1.11026354
     8    165      0      0.00000000      1.22677259
     8    166      0      0.00000000      1.23599305
     8    167      0      0.00000000      1.25903143
     8    168      0      0.00000000      1.30084654
     8    169      0      0.00000000      1.30620168
     8    170      0      0.00000000      0.86596325
     8    171      0      0.00000000      0.99183765
     8    172      0      0.00000000      0.99251735
     8    173      0      0.00000000      0.93014477
     8    174      0      0.00000000      0.95216955
     8    175      0      0.00000000      1.04773393
     8    176      0      0.00000000      1.13939591
     8    177      0      0.00000000      1.24007078
     8    178      0      0.00000000      1.17098900
     8    179      0      0.00000000      1.21535758
     8    180      0      0.00000000      1.19711950
     8    181      0      0.00000000      1.24890398
     8    182      0      0.00000000      1.27622464
     8    183      0      0.00000000      1.33279075
     8    184      0      0.00000000      1.24684389
     8    185      0      0.00000000      1.24108479
     8    186      0      0.00000000      1.20299505
     8    187      0      0.00000000      1.28816325
     8    188      0      0.00000000      1.27007985
     8    189      0      0.00000000      1.28392366
     8    190      0      0.00000000      1.30792553
     8    191      0      0.00000000      1.31564524
     8    192      0      0.00000000      1.25583020
     8    193      0      0.00000000      1.34392380
     8    194      0      0.00000000      1.23631566
     8    195      0      0.00000000      1.29357309
     8    196      0      0.00000000      1.19017850
     8    197      0      0.00000000      1.26622238
     8    198      0      0.00000000      1.25063202
     8    199      0      0.00000000      1.24053950
     8    200      0      0.00000000      1.27424873
     8    201      0      0.00000000      1.33217099
     8    202      0      0.00000000      1.35175316
     8    203      0      0.00000000      1.47618610
     8    204      0      0.00000000      1.36153328
     8    205      0      0.00000000      1.29760846
     8    206      0      0.00000000      0.96166150
     8    207      0      0.00000000      1.38552490
     8    208      0      0.00000000      1.39817887
     8    209      0      0.00000000      1.40118267
     8    210      0      0.00000000      1.36158135
     8    211      0      0.00000000      1.36882854
     8    212      0      0.00000000      1.30323714
     8    213      0      0.00000000      1.32815185
     8    214      0      0.00000000      1.42135256
     8    215      0      0.00000000      1.40682892
     9      0      0      0.00000000      1.45387290
     9      1      0      0.00000000      1.56554067
     9      2      0      0.00000000      1.47077641
     9      3      0      0.00000000      1.45200369
     9      4      0      0.00000000      1.36886850
     9      5      0      0.00000000      1.45193987
     9      6      0      0.00000000      1.35503842
     9      7      0      0.00000000      1.41711912
     9      8      0      0.00000000      1.42668540
     9      9      0      0.00000000      1.33559992
     9     10      0      0.00000000      1.43873038
     9     11      0      0.00000000      1.32102156
     9     12      0      0.00000000      1.38247749
     9     13      0      0.00000000      1.38363556
     9     14      0      0.00000000      1.39269331
     9     15      0      0.00000000      1.32956270
     9     16      0      0.00000000      1.43071940
     9     17      0      0.00000000      1.30417811
     9     18      0      0.00000000      1.50256634
     9     19      0      0.00000000      1.38548420
     9     20      0      0.00000000      1.43548859
     9     21      0      0.00000000      1.41122842
     9     22      0      0.00000000      1.33437959
     9     23      0      0.00000000      1.39282112
     9     24      0      0.00000000      1.35049113
     9     25      0      0.00000000      1.33266121
     9     26      0      0.00000000      1.35462501
     9     27      0      0.00000000      1.39697066
     9     28      0      0.00000000      1.33698853
     9     29      0      0.00000000      1.29475369
     9     30      0      0.00000000      1.34204591
     9     31      0      0.00000000      1.29547314
     9     32      0      0.00000000      1.25124540
     9     33      0      0.00000000      1.88212337
     9     34      0      0.00000000      1.49342118
     9     35      0      0.00000000      1.31092393
     9     36      0      0.00000000      1.46915353
     9     37      0      0.00000000      1.09929243
     9     38      0      0.00000000      1.44806987
     9     39      0      0.00000000      1.38987940
     9     40      0      0.00000000      1.22218834
     9     41      0      0.00000000      1.49709351
     9     42      0      0.00000000      1.37299372
     9     43      0      0.00000000      1.23396177
     9     44      0      0.00000000      1.44394705
     9     45      0      0.00000000      1.29730740
     9     46      0      0.00000000      1.42867874
     9     47      0      0.00000000      1.25115222
     9     48      0      0.00000000      1.26887749
     9     49      0      0.00000000      1.43897773
     9     50      0      0.00000000      1.22335011
     9     51      0      0.00000000      1.34763319
     9     52      0      0.00000000      1.50155847
     9     53      0      0.00000000      1.31538584
     9     54      0      0.00000000      1.22224358
     9     55      0      0.00000000      1.27280404
     9     56      0      0.00000000      1.27021872
     9     57      0      0.00000000      1.34993762
     9     58      0      0.00000000      1.32501042
     9     59      0      0.00000000      1.28045687
     9     60      0      0.00000000      1.39961106
     9     61      0      0.00000000      1.28632437
     9     62      0      0.00000000      1.19584059
     9     63      0      0.00000000      1.29868032
     9     64      0      0.00000000      1.44254475
     9     65      0      0.00000000      1.23856835
     9     66      0      0.00000000      1.36961763
     9     67      0      0.00000000      1.37234956
     9     68      0      0.00000000      1.41148117
     9     69      0      0.00000000      1.35778471
     9     70      0      0.00000000      1.41125850
     9     71      0      0.00000000      1.41570165
     9     72      0      0.00000000      1.00000000
     9     73      0      0.00000000      1.00000000
     9     74      0      0.00000000      1.00000000
     9     75      0      0.00000000      1.00000000
     9     76      0      0.00000000      1.00000000
     9     77      0      0.00000000      1.00000000
     9     78      0      0.00000000      1.00000000
     9     79      0      0.00000000      1.00000000
     9     80      0      0.00000000      1.00000000
     9     81      0      0.00000000      1.00000000
     9     82      0      0.00000000      1.00000000
     9     83      0      0.00000000      1.00000000
     9     84      0      0.00000000      1.00000000
     9     85      0      0.00000000      1.00000000
     9     86      0      0.00000000      1.00000000
     9     87      0      0.00000000      1.00000000
     9     88      0      0.00000000      1.00000000
     9     89      0      0.00000000      1.00000000
     9     90      0      0.00000000      1.00000000
     9     91      0      0.00000000      1.00000000
     9     92      0      0.00000000      1.00000000
     9     93      0      0.00000000      1.00000000
     9     94      0      0.00000000      1.00000000
     9     95      0      0.00000000      1.00000000
     9     96      0      0.00000000      1.00000000
     9     97      0      0.00000000      1.00000000
     9     98      0      0.00000000      1.00000000
     9     99      0      0.00000000      1.00000000
     9    100      0      0.00000000      1.00000000
     9    101      0      0.00000000      1.00000000
     9    102      0      0.00000000      1.00000000
     9    103      0      0.00000000      1.00000000
     9    104      0      0.00000000      1.00000000
     9    105      0      0.00000000      1.00000000
     9    106      0      0.00000000      1.00000000
     9    107      0      0.00000000      1.00000000
     9    108      0      0.00000000      1.28630823
     9    109      0      0.00000000      1.31480279
     9    110      0      0.00000000      1.30668945
     9    111      0      0.00000000      1.35230473
     9    112      0      0.00000000      1.28973705
     9    113      0      0.00000000      1.24536018
     9    114      0      0.00000000      1.25453536
     9    115      0      0.00000000      1.28957145
     9    116      0      0.00000000      1.22711983
     9    117      0      0.00000000      1.20461113
     9    118      0      0.00000000      1.19231439
     9    119      0      0.00000000      1.30004352
     9    120      0      0.00000000      1.30156306
     9    121      0      0.00000000      1.39667178
     9    122      0      0.00000000      1.31833160
     9    123      0      0.00000000      1.39292132
     9    124      0      0.00000000      1.37795464
     9    125      0      0.00000000      1.45251351
     9    126      0      0.00000000      1.37657623
     9    127      0      0.00000000      1.39746244
     9    128      0      0.00000000      1.40737543
     9    129      0      0.00000000      1.40227179
     9    130      0      0.00000000      1.44857773
     9    131      0      0.00000000      1.39344613
     9    132      0      0.00000000      1.00000000
     9    133      0      0.00000000      1.00000000
     9    134      0      0.00000000      1.00000000
     9    135      0      0.00000000      1.00000000
     9    136      0      0.00000000      1.00000000
     9    137      0      0.00000000      1.00000000
     9    138      0      0.00000000      1.00000000
     9    139      0      0.00000000      1.00000000
     9    140      0      0.00000000      1.00000000
     9    141      0      0.00000000      1.00000000
     9    142      0      0.00000000      1.00000000
     9    143      0      0.00000000      1.00000000
     9    144      0      0.00000000      1.00000000
     9    145      0      0.00000000      1.00000000
     9    146      0      0.00000000      1.00000000
     9    147      0      0.00000000      1.00000000
     9    148      0      0.00000000      1.00000000
     9    149      0      0.00000000      1.00000000
     9    150      0      0.00000000      1.00000000
     9    151      0      0.00000000      1.00000000
     9    152      0      0.00000000      1.00000000
     9    153      0      0.00000000      1.00000000
     9    154      0      0.00000000      1.00000000
     9    155      0      0.00000000      1.00000000
     9    156      0      0.00000000      1.00000000
     9    157      0      0.00000000      1.00000000
     9    158      0      0.00000000      1.00000000
     9    159      0      0.00000000      1.00000000
     9    160      0      0.00000000      1.00000000
     9    161      0      0.00000000      1.00000000
     9    162      0      0.00000000      1.00000000
     9    163      0      0.00000000      1.00000000
     9    164      0      0.00000000      1.00000000
     9    165      0      0.00000000      1.00000000
     9    166      0      0.00000000      1.00000000
     9    167      0      0.00000000      1.00000000
     9    168      0      0.00000000      1.29966579
     9    169      0      0.00000000      1.53069005
     9    170      0      0.00000000      1.20991236
     9    171      0      0.00000000      1.36137977
     9    172      0      0.00000000      1.45984529
     9    173      0      0.00000000      1.26954201
     9    174      0      0.00000000      1.25004945
     9    175      0      0.00000000      1.38443822
     9    176      0      0.00000000      1.29773214
     9    177      0      0.00000000      1.34105812
     9    178      0      0.00000000      1.29161078
     9    179      0      0.00000000      1.29152542
     9    180      0      0.00000000      1.36521870
     9    181      0      0.00000000      1.33956055
     9    182      0      0.00000000      1.29461742
     9    183      0      0.00000000      1.35431528
     9    184      0      0.00000000      1.29599972
     9    185      0      0.00000000      1.54882513
     9    186      0      0.00000000      1.31822090
     9    187      0      0.00000000      1.44170224
     9    188      0      0.00000000      1.34919864
     9    189      0      0.00000000      1.32746075
     9    190      0      0.00000000      1.29909537
     9    191      0      0.00000000      1.25961876
     9    192      0      0.00000000      1.44596279
     9    193      0      0.00000000      1.36205556
     9    194      0      0.00000000      1.37984172
     9    195      0      0.00000000      1.49314713
     9    196      0      0.00000000      1.29197244
     9    197      0      0.00000000      1.40439371
     9    198      0      0.00000000      1.21101921
     9    199      0      0.00000000      1.29331587
     9    200      0      0.00000000      1.27745746
     9    201      0      0.00000000      1.37067176
     9    202      0      0.00000000      1.27489027
     9    203      0      0.00000000      1.50015977
     9    204      0      0.00000000      1.33489124
     9    205      0      0.00000000      1.44215889
     9    206      0      0.00000000      1.25072020
     9    207      0      0.00000000      1.41896496
     9    208      0      0.00000000      1.31353336
     9    209      0      0.00000000      1.54607352
     9    210      0      0.00000000      1.36928372
     9    211      0      0.00000000      1.35202688
     9    212      0      0.00000000      1.18574485
     9    213      0      0.00000000      1.44194432
     9    214      0      0.00000000      1.33455871
     9    215      0      0.00000000      1.39868576
     9    216      0      0.00000000      1.41316670
     9    217      0      0.00000000      1.45030711
     9    218      0      0.00000000      1.38955601
     9    219      0      0.00000000      1.51359091
     9    220      0      0.00000000      1.43866359
     9    221      0      0.00000000      1.49503170
     9    222      0      0.00000000      1.35032270
     9    223      0      0.00000000      1.41249449
     9    224      0      0.00000000      1.29385310
     9    225      0      0.00000000      1.36142226
     9    226      0      0.00000000      1.40027088
     9    227      0      0.00000000      1.38536757
     9    228      0      0.00000000      1.44787397
     9    229      0      0.00000000      1.46210560
     9    230      0      0.00000000      1.36019177
     9    231      0      0.00000000      1.38037939
     9    232      0      0.00000000      1.61188802
     9    233      0      0.00000000      2.54767251
     9    234      0      0.00000000      1.47422342
     9    235      0      0.00000000      1.63132454
     9    236      0      0.00000000      1.52760202
     9    237      0      0.00000000      1.56515836
     9    238      0      0.00000000      1.47615821
     9    239      0      0.00000000      1.55252786
    10      0      0      0.00000000      1.25681666
    10      1      0      0.00000000      1.37200345
    10      2      0      0.00000000      1.18117073
    10      3      0      0.00000000      1.14107525
    10      4      0      0.00000000      1.21365360
    10      5      0      0.00000000      1.21258332
    10      6      0      0.00000000      1.21552577
    10      7      0      0.00000000      1.13728904
    10      8      0      0.00000000      1.07254103
    10      9      0      0.00000000      1.10487116
    10     10      0      0.00000000      1.21215817
    10     11      0      0.00000000      1.15641641
    10     12      0      0.00000000      1.30082571
    10     13      0      0.00000000      1.04713526
    10     14      0      0.00000000      1.17731467
    10     15      0      0.00000000      1.12957187
    10     16      0      0.00000000      0.94031082
    10     17      0      0.00000000      1.00852808
    10     18      0      0.00000000      1.04804838
    10     19      0      0.00000000      1.04179742
    10     20      0      0.00000000      0.94945667
    10     21      0      0.00000000      1.14233786
    10     22      0      0.00000000      1.02867129
    10     23      0      0.00000000      1.20753493
    10     24      0      0.00000000      1.09279125
    10     25      0      0.00000000      1.11508432
    10     26      0      0.00000000      1.13848110
    10     27      0      0.00000000      1.05697824
    10     28      0      0.00000000      1.15475400
    10     29      0      0.00000000      1.12965943
    10     30      0      0.00000000      1.14204052
    10     31      0      0.00000000      1.20488982
    10     32      0      0.00000000      1.15855678
    10     33      0      0.00000000      1.16305694
    10     34      0      0.00000000      1.18651691
    10     35      0      0.00000000      1.08795109
    10     36      0      0.00000000      1.09014140
    10     37      0      0.00000000      0.89876845
    10     38      0      0.00000000      1.01864930
    10     39      0      0.00000000      1.11562120
    10     40      0      0.00000000      0.86992431
    10     41      0      0.00000000      1.01603066
    10     42      0      0.00000000      0.87954234
    10     43      0      0.00000000      0.98062627
    10     44      0      0.00000000      0.84161751
    10     45      0      0.00000000      1.06355541
    10     46      0      0.00000000      0.91438602
    10     47      0      0.00000000      1.23520655
    10     48      0      0.00000000      1.10220538
    10     49      0      0.00000000      1.00000000
    10     50      0      0.00000000      1.00000000
    10     51      0      0.00000000      1.00000000
    10     52      0      0.00000000      1.00000000
    10     53      0      0.00000000      1.00000000
    10     54      0      0.00000000      1.00000000
    10     55      0      0.00000000      1.00000000
    10     56      0      0.00000000      1.00000000
    10     57      0      0.00000000      1.00000000
    10     58      0      0.00000000      1.00000000
    10     59      0      0.00000000      1.00000000
    10     60      0      0.00000000      1.00000000
    10     61      0      0.00000000      1.00000000
    10     62      0      0.00000000      1.00000000
    10     63      0      0.00000000      1.00000000
    10     64      0      0.00000000      1.00000000
    10     65      0      0.00000000      1.00000000
    10     66      0      0.00000000      1.00000000
    10     67      0      0.00000000      1.00000000
    10     68      0      0.00000000      1.00000000
    10     69      0      0.00000000      1.00000000
    10     70      0      0.00000000      1.00000000
    10     71      0      0.00000000      1.00000000
    10     72      0      0.00000000      1.00000000
    10     73      0      0.00000000      1.00000000
    10     74      0      0.00000000      1.00000000
    10     75      0      0.00000000      1.00000000
    10     76      0      0.00000000      1.00000000
    10     77      0      0.00000000      1.00000000
    10     78      0      0.00000000      1.00000000
    10     79      0      0.00000000      1.00000000
    10     80      0      0.00000000      1.00000000
    10     81      0      0.00000000      1.00000000
    10     82      0      0.00000000      1.00000000
    10     83      0      0.00000000      1.00000000
    10     84      0      0.00000000      1.00000000
    10     85      0      0.00000000      1.00000000
    10     86      0      0.00000000      1.00000000
    10     87      0      0.00000000      1.00000000
    10     88      0      0.00000000      1.00000000
    10     89      0      0.00000000      1.00000000
    10     90      0      0.00000000      1.00000000
    10     91      0      0.00000000      1.00000000
    10     92      0      0.00000000      1.00000000
    10     93      0      0.00000000      1.00000000
    10     94      0      0.00000000      1.00000000
    10     95      0      0.00000000      1.00000000
    10     96      0      0.00000000      1.00000000
    10     97      0      0.00000000      1.00000000
    10     98      0      0.00000000      1.11700260
    10     99      0      0.00000000      1.10931748
    10    100      0      0.00000000      1.20779508
    10    101      0      0.00000000      1.14035255
    10    102      0      0.00000000      1.14546267
    10    103      0      0.00000000      1.14259029
    10    104      0      0.00000000      1.19388357
    10    105      0      0.00000000      1.12908474
    10    106      0      0.00000000      1.07838758
    10    107      0      0.00000000      1.18474493
    10    108      0      0.00000000      1.05982789
    10    109      0      0.00000000      1.16799020
    10    110      0      0.00000000      1.00000000
    10    111      0      0.00000000      1.00000000
    10    112      0      0.00000000      1.00000000
    10    113      0      0.00000000      1.00000000
    10    114      0      0.00000000      1.00000000
    10    115      0      0.00000000      1.00000000
    10    116      0      0.00000000      1.00000000
    10    117      0      0.00000000      1.00000000
    10    118      0      0.00000000      1.00000000
    10    119      0      0.00000000      1.00000000
    10    120      0      0.00000000      1.00000000
    10    121      0      0.00000000      1.00000000
    10    122      0      0.00000000      1.00000000
    10    123      0      0.00000000      1.00000000
    10    124      0      0.00000000      1.00000000
    10    125      0      0.00000000      1.00000000
    10    126      0      0.00000000      1.00000000
    10    127      0      0.00000000      1.00000000
    10    128      0      0.00000000      1.00000000
    10    129      0      0.00000000      1.00000000
    10    130      0      0.00000000      1.00000000
    10    131      0      0.00000000      1.00000000
    10    132      0      0.00000000      1.00000000
    10    133      0      0.00000000      1.00000000
    10    134      0      0.00000000      1.00000000
    10    135      0      0.00000000      1.00000000
    10    136      0      0.00000000      1.00000000
    10    137      0      0.00000000      1.00000000
    10    138      0      0.00000000      1.00000000
    10    139      0      0.00000000      1.00000000
    10    140      0      0.00000000      1.00000000
    10    141      0      0.00000000      1.00000000
    10    142      0      0.00000000      1.00000000
    10    143      0      0.00000000      1.00000000
    10    144      0      0.00000000      1.00000000
    10    145      0      0.00000000      1.00000000
    10    146      0      0.00000000      1.00000000
    10    147      0      0.00000000      1.00000000
    10    148      0      0.00000000      1.00000000
    10    149      0      0.00000000      1.00000000
    10    150      0      0.00000000      1.00000000
    10    151      0      0.00000000      1.00000000
    10    152      0      0.00000000      1.00000000
    10    153      0      0.00000000      1.00000000
    10    154      0      0.00000000      1.00000000
    10    155      0      0.00000000      1.00000000
    10    156      0      0.00000000      1.00000000
    10    157      0      0.00000000      1.00000000
    10    158      0      0.00000000      1.00000000
    10    159      0      0.00000000      0.92972674
    10    160      0      0.00000000      1.02378319
    10    161      0      0.00000000      1.02119928
    10    162      0      0.00000000      1.02287532
    10    163      0      0.00000000      1.24324087
    10    164      0      0.00000000      1.23091258
    10    165      0      0.00000000      0.90956455
    10    166      0      0.00000000      0.90302342
    10    167      0      0.00000000      0.89081658
    10    168      0      0.00000000      0.81693316
    10    169      0      0.00000000      0.91842515
    10    170      0      0.00000000      1.01530370
    10    171      0      0.00000000      1.03032871
    10    172      0      0.00000000      1.00669378
    10    173      0      0.00000000      1.12246702
    10    174      0      0.00000000      0.98240316
    10    175      0      0.00000000      1.08315719
    10    176      0      0.00000000      1.05293467
    10    177      0      0.00000000      1.05621923
    10    178      0      0.00000000      1.05512311
    10    179      0      0.00000000      1.13863216
    10    180      0      0.00000000      1.09966017
    10    181      0      0.00000000      1.22072042
    10    182      0      0.00000000      0.98297525
    10    183      0      0.00000000      1.11274011
    10    184      0      0.00000000      1.05570495
    10    185      0      0.00000000      1.06036620
    10    186      0      0.00000000      0.96861656
    10    187      0      0.00000000      1.08554953
    10    188      0      0.00000000      1.02043574
    10    189      0      0.00000000      1.13236897
    10    190      0      0.00000000      1.09238516
    10    191      0      0.00000000      1.13006385
    10    192      0      0.00000000      1.11963968
    10    193      0      0.00000000      1.11895328
    10    194      0      0.00000000      1.10738408
    10    195      0      0.00000000      1.13014199
    10    196      0      0.00000000      1.04431704
    10    197      0      0.00000000      1.08547852
    10    198      0      0.00000000      1.01170704
    10    199      0      0.00000000      1.10898810
    10    200      0      0.00000000      1.12514804
    10    201      0      0.00000000      1.16197488
    10    202      0      0.00000000      1.12640249
    10    203      0      0.00000000      1.10038551
    10    204      0      0.00000000      1.07447453
    10    205      0      0.00000000      1.01178307
    10    206      0      0.00000000      1.02293746
    10    207      0      0.00000000      1.03020429
    11      0      0      0.00000000      1.04423107
    11      1      0      0.00000000      1.01814954
    11      2      0      0.00000000      0.91055252
    11      3      0      0.00000000      0.80189226
    11      4      0      0.00000000      1.10818824
    11      5      0      0.00000000      1.44745604
    11      6      0      0.00000000      1.25916312
    11      7      0      0.00000000      1.16183291
    11      8      0      0.00000000      0.99331476
    11      9      0      0.00000000      0.88543436
    11     10      0      0.00000000      0.66395557
    11     11      0      0.00000000      0.83115279
    11     12      0      0.00000000      0.92960228
    11     13      0      0.00000000      0.88813386
    11     14      0      0.00000000      1.00632473
    11     15      0      0.00000000      1.11112386
    11     16      0      0.00000000      0.90350865
    11     17      0      0.00000000      1.15140323
    11     18      0      0.00000000      0.89783795
    11     19      0      0.00000000      1.10031869
    11     20      0      0.00000000      1.07427479
    11     21      0      0.00000000      1.14387425
    11     22      0      0.00000000      1.15086684
    11     23      0      0.00000000      1.14367668
    11     24      0      0.00000000      1.21858201
    11     25      0      0.00000000      0.94741699
    11     26      0      0.00000000      0.89564862
    11     27      0      0.00000000      1.17693824
    11     28      0      0.00000000      1.08682007
    11     29      0      0.00000000      1.10759051
    11     30      0      0.00000000      1.09603750
    11     31      0      0.00000000      1.10419989
    11     32      0      0.00000000      1.10721004
    11     33      0      0.00000000      1.00821504
    11     34      0      0.00000000      0.88670609
    11     35      0      0.00000000      0.91018089
    11     36      0      0.00000000      0.82622893
    11     37      0      0.00000000      0.82356897
    11     38      0      0.00000000      0.76205734
    11     39      0      0.00000000      1.08049788
    11     40      0      0.00000000      1.82154092
    11     41      0      0.00000000      1.07301808
    11     42      0      0.00000000      1.00000000
    11     43      0      0.00000000      1.00000000
    11     44      0      0.00000000      1.00000000
    11     45      0      0.00000000      1.00000000
    11     46      0      0.00000000      1.00000000
    11     47      0      0.00000000      1.00000000
    11     48      0      0.00000000      1.00000000
    11     49      0      0.00000000      1.00000000
    11     50      0      0.00000000      1.00000000
    11     51      0      0.00000000      1.00000000
    11     52      0      0.00000000      1.00000000
    11     53      0      0.00000000      1.00000000
    11     54      0      0.00000000      1.00000000
    11     55      0      0.00000000      1.00000000
    11     56      0      0.00000000      1.01156250
    11     57      0      0.00000000      1.27000893
    11     58      0      0.00000000      1.31320464
    11     59      0      0.00000000      1.37212805
    11     60      0      0.00000000      1.32629132
    11     61      0      0.00000000      1.16718982
    11     62      0      0.00000000      1.28314810
    11     63      0      0.00000000      1.16513313
    11     64      0      0.00000000      1.31669474
    11     65      0      0.00000000      1.25303615
    11     66      0      0.00000000      1.26824056
    11     67      0      0.00000000      1.28461359
    11     68      0      0.00000000      1.32901033
    11     69      0      0.00000000      1.30036008
    11     70      0      0.00000000      1.25120143
    11     71      0      0.00000000      1.28722867
    11     72      0      0.00000000      1.23092578
    11     73      0      0.00000000      1.21325904
    11     74      0      0.00000000      1.21195325
    11     75      0      0.00000000      1.22651616
    11     76      0      0.00000000      1.36634578
    11     77      0      0.00000000      1.24827682
    11     78      0      0.00000000      4.38588160
    11     79      0      0.00000000      1.32053840
    11     80      0      0.00000000      1.30627029
    11     81      0      0.00000000      1.28161546
    11     82      0      0.00000000      1.22664173
    11     83      0      0.00000000      1.27897114
    11     84      0      0.00000000      1.23652522
    11     85      0      0.00000000      1.35044536
    11     86      0      0.00000000      1.20580533
    11     87      0      0.00000000      1.23381978
    11     88      0      0.00000000      1.15761541
    11     89      0      0.00000000      1.15618109
    11     90      0      0.00000000      1.21291225
    11     91      0      0.00000000      1.17573167
    11     92      0      0.00000000      1.37740097
    11     93      0      0.00000000      1.33139818
    11     94      0      0.00000000      1.00000000
    11     95      0      0.00000000      1.00000000
    11     96      0      0.00000000      1.00000000
    11     97      0      0.00000000      1.00000000
    11     98      0      0.00000000      1.00000000
    11     99      0      0.00000000      1.00000000
    11    100      0      0.00000000      1.00000000
    11    101      0      0.00000000      1.00000000
    11    102      0      0.00000000      1.00000000
    11    103      0      0.00000000      1.00000000
    11    104      0      0.00000000      1.00000000
    11    105      0      0.00000000      1.00000000
    11    106      0      0.00000000      1.00000000
    11    107      0      0.00000000      1.00000000
    11    108      0      0.00000000      1.11501661
    11    109      0      0.00000000      1.13267986
    11    110      0      0.00000000      1.00000000
    11    111      0      0.00000000      1.00000000
    11    112      0      0.00000000      1.00000000
    11    113      0      0.00000000      1.00000000
    11    114      0      0.00000000      1.00000000
    11    115      0      0.00000000      1.00000000
    11    116      0      0.00000000      1.00000000
    11    117      0      0.00000000      1.00000000
    11    118      0      0.00000000      1.00000000
    11    119      0      0.00000000      1.00000000
    11    120      0      0.00000000      1.00000000
    11    121      0      0.00000000      1.00000000
    11    122      0      0.00000000      1.00000000
    11    123      0      0.00000000      1.00000000
    11    124      0      0.00000000      0.85420282
    11    125      0      0.00000000      0.79194361
    11    126      0      0.00000000      0.81029330
    11    127      0      0.00000000      0.83130825
    11    128      0      0.00000000      0.86059418
    11    129      0      0.00000000      0.85272553
    11    130      0      0.00000000      0.85887853
    11    131      0      0.00000000      0.83663079
    11    132      0      0.00000000      0.85294017
    11    133      0      0.00000000      0.85018985
    11    134      0      0.00000000      0.88896835
    11    135      0      0.00000000      0.89035554
    11    136      0      0.00000000      0.90587461
    11    137      0      0.00000000      0.94447308
    11    138      0      0.00000000      0.94371965
    11    139      0      0.00000000      0.93912073
    11    140      0      0.00000000      0.95880986
    11    141      0      0.00000000      0.94033431
    11    142      0      0.00000000      0.93416806
    11    143      0      0.00000000      0.92944534
    11    144      0      0.00000000      0.92786439
    11    145      0      0.00000000      0.94178793
    11    146      0      0.00000000      0.89353306
    11    147      0      0.00000000      0.89909170
    11    148      0      0.00000000      0.88009666
    11    149      0      0.00000000      0.85591207
    11    150      0      0.00000000      0.83030449
    11    151      0      0.00000000      0.83307633
    11    152      0      0.00000000      0.80372509
    11    153      0      0.00000000      0.82864236
    11    154      0      0.00000000      0.76980123
    11    155      0      0.00000000      0.82833955
    11    156      0      0.00000000      0.85478320
    11    157      0      0.00000000      0.88844017
    11    158      0      0.00000000      0.83361662
    11    159      0      0.00000000      0.81355017
    11    160      0      0.00000000      0.84450249
    11    161      0      0.00000000      0.94721225
    11    162      0      0.00000000      1.00000000
    11    163      0      0.00000000      1.00000000
    11    164      0      0.00000000      1.00000000
    11    165      0      0.00000000      1.00000000
    11    166      0      0.00000000      1.00000000
    11    167      0      0.00000000      1.00000000
    11    168      0      0.00000000      1.00000000
    11    169      0      0.00000000      1.00000000
    11    170      0      0.00000000      1.00000000
    11    171      0      0.00000000      1.00000000
    11    172      0      0.00000000      1.00000000
    11    173      0      0.00000000      1.00000000
    11    174      0      0.00000000      1.00000000
    11    175      0      0.00000000      1.00000000
    11    176      0      0.00000000      0.95919313
    11    177      0      0.00000000      0.88012818
    11    178      0      0.00000000      0.99359045
    11    179      0      0.00000000      0.99619831
    11    180      0      0.00000000      0.95800591
    11    181      0      0.00000000      0.95680805
    11    182      0      0.00000000      0.96360756
    11    183      0      0.00000000      0.97391954
    11    184      0      0.00000000      1.09000326
    11    185      0      0.00000000      1.14157700
    11    186      0      0.00000000      1.08715560
    11    187      0      0.00000000      1.03605172
    11    188      0      0.00000000      1.07033343
    11    189      0      0.00000000      1.07878445
    11    190      0      0.00000000      1.02030891
    11    191      0      0.00000000      1.04963120
    11    192      0      0.00000000      1.05702741
    11    193      0      0.00000000      1.13023434
    11    194      0      0.00000000      1.08370949
    11    195      0      0.00000000      1.11421572
    11    196      0      0.00000000      1.07284844
    11    197      0      0.00000000      1.10345137
    11    198      0      0.00000000      1.12520175
    11    199      0      0.00000000      1.04852773
    11    200      0      0.00000000      1.04430431
    11    201      0      0.00000000      1.10529929
    11    202      0      0.00000000      1.05769206
    11    203      0      0.00000000      1.07977790
    11    204      0      0.00000000      1.10453543
    11    205      0      0.00000000      1.15126965
    11    206      0      0.00000000      1.09173411
    11    207      0      0.00000000      1.23944303
    11    208      0      0.00000000      1.12500610
    11    209      0      0.00000000      1.13678927
    11    210      0      0.00000000      1.05961768
    11    211      0      0.00000000      1.14661017
    11    212      0      0.00000000      1.07221920
    11    213      0      0.00000000      1.07526215
    11    214      0      0.00000000      1.08606617
    11    215      0      0.00000000      1.08987457
    11    216      0      0.00000000      1.15014336
    11    217      0      0.00000000      1.05456962
    12      0      0      0.00000000      1.13180915
    12      1      0      0.00000000      0.96777118
    12      2      0      0.00000000      0.83851298
    12      3      0      0.00000000      1.08894752
    12      4      0      0.00000000      0.83524077
    12      5      0      0.00000000      0.91395814
    12      6      0      0.00000000      1.03777838
    12      7      0      0.00000000      0.91301828
    12      8      0      0.00000000      1.42810287
    12      9      0      0.00000000      0.77637424
    12     10      0      0.00000000      1.03106016
    12     11      0      0.00000000      1.66171339
    12     12      0      0.00000000      1.56574326
    12     13      0      0.00000000      0.87080119
    12     14      0      0.00000000      1.03186708
    12     15      0      0.00000000      0.93486893
    12     16      0      0.00000000      0.96687248
    12     17      0      0.00000000      1.24266626
    12     18      0      0.00000000      1.03416699
    12     19      0      0.00000000      1.14965462
    12     20      0      0.00000000      1.23175762
    12     21      0      0.00000000      1.11612918
    12     22      0      0.00000000      1.03062861
    12     23      0      0.00000000      0.85049452
    12     24      0      0.00000000      1.02754460
    12     25      0      0.00000000      1.18533698
    12     26      0      0.00000000      0.98765625
    12     27      0      0.00000000      1.16410228
    12     28      0      0.00000000      1.02681443
    12     29      0      0.00000000      1.69126428
    12     30      0      0.00000000      1.17140710
    12     31      0      0.00000000      1.11818805
    12     32      0      0.00000000      1.02643528
    12     33      0      0.00000000      0.98299868
    12     34      0      0.00000000      0.99922023
    12     35      0      0.00000000      1.78941474
    12     36      0      0.00000000      1.00000000
    12     37      0      0.00000000      1.00000000
    12     38      0      0.00000000      1.00000000
    12     39      0      0.00000000      1.00000000
    12     40      0      0.00000000      1.00000000
    12     41      0      0.00000000      1.00000000
    12     42      0      0.00000000      1.00000000
    12     43      0      0.00000000      1.00000000
    12     44      0      0.00000000      1.00000000
    12     45      0      0.00000000      1.00000000
    12     46      0      0.00000000      1.00000000
    12     47      0      0.00000000      1.00000000
    12     48      0      0.00000000      1.93140576
    12     49      0      0.00000000      1.27503965
    12     50      0      0.00000000      1.38722580
    12     51      0      0.00000000      1.29443362
    12     52      0      0.00000000      1.35417333
    12     53      0      0.00000000      1.27138622
    12     54      0      0.00000000      1.39320707
    12     55      0      0.00000000      1.39708007
    12     56      0      0.00000000      1.34354738
    12     57      0      0.00000000      1.40456610
    12     58      0      0.00000000      1.29779288
    12     59      0      0.00000000      1.42720740
    12     60      0      0.00000000      1.29253796
    12     61      0      0.00000000      1.31130263
    12     62      0      0.00000000      1.29261197
    12     63      0      0.00000000      1.33433131
    12     64      0      0.00000000      1.31331140
    12     65      0      0.00000000      1.31462375
    12     66      0      0.00000000      1.21004649
    12     67      0      0.00000000      1.33539310
    12     68      0      0.00000000      1.11185360
    12     69      0      0.00000000      1.32477275
    12     70      0      0.00000000      1.17090298
    12     71      0      0.00000000      1.18910544
    12     72      0      0.00000000      1.39494095
    12     73      0      0.00000000      1.17247714
    12     74      0      0.00000000      1.31443864
    12     75      0      0.00000000      1.21053842
    12     76      0      0.00000000      1.37459986
    12     77      0      0.00000000      1.25382308
    12     78      0      0.00000000      1.34170257
    12     79      0      0.00000000      1.26666232
    12     80      0      0.00000000      1.01998569
    12     81      0      0.00000000      1.35498063
    12     82      0      0.00000000      1.39542465
    12     83      0      0.00000000      1.30247210
    12     84      0      0.00000000      1.22046711
    12     85      0      0.00000000      1.28061141
    12     86      0      0.00000000      1.22545180
    12     87      0      0.00000000      1.30540018
    12     88      0      0.00000000      1.28090059
    12     89      0      0.00000000      1.24808257
    12     90      0      0.00000000      1.28626943
    12     91      0      0.00000000      1.18828163
    12     92      0      0.00000000      1.22642050
    12     93      0      0.00000000      1.19310918
    12     94      0      0.00000000      1.28229858
    12     95      0      0.00000000      1.35414484
    12     96      0      0.00000000      1.39485608
    12     97      0      0.00000000      1.28078966
    12     98      0      0.00000000      1.26210023
    12     99      0      0.00000000      1.28172508
    12    100      0      0.00000000      1.29108141
    12    101      0      0.00000000      1.33665033
    12    102      0      0.00000000      1.29322956
    12    103      0      0.00000000      1.34831668
    12    104      0      0.00000000      1.34669370
    12    105      0      0.00000000      1.35486162
    12    106      0      0.00000000      1.00000000
    12    107      0      0.00000000      1.00000000
    12    108      0      0.00000000      1.00000000
    12    109      0      0.00000000      1.00000000
    12    110      0      0.00000000      1.00000000
    12    111      0      0.00000000      1.00000000
    12    112      0      0.00000000      1.00000000
    12    113      0      0.00000000      1.00000000
    12    114      0      0.00000000      1.00000000
    12    115      0      0.00000000      1.00000000
    12    116      0      0.00000000      1.00000000
    12    117      0      0.00000000      1.00000000
    12    118      0      0.00000000      1.00000000
    12    119      0      0.00000000      1.00000000
    12    120      0      0.00000000      1.00000000
    12    121      0      0.00000000      1.00000000
    12    122      0      0.00000000      1.00000000
    12    123      0      0.00000000      1.00000000
    12    124      0      0.00000000      0.75334936
    12    125      0      0.00000000      0.82369154
    12    126      0      0.00000000      0.84534500
    12    127      0      0.00000000      0.84544428
    12    128      0      0.00000000      0.83012934
    12    129      0      0.00000000      0.85404263
    12    130      0      0.00000000      0.81098456
    12    131      0      0.00000000      0.87604058
    12    132      0      0.00000000      0.90196343
    12    133      0      0.00000000      0.88521405
    12    134      0      0.00000000      0.90135587
    12    135      0      0.00000000      0.90885409
    12    136      0      0.00000000      0.92610147
    12    137      0      0.00000000      0.93394581
    12    138      0      0.00000000      0.94615602
    12    139      0      0.00000000      0.96899985
    12    140      0      0.00000000      0.92076292
    12    141      0      0.00000000      0.92704628
    12    142      0      0.00000000      0.90810743
    12    143      0      0.00000000      0.94367578
    12    144      0      0.00000000      0.93195491
    12    145      0      0.00000000      0.91532297
    12    146      0      0.00000000      0.84921666
    12    147      0      0.00000000      0.87463748
    12    148      0      0.00000000      0.83979146
    12    149      0      0.00000000      0.85377435
    12    150      0      0.00000000      0.84336900
    12    151      0      0.00000000      0.83663327
    12    152      0      0.00000000      0.81744792
    12    153      0      0.00000000      0.81090301
    12    154      0      0.00000000      0.77900671
    12    155      0      0.00000000      0.79742438
    12    156      0      0.00000000      0.82796285
    12    157      0      0.00000000      0.81922233
    12    158      0      0.00000000      0.83231750
    12    159      0      0.00000000      0.84951709
    12    160      0      0.00000000      0.86383302
    12    161      0      0.00000000      0.88802761
    12    162      0      0.00000000      0.86171265
    12    163      0      0.00000000      0.87543046
    12    164      0      0.00000000      0.86754217
    12    165      0      0.00000000      0.90829729
    12    166      0      0.00000000      0.90500456
    12    167      0      0.00000000      0.91784888
    12    168      0      0.00000000      0.95299813
    12    169      0      0.00000000      0.92473107
    12    170      0      0.00000000      0.94222419
    12    171      0      0.00000000      0.90053224
    12    172      0      0.00000000      0.93033506
    12    173      0      0.00000000      0.95194113
    12    174      0      0.00000000      0.84436386
    12    175      0      0.00000000      0.88225736
    12    176      0      0.00000000      0.83568332
    12    177      0      0.00000000      0.88681404
    12    178      0      0.00000000      0.86673419
    12    179      0      0.00000000      0.92010707
    12    180      0      0.00000000      0.87447827
    12    181      0      0.00000000      0.98263243
    12    182      0      0.00000000      1.00000000
    12    183      0      0.00000000      1.00000000
    12    184      0      0.00000000      1.00000000
    12    185      0      0.00000000      1.00000000
    12    186      0      0.00000000      1.00000000
    12    187      0      0.00000000      1.00000000
    12    188      0      0.00000000      1.00000000
    12    189      0      0.00000000      1.00000000
    12    190      0      0.00000000      1.00000000
    12    191      0      0.00000000      1.00000000
    12    192      0      0.00000000      1.00000000
    12    193      0      0.00000000      1.00000000
    12    194      0      0.00000000      0.92332842
    12    195      0      0.00000000      1.00652830
    12    196      0      0.00000000      0.95199260
    12    197      0      0.00000000      1.01297681
    12    198      0      0.00000000      0.86118238
    12    199      0      0.00000000      0.97859982
    12    200      0      0.00000000      1.02887787
    12    201      0      0.00000000      1.11186869
    12    202      0      0.00000000      0.98679869
    12    203      0      0.00000000      1.04194299
    12    204      0      0.00000000      1.09719813
    12    205      0      0.00000000      1.07667283
    12    206      0      0.00000000      1.00630878
    12    207      0      0.00000000      1.01123278
    12    208      0      0.00000000      0.92436182
    12    209      0      0.00000000      1.02979250
    12    210      0      0.00000000      1.03146690
    12    211      0      0.00000000      1.08539691
    12    212      0      0.00000000      1.07239194
    12    213      0      0.00000000      1.11461954
    12    214      0      0.00000000      1.04036639
    12    215      0      0.00000000      1.09744649
    12    216      0      0.00000000      1.03849276
    12    217      0      0.00000000      1.08742400
    12    218      0      0.00000000      1.04348582
    12    219      0      0.00000000      1.07478557
    12    220      0      0.00000000      1.08558205
    12    221      0      0.00000000      1.11795024
    12    222      0      0.00000000      1.13313275
    12    223      0      0.00000000      1.08447159
    12    224      0      0.00000000      1.05845637
    12    225      0      0.00000000      1.18181970
    12    226      0      0.00000000      1.02593109
    12    227      0      0.00000000      1.02845364
    12    228      0      0.00000000      1.02345399
    12    229      0      0.00000000      1.13958713
    13      0      0      0.00000000      1.20191638
    13      1      0      0.00000000      1.06925034
    13      2      0      0.00000000      1.27013255
    13      3      0      0.00000000      1.07014752
    13      4      0      0.00000000      1.12423733
    13      5      0      0.00000000      1.09190864
    13      6      0      0.00000000      1.71890508
    13      7      0      0.00000000      1.22184745
    13      8      0      0.00000000      1.00578339
    13      9      0      0.00000000      1.21503612
    13     10      0      0.00000000      1.14489536
    13     11      0      0.00000000      1.91658642
    13     12      0      0.00000000      1.06251143
    13     13      0      0.00000000      1.06486111
    13     14      0      0.00000000      1.04951627
    13     15      0      0.00000000      1.08537625
    13     16      0      0.00000000      1.19037349
    13     17      0      0.00000000      1.00000000
    13     18      0      0.00000000      1.00000000
    13     19      0      0.00000000      1.00000000
    13     20      0      0.00000000      1.00000000
    13     21      0      0.00000000      1.00000000
    13     22      0      0.00000000      1.00000000
    13     23      0      0.00000000      1.00000000
    13     24      0      0.00000000      1.00000000
    13     25      0      0.00000000      1.00000000
    13     26      0      0.00000000      1.00000000
    13     27      0      0.00000000      1.00000000
    13     28      0      0.00000000      1.21550067
    13     29      0      0.00000000      1.38726708
    13     30      0      0.00000000      1.12736890
    13     31      0      0.00000000      1.30323020
    13     32      0      0.00000000      1.37793350
    13     33      0      0.00000000      1.17720532
    13     34      0      0.00000000      1.02973091
    13     35      0      0.00000000      1.12308835
    13     36      0      0.00000000      1.12308835
    13     37      0      0.00000000      1.12308835
    13     38      0      0.00000000      1.25047957
    13     39      0      0.00000000      1.24856619
    13     40      0      0.00000000      1.22736118
    13     41      0      0.00000000      1.26345298
    13     42      0      0.00000000      1.28123242
    13     43      0      0.00000000      1.33957191
    13     44      0      0.00000000      1.30490758
    13     45      0      0.00000000      1.49570071
    13     46      0      0.00000000      1.33144681
    13     47      0      0.00000000      1.28267244
    13     48      0      0.00000000      1.38840258
    13     49      0      0.00000000      1.26101970
    13     50      0      0.00000000      1.28727962
    13     51      0      0.00000000      1.33071444
    13     52      0      0.00000000      1.30450704
    13     53      0      0.00000000      1.38683651
    13     54      0      0.00000000      1.30108165
    13     55      0      0.00000000      1.32693695
    13     56      0      0.00000000      1.23394652
    13     57      0      0.00000000      1.19684858
    13     58      0      0.00000000      1.21652732
    13     59      0      0.00000000      1.19957081
    13     60      0      0.00000000      1.36129817
    13     61      0      0.00000000      1.25794402
    13     62      0      0.00000000      1.29604064
    13     63      0      0.00000000      1.20292962
    13     64      0      0.00000000      1.24921993
    13     65      0      0.00000000      1.23666677
    13     66      0      0.00000000      1.34746451
    13     67      0      0.00000000      1.26238809
    13     68      0      0.00000000      1.31262632
    13     69      0      0.00000000      4.58169986
    13     70      0      0.00000000      1.22970491
    13     71      0      0.00000000      1.38877694
    13     72      0      0.00000000      1.23700410
    13     73      0      0.00000000      1.28196117
    13     74      0      0.00000000      1.25600322
    13     75      0      0.00000000      1.32904477
    13     76      0      0.00000000      1.34653438
    13     77      0      0.00000000      1.15462325
    13     78      0      0.00000000      1.35544347
    13     79      0      0.00000000      1.21822061
    13     80      0      0.00000000      1.29035835
    13     81      0      0.00000000      1.22539596
    13     82      0      0.00000000      1.28614963
    13     83      0      0.00000000      1.47835028
    13     84      0      0.00000000      1.37189996
    13     85      0      0.00000000      1.37417826
    13     86      0      0.00000000      1.30000512
    13     87      0      0.00000000      1.34174668
    13     88      0      0.00000000      1.25706443
    13     89      0      0.00000000      1.35609119
    13     90      0      0.00000000      1.30796597
    13     91      0      0.00000000      1.47700763
    13     92      0      0.00000000      1.41545140
    13     93      0      0.00000000      1.34878758
    13     94      0      0.00000000      1.30847861
    13     95      0      0.00000000      1.33562220
    13     96      0      0.00000000      1.30933497
    13     97      0      0.00000000      1.36573957
    13     98      0      0.00000000      1.28854099
    13     99      0      0.00000000      1.00000000
    13    100      0      0.00000000      1.00000000
    13    101      0      0.00000000      1.00000000
    13    102      0      0.00000000      1.00000000
    13    103      0      0.00000000      1.00000000
    13    104      0      0.00000000      1.00000000
    13    105      0      0.00000000      1.00000000
    13    106      0      0.00000000      1.00000000
    13    107      0      0.00000000      1.00000000
    13    108      0      0.00000000      1.00000000
    13    109      0      0.00000000      1.00000000
    13    110      0      0.00000000      1.00000000
    13    111      0      0.00000000      1.00000000
    13    112      0      0.00000000      1.00000000
    13    113      0      0.00000000      1.00000000
    13    114      0      0.00000000      1.00000000
    13    115      0      0.00000000      0.83702575
    13    116      0      0.00000000      0.83525486
    13    117      0      0.00000000      0.93507158
    13    118      0      0.00000000      0.92789104
    13    119      0      0.00000000      0.97433438
    13    120      0      0.00000000      0.99173605
    13    121      0      0.00000000      0.96528791
    13    122      0      0.00000000      0.98698288
    13    123      0      0.00000000      0.94088149
    13    124      0      0.00000000      0.91173355
    13    125      0      0.00000000      0.85247978
    13    126      0      0.00000000      0.84594451
    13    127      0      0.00000000      0.85110075
    13    128      0      0.00000000      0.85184342
    13    129      0      0.00000000      0.86057401
    13    130      0      0.00000000      0.90122661
    13    131      0      0.00000000      0.88819679
    13    132      0      0.00000000      0.91406867
    13    133      0      0.00000000      0.93310356
    13    134      0      0.00000000      0.99858629
    13    135      0      0.00000000      0.99036815
    13    136      0      0.00000000      1.00922720
    13    137      0      0.00000000      0.99814094
    13    138      0      0.00000000      1.02992519
    13    139      0      0.00000000      1.01606141
    13    140      0      0.00000000      1.05012076
    13    141      0      0.00000000      1.03317302
    13    142      0      0.00000000      1.02455766
    13    143      0      0.00000000      1.04261287
    13    144      0      0.00000000      1.04317783
    13    145      0      0.00000000      1.03812428
    13    146      0      0.00000000      1.03833674
    13    147      0      0.00000000      1.01595586
    13    148      0      0.00000000      1.02506973
    13    149      0      0.00000000      1.00314047
    13    150      0      0.00000000      1.00214900
    13    151      0      0.00000000      0.98439556
    13    152      0      0.00000000      1.02547519
    13    153      0      0.00000000      0.96012387
    13    154      0      0.00000000      0.95755845
    13    155      0      0.00000000      0.94875930
    13    156      0      0.00000000      0.97692605
    13    157      0      0.00000000      0.95506905
    13    158      0      0.00000000      0.91383958
    13    159      0      0.00000000      0.92188123
    13    160      0      0.00000000      0.91271804
    13    161      0      0.00000000      0.86662181
    13    162      0      0.00000000      0.84045125
    13    163      0      0.00000000      0.74717788
    13    164      0      0.00000000      0.76539628
    13    165      0      0.00000000      0.76757080
    13    166      0      0.00000000      0.80567803
    13    167      0      0.00000000      0.73917778
    13    168      0      0.00000000      0.73885565
    13    169      0      0.00000000      0.72577574
    13    170      0      0.00000000      0.74062691
    13    171      0      0.00000000      0.79036792
    13    172      0      0.00000000      0.84758103
    13    173      0      0.00000000      0.85723932
    13    174      0      0.00000000      0.93495169
    13    175      0      0.00000000      0.92542540
    13    176      0      0.00000000      0.97648180
    13    177      0      0.00000000      0.95605447
    13    178      0      0.00000000      0.99981441
    13    179      0      0.00000000      0.95924343
    13    180      0      0.00000000      0.89104052
    13    181      0      0.00000000      0.83264997
    13    182      0      0.00000000      0.87156230
    13    183      0      0.00000000      0.92657292
    13    184      0      0.00000000      0.93368067
    13    185      0      0.00000000      0.99383472
    13    186      0      0.00000000      1.00000000
    13    187      0      0.00000000      1.00000000
    13    188      0      0.00000000      1.00000000
    13    189      0      0.00000000      1.00000000
    13    190      0      0.00000000      1.00000000
    13    191      0      0.00000000      1.00000000
    13    192      0      0.00000000      1.00000000
    13    193      0      0.00000000      1.00000000
    13    194      0      0.00000000      1.00000000
    13    195      0      0.00000000      1.00000000
    13    196      0      0.00000000      1.00000000
    13    197      0      0.00000000      1.12460558
    13    198      0      0.00000000      1.07954742
    13    199      0      0.00000000      1.02335262
    13    200      0      0.00000000      0.92083510
    13    201      0      0.00000000      0.97696418
    13    202      0      0.00000000      0.98895007
    13    203      0      0.00000000      0.95749720
    13    204      0      0.00000000      1.02274347
    13    205      0      0.00000000      1.08553028
    13    206      0      0.00000000      1.09781210
    13    207      0      0.00000000      1.11679434
    13    208      0      0.00000000      1.21554735
    13    209      0      0.00000000      1.18256436
    13    210      0      0.00000000      1.15938689
    13    211      0      0.00000000      1.12996705
    13    212      0      0.00000000      1.27703092
    13    213      0      0.00000000      1.28869435
    14      0      0      0.00000000      1.21499069
    14      1      0      0.00000000      1.27726098
    14      2      0      0.00000000      1.19399808
    14      3      0      0.00000000      1.28304829
    14      4      0      0.00000000      1.00000000
    14      5      0      0.00000000      1.00000000
    14      6      0      0.00000000      1.00000000
    14      7      0      0.00000000      1.00000000
    14      8      0      0.00000000      1.00000000
    14      9      0      0.00000000      1.00000000
    14     10      0      0.00000000      1.00000000
    14     11      0      0.00000000      1.00000000
    14     12      0      0.00000000      1.00000000
    14     13      0      0.00000000      1.00000000
    14     14      0      0.00000000      1.28304829
    14     15      0      0.00000000      1.17512952
    14     16      0      0.00000000      1.19747817
    14     17      0      0.00000000      1.08496256
    14     18      0      0.00000000      1.09653591
    14     19      0      0.00000000      1.06337992
    14     20      0      0.00000000      1.20542388
    14     21      0      0.00000000      1.17175269
    14     22      0      0.00000000      1.28742768
    14     23      0      0.00000000      1.28802327
    14     24      0      0.00000000      1.34127187
    14     25      0      0.00000000      1.41486415
    14     26      0      0.00000000      1.30364219
    14     27      0      0.00000000      1.17444228
    14     28      0      0.00000000      0.87829732
    14     29      0      0.00000000      0.93501371
    14     30      0      0.00000000      0.99203582
    14     31      0      0.00000000      1.19828868
    14     32      0      0.00000000      1.06024499
    14     33      0      0.00000000      1.30259019
    14     34      0      0.00000000      1.38729046
    14     35      0      0.00000000      1.43237645
    14     36      0      0.00000000      1.37190791
    14     37      0      0.00000000      1.31911724
    14     38      0      0.00000000      1.38213598
    14     39      0      0.00000000      1.36091720
    14     40      0      0.00000000      1.47051900
    14     41      0      0.00000000      1.18217545
    14     42      0      0.00000000      1.31209757
    14     43      0      0.00000000      1.33554811
    14     44      0      0.00000000      1.37597693
    14     45      0      0.00000000      1.27399213
    14     46      0      0.00000000      1.35661871
    14     47      0      0.00000000      1.29866805
    14     48      0      0.00000000      1.41987081
    14     49      0      0.00000000      1.37238548
    14     50      0      0.00000000      1.44479986
    14     51      0      0.00000000      1.36172790
    14     52      0      0.00000000      1.20656603
    14     53      0      0.00000000      1.36536965
    14     54      0      0.00000000      1.28938412
    14     55      0      0.00000000      1.35612370
    14     56      0      0.00000000      1.38002747
    14     57      0      0.00000000      1.30612293
    14     58      0      0.00000000      1.25338115
    14     59      0      0.00000000      1.23772933
    14     60      0      0.00000000      1.27757672
    14     61      0      0.00000000      1.29103223
    14     62      0      0.00000000      1.32217958
    14     63      0      0.00000000      1.47420814
    14     64      0      0.00000000      4.60567948
    14     65      0      0.00000000      1.29844905
    14     66      0      0.00000000      1.34322595
    14     67      0      0.00000000      1.28589827
    14     68      0      0.00000000      1.33777666
    14     69      0      0.00000000      1.27577237
    14     70      0      0.00000000      1.29435126
    14     71      0      0.00000000      1.41393769
    14     72      0      0.00000000      1.26739498
    14     73      0      0.00000000      1.35773778
    14     74      0      0.00000000      1.26223845
    14     75      0      0.00000000      1.22412161
    14     76      0      0.00000000      1.25483569
    14     77      0      0.00000000      1.27835864
    14     78      0      0.00000000      1.42513146
    14     79      0      0.00000000      1.45537739
    14     80      0      0.00000000      1.41738666
    14     81      0      0.00000000      1.33914452
    14     82      0      0.00000000      1.27459617
    14     83      0      0.00000000      1.40151374
    14     84      0      0.00000000      1.41014178
    14     85      0      0.00000000      1.34945258
    14     86      0      0.00000000      1.43433879
    14     87      0      0.00000000      1.52624104
    14     88      0      0.00000000      1.28904328
    14     89      0      0.00000000      1.32788505
    14     90      0      0.00000000      1.32755216
    14     91      0      0.00000000      1.39456768
    14     92      0      0.00000000      1.34991498
    14     93      0      0.00000000      1.28984420
    14     94      0      0.00000000      1.00000000
    14     95      0      0.00000000      1.00000000
    14     96      0      0.00000000      1.00000000
    14     97      0      0.00000000      1.00000000
    14     98      0      0.00000000      1.00000000
    14     99      0      0.00000000      1.00000000
    14    100      0      0.00000000      1.00000000
    14    101      0      0.00000000      1.00000000
    14    102      0      0.00000000      1.00000000
    14    103      0      0.00000000      1.00000000
    14    104      0      0.00000000      1.08238505
    14    105      0      0.00000000      1.03759526
    14    106      0      0.00000000      0.94482852
    14    107      0      0.00000000      1.03006287
    14    108      0      0.00000000      1.00000000
    14    109      0      0.00000000      1.00000000
    14    110      0      0.00000000      1.00000000
    14    111      0      0.00000000      1.00000000
    14    112      0      0.00000000      1.00000000
    14    113      0      0.00000000      1.00000000
    14    114      0      0.00000000      1.00000000
    14    115      0      0.00000000      1.00000000
    14    116      0      0.00000000      1.00000000
    14    117      0      0.00000000      1.00000000
    14    118      0      0.00000000      0.91209574
    14    119      0      0.00000000      0.88061199
    14    120      0      0.00000000      0.87018346
    14    121      0      0.00000000      0.93714697
    14    122      0      0.00000000      0.93192597
    14    123      0      0.00000000      0.96071707
    14    124      0      0.00000000      0.93796061
    14    125      0      0.00000000      0.98504591
    14    126      0      0.00000000      0.97409602
    14    127      0      0.00000000      1.02952574
    14    128      0      0.00000000      1.02235755
    14    129      0      0.00000000      1.04911096
    14    130      0      0.00000000      1.02009485
    14    131      0      0.00000000      1.07593284
    14    132      0      0.00000000      1.05022328
    14    133      0      0.00000000      1.04776467
    14    134      0      0.00000000      1.04452844
    14    135      0      0.00000000      1.01711830
    14    136      0      0.00000000      0.97653432
    14    137      0      0.00000000      1.03612922
    14    138      0      0.00000000      0.95806134
    14    139      0      0.00000000      1.02049189
    14    140      0      0.00000000      0.97831582
    14    141      0      0.00000000      1.00966404
    14    142      0      0.00000000      1.02481980
    14    143      0      0.00000000      1.05201160
    14    144      0      0.00000000      1.04341869
    14    145      0      0.00000000      1.02423863
    14    146      0      0.00000000      1.04192504
    14    147      0      0.00000000      1.04792842
    14    148      0      0.00000000      1.03390227
    14    149      0      0.00000000      1.02579179
    14    150      0      0.00000000      1.01033363
    14    151      0      0.00000000      1.02533443
    14    152      0      0.00000000      0.97013701
    14    153      0      0.00000000      0.98719892
    14    154      0      0.00000000      0.94058461
    14    155      0      0.00000000      0.96202981
    14    156      0      0.00000000      0.94834108
    14    157      0      0.00000000      0.95551415
    14    158      0      0.00000000      0.91719846
    14    159      0      0.00000000      0.89485211
    14    160      0      0.00000000      0.88443057
    14    161      0      0.00000000      0.87257869
    14    162      0      0.00000000      0.90460028
    14    163      0      0.00000000      0.89418420
    14    164      0      0.00000000      0.87306751
    14    165      0      0.00000000      0.94600597
    14    166      0      0.00000000      0.93166855
    14    167      0      0.00000000      0.99495910
    14    168      0      0.00000000      0.97826052
    14    169      0      0.00000000      1.00466755
    14    170      0      0.00000000      0.98602230
    14    171      0      0.00000000      0.95582136
    14    172      0      0.00000000      0.97480672
    14    173      0      0.00000000      0.96939512
    14    174      0      0.00000000      0.96293552
    14    175      0      0.00000000      0.97238200
    14    176      0      0.00000000      0.93796147
    14    177      0      0.00000000      0.92029987
    14    178      0      0.00000000      0.87239793
    14    179      0      0.00000000      0.93222936
    14    180      0      0.00000000      0.84703054
    14    181      0      0.00000000      0.89963625
    14    182      0      0.00000000      0.83619825
    14    183      0      0.00000000      0.88144484
    14    184      0      0.00000000      0.88590752
    14    185      0      0.00000000      0.97027839
    14    186      0      0.00000000      1.01052804
    14    187      0      0.00000000      1.13171311
    14    188      0      0.00000000      1.11914330
    14    189      0      0.00000000      1.10319044
    14    190      0      0.00000000      1.12449765
    14    191      0      0.00000000      1.11389720
    14    192      0      0.00000000      1.05230231
    14    193      0      0.00000000      1.07006037
    14    194      0      0.00000000      1.02703914
    14    195      0      0.00000000      1.14991784
    14    196      0      0.00000000      1.07454483
    14    197      0      0.00000000      1.20527982
    14    198      0      0.00000000      1.00000000
    14    199      0      0.00000000      1.00000000
    14    200      0      0.00000000      1.00000000
    14    201      0      0.00000000      1.00000000
    14    202      0      0.00000000      1.00000000
    14    203      0      0.00000000      1.00000000
    14    204      0      0.00000000      1.00000000
    14    205      0      0.00000000      1.00000000
    14    206      0      0.00000000      1.00000000
    14    207      0      0.00000000      1.00000000
    14    208      0      0.00000000      1.21474208
    14    209      0      0.00000000      1.27656040
    14    210      0      0.00000000      1.34130569
    14    211      0      0.00000000      1.43273435
    15      0      0      0.00000000      1.00000000
    15      1      0      0.00000000      1.00000000
    15      2      0      0.00000000      1.00000000
    15      3      0      0.00000000      1.00000000
    15      4      0      0.00000000      0.99298728
    15      5      0      0.00000000      1.40687867
    15      6      0      0.00000000      1.94971527
    15      7      0      0.00000000      1.12604565
    15      8      0      0.00000000      1.26568588
    15      9      0      0.00000000      1.28983066
    15     10      0      0.00000000      1.40312515
    15     11      0      0.00000000      1.24980758
    15     12      0      0.00000000      1.21746288
    15     13      0      0.00000000      1.35915977
    15     14      0      0.00000000      1.07494144
    15     15      0      0.00000000      1.14298166
    15     16      0      0.00000000      1.38202621
    15     17      0      0.00000000      1.34949779
    15     18      0      0.00000000      1.22963828
    15     19      0      0.00000000      1.40225876
    15     20      0      0.00000000      1.37969658
    15     21      0      0.00000000      1.40665232
    15     22      0      0.00000000      1.17037168
    15     23      0      0.00000000      1.28326945
    15     24      0      0.00000000      1.28850584
    15     25      0      0.00000000      1.47208501
    15     26      0      0.00000000      1.21681674
    15     27      0      0.00000000      0.95232585
    15     28      0      0.00000000      0.98947477
    15     29      0      0.00000000      0.93060412
    15     30      0      0.00000000      1.41660192
    15     31      0      0.00000000      1.49781226
    15     32      0      0.00000000      1.53836712
    15     33      0      0.00000000      2.00126025
    15     34      0      0.00000000      1.35022571
    15     35      0      0.00000000      1.28640987
    15     36      0      0.00000000      1.41605715
    15     37      0      0.00000000      2.11794103
    15     38      0      0.00000000      1.45908035
    15     39      0      0.00000000      1.39248309
    15     40      0      0.00000000      1.21319236
    15     41      0      0.00000000      1.02731432
    15     42      0      0.00000000      1.23408408
    15     43      0      0.00000000      1.12079132
    15     44      0      0.00000000      1.04340356
    15     45      0      0.00000000      1.27121082
    15     46      0      0.00000000      1.28160915
    15     47      0      0.00000000      1.22358195
    15     48      0      0.00000000      1.20809179
    15     49      0      0.00000000      1.28551793
    15     50      0      0.00000000      1.38064146
    15     51      0      0.00000000      1.29701230
    15     52      0      0.00000000      1.37508782
    15     53      0      0.00000000      1.45615543
    15     54      0      0.00000000      1.46014608
    15     55      0      0.00000000      1.29669856
    15     56      0      0.00000000      1.41438545
    15     57      0      0.00000000      1.05088258
    15     58      0      0.00000000      1.45945619
    15     59      0      0.00000000      1.34366725
    15     60      0      0.00000000      1.25697400
    15     61      0      0.00000000      4.44492621
    15     62      0      0.00000000      1.26064088
    15     63      0      0.00000000      1.38001876
    15     64      0      0.00000000      1.25187192
    15     65      0      0.00000000      1.22404799
    15     66      0      0.00000000      1.44083910
    15     67      0      0.00000000      1.31243605
    15     68      0      0.00000000      1.44781299
    15     69      0      0.00000000      1.24333278
    15     70      0      0.00000000      1.22554020
    15     71      0      0.00000000      1.22995360
    15     72      0      0.00000000      1.18407288
    15     73      0      0.00000000      1.20569875
    15     74      0      0.00000000      1.19352720
    15     75      0      0.00000000      1.38579223
    15     76      0      0.00000000      1.31017533
    15     77      0      0.00000000      1.35859561
    15     78      0      0.00000000      1.29533160
    15     79      0      0.00000000      1.31032858
    15     80      0      0.00000000      1.37016908
    15     81      0      0.00000000      1.30462168
    15     82      0      0.00000000      1.35750004
    15     83      0      0.00000000      1.37342329
    15     84      0      0.00000000      1.45529351
    15     85      0      0.00000000      1.37764755
    15     86      0      0.00000000      1.25576661
    15     87      0      0.00000000      1.33696345
    15     88      0      0.00000000      1.32140031
    15     89      0      0.00000000      1.33637517
    15     90      0      0.00000000      1.35939676
    15     91      0      0.00000000      1.00000000
    15     92      0      0.00000000      1.00000000
    15     93      0      0.00000000      1.00000000
    15     94      0      0.00000000      1.00000000
    15     95      0      0.00000000      1.00000000
    15     96      0      0.00000000      1.00000000
    15     97      0      0.00000000      1.00000000
    15     98      0      0.00000000      1.00000000
    15     99      0      0.00000000      1.00000000
    15    100      0      0.00000000      1.00000000
    15    101      0      0.00000000      1.10898025
    15    102      0      0.00000000      1.14420807
    15    103      0      0.00000000      1.21186739
    15    104      0      0.00000000      1.19917492
    15    105      0      0.00000000      1.15122501
    15    106      0      0.00000000      1.10079061
    15    107      0      0.00000000      1.09537773
    15    108      0      0.00000000      1.02920140
    15    109      0      0.00000000      1.01885207
    15    110      0      0.00000000      1.07378701
    15    111      0      0.00000000      1.01357879
    15    112      0      0.00000000      1.04274893
    15    113      0      0.00000000      1.00000000
    15    114      0      0.00000000      1.00000000
    15    115      0      0.00000000      1.00000000
    15    116      0      0.00000000      1.00000000
    15    117      0      0.00000000      1.00000000
    15    118      0      0.00000000      1.00000000
    15    119      0      0.00000000      1.00000000
    15    120      0      0.00000000      1.00000000
    15    121      0      0.00000000      1.00000000
    15    122      0      0.00000000      1.00000000
    15    123      0      0.00000000      1.04857290
    15    124      0      0.00000000      1.03368239
    15    125      0      0.00000000      1.02152446
    15    126      0      0.00000000      0.98157084
    15    127      0      0.00000000      0.93765870
    15    128      0      0.00000000      0.89676461
    15    129      0      0.00000000      0.91636144
    15    130      0      0.00000000      0.92832597
    15    131      0      0.00000000      0.93216147
    15    132      0      0.00000000      0.95174877
    15    133      0      0.00000000      0.95113707
    15    134      0      0.00000000      0.93225737
    15    135      0      0.00000000      1.01521262
    15    136      0      0.00000000      1.02462218
    15    137      0      0.00000000      1.02963119
    15    138      0      0.00000000      1.02511721
    15    139      0      0.00000000      1.04926766
    15    140      0      0.00000000      1.03544362
    15    141      0      0.00000000      1.05248964
    15    142      0      0.00000000      1.04655587
    15    143      0      0.00000000      1.03952328
    15    144      0      0.00000000      1.04823870
    15    145      0      0.00000000      1.01203177
    15    146      0      0.00000000      1.04381516
    15    147      0      0.00000000      1.07869036
    15    148      0      0.00000000      1.08380472
    15    149      0      0.00000000      1.06104705
    15    150      0      0.00000000      1.02763522
    15    151      0      0.00000000      1.04224432
    15    152      0      0.00000000      1.06890992
    15    153      0      0.00000000      1.02659325
    15    154      0      0.00000000      1.05303610
    15    155      0      0.00000000      1.06990003
    15    156      0      0.00000000      1.05327772
    15    157      0      0.00000000      1.04395647
    15    158      0      0.00000000      1.01169539
    15    159      0      0.00000000      1.04038898
    15    160      0      0.00000000      1.01593860
    15    161      0      0.00000000      1.00700084
    15    162      0      0.00000000      0.97158226
    15    163      0      0.00000000      0.94917748
    15    164      0      0.00000000      0.96406588
    15    165      0      0.00000000      0.96563988
    15    166      0      0.00000000      0.95909144
    15    167      0      0.00000000      0.99027042
    15    168      0      0.00000000      0.94857593
    15    169      0      0.00000000      0.99190939
    15    170      0      0.00000000      0.98205051
    15    171      0      0.00000000      0.97836556
    15    172      0      0.00000000      0.96650617
    15    173      0      0.00000000      1.01521534
    15    174      0      0.00000000      0.97471641
    15    175      0      0.00000000      1.00618968
    15    176      0      0.00000000      0.91414476
    15    177      0      0.00000000      0.92131821
    15    178      0      0.00000000      0.88128443
    15    179      0      0.00000000      0.89182899
    15    180      0      0.00000000      0.86101364
    15    181      0      0.00000000      0.87474134
    15    182      0      0.00000000      0.87719948
    15    183      0      0.00000000      0.88136809
    15    184      0      0.00000000      0.90844224
    15    185      0      0.00000000      1.10448763
    15    186      0      0.00000000      0.99798887
    15    187      0      0.00000000      1.08085352
    15    188      0      0.00000000      0.99627787
    15    189      0      0.00000000      1.07444729
    15    190      0      0.00000000      1.02921266
    15    191      0      0.00000000      1.07743038
    15    192      0      0.00000000      1.04209647
    15    193      0      0.00000000      1.01377418
    15    194      0      0.00000000      0.97048778
    15    195      0      0.00000000      0.94916374
    15    196      0      0.00000000      0.86924394
    15    197      0      0.00000000      1.01198128
    15    198      0      0.00000000      0.98273756
    15    199      0      0.00000000      1.06549112
    15    200      0      0.00000000      1.11012936
    15    201      0      0.00000000      1.19611208
    15    202      0      0.00000000      1.17316307
    15    203      0      0.00000000      1.18160861
    15    204      0      0.00000000      1.11052210
    15    205      0      0.00000000      1.10933848
    15    206      0      0.00000000      1.01851065
    15    207      0      0.00000000      1.09446454
    15    208      0      0.00000000      1.01346074
    15    209      0      0.00000000      1.18759579
    15    210      0      0.00000000      1.00000000
    15    211      0      0.00000000      1.00000000
    15    212      0      0.00000000      1.00000000
    15    213      0      0.00000000      1.00000000
    16      0      0      0.00000000      0.75170929
    16      1      0      0.00000000      1.03094340
    16      2      0      0.00000000      0.81296371
    16      3      0      0.00000000      0.86317819
    16      4      0      0.00000000      1.06781662
    16      5      0      0.00000000      1.11695945
    16      6      0      0.00000000      1.39954112
    16      7      0      0.00000000      1.13527639
    16      8      0      0.00000000      1.29356466
    16      9      0      0.00000000      1.21360635
    16     10      0      0.00000000      1.28029464
    16     11      0      0.00000000      1.28029464
    16     12      0      0.00000000      1.49582616
    16     13      0      0.00000000      1.28870322
    16     14      0      0.00000000      1.22723706
    16     15      0      0.00000000      1.09357115
    16     16      0      0.00000000      1.24446622
    16     17      0      0.00000000      1.34481970
    16     18      0      0.00000000      1.19384878
    16     19      0      0.00000000      1.22382845
    16     20      0      0.00000000      1.33108300
    16     21      0      0.00000000      1.23165518
    16     22      0      0.00000000      1.08280060
    16     23      0      0.00000000      1.22166995
    16     24      0      0.00000000      1.11214821
    16     25      0      0.00000000      1.48454197
    16     26      0      0.00000000      1.19680889
    16     27      0      0.00000000      0.98487085
    16     28      0      0.00000000      1.10452030
    16     29      0      0.00000000      1.29832216
    16     30      0      0.00000000      1.31128745
    16     31      0      0.00000000      1.31353357
    16     32      0      0.00000000      1.33028855
    16     33      0      0.00000000      1.28996046
    16     34      0      0.00000000      1.36315614
    16     35      0      0.00000000      1.33920490
    16     36      0      0.00000000      1.34215039
    16     37      0      0.00000000      1.46311017
    16     38      0      0.00000000      1.31534012
    16     39      0      0.00000000      1.12183983
    16     40      0      0.00000000      1.17949260
    16     41      0      0.00000000      1.30535786
    16     42      0      0.00000000      1.29903992
    16     43      0      0.00000000      1.34534366
    16     44      0      0.00000000      1.31724920
    16     45      0      0.00000000      1.31171188
    16     46      0      0.00000000      1.13147193
    16     47      0      0.00000000      1.28436759
    16     48      0      0.00000000      1.16471187
    16     49      0      0.00000000      1.39116467
    16     50      0      0.00000000      1.09605591
    16     51      0      0.00000000      1.24295525
    16     52      0      0.00000000      1.43359124
    16     53      0      0.00000000      1.20902521
    16     54      0      0.00000000      1.14160918
    16     55      0      0.00000000      1.34293537
    16     56      0      0.00000000      1.23844305
    16     57      0      0.00000000      1.30901541
    16     58      0      0.00000000      1.31809690
    16     59      0      0.00000000      1.23342689
    16     60      0      0.00000000      1.07463093
    16     61      0      0.00000000      0.98048077
    16     62      0      0.00000000      1.13735192
    16     63      0      0.00000000      1.34410283
    16     64      0      0.00000000      1.26462631
    16     65      0      0.00000000      1.28145780
    16     66      0      0.00000000      1.16909171
    16     67      0      0.00000000      1.34683399
    16     68      0      0.00000000      1.12307159
    16     69      0      0.00000000      1.16814646
    16     70      0      0.00000000      1.11484986
    16     71      0      0.00000000      1.14756504
    16     72      0      0.00000000      1.21957572
    16     73      0      0.00000000      1.19207046
    16     74      0      0.00000000      1.19614623
    16     75      0      0.00000000      1.45070187
    16     76      0      0.00000000      1.14724846
    16     77      0      0.00000000      1.20278484
    16     78      0      0.00000000      1.17918779
    16     79      0      0.00000000      1.20214765
    16     80      0      0.00000000      1.23964218
    16     81      0      0.00000000      1.27340941
    16     82      0      0.00000000      1.23607370
    16     83      0      0.00000000      1.30392122
    16     84      0      0.00000000      1.31655989
    16     85      0      0.00000000      1.23266962
    16     86      0      0.00000000      1.21873556
    16     87      0      0.00000000      1.32529855
    16     88      0      0.00000000      1.21322885
    16     89      0      0.00000000      1.23898149
    16     90      0      0.00000000      1.22557859
    16     91      0      0.00000000      1.00000000
    16     92      0      0.00000000      1.00000000
    16     93      0      0.00000000      1.00000000
    16     94      0      0.00000000      1.00000000
    16     95      0      0.00000000      1.00000000
    16     96      0      0.00000000      1.00000000
    16     97      0      0.00000000      1.00000000
    16     98      0      0.00000000      1.00000000
    16     99      0      0.00000000      1.00000000
    16    100      0      0.00000000      1.09808185
    16    101      0      0.00000000      1.12479668
    16    102      0      0.00000000      1.09520791
    16    103      0      0.00000000      1.12677526
    16    104      0      0.00000000      1.09829446
    16    105      0      0.00000000      1.11464190
    16    106      0      0.00000000      1.05797623
    16    107      0      0.00000000      1.10143361
    16    108      0      0.00000000      1.10251468
    16    109      0      0.00000000      1.13472885
    16    110      0      0.00000000      1.09731254
    16    111      0      0.00000000      1.15683040
    16    112      0      0.00000000      1.08308666
    16    113      0      0.00000000      1.09287573
    16    114      0      0.00000000      1.02843030
    16    115      0      0.00000000      1.02863622
    16    116      0      0.00000000      1.03213091
    16    117      0      0.00000000      1.04609955
    16    118      0      0.00000000      1.03708938
    16    119      0      0.00000000      1.08284442
    16    120      0      0.00000000      1.00000000
    16    121      0      0.00000000      1.00000000
    16    122      0      0.00000000      1.00000000
    16    123      0      0.00000000      1.00000000
    16    124      0      0.00000000      1.00000000
    16    125      0      0.00000000      1.00000000
    16    126      0      0.00000000      1.00000000
    16    127      0      0.00000000      1.00000000
    16    128      0      0.00000000      1.00000000
    16    129      0      0.00000000      0.91524597
    16    130      0      0.00000000      0.94001873
    16    131      0      0.00000000      0.95472081
    16    132      0      0.00000000      0.93597740
    16    133      0      0.00000000      0.90816299
    16    134      0      0.00000000      0.89226912
    16    135      0      0.00000000      0.94270281
    16    136      0      0.00000000      0.92867096
    16    137      0      0.00000000      0.92588080
    16    138      0      0.00000000      0.92488062
    16    139      0      0.00000000      0.93331381
    16    140      0      0.00000000      0.88956438
    16    141      0      0.00000000      0.89298057
    16    142      0      0.00000000      0.86210025
    16    143      0      0.00000000      0.87435076
    16    144      0      0.00000000      0.87649192
    16    145      0      0.00000000      0.87787214
    16    146      0      0.00000000      0.88560902
    16    147      0      0.00000000      0.90645753
    16    148      0      0.00000000      0.91685799
    16    149      0      0.00000000      0.92462687
    16    150      0      0.00000000      0.82254197
    16    151      0      0.00000000      0.96946683
    16    152      0      0.00000000      0.85326482
    16    153      0      0.00000000      1.00183677
    16    154      0      0.00000000      0.88140611
    16    155      0      0.00000000      0.89299758
    16    156      0      0.00000000      0.90487337
    16    157      0      0.00000000      0.91060741
    16    158      0      0.00000000      0.91469877
    16    159      0      0.00000000      0.93886689
    16    160      0      0.00000000      0.87721847
    16    161      0      0.00000000      0.91788697
    16    162      0      0.00000000      0.92314475
    16    163      0      0.00000000      0.90586443
    16    164      0      0.00000000      0.88921835
    16    165      0      0.00000000      0.92331304
    16    166      0      0.00000000      0.95190420
    16    167      0      0.00000000      0.90082114
    16    168      0      0.00000000      0.87970177
    16    169      0      0.00000000      0.88911801
    16    170      0      0.00000000      0.86433525
    16    171      0      0.00000000      0.84368813
    16    172      0      0.00000000      0.82403465
    16    173      0      0.00000000      0.82304135
    16    174      0      0.00000000      0.80393333
    16    175      0      0.00000000      0.87485180
    16    176      0      0.00000000      0.82974065
    16    177      0      0.00000000      0.83366128
    16    178      0      0.00000000      0.81505544
    16    179      0      0.00000000      0.81969677
    16    180      0      0.00000000      0.86021628
    16    181      0      0.00000000      0.84474490
    16    182      0      0.00000000      0.84627577
    16    183      0      0.00000000      0.86649237
    16    184      0      0.00000000      0.90109477
    16    185      0      0.00000000      0.90654606
    16    186      0      0.00000000      0.90086011
    16    187      0      0.00000000      0.92090219
    16    188      0      0.00000000      0.92190930
    16    189      0      0.00000000      0.96812069
    16    190      0      0.00000000      0.99342371
    16    191      0      0.00000000      0.98669584
    16    192      0      0.00000000      0.99813312
    16    193      0      0.00000000      1.04117812
    16    194      0      0.00000000      1.01958351
    16    195      0      0.00000000      1.01070245
    16    196      0      0.00000000      0.94546670
    16    197      0      0.00000000      0.96075885
    16    198      0      0.00000000      1.01496585
    16    199      0      0.00000000      1.01018160
    16    200      0      0.00000000      1.01278060
    16    201      0      0.00000000      1.02477387
    16    202      0      0.00000000      1.12555463
    16    203      0      0.00000000      1.13128252
    16    204      0      0.00000000      1.05457646
    16    205      0      0.00000000      1.15017569
    16    206      0      0.00000000      1.17164468
    16    207      0      0.00000000      1.08069172
    16    208      0      0.00000000      0.98110947
    16    209      0      0.00000000      0.96286495
    16    210      0      0.00000000      0.88922452
    16    211      0      0.00000000      0.91749475
    16    212      0      0.00000000      0.92737771
    16    213      0      0.00000000      1.00487694
    16    214      0      0.00000000      0.94812425
    16    215      0      0.00000000      1.01911120
    16    216      0      0.00000000      1.23870354
    16    217      0      0.00000000      1.16550777
    16    218      0      0.00000000      1.32337155
    16    219      0      0.00000000      0.94003356
    17      0      0      0.00000000      0.94003356
    17      1      0      0.00000000      1.11519102
    17      2      0      0.00000000      1.20133701
    17      3      0      0.00000000      1.30112150
    17      4      0      0.00000000      1.45195405
    17      5      0      0.00000000      1.29574119
    17      6      0      0.00000000      1.00986077
    17      7      0      0.00000000      1.19017138
    17      8      0      0.00000000      1.28542329
    17      9      0      0.00000000      1.09808357
    17     10      0      0.00000000      1.15419352
    17     11      0      0.00000000      1.24577359
    17     12      0      0.00000000      1.32513402
    17     13      0      0.00000000      1.35670366
    17     14      0      0.00000000      1.18162640
    17     15      0      0.00000000      1.20643770
    17     16      0      0.00000000      1.18054853
    17     17      0      0.00000000      1.25341752
    17     18      0      0.00000000      1.12966763
    17     19      0      0.00000000      1.03157792
    17     20      0      0.00000000      1.24955754
    17     21      0      0.00000000      1.13960044
    17     22      0      0.00000000      1.21268367
    17     23      0      0.00000000      1.07388531
    17     24      0      0.00000000      1.19458443
    17     25      0      0.00000000      1.21012228
    17     26      0      0.00000000      1.21012228
    17     27      0      0.00000000      1.21012228
    17     28      0      0.00000000      1.21012228
    17     29      0      0.00000000      1.31616632
    17     30      0      0.00000000      1.30869363
    17     31      0      0.00000000      1.36374550
    17     32      0      0.00000000      1.21828605
    17     33      0      0.00000000      1.21509639
    17     34      0      0.00000000      1.37646139
    17     35      0      0.00000000      2.37711640
    17     36      0      0.00000000      1.48961821
    17     37      0      0.00000000      1.22040664
    17     38      0      0.00000000      1.34919459
    17     39      0      0.00000000      1.25952889
    17     40      0      0.00000000      1.33415977
    17     41      0      0.00000000      1.40992625
    17     42      0      0.00000000      1.34598305
    17     43      0      0.00000000      1.38830715
    17     44      0      0.00000000      1.29673147
    17     45      0      0.00000000      1.43198033
    17     46      0      0.00000000      1.22111166
    17     47      0      0.00000000      1.13348231
    17     48      0      0.00000000      1.15199797
    17     49      0      0.00000000      1.23571903
    17     50      0      0.00000000      1.31368755
    17     51      0      0.00000000      1.26789631
    17     52      0      0.00000000      1.27992529
    17     53      0      0.00000000      1.44568470
    17     54      0      0.00000000      1.24991938
    17     55      0      0.00000000      1.34312793
    17     56      0      0.00000000      1.23614359
    17     57      0      0.00000000      1.19338052
    17     58      0      0.00000000      1.15389695
    17     59      0      0.00000000      2.31290146
    17     60      0      0.00000000      1.22457156
    17     61      0      0.00000000      1.46480426
    17     62      0      0.00000000      1.13909769
    17     63      0      0.00000000      1.26823611
    17     64      0      0.00000000      1.19031815
    17     65      0      0.00000000      1.22409008
    17     66      0      0.00000000      1.26781152
    17     67      0      0.00000000      1.18775800
    17     68      0      0.00000000      1.18317980
    17     69      0      0.00000000      1.08217083
    17     70      0      0.00000000      1.08405168
    17     71      0      0.00000000      1.24885970
    17     72      0      0.00000000      1.20697585
    17     73      0      0.00000000      1.37427956
    17     74      0      0.00000000      1.25191438
    17     75      0      0.00000000      1.23486039
    17     76      0      0.00000000      1.14757566
    17     77      0      0.00000000      1.16775405
    17     78      0      0.00000000      1.15066073
    17     79      0      0.00000000      1.16373069
    17     80      0      0.00000000      1.23224518
    17     81      0      0.00000000      1.31586709
    17     82      0      0.00000000      1.31243022
    17     83      0      0.00000000      1.18624359
    17     84      0      0.00000000      1.18733966
    17     85      0      0.00000000      1.28243518
    17     86      0      0.00000000      1.23058159
    17     87      0      0.00000000      1.27131901
    17     88      0      0.00000000      1.20711452
    17     89      0      0.00000000      1.00000000
    17     90      0      0.00000000      1.00000000
    17     91      0      0.00000000      1.00000000
    17     92      0      0.00000000      1.00000000
    17     93      0      0.00000000      1.00000000
    17     94      0      0.00000000      1.00000000
    17     95      0      0.00000000      1.00000000
    17     96      0      0.00000000      1.00000000
    17     97      0      0.00000000      1.00000000
    17     98      0      0.00000000      1.03024174
    17     99      0      0.00000000      1.10133886
    17    100      0      0.00000000      1.07000166
    17    101      0      0.00000000      1.11773782
    17    102      0      0.00000000      1.04159412
    17    103      0      0.00000000      1.09479520
    17    104      0      0.00000000      1.11957617
    17    105      0      0.00000000      1.17095081
    17    106      0      0.00000000      1.16693198
    17    107      0      0.00000000      1.26449855
    17    108      0      0.00000000      1.25471740
    17    109      0      0.00000000      1.19995189
    17    110      0      0.00000000      1.11462639
    17    111      0      0.00000000      1.13704307
    17    112      0      0.00000000      1.11493322
    17    113      0      0.00000000      1.12308396
    17    114      0      0.00000000      1.06451324
    17    115      0      0.00000000      1.15508779
    17    116      0      0.00000000      1.13794307
    17    117      0      0.00000000      1.14339087
    17    118      0      0.00000000      1.17665358
    17    119      0      0.00000000      1.12450686
    17    120      0      0.00000000      1.10720329
    17    121      0      0.00000000      1.11104933
    17    122      0      0.00000000      1.05036382
    17    123      0      0.00000000      1.06663610
    17    124      0      0.00000000      1.01965082
    17    125      0      0.00000000      0.99616908
    17    126      0      0.00000000      1.00000000
    17    127      0      0.00000000      1.00000000
    17    128      0      0.00000000      1.00000000
    17    129      0      0.00000000      1.00000000
    17    130      0      0.00000000      1.00000000
    17    131      0      0.00000000      1.00000000
    17    132      0      0.00000000      1.00000000
    17    133      0      0.00000000      1.00000000
    17    134      0      0.00000000      1.00000000
    17    135      0      0.00000000      1.00000000
    17    136      0      0.00000000      0.85666321
    17    137      0      0.00000000      0.78899227
    17    138      0      0.00000000      0.73656627
    17    139      0      0.00000000      0.76776760
    17    140      0      0.00000000      0.78359479
    17    141      0      0.00000000      0.84564385
    17    142      0      0.00000000      0.84322267
    17    143      0      0.00000000      0.89563435
    17    144      0      0.00000000      0.86906780
    17    145      0      0.00000000      0.90176774
    17    146      0      0.00000000      0.88820290
    17    147      0      0.00000000      0.90962556
    17    148      0      0.00000000      0.85099391
    17    149      0      0.00000000      0.90672947
    17    150      0      0.00000000      0.87574334
    17    151      0      0.00000000      0.89107093
    17    152      0      0.00000000      0.85828658
    17    153      0      0.00000000      0.85077683
    17    154      0      0.00000000      0.95735000
    17    155      0      0.00000000      0.91865389
    17    156      0      0.00000000      0.92203816
    17    157      0      0.00000000      0.93789418
    17    158      0      0.00000000      0.89359852
    17    159      0      0.00000000      0.91780706
    17    160      0      0.00000000      0.87419760
    17    161      0      0.00000000      0.86913968
    17    162      0      0.00000000      0.83506667
    17    163      0      0.00000000      0.86446877
    17    164      0      0.00000000      0.86406265
    17    165      0      0.00000000      0.86431374
    17    166      0      0.00000000      0.84043871
    17    167      0      0.00000000      0.86667893
    17    168      0      0.00000000      0.84638972
    17    169      0      0.00000000      0.84776259
    17    170      0      0.00000000      0.81579708
    17    171      0      0.00000000      0.82080099
    17    172      0      0.00000000      0.81794406
    17    173      0      0.00000000      0.82642370
    17    174      0      0.00000000      0.78840042
    17    175      0      0.00000000      0.81924731
    17    176      0      0.00000000      0.83105117
    17    177      0      0.00000000      0.84107788
    17    178      0      0.00000000      0.86529537
    17    179      0      0.00000000      0.86011189
    17    180      0      0.00000000      0.86139121
    17    181      0      0.00000000      0.87970258
    17    182      0      0.00000000      0.88559434
    17    183      0      0.00000000      0.90393910
    17    184      0      0.00000000      0.92741122
    17    185      0      0.00000000      0.83493580
    17    186      0      0.00000000      0.93259537
    17    187      0      0.00000000      0.92895920
    17    188      0      0.00000000      0.92470719
    17    189      0      0.00000000      0.96411693
    17    190      0      0.00000000      0.86818085
    17    191      0      0.00000000      0.81581554
    17    192      0      0.00000000      0.83348335
    17    193      0      0.00000000      0.81785476
    17    194      0      0.00000000      0.82135081
    17    195      0      0.00000000      0.80839299
    17    196      0      0.00000000      0.77898414
    17    197      0      0.00000000      0.78772160
    17    198      0      0.00000000      0.81764928
    17    199      0      0.00000000      0.81706704
    17    200      0      0.00000000      0.86442710
    17    201      0      0.00000000      0.88551423
    17    202      0      0.00000000      0.92567973
    17    203      0      0.00000000      0.98321864
    17    204      0      0.00000000      1.04484123
    17    205      0      0.00000000      1.05086180
    17    206      0      0.00000000      1.10257751
    17    207      0      0.00000000      1.06079677
    17    208      0      0.00000000      1.06609951
    17    209      0      0.00000000      1.12200923
    17    210      0      0.00000000      1.04424548
    17    211      0      0.00000000      0.99663763
    17    212      0      0.00000000      1.03953092
    17    213      0      0.00000000      1.01087765
    17    214      0      0.00000000      1.04155080
    17    215      0      0.00000000      0.93639513
    17    216      0      0.00000000      0.97726093
    17    217      0      0.00000000      0.99680599
    17    218      0      0.00000000      1.05281630
    17    219      0      0.00000000      1.08821246
    17    220      0      0.00000000      1.15963992
    17    221      0      0.00000000      1.19151707
    17    222      0      0.00000000      1.08926625
    17    223      0      0.00000000      1.11847328
    18      0      0      0.00000000      1.29239963
    18      1      0      0.00000000      1.11817032
    18      2      0      0.00000000      1.17390408
    18      3      0      0.00000000      1.32286305
    18      4      0      0.00000000      1.02747689
    18      5      0      0.00000000      1.15051632
    18      6      0      0.00000000      1.22178841
    18      7      0      0.00000000      0.97864923
    18      8      0      0.00000000      1.17561121
    18      9      0      0.00000000      1.48883968
    18     10      0      0.00000000      1.52005630
    18     11      0      0.00000000      1.85250411
    18     12      0      0.00000000      1.08182747
    18     13      0      0.00000000      1.25069802
    18     14      0      0.00000000      0.88609607
    18     15      0      0.00000000      1.30835763
    18     16      0      0.00000000      1.16301250
    18     17      0      0.00000000      1.21443020
    18     18      0      0.00000000      1.39335699
    18     19      0      0.00000000      1.53893966
    18     20      0      0.00000000      1.70826355
    18     21      0      0.00000000      1.91846782
    18     22      0      0.00000000      1.35376542
    18     23      0      0.00000000      1.28558072
    18     24      0      0.00000000      1.29621435
    18     25      0      0.00000000      1.40553679
    18     26      0      0.00000000      1.03206845
    18     27      0      0.00000000      0.83775884
    18     28      0      0.00000000      1.22152698
    18     29      0      0.00000000      1.39599263
    18     30      0      0.00000000      1.11135438
    18     31      0      0.00000000      1.69820764
    18     32      0      0.00000000      1.22994394
    18     33      0      0.00000000      1.29660705
    18     34      0      0.00000000      1.34047143
    18     35      0      0.00000000      1.35831425
    18     36      0      0.00000000      1.45265259
    18     37      0      0.00000000      1.28210923
    18     38      0      0.00000000      1.24626897
    18     39      0      0.00000000      1.55055245
    18     40      0      0.00000000      1.26293608
    18     41      0      0.00000000      1.85967973
    18     42      0      0.00000000      1.23390304
    18     43      0      0.00000000      1.19836655
    18     44      0      0.00000000      1.18490845
    18     45      0      0.00000000      1.35593342
    18     46      0      0.00000000      1.23301719
    18     47      0      0.00000000      1.30761972
    18     48      0      0.00000000      1.24080604
    18     49      0      0.00000000      1.25262490
    18     50      0      0.00000000      1.34702109
    18     51      0      0.00000000      1.34295519
    18     52      0      0.00000000      1.15569321
    18     53      0      0.00000000      1.25356779
    18     54      0      0.00000000      1.21797633
    18     55      0      0.00000000      1.32562684
    18     56      0      0.00000000      1.32969066
    18     57      0      0.00000000      1.28388418
    18     58      0      0.00000000      1.42061652
    18     59      0      0.00000000      4.52316290
    18     60      0      0.00000000      1.31617082
    18     61      0      0.00000000      1.36877238
    18     62      0      0.00000000      1.25414005
    18     63      0      0.00000000      1.39136816
    18     64      0      0.00000000      1.19047856
    18     65      0      0.00000000      1.33749048
    18     66      0      0.00000000      1.33366467
    18     67      0      0.00000000      1.31101854
    18     68      0      0.00000000      1.26183229
    18     69      0      0.00000000      1.19483773
    18     70      0      0.00000000      1.14967787
    18     71      0      0.00000000      1.34729999
    18     72      0      0.00000000      1.11502258
    18     73      0      0.00000000      1.32585948
    18     74      0      0.00000000      1.37994510
    18     75      0      0.00000000      1.42041907
    18     76      0      0.00000000      1.26505781
    18     77      0      0.00000000      1.14768761
    18     78      0      0.00000000      1.18226782
    18     79      0      0.00000000      1.22909685
    18     80      0      0.00000000      1.30893868
    18     81      0      0.00000000      1.38910362
    18     82      0      0.00000000      1.40016785
    18     83      0      0.00000000      1.23663428
    18     84      0      0.00000000      1.21432555
    18     85      0      0.00000000      1.24327212
    18     86      0      0.00000000      1.13675209
    18     87      0      0.00000000      1.26199637
    18     88      0      0.00000000      1.29205705
    18     89      0      0.00000000      1.00000000
    18     90      0      0.00000000      1.00000000
    18     91      0      0.00000000      1.00000000
    18     92      0      0.00000000      1.00000000
    18     93      0      0.00000000      1.00000000
    18     94      0      0.00000000      1.00000000
    18     95      0      0.00000000      1.00000000
    18     96      0      0.00000000      1.00000000
    18     97      0      0.00000000      1.00000000
    18     98      0      0.00000000      1.14510986
    18     99      0      0.00000000      1.18396557
    18    100      0      0.00000000      1.14620127
    18    101      0      0.00000000      1.20249940
    18    102      0      0.00000000      1.25503235
    18    103      0      0.00000000      1.21697137
    18    104      0      0.00000000      1.18105839
    18    105      0      0.00000000      1.21300388
    18    106      0      0.00000000      1.22293361
    18    107      0      0.00000000      1.24070797
    18    108      0      0.00000000      1.21017347
    18    109      0      0.00000000      1.22682584
    18    110      0      0.00000000      1.19723044
    18    111      0      0.00000000      1.20425942
    18    112      0      0.00000000      1.17444739
    18    113      0      0.00000000      1.15269928
    18    114      0      0.00000000      1.17642503
    18    115      0      0.00000000      1.18393676
    18    116      0      0.00000000      1.13617378
    18    117      0      0.00000000      1.18404441
    18    118      0      0.00000000      1.12676381
    18    119      0      0.00000000      1.09856461
    18    120      0      0.00000000      1.15879887
    18    121      0      0.00000000      1.07519208
    18    122      0      0.00000000      1.06049744
    18    123      0      0.00000000      1.05361689
    18    124      0      0.00000000      1.02846496
    18    125      0      0.00000000      1.08486241
    18    126      0      0.00000000      1.11530373
    18    127      0      0.00000000      1.05055067
    18    128      0      0.00000000      0.93240484
    18    129      0      0.00000000      0.93049183
    18    130      0      0.00000000      0.92299110
    18    131      0      0.00000000      0.91407965
    18    132      0      0.00000000      0.90903865
    18    133      0      0.00000000      0.95690907
    18    134      0      0.00000000      1.00000000
    18    135      0      0.00000000      1.00000000
    18    136      0      0.00000000      1.00000000
    18    137      0      0.00000000      1.00000000
    18    138      0      0.00000000      1.00000000
    18    139      0      0.00000000      1.00000000
    18    140      0      0.00000000      1.00000000
    18    141      0      0.00000000      1.00000000
    18    142      0      0.00000000      1.00000000
    18    143      0      0.00000000      0.86132149
    18    144      0      0.00000000      0.79844340
    18    145      0      0.00000000      0.83684785
    18    146      0      0.00000000      0.85903700
    18    147      0      0.00000000      0.79625738
    18    148      0      0.00000000      0.79582146
    18    149      0      0.00000000      0.78597791
    18    150      0      0.00000000      0.81318661
    18    151      0      0.00000000      0.81056182
    18    152      0      0.00000000      0.83056075
    18    153      0      0.00000000      0.82521002
    18    154      0      0.00000000      0.81065726
    18    155      0      0.00000000      0.81965827
    18    156      0      0.00000000      0.82824819
    18    157      0      0.00000000      0.85978960
    18    158      0      0.00000000      0.91340132
    18    159      0      0.00000000      0.88837166
    18    160      0      0.00000000      0.91828730
    18    161      0      0.00000000      0.92414547
    18    162      0      0.00000000      0.94315580
    18    163      0      0.00000000      0.92133266
    18    164      0      0.00000000      0.93371923
    18    165      0      0.00000000      0.92753088
    18    166      0      0.00000000      0.96495481
    18    167      0      0.00000000      0.97143584
    18    168      0      0.00000000      1.01654201
    18    169      0      0.00000000      0.96282455
    18    170      0      0.00000000      0.96837021
    18    171      0      0.00000000      0.95167223
    18    172      0      0.00000000      0.97696132
    18    173      0      0.00000000      0.93144721
    18    174      0      0.00000000      0.98109340
    18    175      0      0.00000000      0.95129539
    18    176      0      0.00000000      0.98668615
    18    177      0      0.00000000      0.95023761
    18    178      0      0.00000000      0.92975645
    18    179      0      0.00000000      0.89414610
    18    180      0      0.00000000      0.89959658
    18    181      0      0.00000000      0.97311402
    18    182      0      0.00000000      0.92850391
    18    183      0      0.00000000      0.90579917
    18    184      0      0.00000000      0.90307629
    18    185      0      0.00000000      0.87455806
    18    186      0      0.00000000      0.85448775
    18    187      0      0.00000000      0.87089474
    18    188      0      0.00000000      0.88357592
    18    189      0      0.00000000      0.87683121
    18    190      0      0.00000000      0.88899237
    18    191      0      0.00000000      0.86628810
    18    192      0      0.00000000      0.88452717
    18    193      0      0.00000000      0.86965828
    18    194      0      0.00000000      0.82128481
    18    195      0      0.00000000      0.72321275
    18    196      0      0.00000000      0.73020915
    18    197      0      0.00000000      0.76115251
    18    198      0      0.00000000      0.77477266
    18    199      0      0.00000000      0.72101093
    18    200      0      0.00000000      0.75221613
    18    201      0      0.00000000      0.74610889
    18    202      0      0.00000000      0.81842925
    18    203      0      0.00000000      0.80028450
    18    204      0      0.00000000      0.83711922
    18    205      0      0.00000000      0.85058599
    18    206      0      0.00000000      0.89984770
    18    207      0      0.00000000      0.85363035
    18    208      0      0.00000000      0.88445580
    18    209      0      0.00000000      0.90827332
    18    210      0      0.00000000      0.95962278
    18    211      0      0.00000000      0.90946221
    18    212      0      0.00000000      0.94813683
    18    213      0      0.00000000      0.95352108
    18    214      0      0.00000000      0.90392316
    18    215      0      0.00000000      0.90329835
    18    216      0      0.00000000      0.98448845
    18    217      0      0.00000000      1.00065437
    18    218      0      0.00000000      1.04528530
    18    219      0      0.00000000      1.00216757
    18    220      0      0.00000000      1.02110171
    18    221      0      0.00000000      1.05469416
    18    222      0      0.00000000      1.17432394
    18    223      0      0.00000000      1.11756122
    18    224      0      0.00000000      1.08810197
    18    225      0      0.00000000      1.06141084
    18    226      0      0.00000000      1.07319964
    18    227      0      0.00000000      1.08622445
    18    228      0      0.00000000      1.01465103
    18    229      0      0.00000000      0.97017995
    18    230      0      0.00000000      0.97558255
    18    231      0      0.00000000      1.05128029
    19      0      0      0.00000000      1.27341053
    19      1      0      0.00000000      1.22287375
    19      2      0      0.00000000      1.22066961
    19      3      0      0.00000000      1.24166283
    19      4      0      0.00000000      1.24166283
    19      5      0      0.00000000      1.24166283
    19      6      0      0.00000000      1.22861421
    19      7      0      0.00000000      1.20668356
    19      8      0      0.00000000      1.20668356
    19      9      0      0.00000000      1.20668356
    19     10      0      0.00000000      1.31772019
    19     11      0      0.00000000      1.24064914
    19     12      0      0.00000000      1.17240053
    19     13      0      0.00000000      1.15756284
    19     14      0      0.00000000      1.06405420
    19     15      0      0.00000000      1.54116271
    19     16      0      0.00000000      1.88547748
    19     17      0      0.00000000      1.48684093
    19     18      0      0.00000000      1.48684093
    19     19      0      0.00000000      1.48684093
    19     20      0      0.00000000      1.48684093
    19     21      0      0.00000000      1.48684093
    19     22      0      0.00000000      1.15569472
    19     23      0      0.00000000      1.21896007
    19     24      0      0.00000000      1.28840268
    19     25      0      0.00000000      0.79858436
    19     26      0      0.00000000      0.99205821
    19     27      0      0.00000000      1.28940783
    19     28      0      0.00000000      1.23858789
    19     29      0      0.00000000      1.14064912
    19     30      0      0.00000000      1.24742826
    19     31      0      0.00000000      1.23396699
    19     32      0      0.00000000      1.31161938
    19     33      0      0.00000000      1.20030279
    19     34      0      0.00000000      1.35817917
    19     35      0      0.00000000      1.18704887
    19     36      0      0.00000000      1.16432415
    19     37      0      0.00000000      1.46972038
    19     38      0      0.00000000      1.37017710
    19     39      0      0.00000000      1.36601756
    19     40      0      0.00000000      1.49389961
    19     41      0      0.00000000      1.14373177
    19     42      0      0.00000000      1.41240408
    19     43      0      0.00000000      1.18869703
    19     44      0      0.00000000      1.23899727
    19     45      0      0.00000000      1.27198244
    19     46      0      0.00000000      1.25867952
    19     47      0      0.00000000      1.24991504
    19     48      0      0.00000000      1.12936973
    19     49      0      0.00000000      1.21591144
    19     50      0      0.00000000      1.50186139
    19     51      0      0.00000000      1.24596167
    19     52      0      0.00000000      1.26731868
    19     53      0      0.00000000      1.15832567
    19     54      0      0.00000000      1.41681885
    19     55      0      0.00000000      1.28519300
    19     56      0      0.00000000      1.25280960
    19     57      0      0.00000000      1.33257627
    19     58      0      0.00000000      1.10354187
    19     59      0      0.00000000      0.93736696
    19     60      0      0.00000000      1.30985737
    19     61      0      0.00000000      1.20797951
    19     62      0      0.00000000      1.27575757
    19     63      0      0.00000000      1.32338420
    19     64      0      0.00000000      1.21686402
    19     65      0      0.00000000      1.31824524
    19     66      0      0.00000000      1.23806189
    19     67      0      0.00000000      1.11022768
    19     68      0      0.00000000      1.17168213
    19     69      0      0.00000000      1.15732364
    19     70      0      0.00000000      1.20585811
    19     71      0      0.00000000      1.04960917
    19     72      0      0.00000000      1.29438917
    19     73      0      0.00000000      1.26141643
    19     74      0      0.00000000      1.31498736
    19     75      0      0.00000000      1.20846972
    19     76      0      0.00000000      1.09468474
    19     77      0      0.00000000      1.26312722
    19     78      0      0.00000000      1.13597479
    19     79      0      0.00000000      1.17536115
    19     80      0      0.00000000      1.27744895
    19     81      0      0.00000000      1.30365709
    19     82      0      0.00000000      1.25331094
    19     83      0      0.00000000      1.18859523
    19     84      0      0.00000000      1.27707033
    19     85      0      0.00000000      1.20654743
    19     86      0      0.00000000      1.20298835
    19     87      0      0.00000000      1.27931525
    19     88      0      0.00000000      1.00000000
    19     89      0      0.00000000      1.00000000
    19     90      0      0.00000000      1.00000000
    19     91      0      0.00000000      1.00000000
    19     92      0      0.00000000      1.00000000
    19     93      0      0.00000000      1.00000000
    19     94      0      0.00000000      1.00000000
    19     95      0      0.00000000      1.00000000
    19     96      0      0.00000000      1.00000000
    19     97      0      0.00000000      1.16730961
    19     98      0      0.00000000      0.96664940
    19     99      0      0.00000000      1.00600105
    19    100      0      0.00000000      1.00256194
    19    101      0      0.00000000      1.02180187
    19    102      0      0.00000000      1.01708609
    19    103      0      0.00000000      0.93777024
    19    104      0      0.00000000      0.95133262
    19    105      0      0.00000000      1.14711116
    19    106      0      0.00000000      1.16242823
    19    107      0      0.00000000      1.18999851
    19    108      0      0.00000000      1.16724283
    19    109      0      0.00000000      1.14739436
    19    110      0      0.00000000      1.20667390
    19    111      0      0.00000000      1.21613515
    19    112      0      0.00000000      1.16263456
    19    113      0      0.00000000      1.17325667
    19    114      0      0.00000000      1.19834572
    19    115      0      0.00000000      1.13829657
    19    116      0      0.00000000      1.17355366
    19    117      0      0.00000000      1.11881737
    19    118      0      0.00000000      1.16213218
    19    119      0      0.00000000      1.12977468
    19    120      0      0.00000000      1.09550700
    19    121      0      0.00000000      1.08063464
    19    122      0      0.00000000      1.11095805
    19    123      0      0.00000000      1.10067837
    19    124      0      0.00000000      1.10283493
    19    125      0      0.00000000      1.04462034
    19    126      0      0.00000000      0.98896309
    19    127      0      0.00000000      0.99059284
    19    128      0      0.00000000      0.94307672
    19    129      0      0.00000000      0.94042224
    19    130      0      0.00000000      0.98085830
    19    131      0      0.00000000      0.96005473
    19    132      0      0.00000000      1.04907278
    19    133      0      0.00000000      0.90878752
    19    134      0      0.00000000      1.00945105
    19    135      0      0.00000000      0.84029239
    19    136      0      0.00000000      0.83780654
    19    137      0      0.00000000      0.91226791
    19    138      0      0.00000000      0.93627514
    19    139      0      0.00000000      0.91183255
    19    140      0      0.00000000      0.91771199
    19    141      0      0.00000000      1.00000000
    19    142      0      0.00000000      1.00000000
    19    143      0      0.00000000      1.00000000
    19    144      0      0.00000000      1.00000000
    19    145      0      0.00000000      1.00000000
    19    146      0      0.00000000      1.00000000
    19    147      0      0.00000000      1.00000000
    19    148      0      0.00000000      1.00000000
    19    149      0      0.00000000      1.00000000
    19    150      0      0.00000000      0.91531543
    19    151      0      0.00000000      0.79809305
    19    152      0      0.00000000      0.91110647
    19    153      0      0.00000000      0.91007231
    19    154      0      0.00000000      0.92497746
    19    155      0      0.00000000      0.92173072
    19    156      0      0.00000000      0.94124466
    19    157      0      0.00000000      0.81997527
    19    158      0      0.00000000      0.95874935
    19    159      0      0.00000000      0.85802131
    19    160      0      0.00000000      0.98070219
    19    161      0      0.00000000      0.97319744
    19    162      0      0.00000000      0.88592320
    19    163      0      0.00000000      0.82530128
    19    164      0      0.00000000      0.82159560
    19    165      0      0.00000000      0.82870290
    19    166      0      0.00000000      0.81334079
    19    167      0      0.00000000      0.87073472
    19    168      0      0.00000000      0.90937252
    19    169      0      0.00000000      0.90447094
    19    170      0      0.00000000      0.87702701
    19    171      0      0.00000000      0.87874840
    19    172      0      0.00000000      0.88029561
    19    173      0      0.00000000      0.87677073
    19    174      0      0.00000000      0.88573385
    19    175      0      0.00000000      0.91538500
    19    176      0      0.00000000      0.90741469
    19    177      0      0.00000000      0.88787003
    19    178      0      0.00000000      0.85605963
    19    179      0      0.00000000      0.83298185
    19    180      0      0.00000000      0.84218555
    19    181      0      0.00000000      0.84797102
    19    182      0      0.00000000      0.86519000
    19    183      0      0.00000000      0.82604757
    19    184      0      0.00000000      0.84436916
    19    185      0      0.00000000      0.85599136
    19    186      0      0.00000000      0.82340830
    19    187      0      0.00000000      0.80178584
    19    188      0      0.00000000      0.77650355
    19    189      0      0.00000000      0.76077991
    19    190      0      0.00000000      0.77744927
    19    191      0      0.00000000      0.77184956
    19    192      0      0.00000000      0.74706933
    19    193      0      0.00000000      0.73156611
    19    194      0      0.00000000      0.75573344
    19    195      0      0.00000000      0.75490333
    19    196      0      0.00000000      0.75419415
    19    197      0      0.00000000      0.77002010
    19    198      0      0.00000000      0.73663996
    19    199      0      0.00000000      0.72868969
    19    200      0      0.00000000      0.79011939
    19    201      0      0.00000000      0.77730735
    19    202      0      0.00000000      0.79493579
    19    203      0      0.00000000      0.80531843
    19    204      0      0.00000000      0.84088943
    19    205      0      0.00000000      0.81742637
    19    206      0      0.00000000      0.85219243
    19    207      0      0.00000000      0.83535515
    19    208      0      0.00000000      0.85869161
    19    209      0      0.00000000      0.82601717
    19    210      0      0.00000000      0.84710144
    19    211      0      0.00000000      0.84466806
    19    212      0      0.00000000      0.82290918
    19    213      0      0.00000000      0.90711834
    19    214      0      0.00000000      0.92414266
    19    215      0      0.00000000      0.87834970
    19    216      0      0.00000000      0.81734599
    19    217      0      0.00000000      0.84868197
    19    218      0      0.00000000      0.85948617
    19    219      0      0.00000000      0.76726538
    19    220      0      0.00000000      0.75917845
    19    221      0      0.00000000      0.79764216
    19    222      0      0.00000000      0.83395791
    19    223      0      0.00000000      0.92042554
    19    224      0      0.00000000      0.96670892
    19    225      0      0.00000000      0.94721761
    19    226      0      0.00000000      0.96627091
    19    227      0      0.00000000      0.95117509
    19    228      0      0.00000000      0.97739726
    19    229      0      0.00000000      0.96968754
    19    230      0      0.00000000      0.98143695
    19    231      0      0.00000000      0.92065766
    19    232      0      0.00000000      1.02248146
    19    233      0      0.00000000      0.97448330
    19    234      0      0.00000000      0.98841202
    19    235      0      0.00000000      1.01282620
    19    236      0      0.00000000      0.95125307
    19    237      0      0.00000000      1.06880555
    20      0      0      0.00000000      1.19208446
    20      1      0      0.00000000      1.19208446
    20      2      0      0.00000000      1.19208446
    20      3      0      0.00000000      1.19208446
    20      4      0      0.00000000      1.19208446
    20      5      0      0.00000000      1.19208446
    20      6      0      0.00000000      1.19208446
    20      7      0      0.00000000      1.19208446
    20      8      0      0.00000000      1.19208446
    20      9      0      0.00000000      1.19208446
    20     10      0      0.00000000      1.19208446
    20     11      0      0.00000000      1.07351230
    20     12      0      0.00000000      1.07351230
    20     13      0      0.00000000      1.07351230
    20     14      0      0.00000000      1.23750851
    20     15      0      0.00000000      1.23750851
    20     16      0      0.00000000      1.23750851
    20     17      0      0.00000000      1.36500289
    20     18      0      0.00000000      1.18808090
    20     19      0      0.00000000      1.18808090
    20     20      0      0.00000000      1.18808090
    20     21      0      0.00000000      1.18808090
    20     22      0      0.00000000      1.04520999
    20     23      0      0.00000000      1.41891396
    20     24      0      0.00000000      1.41891396
    20     25      0      0.00000000      1.86256722
    20     26      0      0.00000000      1.50277883
    20     27      0      0.00000000      1.25948637
    20     28      0      0.00000000      1.18651810
    20     29      0      0.00000000      2.12125944
    20     30      0      0.00000000      1.30873906
    20     31      0      0.00000000      1.13615181
    20     32      0      0.00000000      3.07338386
    20     33      0      0.00000000      1.38289023
    20     34      0      0.00000000      1.27548354
    20     35      0      0.00000000      1.12287600
    20     36      0      0.00000000      1.29472844
    20     37      0      0.00000000      1.42664482
    20     38      0      0.00000000      1.19763645
    20     39      0      0.00000000      1.27178262
    20     40      0      0.00000000      1.35402972
    20     41      0      0.00000000      2.42420666
    20     42      0      0.00000000      1.52334360
    20     43      0      0.00000000      1.22817862
    20     44      0      0.00000000      1.34037104
    20     45      0      0.00000000      1.15583026
    20     46      0      0.00000000      1.33857022
    20     47      0      0.00000000      1.22212648
    20     48      0      0.00000000      1.14187908
    20     49      0      0.00000000      1.19437533
    20     50      0      0.00000000      1.05978405
    20     51      0      0.00000000      1.31536594
    20     52      0      0.00000000      1.17332889
    20     53      0      0.00000000      1.27047873
    20     54      0      0.00000000      1.08418678
    20     55      0      0.00000000      1.25314575
    20     56      0      0.00000000      1.18231171
    20     57      0      0.00000000      1.35424365
    20     58      0      0.00000000      1.23955251
    20     59      0      0.00000000      1.15714757
    20     60      0      0.00000000      1.28866078
    20     61      0      0.00000000      1.29720306
    20     62      0      0.00000000      1.25530579
    20     63      0      0.00000000      1.17605982
    20     64      0      0.00000000      1.25363936
    20     65      0      0.00000000      1.17103709
    20     66      0      0.00000000      1.14036924
    20     67      0      0.00000000      1.23731814
    20     68      0      0.00000000      1.11935910
    20     69      0      0.00000000      1.25458105
    20     70      0      0.00000000      1.01618648
    20     71      0      0.00000000      1.08312345
    20     72      0      0.00000000      1.28826212
    20     73      0      0.00000000      1.21167104
    20     74      0      0.00000000      1.22885699
    20     75      0      0.00000000      1.09101489
    20     76      0      0.00000000      1.12863836
    20     77      0      0.00000000      1.17992710
    20     78      0      0.00000000      1.14803321
    20     79      0      0.00000000      1.22355755
    20     80      0      0.00000000      1.35767973
    20     81      0      0.00000000      1.37601399
    20     82      0      0.00000000      1.17283815
    20     83      0      0.00000000      1.27980069
    20     84      0      0.00000000      1.20122079
    20     85      0      0.00000000      1.23068292
    20     86      0      0.00000000      1.29035395
    20     87      0      0.00000000      1.00000000
    20     88      0      0.00000000      1.00000000
    20     89      0      0.00000000      1.00000000
    20     90      0      0.00000000      1.00000000
    20     91      0      0.00000000      1.00000000
    20     92      0      0.00000000      1.00000000
    20     93      0      0.00000000      1.00000000
    20     94      0      0.00000000      1.00000000
    20     95      0      0.00000000      1.00000000
    20     96      0      0.00000000      1.13340524
    20     97      0      0.00000000      1.18395987
    20     98      0      0.00000000      1.20578146
    20     99      0      0.00000000      1.25007604
    20    100      0      0.00000000      1.14722312
    20    101      0      0.00000000      1.18498521
    20    102      0      0.00000000      1.15800847
    20    103      0      0.00000000      1.22990867
    20    104      0      0.00000000      1.19808323
    20    105      0      0.00000000      1.22717164
    20    106      0      0.00000000      1.23360213
    20    107      0      0.00000000      1.04877559
    20    108      0      0.00000000      0.98623803
    20    109      0      0.00000000      0.98015716
    20    110      0      0.00000000      1.01823894
    20    111      0      0.00000000      0.97017678
    20    112      0      0.00000000      0.95501862
    20    113      0      0.00000000      0.96697548
    20    114      0      0.00000000      0.92462068
    20    115      0      0.00000000      1.20574020
    20    116      0      0.00000000      1.16332806
    20    117      0      0.00000000      1.17121465
    20    118      0      0.00000000      1.18554971
    20    119      0      0.00000000      1.20403957
    20    120      0      0.00000000      1.12942856
    20    121      0      0.00000000      1.14734351
    20    122      0      0.00000000      1.12981960
    20    123      0      0.00000000      0.99440929
    20    124      0      0.00000000      0.99429502
    20    125      0      0.00000000      0.97644086
    20    126      0      0.00000000      0.99283191
    20    127      0      0.00000000      0.95433601
    20    128      0      0.00000000      1.01278184
    20    129      0      0.00000000      1.01803868
    20    130      0      0.00000000      1.06042128
    20    131      0      0.00000000      1.03725963
    20    132      0      0.00000000      1.03219280
    20    133      0      0.00000000      0.91635627
    20    134      0      0.00000000      0.95148334
    20    135      0      0.00000000      0.89428680
    20    136      0      0.00000000      0.88969952
    20    137      0      0.00000000      0.85698087
    20    138      0      0.00000000      0.87942935
    20    139      0      0.00000000      0.89891287
    20    140      0      0.00000000      0.95544566
    20    141      0      0.00000000      0.88681615
    20    142      0      0.00000000      0.81148591
    20    143      0      0.00000000      0.76916202
    20    144      0      0.00000000      0.79822111
    20    145      0      0.00000000      0.76440353
    20    146      0      0.00000000      0.79222598
    20    147      0      0.00000000      0.84639899
    20    148      0      0.00000000      1.00000000
    20    149      0      0.00000000      1.00000000
    20    150      0      0.00000000      1.00000000
    20    151      0      0.00000000      1.00000000
    20    152      0      0.00000000      1.00000000
    20    153      0      0.00000000      1.00000000
    20    154      0      0.00000000      1.00000000
    20    155      0      0.00000000      1.00000000
    20    156      0      0.00000000      1.00000000
    20    157      0      0.00000000      0.82033122
    20    158      0      0.00000000      0.80919245
    20    159      0      0.00000000      0.78039163
    20    160      0      0.00000000      0.82470694
    20    161      0      0.00000000      0.79787978
    20    162      0      0.00000000      0.85599543
    20    163      0      0.00000000      0.83033923
    20    164      0      0.00000000      0.92951851
    20    165      0      0.00000000      0.93247260
    20    166      0      0.00000000      1.02744102
    20    167      0      0.00000000      0.96888128
    20    168      0      0.00000000      1.05432820
    20    169      0      0.00000000      0.98522654
    20    170      0      0.00000000      1.03360099
    20    171      0      0.00000000      1.05210477
    20    172      0      0.00000000      1.07367846
    20    173      0      0.00000000      0.98253915
    20    174      0      0.00000000      1.06841711
    20    175      0      0.00000000      1.01956735
    20    176      0      0.00000000      1.06160552
    20    177      0      0.00000000      0.95861006
    20    178      0      0.00000000      1.02385672
    20    179      0      0.00000000      0.98821487
    20    180      0      0.00000000      1.01045598
    20    181      0      0.00000000      0.98381113
    20    182      0      0.00000000      1.02037932
    20    183      0      0.00000000      0.98726174
    20    184      0      0.00000000      1.01791616
    20    185      0      0.00000000      0.95550923
    20    186      0      0.00000000      0.98199428
    20    187      0      0.00000000      0.94632215
    20    188      0      0.00000000      1.01527768
    20    189      0      0.00000000      0.95963409
    20    190      0      0.00000000      0.94301035
    20    191      0      0.00000000      0.91801000
    20    192      0      0.00000000      0.93592670
    20    193      0      0.00000000      0.90681083
    20    194      0      0.00000000      0.89952350
    20    195      0      0.00000000      0.89201203
    20    196      0      0.00000000      0.91224218
    20    197      0      0.00000000      0.89176208
    20    198      0      0.00000000      0.89599294
    20    199      0      0.00000000      0.85786859
    20    200      0      0.00000000      0.90383198
    20    201      0      0.00000000      0.85647669
    20    202      0      0.00000000      0.87729562
    20    203      0      0.00000000      0.87942204
    20    204      0      0.00000000      0.87942628
    20    205      0      0.00000000      0.85268478
    20    206      0      0.00000000      0.87401882
    20    207      0      0.00000000      0.84444279
    20    208      0      0.00000000      0.83103922
    20    209      0      0.00000000      0.80753472
    20    210      0      0.00000000      0.80916870
    20    211      0      0.00000000      0.81003168
    20    212      0      0.00000000      0.81476672
    20    213      0      0.00000000      0.77988786
    20    214      0      0.00000000      0.81166355
    20    215      0      0.00000000      0.75428215
    20    216      0      0.00000000      0.77124261
    20    217      0      0.00000000      0.75090283
    20    218      0      0.00000000      0.78758188
    20    219      0      0.00000000      0.75557300
    20    220      0      0.00000000      0.80988210
    20    221      0      0.00000000      0.73719158
    20    222      0      0.00000000      0.76057970
    20    223      0      0.00000000      0.77793785
    20    224      0      0.00000000      0.87202684
    20    225      0      0.00000000      0.90722086
    20    226      0      0.00000000      0.95661029
    20    227      0      0.00000000      0.91655760
    20    228      0      0.00000000      0.93011427
    20    229      0      0.00000000      0.87580486
    20    230      0      0.00000000      0.93341044
    20    231      0      0.00000000      0.94897127
    20    232      0      0.00000000      0.92246345
    20    233      0      0.00000000      0.94540033
    20    234      0      0.00000000      0.93072425
    20    235      0      0.00000000      0.94289315
    20    236      0      0.00000000      0.94507134
    20    237      0      0.00000000      0.89341199
    20    238      0      0.00000000      0.93036532
    20    239      0      0.00000000      0.89467880
    20    240      0      0.00000000      1.00533216
    20    241      0      0.00000000      1.03610517
    20    242      0      0.00000000      0.97459698
    20    243      0      0.00000000      0.97536759
    21      0      0      0.00000000      1.41219395
    21      1      0      0.00000000      1.41219395
    21      2      0      0.00000000      1.41219395
    21      3      0      0.00000000      1.41219395
    21      4      0      0.00000000      1.41219395
    21      5      0      0.00000000      1.41219395
    21      6      0      0.00000000      1.41219395
    21      7      0      0.00000000      1.41219395
    21      8      0      0.00000000      1.41219395
    21      9      0      0.00000000      1.41219395
    21     10      0      0.00000000      1.41219395
    21     11      0      0.00000000      1.41219395
    21     12      0      0.00000000      1.41219395
    21     13      0      0.00000000      1.41219395
    21     14      0      0.00000000      1.40792927
    21     15      0      0.00000000      2.13498990
    21     16      0      0.00000000      1.49182169
    21     17      0      0.00000000      1.49182169
    21     18      0      0.00000000      1.49182169
    21     19      0      0.00000000      1.11630189
    21     20      0      0.00000000      1.29159760
    21     21      0      0.00000000      1.18114105
    21     22      0      0.00000000      1.17902958
    21     23      0      0.00000000      1.10064421
    21     24      0      0.00000000      1.02500718
    21     25      0      0.00000000      1.25991997
    21     26      0      0.00000000      1.28181065
    21     27      0      0.00000000      1.39223880
    21     28      0      0.00000000      1.20276754
    21     29      0      0.00000000      1.31704234
    21     30      0      0.00000000      1.25553921
    21     31      0      0.00000000      1.33116491
    21     32      0      0.00000000      1.21926435
    21     33      0      0.00000000      1.13174601
    21     34      0      0.00000000      1.12401811
    21     35      0      0.00000000      1.21941440
    21     36      0      0.00000000      1.17265092
    21     37      0      0.00000000      1.18189267
    21     38      0      0.00000000      1.23713453
    21     39      0      0.00000000      1.34993965
    21     40      0      0.00000000      1.10204351
    21     41      0      0.00000000      1.30243705
    21     42      0      0.00000000      1.27526442
    21     43      0      0.00000000      1.16073742
    21     44      0      0.00000000      1.19166812
    21     45      0      0.00000000      1.16397193
    21     46      0      0.00000000      1.23678230
    21     47      0      0.00000000      1.24643495
    21     48      0      0.00000000      1.22414998
    21     49      0      0.00000000      1.21421682
    21     50      0      0.00000000      1.14093083
    21     51      0      0.00000000      1.14314554
    21     52      0      0.00000000      1.17001367
    21     53      0      0.00000000      1.26842630
    21     54      0      0.00000000      1.16192099
    21     55      0      0.00000000      1.38896892
    21     56      0      0.00000000      1.07369769
    21     57      0      0.00000000      1.18812057
    21     58      0      0.00000000      1.14584388
    21     59      0      0.00000000      1.10419236
    21     60      0      0.00000000      1.09370096
    21     61      0      0.00000000      1.07440730
    21     62      0      0.00000000      1.24813966
    21     63      0      0.00000000      1.20429189
    21     64      0      0.00000000      1.09054655
    21     65      0      0.00000000      1.13018296
    21     66      0      0.00000000      1.11489942
    21     67      0      0.00000000      1.10947355
    21     68      0      0.00000000      1.16777332
    21     69      0      0.00000000      1.20144144
    21     70      0      0.00000000      1.19239149
    21     71      0      0.00000000      1.34367720
    21     72      0      0.00000000      1.24569252
    21     73      0      0.00000000      1.24015131
    21     74      0      0.00000000      1.19707451
    21     75      0      0.00000000      1.17602695
    21     76      0      0.00000000      1.21562419
    21     77      0      0.00000000      1.25520573
    21     78      0      0.00000000      1.00000000
    21     79      0      0.00000000      1.00000000
    21     80      0      0.00000000      1.00000000
    21     81      0      0.00000000      1.00000000
    21     82      0      0.00000000      1.00000000
    21     83      0      0.00000000      1.00000000
    21     84      0      0.00000000      1.00000000
    21     85      0      0.00000000      1.00000000
    21     86      0      0.00000000      1.07575902
    21     87      0      0.00000000      1.00252641
    21     88      0      0.00000000      1.07665491
    21     89      0      0.00000000      1.10143893
    21     90      0      0.00000000      1.07857943
    21     91      0      0.00000000      1.15652035
    21     92      0      0.00000000      1.18393227
    21     93      0      0.00000000      1.21591301
    21     94      0      0.00000000      1.18320884
    21     95      0      0.00000000      1.34388151
    21     96      0      0.00000000      1.18656031
    21     97      0      0.00000000      1.27914314
    21     98      0      0.00000000      1.14000094
    21     99      0      0.00000000      1.14655331
    21    100      0      0.00000000      1.13127328
    21    101      0      0.00000000      1.18613725
    21    102      0      0.00000000      1.12774600
    21    103      0      0.00000000      1.13341523
    21    104      0      0.00000000      1.11747805
    21    105      0      0.00000000      1.15130208
    21    106      0      0.00000000      1.09532813
    21    107      0      0.00000000      1.00365950
    21    108      0      0.00000000      0.96174222
    21    109      0      0.00000000      0.99193476
    21    110      0      0.00000000      0.94763943
    21    111      0      0.00000000      0.96985661
    21    112      0      0.00000000      1.08049133
    21    113      0      0.00000000      1.07012250
    21    114      0      0.00000000      1.04977940
    21    115      0      0.00000000      1.02137008
    21    116      0      0.00000000      0.99680033
    21    117      0      0.00000000      1.06191944
    21    118      0      0.00000000      1.06160382
    21    119      0      0.00000000      1.02491012
    21    120      0      0.00000000      1.06487250
    21    121      0      0.00000000      1.01250484
    21    122      0      0.00000000      0.94699218
    21    123      0      0.00000000      0.91643546
    21    124      0      0.00000000      0.94352952
    21    125      0      0.00000000      0.87080079
    21    126      0      0.00000000      0.87136152
    21    127      0      0.00000000      0.92387467
    21    128      0      0.00000000      0.96592760
    21    129      0      0.00000000      0.92305011
    21    130      0      0.00000000      0.95226886
    21    131      0      0.00000000      0.83550759
    21    132      0      0.00000000      0.86673908
    21    133      0      0.00000000      0.85210999
    21    134      0      0.00000000      0.85904483
    21    135      0      0.00000000      0.84525171
    21    136      0      0.00000000      0.84126561
    21    137      0      0.00000000      0.92654010
    21    138      0      0.00000000      0.93721093
    21    139      0      0.00000000      0.88636606
    21    140      0      0.00000000      0.81073061
    21    141      0      0.00000000      0.78519583
    21    142      0      0.00000000      0.81736092
    21    143      0      0.00000000      0.81285553
    21    144      0      0.00000000      0.84097456
    21    145      0      0.00000000      0.91634544
    21    146      0      0.00000000      1.00000000
    21    147      0      0.00000000      1.00000000
    21    148      0      0.00000000      1.00000000
    21    149      0      0.00000000      1.00000000
    21    150      0      0.00000000      1.00000000
    21    151      0      0.00000000      1.00000000
    21    152      0      0.00000000      1.00000000
    21    153      0      0.00000000      1.00000000
    21    154      0      0.00000000      0.88827947
    21    155      0      0.00000000      0.82943094
    21    156      0      0.00000000      0.83409618
    21    157      0      0.00000000      0.82968694
    21    158      0      0.00000000      0.87403064
    21    159      0      0.00000000      0.84628045
    21    160      0      0.00000000      0.82600337
    21    161      0      0.00000000      0.81194326
    21    162      0      0.00000000      0.81713376
    21    163      0      0.00000000      0.82868421
    21    164      0      0.00000000      0.84693469
    21    165      0      0.00000000      0.85804130
    21    166      0      0.00000000      0.87827925
    21    167      0      0.00000000      0.90360276
    21    168      0      0.00000000      0.88630108
    21    169      0      0.00000000      0.89743661
    21    170      0      0.00000000      0.90368392
    21    171      0      0.00000000      0.91371756
    21    172      0      0.00000000      0.95831641
    21    173      0      0.00000000      0.92324710
    21    174      0      0.00000000      0.92416408
    21    175      0      0.00000000      0.92835424
    21    176      0      0.00000000      0.93917295
    21    177      0      0.00000000      0.95126694
    21    178      0      0.00000000      1.02429107
    21    179      0      0.00000000      1.00073058
    21    180      0      0.00000000      0.99896880
    21    181      0      0.00000000      0.99665626
    21    182      0      0.00000000      0.97567554
    21    183      0      0.00000000      0.98685201
    21    184      0      0.00000000      0.98334939
    21    185      0      0.00000000      1.00568606
    21    186      0      0.00000000      1.00970760
    21    187      0      0.00000000      0.98353431
    21    188      0      0.00000000      1.00491978
    21    189      0      0.00000000      0.94990219
    21    190      0      0.00000000      0.97917319
    21    191      0      0.00000000      0.93900224
    21    192      0      0.00000000      0.92831539
    21    193      0      0.00000000      0.91162209
    21    194      0      0.00000000      0.93304681
    21    195      0      0.00000000      0.88290134
    21    196      0      0.00000000      0.88234930
    21    197      0      0.00000000      0.84531514
    21    198      0      0.00000000      0.84107163
    21    199      0      0.00000000      0.82539988
    21    200      0      0.00000000      0.79853465
    21    201      0      0.00000000      0.75048475
    21    202      0      0.00000000      0.75031479
    21    203      0      0.00000000      0.77817373
    21    204      0      0.00000000      0.70659235
    21    205      0      0.00000000      0.70592548
    21    206      0      0.00000000      0.68131239
    21    207      0      0.00000000      0.67023839
    21    208      0      0.00000000      0.69989634
    21    209      0      0.00000000      0.67837372
    21    210      0      0.00000000      0.67960162
    21    211      0      0.00000000      0.67815557
    21    212      0      0.00000000      0.68161420
    21    213      0      0.00000000      0.67294161
    21    214      0      0.00000000      0.71126880
    21    215      0      0.00000000      0.78784501
    21    216      0      0.00000000      0.80700497
    21    217      0      0.00000000      0.81485381
    21    218      0      0.00000000      0.82644051
    21    219      0      0.00000000      0.84588308
    21    220      0      0.00000000      0.83009540
    21    221      0      0.00000000      0.84953363
    21    222      0      0.00000000      0.91426052
    21    223      0      0.00000000      0.99985752
    21    224      0      0.00000000      1.01950656
    21    225      0      0.00000000      0.97985625
    21    226      0      0.00000000      0.99589671
    21    227      0      0.00000000      1.11163530
    21    228      0      0.00000000      1.17158096
    21    229      0      0.00000000      1.15762374
    21    230      0      0.00000000      1.22154843
    21    231      0      0.00000000      1.25257522
    22      0      0      0.00000000      0.64223810
    22      1      0      0.00000000      0.64223810
    22      2      0      0.00000000      0.64223810
    22      3      0      0.00000000      0.64223810
    22      4      0      0.00000000      0.65028258
    22      5      0      0.00000000      0.85477669
    22      6      0      0.00000000      0.86561916
    22      7      0      0.00000000      0.86038277
    22      8      0      0.00000000      0.85520936
    22      9      0      0.00000000      0.86384411
    22     10      0      0.00000000      1.20278018
    22     11      0      0.00000000      1.09724881
    22     12      0      0.00000000      1.01196907
    22     13      0      0.00000000      1.13722790
    22     14      0      0.00000000      1.28822124
    22     15      0      0.00000000      0.99237360
    22     16      0      0.00000000      1.29249190
    22     17      0      0.00000000      1.35415856
    22     18      0      0.00000000      1.17086932
    22     19      0      0.00000000      1.06770204
    22     20      0      0.00000000      1.15305136
    22     21      0      0.00000000      1.17741476
    22     22      0      0.00000000      1.24352040
    22     23      0      0.00000000      1.11085159
    22     24      0      0.00000000      1.09837964
    22     25      0      0.00000000      1.07865507
    22     26      0      0.00000000      1.04288885
    22     27      0      0.00000000      1.28593717
    22     28      0      0.00000000      1.09786383
    22     29      0      0.00000000      1.06039192
    22     30      0      0.00000000      1.23034451
    22     31      0      0.00000000      1.18803908
    22     32      0      0.00000000      1.26592742
    22     33      0      0.00000000      1.19697778
    22     34      0      0.00000000      1.13073953
    22     35      0      0.00000000      1.25533331
    22     36      0      0.00000000      1.30820951
    22     37      0      0.00000000      1.24110494
    22     38      0      0.00000000      1.18669350
    22     39      0      0.00000000      1.21105446
    22     40      0      0.00000000      1.17049703
    22     41      0      0.00000000      1.16998845
    22     42      0      0.00000000      1.28850149
    22     43      0      0.00000000      1.15530056
    22     44      0      0.00000000      1.18033164
    22     45      0      0.00000000      1.20785899
    22     46      0      0.00000000      1.21036443
    22     47      0      0.00000000      1.31681993
    22     48      0      0.00000000      1.03450222
    22     49      0      0.00000000      1.17804146
    22     50      0      0.00000000      1.02413739
    22     51      0      0.00000000      1.19918731
    22     52      0      0.00000000      1.26161563
    22     53      0      0.00000000      1.07298360
    22     54      0      0.00000000      0.98064382
    22     55      0      0.00000000      1.01932692
    22     56      0      0.00000000      1.16467232
    22     57      0      0.00000000      1.01083318
    22     58      0      0.00000000      1.21142813
    22     59      0      0.00000000      1.22614333
    22     60      0      0.00000000      1.29469470
    22     61      0      0.00000000      1.15052574
    22     62      0      0.00000000      1.15244518
    22     63      0      0.00000000      1.13221422
    22     64      0      0.00000000      1.14273484
    22     65      0      0.00000000      1.19113679
    22     66      0      0.00000000      1.21113676
    22     67      0      0.00000000      1.00000000
    22     68      0      0.00000000      1.00000000
    22     69      0      0.00000000      1.00000000
    22     70      0      0.00000000      1.00000000
    22     71      0      0.00000000      1.00000000
    22     72      0      0.00000000      1.00000000
    22     73      0      0.00000000      1.00000000
    22     74      0      0.00000000      1.00000000
    22     75      0      0.00000000      0.92967159
    22     76      0      0.00000000      0.90321133
    22     77      0      0.00000000      1.04617499
    22     78      0      0.00000000      1.11478550
    22     79      0      0.00000000      1.06851144
    22     80      0      0.00000000      1.09500925
    22     81      0      0.00000000      1.14395505
    22     82      0      0.00000000      1.11693784
    22     83      0      0.00000000      1.12338648
    22     84      0      0.00000000      1.09890814
    22     85      0      0.00000000      1.13170917
    22     86      0      0.00000000      1.14903927
    22     87      0      0.00000000      1.12537961
    22     88      0      0.00000000      1.13689217
    22     89      0      0.00000000      1.15385466
    22     90      0      0.00000000      1.16130537
    22     91      0      0.00000000      1.23409068
    22     92      0      0.00000000      1.16166895
    22     93      0      0.00000000      1.10688540
    22     94      0      0.00000000      1.22853784
    22     95      0      0.00000000      1.19169212
    22     96      0      0.00000000      1.17884509
    22     97      0      0.00000000      1.11476778
    22     98      0      0.00000000      1.10306684
    22     99      0      0.00000000      1.10483763
    22    100      0      0.00000000      1.06215930
    22    101      0      0.00000000      1.06252419
    22    102      0      0.00000000      1.06489285
    22    103      0      0.00000000      1.08505260
    22    104      0      0.00000000      1.16943895
    22    105      0      0.00000000      0.95470398
    22    106      0      0.00000000      0.93109055
    22    107      0      0.00000000      0.96487517
    22    108      0      0.00000000      0.93174862
    22    109      0      0.00000000      0.93148315
    22    110      0      0.00000000      0.99699904
    22    111      0      0.00000000      0.99629379
    22    112      0      0.00000000      0.97695702
    22    113      0      0.00000000      0.94117719
    22    114      0      0.00000000      0.95704269
    22    115      0      0.00000000      1.00615456
    22    116      0      0.00000000      0.95298584
    22    117      0      0.00000000      0.93718691
    22    118      0      0.00000000      0.97877997
    22    119      0      0.00000000      0.90481597
    22    120      0      0.00000000      0.88314257
    22    121      0      0.00000000      0.92912746
    22    122      0      0.00000000      0.87553745
    22    123      0      0.00000000      0.89292777
    22    124      0      0.00000000      0.94275084
    22    125      0      0.00000000      0.96098250
    22    126      0      0.00000000      0.92790813
    22    127      0      0.00000000      0.92727202
    22    128      0      0.00000000      0.81970833
    22    129      0      0.00000000      0.83093417
    22    130      0      0.00000000      0.85166993
    22    131      0      0.00000000      0.88750959
    22    132      0      0.00000000      0.85260980
    22    133      0      0.00000000      0.86980183
    22    134      0      0.00000000      0.94572374
    22    135      0      0.00000000      1.01104931
    22    136      0      0.00000000      0.94944197
    22    137      0      0.00000000      0.89622672
    22    138      0      0.00000000      0.88452456
    22    139      0      0.00000000      0.88811525
    22    140      0      0.00000000      0.85039315
    22    141      0      0.00000000      0.82643437
    22    142      0      0.00000000      0.84391073
    22    143      0      0.00000000      1.00000000
    22    144      0      0.00000000      1.00000000
    22    145      0      0.00000000      1.00000000
    22    146      0      0.00000000      1.00000000
    22    147      0      0.00000000      1.00000000
    22    148      0      0.00000000      1.00000000
    22    149      0      0.00000000      1.00000000
    22    150      0      0.00000000      1.00000000
    22    151      0      0.00000000      0.88030756
    22    152      0      0.00000000      0.84152218
    22    153      0      0.00000000      0.90056191
    22    154      0      0.00000000      0.90757548
    22    155      0      0.00000000      0.93742705
    22    156      0      0.00000000      0.89290452
    22    157      0      0.00000000      0.89560425
    22    158      0      0.00000000      0.89799944
    22    159      0      0.00000000      0.92083205
    22    160      0      0.00000000      0.92777276
    22    161      0      0.00000000      0.95479057
    22    162      0      0.00000000      0.95474930
    22    163      0      0.00000000      0.97538298
    22    164      0      0.00000000      0.93449942
    22    165      0      0.00000000      1.01696184
    22    166      0      0.00000000      1.02668775
    22    167      0      0.00000000      1.04405182
    22    168      0      0.00000000      0.99497934
    22    169      0      0.00000000      1.03144523
    22    170      0      0.00000000      1.00382580
    22    171      0      0.00000000      1.00701785
    22    172      0      0.00000000      0.93493196
    22    173      0      0.00000000      0.92426443
    22    174      0      0.00000000      0.91328210
    22    175      0      0.00000000      0.94437647
    22    176      0      0.00000000      0.93530286
    22    177      0      0.00000000      0.93186647
    22    178      0      0.00000000      0.95170259
    22    179      0      0.00000000      0.90554803
    22    180      0      0.00000000      0.88391293
    22    181      0      0.00000000      0.92700464
    22    182      0      0.00000000      0.91619324
    22    183      0      0.00000000      0.91003328
    22    184      0      0.00000000      0.90597008
    22    185      0      0.00000000      0.89397562
    22    186      0      0.00000000      0.87909933
    22    187      0      0.00000000      0.88148982
    22    188      0      0.00000000      0.84587342
    22    189      0      0.00000000      0.87591601
    22    190      0      0.00000000      0.82290171
    22    191      0      0.00000000      0.79808620
    22    192      0      0.00000000      0.78306618
    22    193      0      0.00000000      0.79794840
    22    194      0      0.00000000      0.79053177
    22    195      0      0.00000000      0.82671248
    22    196      0      0.00000000      0.80426592
    22    197      0      0.00000000      0.84718186
    22    198      0      0.00000000      0.81318564
    22    199      0      0.00000000      0.80188673
    22    200      0      0.00000000      0.81539699
    22    201      0      0.00000000      0.80674360
    22    202      0      0.00000000      0.78556024
    22    203      0      0.00000000      0.79972178
    22    204      0      0.00000000      0.74358322
    22    205      0      0.00000000      0.81341301
    22    206      0      0.00000000      0.74103385
    22    207      0      0.00000000      0.78057507
    22    208      0      0.00000000      0.77471913
    22    209      0      0.00000000      0.82388008
    22    210      0      0.00000000      0.79623214
    22    211      0      0.00000000      0.87547156
    22    212      0      0.00000000      0.91897173
    22    213      0      0.00000000      0.98286450
    22    214      0      0.00000000      1.01954276
    22    215      0      0.00000000      1.12225026
    22    216      0      0.00000000      1.20768377
    22    217      0      0.00000000      1.18345605
    23      0      0      0.00000000      1.13664378
    23      1      0      0.00000000      1.13664378
    23      2      0      0.00000000      1.13664378
    23      3      0      0.00000000      1.25897725
    23      4      0      0.00000000      1.12007044
    23      5      0      0.00000000      1.01574790
    23      6      0      0.00000000      0.95134333
    23      7      0      0.00000000      0.93567798
    23      8      0      0.00000000      1.09683251
    23      9      0      0.00000000      1.09683251
    23     10      0      0.00000000      1.31133254
    23     11      0      0.00000000      1.34267580
    23     12      0      0.00000000      1.10176560
    23     13      0      0.00000000      1.35275386
    23     14      0      0.00000000      0.92940013
    23     15      0      0.00000000      1.52157108
    23     16      0      0.00000000      1.04985004
    23     17      0      0.00000000      1.12803975
    23     18      0      0.00000000      1.01236763
    23     19      0      0.00000000      1.23132893
    23     20      0      0.00000000      1.16506003
    23     21      0      0.00000000      1.56940994
    23     22      0      0.00000000      1.09305967
    23     23      0      0.00000000      1.18170988
    23     24      0      0.00000000      1.18656698
    23     25      0      0.00000000      1.32280943
    23     26      0      0.00000000      1.07636755
    23     27      0      0.00000000      1.33683121
    23     28      0      0.00000000      1.20024496
    23     29      0      0.00000000      0.82824032
    23     30      0      0.00000000      0.96661127
    23     31      0      0.00000000      1.26978262
    23     32      0      0.00000000      1.35699789
    23     33      0      0.00000000      1.19508453
    23     34      0      0.00000000      1.33249594
    23     35      0      0.00000000      1.16400475
    23     36      0      0.00000000      1.25112914
    23     37      0      0.00000000      1.16843626
    23     38      0      0.00000000      1.09141558
    23     39      0      0.00000000      1.24686471
    23     40      0      0.00000000      1.07411203
    23     41      0      0.00000000      1.14472948
    23     42      0      0.00000000      1.00078727
    23     43      0      0.00000000      1.11820866
    23     44      0      0.00000000      1.38054400
    23     45      0      0.00000000      1.12540160
    23     46      0      0.00000000      1.10397067
    23     47      0      0.00000000      1.05168962
    23     48      0      0.00000000      1.20607581
    23     49      0      0.00000000      1.17195737
    23     50      0      0.00000000      1.07116862
    23     51      0      0.00000000      1.24406820
    23     52      0      0.00000000      1.44495238
    23     53      0      0.00000000      1.37759615
    23     54      0      0.00000000      1.16400018
    23     55      0      0.00000000      1.20232253
    23     56      0      0.00000000      1.18777147
    23     57      0      0.00000000      1.13840008
    23     58      0      0.00000000      1.23498611
    23     59      0      0.00000000      1.00000000
    23     60      0      0.00000000      1.00000000
    23     61      0      0.00000000      1.00000000
    23     62      0      0.00000000      1.00000000
    23     63      0      0.00000000      1.00000000
    23     64      0      0.00000000      1.00000000
    23     65      0      0.00000000      1.00000000
    23     66      0      0.00000000      1.00000000
    23     67      0      0.00000000      1.00000000
    23     68      0      0.00000000      1.07769622
    23     69      0      0.00000000      1.21585743
    23     70      0      0.00000000      1.11753630
    23     71      0      0.00000000      1.13187498
    23     72      0      0.00000000      1.09569077
    23     73      0      0.00000000      1.10947823
    23     74      0      0.00000000      1.18184936
    23     75      0      0.00000000      1.23143616
    23     76      0      0.00000000      1.14853879
    23     77      0      0.00000000      1.20929694
    23     78      0      0.00000000      1.17569951
    23     79      0      0.00000000      1.23925502
    23     80      0      0.00000000      1.25542467
    23     81      0      0.00000000      1.30677996
    23     82      0      0.00000000      1.20333328
    23     83      0      0.00000000      1.19177415
    23     84      0      0.00000000      1.16029249
    23     85      0      0.00000000      1.20760705
    23     86      0      0.00000000      1.06452968
    23     87      0      0.00000000      1.09596207
    23     88      0      0.00000000      1.16628779
    23     89      0      0.00000000      1.10134727
    23     90      0      0.00000000      1.06589410
    23     91      0      0.00000000      1.09245908
    23     92      0      0.00000000      1.12971772
    23     93      0      0.00000000      1.18901751
    23     94      0      0.00000000      1.15487396
    23     95      0      0.00000000      1.12697543
    23     96      0      0.00000000      1.11590545
    23     97      0      0.00000000      1.09291264
    23     98      0      0.00000000      1.05319120
    23     99      0      0.00000000      1.04764865
    23    100      0      0.00000000      1.04722584
    23    101      0      0.00000000      1.06184857
    23    102      0      0.00000000      1.04440990
    23    103      0      0.00000000      1.03829544
    23    104      0      0.00000000      1.04792123
    23    105      0      0.00000000      1.16056437
    23    106      0      0.00000000      0.97824647
    23    107      0      0.00000000      1.03965814
    23    108      0      0.00000000      0.96554586
    23    109      0      0.00000000      0.97112197
    23    110      0      0.00000000      1.09562650
    23    111      0      0.00000000      1.05426464
    23    112      0      0.00000000      1.05376203
    23    113      0      0.00000000      1.05326368
    23    114      0      0.00000000      0.98041565
    23    115      0      0.00000000      1.10029978
    23    116      0      0.00000000      1.16214542
    23    117      0      0.00000000      1.02372893
    23    118      0      0.00000000      1.02069224
    23    119      0      0.00000000      0.89071814
    23    120      0      0.00000000      0.89160046
    23    121      0      0.00000000      0.90536577
    23    122      0      0.00000000      0.87404970
    23    123      0      0.00000000      0.87297724
    23    124      0      0.00000000      0.92582800
    23    125      0      0.00000000      1.00856622
    23    126      0      0.00000000      0.96527705
    23    127      0      0.00000000      0.98347358
    23    128      0      0.00000000      0.89111639
    23    129      0      0.00000000      0.89735086
    23    130      0      0.00000000      0.90562303
    23    131      0      0.00000000      0.89576522
    23    132      0      0.00000000      0.89278496
    23    133      0      0.00000000      0.89339342
    23    134      0      0.00000000      0.94968486
    23    135      0      0.00000000      0.97885258
    23    136      0      0.00000000      0.90512620
    23    137      0      0.00000000      0.75478344
    23    138      0      0.00000000      0.74520631
    23    139      0      0.00000000      0.74526756
    23    140      0      0.00000000      0.79823743
    23    141      0      0.00000000      0.86850509
    23    142      0      0.00000000      1.00000000
    23    143      0      0.00000000      1.00000000
    23    144      0      0.00000000      1.00000000
    23    145      0      0.00000000      1.00000000
    23    146      0      0.00000000      1.00000000
    23    147      0      0.00000000      1.00000000
    23    148      0      0.00000000      1.00000000
    23    149      0      0.00000000      1.00000000
    23    150      0      0.00000000      1.00000000
    23    151      0      0.00000000      0.89649871
    23    152      0      0.00000000      0.81100613
    23    153      0      0.00000000      0.79105211
    23    154      0      0.00000000      0.82775090
    23    155      0      0.00000000      0.82936658
    23    156      0      0.00000000      0.82335414
    23    157      0      0.00000000      0.84593392
    23    158      0      0.00000000      0.85802115
    23    159      0      0.00000000      0.86744293
    23    160      0      0.00000000      0.89624735
    23    161      0      0.00000000      0.94417747
    23    162      0      0.00000000      0.99812183
    23    163      0      0.00000000      1.05019263
    23    164      0      0.00000000      1.03261425
    23    165      0      0.00000000      1.10291695
    23    166      0      0.00000000      1.11267764
    23    167      0      0.00000000      0.93443743
    23    168      0      0.00000000      0.91611538
    23    169      0      0.00000000      0.96989160
    23    170      0      0.00000000      0.99977430
    23    171      0      0.00000000      0.96323990
    23    172      0      0.00000000      0.96886801
    23    173      0      0.00000000      0.97950881
    23    174      0      0.00000000      0.96330228
    23    175      0      0.00000000      0.95632227
    23    176      0      0.00000000      0.96395811
    23    177      0      0.00000000      0.99587244
    23    178      0      0.00000000      0.97219389
    23    179      0      0.00000000      0.98017271
    23    180      0      0.00000000      0.94149829
    23    181      0      0.00000000      0.93632612
    23    182      0      0.00000000      0.94295049
    23    183      0      0.00000000      0.93543484
    23    184      0      0.00000000      0.91838221
    23    185      0      0.00000000      0.89914476
    23    186      0      0.00000000      0.91452390
    23    187      0      0.00000000      0.90398021
    23    188      0      0.00000000      0.89810621
    23    189      0      0.00000000      0.89485906
    23    190      0      0.00000000      0.88419108
    23    191      0      0.00000000      0.86421511
    23    192      0      0.00000000      0.85696938
    23    193      0      0.00000000      0.84618590
    23    194      0      0.00000000      0.82268098
    23    195      0      0.00000000      0.85909805
    23    196      0      0.00000000      0.83225837
    23    197      0      0.00000000      0.82460679
    23    198      0      0.00000000      0.79930735
    23    199      0      0.00000000      0.78556495
    23    200      0      0.00000000      0.84130197
    23    201      0      0.00000000      0.79884910
    23    202      0      0.00000000      0.74113283
    23    203      0      0.00000000      0.73974087
    23    204      0      0.00000000      0.72363166
    23    205      0      0.00000000      0.69054477
    23    206      0      0.00000000      0.64383528
    23    207      0      0.00000000      0.69528858
    23    208      0      0.00000000      0.78628815
    23    209      0      0.00000000      0.96471572
    24      0      0      0.00000000      1.15831776
    24      1      0      0.00000000      1.15831776
    24      2      0      0.00000000      1.15831776
    24      3      0      0.00000000      1.15831776
    24      4      0      0.00000000      1.15831776
    24      5      0      0.00000000      1.15831776
    24      6      0      0.00000000      1.15831776
    24      7      0      0.00000000      1.07587490
    24      8      0      0.00000000      1.01756826
    24      9      0      0.00000000      1.09845334
    24     10      0      0.00000000      1.19330771
    24     11      0      0.00000000      1.00264233
    24     12      0      0.00000000      0.96226951
    24     13      0      0.00000000      0.93770235
    24     14      0      0.00000000      1.20538107
    24     15      0      0.00000000      1.14498188
    24     16      0      0.00000000      1.16473380
    24     17      0      0.00000000      1.27456527
    24     18      0      0.00000000      1.02256679
    24     19      0      0.00000000      1.08044319
    24     20      0      0.00000000      1.15816477
    24     21      0      0.00000000      1.18021206
    24     22      0      0.00000000      1.18508350
    24     23      0      0.00000000      1.20312282
    24     24      0      0.00000000      1.20312282
    24     25      0      0.00000000      1.22195680
    24     26      0      0.00000000      1.27365351
    24     27      0      0.00000000      1.15361548
    24     28      0      0.00000000      1.20980259
    24     29      0      0.00000000      1.17717442
    24     30      0      0.00000000      1.05615046
    24     31      0      0.00000000      1.15162405
    24     32      0      0.00000000      1.16418305
    24     33      0      0.00000000      1.29424459
    24     34      0      0.00000000      1.12136442
    24     35      0      0.00000000      1.08503593
    24     36      0      0.00000000      1.11186897
    24     37      0      0.00000000      1.18811419
    24     38      0      0.00000000      1.21858050
    24     39      0      0.00000000      1.17146024
    24     40      0      0.00000000      1.12914846
    24     41      0      0.00000000      1.02462185
    24     42      0      0.00000000      1.07046784
    24     43      0      0.00000000      1.16196862
    24     44      0      0.00000000      1.07902204
    24     45      0      0.00000000      1.35223088
    24     46      0      0.00000000      1.24551301
    24     47      0      0.00000000      1.32519117
    24     48      0      0.00000000      1.37442247
    24     49      0      0.00000000      1.18093567
    24     50      0      0.00000000      1.32785736
    24     51      0      0.00000000      1.17754148
    24     52      0      0.00000000      1.26842645
    24     53      0      0.00000000      1.00000000
    24     54      0      0.00000000      1.00000000
    24     55      0      0.00000000      1.00000000
    24     56      0      0.00000000      1.00000000
    24     57      0      0.00000000      1.00000000
    24     58      0      0.00000000      1.00000000
    24     59      0      0.00000000      1.00000000
    24     60      0      0.00000000      1.00000000
    24     61      0      0.00000000      1.00000000
    24     62      0      0.00000000      1.11803222
    24     63      0      0.00000000      1.02418985
    24     64      0      0.00000000      1.12049933
    24     65      0      0.00000000      1.12506716
    24     66      0      0.00000000      1.19966272
    24     67      0      0.00000000      1.21479715
    24     68      0      0.00000000      1.25426207
    24     69      0      0.00000000      1.34605977
    24     70      0      0.00000000      1.24280903
    24     71      0      0.00000000      1.24984356
    24     72      0      0.00000000      1.33172369
    24     73      0      0.00000000      1.25020756
    24     74      0      0.00000000      1.27358556
    24     75      0      0.00000000      1.22319732
    24     76      0      0.00000000      1.28274710
    24     77      0      0.00000000      1.19823603
    24     78      0      0.00000000      1.26459080
    24     79      0      0.00000000      1.23673817
    24     80      0      0.00000000      1.26071816
    24     81      0      0.00000000      1.16452889
    24     82      0      0.00000000      1.20131235
    24     83      0      0.00000000      1.20867290
    24     84      0      0.00000000      1.30011493
    24     85      0      0.00000000      1.21486521
    24     86      0      0.00000000      1.20969990
    24     87      0      0.00000000      1.20255490
    24     88      0      0.00000000      1.22113644
    24     89      0      0.00000000      1.12962741
    24     90      0      0.00000000      1.13600266
    24     91      0      0.00000000      1.07503972
    24     92      0      0.00000000      1.16267768
    24     93      0      0.00000000      1.05669361
    24     94      0      0.00000000      1.14205977
    24     95      0      0.00000000      1.08357096
    24     96      0      0.00000000      1.18931525
    24     97      0      0.00000000      1.20493355
    24     98      0      0.00000000      1.23306818
    24     99      0      0.00000000      1.22615174
    24    100      0      0.00000000      1.20653978
    24    101      0      0.00000000      1.12130109
    24    102      0      0.00000000      1.18295889
    24    103      0      0.00000000      1.01668388
    24    104      0      0.00000000      1.04965892
    24    105      0      0.00000000      1.03428051
    24    106      0      0.00000000      1.04087687
    24    107      0      0.00000000      1.08874051
    24    108      0      0.00000000      1.14963129
    24    109      0      0.00000000      1.21730553
    24    110      0      0.00000000      1.38665300
    24    111      0      0.00000000      1.18412916
    24    112      0      0.00000000      1.22987753
    24    113      0      0.00000000      1.02805510
    24    114      0      0.00000000      1.05165863
    24    115      0      0.00000000      1.02801943
    24    116      0      0.00000000      0.96727014
    24    117      0      0.00000000      1.01159444
    24    118      0      0.00000000      1.02746912
    24    119      0      0.00000000      0.98057646
    24    120      0      0.00000000      0.96732959
    24    121      0      0.00000000      0.88970761
    24    122      0      0.00000000      0.88356878
    24    123      0      0.00000000      0.92197026
    24    124      0      0.00000000      0.87627466
    24    125      0      0.00000000      0.84654365
    24    126      0      0.00000000      0.90423169
    24    127      0      0.00000000      0.94305600
    24    128      0      0.00000000      0.94896626
    24    129      0      0.00000000      0.90623813
    24    130      0      0.00000000      0.82374262
    24    131      0      0.00000000      0.81808074
    24    132      0      0.00000000      0.80358818
    24    133      0      0.00000000      0.79142779
    24    134      0      0.00000000      0.75326657
    24    135      0      0.00000000      0.78023800
    24    136      0      0.00000000      0.90461222
    24    137      0      0.00000000      0.90973148
    24    138      0      0.00000000      0.81201273
    24    139      0      0.00000000      0.72378022
    24    140      0      0.00000000      0.80707011
    24    141      0      0.00000000      0.79314226
    24    142      0      0.00000000      0.76868073
    24    143      0      0.00000000      0.86845594
    24    144      0      0.00000000      1.00000000
    24    145      0      0.00000000      1.00000000
    24    146      0      0.00000000      1.00000000
    24    147      0      0.00000000      1.00000000
    24    148      0      0.00000000      1.00000000
    24    149      0      0.00000000      1.00000000
    24    150      0      0.00000000      1.00000000
    24    151      0      0.00000000      1.00000000
    24    152      0      0.00000000      1.00000000
    24    153      0      0.00000000      0.93440837
    24    154      0      0.00000000      0.90078384
    24    155      0      0.00000000      0.92627368
    24    156      0      0.00000000      0.91256022
    24    157      0      0.00000000      0.92532439
    24    158      0      0.00000000      0.94973948
    24    159      0      0.00000000      0.92519079
    24    160      0      0.00000000      0.90829229
    24    161      0      0.00000000      0.96223106
    24    162      0      0.00000000      0.95340095
    24    163      0      0.00000000      0.93026206
    24    164      0      0.00000000      0.91261417
    24    165      0      0.00000000      0.93916964
    24    166      0      0.00000000      0.89589766
    24    167      0      0.00000000      1.01309308
    24    168      0      0.00000000      1.02156454
    24    169      0      0.00000000      1.00577549
    24    170      0      0.00000000      1.00950596
    24    171      0      0.00000000      1.02010944
    24    172      0      0.00000000      1.01934555
    24    173      0      0.00000000      1.04750498
    24    174      0      0.00000000      1.04254328
    24    175      0      0.00000000      1.04136603
    24    176      0      0.00000000      1.01770420
    24    177      0      0.00000000      1.07603221
    24    178      0      0.00000000      1.09180109
    24    179      0      0.00000000      1.04236049
    24    180      0      0.00000000      1.06262360
    24    181      0      0.00000000      1.01667422
    24    182      0      0.00000000      1.02092834
    24    183      0      0.00000000      0.98207308
    24    184      0      0.00000000      1.02396668
    24    185      0      0.00000000      0.97221882
    24    186      0      0.00000000      0.97980804
    24    187      0      0.00000000      0.97809177
    24    188      0      0.00000000      0.91329366
    24    189      0      0.00000000      0.91644978
    24    190      0      0.00000000      0.90776436
    24    191      0      0.00000000      0.88385691
    24    192      0      0.00000000      0.85780155
    24    193      0      0.00000000      0.81452396
    24    194      0      0.00000000      0.76632153
    24    195      0      0.00000000      0.72959433
    24    196      0      0.00000000      0.78914190
    24    197      0      0.00000000      0.83547284
    24    198      0      0.00000000      0.79649260
    24    199      0      0.00000000      0.77304084
    24    200      0      0.00000000      0.76252385
    24    201      0      0.00000000      0.78380083
    24    202      0      0.00000000      0.77544494
    24    203      0      0.00000000      0.86337976
    24    204      0      0.00000000      1.03822975
    24    205      0      0.00000000      1.14926005
    25      0      0      0.00000000      1.20708085
    25      1      0      0.00000000      1.20708085
    25      2      0      0.00000000      1.11312174
    25      3      0      0.00000000      1.00718809
    25      4      0      0.00000000      0.87768334
    25      5      0      0.00000000      1.06203235
    25      6      0      0.00000000      1.14647462
    25      7      0      0.00000000      1.01542267
    25      8      0      0.00000000      1.04049217
    25      9      0      0.00000000      1.08448769
    25     10      0      0.00000000      1.08448769
    25     11      0      0.00000000      1.15251144
    25     12      0      0.00000000      1.09120931
    25     13      0      0.00000000      1.26554909
    25     14      0      0.00000000      1.30068223
    25     15      0      0.00000000      1.14430256
    25     16      0      0.00000000      1.12264868
    25     17      0      0.00000000      1.13957044
    25     18      0      0.00000000      1.13957044
    25     19      0      0.00000000      1.21305624
    25     20      0      0.00000000      1.27837367
    25     21      0      0.00000000      1.27551506
    25     22      0      0.00000000      1.21516640
    25     23      0      0.00000000      1.26476265
    25     24      0      0.00000000      1.24472249
    25     25      0      0.00000000      1.20613467
    25     26      0      0.00000000      1.17426121
    25     27      0      0.00000000      1.17335054
    25     28      0      0.00000000      1.05494320
    25     29      0      0.00000000      1.07486331
    25     30      0      0.00000000      1.02617069
    25     31      0      0.00000000      1.13521353
    25     32      0      0.00000000      1.41569322
    25     33      0      0.00000000      1.46223478
    25     34      0      0.00000000      1.15309010
    25     35      0      0.00000000      1.19896737
    25     36      0      0.00000000      1.10016847
    25     37      0      0.00000000      1.19140095
    25     38      0      0.00000000      1.03204893
    25     39      0      0.00000000      1.33398631
    25     40      0      0.00000000      1.28503816
    25     41      0      0.00000000      1.40203126
    25     42      0      0.00000000      1.26866481
    25     43      0      0.00000000      1.27453994
    25     44      0      0.00000000      1.26349943
    25     45      0      0.00000000      1.18319344
    25     46      0      0.00000000      1.30469078
    25     47      0      0.00000000      1.23570874
    25     48      0      0.00000000      1.00000000
    25     49      0      0.00000000      1.00000000
    25     50      0      0.00000000      1.00000000
    25     51      0      0.00000000      1.00000000
    25     52      0      0.00000000      1.00000000
    25     53      0      0.00000000      1.00000000
    25     54      0      0.00000000      1.00000000
    25     55      0      0.00000000      1.00000000
    25     56      0      0.00000000      1.01432652
    25     57      0      0.00000000      1.02135422
    25     58      0      0.00000000      0.96923905
    25     59      0      0.00000000      0.97225036
    25     60      0      0.00000000      1.05185971
    25     61      0      0.00000000      0.98593136
    25     62      0      0.00000000      0.96870140
    25     63      0      0.00000000      1.23607124
    25     64      0      0.00000000      1.18608707
    25     65      0      0.00000000      1.17298840
    25     66      0      0.00000000      1.19588622
    25     67      0      0.00000000      1.09470545
    25     68      0      0.00000000      1.19166290
    25     69      0      0.00000000      1.14391090
    25     70      0      0.00000000      1.17446104
    25     71      0      0.00000000      1.23024263
    25     72      0      0.00000000      1.13551510
    25     73      0      0.00000000      1.15407698
    25     74      0      0.00000000      1.22327251
    25     75      0      0.00000000      1.21439210
    25     76      0      0.00000000      1.21043574
    25     77      0      0.00000000      1.17451705
    25     78      0      0.00000000      1.17389865
    25     79      0      0.00000000      1.20258594
    25     80      0      0.00000000      1.10398146
    25     81      0      0.00000000      1.05030756
    25     82      0      0.00000000      1.07185373
    25     83      0      0.00000000      1.01030796
    25     84      0      0.00000000      1.08269813
    25     85      0      0.00000000      1.11277352
    25     86      0      0.00000000      1.17066895
    25     87      0      0.00000000      1.15176401
    25     88      0      0.00000000      1.18569005
    25     89      0      0.00000000      1.17890898
    25     90      0      0.00000000      1.19650877
    25     91      0      0.00000000      1.20226724
    25     92      0      0.00000000      1.09380877
    25     93      0      0.00000000      1.12210894
    25     94      0      0.00000000      1.14661149
    25     95      0      0.00000000      1.12718643
    25     96      0      0.00000000      1.09547588
    25     97      0      0.00000000      1.04918062
    25     98      0      0.00000000      1.11768063
    25     99      0      0.00000000      1.16431913
    25    100      0      0.00000000      1.22072399
    25    101      0      0.00000000      1.15477607
    25    102      0      0.00000000      1.17536395
    25    103      0      0.00000000      1.09137962
    25    104      0      0.00000000      1.07832850
    25    105      0      0.00000000      1.07191492
    25    106      0      0.00000000      1.05430223
    25    107      0      0.00000000      1.04969444
    25    108      0      0.00000000      1.12105042
    25    109      0      0.00000000      1.03209503
    25    110      0      0.00000000      1.15878935
    25    111      0      0.00000000      0.97938542
    25    112      0      0.00000000      0.98847202
    25    113      0      0.00000000      0.99661836
    25    114      0      0.00000000      0.97053837
    25    115      0      0.00000000      1.01353166
    25    116      0      0.00000000      1.03727271
    25    117      0      0.00000000      1.01290782
    25    118      0      0.00000000      1.02282014
    25    119      0      0.00000000      0.99795713
    25    120      0      0.00000000      1.08811455
    25    121      0      0.00000000      1.02317398
    25    122      0      0.00000000      0.99651682
    25    123      0      0.00000000      0.87791343
    25    124      0      0.00000000      0.87444145
    25    125      0      0.00000000      0.87020139
    25    126      0      0.00000000      0.85990331
    25    127      0      0.00000000      0.84418128
    25    128      0      0.00000000      0.84597849
    25    129      0      0.00000000      0.93238794
    25    130      0      0.00000000      0.99757742
    25    131      0      0.00000000      0.86261907
    25    132      0      0.00000000      0.84162173
    25    133      0      0.00000000      0.84748194
    25    134      0      0.00000000      0.87135694
    25    135      0      0.00000000      0.85583486
    25    136      0      0.00000000      0.85425653
    25    137      0      0.00000000      0.85563153
    25    138      0      0.00000000      0.98239275
    25    139      0      0.00000000      0.98763434
    25    140      0      0.00000000      0.87013285
    25    141      0      0.00000000      0.79910006
    25    142      0      0.00000000      0.86825834
    25    143      0      0.00000000      0.83396142
    25    144      0      0.00000000      0.86648172
    25    145      0      0.00000000      0.89104890
    25    146      0      0.00000000      1.00000000
    25    147      0      0.00000000      1.00000000
    25    148      0      0.00000000      1.00000000
    25    149      0      0.00000000      1.00000000
    25    150      0      0.00000000      1.00000000
    25    151      0      0.00000000      1.00000000
    25    152      0      0.00000000      1.00000000
    25    153      0      0.00000000      1.00000000
    25    154      0      0.00000000      0.89132690
    25    155      0      0.00000000      0.80372669
    25    156      0      0.00000000      0.87373204
    25    157      0      0.00000000      0.93123077
    25    158      0      0.00000000      0.97681122
    25    159      0      0.00000000      0.97679581
    25    160      0      0.00000000      1.01040994
    25    161      0      0.00000000      1.05392005
    25    162      0      0.00000000      1.02931855
    25    163      0      0.00000000      1.02376543
    25    164      0      0.00000000      1.05268257
    25    165      0      0.00000000      1.07813633
    25    166      0      0.00000000      1.06875833
    25    167      0      0.00000000      1.07604631
    25    168      0      0.00000000      1.12454071
    25    169      0      0.00000000      1.08826695
    25    170      0      0.00000000      1.09496492
    25    171      0      0.00000000      1.05950379
    25    172      0      0.00000000      1.09033905
    25    173      0      0.00000000      1.12039726
    25    174      0      0.00000000      1.11367138
    25    175      0      0.00000000      1.09947329
    25    176      0      0.00000000      1.10618695
    25    177      0      0.00000000      1.12255936
    25    178      0      0.00000000      1.12522279
    25    179      0      0.00000000      1.16224229
    25    180      0      0.00000000      1.16175748
    25    181      0      0.00000000      1.15902878
    25    182      0      0.00000000      1.16110364
    25    183      0      0.00000000      1.13700097
    25    184      0      0.00000000      1.11456519
    25    185      0      0.00000000      1.10983063
    25    186      0      0.00000000      1.12523896
    25    187      0      0.00000000      1.07756318
    25    188      0      0.00000000      1.08029846
    25    189      0      0.00000000      1.05423252
    25    190      0      0.00000000      1.03085269
    25    191      0      0.00000000      0.98683093
    25    192      0      0.00000000      0.99122241
    25    193      0      0.00000000      0.97397297
    25    194      0      0.00000000      0.94376606
    25    195      0      0.00000000      0.90429167
    25    196      0      0.00000000      0.84467423
    25    197      0      0.00000000      0.81290781
    25    198      0      0.00000000      0.85294360
    25    199      0      0.00000000      0.87724944
    25    200      0      0.00000000      1.01972113
    25    201      0      0.00000000      1.19638819
    26      0      0      0.00000000      1.16134260
    26      1      0      0.00000000      0.96208845
    26      2      0      0.00000000      0.96058049
    26      3      0      0.00000000      1.16167073
    26      4      0      0.00000000      1.31053054
    26      5      0      0.00000000      1.50842172
    26      6      0      0.00000000      1.34996413
    26      7      0      0.00000000      1.05536208
    26      8      0      0.00000000      1.05044562
    26      9      0      0.00000000      1.09789644
    26     10      0      0.00000000      1.12487849
    26     11      0      0.00000000      1.29844421
    26     12      0      0.00000000      1.38758496
    26     13      0      0.00000000      1.41188918
    26     14      0      0.00000000      1.43688573
    26     15      0      0.00000000      1.17208855
    26     16      0      0.00000000      1.27253316
    26     17      0      0.00000000      1.23701884
    26     18      0      0.00000000      1.25978606
    26     19      0      0.00000000      1.12850570
    26     20      0      0.00000000      1.17275465
    26     21      0      0.00000000      1.24144397
    26     22      0      0.00000000      1.34579330
    26     23      0      0.00000000      1.11929839
    26     24      0      0.00000000      1.07620415
    26     25      0      0.00000000      1.02198544
    26     26      0      0.00000000      1.19412092
    26     27      0      0.00000000      1.35003199
    26     28      0      0.00000000      1.48906473
    26     29      0      0.00000000      1.28091986
    26     30      0      0.00000000      1.32509663
    26     31      0      0.00000000      1.35854458
    26     32      0      0.00000000      1.28696476
    26     33      0      0.00000000      1.21118961
    26     34      0      0.00000000      1.23311364
    26     35      0      0.00000000      1.57842652
    26     36      0      0.00000000      1.28770812
    26     37      0      0.00000000      1.34409597
    26     38      0      0.00000000      1.19333675
    26     39      0      0.00000000      1.28737553
    26     40      0      0.00000000      1.10062079
    26     41      0      0.00000000      1.14326578
    26     42      0      0.00000000      1.19957236
    26     43      0      0.00000000      1.00000000
    26     44      0      0.00000000      1.00000000
    26     45      0      0.00000000      1.00000000
    26     46      0      0.00000000      1.00000000
    26     47      0      0.00000000      1.00000000
    26     48      0      0.00000000      1.00000000
    26     49      0      0.00000000      1.00000000
    26     50      0      0.00000000      1.00000000
    26     51      0      0.00000000      1.27509217
    26     52      0      0.00000000      1.10603082
    26     53      0      0.00000000      1.24271816
    26     54      0      0.00000000      1.08686863
    26     55      0      0.00000000      1.17540922
    26     56      0      0.00000000      1.15204606
    26     57      0      0.00000000      1.37962681
    26     58      0      0.00000000      1.13501892
    26     59      0      0.00000000      1.21921133
    26     60      0      0.00000000      1.12048392
    26     61      0      0.00000000      1.31555066
    26     62      0      0.00000000      1.03038749
    26     63      0      0.00000000      1.84511543
    26     64      0      0.00000000      1.68704355
    26     65      0      0.00000000      1.55762711
    26     66      0      0.00000000      0.96181529
    26     67      0      0.00000000      1.46067563
    26     68      0      0.00000000      1.06477893
    26     69      0      0.00000000      1.32790319
    26     70      0      0.00000000      1.20185928
    26     71      0      0.00000000      1.31866374
    26     72      0      0.00000000      1.13779689
    26     73      0      0.00000000      1.23050990
    26     74      0      0.00000000      1.08576436
    26     75      0      0.00000000      1.10278670
    26     76      0      0.00000000      1.12280504
    26     77      0      0.00000000      1.16164355
    26     78      0      0.00000000      1.14633003
    26     79      0      0.00000000      1.97818095
    26     80      0      0.00000000      1.19328881
    26     81      0      0.00000000      1.28509385
    26     82      0      0.00000000      1.23190676
    26     83      0      0.00000000      1.20481434
    26     84      0      0.00000000      1.21377696
    26     85      0      0.00000000      1.15128086
    26     86      0      0.00000000      1.17772073
    26     87      0      0.00000000      1.22305072
    26     88      0      0.00000000      1.14687417
    26     89      0      0.00000000      1.16696459
    26     90      0      0.00000000      1.07337028
    26     91      0      0.00000000      1.11132521
    26     92      0      0.00000000      1.13051496
    26     93      0      0.00000000      1.14226108
    26     94      0      0.00000000      1.10701434
    26     95      0      0.00000000      1.22850919
    26     96      0      0.00000000      1.10015756
    26     97      0      0.00000000      1.12134126
    26     98      0      0.00000000      1.11371758
    26     99      0      0.00000000      1.21888200
    26    100      0      0.00000000      1.09592480
    26    101      0      0.00000000      1.02389607
    26    102      0      0.00000000      1.07156628
    26    103      0      0.00000000      1.11367048
    26    104      0      0.00000000      1.15192992
    26    105      0      0.00000000      1.23525698
    26    106      0      0.00000000      1.12695987
    26    107      0      0.00000000      1.06310765
    26    108      0      0.00000000      1.06542899
    26    109      0      0.00000000      0.99294441
    26    110      0      0.00000000      1.05226140
    26    111      0      0.00000000      1.04291653
    26    112      0      0.00000000      1.02311668
    26    113      0      0.00000000      1.10615704
    26    114      0      0.00000000      1.25287666
    26    115      0      0.00000000      0.97123949
    26    116      0      0.00000000      0.97464438
    26    117      0      0.00000000      0.93459652
    26    118      0      0.00000000      1.03640368
    26    119      0      0.00000000      1.01588400
    26    120      0      0.00000000      1.02432943
    26    121      0      0.00000000      1.00665084
    26    122      0      0.00000000      1.05304501
    26    123      0      0.00000000      1.06212113
    26    124      0      0.00000000      1.03679737
    26    125      0      0.00000000      0.96439427
    26    126      0      0.00000000      0.91465704
    26    127      0      0.00000000      0.91023801
    26    128      0      0.00000000      0.95217511
    26    129      0      0.00000000      0.93833904
    26    130      0      0.00000000      0.93042321
    26    131      0      0.00000000      0.90410532
    26    132      0      0.00000000      1.05311936
    26    133      0      0.00000000      0.98975947
    26    134      0      0.00000000      0.94199226
    26    135      0      0.00000000      0.90422097
    26    136      0      0.00000000      0.91433141
    26    137      0      0.00000000      0.91092543
    26    138      0      0.00000000      0.92589330
    26    139      0      0.00000000      0.89218021
    26    140      0      0.00000000      0.96607600
    26    141      0      0.00000000      1.01108100
    26    142      0      0.00000000      1.05380457
    26    143      0      0.00000000      0.87210435
    26    144      0      0.00000000      0.80183320
    26    145      0      0.00000000      0.82980749
    26    146      0      0.00000000      0.81397186
    26    147      0      0.00000000      0.84666347
    26    148      0      0.00000000      0.92873707
    26    149      0      0.00000000      1.00000000
    26    150      0      0.00000000      1.00000000
    26    151      0      0.00000000      1.00000000
    26    152      0      0.00000000      1.00000000
    26    153      0      0.00000000      1.00000000
    26    154      0      0.00000000      1.00000000
    26    155      0      0.00000000      1.00000000
    26    156      0      0.00000000      1.00000000
    26    157      0      0.00000000      0.99119672
    26    158      0      0.00000000      0.94897046
    26    159      0      0.00000000      0.89394551
    26    160      0      0.00000000      0.91292807
    26    161      0      0.00000000      0.90632613
    26    162      0      0.00000000      0.92125384
    26    163      0      0.00000000      0.91898386
    26    164      0      0.00000000      0.96135119
    26    165      0      0.00000000      0.96266527
    26    166      0      0.00000000      1.01450364
    26    167      0      0.00000000      1.00718475
    26    168      0      0.00000000      1.02974718
    26    169      0      0.00000000      1.03490467
    26    170      0      0.00000000      1.05323343
    26    171      0      0.00000000      1.04667385
    26    172      0      0.00000000      1.08709982
    26    173      0      0.00000000      1.04603729
    26    174      0      0.00000000      1.06810918
    26    175      0      0.00000000      1.10887748
    26    176      0      0.00000000      1.11415503
    26    177      0      0.00000000      1.12047658
    26    178      0      0.00000000      1.11959986
    26    179      0      0.00000000      1.09891898
    26    180      0      0.00000000      1.11854198
    26    181      0      0.00000000      1.10702986
    26    182      0      0.00000000      0.92918092
    26    183      0      0.00000000      1.16407107
    26    184      0      0.00000000      1.13158358
    26    185      0      0.00000000      1.16849515
    26    186      0      0.00000000      1.10473241
    26    187      0      0.00000000      1.10214855
    26    188      0      0.00000000      1.11249226
    26    189      0      0.00000000      1.08214839
    26    190      0      0.00000000      1.11033988
    26    191      0      0.00000000      1.06859840
    26    192      0      0.00000000      1.03316606
    26    193      0      0.00000000      0.97120846
    26    194      0      0.00000000      0.97004546
    26    195      0      0.00000000      0.89511084
    26    196      0      0.00000000      0.93819889
    26    197      0      0.00000000      0.95225783
    26    198      0      0.00000000      0.98242522
    26    199      0      0.00000000      1.08747893
    27      0      0      0.00000000      1.28950520
    27      1      0      0.00000000      0.97406883
    27      2      0      0.00000000      1.07727801
    27      3      0      0.00000000      1.10262427
    27      4      0      0.00000000      1.18370109
    27      5      0      0.00000000      1.07928008
    27      6      0      0.00000000      1.08774795
    27      7      0      0.00000000      1.79421784
    27      8      0      0.00000000      0.96400902
    27      9      0      0.00000000      1.28221397
    27     10      0      0.00000000      1.30907068
    27     11      0      0.00000000      1.43138220
    27     12      0      0.00000000      1.23790404
    27     13      0      0.00000000      0.98516177
    27     14      0      0.00000000      1.50025654
    27     15      0      0.00000000      1.27849670
    27     16      0      0.00000000      1.19604561
    27     17      0      0.00000000      1.31729494
    27     18      0      0.00000000      1.11290094
    27     19      0      0.00000000      1.24982310
    27     20      0      0.00000000      1.52772050
    27     21      0      0.00000000      1.22129922
    27     22      0      0.00000000      1.22773750
    27     23      0      0.00000000      1.26236549
    27     24      0      0.00000000      1.24555637
    27     25      0      0.00000000      1.15402058
    27     26      0      0.00000000      1.38428240
    27     27      0      0.00000000      1.24328280
    27     28      0      0.00000000      1.15857495
    27     29      0      0.00000000      1.33131381
    27     30      0      0.00000000      1.46242846
    27     31      0      0.00000000      1.36281039
    27     32      0      0.00000000      1.23653360
    27     33      0      0.00000000      1.30083092
    27     34      0      0.00000000      1.18662770
    27     35      0      0.00000000      1.53207562
    27     36      0      0.00000000      0.86670428
    27     37      0      0.00000000      1.00000000
    27     38      0      0.00000000      1.00000000
    27     39      0      0.00000000      1.00000000
    27     40      0      0.00000000      1.00000000
    27     41      0      0.00000000      1.00000000
    27     42      0      0.00000000      1.00000000
    27     43      0      0.00000000      1.00000000
    27     44      0      0.00000000      1.00000000
    27     45      0      0.00000000      1.00000000
    27     46      0      0.00000000      0.92074316
    27     47      0      0.00000000      1.29274198
    27     48      0      0.00000000      1.13699410
    27     49      0      0.00000000      1.17051015
    27     50      0      0.00000000      1.10539740
    27     51      0      0.00000000      1.24290095
    27     52      0      0.00000000      1.16936341
    27     53      0      0.00000000      1.33620060
    27     54      0      0.00000000      1.13792887
    27     55      0      0.00000000      1.23839255
    27     56      0      0.00000000      1.19663234
    27     57      0      0.00000000      1.29675927
    27     58      0      0.00000000      1.22887236
    27     59      0      0.00000000      1.38724540
    27     60      0      0.00000000      1.24226586
    27     61      0      0.00000000      1.28156782
    27     62      0      0.00000000      1.22566741
    27     63      0      0.00000000      1.34655307
    27     64      0      0.00000000      1.23484533
    27     65      0      0.00000000      1.25761884
    27     66      0      0.00000000      0.99040536
    27     67      0      0.00000000      1.30985703
    27     68      0      0.00000000      1.12418651
    27     69      0      0.00000000      1.34147483
    27     70      0      0.00000000      1.02550509
    27     71      0      0.00000000      1.43868059
    27     72      0      0.00000000      1.02304895
    27     73      0      0.00000000      1.50523243
    27     74      0      0.00000000      1.25664914
    27     75      0      0.00000000      1.19870776
    27     76      0      0.00000000      1.18611330
    27     77      0      0.00000000      1.13934527
    27     78      0      0.00000000      1.20567877
    27     79      0      0.00000000      1.20776110
    27     80      0      0.00000000      1.17134497
    27     81      0      0.00000000      1.21370409
    27     82      0      0.00000000      1.15926197
    27     83      0      0.00000000      1.25832206
    27     84      0      0.00000000      1.27572083
    27     85      0      0.00000000      1.24287372
    27     86      0      0.00000000      1.24402403
    27     87      0      0.00000000      1.22407070
    27     88      0      0.00000000      1.15972046
    27     89      0      0.00000000      1.18395680
    27     90      0      0.00000000      1.16800938
    27     91      0      0.00000000      1.23087165
    27     92      0      0.00000000      1.13609690
    27     93      0      0.00000000      1.19063187
    27     94      0      0.00000000      1.16960184
    27     95      0      0.00000000      1.23473007
    27     96      0      0.00000000      1.18191442
    27     97      0      0.00000000      1.18641045
    27     98      0      0.00000000      1.07379196
    27     99      0      0.00000000      1.07196287
    27    100      0      0.00000000      1.05284047
    27    101      0      0.00000000      1.09547452
    27    102      0      0.00000000      1.01473472
    27    103      0      0.00000000      1.06906389
    27    104      0      0.00000000      1.03146400
    27    105      0      0.00000000      1.10078025
    27    106      0      0.00000000      1.08286540
    27    107      0      0.00000000      1.13419681
    27    108      0      0.00000000      1.07164640
    27    109      0      0.00000000      1.04188741
    27    110      0      0.00000000      0.99903608
    27    111      0      0.00000000      1.03334968
    27    112      0      0.00000000      0.99709424
    27    113      0      0.00000000      1.07096629
    27    114      0      0.00000000      0.99972690
    27    115      0      0.00000000      1.13453479
    27    116      0      0.00000000      1.18686699
    27    117      0      0.00000000      1.00411292
    27    118      0      0.00000000      0.99112309
    27    119      0      0.00000000      0.97192935
    27    120      0      0.00000000      1.08474411
    27    121      0      0.00000000      1.05314032
    27    122      0      0.00000000      1.02716005
    27    123      0      0.00000000      1.02779895
    27    124      0      0.00000000      0.98779831
    27    125      0      0.00000000      1.09200041
    27    126      0      0.00000000      1.03117870
    27    127      0      0.00000000      0.99825315
    27    128      0      0.00000000      0.94493685
    27    129      0      0.00000000      0.97777431
    27    130      0      0.00000000      0.93589798
    27    131      0      0.00000000      0.93463987
    27    132      0      0.00000000      0.89970056
    27    133      0      0.00000000      0.92658299
    27    134      0      0.00000000      1.04279265
    27    135      0      0.00000000      1.03003135
    27    136      0      0.00000000      0.91671514
    27    137      0      0.00000000      0.88582736
    27    138      0      0.00000000      0.85874886
    27    139      0      0.00000000      0.95288443
    27    140      0      0.00000000      0.89342919
    27    141      0      0.00000000      0.94548266
    27    142      0      0.00000000      0.94930684
    27    143      0      0.00000000      1.04627207
    27    144      0      0.00000000      0.97337887
    27    145      0      0.00000000      0.85237760
    27    146      0      0.00000000      0.80455197
    27    147      0      0.00000000      0.89063832
    27    148      0      0.00000000      0.72934617
    27    149      0      0.00000000      0.84331894
    27    150      0      0.00000000      1.00000000
    27    151      0      0.00000000      1.00000000
    27    152      0      0.00000000      1.00000000
    27    153      0      0.00000000      1.00000000
    27    154      0      0.00000000      1.00000000
    27    155      0      0.00000000      1.00000000
    27    156      0      0.00000000      1.00000000
    27    157      0      0.00000000      1.00000000
    27    158      0      0.00000000      1.00000000
    27    159      0      0.00000000      0.96332938
    27    160      0      0.00000000      0.92553537
    27    161      0      0.00000000      0.97234474
    27    162      0      0.00000000      0.94528987
    27    163      0      0.00000000      0.98417533
    27    164      0      0.00000000      0.94754450
    27    165      0      0.00000000      1.00275307
    27    166      0      0.00000000      0.94682333
    27    167      0      0.00000000      1.02776584
    27    168      0      0.00000000      1.00259863
    27    169      0      0.00000000      1.09315720
    27    170      0      0.00000000      1.02942687
    27    171      0      0.00000000      1.09741274
    27    172      0      0.00000000      1.03444255
    27    173      0      0.00000000      1.09612386
    27    174      0      0.00000000      1.04251297
    27    175      0      0.00000000      1.08565359
    27    176      0      0.00000000      1.03432955
    27    177      0      0.00000000      1.01757016
    27    178      0      0.00000000      0.96058524
    27    179      0      0.00000000      1.01026574
    27    180      0      0.00000000      0.96010680
    27    181      0      0.00000000      0.99445921
    27    182      0      0.00000000      0.95756134
    27    183      0      0.00000000      1.04183622
    27    184      0      0.00000000      0.99391617
    27    185      0      0.00000000      0.98821191
    27    186      0      0.00000000      0.97091188
    27    187      0      0.00000000      0.96585230
    27    188      0      0.00000000      0.91393080
    27    189      0      0.00000000      0.88470307
    27    190      0      0.00000000      0.84723416
    27    191      0      0.00000000      0.86080236
    27    192      0      0.00000000      0.77974768
    27    193      0      0.00000000      0.75296671
    27    194      0      0.00000000      0.75445406
    27    195      0      0.00000000      0.97289674
    28      0      0      0.00000000      1.06356413
    28      1      0      0.00000000      1.20034437
    28      2      0      0.00000000      1.16733895
    28      3      0      0.00000000      1.16251489
    28      4      0      0.00000000      1.16936337
    28      5      0      0.00000000      1.10549508
    28      6      0      0.00000000      1.12955618
    28      7      0      0.00000000      1.23887587
    28      8      0      0.00000000      1.28227301
    28      9      0      0.00000000      1.24160841
    28     10      0      0.00000000      1.24160841
    28     11      0      0.00000000      1.24160841
    28     12      0      0.00000000      1.20764724
    28     13      0      0.00000000      1.30112802
    28     14      0      0.00000000      1.04584431
    28     15      0      0.00000000      1.35669568
    28     16      0      0.00000000      1.35188508
    28     17      0      0.00000000      1.31622942
    28     18      0      0.00000000      1.20948654
    28     19      0      0.00000000      1.16944024
    28     20      0      0.00000000      1.24634768
    28     21      0      0.00000000      1.13543223
    28     22      0      0.00000000      1.09406296
    28     23      0      0.00000000      1.25252566
    28     24      0      0.00000000      1.00000000
    28     25      0      0.00000000      1.00000000
    28     26      0      0.00000000      1.00000000
    28     27      0      0.00000000      1.00000000
    28     28      0      0.00000000      1.00000000
    28     29      0      0.00000000      1.00000000
    28     30      0      0.00000000      1.00000000
    28     31      0      0.00000000      1.00000000
    28     32      0      0.00000000      1.00000000
    28     33      0      0.00000000      1.21203432
    28     34      0      0.00000000      1.25444336
    28     35      0      0.00000000      1.02099751
    28     36      0      0.00000000      1.28359732
    28     37      0      0.00000000      1.28974341
    28     38      0      0.00000000      1.10335656
    28     39      0      0.00000000      1.27428932
    28     40      0      0.00000000      1.18584488
    28     41      0      0.00000000      1.16442331
    28     42      0      0.00000000      1.12063605
    28     43      0      0.00000000      1.10439863
    28     44      0      0.00000000      1.19699278
    28     45      0      0.00000000      1.12238662
    28     46      0      0.00000000      1.10521648
    28     47      0      0.00000000      1.12936053
    28     48      0      0.00000000      1.16551804
    28     49      0      0.00000000      1.18994157
    28     50      0      0.00000000      1.27815568
    28     51      0      0.00000000      1.15517491
    28     52      0      0.00000000      1.22261275
    28     53      0      0.00000000      1.23606736
    28     54      0      0.00000000      1.20514164
    28     55      0      0.00000000      1.25407967
    28     56      0      0.00000000      1.24431639
    28     57      0      0.00000000      1.26682733
    28     58      0      0.00000000      1.32998064
    28     59      0      0.00000000      1.23695392
    28     60      0      0.00000000      1.18540902
    28     61      0      0.00000000      1.24068779
    28     62      0      0.00000000      1.21262330
    28     63      0      0.00000000      1.21606890
    28     64      0      0.00000000      1.19621070
    28     65      0      0.00000000      1.25387780
    28     66      0      0.00000000      1.28862765
    28     67      0      0.00000000      1.32027564
    28     68      0      0.00000000      1.25650009
    28     69      0      0.00000000      1.29488260
    28     70      0      0.00000000      1.29251813
    28     71      0      0.00000000      1.26239764
    28     72      0      0.00000000      1.17952768
    28     73      0      0.00000000      1.22859016
    28     74      0      0.00000000      1.08074502
    28     75      0      0.00000000      1.08780532
    28     76      0      0.00000000      1.20883426
    28     77      0      0.00000000      1.09464811
    28     78      0      0.00000000      1.13489085
    28     79      0      0.00000000      1.21192042
    28     80      0      0.00000000      1.27614298
    28     81      0      0.00000000      1.24754585
    28     82      0      0.00000000      1.17886579
    28     83      0      0.00000000      1.15711081
    28     84      0      0.00000000      1.10729679
    28     85      0      0.00000000      1.12392054
    28     86      0      0.00000000      1.12211367
    28     87      0      0.00000000      1.13805174
    28     88      0      0.00000000      1.13536244
    28     89      0      0.00000000      1.07245151
    28     90      0      0.00000000      1.11810286
    28     91      0      0.00000000      1.16148130
    28     92      0      0.00000000      1.09544012
    28     93      0      0.00000000      1.10851010
    28     94      0      0.00000000      1.01624654
    28     95      0      0.00000000      0.97421413
    28     96      0      0.00000000      0.99107895
    28     97      0      0.00000000      1.02169581
    28     98      0      0.00000000      1.01167051
    28     99      0      0.00000000      1.02204821
    28    100      0      0.00000000      1.05479838
    28    101      0      0.00000000      1.11306082
    28    102      0      0.00000000      1.15649689
    28    103      0      0.00000000      1.15100578
    28    104      0      0.00000000      1.09313761
    28    105      0      0.00000000      1.11925305
    28    106      0      0.00000000      1.14116114
    28    107      0      0.00000000      1.10260873
    28    108      0      0.00000000      1.12340295
    28    109      0      0.00000000      1.16766340
    28    110      0      0.00000000      1.15174746
    28    111      0      0.00000000      1.24113010
    28    112      0      0.00000000      1.30300292
    28    113      0      0.00000000      1.01702993
    28    114      0      0.00000000      1.26613647
    28    115      0      0.00000000      1.02630009
    28    116      0      0.00000000      1.03438954
    28    117      0      0.00000000      0.99531328
    28    118      0      0.00000000      0.96118018
    28    119      0      0.00000000      0.97974355
    28    120      0      0.00000000      1.01919950
    28    121      0      0.00000000      1.01487459
    28    122      0      0.00000000      0.97939401
    28    123      0      0.00000000      0.99427263
    28    124      0      0.00000000      0.98162953
    28    125      0      0.00000000      0.96184074
    28    126      0      0.00000000      1.02534795
    28    127      0      0.00000000      1.04228638
    28    128      0      0.00000000      1.01297830
    28    129      0      0.00000000      1.13138963
    28    130      0      0.00000000      1.11407644
    28    131      0      0.00000000      0.98379225
    28    132      0      0.00000000      0.94405242
    28    133      0      0.00000000      0.93978558
    28    134      0      0.00000000      0.99569558
    28    135      0      0.00000000      0.96792527
    28    136      0      0.00000000      1.00289387
    28    137      0      0.00000000      1.08157646
    28    138      0      0.00000000      1.16202367
    28    139      0      0.00000000      0.98601693
    28    140      0      0.00000000      0.90493563
    28    141      0      0.00000000      0.95245452
    28    142      0      0.00000000      0.96181914
    28    143      0      0.00000000      0.90330293
    28    144      0      0.00000000      1.04832516
    28    145      0      0.00000000      1.00000000
    28    146      0      0.00000000      1.00000000
    28    147      0      0.00000000      1.00000000
    28    148      0      0.00000000      1.00000000
    28    149      0      0.00000000      1.00000000
    28    150      0      0.00000000      1.00000000
    28    151      0      0.00000000      1.00000000
    28    152      0      0.00000000      1.00000000
    28    153      0      0.00000000      1.00000000
    28    154      0      0.00000000      0.89627976
    28    155      0      0.00000000      0.92580163
    28    156      0      0.00000000      0.94647330
    28    157      0      0.00000000      1.00188211
    28    158      0      0.00000000      1.04099755
    28    159      0      0.00000000      1.05305700
    28    160      0      0.00000000      1.10952898
    28    161      0      0.00000000      1.16593229
    28    162      0      0.00000000      1.17791387
    28    163      0      0.00000000      1.16870147
    28    164      0      0.00000000      1.19538435
    28    165      0      0.00000000      1.20790070
    28    166      0      0.00000000      1.15647493
    28    167      0      0.00000000      1.17305126
    28    168      0      0.00000000      1.19403144
    28    169      0      0.00000000      1.16955180
    28    170      0      0.00000000      1.19875194
    28    171      0      0.00000000      1.15400494
    28    172      0      0.00000000      1.18394956
    28    173      0      0.00000000      1.09297040
    28    174      0      0.00000000      1.07599387
    28    175      0      0.00000000      1.10313602
    28    176      0      0.00000000      1.06824645
    28    177      0      0.00000000      1.09828748
    29      0      0      0.00000000      1.00000000
    29      1      0      0.00000000      1.00000000
    29      2      0      0.00000000      1.00000000
    29      3      0      0.00000000      1.00000000
    29      4      0      0.00000000      1.00000000
    29      5      0      0.00000000      0.94602248
    29      6      0      0.00000000      1.16213814
    29      7      0      0.00000000      1.20950133
    29      8      0      0.00000000      0.93426181
    29      9      0      0.00000000      0.89362971
    29     10      0      0.00000000      1.11460311
    29     11      0      0.00000000      1.19437927
    29     12      0      0.00000000      1.19532796
    29     13      0      0.00000000      0.95340271
    29     14      0      0.00000000      1.14861925
    29     15      0      0.00000000      1.22016558
    29     16      0      0.00000000      1.10858187
    29     17      0      0.00000000      1.12641398
    29     18      0      0.00000000      1.16902866
    29     19      0      0.00000000      1.20924352
    29     20      0      0.00000000      1.33837407
    29     21      0      0.00000000      1.42486000
    29     22      0      0.00000000      1.24019753
    29     23      0      0.00000000      1.31303313
    29     24      0      0.00000000      1.26811870
    29     25      0      0.00000000      1.23393332
    29     26      0      0.00000000      1.19988625
    29     27      0      0.00000000      1.27115680
    29     28      0      0.00000000      1.18080856
    29     29      0      0.00000000      1.27069428
    29     30      0      0.00000000      1.23331856
    29     31      0      0.00000000      1.18756955
    29     32      0      0.00000000      1.28300983
    29     33      0      0.00000000      1.30640817
    29     34      0      0.00000000      1.25284618
    29     35      0      0.00000000      1.20619833
    29     36      0      0.00000000      1.24292380
    29     37      0      0.00000000      1.29751462
    29     38      0      0.00000000      1.20359686
    29     39      0      0.00000000      1.22908642
    29     40      0      0.00000000      1.05836709
    29     41      0      0.00000000      1.14017781
    29     42      0      0.00000000      1.13589914
    29     43      0      0.00000000      1.22669249
    29     44      0      0.00000000      1.10628150
    29     45      0      0.00000000      1.14728560
    29     46      0      0.00000000      1.25544729
    29     47      0      0.00000000      1.27568547
    29     48      0      0.00000000      1.07004568
    29     49      0      0.00000000      1.35283214
    29     50      0      0.00000000      1.35779793
    29     51      0      0.00000000      1.31476783
    29     52      0      0.00000000      1.18465331
    29     53      0      0.00000000      1.15692712
    29     54      0      0.00000000      1.20424736
    29     55      0      0.00000000      1.15332521
    29     56      0      0.00000000      1.14343765
    29     57      0      0.00000000      1.15190145
    29     58      0      0.00000000      1.12601034
    29     59      0      0.00000000      1.14708179
    29     60      0      0.00000000      1.13941019
    29     61      0      0.00000000      1.19991861
    29     62      0      0.00000000      1.14461769
    29     63      0      0.00000000      1.12697539
    29     64      0      0.00000000      1.10094000
    29     65      0      0.00000000      1.09362791
    29     66      0      0.00000000      1.06361924
    29     67      0      0.00000000      1.09160199
    29     68      0      0.00000000      1.03439207
    29     69      0      0.00000000      1.00432842
    29     70      0      0.00000000      1.00343671
    29     71      0      0.00000000      1.03312218
    29     72      0      0.00000000      1.01725042
    29     73      0      0.00000000      1.04804380
    29     74      0      0.00000000      1.04403607
    29     75      0      0.00000000      1.02167256
    29     76      0      0.00000000      1.01830191
    29     77      0      0.00000000      1.05127923
    29     78      0      0.00000000      1.00807480
    29     79      0      0.00000000      1.05164547
    29     80      0      0.00000000      1.07566588
    29     81      0      0.00000000      1.15674340
    29     82      0      0.00000000      1.12047730
    29     83      0      0.00000000      1.20660621
    29     84      0      0.00000000      1.06865371
    29     85      0      0.00000000      1.09324215
    29     86      0      0.00000000      1.02562619
    29     87      0      0.00000000      1.01657920
    29     88      0      0.00000000      0.97175322
    29     89      0      0.00000000      1.00485668
    29     90      0      0.00000000      0.98988668
    29     91      0      0.00000000      1.17247366
    29     92      0      0.00000000      1.27860656
    29     93      0      0.00000000      0.97716074
    29     94      0      0.00000000      1.13619477
    29     95      0      0.00000000      1.03192441
    29     96      0      0.00000000      0.97026383
    29     97      0      0.00000000      1.10297095
    29     98      0      0.00000000      1.04175947
    29     99      0      0.00000000      1.09659061
    29    100      0      0.00000000      1.14907354
    29    101      0      0.00000000      1.20384573
    29    102      0      0.00000000      1.04811058
    29    103      0      0.00000000      1.09119907
    29    104      0      0.00000000      1.03905243
    29    105      0      0.00000000      1.03204749
    29    106      0      0.00000000      1.02302778
    29    107      0      0.00000000      1.05506360
    29    108      0      0.00000000      1.05553633
    29    109      0      0.00000000      1.22820265
    29    110      0      0.00000000      1.09672261
    29    111      0      0.00000000      1.03161152
    29    112      0      0.00000000      0.96460939
    29    113      0      0.00000000      0.95403619
    29    114      0      0.00000000      0.94027559
    29    115      0      0.00000000      0.91410041
    29    116      0      0.00000000      0.95637143
    29    117      0      0.00000000      1.09225507
    29    118      0      0.00000000      1.10079263
    29    119      0      0.00000000      0.94700705
    29    120      0      0.00000000      0.84501565
    29    121      0      0.00000000      1.03673649
    29    122      0      0.00000000      0.84449364
    29    123      0      0.00000000      1.04162047
    29    124      0      0.00000000      1.09387233
    29    125      0      0.00000000      1.00000000
    29    126      0      0.00000000      1.00000000
    29    127      0      0.00000000      1.00000000
    29    128      0      0.00000000      1.00000000
    29    129      0      0.00000000      1.00000000
    30      0      0      0.00000000      1.21476935
    30      1      0      0.00000000      1.26017710
    30      2      0      0.00000000      1.25277518
    30      3      0      0.00000000      1.24235735
    30      4      0      0.00000000      1.14397865
    30      5      0      0.00000000      1.29585948
    30      6      0      0.00000000      1.27041626
    30      7      0      0.00000000      1.16249082
    30      8      0      0.00000000      1.25324115
    30      9      0      0.00000000      1.20555528
    30     10      0      0.00000000      1.30385987
    30     11      0      0.00000000      1.24389921
    30     12      0      0.00000000      1.14856009
    30     13      0      0.00000000      1.23427655
    30     14      0      0.00000000      1.13822399
    30     15      0      0.00000000      1.36527171
    30     16      0      0.00000000      1.32828675
    30     17      0      0.00000000      1.33029144
    30     18      0      0.00000000      1.16430625
    30     19      0      0.00000000      1.29609969
    30     20      0      0.00000000      1.22360370
    30     21      0      0.00000000      1.27173205
    30     22      0      0.00000000      1.15238883
    30     23      0      0.00000000      1.12872491
    30     24      0      0.00000000      1.13847344
    30     25      0      0.00000000      1.13125772
    30     26      0      0.00000000      1.22957446
    30     27      0      0.00000000      1.15519845
    30     28      0      0.00000000      1.14695993
    30     29      0      0.00000000      1.29667881
    30     30      0      0.00000000      1.21524941
    30     31      0      0.00000000      1.23844086
    30     32      0      0.00000000      1.31316811
    30     33      0      0.00000000      1.27575431
    30     34      0      0.00000000      1.34151695
    30     35      0      0.00000000      1.19415863
    30     36      0      0.00000000      1.20762806
    30     37      0      0.00000000      1.22199497
    30     38      0      0.00000000      1.11563457
    30     39      0      0.00000000      1.18440397
    30     40      0      0.00000000      1.22919681
    30     41      0      0.00000000      0.98207911
    30     42      0      0.00000000      1.03112755
    30     43      0      0.00000000      0.99623020
    30     44      0      0.00000000      1.00155622
    30     45      0      0.00000000      1.36089743
    30     46      0      0.00000000      1.21450495
    30     47      0      0.00000000      1.04804151
    30     48      0      0.00000000      1.13807899
    30     49      0      0.00000000      1.07360863
    30     50      0      0.00000000      1.11305887
    30     51      0      0.00000000      1.09175361
    30     52      0      0.00000000      1.11319485
    30     53      0      0.00000000      1.18693368
    30     54      0      0.00000000      1.19692459
    30     55      0      0.00000000      1.22967079
    30     56      0      0.00000000      1.12777297
    30     57      0      0.00000000      1.09353951
    30     58      0      0.00000000      1.04280374
    30     59      0      0.00000000      1.02062958
    30     60      0      0.00000000      1.02183633
    30     61      0      0.00000000      1.09941482
    30     62      0      0.00000000      1.07053112
    30     63      0      0.00000000      1.07759015
    30     64      0      0.00000000      1.11437882
    30     65      0      0.00000000      1.12907420
    30     66      0      0.00000000      1.14166846
    30     67      0      0.00000000      1.16069020
    30     68      0      0.00000000      1.09642960
    30     69      0      0.00000000      1.08018005
    30     70      0      0.00000000      1.09054428
    30     71      0      0.00000000      1.07700155
    30     72      0      0.00000000      1.02160571
    30     73      0      0.00000000      1.03529630
    30     74      0      0.00000000      1.07451238
    30     75      0      0.00000000      1.15151353
    30     76      0      0.00000000      1.10451069
    30     77      0      0.00000000      1.13948448
    30     78      0      0.00000000      1.03625881
    30     79      0      0.00000000      1.07334733
    30     80      0      0.00000000      1.05793782
    30     81      0      0.00000000      1.04484463
    30     82      0      0.00000000      1.05474315
    30     83      0      0.00000000      1.13759733
    30     84      0      0.00000000      1.16244357
    30     85      0      0.00000000      1.01374565
    30     86      0      0.00000000      0.98572206
    30     87      0      0.00000000      0.98827362
    30     88      0      0.00000000      1.10305102
    30     89      0      0.00000000      1.09618175
    30     90      0      0.00000000      1.05038526
    30     91      0      0.00000000      1.01967865
    30     92      0      0.00000000      0.99078841
    30     93      0      0.00000000      1.08393962
    30     94      0      0.00000000      1.09642497
    30     95      0      0.00000000      0.92023700
    30     96      0      0.00000000      0.90726613
    30     97      0      0.00000000      0.90680063
    30     98      0      0.00000000      0.89848273
    30     99      0      0.00000000      0.90939303
    30    100      0      0.00000000      0.86126570
    30    101      0      0.00000000      0.98803229
    30    102      0      0.00000000      1.08448737
    30    103      0      0.00000000      0.96659394
    30    104      0      0.00000000      0.89687200
    30    105      0      0.00000000      0.88444263
    30    106      0      0.00000000      0.95118483
    30    107      0      0.00000000      1.02197767
    31      0      0      0.00000000      1.22462223
    31      1      0      0.00000000      1.24325391
    31      2      0      0.00000000      1.28649506
    31      3      0      0.00000000      1.23659778
    31      4      0      0.00000000      1.29192400
    31      5      0      0.00000000      1.16583541
    31      6      0      0.00000000      1.24119867
    31      7      0      0.00000000      1.16229533
    31      8      0      0.00000000      1.12898132
    31      9      0      0.00000000      1.15827424
    31     10      0      0.00000000      1.11910919
    31     11      0      0.00000000      1.17241983
    31     12      0      0.00000000      1.25723797
    31     13      0      0.00000000      1.23976191
    31     14      0      0.00000000      1.22798801
    31     15      0      0.00000000      1.24631384
    31     16      0      0.00000000      1.24569355
    31     17      0      0.00000000      1.19935740
    31     18      0      0.00000000      1.24296098
    31     19      0      0.00000000      1.16145754
    31     20      0      0.00000000      1.17534771
    31     21      0      0.00000000      1.20911248
    31     22      0      0.00000000      1.20348588
    31     23      0      0.00000000      1.09973946
    31     24      0      0.00000000      1.19089538
    31     25      0      0.00000000      1.16812156
    31     26      0      0.00000000      1.26064546
    31     27      0      0.00000000      1.28232308
    31     28      0      0.00000000      1.27723021
    31     29      0      0.00000000      1.24334743
    31     30      0      0.00000000      1.14692523
    31     31      0      0.00000000      1.16273332
    31     32      0      0.00000000      1.19347675
    31     33      0      0.00000000      1.12161097
    31     34      0      0.00000000      1.18302520
    31     35      0      0.00000000      1.15919119
    31     36      0      0.00000000      1.17863784
    31     37      0      0.00000000      0.99231053
    31     38      0      0.00000000      0.90536945
    31     39      0      0.00000000      1.02378769
    31     40      0      0.00000000      1.03020622
    31     41      0      0.00000000      1.23225966
    31     42      0      0.00000000      1.19527326
    31     43      0      0.00000000      1.15403502
    31     44      0      0.00000000      1.18774023
    31     45      0      0.00000000      1.16050423
    31     46      0      0.00000000      1.15752995
    31     47      0      0.00000000      1.19290059
    31     48      0      0.00000000      1.17647723
    31     49      0      0.00000000      1.21605909
    31     50      0      0.00000000      1.27353783
    31     51      0      0.00000000      1.20435160
    31     52      0      0.00000000      1.19165434
    31     53      0      0.00000000      1.11845372
    31     54      0      0.00000000      1.11687969
    31     55      0      0.00000000      1.11119122
    31     56      0      0.00000000      1.10529536
    31     57      0      0.00000000      1.08351278
    31     58      0      0.00000000      1.05189584
    31     59      0      0.00000000      1.06358577
    31     60      0      0.00000000      1.10851090
    31     61      0      0.00000000      1.11330622
    31     62      0      0.00000000      0.90937672
    31     63      0      0.00000000      0.90168495
    31     64      0      0.00000000      1.03437473
    31     65      0      0.00000000      1.01065771
    31     66      0      0.00000000      1.03516390
    31     67      0      0.00000000      1.01007018
    31     68      0      0.00000000      1.04374583
    31     69      0      0.00000000      1.06487949
    31     70      0      0.00000000      1.13572867
    31     71      0      0.00000000      1.12190072
    31     72      0      0.00000000      1.08957266
    31     73      0      0.00000000      0.99196996
    31     74      0      0.00000000      0.97100186
    31     75      0      0.00000000      0.96803666
    31     76      0      0.00000000      0.94803905
    31     77      0      0.00000000      0.92174829
    31     78      0      0.00000000      0.97691555
    31     79      0      0.00000000      1.10452039
    31     80      0      0.00000000      0.97837580
    31     81      0      0.00000000      0.96969941
    31     82      0      0.00000000      0.89076817
    31     83      0      0.00000000      0.91626638
    31     84      0      0.00000000      0.94726362
    31     85      0      0.00000000      0.86527525
    31     86      0      0.00000000      0.89154252
    31     87      0      0.00000000      0.87427428
    31     88      0      0.00000000      0.99034849
    31     89      0      0.00000000      0.99468028
########################################
# TPC TDC : ct = (t-p0)*p1             #
########################################
0	0	1	84.00000000	80.00000000
0	1	1	84.00000000	80.00000000
0	2	1	84.00000000	80.00000000
0	3	1	84.00000000	80.00000000
0	4	1	84.00000000	80.00000000
0	5	1	84.00000000	80.00000000
0	6	1	84.00000000	80.00000000
0	7	1	84.00000000	80.00000000
0	8	1	84.00000000	80.00000000
0	9	1	84.00000000	80.00000000
0	10	1	84.00000000	80.00000000
0	11	1	84.00000000	80.00000000
0	12	1	84.00000000	80.00000000
0	13	1	84.00000000	80.00000000
0	14	1	84.00000000	80.00000000
0	15	1	84.00000000	80.00000000
0	16	1	84.00000000	80.00000000
0	17	1	84.00000000	80.00000000
0	18	1	84.00000000	80.00000000
0	19	1	84.00000000	80.00000000
0	20	1	84.00000000	80.00000000
0	21	1	84.00000000	80.00000000
0	22	1	84.00000000	80.00000000
0	23	1	84.00000000	80.00000000
0	24	1	84.00000000	80.00000000
0	25	1	84.00000000	80.00000000
0	26	1	84.00000000	80.00000000
0	27	1	84.00000000	80.00000000
0	28	1	84.00000000	80.00000000
0	29	1	84.00000000	80.00000000
0	30	1	84.00000000	80.00000000
0	31	1	84.00000000	80.00000000
0	32	1	84.00000000	80.00000000
0	33	1	84.00000000	80.00000000
0	34	1	84.00000000	80.00000000
0	35	1	84.00000000	80.00000000
0	36	1	84.00000000	80.00000000
0	37	1	84.00000000	80.00000000
0	38	1	84.00000000	80.00000000
0	39	1	84.00000000	80.00000000
0	40	1	84.00000000	80.00000000
0	41	1	84.00000000	80.00000000
0	42	1	84.00000000	80.00000000
0	43	1	84.00000000	80.00000000
0	44	1	84.00000000	80.00000000
0	45	1	84.00000000	80.00000000
0	46	1	84.00000000	80.00000000
0	47	1	84.00000000	80.00000000
1	0	1	84.00000000	80.00000000
1	1	1	84.00000000	80.00000000
1	2	1	84.00000000	80.00000000
1	3	1	84.00000000	80.00000000
1	4	1	84.00000000	80.00000000
1	5	1	84.00000000	80.00000000
1	6	1	84.00000000	80.00000000
1	7	1	84.00000000	80.00000000
1	8	1	84.00000000	80.00000000
1	9	1	84.00000000	80.00000000
1	10	1	84.00000000	80.00000000
1	11	1	84.00000000	80.00000000
1	12	1	84.00000000	80.00000000
1	13	1	84.00000000	80.00000000
1	14	1	84.00000000	80.00000000
1	15	1	84.00000000	80.00000000
1	16	1	84.00000000	80.00000000
1	17	1	84.00000000	80.00000000
1	18	1	84.00000000	80.00000000
1	19	1	84.00000000	80.00000000
1	20	1	84.00000000	80.00000000
1	21	1	84.00000000	80.00000000
1	22	1	84.00000000	80.00000000
1	23	1	84.00000000	80.00000000
1	24	1	84.00000000	80.00000000
1	25	1	84.00000000	80.00000000
1	26	1	84.00000000	80.00000000
1	27	1	84.00000000	80.00000000
1	28	1	84.00000000	80.00000000
1	29	1	84.00000000	80.00000000
1	30	1	84.00000000	80.00000000
1	31	1	84.00000000	80.00000000
1	32	1	84.00000000	80.00000000
1	33	1	84.00000000	80.00000000
1	34	1	84.00000000	80.00000000
1	35	1	84.00000000	80.00000000
1	36	1	84.00000000	80.00000000
1	37	1	84.00000000	80.00000000
1	38	1	84.00000000	80.00000000
1	39	1	84.00000000	80.00000000
1	40	1	84.00000000	80.00000000
1	41	1	84.00000000	80.00000000
1	42	1	84.00000000	80.00000000
1	43	1	84.00000000	80.00000000
1	44	1	84.00000000	80.00000000
1	45	1	84.00000000	80.00000000
1	46	1	84.00000000	80.00000000
1	47	1	84.00000000	80.00000000
2	0	1	84.00000000	80.00000000
2	1	1	84.00000000	80.00000000
2	2	1	84.00000000	80.00000000
2	3	1	84.00000000	80.00000000
2	4	1	84.00000000	80.00000000
2	5	1	84.00000000	80.00000000
2	6	1	84.00000000	80.00000000
2	7	1	84.00000000	80.00000000
2	8	1	84.00000000	80.00000000
2	9	1	84.00000000	80.00000000
2	10	1	84.00000000	80.00000000
2	11	1	84.00000000	80.00000000
2	12	1	84.00000000	80.00000000
2	13	1	84.00000000	80.00000000
2	14	1	84.00000000	80.00000000
2	15	1	84.00000000	80.00000000
2	16	1	84.00000000	80.00000000
2	17	1	84.00000000	80.00000000
2	18	1	84.00000000	80.00000000
2	19	1	84.00000000	80.00000000
2	20	1	84.00000000	80.00000000
2	21	1	84.00000000	80.00000000
2	22	1	84.00000000	80.00000000
2	23	1	84.00000000	80.00000000
2	24	1	84.00000000	80.00000000
2	25	1	84.00000000	80.00000000
2	26	1	84.00000000	80.00000000
2	27	1	84.00000000	80.00000000
2	28	1	84.00000000	80.00000000
2	29	1	84.00000000	80.00000000
2	30	1	84.00000000	80.00000000
2	31	1	84.00000000	80.00000000
2	32	1	84.00000000	80.00000000
2	33	1	84.00000000	80.00000000
2	34	1	84.00000000	80.00000000
2	35	1	84.00000000	80.00000000
2	36	1	84.00000000	80.00000000
2	37	1	84.00000000	80.00000000
2	38	1	84.00000000	80.00000000
2	39	1	84.00000000	80.00000000
2	40	1	84.00000000	80.00000000
2	41	1	84.00000000	80.00000000
2	42	1	84.00000000	80.00000000
2	43	1	84.00000000	80.00000000
2	44	1	84.00000000	80.00000000
2	45	1	84.00000000	80.00000000
2	46	1	84.00000000	80.00000000
2	47	1	84.00000000	80.00000000
2	48	1	84.00000000	80.00000000
2	49	1	84.00000000	80.00000000
2	50	1	84.00000000	80.00000000
2	51	1	84.00000000	80.00000000
2	52	1	84.00000000	80.00000000
2	53	1	84.00000000	80.00000000
2	54	1	84.00000000	80.00000000
2	55	1	84.00000000	80.00000000
2	56	1	84.00000000	80.00000000
2	57	1	84.00000000	80.00000000
2	58	1	84.00000000	80.00000000
2	59	1	84.00000000	80.00000000
2	60	1	84.00000000	80.00000000
2	61	1	84.00000000	80.00000000
2	62	1	84.00000000	80.00000000
2	63	1	84.00000000	80.00000000
2	64	1	84.00000000	80.00000000
2	65	1	84.00000000	80.00000000
2	66	1	84.00000000	80.00000000
2	67	1	84.00000000	80.00000000
2	68	1	84.00000000	80.00000000
2	69	1	84.00000000	80.00000000
2	70	1	84.00000000	80.00000000
2	71	1	84.00000000	80.00000000
3	0	1	84.00000000	80.00000000
3	1	1	84.00000000	80.00000000
3	2	1	84.00000000	80.00000000
3	3	1	84.00000000	80.00000000
3	4	1	84.00000000	80.00000000
3	5	1	84.00000000	80.00000000
3	6	1	84.00000000	80.00000000
3	7	1	84.00000000	80.00000000
3	8	1	84.00000000	80.00000000
3	9	1	84.00000000	80.00000000
3	10	1	84.00000000	80.00000000
3	11	1	84.00000000	80.00000000
3	12	1	84.00000000	80.00000000
3	13	1	84.00000000	80.00000000
3	14	1	84.00000000	80.00000000
3	15	1	84.00000000	80.00000000
3	16	1	84.00000000	80.00000000
3	17	1	84.00000000	80.00000000
3	18	1	84.00000000	80.00000000
3	19	1	84.00000000	80.00000000
3	20	1	84.00000000	80.00000000
3	21	1	84.00000000	80.00000000
3	22	1	84.00000000	80.00000000
3	23	1	84.00000000	80.00000000
3	24	1	84.00000000	80.00000000
3	25	1	84.00000000	80.00000000
3	26	1	84.00000000	80.00000000
3	27	1	84.00000000	80.00000000
3	28	1	84.00000000	80.00000000
3	29	1	84.00000000	80.00000000
3	30	1	84.00000000	80.00000000
3	31	1	84.00000000	80.00000000
3	32	1	84.00000000	80.00000000
3	33	1	84.00000000	80.00000000
3	34	1	84.00000000	80.00000000
3	35	1	84.00000000	80.00000000
3	36	1	84.00000000	80.00000000
3	37	1	84.00000000	80.00000000
3	38	1	84.00000000	80.00000000
3	39	1	84.00000000	80.00000000
3	40	1	84.00000000	80.00000000
3	41	1	84.00000000	80.00000000
3	42	1	84.00000000	80.00000000
3	43	1	84.00000000	80.00000000
3	44	1	84.00000000	80.00000000
3	45	1	84.00000000	80.00000000
3	46	1	84.00000000	80.00000000
3	47	1	84.00000000	80.00000000
3	48	1	84.00000000	80.00000000
3	49	1	84.00000000	80.00000000
3	50	1	84.00000000	80.00000000
3	51	1	84.00000000	80.00000000
3	52	1	84.00000000	80.00000000
3	53	1	84.00000000	80.00000000
3	54	1	84.00000000	80.00000000
3	55	1	84.00000000	80.00000000
3	56	1	84.00000000	80.00000000
3	57	1	84.00000000	80.00000000
3	58	1	84.00000000	80.00000000
3	59	1	84.00000000	80.00000000
3	60	1	84.00000000	80.00000000
3	61	1	84.00000000	80.00000000
3	62	1	84.00000000	80.00000000
3	63	1	84.00000000	80.00000000
3	64	1	84.00000000	80.00000000
3	65	1	84.00000000	80.00000000
3	66	1	84.00000000	80.00000000
3	67	1	84.00000000	80.00000000
3	68	1	84.00000000	80.00000000
3	69	1	84.00000000	80.00000000
3	70	1	84.00000000	80.00000000
3	71	1	84.00000000	80.00000000
3	72	1	84.00000000	80.00000000
3	73	1	84.00000000	80.00000000
3	74	1	84.00000000	80.00000000
3	75	1	84.00000000	80.00000000
3	76	1	84.00000000	80.00000000
3	77	1	84.00000000	80.00000000
3	78	1	84.00000000	80.00000000
3	79	1	84.00000000	80.00000000
3	80	1	84.00000000	80.00000000
3	81	1	84.00000000	80.00000000
3	82	1	84.00000000	80.00000000
3	83	1	84.00000000	80.00000000
3	84	1	84.00000000	80.00000000
3	85	1	84.00000000	80.00000000
3	86	1	84.00000000	80.00000000
3	87	1	84.00000000	80.00000000
3	88	1	84.00000000	80.00000000
3	89	1	84.00000000	80.00000000
3	90	1	84.00000000	80.00000000
3	91	1	84.00000000	80.00000000
3	92	1	84.00000000	80.00000000
3	93	1	84.00000000	80.00000000
3	94	1	84.00000000	80.00000000
3	95	1	84.00000000	80.00000000
4	0	1	84.00000000	80.00000000
4	1	1	84.00000000	80.00000000
4	2	1	84.00000000	80.00000000
4	3	1	84.00000000	80.00000000
4	4	1	84.00000000	80.00000000
4	5	1	84.00000000	80.00000000
4	6	1	84.00000000	80.00000000
4	7	1	84.00000000	80.00000000
4	8	1	84.00000000	80.00000000
4	9	1	84.00000000	80.00000000
4	10	1	84.00000000	80.00000000
4	11	1	84.00000000	80.00000000
4	12	1	84.00000000	80.00000000
4	13	1	84.00000000	80.00000000
4	14	1	84.00000000	80.00000000
4	15	1	84.00000000	80.00000000
4	16	1	84.00000000	80.00000000
4	17	1	84.00000000	80.00000000
4	18	1	84.00000000	80.00000000
4	19	1	84.00000000	80.00000000
4	20	1	84.00000000	80.00000000
4	21	1	84.00000000	80.00000000
4	22	1	84.00000000	80.00000000
4	23	1	84.00000000	80.00000000
4	24	1	84.00000000	80.00000000
4	25	1	84.00000000	80.00000000
4	26	1	84.00000000	80.00000000
4	27	1	84.00000000	80.00000000
4	28	1	84.00000000	80.00000000
4	29	1	84.00000000	80.00000000
4	30	1	84.00000000	80.00000000
4	31	1	84.00000000	80.00000000
4	32	1	84.00000000	80.00000000
4	33	1	84.00000000	80.00000000
4	34	1	84.00000000	80.00000000
4	35	1	84.00000000	80.00000000
4	36	1	84.00000000	80.00000000
4	37	1	84.00000000	80.00000000
4	38	1	84.00000000	80.00000000
4	39	1	84.00000000	80.00000000
4	40	1	84.00000000	80.00000000
4	41	1	84.00000000	80.00000000
4	42	1	84.00000000	80.00000000
4	43	1	84.00000000	80.00000000
4	44	1	84.00000000	80.00000000
4	45	1	84.00000000	80.00000000
4	46	1	84.00000000	80.00000000
4	47	1	84.00000000	80.00000000
4	48	1	84.00000000	80.00000000
4	49	1	84.00000000	80.00000000
4	50	1	84.00000000	80.00000000
4	51	1	84.00000000	80.00000000
4	52	1	84.00000000	80.00000000
4	53	1	84.00000000	80.00000000
4	54	1	84.00000000	80.00000000
4	55	1	84.00000000	80.00000000
4	56	1	84.00000000	80.00000000
4	57	1	84.00000000	80.00000000
4	58	1	84.00000000	80.00000000
4	59	1	84.00000000	80.00000000
4	60	1	84.00000000	80.00000000
4	61	1	84.00000000	80.00000000
4	62	1	84.00000000	80.00000000
4	63	1	84.00000000	80.00000000
4	64	1	84.00000000	80.00000000
4	65	1	84.00000000	80.00000000
4	66	1	84.00000000	80.00000000
4	67	1	84.00000000	80.00000000
4	68	1	84.00000000	80.00000000
4	69	1	84.00000000	80.00000000
4	70	1	84.00000000	80.00000000
4	71	1	84.00000000	80.00000000
4	72	1	84.00000000	80.00000000
4	73	1	84.00000000	80.00000000
4	74	1	84.00000000	80.00000000
4	75	1	84.00000000	80.00000000
4	76	1	84.00000000	80.00000000
4	77	1	84.00000000	80.00000000
4	78	1	84.00000000	80.00000000
4	79	1	84.00000000	80.00000000
4	80	1	84.00000000	80.00000000
4	81	1	84.00000000	80.00000000
4	82	1	84.00000000	80.00000000
4	83	1	84.00000000	80.00000000
4	84	1	84.00000000	80.00000000
4	85	1	84.00000000	80.00000000
4	86	1	84.00000000	80.00000000
4	87	1	84.00000000	80.00000000
4	88	1	84.00000000	80.00000000
4	89	1	84.00000000	80.00000000
4	90	1	84.00000000	80.00000000
4	91	1	84.00000000	80.00000000
4	92	1	84.00000000	80.00000000
4	93	1	84.00000000	80.00000000
4	94	1	84.00000000	80.00000000
4	95	1	84.00000000	80.00000000
4	96	1	84.00000000	80.00000000
4	97	1	84.00000000	80.00000000
4	98	1	84.00000000	80.00000000
4	99	1	84.00000000	80.00000000
4	100	1	84.00000000	80.00000000
4	101	1	84.00000000	80.00000000
4	102	1	84.00000000	80.00000000
4	103	1	84.00000000	80.00000000
4	104	1	84.00000000	80.00000000
4	105	1	84.00000000	80.00000000
4	106	1	84.00000000	80.00000000
4	107	1	84.00000000	80.00000000
4	108	1	84.00000000	80.00000000
4	109	1	84.00000000	80.00000000
4	110	1	84.00000000	80.00000000
4	111	1	84.00000000	80.00000000
4	112	1	84.00000000	80.00000000
4	113	1	84.00000000	80.00000000
4	114	1	84.00000000	80.00000000
4	115	1	84.00000000	80.00000000
4	116	1	84.00000000	80.00000000
4	117	1	84.00000000	80.00000000
4	118	1	84.00000000	80.00000000
4	119	1	84.00000000	80.00000000
5	0	1	84.00000000	80.00000000
5	1	1	84.00000000	80.00000000
5	2	1	84.00000000	80.00000000
5	3	1	84.00000000	80.00000000
5	4	1	84.00000000	80.00000000
5	5	1	84.00000000	80.00000000
5	6	1	84.00000000	80.00000000
5	7	1	84.00000000	80.00000000
5	8	1	84.00000000	80.00000000
5	9	1	84.00000000	80.00000000
5	10	1	84.00000000	80.00000000
5	11	1	84.00000000	80.00000000
5	12	1	84.00000000	80.00000000
5	13	1	84.00000000	80.00000000
5	14	1	84.00000000	80.00000000
5	15	1	84.00000000	80.00000000
5	16	1	84.00000000	80.00000000
5	17	1	84.00000000	80.00000000
5	18	1	84.00000000	80.00000000
5	19	1	84.00000000	80.00000000
5	20	1	84.00000000	80.00000000
5	21	1	84.00000000	80.00000000
5	22	1	84.00000000	80.00000000
5	23	1	84.00000000	80.00000000
5	24	1	84.00000000	80.00000000
5	25	1	84.00000000	80.00000000
5	26	1	84.00000000	80.00000000
5	27	1	84.00000000	80.00000000
5	28	1	84.00000000	80.00000000
5	29	1	84.00000000	80.00000000
5	30	1	84.00000000	80.00000000
5	31	1	84.00000000	80.00000000
5	32	1	84.00000000	80.00000000
5	33	1	84.00000000	80.00000000
5	34	1	84.00000000	80.00000000
5	35	1	84.00000000	80.00000000
5	36	1	84.00000000	80.00000000
5	37	1	84.00000000	80.00000000
5	38	1	84.00000000	80.00000000
5	39	1	84.00000000	80.00000000
5	40	1	84.00000000	80.00000000
5	41	1	84.00000000	80.00000000
5	42	1	84.00000000	80.00000000
5	43	1	84.00000000	80.00000000
5	44	1	84.00000000	80.00000000
5	45	1	84.00000000	80.00000000
5	46	1	84.00000000	80.00000000
5	47	1	84.00000000	80.00000000
5	48	1	84.00000000	80.00000000
5	49	1	84.00000000	80.00000000
5	50	1	84.00000000	80.00000000
5	51	1	84.00000000	80.00000000
5	52	1	84.00000000	80.00000000
5	53	1	84.00000000	80.00000000
5	54	1	84.00000000	80.00000000
5	55	1	84.00000000	80.00000000
5	56	1	84.00000000	80.00000000
5	57	1	84.00000000	80.00000000
5	58	1	84.00000000	80.00000000
5	59	1	84.00000000	80.00000000
5	60	1	84.00000000	80.00000000
5	61	1	84.00000000	80.00000000
5	62	1	84.00000000	80.00000000
5	63	1	84.00000000	80.00000000
5	64	1	84.00000000	80.00000000
5	65	1	84.00000000	80.00000000
5	66	1	84.00000000	80.00000000
5	67	1	84.00000000	80.00000000
5	68	1	84.00000000	80.00000000
5	69	1	84.00000000	80.00000000
5	70	1	84.00000000	80.00000000
5	71	1	84.00000000	80.00000000
5	72	1	84.00000000	80.00000000
5	73	1	84.00000000	80.00000000
5	74	1	84.00000000	80.00000000
5	75	1	84.00000000	80.00000000
5	76	1	84.00000000	80.00000000
5	77	1	84.00000000	80.00000000
5	78	1	84.00000000	80.00000000
5	79	1	84.00000000	80.00000000
5	80	1	84.00000000	80.00000000
5	81	1	84.00000000	80.00000000
5	82	1	84.00000000	80.00000000
5	83	1	84.00000000	80.00000000
5	84	1	84.00000000	80.00000000
5	85	1	84.00000000	80.00000000
5	86	1	84.00000000	80.00000000
5	87	1	84.00000000	80.00000000
5	88	1	84.00000000	80.00000000
5	89	1	84.00000000	80.00000000
5	90	1	84.00000000	80.00000000
5	91	1	84.00000000	80.00000000
5	92	1	84.00000000	80.00000000
5	93	1	84.00000000	80.00000000
5	94	1	84.00000000	80.00000000
5	95	1	84.00000000	80.00000000
5	96	1	84.00000000	80.00000000
5	97	1	84.00000000	80.00000000
5	98	1	84.00000000	80.00000000
5	99	1	84.00000000	80.00000000
5	100	1	84.00000000	80.00000000
5	101	1	84.00000000	80.00000000
5	102	1	84.00000000	80.00000000
5	103	1	84.00000000	80.00000000
5	104	1	84.00000000	80.00000000
5	105	1	84.00000000	80.00000000
5	106	1	84.00000000	80.00000000
5	107	1	84.00000000	80.00000000
5	108	1	84.00000000	80.00000000
5	109	1	84.00000000	80.00000000
5	110	1	84.00000000	80.00000000
5	111	1	84.00000000	80.00000000
5	112	1	84.00000000	80.00000000
5	113	1	84.00000000	80.00000000
5	114	1	84.00000000	80.00000000
5	115	1	84.00000000	80.00000000
5	116	1	84.00000000	80.00000000
5	117	1	84.00000000	80.00000000
5	118	1	84.00000000	80.00000000
5	119	1	84.00000000	80.00000000
5	120	1	84.00000000	80.00000000
5	121	1	84.00000000	80.00000000
5	122	1	84.00000000	80.00000000
5	123	1	84.00000000	80.00000000
5	124	1	84.00000000	80.00000000
5	125	1	84.00000000	80.00000000
5	126	1	84.00000000	80.00000000
5	127	1	84.00000000	80.00000000
5	128	1	84.00000000	80.00000000
5	129	1	84.00000000	80.00000000
5	130	1	84.00000000	80.00000000
5	131	1	84.00000000	80.00000000
5	132	1	84.00000000	80.00000000
5	133	1	84.00000000	80.00000000
5	134	1	84.00000000	80.00000000
5	135	1	84.00000000	80.00000000
5	136	1	84.00000000	80.00000000
5	137	1	84.00000000	80.00000000
5	138	1	84.00000000	80.00000000
5	139	1	84.00000000	80.00000000
5	140	1	84.00000000	80.00000000
5	141	1	84.00000000	80.00000000
5	142	1	84.00000000	80.00000000
5	143	1	84.00000000	80.00000000
6	0	1	84.00000000	80.00000000
6	1	1	84.00000000	80.00000000
6	2	1	84.00000000	80.00000000
6	3	1	84.00000000	80.00000000
6	4	1	84.00000000	80.00000000
6	5	1	84.00000000	80.00000000
6	6	1	84.00000000	80.00000000
6	7	1	84.00000000	80.00000000
6	8	1	84.00000000	80.00000000
6	9	1	84.00000000	80.00000000
6	10	1	84.00000000	80.00000000
6	11	1	84.00000000	80.00000000
6	12	1	84.00000000	80.00000000
6	13	1	84.00000000	80.00000000
6	14	1	84.00000000	80.00000000
6	15	1	84.00000000	80.00000000
6	16	1	84.00000000	80.00000000
6	17	1	84.00000000	80.00000000
6	18	1	84.00000000	80.00000000
6	19	1	84.00000000	80.00000000
6	20	1	84.00000000	80.00000000
6	21	1	84.00000000	80.00000000
6	22	1	84.00000000	80.00000000
6	23	1	84.00000000	80.00000000
6	24	1	84.00000000	80.00000000
6	25	1	84.00000000	80.00000000
6	26	1	84.00000000	80.00000000
6	27	1	84.00000000	80.00000000
6	28	1	84.00000000	80.00000000
6	29	1	84.00000000	80.00000000
6	30	1	84.00000000	80.00000000
6	31	1	84.00000000	80.00000000
6	32	1	84.00000000	80.00000000
6	33	1	84.00000000	80.00000000
6	34	1	84.00000000	80.00000000
6	35	1	84.00000000	80.00000000
6	36	1	84.00000000	80.00000000
6	37	1	84.00000000	80.00000000
6	38	1	84.00000000	80.00000000
6	39	1	84.00000000	80.00000000
6	40	1	84.00000000	80.00000000
6	41	1	84.00000000	80.00000000
6	42	1	84.00000000	80.00000000
6	43	1	84.00000000	80.00000000
6	44	1	84.00000000	80.00000000
6	45	1	84.00000000	80.00000000
6	46	1	84.00000000	80.00000000
6	47	1	84.00000000	80.00000000
6	48	1	84.00000000	80.00000000
6	49	1	84.00000000	80.00000000
6	50	1	84.00000000	80.00000000
6	51	1	84.00000000	80.00000000
6	52	1	84.00000000	80.00000000
6	53	1	84.00000000	80.00000000
6	54	1	84.00000000	80.00000000
6	55	1	84.00000000	80.00000000
6	56	1	84.00000000	80.00000000
6	57	1	84.00000000	80.00000000
6	58	1	84.00000000	80.00000000
6	59	1	84.00000000	80.00000000
6	60	1	84.00000000	80.00000000
6	61	1	84.00000000	80.00000000
6	62	1	84.00000000	80.00000000
6	63	1	84.00000000	80.00000000
6	64	1	84.00000000	80.00000000
6	65	1	84.00000000	80.00000000
6	66	1	84.00000000	80.00000000
6	67	1	84.00000000	80.00000000
6	68	1	84.00000000	80.00000000
6	69	1	84.00000000	80.00000000
6	70	1	84.00000000	80.00000000
6	71	1	84.00000000	80.00000000
6	72	1	84.00000000	80.00000000
6	73	1	84.00000000	80.00000000
6	74	1	84.00000000	80.00000000
6	75	1	84.00000000	80.00000000
6	76	1	84.00000000	80.00000000
6	77	1	84.00000000	80.00000000
6	78	1	84.00000000	80.00000000
6	79	1	84.00000000	80.00000000
6	80	1	84.00000000	80.00000000
6	81	1	84.00000000	80.00000000
6	82	1	84.00000000	80.00000000
6	83	1	84.00000000	80.00000000
6	84	1	84.00000000	80.00000000
6	85	1	84.00000000	80.00000000
6	86	1	84.00000000	80.00000000
6	87	1	84.00000000	80.00000000
6	88	1	84.00000000	80.00000000
6	89	1	84.00000000	80.00000000
6	90	1	84.00000000	80.00000000
6	91	1	84.00000000	80.00000000
6	92	1	84.00000000	80.00000000
6	93	1	84.00000000	80.00000000
6	94	1	84.00000000	80.00000000
6	95	1	84.00000000	80.00000000
6	96	1	84.00000000	80.00000000
6	97	1	84.00000000	80.00000000
6	98	1	84.00000000	80.00000000
6	99	1	84.00000000	80.00000000
6	100	1	84.00000000	80.00000000
6	101	1	84.00000000	80.00000000
6	102	1	84.00000000	80.00000000
6	103	1	84.00000000	80.00000000
6	104	1	84.00000000	80.00000000
6	105	1	84.00000000	80.00000000
6	106	1	84.00000000	80.00000000
6	107	1	84.00000000	80.00000000
6	108	1	84.00000000	80.00000000
6	109	1	84.00000000	80.00000000
6	110	1	84.00000000	80.00000000
6	111	1	84.00000000	80.00000000
6	112	1	84.00000000	80.00000000
6	113	1	84.00000000	80.00000000
6	114	1	84.00000000	80.00000000
6	115	1	84.00000000	80.00000000
6	116	1	84.00000000	80.00000000
6	117	1	84.00000000	80.00000000
6	118	1	84.00000000	80.00000000
6	119	1	84.00000000	80.00000000
6	120	1	84.00000000	80.00000000
6	121	1	84.00000000	80.00000000
6	122	1	84.00000000	80.00000000
6	123	1	84.00000000	80.00000000
6	124	1	84.00000000	80.00000000
6	125	1	84.00000000	80.00000000
6	126	1	84.00000000	80.00000000
6	127	1	84.00000000	80.00000000
6	128	1	84.00000000	80.00000000
6	129	1	84.00000000	80.00000000
6	130	1	84.00000000	80.00000000
6	131	1	84.00000000	80.00000000
6	132	1	84.00000000	80.00000000
6	133	1	84.00000000	80.00000000
6	134	1	84.00000000	80.00000000
6	135	1	84.00000000	80.00000000
6	136	1	84.00000000	80.00000000
6	137	1	84.00000000	80.00000000
6	138	1	84.00000000	80.00000000
6	139	1	84.00000000	80.00000000
6	140	1	84.00000000	80.00000000
6	141	1	84.00000000	80.00000000
6	142	1	84.00000000	80.00000000
6	143	1	84.00000000	80.00000000
6	144	1	84.00000000	80.00000000
6	145	1	84.00000000	80.00000000
6	146	1	84.00000000	80.00000000
6	147	1	84.00000000	80.00000000
6	148	1	84.00000000	80.00000000
6	149	1	84.00000000	80.00000000
6	150	1	84.00000000	80.00000000
6	151	1	84.00000000	80.00000000
6	152	1	84.00000000	80.00000000
6	153	1	84.00000000	80.00000000
6	154	1	84.00000000	80.00000000
6	155	1	84.00000000	80.00000000
6	156	1	84.00000000	80.00000000
6	157	1	84.00000000	80.00000000
6	158	1	84.00000000	80.00000000
6	159	1	84.00000000	80.00000000
6	160	1	84.00000000	80.00000000
6	161	1	84.00000000	80.00000000
6	162	1	84.00000000	80.00000000
6	163	1	84.00000000	80.00000000
6	164	1	84.00000000	80.00000000
6	165	1	84.00000000	80.00000000
6	166	1	84.00000000	80.00000000
6	167	1	84.00000000	80.00000000
7	0	1	84.00000000	80.00000000
7	1	1	84.00000000	80.00000000
7	2	1	84.00000000	80.00000000
7	3	1	84.00000000	80.00000000
7	4	1	84.00000000	80.00000000
7	5	1	84.00000000	80.00000000
7	6	1	84.00000000	80.00000000
7	7	1	84.00000000	80.00000000
7	8	1	84.00000000	80.00000000
7	9	1	84.00000000	80.00000000
7	10	1	84.00000000	80.00000000
7	11	1	84.00000000	80.00000000
7	12	1	84.00000000	80.00000000
7	13	1	84.00000000	80.00000000
7	14	1	84.00000000	80.00000000
7	15	1	84.00000000	80.00000000
7	16	1	84.00000000	80.00000000
7	17	1	84.00000000	80.00000000
7	18	1	84.00000000	80.00000000
7	19	1	84.00000000	80.00000000
7	20	1	84.00000000	80.00000000
7	21	1	84.00000000	80.00000000
7	22	1	84.00000000	80.00000000
7	23	1	84.00000000	80.00000000
7	24	1	84.00000000	80.00000000
7	25	1	84.00000000	80.00000000
7	26	1	84.00000000	80.00000000
7	27	1	84.00000000	80.00000000
7	28	1	84.00000000	80.00000000
7	29	1	84.00000000	80.00000000
7	30	1	84.00000000	80.00000000
7	31	1	84.00000000	80.00000000
7	32	1	84.00000000	80.00000000
7	33	1	84.00000000	80.00000000
7	34	1	84.00000000	80.00000000
7	35	1	84.00000000	80.00000000
7	36	1	84.00000000	80.00000000
7	37	1	84.00000000	80.00000000
7	38	1	84.00000000	80.00000000
7	39	1	84.00000000	80.00000000
7	40	1	84.00000000	80.00000000
7	41	1	84.00000000	80.00000000
7	42	1	84.00000000	80.00000000
7	43	1	84.00000000	80.00000000
7	44	1	84.00000000	80.00000000
7	45	1	84.00000000	80.00000000
7	46	1	84.00000000	80.00000000
7	47	1	84.00000000	80.00000000
7	48	1	84.00000000	80.00000000
7	49	1	84.00000000	80.00000000
7	50	1	84.00000000	80.00000000
7	51	1	84.00000000	80.00000000
7	52	1	84.00000000	80.00000000
7	53	1	84.00000000	80.00000000
7	54	1	84.00000000	80.00000000
7	55	1	84.00000000	80.00000000
7	56	1	84.00000000	80.00000000
7	57	1	84.00000000	80.00000000
7	58	1	84.00000000	80.00000000
7	59	1	84.00000000	80.00000000
7	60	1	84.00000000	80.00000000
7	61	1	84.00000000	80.00000000
7	62	1	84.00000000	80.00000000
7	63	1	84.00000000	80.00000000
7	64	1	84.00000000	80.00000000
7	65	1	84.00000000	80.00000000
7	66	1	84.00000000	80.00000000
7	67	1	84.00000000	80.00000000
7	68	1	84.00000000	80.00000000
7	69	1	84.00000000	80.00000000
7	70	1	84.00000000	80.00000000
7	71	1	84.00000000	80.00000000
7	72	1	84.00000000	80.00000000
7	73	1	84.00000000	80.00000000
7	74	1	84.00000000	80.00000000
7	75	1	84.00000000	80.00000000
7	76	1	84.00000000	80.00000000
7	77	1	84.00000000	80.00000000
7	78	1	84.00000000	80.00000000
7	79	1	84.00000000	80.00000000
7	80	1	84.00000000	80.00000000
7	81	1	84.00000000	80.00000000
7	82	1	84.00000000	80.00000000
7	83	1	84.00000000	80.00000000
7	84	1	84.00000000	80.00000000
7	85	1	84.00000000	80.00000000
7	86	1	84.00000000	80.00000000
7	87	1	84.00000000	80.00000000
7	88	1	84.00000000	80.00000000
7	89	1	84.00000000	80.00000000
7	90	1	84.00000000	80.00000000
7	91	1	84.00000000	80.00000000
7	92	1	84.00000000	80.00000000
7	93	1	84.00000000	80.00000000
7	94	1	84.00000000	80.00000000
7	95	1	84.00000000	80.00000000
7	96	1	84.00000000	80.00000000
7	97	1	84.00000000	80.00000000
7	98	1	84.00000000	80.00000000
7	99	1	84.00000000	80.00000000
7	100	1	84.00000000	80.00000000
7	101	1	84.00000000	80.00000000
7	102	1	84.00000000	80.00000000
7	103	1	84.00000000	80.00000000
7	104	1	84.00000000	80.00000000
7	105	1	84.00000000	80.00000000
7	106	1	84.00000000	80.00000000
7	107	1	84.00000000	80.00000000
7	108	1	84.00000000	80.00000000
7	109	1	84.00000000	80.00000000
7	110	1	84.00000000	80.00000000
7	111	1	84.00000000	80.00000000
7	112	1	84.00000000	80.00000000
7	113	1	84.00000000	80.00000000
7	114	1	84.00000000	80.00000000
7	115	1	84.00000000	80.00000000
7	116	1	84.00000000	80.00000000
7	117	1	84.00000000	80.00000000
7	118	1	84.00000000	80.00000000
7	119	1	84.00000000	80.00000000
7	120	1	84.00000000	80.00000000
7	121	1	84.00000000	80.00000000
7	122	1	84.00000000	80.00000000
7	123	1	84.00000000	80.00000000
7	124	1	84.00000000	80.00000000
7	125	1	84.00000000	80.00000000
7	126	1	84.00000000	80.00000000
7	127	1	84.00000000	80.00000000
7	128	1	84.00000000	80.00000000
7	129	1	84.00000000	80.00000000
7	130	1	84.00000000	80.00000000
7	131	1	84.00000000	80.00000000
7	132	1	84.00000000	80.00000000
7	133	1	84.00000000	80.00000000
7	134	1	84.00000000	80.00000000
7	135	1	84.00000000	80.00000000
7	136	1	84.00000000	80.00000000
7	137	1	84.00000000	80.00000000
7	138	1	84.00000000	80.00000000
7	139	1	84.00000000	80.00000000
7	140	1	84.00000000	80.00000000
7	141	1	84.00000000	80.00000000
7	142	1	84.00000000	80.00000000
7	143	1	84.00000000	80.00000000
7	144	1	84.00000000	80.00000000
7	145	1	84.00000000	80.00000000
7	146	1	84.00000000	80.00000000
7	147	1	84.00000000	80.00000000
7	148	1	84.00000000	80.00000000
7	149	1	84.00000000	80.00000000
7	150	1	84.00000000	80.00000000
7	151	1	84.00000000	80.00000000
7	152	1	84.00000000	80.00000000
7	153	1	84.00000000	80.00000000
7	154	1	84.00000000	80.00000000
7	155	1	84.00000000	80.00000000
7	156	1	84.00000000	80.00000000
7	157	1	84.00000000	80.00000000
7	158	1	84.00000000	80.00000000
7	159	1	84.00000000	80.00000000
7	160	1	84.00000000	80.00000000
7	161	1	84.00000000	80.00000000
7	162	1	84.00000000	80.00000000
7	163	1	84.00000000	80.00000000
7	164	1	84.00000000	80.00000000
7	165	1	84.00000000	80.00000000
7	166	1	84.00000000	80.00000000
7	167	1	84.00000000	80.00000000
7	168	1	84.00000000	80.00000000
7	169	1	84.00000000	80.00000000
7	170	1	84.00000000	80.00000000
7	171	1	84.00000000	80.00000000
7	172	1	84.00000000	80.00000000
7	173	1	84.00000000	80.00000000
7	174	1	84.00000000	80.00000000
7	175	1	84.00000000	80.00000000
7	176	1	84.00000000	80.00000000
7	177	1	84.00000000	80.00000000
7	178	1	84.00000000	80.00000000
7	179	1	84.00000000	80.00000000
7	180	1	84.00000000	80.00000000
7	181	1	84.00000000	80.00000000
7	182	1	84.00000000	80.00000000
7	183	1	84.00000000	80.00000000
7	184	1	84.00000000	80.00000000
7	185	1	84.00000000	80.00000000
7	186	1	84.00000000	80.00000000
7	187	1	84.00000000	80.00000000
7	188	1	84.00000000	80.00000000
7	189	1	84.00000000	80.00000000
7	190	1	84.00000000	80.00000000
7	191	1	84.00000000	80.00000000
8	0	1	84.00000000	80.00000000
8	1	1	84.00000000	80.00000000
8	2	1	84.00000000	80.00000000
8	3	1	84.00000000	80.00000000
8	4	1	84.00000000	80.00000000
8	5	1	84.00000000	80.00000000
8	6	1	84.00000000	80.00000000
8	7	1	84.00000000	80.00000000
8	8	1	84.00000000	80.00000000
8	9	1	84.00000000	80.00000000
8	10	1	84.00000000	80.00000000
8	11	1	84.00000000	80.00000000
8	12	1	84.00000000	80.00000000
8	13	1	84.00000000	80.00000000
8	14	1	84.00000000	80.00000000
8	15	1	84.00000000	80.00000000
8	16	1	84.00000000	80.00000000
8	17	1	84.00000000	80.00000000
8	18	1	84.00000000	80.00000000
8	19	1	84.00000000	80.00000000
8	20	1	84.00000000	80.00000000
8	21	1	84.00000000	80.00000000
8	22	1	84.00000000	80.00000000
8	23	1	84.00000000	80.00000000
8	24	1	84.00000000	80.00000000
8	25	1	84.00000000	80.00000000
8	26	1	84.00000000	80.00000000
8	27	1	84.00000000	80.00000000
8	28	1	84.00000000	80.00000000
8	29	1	84.00000000	80.00000000
8	30	1	84.00000000	80.00000000
8	31	1	84.00000000	80.00000000
8	32	1	84.00000000	80.00000000
8	33	1	84.00000000	80.00000000
8	34	1	84.00000000	80.00000000
8	35	1	84.00000000	80.00000000
8	36	1	84.00000000	80.00000000
8	37	1	84.00000000	80.00000000
8	38	1	84.00000000	80.00000000
8	39	1	84.00000000	80.00000000
8	40	1	84.00000000	80.00000000
8	41	1	84.00000000	80.00000000
8	42	1	84.00000000	80.00000000
8	43	1	84.00000000	80.00000000
8	44	1	84.00000000	80.00000000
8	45	1	84.00000000	80.00000000
8	46	1	84.00000000	80.00000000
8	47	1	84.00000000	80.00000000
8	48	1	84.00000000	80.00000000
8	49	1	84.00000000	80.00000000
8	50	1	84.00000000	80.00000000
8	51	1	84.00000000	80.00000000
8	52	1	84.00000000	80.00000000
8	53	1	84.00000000	80.00000000
8	54	1	84.00000000	80.00000000
8	55	1	84.00000000	80.00000000
8	56	1	84.00000000	80.00000000
8	57	1	84.00000000	80.00000000
8	58	1	84.00000000	80.00000000
8	59	1	84.00000000	80.00000000
8	60	1	84.00000000	80.00000000
8	61	1	84.00000000	80.00000000
8	62	1	84.00000000	80.00000000
8	63	1	84.00000000	80.00000000
8	64	1	84.00000000	80.00000000
8	65	1	84.00000000	80.00000000
8	66	1	84.00000000	80.00000000
8	67	1	84.00000000	80.00000000
8	68	1	84.00000000	80.00000000
8	69	1	84.00000000	80.00000000
8	70	1	84.00000000	80.00000000
8	71	1	84.00000000	80.00000000
8	72	1	84.00000000	80.00000000
8	73	1	84.00000000	80.00000000
8	74	1	84.00000000	80.00000000
8	75	1	84.00000000	80.00000000
8	76	1	84.00000000	80.00000000
8	77	1	84.00000000	80.00000000
8	78	1	84.00000000	80.00000000
8	79	1	84.00000000	80.00000000
8	80	1	84.00000000	80.00000000
8	81	1	84.00000000	80.00000000
8	82	1	84.00000000	80.00000000
8	83	1	84.00000000	80.00000000
8	84	1	84.00000000	80.00000000
8	85	1	84.00000000	80.00000000
8	86	1	84.00000000	80.00000000
8	87	1	84.00000000	80.00000000
8	88	1	84.00000000	80.00000000
8	89	1	84.00000000	80.00000000
8	90	1	84.00000000	80.00000000
8	91	1	84.00000000	80.00000000
8	92	1	84.00000000	80.00000000
8	93	1	84.00000000	80.00000000
8	94	1	84.00000000	80.00000000
8	95	1	84.00000000	80.00000000
8	96	1	84.00000000	80.00000000
8	97	1	84.00000000	80.00000000
8	98	1	84.00000000	80.00000000
8	99	1	84.00000000	80.00000000
8	100	1	84.00000000	80.00000000
8	101	1	84.00000000	80.00000000
8	102	1	84.00000000	80.00000000
8	103	1	84.00000000	80.00000000
8	104	1	84.00000000	80.00000000
8	105	1	84.00000000	80.00000000
8	106	1	84.00000000	80.00000000
8	107	1	84.00000000	80.00000000
8	108	1	84.00000000	80.00000000
8	109	1	84.00000000	80.00000000
8	110	1	84.00000000	80.00000000
8	111	1	84.00000000	80.00000000
8	112	1	84.00000000	80.00000000
8	113	1	84.00000000	80.00000000
8	114	1	84.00000000	80.00000000
8	115	1	84.00000000	80.00000000
8	116	1	84.00000000	80.00000000
8	117	1	84.00000000	80.00000000
8	118	1	84.00000000	80.00000000
8	119	1	84.00000000	80.00000000
8	120	1	84.00000000	80.00000000
8	121	1	84.00000000	80.00000000
8	122	1	84.00000000	80.00000000
8	123	1	84.00000000	80.00000000
8	124	1	84.00000000	80.00000000
8	125	1	84.00000000	80.00000000
8	126	1	84.00000000	80.00000000
8	127	1	84.00000000	80.00000000
8	128	1	84.00000000	80.00000000
8	129	1	84.00000000	80.00000000
8	130	1	84.00000000	80.00000000
8	131	1	84.00000000	80.00000000
8	132	1	84.00000000	80.00000000
8	133	1	84.00000000	80.00000000
8	134	1	84.00000000	80.00000000
8	135	1	84.00000000	80.00000000
8	136	1	84.00000000	80.00000000
8	137	1	84.00000000	80.00000000
8	138	1	84.00000000	80.00000000
8	139	1	84.00000000	80.00000000
8	140	1	84.00000000	80.00000000
8	141	1	84.00000000	80.00000000
8	142	1	84.00000000	80.00000000
8	143	1	84.00000000	80.00000000
8	144	1	84.00000000	80.00000000
8	145	1	84.00000000	80.00000000
8	146	1	84.00000000	80.00000000
8	147	1	84.00000000	80.00000000
8	148	1	84.00000000	80.00000000
8	149	1	84.00000000	80.00000000
8	150	1	84.00000000	80.00000000
8	151	1	84.00000000	80.00000000
8	152	1	84.00000000	80.00000000
8	153	1	84.00000000	80.00000000
8	154	1	84.00000000	80.00000000
8	155	1	84.00000000	80.00000000
8	156	1	84.00000000	80.00000000
8	157	1	84.00000000	80.00000000
8	158	1	84.00000000	80.00000000
8	159	1	84.00000000	80.00000000
8	160	1	84.00000000	80.00000000
8	161	1	84.00000000	80.00000000
8	162	1	84.00000000	80.00000000
8	163	1	84.00000000	80.00000000
8	164	1	84.00000000	80.00000000
8	165	1	84.00000000	80.00000000
8	166	1	84.00000000	80.00000000
8	167	1	84.00000000	80.00000000
8	168	1	84.00000000	80.00000000
8	169	1	84.00000000	80.00000000
8	170	1	84.00000000	80.00000000
8	171	1	84.00000000	80.00000000
8	172	1	84.00000000	80.00000000
8	173	1	84.00000000	80.00000000
8	174	1	84.00000000	80.00000000
8	175	1	84.00000000	80.00000000
8	176	1	84.00000000	80.00000000
8	177	1	84.00000000	80.00000000
8	178	1	84.00000000	80.00000000
8	179	1	84.00000000	80.00000000
8	180	1	84.00000000	80.00000000
8	181	1	84.00000000	80.00000000
8	182	1	84.00000000	80.00000000
8	183	1	84.00000000	80.00000000
8	184	1	84.00000000	80.00000000
8	185	1	84.00000000	80.00000000
8	186	1	84.00000000	80.00000000
8	187	1	84.00000000	80.00000000
8	188	1	84.00000000	80.00000000
8	189	1	84.00000000	80.00000000
8	190	1	84.00000000	80.00000000
8	191	1	84.00000000	80.00000000
8	192	1	84.00000000	80.00000000
8	193	1	84.00000000	80.00000000
8	194	1	84.00000000	80.00000000
8	195	1	84.00000000	80.00000000
8	196	1	84.00000000	80.00000000
8	197	1	84.00000000	80.00000000
8	198	1	84.00000000	80.00000000
8	199	1	84.00000000	80.00000000
8	200	1	84.00000000	80.00000000
8	201	1	84.00000000	80.00000000
8	202	1	84.00000000	80.00000000
8	203	1	84.00000000	80.00000000
8	204	1	84.00000000	80.00000000
8	205	1	84.00000000	80.00000000
8	206	1	84.00000000	80.00000000
8	207	1	84.00000000	80.00000000
8	208	1	84.00000000	80.00000000
8	209	1	84.00000000	80.00000000
8	210	1	84.00000000	80.00000000
8	211	1	84.00000000	80.00000000
8	212	1	84.00000000	80.00000000
8	213	1	84.00000000	80.00000000
8	214	1	84.00000000	80.00000000
8	215	1	84.00000000	80.00000000
9	0	1	84.00000000	80.00000000
9	1	1	84.00000000	80.00000000
9	2	1	84.00000000	80.00000000
9	3	1	84.00000000	80.00000000
9	4	1	84.00000000	80.00000000
9	5	1	84.00000000	80.00000000
9	6	1	84.00000000	80.00000000
9	7	1	84.00000000	80.00000000
9	8	1	84.00000000	80.00000000
9	9	1	84.00000000	80.00000000
9	10	1	84.00000000	80.00000000
9	11	1	84.00000000	80.00000000
9	12	1	84.00000000	80.00000000
9	13	1	84.00000000	80.00000000
9	14	1	84.00000000	80.00000000
9	15	1	84.00000000	80.00000000
9	16	1	84.00000000	80.00000000
9	17	1	84.00000000	80.00000000
9	18	1	84.00000000	80.00000000
9	19	1	84.00000000	80.00000000
9	20	1	84.00000000	80.00000000
9	21	1	84.00000000	80.00000000
9	22	1	84.00000000	80.00000000
9	23	1	84.00000000	80.00000000
9	24	1	84.00000000	80.00000000
9	25	1	84.00000000	80.00000000
9	26	1	84.00000000	80.00000000
9	27	1	84.00000000	80.00000000
9	28	1	84.00000000	80.00000000
9	29	1	84.00000000	80.00000000
9	30	1	84.00000000	80.00000000
9	31	1	84.00000000	80.00000000
9	32	1	84.00000000	80.00000000
9	33	1	84.00000000	80.00000000
9	34	1	84.00000000	80.00000000
9	35	1	84.00000000	80.00000000
9	36	1	84.00000000	80.00000000
9	37	1	84.00000000	80.00000000
9	38	1	84.00000000	80.00000000
9	39	1	84.00000000	80.00000000
9	40	1	84.00000000	80.00000000
9	41	1	84.00000000	80.00000000
9	42	1	84.00000000	80.00000000
9	43	1	84.00000000	80.00000000
9	44	1	84.00000000	80.00000000
9	45	1	84.00000000	80.00000000
9	46	1	84.00000000	80.00000000
9	47	1	84.00000000	80.00000000
9	48	1	84.00000000	80.00000000
9	49	1	84.00000000	80.00000000
9	50	1	84.00000000	80.00000000
9	51	1	84.00000000	80.00000000
9	52	1	84.00000000	80.00000000
9	53	1	84.00000000	80.00000000
9	54	1	84.00000000	80.00000000
9	55	1	84.00000000	80.00000000
9	56	1	84.00000000	80.00000000
9	57	1	84.00000000	80.00000000
9	58	1	84.00000000	80.00000000
9	59	1	84.00000000	80.00000000
9	60	1	84.00000000	80.00000000
9	61	1	84.00000000	80.00000000
9	62	1	84.00000000	80.00000000
9	63	1	84.00000000	80.00000000
9	64	1	84.00000000	80.00000000
9	65	1	84.00000000	80.00000000
9	66	1	84.00000000	80.00000000
9	67	1	84.00000000	80.00000000
9	68	1	84.00000000	80.00000000
9	69	1	84.00000000	80.00000000
9	70	1	84.00000000	80.00000000
9	71	1	84.00000000	80.00000000
9	72	1	84.00000000	80.00000000
9	73	1	84.00000000	80.00000000
9	74	1	84.00000000	80.00000000
9	75	1	84.00000000	80.00000000
9	76	1	84.00000000	80.00000000
9	77	1	84.00000000	80.00000000
9	78	1	84.00000000	80.00000000
9	79	1	84.00000000	80.00000000
9	80	1	84.00000000	80.00000000
9	81	1	84.00000000	80.00000000
9	82	1	84.00000000	80.00000000
9	83	1	84.00000000	80.00000000
9	84	1	84.00000000	80.00000000
9	85	1	84.00000000	80.00000000
9	86	1	84.00000000	80.00000000
9	87	1	84.00000000	80.00000000
9	88	1	84.00000000	80.00000000
9	89	1	84.00000000	80.00000000
9	90	1	84.00000000	80.00000000
9	91	1	84.00000000	80.00000000
9	92	1	84.00000000	80.00000000
9	93	1	84.00000000	80.00000000
9	94	1	84.00000000	80.00000000
9	95	1	84.00000000	80.00000000
9	96	1	84.00000000	80.00000000
9	97	1	84.00000000	80.00000000
9	98	1	84.00000000	80.00000000
9	99	1	84.00000000	80.00000000
9	100	1	84.00000000	80.00000000
9	101	1	84.00000000	80.00000000
9	102	1	84.00000000	80.00000000
9	103	1	84.00000000	80.00000000
9	104	1	84.00000000	80.00000000
9	105	1	84.00000000	80.00000000
9	106	1	84.00000000	80.00000000
9	107	1	84.00000000	80.00000000
9	108	1	84.00000000	80.00000000
9	109	1	84.00000000	80.00000000
9	110	1	84.00000000	80.00000000
9	111	1	84.00000000	80.00000000
9	112	1	84.00000000	80.00000000
9	113	1	84.00000000	80.00000000
9	114	1	84.00000000	80.00000000
9	115	1	84.00000000	80.00000000
9	116	1	84.00000000	80.00000000
9	117	1	84.00000000	80.00000000
9	118	1	84.00000000	80.00000000
9	119	1	84.00000000	80.00000000
9	120	1	84.00000000	80.00000000
9	121	1	84.00000000	80.00000000
9	122	1	84.00000000	80.00000000
9	123	1	84.00000000	80.00000000
9	124	1	84.00000000	80.00000000
9	125	1	84.00000000	80.00000000
9	126	1	84.00000000	80.00000000
9	127	1	84.00000000	80.00000000
9	128	1	84.00000000	80.00000000
9	129	1	84.00000000	80.00000000
9	130	1	84.00000000	80.00000000
9	131	1	84.00000000	80.00000000
9	132	1	84.00000000	80.00000000
9	133	1	84.00000000	80.00000000
9	134	1	84.00000000	80.00000000
9	135	1	84.00000000	80.00000000
9	136	1	84.00000000	80.00000000
9	137	1	84.00000000	80.00000000
9	138	1	84.00000000	80.00000000
9	139	1	84.00000000	80.00000000
9	140	1	84.00000000	80.00000000
9	141	1	84.00000000	80.00000000
9	142	1	84.00000000	80.00000000
9	143	1	84.00000000	80.00000000
9	144	1	84.00000000	80.00000000
9	145	1	84.00000000	80.00000000
9	146	1	84.00000000	80.00000000
9	147	1	84.00000000	80.00000000
9	148	1	84.00000000	80.00000000
9	149	1	84.00000000	80.00000000
9	150	1	84.00000000	80.00000000
9	151	1	84.00000000	80.00000000
9	152	1	84.00000000	80.00000000
9	153	1	84.00000000	80.00000000
9	154	1	84.00000000	80.00000000
9	155	1	84.00000000	80.00000000
9	156	1	84.00000000	80.00000000
9	157	1	84.00000000	80.00000000
9	158	1	84.00000000	80.00000000
9	159	1	84.00000000	80.00000000
9	160	1	84.00000000	80.00000000
9	161	1	84.00000000	80.00000000
9	162	1	84.00000000	80.00000000
9	163	1	84.00000000	80.00000000
9	164	1	84.00000000	80.00000000
9	165	1	84.00000000	80.00000000
9	166	1	84.00000000	80.00000000
9	167	1	84.00000000	80.00000000
9	168	1	84.00000000	80.00000000
9	169	1	84.00000000	80.00000000
9	170	1	84.00000000	80.00000000
9	171	1	84.00000000	80.00000000
9	172	1	84.00000000	80.00000000
9	173	1	84.00000000	80.00000000
9	174	1	84.00000000	80.00000000
9	175	1	84.00000000	80.00000000
9	176	1	84.00000000	80.00000000
9	177	1	84.00000000	80.00000000
9	178	1	84.00000000	80.00000000
9	179	1	84.00000000	80.00000000
9	180	1	84.00000000	80.00000000
9	181	1	84.00000000	80.00000000
9	182	1	84.00000000	80.00000000
9	183	1	84.00000000	80.00000000
9	184	1	84.00000000	80.00000000
9	185	1	84.00000000	80.00000000
9	186	1	84.00000000	80.00000000
9	187	1	84.00000000	80.00000000
9	188	1	84.00000000	80.00000000
9	189	1	84.00000000	80.00000000
9	190	1	84.00000000	80.00000000
9	191	1	84.00000000	80.00000000
9	192	1	84.00000000	80.00000000
9	193	1	84.00000000	80.00000000
9	194	1	84.00000000	80.00000000
9	195	1	84.00000000	80.00000000
9	196	1	84.00000000	80.00000000
9	197	1	84.00000000	80.00000000
9	198	1	84.00000000	80.00000000
9	199	1	84.00000000	80.00000000
9	200	1	84.00000000	80.00000000
9	201	1	84.00000000	80.00000000
9	202	1	84.00000000	80.00000000
9	203	1	84.00000000	80.00000000
9	204	1	84.00000000	80.00000000
9	205	1	84.00000000	80.00000000
9	206	1	84.00000000	80.00000000
9	207	1	84.00000000	80.00000000
9	208	1	84.00000000	80.00000000
9	209	1	84.00000000	80.00000000
9	210	1	84.00000000	80.00000000
9	211	1	84.00000000	80.00000000
9	212	1	84.00000000	80.00000000
9	213	1	84.00000000	80.00000000
9	214	1	84.00000000	80.00000000
9	215	1	84.00000000	80.00000000
9	216	1	84.00000000	80.00000000
9	217	1	84.00000000	80.00000000
9	218	1	84.00000000	80.00000000
9	219	1	84.00000000	80.00000000
9	220	1	84.00000000	80.00000000
9	221	1	84.00000000	80.00000000
9	222	1	84.00000000	80.00000000
9	223	1	84.00000000	80.00000000
9	224	1	84.00000000	80.00000000
9	225	1	84.00000000	80.00000000
9	226	1	84.00000000	80.00000000
9	227	1	84.00000000	80.00000000
9	228	1	84.00000000	80.00000000
9	229	1	84.00000000	80.00000000
9	230	1	84.00000000	80.00000000
9	231	1	84.00000000	80.00000000
9	232	1	84.00000000	80.00000000
9	233	1	84.00000000	80.00000000
9	234	1	84.00000000	80.00000000
9	235	1	84.00000000	80.00000000
9	236	1	84.00000000	80.00000000
9	237	1	84.00000000	80.00000000
9	238	1	84.00000000	80.00000000
9	239	1	84.00000000	80.00000000
10	0	1	84.00000000	80.00000000
10	1	1	84.00000000	80.00000000
10	2	1	84.00000000	80.00000000
10	3	1	84.00000000	80.00000000
10	4	1	84.00000000	80.00000000
10	5	1	84.00000000	80.00000000
10	6	1	84.00000000	80.00000000
10	7	1	84.00000000	80.00000000
10	8	1	84.00000000	80.00000000
10	9	1	84.00000000	80.00000000
10	10	1	84.00000000	80.00000000
10	11	1	84.00000000	80.00000000
10	12	1	84.00000000	80.00000000
10	13	1	84.00000000	80.00000000
10	14	1	84.00000000	80.00000000
10	15	1	84.00000000	80.00000000
10	16	1	84.00000000	80.00000000
10	17	1	84.00000000	80.00000000
10	18	1	84.00000000	80.00000000
10	19	1	84.00000000	80.00000000
10	20	1	84.00000000	80.00000000
10	21	1	84.00000000	80.00000000
10	22	1	84.00000000	80.00000000
10	23	1	84.00000000	80.00000000
10	24	1	84.00000000	80.00000000
10	25	1	84.00000000	80.00000000
10	26	1	84.00000000	80.00000000
10	27	1	84.00000000	80.00000000
10	28	1	84.00000000	80.00000000
10	29	1	84.00000000	80.00000000
10	30	1	84.00000000	80.00000000
10	31	1	84.00000000	80.00000000
10	32	1	84.00000000	80.00000000
10	33	1	84.00000000	80.00000000
10	34	1	84.00000000	80.00000000
10	35	1	84.00000000	80.00000000
10	36	1	84.00000000	80.00000000
10	37	1	84.00000000	80.00000000
10	38	1	84.00000000	80.00000000
10	39	1	84.00000000	80.00000000
10	40	1	84.00000000	80.00000000
10	41	1	84.00000000	80.00000000
10	42	1	84.00000000	80.00000000
10	43	1	84.00000000	80.00000000
10	44	1	84.00000000	80.00000000
10	45	1	84.00000000	80.00000000
10	46	1	84.00000000	80.00000000
10	47	1	84.00000000	80.00000000
10	48	1	84.00000000	80.00000000
10	49	1	84.00000000	80.00000000
10	50	1	84.00000000	80.00000000
10	51	1	84.00000000	80.00000000
10	52	1	84.00000000	80.00000000
10	53	1	84.00000000	80.00000000
10	54	1	84.00000000	80.00000000
10	55	1	84.00000000	80.00000000
10	56	1	84.00000000	80.00000000
10	57	1	84.00000000	80.00000000
10	58	1	84.00000000	80.00000000
10	59	1	84.00000000	80.00000000
10	60	1	84.00000000	80.00000000
10	61	1	84.00000000	80.00000000
10	62	1	84.00000000	80.00000000
10	63	1	84.00000000	80.00000000
10	64	1	84.00000000	80.00000000
10	65	1	84.00000000	80.00000000
10	66	1	84.00000000	80.00000000
10	67	1	84.00000000	80.00000000
10	68	1	84.00000000	80.00000000
10	69	1	84.00000000	80.00000000
10	70	1	84.00000000	80.00000000
10	71	1	84.00000000	80.00000000
10	72	1	84.00000000	80.00000000
10	73	1	84.00000000	80.00000000
10	74	1	84.00000000	80.00000000
10	75	1	84.00000000	80.00000000
10	76	1	84.00000000	80.00000000
10	77	1	84.00000000	80.00000000
10	78	1	84.00000000	80.00000000
10	79	1	84.00000000	80.00000000
10	80	1	84.00000000	80.00000000
10	81	1	84.00000000	80.00000000
10	82	1	84.00000000	80.00000000
10	83	1	84.00000000	80.00000000
10	84	1	84.00000000	80.00000000
10	85	1	84.00000000	80.00000000
10	86	1	84.00000000	80.00000000
10	87	1	84.00000000	80.00000000
10	88	1	84.00000000	80.00000000
10	89	1	84.00000000	80.00000000
10	90	1	84.00000000	80.00000000
10	91	1	84.00000000	80.00000000
10	92	1	84.00000000	80.00000000
10	93	1	84.00000000	80.00000000
10	94	1	84.00000000	80.00000000
10	95	1	84.00000000	80.00000000
10	96	1	84.00000000	80.00000000
10	97	1	84.00000000	80.00000000
10	98	1	84.00000000	80.00000000
10	99	1	84.00000000	80.00000000
10	100	1	84.00000000	80.00000000
10	101	1	84.00000000	80.00000000
10	102	1	84.00000000	80.00000000
10	103	1	84.00000000	80.00000000
10	104	1	84.00000000	80.00000000
10	105	1	84.00000000	80.00000000
10	106	1	84.00000000	80.00000000
10	107	1	84.00000000	80.00000000
10	108	1	84.00000000	80.00000000
10	109	1	84.00000000	80.00000000
10	110	1	84.00000000	80.00000000
10	111	1	84.00000000	80.00000000
10	112	1	84.00000000	80.00000000
10	113	1	84.00000000	80.00000000
10	114	1	84.00000000	80.00000000
10	115	1	84.00000000	80.00000000
10	116	1	84.00000000	80.00000000
10	117	1	84.00000000	80.00000000
10	118	1	84.00000000	80.00000000
10	119	1	84.00000000	80.00000000
10	120	1	84.00000000	80.00000000
10	121	1	84.00000000	80.00000000
10	122	1	84.00000000	80.00000000
10	123	1	84.00000000	80.00000000
10	124	1	84.00000000	80.00000000
10	125	1	84.00000000	80.00000000
10	126	1	84.00000000	80.00000000
10	127	1	84.00000000	80.00000000
10	128	1	84.00000000	80.00000000
10	129	1	84.00000000	80.00000000
10	130	1	84.00000000	80.00000000
10	131	1	84.00000000	80.00000000
10	132	1	84.00000000	80.00000000
10	133	1	84.00000000	80.00000000
10	134	1	84.00000000	80.00000000
10	135	1	84.00000000	80.00000000
10	136	1	84.00000000	80.00000000
10	137	1	84.00000000	80.00000000
10	138	1	84.00000000	80.00000000
10	139	1	84.00000000	80.00000000
10	140	1	84.00000000	80.00000000
10	141	1	84.00000000	80.00000000
10	142	1	84.00000000	80.00000000
10	143	1	84.00000000	80.00000000
10	144	1	84.00000000	80.00000000
10	145	1	84.00000000	80.00000000
10	146	1	84.00000000	80.00000000
10	147	1	84.00000000	80.00000000
10	148	1	84.00000000	80.00000000
10	149	1	84.00000000	80.00000000
10	150	1	84.00000000	80.00000000
10	151	1	84.00000000	80.00000000
10	152	1	84.00000000	80.00000000
10	153	1	84.00000000	80.00000000
10	154	1	84.00000000	80.00000000
10	155	1	84.00000000	80.00000000
10	156	1	84.00000000	80.00000000
10	157	1	84.00000000	80.00000000
10	158	1	84.00000000	80.00000000
10	159	1	84.00000000	80.00000000
10	160	1	84.00000000	80.00000000
10	161	1	84.00000000	80.00000000
10	162	1	84.00000000	80.00000000
10	163	1	84.00000000	80.00000000
10	164	1	84.00000000	80.00000000
10	165	1	84.00000000	80.00000000
10	166	1	84.00000000	80.00000000
10	167	1	84.00000000	80.00000000
10	168	1	84.00000000	80.00000000
10	169	1	84.00000000	80.00000000
10	170	1	84.00000000	80.00000000
10	171	1	84.00000000	80.00000000
10	172	1	84.00000000	80.00000000
10	173	1	84.00000000	80.00000000
10	174	1	84.00000000	80.00000000
10	175	1	84.00000000	80.00000000
10	176	1	84.00000000	80.00000000
10	177	1	84.00000000	80.00000000
10	178	1	84.00000000	80.00000000
10	179	1	84.00000000	80.00000000
10	180	1	84.00000000	80.00000000
10	181	1	84.00000000	80.00000000
10	182	1	84.00000000	80.00000000
10	183	1	84.00000000	80.00000000
10	184	1	84.00000000	80.00000000
10	185	1	84.00000000	80.00000000
10	186	1	84.00000000	80.00000000
10	187	1	84.00000000	80.00000000
10	188	1	84.00000000	80.00000000
10	189	1	84.00000000	80.00000000
10	190	1	84.00000000	80.00000000
10	191	1	84.00000000	80.00000000
10	192	1	84.00000000	80.00000000
10	193	1	84.00000000	80.00000000
10	194	1	84.00000000	80.00000000
10	195	1	84.00000000	80.00000000
10	196	1	84.00000000	80.00000000
10	197	1	84.00000000	80.00000000
10	198	1	84.00000000	80.00000000
10	199	1	84.00000000	80.00000000
10	200	1	84.00000000	80.00000000
10	201	1	84.00000000	80.00000000
10	202	1	84.00000000	80.00000000
10	203	1	84.00000000	80.00000000
10	204	1	84.00000000	80.00000000
10	205	1	84.00000000	80.00000000
10	206	1	84.00000000	80.00000000
10	207	1	84.00000000	80.00000000
11	0	1	84.00000000	80.00000000
11	1	1	84.00000000	80.00000000
11	2	1	84.00000000	80.00000000
11	3	1	84.00000000	80.00000000
11	4	1	84.00000000	80.00000000
11	5	1	84.00000000	80.00000000
11	6	1	84.00000000	80.00000000
11	7	1	84.00000000	80.00000000
11	8	1	84.00000000	80.00000000
11	9	1	84.00000000	80.00000000
11	10	1	84.00000000	80.00000000
11	11	1	84.00000000	80.00000000
11	12	1	84.00000000	80.00000000
11	13	1	84.00000000	80.00000000
11	14	1	84.00000000	80.00000000
11	15	1	84.00000000	80.00000000
11	16	1	84.00000000	80.00000000
11	17	1	84.00000000	80.00000000
11	18	1	84.00000000	80.00000000
11	19	1	84.00000000	80.00000000
11	20	1	84.00000000	80.00000000
11	21	1	84.00000000	80.00000000
11	22	1	84.00000000	80.00000000
11	23	1	84.00000000	80.00000000
11	24	1	84.00000000	80.00000000
11	25	1	84.00000000	80.00000000
11	26	1	84.00000000	80.00000000
11	27	1	84.00000000	80.00000000
11	28	1	84.00000000	80.00000000
11	29	1	84.00000000	80.00000000
11	30	1	84.00000000	80.00000000
11	31	1	84.00000000	80.00000000
11	32	1	84.00000000	80.00000000
11	33	1	84.00000000	80.00000000
11	34	1	84.00000000	80.00000000
11	35	1	84.00000000	80.00000000
11	36	1	84.00000000	80.00000000
11	37	1	84.00000000	80.00000000
11	38	1	84.00000000	80.00000000
11	39	1	84.00000000	80.00000000
11	40	1	84.00000000	80.00000000
11	41	1	84.00000000	80.00000000
11	42	1	84.00000000	80.00000000
11	43	1	84.00000000	80.00000000
11	44	1	84.00000000	80.00000000
11	45	1	84.00000000	80.00000000
11	46	1	84.00000000	80.00000000
11	47	1	84.00000000	80.00000000
11	48	1	84.00000000	80.00000000
11	49	1	84.00000000	80.00000000
11	50	1	84.00000000	80.00000000
11	51	1	84.00000000	80.00000000
11	52	1	84.00000000	80.00000000
11	53	1	84.00000000	80.00000000
11	54	1	84.00000000	80.00000000
11	55	1	84.00000000	80.00000000
11	56	1	84.00000000	80.00000000
11	57	1	84.00000000	80.00000000
11	58	1	84.00000000	80.00000000
11	59	1	84.00000000	80.00000000
11	60	1	84.00000000	80.00000000
11	61	1	84.00000000	80.00000000
11	62	1	84.00000000	80.00000000
11	63	1	84.00000000	80.00000000
11	64	1	84.00000000	80.00000000
11	65	1	84.00000000	80.00000000
11	66	1	84.00000000	80.00000000
11	67	1	84.00000000	80.00000000
11	68	1	84.00000000	80.00000000
11	69	1	84.00000000	80.00000000
11	70	1	84.00000000	80.00000000
11	71	1	84.00000000	80.00000000
11	72	1	84.00000000	80.00000000
11	73	1	84.00000000	80.00000000
11	74	1	84.00000000	80.00000000
11	75	1	84.00000000	80.00000000
11	76	1	84.00000000	80.00000000
11	77	1	84.00000000	80.00000000
11	78	1	84.00000000	80.00000000
11	79	1	84.00000000	80.00000000
11	80	1	84.00000000	80.00000000
11	81	1	84.00000000	80.00000000
11	82	1	84.00000000	80.00000000
11	83	1	84.00000000	80.00000000
11	84	1	84.00000000	80.00000000
11	85	1	84.00000000	80.00000000
11	86	1	84.00000000	80.00000000
11	87	1	84.00000000	80.00000000
11	88	1	84.00000000	80.00000000
11	89	1	84.00000000	80.00000000
11	90	1	84.00000000	80.00000000
11	91	1	84.00000000	80.00000000
11	92	1	84.00000000	80.00000000
11	93	1	84.00000000	80.00000000
11	94	1	84.00000000	80.00000000
11	95	1	84.00000000	80.00000000
11	96	1	84.00000000	80.00000000
11	97	1	84.00000000	80.00000000
11	98	1	84.00000000	80.00000000
11	99	1	84.00000000	80.00000000
11	100	1	84.00000000	80.00000000
11	101	1	84.00000000	80.00000000
11	102	1	84.00000000	80.00000000
11	103	1	84.00000000	80.00000000
11	104	1	84.00000000	80.00000000
11	105	1	84.00000000	80.00000000
11	106	1	84.00000000	80.00000000
11	107	1	84.00000000	80.00000000
11	108	1	84.00000000	80.00000000
11	109	1	84.00000000	80.00000000
11	110	1	84.00000000	80.00000000
11	111	1	84.00000000	80.00000000
11	112	1	84.00000000	80.00000000
11	113	1	84.00000000	80.00000000
11	114	1	84.00000000	80.00000000
11	115	1	84.00000000	80.00000000
11	116	1	84.00000000	80.00000000
11	117	1	84.00000000	80.00000000
11	118	1	84.00000000	80.00000000
11	119	1	84.00000000	80.00000000
11	120	1	84.00000000	80.00000000
11	121	1	84.00000000	80.00000000
11	122	1	84.00000000	80.00000000
11	123	1	84.00000000	80.00000000
11	124	1	84.00000000	80.00000000
11	125	1	84.00000000	80.00000000
11	126	1	84.00000000	80.00000000
11	127	1	84.00000000	80.00000000
11	128	1	84.00000000	80.00000000
11	129	1	84.00000000	80.00000000
11	130	1	84.00000000	80.00000000
11	131	1	84.00000000	80.00000000
11	132	1	84.00000000	80.00000000
11	133	1	84.00000000	80.00000000
11	134	1	84.00000000	80.00000000
11	135	1	84.00000000	80.00000000
11	136	1	84.00000000	80.00000000
11	137	1	84.00000000	80.00000000
11	138	1	84.00000000	80.00000000
11	139	1	84.00000000	80.00000000
11	140	1	84.00000000	80.00000000
11	141	1	84.00000000	80.00000000
11	142	1	84.00000000	80.00000000
11	143	1	84.00000000	80.00000000
11	144	1	84.00000000	80.00000000
11	145	1	84.00000000	80.00000000
11	146	1	84.00000000	80.00000000
11	147	1	84.00000000	80.00000000
11	148	1	84.00000000	80.00000000
11	149	1	84.00000000	80.00000000
11	150	1	84.00000000	80.00000000
11	151	1	84.00000000	80.00000000
11	152	1	84.00000000	80.00000000
11	153	1	84.00000000	80.00000000
11	154	1	84.00000000	80.00000000
11	155	1	84.00000000	80.00000000
11	156	1	84.00000000	80.00000000
11	157	1	84.00000000	80.00000000
11	158	1	84.00000000	80.00000000
11	159	1	84.00000000	80.00000000
11	160	1	84.00000000	80.00000000
11	161	1	84.00000000	80.00000000
11	162	1	84.00000000	80.00000000
11	163	1	84.00000000	80.00000000
11	164	1	84.00000000	80.00000000
11	165	1	84.00000000	80.00000000
11	166	1	84.00000000	80.00000000
11	167	1	84.00000000	80.00000000
11	168	1	84.00000000	80.00000000
11	169	1	84.00000000	80.00000000
11	170	1	84.00000000	80.00000000
11	171	1	84.00000000	80.00000000
11	172	1	84.00000000	80.00000000
11	173	1	84.00000000	80.00000000
11	174	1	84.00000000	80.00000000
11	175	1	84.00000000	80.00000000
11	176	1	84.00000000	80.00000000
11	177	1	84.00000000	80.00000000
11	178	1	84.00000000	80.00000000
11	179	1	84.00000000	80.00000000
11	180	1	84.00000000	80.00000000
11	181	1	84.00000000	80.00000000
11	182	1	84.00000000	80.00000000
11	183	1	84.00000000	80.00000000
11	184	1	84.00000000	80.00000000
11	185	1	84.00000000	80.00000000
11	186	1	84.00000000	80.00000000
11	187	1	84.00000000	80.00000000
11	188	1	84.00000000	80.00000000
11	189	1	84.00000000	80.00000000
11	190	1	84.00000000	80.00000000
11	191	1	84.00000000	80.00000000
11	192	1	84.00000000	80.00000000
11	193	1	84.00000000	80.00000000
11	194	1	84.00000000	80.00000000
11	195	1	84.00000000	80.00000000
11	196	1	84.00000000	80.00000000
11	197	1	84.00000000	80.00000000
11	198	1	84.00000000	80.00000000
11	199	1	84.00000000	80.00000000
11	200	1	84.00000000	80.00000000
11	201	1	84.00000000	80.00000000
11	202	1	84.00000000	80.00000000
11	203	1	84.00000000	80.00000000
11	204	1	84.00000000	80.00000000
11	205	1	84.00000000	80.00000000
11	206	1	84.00000000	80.00000000
11	207	1	84.00000000	80.00000000
11	208	1	84.00000000	80.00000000
11	209	1	84.00000000	80.00000000
11	210	1	84.00000000	80.00000000
11	211	1	84.00000000	80.00000000
11	212	1	84.00000000	80.00000000
11	213	1	84.00000000	80.00000000
11	214	1	84.00000000	80.00000000
11	215	1	84.00000000	80.00000000
11	216	1	84.00000000	80.00000000
11	217	1	84.00000000	80.00000000
12	0	1	84.00000000	80.00000000
12	1	1	84.00000000	80.00000000
12	2	1	84.00000000	80.00000000
12	3	1	84.00000000	80.00000000
12	4	1	84.00000000	80.00000000
12	5	1	84.00000000	80.00000000
12	6	1	84.00000000	80.00000000
12	7	1	84.00000000	80.00000000
12	8	1	84.00000000	80.00000000
12	9	1	84.00000000	80.00000000
12	10	1	84.00000000	80.00000000
12	11	1	84.00000000	80.00000000
12	12	1	84.00000000	80.00000000
12	13	1	84.00000000	80.00000000
12	14	1	84.00000000	80.00000000
12	15	1	84.00000000	80.00000000
12	16	1	84.00000000	80.00000000
12	17	1	84.00000000	80.00000000
12	18	1	84.00000000	80.00000000
12	19	1	84.00000000	80.00000000
12	20	1	84.00000000	80.00000000
12	21	1	84.00000000	80.00000000
12	22	1	84.00000000	80.00000000
12	23	1	84.00000000	80.00000000
12	24	1	84.00000000	80.00000000
12	25	1	84.00000000	80.00000000
12	26	1	84.00000000	80.00000000
12	27	1	84.00000000	80.00000000
12	28	1	84.00000000	80.00000000
12	29	1	84.00000000	80.00000000
12	30	1	84.00000000	80.00000000
12	31	1	84.00000000	80.00000000
12	32	1	84.00000000	80.00000000
12	33	1	84.00000000	80.00000000
12	34	1	84.00000000	80.00000000
12	35	1	84.00000000	80.00000000
12	36	1	84.00000000	80.00000000
12	37	1	84.00000000	80.00000000
12	38	1	84.00000000	80.00000000
12	39	1	84.00000000	80.00000000
12	40	1	84.00000000	80.00000000
12	41	1	84.00000000	80.00000000
12	42	1	84.00000000	80.00000000
12	43	1	84.00000000	80.00000000
12	44	1	84.00000000	80.00000000
12	45	1	84.00000000	80.00000000
12	46	1	84.00000000	80.00000000
12	47	1	84.00000000	80.00000000
12	48	1	84.00000000	80.00000000
12	49	1	84.00000000	80.00000000
12	50	1	84.00000000	80.00000000
12	51	1	84.00000000	80.00000000
12	52	1	84.00000000	80.00000000
12	53	1	84.00000000	80.00000000
12	54	1	84.00000000	80.00000000
12	55	1	84.00000000	80.00000000
12	56	1	84.00000000	80.00000000
12	57	1	84.00000000	80.00000000
12	58	1	84.00000000	80.00000000
12	59	1	84.00000000	80.00000000
12	60	1	84.00000000	80.00000000
12	61	1	84.00000000	80.00000000
12	62	1	84.00000000	80.00000000
12	63	1	84.00000000	80.00000000
12	64	1	84.00000000	80.00000000
12	65	1	84.00000000	80.00000000
12	66	1	84.00000000	80.00000000
12	67	1	84.00000000	80.00000000
12	68	1	84.00000000	80.00000000
12	69	1	84.00000000	80.00000000
12	70	1	84.00000000	80.00000000
12	71	1	84.00000000	80.00000000
12	72	1	84.00000000	80.00000000
12	73	1	84.00000000	80.00000000
12	74	1	84.00000000	80.00000000
12	75	1	84.00000000	80.00000000
12	76	1	84.00000000	80.00000000
12	77	1	84.00000000	80.00000000
12	78	1	84.00000000	80.00000000
12	79	1	84.00000000	80.00000000
12	80	1	84.00000000	80.00000000
12	81	1	84.00000000	80.00000000
12	82	1	84.00000000	80.00000000
12	83	1	84.00000000	80.00000000
12	84	1	84.00000000	80.00000000
12	85	1	84.00000000	80.00000000
12	86	1	84.00000000	80.00000000
12	87	1	84.00000000	80.00000000
12	88	1	84.00000000	80.00000000
12	89	1	84.00000000	80.00000000
12	90	1	84.00000000	80.00000000
12	91	1	84.00000000	80.00000000
12	92	1	84.00000000	80.00000000
12	93	1	84.00000000	80.00000000
12	94	1	84.00000000	80.00000000
12	95	1	84.00000000	80.00000000
12	96	1	84.00000000	80.00000000
12	97	1	84.00000000	80.00000000
12	98	1	84.00000000	80.00000000
12	99	1	84.00000000	80.00000000
12	100	1	84.00000000	80.00000000
12	101	1	84.00000000	80.00000000
12	102	1	84.00000000	80.00000000
12	103	1	84.00000000	80.00000000
12	104	1	84.00000000	80.00000000
12	105	1	84.00000000	80.00000000
12	106	1	84.00000000	80.00000000
12	107	1	84.00000000	80.00000000
12	108	1	84.00000000	80.00000000
12	109	1	84.00000000	80.00000000
12	110	1	84.00000000	80.00000000
12	111	1	84.00000000	80.00000000
12	112	1	84.00000000	80.00000000
12	113	1	84.00000000	80.00000000
12	114	1	84.00000000	80.00000000
12	115	1	84.00000000	80.00000000
12	116	1	84.00000000	80.00000000
12	117	1	84.00000000	80.00000000
12	118	1	84.00000000	80.00000000
12	119	1	84.00000000	80.00000000
12	120	1	84.00000000	80.00000000
12	121	1	84.00000000	80.00000000
12	122	1	84.00000000	80.00000000
12	123	1	84.00000000	80.00000000
12	124	1	84.00000000	80.00000000
12	125	1	84.00000000	80.00000000
12	126	1	84.00000000	80.00000000
12	127	1	84.00000000	80.00000000
12	128	1	84.00000000	80.00000000
12	129	1	84.00000000	80.00000000
12	130	1	84.00000000	80.00000000
12	131	1	84.00000000	80.00000000
12	132	1	84.00000000	80.00000000
12	133	1	84.00000000	80.00000000
12	134	1	84.00000000	80.00000000
12	135	1	84.00000000	80.00000000
12	136	1	84.00000000	80.00000000
12	137	1	84.00000000	80.00000000
12	138	1	84.00000000	80.00000000
12	139	1	84.00000000	80.00000000
12	140	1	84.00000000	80.00000000
12	141	1	84.00000000	80.00000000
12	142	1	84.00000000	80.00000000
12	143	1	84.00000000	80.00000000
12	144	1	84.00000000	80.00000000
12	145	1	84.00000000	80.00000000
12	146	1	84.00000000	80.00000000
12	147	1	84.00000000	80.00000000
12	148	1	84.00000000	80.00000000
12	149	1	84.00000000	80.00000000
12	150	1	84.00000000	80.00000000
12	151	1	84.00000000	80.00000000
12	152	1	84.00000000	80.00000000
12	153	1	84.00000000	80.00000000
12	154	1	84.00000000	80.00000000
12	155	1	84.00000000	80.00000000
12	156	1	84.00000000	80.00000000
12	157	1	84.00000000	80.00000000
12	158	1	84.00000000	80.00000000
12	159	1	84.00000000	80.00000000
12	160	1	84.00000000	80.00000000
12	161	1	84.00000000	80.00000000
12	162	1	84.00000000	80.00000000
12	163	1	84.00000000	80.00000000
12	164	1	84.00000000	80.00000000
12	165	1	84.00000000	80.00000000
12	166	1	84.00000000	80.00000000
12	167	1	84.00000000	80.00000000
12	168	1	84.00000000	80.00000000
12	169	1	84.00000000	80.00000000
12	170	1	84.00000000	80.00000000
12	171	1	84.00000000	80.00000000
12	172	1	84.00000000	80.00000000
12	173	1	84.00000000	80.00000000
12	174	1	84.00000000	80.00000000
12	175	1	84.00000000	80.00000000
12	176	1	84.00000000	80.00000000
12	177	1	84.00000000	80.00000000
12	178	1	84.00000000	80.00000000
12	179	1	84.00000000	80.00000000
12	180	1	84.00000000	80.00000000
12	181	1	84.00000000	80.00000000
12	182	1	84.00000000	80.00000000
12	183	1	84.00000000	80.00000000
12	184	1	84.00000000	80.00000000
12	185	1	84.00000000	80.00000000
12	186	1	84.00000000	80.00000000
12	187	1	84.00000000	80.00000000
12	188	1	84.00000000	80.00000000
12	189	1	84.00000000	80.00000000
12	190	1	84.00000000	80.00000000
12	191	1	84.00000000	80.00000000
12	192	1	84.00000000	80.00000000
12	193	1	84.00000000	80.00000000
12	194	1	84.00000000	80.00000000
12	195	1	84.00000000	80.00000000
12	196	1	84.00000000	80.00000000
12	197	1	84.00000000	80.00000000
12	198	1	84.00000000	80.00000000
12	199	1	84.00000000	80.00000000
12	200	1	84.00000000	80.00000000
12	201	1	84.00000000	80.00000000
12	202	1	84.00000000	80.00000000
12	203	1	84.00000000	80.00000000
12	204	1	84.00000000	80.00000000
12	205	1	84.00000000	80.00000000
12	206	1	84.00000000	80.00000000
12	207	1	84.00000000	80.00000000
12	208	1	84.00000000	80.00000000
12	209	1	84.00000000	80.00000000
12	210	1	84.00000000	80.00000000
12	211	1	84.00000000	80.00000000
12	212	1	84.00000000	80.00000000
12	213	1	84.00000000	80.00000000
12	214	1	84.00000000	80.00000000
12	215	1	84.00000000	80.00000000
12	216	1	84.00000000	80.00000000
12	217	1	84.00000000	80.00000000
12	218	1	84.00000000	80.00000000
12	219	1	84.00000000	80.00000000
12	220	1	84.00000000	80.00000000
12	221	1	84.00000000	80.00000000
12	222	1	84.00000000	80.00000000
12	223	1	84.00000000	80.00000000
12	224	1	84.00000000	80.00000000
12	225	1	84.00000000	80.00000000
12	226	1	84.00000000	80.00000000
12	227	1	84.00000000	80.00000000
12	228	1	84.00000000	80.00000000
12	229	1	84.00000000	80.00000000
13	0	1	84.00000000	80.00000000
13	1	1	84.00000000	80.00000000
13	2	1	84.00000000	80.00000000
13	3	1	84.00000000	80.00000000
13	4	1	84.00000000	80.00000000
13	5	1	84.00000000	80.00000000
13	6	1	84.00000000	80.00000000
13	7	1	84.00000000	80.00000000
13	8	1	84.00000000	80.00000000
13	9	1	84.00000000	80.00000000
13	10	1	84.00000000	80.00000000
13	11	1	84.00000000	80.00000000
13	12	1	84.00000000	80.00000000
13	13	1	84.00000000	80.00000000
13	14	1	84.00000000	80.00000000
13	15	1	84.00000000	80.00000000
13	16	1	84.00000000	80.00000000
13	17	1	84.00000000	80.00000000
13	18	1	84.00000000	80.00000000
13	19	1	84.00000000	80.00000000
13	20	1	84.00000000	80.00000000
13	21	1	84.00000000	80.00000000
13	22	1	84.00000000	80.00000000
13	23	1	84.00000000	80.00000000
13	24	1	84.00000000	80.00000000
13	25	1	84.00000000	80.00000000
13	26	1	84.00000000	80.00000000
13	27	1	84.00000000	80.00000000
13	28	1	84.00000000	80.00000000
13	29	1	84.00000000	80.00000000
13	30	1	84.00000000	80.00000000
13	31	1	84.00000000	80.00000000
13	32	1	84.00000000	80.00000000
13	33	1	84.00000000	80.00000000
13	34	1	84.00000000	80.00000000
13	35	1	84.00000000	80.00000000
13	36	1	84.00000000	80.00000000
13	37	1	84.00000000	80.00000000
13	38	1	84.00000000	80.00000000
13	39	1	84.00000000	80.00000000
13	40	1	84.00000000	80.00000000
13	41	1	84.00000000	80.00000000
13	42	1	84.00000000	80.00000000
13	43	1	84.00000000	80.00000000
13	44	1	84.00000000	80.00000000
13	45	1	84.00000000	80.00000000
13	46	1	84.00000000	80.00000000
13	47	1	84.00000000	80.00000000
13	48	1	84.00000000	80.00000000
13	49	1	84.00000000	80.00000000
13	50	1	84.00000000	80.00000000
13	51	1	84.00000000	80.00000000
13	52	1	84.00000000	80.00000000
13	53	1	84.00000000	80.00000000
13	54	1	84.00000000	80.00000000
13	55	1	84.00000000	80.00000000
13	56	1	84.00000000	80.00000000
13	57	1	84.00000000	80.00000000
13	58	1	84.00000000	80.00000000
13	59	1	84.00000000	80.00000000
13	60	1	84.00000000	80.00000000
13	61	1	84.00000000	80.00000000
13	62	1	84.00000000	80.00000000
13	63	1	84.00000000	80.00000000
13	64	1	84.00000000	80.00000000
13	65	1	84.00000000	80.00000000
13	66	1	84.00000000	80.00000000
13	67	1	84.00000000	80.00000000
13	68	1	84.00000000	80.00000000
13	69	1	84.00000000	80.00000000
13	70	1	84.00000000	80.00000000
13	71	1	84.00000000	80.00000000
13	72	1	84.00000000	80.00000000
13	73	1	84.00000000	80.00000000
13	74	1	84.00000000	80.00000000
13	75	1	84.00000000	80.00000000
13	76	1	84.00000000	80.00000000
13	77	1	84.00000000	80.00000000
13	78	1	84.00000000	80.00000000
13	79	1	84.00000000	80.00000000
13	80	1	84.00000000	80.00000000
13	81	1	84.00000000	80.00000000
13	82	1	84.00000000	80.00000000
13	83	1	84.00000000	80.00000000
13	84	1	84.00000000	80.00000000
13	85	1	84.00000000	80.00000000
13	86	1	84.00000000	80.00000000
13	87	1	84.00000000	80.00000000
13	88	1	84.00000000	80.00000000
13	89	1	84.00000000	80.00000000
13	90	1	84.00000000	80.00000000
13	91	1	84.00000000	80.00000000
13	92	1	84.00000000	80.00000000
13	93	1	84.00000000	80.00000000
13	94	1	84.00000000	80.00000000
13	95	1	84.00000000	80.00000000
13	96	1	84.00000000	80.00000000
13	97	1	84.00000000	80.00000000
13	98	1	84.00000000	80.00000000
13	99	1	84.00000000	80.00000000
13	100	1	84.00000000	80.00000000
13	101	1	84.00000000	80.00000000
13	102	1	84.00000000	80.00000000
13	103	1	84.00000000	80.00000000
13	104	1	84.00000000	80.00000000
13	105	1	84.00000000	80.00000000
13	106	1	84.00000000	80.00000000
13	107	1	84.00000000	80.00000000
13	108	1	84.00000000	80.00000000
13	109	1	84.00000000	80.00000000
13	110	1	84.00000000	80.00000000
13	111	1	84.00000000	80.00000000
13	112	1	84.00000000	80.00000000
13	113	1	84.00000000	80.00000000
13	114	1	84.00000000	80.00000000
13	115	1	84.00000000	80.00000000
13	116	1	84.00000000	80.00000000
13	117	1	84.00000000	80.00000000
13	118	1	84.00000000	80.00000000
13	119	1	84.00000000	80.00000000
13	120	1	84.00000000	80.00000000
13	121	1	84.00000000	80.00000000
13	122	1	84.00000000	80.00000000
13	123	1	84.00000000	80.00000000
13	124	1	84.00000000	80.00000000
13	125	1	84.00000000	80.00000000
13	126	1	84.00000000	80.00000000
13	127	1	84.00000000	80.00000000
13	128	1	84.00000000	80.00000000
13	129	1	84.00000000	80.00000000
13	130	1	84.00000000	80.00000000
13	131	1	84.00000000	80.00000000
13	132	1	84.00000000	80.00000000
13	133	1	84.00000000	80.00000000
13	134	1	84.00000000	80.00000000
13	135	1	84.00000000	80.00000000
13	136	1	84.00000000	80.00000000
13	137	1	84.00000000	80.00000000
13	138	1	84.00000000	80.00000000
13	139	1	84.00000000	80.00000000
13	140	1	84.00000000	80.00000000
13	141	1	84.00000000	80.00000000
13	142	1	84.00000000	80.00000000
13	143	1	84.00000000	80.00000000
13	144	1	84.00000000	80.00000000
13	145	1	84.00000000	80.00000000
13	146	1	84.00000000	80.00000000
13	147	1	84.00000000	80.00000000
13	148	1	84.00000000	80.00000000
13	149	1	84.00000000	80.00000000
13	150	1	84.00000000	80.00000000
13	151	1	84.00000000	80.00000000
13	152	1	84.00000000	80.00000000
13	153	1	84.00000000	80.00000000
13	154	1	84.00000000	80.00000000
13	155	1	84.00000000	80.00000000
13	156	1	84.00000000	80.00000000
13	157	1	84.00000000	80.00000000
13	158	1	84.00000000	80.00000000
13	159	1	84.00000000	80.00000000
13	160	1	84.00000000	80.00000000
13	161	1	84.00000000	80.00000000
13	162	1	84.00000000	80.00000000
13	163	1	84.00000000	80.00000000
13	164	1	84.00000000	80.00000000
13	165	1	84.00000000	80.00000000
13	166	1	84.00000000	80.00000000
13	167	1	84.00000000	80.00000000
13	168	1	84.00000000	80.00000000
13	169	1	84.00000000	80.00000000
13	170	1	84.00000000	80.00000000
13	171	1	84.00000000	80.00000000
13	172	1	84.00000000	80.00000000
13	173	1	84.00000000	80.00000000
13	174	1	84.00000000	80.00000000
13	175	1	84.00000000	80.00000000
13	176	1	84.00000000	80.00000000
13	177	1	84.00000000	80.00000000
13	178	1	84.00000000	80.00000000
13	179	1	84.00000000	80.00000000
13	180	1	84.00000000	80.00000000
13	181	1	84.00000000	80.00000000
13	182	1	84.00000000	80.00000000
13	183	1	84.00000000	80.00000000
13	184	1	84.00000000	80.00000000
13	185	1	84.00000000	80.00000000
13	186	1	84.00000000	80.00000000
13	187	1	84.00000000	80.00000000
13	188	1	84.00000000	80.00000000
13	189	1	84.00000000	80.00000000
13	190	1	84.00000000	80.00000000
13	191	1	84.00000000	80.00000000
13	192	1	84.00000000	80.00000000
13	193	1	84.00000000	80.00000000
13	194	1	84.00000000	80.00000000
13	195	1	84.00000000	80.00000000
13	196	1	84.00000000	80.00000000
13	197	1	84.00000000	80.00000000
13	198	1	84.00000000	80.00000000
13	199	1	84.00000000	80.00000000
13	200	1	84.00000000	80.00000000
13	201	1	84.00000000	80.00000000
13	202	1	84.00000000	80.00000000
13	203	1	84.00000000	80.00000000
13	204	1	84.00000000	80.00000000
13	205	1	84.00000000	80.00000000
13	206	1	84.00000000	80.00000000
13	207	1	84.00000000	80.00000000
13	208	1	84.00000000	80.00000000
13	209	1	84.00000000	80.00000000
13	210	1	84.00000000	80.00000000
13	211	1	84.00000000	80.00000000
13	212	1	84.00000000	80.00000000
13	213	1	84.00000000	80.00000000
14	0	1	84.00000000	80.00000000
14	1	1	84.00000000	80.00000000
14	2	1	84.00000000	80.00000000
14	3	1	84.00000000	80.00000000
14	4	1	84.00000000	80.00000000
14	5	1	84.00000000	80.00000000
14	6	1	84.00000000	80.00000000
14	7	1	84.00000000	80.00000000
14	8	1	84.00000000	80.00000000
14	9	1	84.00000000	80.00000000
14	10	1	84.00000000	80.00000000
14	11	1	84.00000000	80.00000000
14	12	1	84.00000000	80.00000000
14	13	1	84.00000000	80.00000000
14	14	1	84.00000000	80.00000000
14	15	1	84.00000000	80.00000000
14	16	1	84.00000000	80.00000000
14	17	1	84.00000000	80.00000000
14	18	1	84.00000000	80.00000000
14	19	1	84.00000000	80.00000000
14	20	1	84.00000000	80.00000000
14	21	1	84.00000000	80.00000000
14	22	1	84.00000000	80.00000000
14	23	1	84.00000000	80.00000000
14	24	1	84.00000000	80.00000000
14	25	1	84.00000000	80.00000000
14	26	1	84.00000000	80.00000000
14	27	1	84.00000000	80.00000000
14	28	1	84.00000000	80.00000000
14	29	1	84.00000000	80.00000000
14	30	1	84.00000000	80.00000000
14	31	1	84.00000000	80.00000000
14	32	1	84.00000000	80.00000000
14	33	1	84.00000000	80.00000000
14	34	1	84.00000000	80.00000000
14	35	1	84.00000000	80.00000000
14	36	1	84.00000000	80.00000000
14	37	1	84.00000000	80.00000000
14	38	1	84.00000000	80.00000000
14	39	1	84.00000000	80.00000000
14	40	1	84.00000000	80.00000000
14	41	1	84.00000000	80.00000000
14	42	1	84.00000000	80.00000000
14	43	1	84.00000000	80.00000000
14	44	1	84.00000000	80.00000000
14	45	1	84.00000000	80.00000000
14	46	1	84.00000000	80.00000000
14	47	1	84.00000000	80.00000000
14	48	1	84.00000000	80.00000000
14	49	1	84.00000000	80.00000000
14	50	1	84.00000000	80.00000000
14	51	1	84.00000000	80.00000000
14	52	1	84.00000000	80.00000000
14	53	1	84.00000000	80.00000000
14	54	1	84.00000000	80.00000000
14	55	1	84.00000000	80.00000000
14	56	1	84.00000000	80.00000000
14	57	1	84.00000000	80.00000000
14	58	1	84.00000000	80.00000000
14	59	1	84.00000000	80.00000000
14	60	1	84.00000000	80.00000000
14	61	1	84.00000000	80.00000000
14	62	1	84.00000000	80.00000000
14	63	1	84.00000000	80.00000000
14	64	1	84.00000000	80.00000000
14	65	1	84.00000000	80.00000000
14	66	1	84.00000000	80.00000000
14	67	1	84.00000000	80.00000000
14	68	1	84.00000000	80.00000000
14	69	1	84.00000000	80.00000000
14	70	1	84.00000000	80.00000000
14	71	1	84.00000000	80.00000000
14	72	1	84.00000000	80.00000000
14	73	1	84.00000000	80.00000000
14	74	1	84.00000000	80.00000000
14	75	1	84.00000000	80.00000000
14	76	1	84.00000000	80.00000000
14	77	1	84.00000000	80.00000000
14	78	1	84.00000000	80.00000000
14	79	1	84.00000000	80.00000000
14	80	1	84.00000000	80.00000000
14	81	1	84.00000000	80.00000000
14	82	1	84.00000000	80.00000000
14	83	1	84.00000000	80.00000000
14	84	1	84.00000000	80.00000000
14	85	1	84.00000000	80.00000000
14	86	1	84.00000000	80.00000000
14	87	1	84.00000000	80.00000000
14	88	1	84.00000000	80.00000000
14	89	1	84.00000000	80.00000000
14	90	1	84.00000000	80.00000000
14	91	1	84.00000000	80.00000000
14	92	1	84.00000000	80.00000000
14	93	1	84.00000000	80.00000000
14	94	1	84.00000000	80.00000000
14	95	1	84.00000000	80.00000000
14	96	1	84.00000000	80.00000000
14	97	1	84.00000000	80.00000000
14	98	1	84.00000000	80.00000000
14	99	1	84.00000000	80.00000000
14	100	1	84.00000000	80.00000000
14	101	1	84.00000000	80.00000000
14	102	1	84.00000000	80.00000000
14	103	1	84.00000000	80.00000000
14	104	1	84.00000000	80.00000000
14	105	1	84.00000000	80.00000000
14	106	1	84.00000000	80.00000000
14	107	1	84.00000000	80.00000000
14	108	1	84.00000000	80.00000000
14	109	1	84.00000000	80.00000000
14	110	1	84.00000000	80.00000000
14	111	1	84.00000000	80.00000000
14	112	1	84.00000000	80.00000000
14	113	1	84.00000000	80.00000000
14	114	1	84.00000000	80.00000000
14	115	1	84.00000000	80.00000000
14	116	1	84.00000000	80.00000000
14	117	1	84.00000000	80.00000000
14	118	1	84.00000000	80.00000000
14	119	1	84.00000000	80.00000000
14	120	1	84.00000000	80.00000000
14	121	1	84.00000000	80.00000000
14	122	1	84.00000000	80.00000000
14	123	1	84.00000000	80.00000000
14	124	1	84.00000000	80.00000000
14	125	1	84.00000000	80.00000000
14	126	1	84.00000000	80.00000000
14	127	1	84.00000000	80.00000000
14	128	1	84.00000000	80.00000000
14	129	1	84.00000000	80.00000000
14	130	1	84.00000000	80.00000000
14	131	1	84.00000000	80.00000000
14	132	1	84.00000000	80.00000000
14	133	1	84.00000000	80.00000000
14	134	1	84.00000000	80.00000000
14	135	1	84.00000000	80.00000000
14	136	1	84.00000000	80.00000000
14	137	1	84.00000000	80.00000000
14	138	1	84.00000000	80.00000000
14	139	1	84.00000000	80.00000000
14	140	1	84.00000000	80.00000000
14	141	1	84.00000000	80.00000000
14	142	1	84.00000000	80.00000000
14	143	1	84.00000000	80.00000000
14	144	1	84.00000000	80.00000000
14	145	1	84.00000000	80.00000000
14	146	1	84.00000000	80.00000000
14	147	1	84.00000000	80.00000000
14	148	1	84.00000000	80.00000000
14	149	1	84.00000000	80.00000000
14	150	1	84.00000000	80.00000000
14	151	1	84.00000000	80.00000000
14	152	1	84.00000000	80.00000000
14	153	1	84.00000000	80.00000000
14	154	1	84.00000000	80.00000000
14	155	1	84.00000000	80.00000000
14	156	1	84.00000000	80.00000000
14	157	1	84.00000000	80.00000000
14	158	1	84.00000000	80.00000000
14	159	1	84.00000000	80.00000000
14	160	1	84.00000000	80.00000000
14	161	1	84.00000000	80.00000000
14	162	1	84.00000000	80.00000000
14	163	1	84.00000000	80.00000000
14	164	1	84.00000000	80.00000000
14	165	1	84.00000000	80.00000000
14	166	1	84.00000000	80.00000000
14	167	1	84.00000000	80.00000000
14	168	1	84.00000000	80.00000000
14	169	1	84.00000000	80.00000000
14	170	1	84.00000000	80.00000000
14	171	1	84.00000000	80.00000000
14	172	1	84.00000000	80.00000000
14	173	1	84.00000000	80.00000000
14	174	1	84.00000000	80.00000000
14	175	1	84.00000000	80.00000000
14	176	1	84.00000000	80.00000000
14	177	1	84.00000000	80.00000000
14	178	1	84.00000000	80.00000000
14	179	1	84.00000000	80.00000000
14	180	1	84.00000000	80.00000000
14	181	1	84.00000000	80.00000000
14	182	1	84.00000000	80.00000000
14	183	1	84.00000000	80.00000000
14	184	1	84.00000000	80.00000000
14	185	1	84.00000000	80.00000000
14	186	1	84.00000000	80.00000000
14	187	1	84.00000000	80.00000000
14	188	1	84.00000000	80.00000000
14	189	1	84.00000000	80.00000000
14	190	1	84.00000000	80.00000000
14	191	1	84.00000000	80.00000000
14	192	1	84.00000000	80.00000000
14	193	1	84.00000000	80.00000000
14	194	1	84.00000000	80.00000000
14	195	1	84.00000000	80.00000000
14	196	1	84.00000000	80.00000000
14	197	1	84.00000000	80.00000000
14	198	1	84.00000000	80.00000000
14	199	1	84.00000000	80.00000000
14	200	1	84.00000000	80.00000000
14	201	1	84.00000000	80.00000000
14	202	1	84.00000000	80.00000000
14	203	1	84.00000000	80.00000000
14	204	1	84.00000000	80.00000000
14	205	1	84.00000000	80.00000000
14	206	1	84.00000000	80.00000000
14	207	1	84.00000000	80.00000000
14	208	1	84.00000000	80.00000000
14	209	1	84.00000000	80.00000000
14	210	1	84.00000000	80.00000000
14	211	1	84.00000000	80.00000000
15	0	1	84.00000000	80.00000000
15	1	1	84.00000000	80.00000000
15	2	1	84.00000000	80.00000000
15	3	1	84.00000000	80.00000000
15	4	1	84.00000000	80.00000000
15	5	1	84.00000000	80.00000000
15	6	1	84.00000000	80.00000000
15	7	1	84.00000000	80.00000000
15	8	1	84.00000000	80.00000000
15	9	1	84.00000000	80.00000000
15	10	1	84.00000000	80.00000000
15	11	1	84.00000000	80.00000000
15	12	1	84.00000000	80.00000000
15	13	1	84.00000000	80.00000000
15	14	1	84.00000000	80.00000000
15	15	1	84.00000000	80.00000000
15	16	1	84.00000000	80.00000000
15	17	1	84.00000000	80.00000000
15	18	1	84.00000000	80.00000000
15	19	1	84.00000000	80.00000000
15	20	1	84.00000000	80.00000000
15	21	1	84.00000000	80.00000000
15	22	1	84.00000000	80.00000000
15	23	1	84.00000000	80.00000000
15	24	1	84.00000000	80.00000000
15	25	1	84.00000000	80.00000000
15	26	1	84.00000000	80.00000000
15	27	1	84.00000000	80.00000000
15	28	1	84.00000000	80.00000000
15	29	1	84.00000000	80.00000000
15	30	1	84.00000000	80.00000000
15	31	1	84.00000000	80.00000000
15	32	1	84.00000000	80.00000000
15	33	1	84.00000000	80.00000000
15	34	1	84.00000000	80.00000000
15	35	1	84.00000000	80.00000000
15	36	1	84.00000000	80.00000000
15	37	1	84.00000000	80.00000000
15	38	1	84.00000000	80.00000000
15	39	1	84.00000000	80.00000000
15	40	1	84.00000000	80.00000000
15	41	1	84.00000000	80.00000000
15	42	1	84.00000000	80.00000000
15	43	1	84.00000000	80.00000000
15	44	1	84.00000000	80.00000000
15	45	1	84.00000000	80.00000000
15	46	1	84.00000000	80.00000000
15	47	1	84.00000000	80.00000000
15	48	1	84.00000000	80.00000000
15	49	1	84.00000000	80.00000000
15	50	1	84.00000000	80.00000000
15	51	1	84.00000000	80.00000000
15	52	1	84.00000000	80.00000000
15	53	1	84.00000000	80.00000000
15	54	1	84.00000000	80.00000000
15	55	1	84.00000000	80.00000000
15	56	1	84.00000000	80.00000000
15	57	1	84.00000000	80.00000000
15	58	1	84.00000000	80.00000000
15	59	1	84.00000000	80.00000000
15	60	1	84.00000000	80.00000000
15	61	1	84.00000000	80.00000000
15	62	1	84.00000000	80.00000000
15	63	1	84.00000000	80.00000000
15	64	1	84.00000000	80.00000000
15	65	1	84.00000000	80.00000000
15	66	1	84.00000000	80.00000000
15	67	1	84.00000000	80.00000000
15	68	1	84.00000000	80.00000000
15	69	1	84.00000000	80.00000000
15	70	1	84.00000000	80.00000000
15	71	1	84.00000000	80.00000000
15	72	1	84.00000000	80.00000000
15	73	1	84.00000000	80.00000000
15	74	1	84.00000000	80.00000000
15	75	1	84.00000000	80.00000000
15	76	1	84.00000000	80.00000000
15	77	1	84.00000000	80.00000000
15	78	1	84.00000000	80.00000000
15	79	1	84.00000000	80.00000000
15	80	1	84.00000000	80.00000000
15	81	1	84.00000000	80.00000000
15	82	1	84.00000000	80.00000000
15	83	1	84.00000000	80.00000000
15	84	1	84.00000000	80.00000000
15	85	1	84.00000000	80.00000000
15	86	1	84.00000000	80.00000000
15	87	1	84.00000000	80.00000000
15	88	1	84.00000000	80.00000000
15	89	1	84.00000000	80.00000000
15	90	1	84.00000000	80.00000000
15	91	1	84.00000000	80.00000000
15	92	1	84.00000000	80.00000000
15	93	1	84.00000000	80.00000000
15	94	1	84.00000000	80.00000000
15	95	1	84.00000000	80.00000000
15	96	1	84.00000000	80.00000000
15	97	1	84.00000000	80.00000000
15	98	1	84.00000000	80.00000000
15	99	1	84.00000000	80.00000000
15	100	1	84.00000000	80.00000000
15	101	1	84.00000000	80.00000000
15	102	1	84.00000000	80.00000000
15	103	1	84.00000000	80.00000000
15	104	1	84.00000000	80.00000000
15	105	1	84.00000000	80.00000000
15	106	1	84.00000000	80.00000000
15	107	1	84.00000000	80.00000000
15	108	1	84.00000000	80.00000000
15	109	1	84.00000000	80.00000000
15	110	1	84.00000000	80.00000000
15	111	1	84.00000000	80.00000000
15	112	1	84.00000000	80.00000000
15	113	1	84.00000000	80.00000000
15	114	1	84.00000000	80.00000000
15	115	1	84.00000000	80.00000000
15	116	1	84.00000000	80.00000000
15	117	1	84.00000000	80.00000000
15	118	1	84.00000000	80.00000000
15	119	1	84.00000000	80.00000000
15	120	1	84.00000000	80.00000000
15	121	1	84.00000000	80.00000000
15	122	1	84.00000000	80.00000000
15	123	1	84.00000000	80.00000000
15	124	1	84.00000000	80.00000000
15	125	1	84.00000000	80.00000000
15	126	1	84.00000000	80.00000000
15	127	1	84.00000000	80.00000000
15	128	1	84.00000000	80.00000000
15	129	1	84.00000000	80.00000000
15	130	1	84.00000000	80.00000000
15	131	1	84.00000000	80.00000000
15	132	1	84.00000000	80.00000000
15	133	1	84.00000000	80.00000000
15	134	1	84.00000000	80.00000000
15	135	1	84.00000000	80.00000000
15	136	1	84.00000000	80.00000000
15	137	1	84.00000000	80.00000000
15	138	1	84.00000000	80.00000000
15	139	1	84.00000000	80.00000000
15	140	1	84.00000000	80.00000000
15	141	1	84.00000000	80.00000000
15	142	1	84.00000000	80.00000000
15	143	1	84.00000000	80.00000000
15	144	1	84.00000000	80.00000000
15	145	1	84.00000000	80.00000000
15	146	1	84.00000000	80.00000000
15	147	1	84.00000000	80.00000000
15	148	1	84.00000000	80.00000000
15	149	1	84.00000000	80.00000000
15	150	1	84.00000000	80.00000000
15	151	1	84.00000000	80.00000000
15	152	1	84.00000000	80.00000000
15	153	1	84.00000000	80.00000000
15	154	1	84.00000000	80.00000000
15	155	1	84.00000000	80.00000000
15	156	1	84.00000000	80.00000000
15	157	1	84.00000000	80.00000000
15	158	1	84.00000000	80.00000000
15	159	1	84.00000000	80.00000000
15	160	1	84.00000000	80.00000000
15	161	1	84.00000000	80.00000000
15	162	1	84.00000000	80.00000000
15	163	1	84.00000000	80.00000000
15	164	1	84.00000000	80.00000000
15	165	1	84.00000000	80.00000000
15	166	1	84.00000000	80.00000000
15	167	1	84.00000000	80.00000000
15	168	1	84.00000000	80.00000000
15	169	1	84.00000000	80.00000000
15	170	1	84.00000000	80.00000000
15	171	1	84.00000000	80.00000000
15	172	1	84.00000000	80.00000000
15	173	1	84.00000000	80.00000000
15	174	1	84.00000000	80.00000000
15	175	1	84.00000000	80.00000000
15	176	1	84.00000000	80.00000000
15	177	1	84.00000000	80.00000000
15	178	1	84.00000000	80.00000000
15	179	1	84.00000000	80.00000000
15	180	1	84.00000000	80.00000000
15	181	1	84.00000000	80.00000000
15	182	1	84.00000000	80.00000000
15	183	1	84.00000000	80.00000000
15	184	1	84.00000000	80.00000000
15	185	1	84.00000000	80.00000000
15	186	1	84.00000000	80.00000000
15	187	1	84.00000000	80.00000000
15	188	1	84.00000000	80.00000000
15	189	1	84.00000000	80.00000000
15	190	1	84.00000000	80.00000000
15	191	1	84.00000000	80.00000000
15	192	1	84.00000000	80.00000000
15	193	1	84.00000000	80.00000000
15	194	1	84.00000000	80.00000000
15	195	1	84.00000000	80.00000000
15	196	1	84.00000000	80.00000000
15	197	1	84.00000000	80.00000000
15	198	1	84.00000000	80.00000000
15	199	1	84.00000000	80.00000000
15	200	1	84.00000000	80.00000000
15	201	1	84.00000000	80.00000000
15	202	1	84.00000000	80.00000000
15	203	1	84.00000000	80.00000000
15	204	1	84.00000000	80.00000000
15	205	1	84.00000000	80.00000000
15	206	1	84.00000000	80.00000000
15	207	1	84.00000000	80.00000000
15	208	1	84.00000000	80.00000000
15	209	1	84.00000000	80.00000000
15	210	1	84.00000000	80.00000000
15	211	1	84.00000000	80.00000000
15	212	1	84.00000000	80.00000000
15	213	1	84.00000000	80.00000000
16	0	1	84.00000000	80.00000000
16	1	1	84.00000000	80.00000000
16	2	1	84.00000000	80.00000000
16	3	1	84.00000000	80.00000000
16	4	1	84.00000000	80.00000000
16	5	1	84.00000000	80.00000000
16	6	1	84.00000000	80.00000000
16	7	1	84.00000000	80.00000000
16	8	1	84.00000000	80.00000000
16	9	1	84.00000000	80.00000000
16	10	1	84.00000000	80.00000000
16	11	1	84.00000000	80.00000000
16	12	1	84.00000000	80.00000000
16	13	1	84.00000000	80.00000000
16	14	1	84.00000000	80.00000000
16	15	1	84.00000000	80.00000000
16	16	1	84.00000000	80.00000000
16	17	1	84.00000000	80.00000000
16	18	1	84.00000000	80.00000000
16	19	1	84.00000000	80.00000000
16	20	1	84.00000000	80.00000000
16	21	1	84.00000000	80.00000000
16	22	1	84.00000000	80.00000000
16	23	1	84.00000000	80.00000000
16	24	1	84.00000000	80.00000000
16	25	1	84.00000000	80.00000000
16	26	1	84.00000000	80.00000000
16	27	1	84.00000000	80.00000000
16	28	1	84.00000000	80.00000000
16	29	1	84.00000000	80.00000000
16	30	1	84.00000000	80.00000000
16	31	1	84.00000000	80.00000000
16	32	1	84.00000000	80.00000000
16	33	1	84.00000000	80.00000000
16	34	1	84.00000000	80.00000000
16	35	1	84.00000000	80.00000000
16	36	1	84.00000000	80.00000000
16	37	1	84.00000000	80.00000000
16	38	1	84.00000000	80.00000000
16	39	1	84.00000000	80.00000000
16	40	1	84.00000000	80.00000000
16	41	1	84.00000000	80.00000000
16	42	1	84.00000000	80.00000000
16	43	1	84.00000000	80.00000000
16	44	1	84.00000000	80.00000000
16	45	1	84.00000000	80.00000000
16	46	1	84.00000000	80.00000000
16	47	1	84.00000000	80.00000000
16	48	1	84.00000000	80.00000000
16	49	1	84.00000000	80.00000000
16	50	1	84.00000000	80.00000000
16	51	1	84.00000000	80.00000000
16	52	1	84.00000000	80.00000000
16	53	1	84.00000000	80.00000000
16	54	1	84.00000000	80.00000000
16	55	1	84.00000000	80.00000000
16	56	1	84.00000000	80.00000000
16	57	1	84.00000000	80.00000000
16	58	1	84.00000000	80.00000000
16	59	1	84.00000000	80.00000000
16	60	1	84.00000000	80.00000000
16	61	1	84.00000000	80.00000000
16	62	1	84.00000000	80.00000000
16	63	1	84.00000000	80.00000000
16	64	1	84.00000000	80.00000000
16	65	1	84.00000000	80.00000000
16	66	1	84.00000000	80.00000000
16	67	1	84.00000000	80.00000000
16	68	1	84.00000000	80.00000000
16	69	1	84.00000000	80.00000000
16	70	1	84.00000000	80.00000000
16	71	1	84.00000000	80.00000000
16	72	1	84.00000000	80.00000000
16	73	1	84.00000000	80.00000000
16	74	1	84.00000000	80.00000000
16	75	1	84.00000000	80.00000000
16	76	1	84.00000000	80.00000000
16	77	1	84.00000000	80.00000000
16	78	1	84.00000000	80.00000000
16	79	1	84.00000000	80.00000000
16	80	1	84.00000000	80.00000000
16	81	1	84.00000000	80.00000000
16	82	1	84.00000000	80.00000000
16	83	1	84.00000000	80.00000000
16	84	1	84.00000000	80.00000000
16	85	1	84.00000000	80.00000000
16	86	1	84.00000000	80.00000000
16	87	1	84.00000000	80.00000000
16	88	1	84.00000000	80.00000000
16	89	1	84.00000000	80.00000000
16	90	1	84.00000000	80.00000000
16	91	1	84.00000000	80.00000000
16	92	1	84.00000000	80.00000000
16	93	1	84.00000000	80.00000000
16	94	1	84.00000000	80.00000000
16	95	1	84.00000000	80.00000000
16	96	1	84.00000000	80.00000000
16	97	1	84.00000000	80.00000000
16	98	1	84.00000000	80.00000000
16	99	1	84.00000000	80.00000000
16	100	1	84.00000000	80.00000000
16	101	1	84.00000000	80.00000000
16	102	1	84.00000000	80.00000000
16	103	1	84.00000000	80.00000000
16	104	1	84.00000000	80.00000000
16	105	1	84.00000000	80.00000000
16	106	1	84.00000000	80.00000000
16	107	1	84.00000000	80.00000000
16	108	1	84.00000000	80.00000000
16	109	1	84.00000000	80.00000000
16	110	1	84.00000000	80.00000000
16	111	1	84.00000000	80.00000000
16	112	1	84.00000000	80.00000000
16	113	1	84.00000000	80.00000000
16	114	1	84.00000000	80.00000000
16	115	1	84.00000000	80.00000000
16	116	1	84.00000000	80.00000000
16	117	1	84.00000000	80.00000000
16	118	1	84.00000000	80.00000000
16	119	1	84.00000000	80.00000000
16	120	1	84.00000000	80.00000000
16	121	1	84.00000000	80.00000000
16	122	1	84.00000000	80.00000000
16	123	1	84.00000000	80.00000000
16	124	1	84.00000000	80.00000000
16	125	1	84.00000000	80.00000000
16	126	1	84.00000000	80.00000000
16	127	1	84.00000000	80.00000000
16	128	1	84.00000000	80.00000000
16	129	1	84.00000000	80.00000000
16	130	1	84.00000000	80.00000000
16	131	1	84.00000000	80.00000000
16	132	1	84.00000000	80.00000000
16	133	1	84.00000000	80.00000000
16	134	1	84.00000000	80.00000000
16	135	1	84.00000000	80.00000000
16	136	1	84.00000000	80.00000000
16	137	1	84.00000000	80.00000000
16	138	1	84.00000000	80.00000000
16	139	1	84.00000000	80.00000000
16	140	1	84.00000000	80.00000000
16	141	1	84.00000000	80.00000000
16	142	1	84.00000000	80.00000000
16	143	1	84.00000000	80.00000000
16	144	1	84.00000000	80.00000000
16	145	1	84.00000000	80.00000000
16	146	1	84.00000000	80.00000000
16	147	1	84.00000000	80.00000000
16	148	1	84.00000000	80.00000000
16	149	1	84.00000000	80.00000000
16	150	1	84.00000000	80.00000000
16	151	1	84.00000000	80.00000000
16	152	1	84.00000000	80.00000000
16	153	1	84.00000000	80.00000000
16	154	1	84.00000000	80.00000000
16	155	1	84.00000000	80.00000000
16	156	1	84.00000000	80.00000000
16	157	1	84.00000000	80.00000000
16	158	1	84.00000000	80.00000000
16	159	1	84.00000000	80.00000000
16	160	1	84.00000000	80.00000000
16	161	1	84.00000000	80.00000000
16	162	1	84.00000000	80.00000000
16	163	1	84.00000000	80.00000000
16	164	1	84.00000000	80.00000000
16	165	1	84.00000000	80.00000000
16	166	1	84.00000000	80.00000000
16	167	1	84.00000000	80.00000000
16	168	1	84.00000000	80.00000000
16	169	1	84.00000000	80.00000000
16	170	1	84.00000000	80.00000000
16	171	1	84.00000000	80.00000000
16	172	1	84.00000000	80.00000000
16	173	1	84.00000000	80.00000000
16	174	1	84.00000000	80.00000000
16	175	1	84.00000000	80.00000000
16	176	1	84.00000000	80.00000000
16	177	1	84.00000000	80.00000000
16	178	1	84.00000000	80.00000000
16	179	1	84.00000000	80.00000000
16	180	1	84.00000000	80.00000000
16	181	1	84.00000000	80.00000000
16	182	1	84.00000000	80.00000000
16	183	1	84.00000000	80.00000000
16	184	1	84.00000000	80.00000000
16	185	1	84.00000000	80.00000000
16	186	1	84.00000000	80.00000000
16	187	1	84.00000000	80.00000000
16	188	1	84.00000000	80.00000000
16	189	1	84.00000000	80.00000000
16	190	1	84.00000000	80.00000000
16	191	1	84.00000000	80.00000000
16	192	1	84.00000000	80.00000000
16	193	1	84.00000000	80.00000000
16	194	1	84.00000000	80.00000000
16	195	1	84.00000000	80.00000000
16	196	1	84.00000000	80.00000000
16	197	1	84.00000000	80.00000000
16	198	1	84.00000000	80.00000000
16	199	1	84.00000000	80.00000000
16	200	1	84.00000000	80.00000000
16	201	1	84.00000000	80.00000000
16	202	1	84.00000000	80.00000000
16	203	1	84.00000000	80.00000000
16	204	1	84.00000000	80.00000000
16	205	1	84.00000000	80.00000000
16	206	1	84.00000000	80.00000000
16	207	1	84.00000000	80.00000000
16	208	1	84.00000000	80.00000000
16	209	1	84.00000000	80.00000000
16	210	1	84.00000000	80.00000000
16	211	1	84.00000000	80.00000000
16	212	1	84.00000000	80.00000000
16	213	1	84.00000000	80.00000000
16	214	1	84.00000000	80.00000000
16	215	1	84.00000000	80.00000000
16	216	1	84.00000000	80.00000000
16	217	1	84.00000000	80.00000000
16	218	1	84.00000000	80.00000000
16	219	1	84.00000000	80.00000000
17	0	1	84.00000000	80.00000000
17	1	1	84.00000000	80.00000000
17	2	1	84.00000000	80.00000000
17	3	1	84.00000000	80.00000000
17	4	1	84.00000000	80.00000000
17	5	1	84.00000000	80.00000000
17	6	1	84.00000000	80.00000000
17	7	1	84.00000000	80.00000000
17	8	1	84.00000000	80.00000000
17	9	1	84.00000000	80.00000000
17	10	1	84.00000000	80.00000000
17	11	1	84.00000000	80.00000000
17	12	1	84.00000000	80.00000000
17	13	1	84.00000000	80.00000000
17	14	1	84.00000000	80.00000000
17	15	1	84.00000000	80.00000000
17	16	1	84.00000000	80.00000000
17	17	1	84.00000000	80.00000000
17	18	1	84.00000000	80.00000000
17	19	1	84.00000000	80.00000000
17	20	1	84.00000000	80.00000000
17	21	1	84.00000000	80.00000000
17	22	1	84.00000000	80.00000000
17	23	1	84.00000000	80.00000000
17	24	1	84.00000000	80.00000000
17	25	1	84.00000000	80.00000000
17	26	1	84.00000000	80.00000000
17	27	1	84.00000000	80.00000000
17	28	1	84.00000000	80.00000000
17	29	1	84.00000000	80.00000000
17	30	1	84.00000000	80.00000000
17	31	1	84.00000000	80.00000000
17	32	1	84.00000000	80.00000000
17	33	1	84.00000000	80.00000000
17	34	1	84.00000000	80.00000000
17	35	1	84.00000000	80.00000000
17	36	1	84.00000000	80.00000000
17	37	1	84.00000000	80.00000000
17	38	1	84.00000000	80.00000000
17	39	1	84.00000000	80.00000000
17	40	1	84.00000000	80.00000000
17	41	1	84.00000000	80.00000000
17	42	1	84.00000000	80.00000000
17	43	1	84.00000000	80.00000000
17	44	1	84.00000000	80.00000000
17	45	1	84.00000000	80.00000000
17	46	1	84.00000000	80.00000000
17	47	1	84.00000000	80.00000000
17	48	1	84.00000000	80.00000000
17	49	1	84.00000000	80.00000000
17	50	1	84.00000000	80.00000000
17	51	1	84.00000000	80.00000000
17	52	1	84.00000000	80.00000000
17	53	1	84.00000000	80.00000000
17	54	1	84.00000000	80.00000000
17	55	1	84.00000000	80.00000000
17	56	1	84.00000000	80.00000000
17	57	1	84.00000000	80.00000000
17	58	1	84.00000000	80.00000000
17	59	1	84.00000000	80.00000000
17	60	1	84.00000000	80.00000000
17	61	1	84.00000000	80.00000000
17	62	1	84.00000000	80.00000000
17	63	1	84.00000000	80.00000000
17	64	1	84.00000000	80.00000000
17	65	1	84.00000000	80.00000000
17	66	1	84.00000000	80.00000000
17	67	1	84.00000000	80.00000000
17	68	1	84.00000000	80.00000000
17	69	1	84.00000000	80.00000000
17	70	1	84.00000000	80.00000000
17	71	1	84.00000000	80.00000000
17	72	1	84.00000000	80.00000000
17	73	1	84.00000000	80.00000000
17	74	1	84.00000000	80.00000000
17	75	1	84.00000000	80.00000000
17	76	1	84.00000000	80.00000000
17	77	1	84.00000000	80.00000000
17	78	1	84.00000000	80.00000000
17	79	1	84.00000000	80.00000000
17	80	1	84.00000000	80.00000000
17	81	1	84.00000000	80.00000000
17	82	1	84.00000000	80.00000000
17	83	1	84.00000000	80.00000000
17	84	1	84.00000000	80.00000000
17	85	1	84.00000000	80.00000000
17	86	1	84.00000000	80.00000000
17	87	1	84.00000000	80.00000000
17	88	1	84.00000000	80.00000000
17	89	1	84.00000000	80.00000000
17	90	1	84.00000000	80.00000000
17	91	1	84.00000000	80.00000000
17	92	1	84.00000000	80.00000000
17	93	1	84.00000000	80.00000000
17	94	1	84.00000000	80.00000000
17	95	1	84.00000000	80.00000000
17	96	1	84.00000000	80.00000000
17	97	1	84.00000000	80.00000000
17	98	1	84.00000000	80.00000000
17	99	1	84.00000000	80.00000000
17	100	1	84.00000000	80.00000000
17	101	1	84.00000000	80.00000000
17	102	1	84.00000000	80.00000000
17	103	1	84.00000000	80.00000000
17	104	1	84.00000000	80.00000000
17	105	1	84.00000000	80.00000000
17	106	1	84.00000000	80.00000000
17	107	1	84.00000000	80.00000000
17	108	1	84.00000000	80.00000000
17	109	1	84.00000000	80.00000000
17	110	1	84.00000000	80.00000000
17	111	1	84.00000000	80.00000000
17	112	1	84.00000000	80.00000000
17	113	1	84.00000000	80.00000000
17	114	1	84.00000000	80.00000000
17	115	1	84.00000000	80.00000000
17	116	1	84.00000000	80.00000000
17	117	1	84.00000000	80.00000000
17	118	1	84.00000000	80.00000000
17	119	1	84.00000000	80.00000000
17	120	1	84.00000000	80.00000000
17	121	1	84.00000000	80.00000000
17	122	1	84.00000000	80.00000000
17	123	1	84.00000000	80.00000000
17	124	1	84.00000000	80.00000000
17	125	1	84.00000000	80.00000000
17	126	1	84.00000000	80.00000000
17	127	1	84.00000000	80.00000000
17	128	1	84.00000000	80.00000000
17	129	1	84.00000000	80.00000000
17	130	1	84.00000000	80.00000000
17	131	1	84.00000000	80.00000000
17	132	1	84.00000000	80.00000000
17	133	1	84.00000000	80.00000000
17	134	1	84.00000000	80.00000000
17	135	1	84.00000000	80.00000000
17	136	1	84.00000000	80.00000000
17	137	1	84.00000000	80.00000000
17	138	1	84.00000000	80.00000000
17	139	1	84.00000000	80.00000000
17	140	1	84.00000000	80.00000000
17	141	1	84.00000000	80.00000000
17	142	1	84.00000000	80.00000000
17	143	1	84.00000000	80.00000000
17	144	1	84.00000000	80.00000000
17	145	1	84.00000000	80.00000000
17	146	1	84.00000000	80.00000000
17	147	1	84.00000000	80.00000000
17	148	1	84.00000000	80.00000000
17	149	1	84.00000000	80.00000000
17	150	1	84.00000000	80.00000000
17	151	1	84.00000000	80.00000000
17	152	1	84.00000000	80.00000000
17	153	1	84.00000000	80.00000000
17	154	1	84.00000000	80.00000000
17	155	1	84.00000000	80.00000000
17	156	1	84.00000000	80.00000000
17	157	1	84.00000000	80.00000000
17	158	1	84.00000000	80.00000000
17	159	1	84.00000000	80.00000000
17	160	1	84.00000000	80.00000000
17	161	1	84.00000000	80.00000000
17	162	1	84.00000000	80.00000000
17	163	1	84.00000000	80.00000000
17	164	1	84.00000000	80.00000000
17	165	1	84.00000000	80.00000000
17	166	1	84.00000000	80.00000000
17	167	1	84.00000000	80.00000000
17	168	1	84.00000000	80.00000000
17	169	1	84.00000000	80.00000000
17	170	1	84.00000000	80.00000000
17	171	1	84.00000000	80.00000000
17	172	1	84.00000000	80.00000000
17	173	1	84.00000000	80.00000000
17	174	1	84.00000000	80.00000000
17	175	1	84.00000000	80.00000000
17	176	1	84.00000000	80.00000000
17	177	1	84.00000000	80.00000000
17	178	1	84.00000000	80.00000000
17	179	1	84.00000000	80.00000000
17	180	1	84.00000000	80.00000000
17	181	1	84.00000000	80.00000000
17	182	1	84.00000000	80.00000000
17	183	1	84.00000000	80.00000000
17	184	1	84.00000000	80.00000000
17	185	1	84.00000000	80.00000000
17	186	1	84.00000000	80.00000000
17	187	1	84.00000000	80.00000000
17	188	1	84.00000000	80.00000000
17	189	1	84.00000000	80.00000000
17	190	1	84.00000000	80.00000000
17	191	1	84.00000000	80.00000000
17	192	1	84.00000000	80.00000000
17	193	1	84.00000000	80.00000000
17	194	1	84.00000000	80.00000000
17	195	1	84.00000000	80.00000000
17	196	1	84.00000000	80.00000000
17	197	1	84.00000000	80.00000000
17	198	1	84.00000000	80.00000000
17	199	1	84.00000000	80.00000000
17	200	1	84.00000000	80.00000000
17	201	1	84.00000000	80.00000000
17	202	1	84.00000000	80.00000000
17	203	1	84.00000000	80.00000000
17	204	1	84.00000000	80.00000000
17	205	1	84.00000000	80.00000000
17	206	1	84.00000000	80.00000000
17	207	1	84.00000000	80.00000000
17	208	1	84.00000000	80.00000000
17	209	1	84.00000000	80.00000000
17	210	1	84.00000000	80.00000000
17	211	1	84.00000000	80.00000000
17	212	1	84.00000000	80.00000000
17	213	1	84.00000000	80.00000000
17	214	1	84.00000000	80.00000000
17	215	1	84.00000000	80.00000000
17	216	1	84.00000000	80.00000000
17	217	1	84.00000000	80.00000000
17	218	1	84.00000000	80.00000000
17	219	1	84.00000000	80.00000000
17	220	1	84.00000000	80.00000000
17	221	1	84.00000000	80.00000000
17	222	1	84.00000000	80.00000000
17	223	1	84.00000000	80.00000000
18	0	1	84.00000000	80.00000000
18	1	1	84.00000000	80.00000000
18	2	1	84.00000000	80.00000000
18	3	1	84.00000000	80.00000000
18	4	1	84.00000000	80.00000000
18	5	1	84.00000000	80.00000000
18	6	1	84.00000000	80.00000000
18	7	1	84.00000000	80.00000000
18	8	1	84.00000000	80.00000000
18	9	1	84.00000000	80.00000000
18	10	1	84.00000000	80.00000000
18	11	1	84.00000000	80.00000000
18	12	1	84.00000000	80.00000000
18	13	1	84.00000000	80.00000000
18	14	1	84.00000000	80.00000000
18	15	1	84.00000000	80.00000000
18	16	1	84.00000000	80.00000000
18	17	1	84.00000000	80.00000000
18	18	1	84.00000000	80.00000000
18	19	1	84.00000000	80.00000000
18	20	1	84.00000000	80.00000000
18	21	1	84.00000000	80.00000000
18	22	1	84.00000000	80.00000000
18	23	1	84.00000000	80.00000000
18	24	1	84.00000000	80.00000000
18	25	1	84.00000000	80.00000000
18	26	1	84.00000000	80.00000000
18	27	1	84.00000000	80.00000000
18	28	1	84.00000000	80.00000000
18	29	1	84.00000000	80.00000000
18	30	1	84.00000000	80.00000000
18	31	1	84.00000000	80.00000000
18	32	1	84.00000000	80.00000000
18	33	1	84.00000000	80.00000000
18	34	1	84.00000000	80.00000000
18	35	1	84.00000000	80.00000000
18	36	1	84.00000000	80.00000000
18	37	1	84.00000000	80.00000000
18	38	1	84.00000000	80.00000000
18	39	1	84.00000000	80.00000000
18	40	1	84.00000000	80.00000000
18	41	1	84.00000000	80.00000000
18	42	1	84.00000000	80.00000000
18	43	1	84.00000000	80.00000000
18	44	1	84.00000000	80.00000000
18	45	1	84.00000000	80.00000000
18	46	1	84.00000000	80.00000000
18	47	1	84.00000000	80.00000000
18	48	1	84.00000000	80.00000000
18	49	1	84.00000000	80.00000000
18	50	1	84.00000000	80.00000000
18	51	1	84.00000000	80.00000000
18	52	1	84.00000000	80.00000000
18	53	1	84.00000000	80.00000000
18	54	1	84.00000000	80.00000000
18	55	1	84.00000000	80.00000000
18	56	1	84.00000000	80.00000000
18	57	1	84.00000000	80.00000000
18	58	1	84.00000000	80.00000000
18	59	1	84.00000000	80.00000000
18	60	1	84.00000000	80.00000000
18	61	1	84.00000000	80.00000000
18	62	1	84.00000000	80.00000000
18	63	1	84.00000000	80.00000000
18	64	1	84.00000000	80.00000000
18	65	1	84.00000000	80.00000000
18	66	1	84.00000000	80.00000000
18	67	1	84.00000000	80.00000000
18	68	1	84.00000000	80.00000000
18	69	1	84.00000000	80.00000000
18	70	1	84.00000000	80.00000000
18	71	1	84.00000000	80.00000000
18	72	1	84.00000000	80.00000000
18	73	1	84.00000000	80.00000000
18	74	1	84.00000000	80.00000000
18	75	1	84.00000000	80.00000000
18	76	1	84.00000000	80.00000000
18	77	1	84.00000000	80.00000000
18	78	1	84.00000000	80.00000000
18	79	1	84.00000000	80.00000000
18	80	1	84.00000000	80.00000000
18	81	1	84.00000000	80.00000000
18	82	1	84.00000000	80.00000000
18	83	1	84.00000000	80.00000000
18	84	1	84.00000000	80.00000000
18	85	1	84.00000000	80.00000000
18	86	1	84.00000000	80.00000000
18	87	1	84.00000000	80.00000000
18	88	1	84.00000000	80.00000000
18	89	1	84.00000000	80.00000000
18	90	1	84.00000000	80.00000000
18	91	1	84.00000000	80.00000000
18	92	1	84.00000000	80.00000000
18	93	1	84.00000000	80.00000000
18	94	1	84.00000000	80.00000000
18	95	1	84.00000000	80.00000000
18	96	1	84.00000000	80.00000000
18	97	1	84.00000000	80.00000000
18	98	1	84.00000000	80.00000000
18	99	1	84.00000000	80.00000000
18	100	1	84.00000000	80.00000000
18	101	1	84.00000000	80.00000000
18	102	1	84.00000000	80.00000000
18	103	1	84.00000000	80.00000000
18	104	1	84.00000000	80.00000000
18	105	1	84.00000000	80.00000000
18	106	1	84.00000000	80.00000000
18	107	1	84.00000000	80.00000000
18	108	1	84.00000000	80.00000000
18	109	1	84.00000000	80.00000000
18	110	1	84.00000000	80.00000000
18	111	1	84.00000000	80.00000000
18	112	1	84.00000000	80.00000000
18	113	1	84.00000000	80.00000000
18	114	1	84.00000000	80.00000000
18	115	1	84.00000000	80.00000000
18	116	1	84.00000000	80.00000000
18	117	1	84.00000000	80.00000000
18	118	1	84.00000000	80.00000000
18	119	1	84.00000000	80.00000000
18	120	1	84.00000000	80.00000000
18	121	1	84.00000000	80.00000000
18	122	1	84.00000000	80.00000000
18	123	1	84.00000000	80.00000000
18	124	1	84.00000000	80.00000000
18	125	1	84.00000000	80.00000000
18	126	1	84.00000000	80.00000000
18	127	1	84.00000000	80.00000000
18	128	1	84.00000000	80.00000000
18	129	1	84.00000000	80.00000000
18	130	1	84.00000000	80.00000000
18	131	1	84.00000000	80.00000000
18	132	1	84.00000000	80.00000000
18	133	1	84.00000000	80.00000000
18	134	1	84.00000000	80.00000000
18	135	1	84.00000000	80.00000000
18	136	1	84.00000000	80.00000000
18	137	1	84.00000000	80.00000000
18	138	1	84.00000000	80.00000000
18	139	1	84.00000000	80.00000000
18	140	1	84.00000000	80.00000000
18	141	1	84.00000000	80.00000000
18	142	1	84.00000000	80.00000000
18	143	1	84.00000000	80.00000000
18	144	1	84.00000000	80.00000000
18	145	1	84.00000000	80.00000000
18	146	1	84.00000000	80.00000000
18	147	1	84.00000000	80.00000000
18	148	1	84.00000000	80.00000000
18	149	1	84.00000000	80.00000000
18	150	1	84.00000000	80.00000000
18	151	1	84.00000000	80.00000000
18	152	1	84.00000000	80.00000000
18	153	1	84.00000000	80.00000000
18	154	1	84.00000000	80.00000000
18	155	1	84.00000000	80.00000000
18	156	1	84.00000000	80.00000000
18	157	1	84.00000000	80.00000000
18	158	1	84.00000000	80.00000000
18	159	1	84.00000000	80.00000000
18	160	1	84.00000000	80.00000000
18	161	1	84.00000000	80.00000000
18	162	1	84.00000000	80.00000000
18	163	1	84.00000000	80.00000000
18	164	1	84.00000000	80.00000000
18	165	1	84.00000000	80.00000000
18	166	1	84.00000000	80.00000000
18	167	1	84.00000000	80.00000000
18	168	1	84.00000000	80.00000000
18	169	1	84.00000000	80.00000000
18	170	1	84.00000000	80.00000000
18	171	1	84.00000000	80.00000000
18	172	1	84.00000000	80.00000000
18	173	1	84.00000000	80.00000000
18	174	1	84.00000000	80.00000000
18	175	1	84.00000000	80.00000000
18	176	1	84.00000000	80.00000000
18	177	1	84.00000000	80.00000000
18	178	1	84.00000000	80.00000000
18	179	1	84.00000000	80.00000000
18	180	1	84.00000000	80.00000000
18	181	1	84.00000000	80.00000000
18	182	1	84.00000000	80.00000000
18	183	1	84.00000000	80.00000000
18	184	1	84.00000000	80.00000000
18	185	1	84.00000000	80.00000000
18	186	1	84.00000000	80.00000000
18	187	1	84.00000000	80.00000000
18	188	1	84.00000000	80.00000000
18	189	1	84.00000000	80.00000000
18	190	1	84.00000000	80.00000000
18	191	1	84.00000000	80.00000000
18	192	1	84.00000000	80.00000000
18	193	1	84.00000000	80.00000000
18	194	1	84.00000000	80.00000000
18	195	1	84.00000000	80.00000000
18	196	1	84.00000000	80.00000000
18	197	1	84.00000000	80.00000000
18	198	1	84.00000000	80.00000000
18	199	1	84.00000000	80.00000000
18	200	1	84.00000000	80.00000000
18	201	1	84.00000000	80.00000000
18	202	1	84.00000000	80.00000000
18	203	1	84.00000000	80.00000000
18	204	1	84.00000000	80.00000000
18	205	1	84.00000000	80.00000000
18	206	1	84.00000000	80.00000000
18	207	1	84.00000000	80.00000000
18	208	1	84.00000000	80.00000000
18	209	1	84.00000000	80.00000000
18	210	1	84.00000000	80.00000000
18	211	1	84.00000000	80.00000000
18	212	1	84.00000000	80.00000000
18	213	1	84.00000000	80.00000000
18	214	1	84.00000000	80.00000000
18	215	1	84.00000000	80.00000000
18	216	1	84.00000000	80.00000000
18	217	1	84.00000000	80.00000000
18	218	1	84.00000000	80.00000000
18	219	1	84.00000000	80.00000000
18	220	1	84.00000000	80.00000000
18	221	1	84.00000000	80.00000000
18	222	1	84.00000000	80.00000000
18	223	1	84.00000000	80.00000000
18	224	1	84.00000000	80.00000000
18	225	1	84.00000000	80.00000000
18	226	1	84.00000000	80.00000000
18	227	1	84.00000000	80.00000000
18	228	1	84.00000000	80.00000000
18	229	1	84.00000000	80.00000000
18	230	1	84.00000000	80.00000000
18	231	1	84.00000000	80.00000000
19	0	1	84.00000000	80.00000000
19	1	1	84.00000000	80.00000000
19	2	1	84.00000000	80.00000000
19	3	1	84.00000000	80.00000000
19	4	1	84.00000000	80.00000000
19	5	1	84.00000000	80.00000000
19	6	1	84.00000000	80.00000000
19	7	1	84.00000000	80.00000000
19	8	1	84.00000000	80.00000000
19	9	1	84.00000000	80.00000000
19	10	1	84.00000000	80.00000000
19	11	1	84.00000000	80.00000000
19	12	1	84.00000000	80.00000000
19	13	1	84.00000000	80.00000000
19	14	1	84.00000000	80.00000000
19	15	1	84.00000000	80.00000000
19	16	1	84.00000000	80.00000000
19	17	1	84.00000000	80.00000000
19	18	1	84.00000000	80.00000000
19	19	1	84.00000000	80.00000000
19	20	1	84.00000000	80.00000000
19	21	1	84.00000000	80.00000000
19	22	1	84.00000000	80.00000000
19	23	1	84.00000000	80.00000000
19	24	1	84.00000000	80.00000000
19	25	1	84.00000000	80.00000000
19	26	1	84.00000000	80.00000000
19	27	1	84.00000000	80.00000000
19	28	1	84.00000000	80.00000000
19	29	1	84.00000000	80.00000000
19	30	1	84.00000000	80.00000000
19	31	1	84.00000000	80.00000000
19	32	1	84.00000000	80.00000000
19	33	1	84.00000000	80.00000000
19	34	1	84.00000000	80.00000000
19	35	1	84.00000000	80.00000000
19	36	1	84.00000000	80.00000000
19	37	1	84.00000000	80.00000000
19	38	1	84.00000000	80.00000000
19	39	1	84.00000000	80.00000000
19	40	1	84.00000000	80.00000000
19	41	1	84.00000000	80.00000000
19	42	1	84.00000000	80.00000000
19	43	1	84.00000000	80.00000000
19	44	1	84.00000000	80.00000000
19	45	1	84.00000000	80.00000000
19	46	1	84.00000000	80.00000000
19	47	1	84.00000000	80.00000000
19	48	1	84.00000000	80.00000000
19	49	1	84.00000000	80.00000000
19	50	1	84.00000000	80.00000000
19	51	1	84.00000000	80.00000000
19	52	1	84.00000000	80.00000000
19	53	1	84.00000000	80.00000000
19	54	1	84.00000000	80.00000000
19	55	1	84.00000000	80.00000000
19	56	1	84.00000000	80.00000000
19	57	1	84.00000000	80.00000000
19	58	1	84.00000000	80.00000000
19	59	1	84.00000000	80.00000000
19	60	1	84.00000000	80.00000000
19	61	1	84.00000000	80.00000000
19	62	1	84.00000000	80.00000000
19	63	1	84.00000000	80.00000000
19	64	1	84.00000000	80.00000000
19	65	1	84.00000000	80.00000000
19	66	1	84.00000000	80.00000000
19	67	1	84.00000000	80.00000000
19	68	1	84.00000000	80.00000000
19	69	1	84.00000000	80.00000000
19	70	1	84.00000000	80.00000000
19	71	1	84.00000000	80.00000000
19	72	1	84.00000000	80.00000000
19	73	1	84.00000000	80.00000000
19	74	1	84.00000000	80.00000000
19	75	1	84.00000000	80.00000000
19	76	1	84.00000000	80.00000000
19	77	1	84.00000000	80.00000000
19	78	1	84.00000000	80.00000000
19	79	1	84.00000000	80.00000000
19	80	1	84.00000000	80.00000000
19	81	1	84.00000000	80.00000000
19	82	1	84.00000000	80.00000000
19	83	1	84.00000000	80.00000000
19	84	1	84.00000000	80.00000000
19	85	1	84.00000000	80.00000000
19	86	1	84.00000000	80.00000000
19	87	1	84.00000000	80.00000000
19	88	1	84.00000000	80.00000000
19	89	1	84.00000000	80.00000000
19	90	1	84.00000000	80.00000000
19	91	1	84.00000000	80.00000000
19	92	1	84.00000000	80.00000000
19	93	1	84.00000000	80.00000000
19	94	1	84.00000000	80.00000000
19	95	1	84.00000000	80.00000000
19	96	1	84.00000000	80.00000000
19	97	1	84.00000000	80.00000000
19	98	1	84.00000000	80.00000000
19	99	1	84.00000000	80.00000000
19	100	1	84.00000000	80.00000000
19	101	1	84.00000000	80.00000000
19	102	1	84.00000000	80.00000000
19	103	1	84.00000000	80.00000000
19	104	1	84.00000000	80.00000000
19	105	1	84.00000000	80.00000000
19	106	1	84.00000000	80.00000000
19	107	1	84.00000000	80.00000000
19	108	1	84.00000000	80.00000000
19	109	1	84.00000000	80.00000000
19	110	1	84.00000000	80.00000000
19	111	1	84.00000000	80.00000000
19	112	1	84.00000000	80.00000000
19	113	1	84.00000000	80.00000000
19	114	1	84.00000000	80.00000000
19	115	1	84.00000000	80.00000000
19	116	1	84.00000000	80.00000000
19	117	1	84.00000000	80.00000000
19	118	1	84.00000000	80.00000000
19	119	1	84.00000000	80.00000000
19	120	1	84.00000000	80.00000000
19	121	1	84.00000000	80.00000000
19	122	1	84.00000000	80.00000000
19	123	1	84.00000000	80.00000000
19	124	1	84.00000000	80.00000000
19	125	1	84.00000000	80.00000000
19	126	1	84.00000000	80.00000000
19	127	1	84.00000000	80.00000000
19	128	1	84.00000000	80.00000000
19	129	1	84.00000000	80.00000000
19	130	1	84.00000000	80.00000000
19	131	1	84.00000000	80.00000000
19	132	1	84.00000000	80.00000000
19	133	1	84.00000000	80.00000000
19	134	1	84.00000000	80.00000000
19	135	1	84.00000000	80.00000000
19	136	1	84.00000000	80.00000000
19	137	1	84.00000000	80.00000000
19	138	1	84.00000000	80.00000000
19	139	1	84.00000000	80.00000000
19	140	1	84.00000000	80.00000000
19	141	1	84.00000000	80.00000000
19	142	1	84.00000000	80.00000000
19	143	1	84.00000000	80.00000000
19	144	1	84.00000000	80.00000000
19	145	1	84.00000000	80.00000000
19	146	1	84.00000000	80.00000000
19	147	1	84.00000000	80.00000000
19	148	1	84.00000000	80.00000000
19	149	1	84.00000000	80.00000000
19	150	1	84.00000000	80.00000000
19	151	1	84.00000000	80.00000000
19	152	1	84.00000000	80.00000000
19	153	1	84.00000000	80.00000000
19	154	1	84.00000000	80.00000000
19	155	1	84.00000000	80.00000000
19	156	1	84.00000000	80.00000000
19	157	1	84.00000000	80.00000000
19	158	1	84.00000000	80.00000000
19	159	1	84.00000000	80.00000000
19	160	1	84.00000000	80.00000000
19	161	1	84.00000000	80.00000000
19	162	1	84.00000000	80.00000000
19	163	1	84.00000000	80.00000000
19	164	1	84.00000000	80.00000000
19	165	1	84.00000000	80.00000000
19	166	1	84.00000000	80.00000000
19	167	1	84.00000000	80.00000000
19	168	1	84.00000000	80.00000000
19	169	1	84.00000000	80.00000000
19	170	1	84.00000000	80.00000000
19	171	1	84.00000000	80.00000000
19	172	1	84.00000000	80.00000000
19	173	1	84.00000000	80.00000000
19	174	1	84.00000000	80.00000000
19	175	1	84.00000000	80.00000000
19	176	1	84.00000000	80.00000000
19	177	1	84.00000000	80.00000000
19	178	1	84.00000000	80.00000000
19	179	1	84.00000000	80.00000000
19	180	1	84.00000000	80.00000000
19	181	1	84.00000000	80.00000000
19	182	1	84.00000000	80.00000000
19	183	1	84.00000000	80.00000000
19	184	1	84.00000000	80.00000000
19	185	1	84.00000000	80.00000000
19	186	1	84.00000000	80.00000000
19	187	1	84.00000000	80.00000000
19	188	1	84.00000000	80.00000000
19	189	1	84.00000000	80.00000000
19	190	1	84.00000000	80.00000000
19	191	1	84.00000000	80.00000000
19	192	1	84.00000000	80.00000000
19	193	1	84.00000000	80.00000000
19	194	1	84.00000000	80.00000000
19	195	1	84.00000000	80.00000000
19	196	1	84.00000000	80.00000000
19	197	1	84.00000000	80.00000000
19	198	1	84.00000000	80.00000000
19	199	1	84.00000000	80.00000000
19	200	1	84.00000000	80.00000000
19	201	1	84.00000000	80.00000000
19	202	1	84.00000000	80.00000000
19	203	1	84.00000000	80.00000000
19	204	1	84.00000000	80.00000000
19	205	1	84.00000000	80.00000000
19	206	1	84.00000000	80.00000000
19	207	1	84.00000000	80.00000000
19	208	1	84.00000000	80.00000000
19	209	1	84.00000000	80.00000000
19	210	1	84.00000000	80.00000000
19	211	1	84.00000000	80.00000000
19	212	1	84.00000000	80.00000000
19	213	1	84.00000000	80.00000000
19	214	1	84.00000000	80.00000000
19	215	1	84.00000000	80.00000000
19	216	1	84.00000000	80.00000000
19	217	1	84.00000000	80.00000000
19	218	1	84.00000000	80.00000000
19	219	1	84.00000000	80.00000000
19	220	1	84.00000000	80.00000000
19	221	1	84.00000000	80.00000000
19	222	1	84.00000000	80.00000000
19	223	1	84.00000000	80.00000000
19	224	1	84.00000000	80.00000000
19	225	1	84.00000000	80.00000000
19	226	1	84.00000000	80.00000000
19	227	1	84.00000000	80.00000000
19	228	1	84.00000000	80.00000000
19	229	1	84.00000000	80.00000000
19	230	1	84.00000000	80.00000000
19	231	1	84.00000000	80.00000000
19	232	1	84.00000000	80.00000000
19	233	1	84.00000000	80.00000000
19	234	1	84.00000000	80.00000000
19	235	1	84.00000000	80.00000000
19	236	1	84.00000000	80.00000000
19	237	1	84.00000000	80.00000000
20	0	1	84.00000000	80.00000000
20	1	1	84.00000000	80.00000000
20	2	1	84.00000000	80.00000000
20	3	1	84.00000000	80.00000000
20	4	1	84.00000000	80.00000000
20	5	1	84.00000000	80.00000000
20	6	1	84.00000000	80.00000000
20	7	1	84.00000000	80.00000000
20	8	1	84.00000000	80.00000000
20	9	1	84.00000000	80.00000000
20	10	1	84.00000000	80.00000000
20	11	1	84.00000000	80.00000000
20	12	1	84.00000000	80.00000000
20	13	1	84.00000000	80.00000000
20	14	1	84.00000000	80.00000000
20	15	1	84.00000000	80.00000000
20	16	1	84.00000000	80.00000000
20	17	1	84.00000000	80.00000000
20	18	1	84.00000000	80.00000000
20	19	1	84.00000000	80.00000000
20	20	1	84.00000000	80.00000000
20	21	1	84.00000000	80.00000000
20	22	1	84.00000000	80.00000000
20	23	1	84.00000000	80.00000000
20	24	1	84.00000000	80.00000000
20	25	1	84.00000000	80.00000000
20	26	1	84.00000000	80.00000000
20	27	1	84.00000000	80.00000000
20	28	1	84.00000000	80.00000000
20	29	1	84.00000000	80.00000000
20	30	1	84.00000000	80.00000000
20	31	1	84.00000000	80.00000000
20	32	1	84.00000000	80.00000000
20	33	1	84.00000000	80.00000000
20	34	1	84.00000000	80.00000000
20	35	1	84.00000000	80.00000000
20	36	1	84.00000000	80.00000000
20	37	1	84.00000000	80.00000000
20	38	1	84.00000000	80.00000000
20	39	1	84.00000000	80.00000000
20	40	1	84.00000000	80.00000000
20	41	1	84.00000000	80.00000000
20	42	1	84.00000000	80.00000000
20	43	1	84.00000000	80.00000000
20	44	1	84.00000000	80.00000000
20	45	1	84.00000000	80.00000000
20	46	1	84.00000000	80.00000000
20	47	1	84.00000000	80.00000000
20	48	1	84.00000000	80.00000000
20	49	1	84.00000000	80.00000000
20	50	1	84.00000000	80.00000000
20	51	1	84.00000000	80.00000000
20	52	1	84.00000000	80.00000000
20	53	1	84.00000000	80.00000000
20	54	1	84.00000000	80.00000000
20	55	1	84.00000000	80.00000000
20	56	1	84.00000000	80.00000000
20	57	1	84.00000000	80.00000000
20	58	1	84.00000000	80.00000000
20	59	1	84.00000000	80.00000000
20	60	1	84.00000000	80.00000000
20	61	1	84.00000000	80.00000000
20	62	1	84.00000000	80.00000000
20	63	1	84.00000000	80.00000000
20	64	1	84.00000000	80.00000000
20	65	1	84.00000000	80.00000000
20	66	1	84.00000000	80.00000000
20	67	1	84.00000000	80.00000000
20	68	1	84.00000000	80.00000000
20	69	1	84.00000000	80.00000000
20	70	1	84.00000000	80.00000000
20	71	1	84.00000000	80.00000000
20	72	1	84.00000000	80.00000000
20	73	1	84.00000000	80.00000000
20	74	1	84.00000000	80.00000000
20	75	1	84.00000000	80.00000000
20	76	1	84.00000000	80.00000000
20	77	1	84.00000000	80.00000000
20	78	1	84.00000000	80.00000000
20	79	1	84.00000000	80.00000000
20	80	1	84.00000000	80.00000000
20	81	1	84.00000000	80.00000000
20	82	1	84.00000000	80.00000000
20	83	1	84.00000000	80.00000000
20	84	1	84.00000000	80.00000000
20	85	1	84.00000000	80.00000000
20	86	1	84.00000000	80.00000000
20	87	1	84.00000000	80.00000000
20	88	1	84.00000000	80.00000000
20	89	1	84.00000000	80.00000000
20	90	1	84.00000000	80.00000000
20	91	1	84.00000000	80.00000000
20	92	1	84.00000000	80.00000000
20	93	1	84.00000000	80.00000000
20	94	1	84.00000000	80.00000000
20	95	1	84.00000000	80.00000000
20	96	1	84.00000000	80.00000000
20	97	1	84.00000000	80.00000000
20	98	1	84.00000000	80.00000000
20	99	1	84.00000000	80.00000000
20	100	1	84.00000000	80.00000000
20	101	1	84.00000000	80.00000000
20	102	1	84.00000000	80.00000000
20	103	1	84.00000000	80.00000000
20	104	1	84.00000000	80.00000000
20	105	1	84.00000000	80.00000000
20	106	1	84.00000000	80.00000000
20	107	1	84.00000000	80.00000000
20	108	1	84.00000000	80.00000000
20	109	1	84.00000000	80.00000000
20	110	1	84.00000000	80.00000000
20	111	1	84.00000000	80.00000000
20	112	1	84.00000000	80.00000000
20	113	1	84.00000000	80.00000000
20	114	1	84.00000000	80.00000000
20	115	1	84.00000000	80.00000000
20	116	1	84.00000000	80.00000000
20	117	1	84.00000000	80.00000000
20	118	1	84.00000000	80.00000000
20	119	1	84.00000000	80.00000000
20	120	1	84.00000000	80.00000000
20	121	1	84.00000000	80.00000000
20	122	1	84.00000000	80.00000000
20	123	1	84.00000000	80.00000000
20	124	1	84.00000000	80.00000000
20	125	1	84.00000000	80.00000000
20	126	1	84.00000000	80.00000000
20	127	1	84.00000000	80.00000000
20	128	1	84.00000000	80.00000000
20	129	1	84.00000000	80.00000000
20	130	1	84.00000000	80.00000000
20	131	1	84.00000000	80.00000000
20	132	1	84.00000000	80.00000000
20	133	1	84.00000000	80.00000000
20	134	1	84.00000000	80.00000000
20	135	1	84.00000000	80.00000000
20	136	1	84.00000000	80.00000000
20	137	1	84.00000000	80.00000000
20	138	1	84.00000000	80.00000000
20	139	1	84.00000000	80.00000000
20	140	1	84.00000000	80.00000000
20	141	1	84.00000000	80.00000000
20	142	1	84.00000000	80.00000000
20	143	1	84.00000000	80.00000000
20	144	1	84.00000000	80.00000000
20	145	1	84.00000000	80.00000000
20	146	1	84.00000000	80.00000000
20	147	1	84.00000000	80.00000000
20	148	1	84.00000000	80.00000000
20	149	1	84.00000000	80.00000000
20	150	1	84.00000000	80.00000000
20	151	1	84.00000000	80.00000000
20	152	1	84.00000000	80.00000000
20	153	1	84.00000000	80.00000000
20	154	1	84.00000000	80.00000000
20	155	1	84.00000000	80.00000000
20	156	1	84.00000000	80.00000000
20	157	1	84.00000000	80.00000000
20	158	1	84.00000000	80.00000000
20	159	1	84.00000000	80.00000000
20	160	1	84.00000000	80.00000000
20	161	1	84.00000000	80.00000000
20	162	1	84.00000000	80.00000000
20	163	1	84.00000000	80.00000000
20	164	1	84.00000000	80.00000000
20	165	1	84.00000000	80.00000000
20	166	1	84.00000000	80.00000000
20	167	1	84.00000000	80.00000000
20	168	1	84.00000000	80.00000000
20	169	1	84.00000000	80.00000000
20	170	1	84.00000000	80.00000000
20	171	1	84.00000000	80.00000000
20	172	1	84.00000000	80.00000000
20	173	1	84.00000000	80.00000000
20	174	1	84.00000000	80.00000000
20	175	1	84.00000000	80.00000000
20	176	1	84.00000000	80.00000000
20	177	1	84.00000000	80.00000000
20	178	1	84.00000000	80.00000000
20	179	1	84.00000000	80.00000000
20	180	1	84.00000000	80.00000000
20	181	1	84.00000000	80.00000000
20	182	1	84.00000000	80.00000000
20	183	1	84.00000000	80.00000000
20	184	1	84.00000000	80.00000000
20	185	1	84.00000000	80.00000000
20	186	1	84.00000000	80.00000000
20	187	1	84.00000000	80.00000000
20	188	1	84.00000000	80.00000000
20	189	1	84.00000000	80.00000000
20	190	1	84.00000000	80.00000000
20	191	1	84.00000000	80.00000000
20	192	1	84.00000000	80.00000000
20	193	1	84.00000000	80.00000000
20	194	1	84.00000000	80.00000000
20	195	1	84.00000000	80.00000000
20	196	1	84.00000000	80.00000000
20	197	1	84.00000000	80.00000000
20	198	1	84.00000000	80.00000000
20	199	1	84.00000000	80.00000000
20	200	1	84.00000000	80.00000000
20	201	1	84.00000000	80.00000000
20	202	1	84.00000000	80.00000000
20	203	1	84.00000000	80.00000000
20	204	1	84.00000000	80.00000000
20	205	1	84.00000000	80.00000000
20	206	1	84.00000000	80.00000000
20	207	1	84.00000000	80.00000000
20	208	1	84.00000000	80.00000000
20	209	1	84.00000000	80.00000000
20	210	1	84.00000000	80.00000000
20	211	1	84.00000000	80.00000000
20	212	1	84.00000000	80.00000000
20	213	1	84.00000000	80.00000000
20	214	1	84.00000000	80.00000000
20	215	1	84.00000000	80.00000000
20	216	1	84.00000000	80.00000000
20	217	1	84.00000000	80.00000000
20	218	1	84.00000000	80.00000000
20	219	1	84.00000000	80.00000000
20	220	1	84.00000000	80.00000000
20	221	1	84.00000000	80.00000000
20	222	1	84.00000000	80.00000000
20	223	1	84.00000000	80.00000000
20	224	1	84.00000000	80.00000000
20	225	1	84.00000000	80.00000000
20	226	1	84.00000000	80.00000000
20	227	1	84.00000000	80.00000000
20	228	1	84.00000000	80.00000000
20	229	1	84.00000000	80.00000000
20	230	1	84.00000000	80.00000000
20	231	1	84.00000000	80.00000000
20	232	1	84.00000000	80.00000000
20	233	1	84.00000000	80.00000000
20	234	1	84.00000000	80.00000000
20	235	1	84.00000000	80.00000000
20	236	1	84.00000000	80.00000000
20	237	1	84.00000000	80.00000000
20	238	1	84.00000000	80.00000000
20	239	1	84.00000000	80.00000000
20	240	1	84.00000000	80.00000000
20	241	1	84.00000000	80.00000000
20	242	1	84.00000000	80.00000000
20	243	1	84.00000000	80.00000000
21	0	1	84.00000000	80.00000000
21	1	1	84.00000000	80.00000000
21	2	1	84.00000000	80.00000000
21	3	1	84.00000000	80.00000000
21	4	1	84.00000000	80.00000000
21	5	1	84.00000000	80.00000000
21	6	1	84.00000000	80.00000000
21	7	1	84.00000000	80.00000000
21	8	1	84.00000000	80.00000000
21	9	1	84.00000000	80.00000000
21	10	1	84.00000000	80.00000000
21	11	1	84.00000000	80.00000000
21	12	1	84.00000000	80.00000000
21	13	1	84.00000000	80.00000000
21	14	1	84.00000000	80.00000000
21	15	1	84.00000000	80.00000000
21	16	1	84.00000000	80.00000000
21	17	1	84.00000000	80.00000000
21	18	1	84.00000000	80.00000000
21	19	1	84.00000000	80.00000000
21	20	1	84.00000000	80.00000000
21	21	1	84.00000000	80.00000000
21	22	1	84.00000000	80.00000000
21	23	1	84.00000000	80.00000000
21	24	1	84.00000000	80.00000000
21	25	1	84.00000000	80.00000000
21	26	1	84.00000000	80.00000000
21	27	1	84.00000000	80.00000000
21	28	1	84.00000000	80.00000000
21	29	1	84.00000000	80.00000000
21	30	1	84.00000000	80.00000000
21	31	1	84.00000000	80.00000000
21	32	1	84.00000000	80.00000000
21	33	1	84.00000000	80.00000000
21	34	1	84.00000000	80.00000000
21	35	1	84.00000000	80.00000000
21	36	1	84.00000000	80.00000000
21	37	1	84.00000000	80.00000000
21	38	1	84.00000000	80.00000000
21	39	1	84.00000000	80.00000000
21	40	1	84.00000000	80.00000000
21	41	1	84.00000000	80.00000000
21	42	1	84.00000000	80.00000000
21	43	1	84.00000000	80.00000000
21	44	1	84.00000000	80.00000000
21	45	1	84.00000000	80.00000000
21	46	1	84.00000000	80.00000000
21	47	1	84.00000000	80.00000000
21	48	1	84.00000000	80.00000000
21	49	1	84.00000000	80.00000000
21	50	1	84.00000000	80.00000000
21	51	1	84.00000000	80.00000000
21	52	1	84.00000000	80.00000000
21	53	1	84.00000000	80.00000000
21	54	1	84.00000000	80.00000000
21	55	1	84.00000000	80.00000000
21	56	1	84.00000000	80.00000000
21	57	1	84.00000000	80.00000000
21	58	1	84.00000000	80.00000000
21	59	1	84.00000000	80.00000000
21	60	1	84.00000000	80.00000000
21	61	1	84.00000000	80.00000000
21	62	1	84.00000000	80.00000000
21	63	1	84.00000000	80.00000000
21	64	1	84.00000000	80.00000000
21	65	1	84.00000000	80.00000000
21	66	1	84.00000000	80.00000000
21	67	1	84.00000000	80.00000000
21	68	1	84.00000000	80.00000000
21	69	1	84.00000000	80.00000000
21	70	1	84.00000000	80.00000000
21	71	1	84.00000000	80.00000000
21	72	1	84.00000000	80.00000000
21	73	1	84.00000000	80.00000000
21	74	1	84.00000000	80.00000000
21	75	1	84.00000000	80.00000000
21	76	1	84.00000000	80.00000000
21	77	1	84.00000000	80.00000000
21	78	1	84.00000000	80.00000000
21	79	1	84.00000000	80.00000000
21	80	1	84.00000000	80.00000000
21	81	1	84.00000000	80.00000000
21	82	1	84.00000000	80.00000000
21	83	1	84.00000000	80.00000000
21	84	1	84.00000000	80.00000000
21	85	1	84.00000000	80.00000000
21	86	1	84.00000000	80.00000000
21	87	1	84.00000000	80.00000000
21	88	1	84.00000000	80.00000000
21	89	1	84.00000000	80.00000000
21	90	1	84.00000000	80.00000000
21	91	1	84.00000000	80.00000000
21	92	1	84.00000000	80.00000000
21	93	1	84.00000000	80.00000000
21	94	1	84.00000000	80.00000000
21	95	1	84.00000000	80.00000000
21	96	1	84.00000000	80.00000000
21	97	1	84.00000000	80.00000000
21	98	1	84.00000000	80.00000000
21	99	1	84.00000000	80.00000000
21	100	1	84.00000000	80.00000000
21	101	1	84.00000000	80.00000000
21	102	1	84.00000000	80.00000000
21	103	1	84.00000000	80.00000000
21	104	1	84.00000000	80.00000000
21	105	1	84.00000000	80.00000000
21	106	1	84.00000000	80.00000000
21	107	1	84.00000000	80.00000000
21	108	1	84.00000000	80.00000000
21	109	1	84.00000000	80.00000000
21	110	1	84.00000000	80.00000000
21	111	1	84.00000000	80.00000000
21	112	1	84.00000000	80.00000000
21	113	1	84.00000000	80.00000000
21	114	1	84.00000000	80.00000000
21	115	1	84.00000000	80.00000000
21	116	1	84.00000000	80.00000000
21	117	1	84.00000000	80.00000000
21	118	1	84.00000000	80.00000000
21	119	1	84.00000000	80.00000000
21	120	1	84.00000000	80.00000000
21	121	1	84.00000000	80.00000000
21	122	1	84.00000000	80.00000000
21	123	1	84.00000000	80.00000000
21	124	1	84.00000000	80.00000000
21	125	1	84.00000000	80.00000000
21	126	1	84.00000000	80.00000000
21	127	1	84.00000000	80.00000000
21	128	1	84.00000000	80.00000000
21	129	1	84.00000000	80.00000000
21	130	1	84.00000000	80.00000000
21	131	1	84.00000000	80.00000000
21	132	1	84.00000000	80.00000000
21	133	1	84.00000000	80.00000000
21	134	1	84.00000000	80.00000000
21	135	1	84.00000000	80.00000000
21	136	1	84.00000000	80.00000000
21	137	1	84.00000000	80.00000000
21	138	1	84.00000000	80.00000000
21	139	1	84.00000000	80.00000000
21	140	1	84.00000000	80.00000000
21	141	1	84.00000000	80.00000000
21	142	1	84.00000000	80.00000000
21	143	1	84.00000000	80.00000000
21	144	1	84.00000000	80.00000000
21	145	1	84.00000000	80.00000000
21	146	1	84.00000000	80.00000000
21	147	1	84.00000000	80.00000000
21	148	1	84.00000000	80.00000000
21	149	1	84.00000000	80.00000000
21	150	1	84.00000000	80.00000000
21	151	1	84.00000000	80.00000000
21	152	1	84.00000000	80.00000000
21	153	1	84.00000000	80.00000000
21	154	1	84.00000000	80.00000000
21	155	1	84.00000000	80.00000000
21	156	1	84.00000000	80.00000000
21	157	1	84.00000000	80.00000000
21	158	1	84.00000000	80.00000000
21	159	1	84.00000000	80.00000000
21	160	1	84.00000000	80.00000000
21	161	1	84.00000000	80.00000000
21	162	1	84.00000000	80.00000000
21	163	1	84.00000000	80.00000000
21	164	1	84.00000000	80.00000000
21	165	1	84.00000000	80.00000000
21	166	1	84.00000000	80.00000000
21	167	1	84.00000000	80.00000000
21	168	1	84.00000000	80.00000000
21	169	1	84.00000000	80.00000000
21	170	1	84.00000000	80.00000000
21	171	1	84.00000000	80.00000000
21	172	1	84.00000000	80.00000000
21	173	1	84.00000000	80.00000000
21	174	1	84.00000000	80.00000000
21	175	1	84.00000000	80.00000000
21	176	1	84.00000000	80.00000000
21	177	1	84.00000000	80.00000000
21	178	1	84.00000000	80.00000000
21	179	1	84.00000000	80.00000000
21	180	1	84.00000000	80.00000000
21	181	1	84.00000000	80.00000000
21	182	1	84.00000000	80.00000000
21	183	1	84.00000000	80.00000000
21	184	1	84.00000000	80.00000000
21	185	1	84.00000000	80.00000000
21	186	1	84.00000000	80.00000000
21	187	1	84.00000000	80.00000000
21	188	1	84.00000000	80.00000000
21	189	1	84.00000000	80.00000000
21	190	1	84.00000000	80.00000000
21	191	1	84.00000000	80.00000000
21	192	1	84.00000000	80.00000000
21	193	1	84.00000000	80.00000000
21	194	1	84.00000000	80.00000000
21	195	1	84.00000000	80.00000000
21	196	1	84.00000000	80.00000000
21	197	1	84.00000000	80.00000000
21	198	1	84.00000000	80.00000000
21	199	1	84.00000000	80.00000000
21	200	1	84.00000000	80.00000000
21	201	1	84.00000000	80.00000000
21	202	1	84.00000000	80.00000000
21	203	1	84.00000000	80.00000000
21	204	1	84.00000000	80.00000000
21	205	1	84.00000000	80.00000000
21	206	1	84.00000000	80.00000000
21	207	1	84.00000000	80.00000000
21	208	1	84.00000000	80.00000000
21	209	1	84.00000000	80.00000000
21	210	1	84.00000000	80.00000000
21	211	1	84.00000000	80.00000000
21	212	1	84.00000000	80.00000000
21	213	1	84.00000000	80.00000000
21	214	1	84.00000000	80.00000000
21	215	1	84.00000000	80.00000000
21	216	1	84.00000000	80.00000000
21	217	1	84.00000000	80.00000000
21	218	1	84.00000000	80.00000000
21	219	1	84.00000000	80.00000000
21	220	1	84.00000000	80.00000000
21	221	1	84.00000000	80.00000000
21	222	1	84.00000000	80.00000000
21	223	1	84.00000000	80.00000000
21	224	1	84.00000000	80.00000000
21	225	1	84.00000000	80.00000000
21	226	1	84.00000000	80.00000000
21	227	1	84.00000000	80.00000000
21	228	1	84.00000000	80.00000000
21	229	1	84.00000000	80.00000000
21	230	1	84.00000000	80.00000000
21	231	1	84.00000000	80.00000000
22	0	1	84.00000000	80.00000000
22	1	1	84.00000000	80.00000000
22	2	1	84.00000000	80.00000000
22	3	1	84.00000000	80.00000000
22	4	1	84.00000000	80.00000000
22	5	1	84.00000000	80.00000000
22	6	1	84.00000000	80.00000000
22	7	1	84.00000000	80.00000000
22	8	1	84.00000000	80.00000000
22	9	1	84.00000000	80.00000000
22	10	1	84.00000000	80.00000000
22	11	1	84.00000000	80.00000000
22	12	1	84.00000000	80.00000000
22	13	1	84.00000000	80.00000000
22	14	1	84.00000000	80.00000000
22	15	1	84.00000000	80.00000000
22	16	1	84.00000000	80.00000000
22	17	1	84.00000000	80.00000000
22	18	1	84.00000000	80.00000000
22	19	1	84.00000000	80.00000000
22	20	1	84.00000000	80.00000000
22	21	1	84.00000000	80.00000000
22	22	1	84.00000000	80.00000000
22	23	1	84.00000000	80.00000000
22	24	1	84.00000000	80.00000000
22	25	1	84.00000000	80.00000000
22	26	1	84.00000000	80.00000000
22	27	1	84.00000000	80.00000000
22	28	1	84.00000000	80.00000000
22	29	1	84.00000000	80.00000000
22	30	1	84.00000000	80.00000000
22	31	1	84.00000000	80.00000000
22	32	1	84.00000000	80.00000000
22	33	1	84.00000000	80.00000000
22	34	1	84.00000000	80.00000000
22	35	1	84.00000000	80.00000000
22	36	1	84.00000000	80.00000000
22	37	1	84.00000000	80.00000000
22	38	1	84.00000000	80.00000000
22	39	1	84.00000000	80.00000000
22	40	1	84.00000000	80.00000000
22	41	1	84.00000000	80.00000000
22	42	1	84.00000000	80.00000000
22	43	1	84.00000000	80.00000000
22	44	1	84.00000000	80.00000000
22	45	1	84.00000000	80.00000000
22	46	1	84.00000000	80.00000000
22	47	1	84.00000000	80.00000000
22	48	1	84.00000000	80.00000000
22	49	1	84.00000000	80.00000000
22	50	1	84.00000000	80.00000000
22	51	1	84.00000000	80.00000000
22	52	1	84.00000000	80.00000000
22	53	1	84.00000000	80.00000000
22	54	1	84.00000000	80.00000000
22	55	1	84.00000000	80.00000000
22	56	1	84.00000000	80.00000000
22	57	1	84.00000000	80.00000000
22	58	1	84.00000000	80.00000000
22	59	1	84.00000000	80.00000000
22	60	1	84.00000000	80.00000000
22	61	1	84.00000000	80.00000000
22	62	1	84.00000000	80.00000000
22	63	1	84.00000000	80.00000000
22	64	1	84.00000000	80.00000000
22	65	1	84.00000000	80.00000000
22	66	1	84.00000000	80.00000000
22	67	1	84.00000000	80.00000000
22	68	1	84.00000000	80.00000000
22	69	1	84.00000000	80.00000000
22	70	1	84.00000000	80.00000000
22	71	1	84.00000000	80.00000000
22	72	1	84.00000000	80.00000000
22	73	1	84.00000000	80.00000000
22	74	1	84.00000000	80.00000000
22	75	1	84.00000000	80.00000000
22	76	1	84.00000000	80.00000000
22	77	1	84.00000000	80.00000000
22	78	1	84.00000000	80.00000000
22	79	1	84.00000000	80.00000000
22	80	1	84.00000000	80.00000000
22	81	1	84.00000000	80.00000000
22	82	1	84.00000000	80.00000000
22	83	1	84.00000000	80.00000000
22	84	1	84.00000000	80.00000000
22	85	1	84.00000000	80.00000000
22	86	1	84.00000000	80.00000000
22	87	1	84.00000000	80.00000000
22	88	1	84.00000000	80.00000000
22	89	1	84.00000000	80.00000000
22	90	1	84.00000000	80.00000000
22	91	1	84.00000000	80.00000000
22	92	1	84.00000000	80.00000000
22	93	1	84.00000000	80.00000000
22	94	1	84.00000000	80.00000000
22	95	1	84.00000000	80.00000000
22	96	1	84.00000000	80.00000000
22	97	1	84.00000000	80.00000000
22	98	1	84.00000000	80.00000000
22	99	1	84.00000000	80.00000000
22	100	1	84.00000000	80.00000000
22	101	1	84.00000000	80.00000000
22	102	1	84.00000000	80.00000000
22	103	1	84.00000000	80.00000000
22	104	1	84.00000000	80.00000000
22	105	1	84.00000000	80.00000000
22	106	1	84.00000000	80.00000000
22	107	1	84.00000000	80.00000000
22	108	1	84.00000000	80.00000000
22	109	1	84.00000000	80.00000000
22	110	1	84.00000000	80.00000000
22	111	1	84.00000000	80.00000000
22	112	1	84.00000000	80.00000000
22	113	1	84.00000000	80.00000000
22	114	1	84.00000000	80.00000000
22	115	1	84.00000000	80.00000000
22	116	1	84.00000000	80.00000000
22	117	1	84.00000000	80.00000000
22	118	1	84.00000000	80.00000000
22	119	1	84.00000000	80.00000000
22	120	1	84.00000000	80.00000000
22	121	1	84.00000000	80.00000000
22	122	1	84.00000000	80.00000000
22	123	1	84.00000000	80.00000000
22	124	1	84.00000000	80.00000000
22	125	1	84.00000000	80.00000000
22	126	1	84.00000000	80.00000000
22	127	1	84.00000000	80.00000000
22	128	1	84.00000000	80.00000000
22	129	1	84.00000000	80.00000000
22	130	1	84.00000000	80.00000000
22	131	1	84.00000000	80.00000000
22	132	1	84.00000000	80.00000000
22	133	1	84.00000000	80.00000000
22	134	1	84.00000000	80.00000000
22	135	1	84.00000000	80.00000000
22	136	1	84.00000000	80.00000000
22	137	1	84.00000000	80.00000000
22	138	1	84.00000000	80.00000000
22	139	1	84.00000000	80.00000000
22	140	1	84.00000000	80.00000000
22	141	1	84.00000000	80.00000000
22	142	1	84.00000000	80.00000000
22	143	1	84.00000000	80.00000000
22	144	1	84.00000000	80.00000000
22	145	1	84.00000000	80.00000000
22	146	1	84.00000000	80.00000000
22	147	1	84.00000000	80.00000000
22	148	1	84.00000000	80.00000000
22	149	1	84.00000000	80.00000000
22	150	1	84.00000000	80.00000000
22	151	1	84.00000000	80.00000000
22	152	1	84.00000000	80.00000000
22	153	1	84.00000000	80.00000000
22	154	1	84.00000000	80.00000000
22	155	1	84.00000000	80.00000000
22	156	1	84.00000000	80.00000000
22	157	1	84.00000000	80.00000000
22	158	1	84.00000000	80.00000000
22	159	1	84.00000000	80.00000000
22	160	1	84.00000000	80.00000000
22	161	1	84.00000000	80.00000000
22	162	1	84.00000000	80.00000000
22	163	1	84.00000000	80.00000000
22	164	1	84.00000000	80.00000000
22	165	1	84.00000000	80.00000000
22	166	1	84.00000000	80.00000000
22	167	1	84.00000000	80.00000000
22	168	1	84.00000000	80.00000000
22	169	1	84.00000000	80.00000000
22	170	1	84.00000000	80.00000000
22	171	1	84.00000000	80.00000000
22	172	1	84.00000000	80.00000000
22	173	1	84.00000000	80.00000000
22	174	1	84.00000000	80.00000000
22	175	1	84.00000000	80.00000000
22	176	1	84.00000000	80.00000000
22	177	1	84.00000000	80.00000000
22	178	1	84.00000000	80.00000000
22	179	1	84.00000000	80.00000000
22	180	1	84.00000000	80.00000000
22	181	1	84.00000000	80.00000000
22	182	1	84.00000000	80.00000000
22	183	1	84.00000000	80.00000000
22	184	1	84.00000000	80.00000000
22	185	1	84.00000000	80.00000000
22	186	1	84.00000000	80.00000000
22	187	1	84.00000000	80.00000000
22	188	1	84.00000000	80.00000000
22	189	1	84.00000000	80.00000000
22	190	1	84.00000000	80.00000000
22	191	1	84.00000000	80.00000000
22	192	1	84.00000000	80.00000000
22	193	1	84.00000000	80.00000000
22	194	1	84.00000000	80.00000000
22	195	1	84.00000000	80.00000000
22	196	1	84.00000000	80.00000000
22	197	1	84.00000000	80.00000000
22	198	1	84.00000000	80.00000000
22	199	1	84.00000000	80.00000000
22	200	1	84.00000000	80.00000000
22	201	1	84.00000000	80.00000000
22	202	1	84.00000000	80.00000000
22	203	1	84.00000000	80.00000000
22	204	1	84.00000000	80.00000000
22	205	1	84.00000000	80.00000000
22	206	1	84.00000000	80.00000000
22	207	1	84.00000000	80.00000000
22	208	1	84.00000000	80.00000000
22	209	1	84.00000000	80.00000000
22	210	1	84.00000000	80.00000000
22	211	1	84.00000000	80.00000000
22	212	1	84.00000000	80.00000000
22	213	1	84.00000000	80.00000000
22	214	1	84.00000000	80.00000000
22	215	1	84.00000000	80.00000000
22	216	1	84.00000000	80.00000000
22	217	1	84.00000000	80.00000000
23	0	1	84.00000000	80.00000000
23	1	1	84.00000000	80.00000000
23	2	1	84.00000000	80.00000000
23	3	1	84.00000000	80.00000000
23	4	1	84.00000000	80.00000000
23	5	1	84.00000000	80.00000000
23	6	1	84.00000000	80.00000000
23	7	1	84.00000000	80.00000000
23	8	1	84.00000000	80.00000000
23	9	1	84.00000000	80.00000000
23	10	1	84.00000000	80.00000000
23	11	1	84.00000000	80.00000000
23	12	1	84.00000000	80.00000000
23	13	1	84.00000000	80.00000000
23	14	1	84.00000000	80.00000000
23	15	1	84.00000000	80.00000000
23	16	1	84.00000000	80.00000000
23	17	1	84.00000000	80.00000000
23	18	1	84.00000000	80.00000000
23	19	1	84.00000000	80.00000000
23	20	1	84.00000000	80.00000000
23	21	1	84.00000000	80.00000000
23	22	1	84.00000000	80.00000000
23	23	1	84.00000000	80.00000000
23	24	1	84.00000000	80.00000000
23	25	1	84.00000000	80.00000000
23	26	1	84.00000000	80.00000000
23	27	1	84.00000000	80.00000000
23	28	1	84.00000000	80.00000000
23	29	1	84.00000000	80.00000000
23	30	1	84.00000000	80.00000000
23	31	1	84.00000000	80.00000000
23	32	1	84.00000000	80.00000000
23	33	1	84.00000000	80.00000000
23	34	1	84.00000000	80.00000000
23	35	1	84.00000000	80.00000000
23	36	1	84.00000000	80.00000000
23	37	1	84.00000000	80.00000000
23	38	1	84.00000000	80.00000000
23	39	1	84.00000000	80.00000000
23	40	1	84.00000000	80.00000000
23	41	1	84.00000000	80.00000000
23	42	1	84.00000000	80.00000000
23	43	1	84.00000000	80.00000000
23	44	1	84.00000000	80.00000000
23	45	1	84.00000000	80.00000000
23	46	1	84.00000000	80.00000000
23	47	1	84.00000000	80.00000000
23	48	1	84.00000000	80.00000000
23	49	1	84.00000000	80.00000000
23	50	1	84.00000000	80.00000000
23	51	1	84.00000000	80.00000000
23	52	1	84.00000000	80.00000000
23	53	1	84.00000000	80.00000000
23	54	1	84.00000000	80.00000000
23	55	1	84.00000000	80.00000000
23	56	1	84.00000000	80.00000000
23	57	1	84.00000000	80.00000000
23	58	1	84.00000000	80.00000000
23	59	1	84.00000000	80.00000000
23	60	1	84.00000000	80.00000000
23	61	1	84.00000000	80.00000000
23	62	1	84.00000000	80.00000000
23	63	1	84.00000000	80.00000000
23	64	1	84.00000000	80.00000000
23	65	1	84.00000000	80.00000000
23	66	1	84.00000000	80.00000000
23	67	1	84.00000000	80.00000000
23	68	1	84.00000000	80.00000000
23	69	1	84.00000000	80.00000000
23	70	1	84.00000000	80.00000000
23	71	1	84.00000000	80.00000000
23	72	1	84.00000000	80.00000000
23	73	1	84.00000000	80.00000000
23	74	1	84.00000000	80.00000000
23	75	1	84.00000000	80.00000000
23	76	1	84.00000000	80.00000000
23	77	1	84.00000000	80.00000000
23	78	1	84.00000000	80.00000000
23	79	1	84.00000000	80.00000000
23	80	1	84.00000000	80.00000000
23	81	1	84.00000000	80.00000000
23	82	1	84.00000000	80.00000000
23	83	1	84.00000000	80.00000000
23	84	1	84.00000000	80.00000000
23	85	1	84.00000000	80.00000000
23	86	1	84.00000000	80.00000000
23	87	1	84.00000000	80.00000000
23	88	1	84.00000000	80.00000000
23	89	1	84.00000000	80.00000000
23	90	1	84.00000000	80.00000000
23	91	1	84.00000000	80.00000000
23	92	1	84.00000000	80.00000000
23	93	1	84.00000000	80.00000000
23	94	1	84.00000000	80.00000000
23	95	1	84.00000000	80.00000000
23	96	1	84.00000000	80.00000000
23	97	1	84.00000000	80.00000000
23	98	1	84.00000000	80.00000000
23	99	1	84.00000000	80.00000000
23	100	1	84.00000000	80.00000000
23	101	1	84.00000000	80.00000000
23	102	1	84.00000000	80.00000000
23	103	1	84.00000000	80.00000000
23	104	1	84.00000000	80.00000000
23	105	1	84.00000000	80.00000000
23	106	1	84.00000000	80.00000000
23	107	1	84.00000000	80.00000000
23	108	1	84.00000000	80.00000000
23	109	1	84.00000000	80.00000000
23	110	1	84.00000000	80.00000000
23	111	1	84.00000000	80.00000000
23	112	1	84.00000000	80.00000000
23	113	1	84.00000000	80.00000000
23	114	1	84.00000000	80.00000000
23	115	1	84.00000000	80.00000000
23	116	1	84.00000000	80.00000000
23	117	1	84.00000000	80.00000000
23	118	1	84.00000000	80.00000000
23	119	1	84.00000000	80.00000000
23	120	1	84.00000000	80.00000000
23	121	1	84.00000000	80.00000000
23	122	1	84.00000000	80.00000000
23	123	1	84.00000000	80.00000000
23	124	1	84.00000000	80.00000000
23	125	1	84.00000000	80.00000000
23	126	1	84.00000000	80.00000000
23	127	1	84.00000000	80.00000000
23	128	1	84.00000000	80.00000000
23	129	1	84.00000000	80.00000000
23	130	1	84.00000000	80.00000000
23	131	1	84.00000000	80.00000000
23	132	1	84.00000000	80.00000000
23	133	1	84.00000000	80.00000000
23	134	1	84.00000000	80.00000000
23	135	1	84.00000000	80.00000000
23	136	1	84.00000000	80.00000000
23	137	1	84.00000000	80.00000000
23	138	1	84.00000000	80.00000000
23	139	1	84.00000000	80.00000000
23	140	1	84.00000000	80.00000000
23	141	1	84.00000000	80.00000000
23	142	1	84.00000000	80.00000000
23	143	1	84.00000000	80.00000000
23	144	1	84.00000000	80.00000000
23	145	1	84.00000000	80.00000000
23	146	1	84.00000000	80.00000000
23	147	1	84.00000000	80.00000000
23	148	1	84.00000000	80.00000000
23	149	1	84.00000000	80.00000000
23	150	1	84.00000000	80.00000000
23	151	1	84.00000000	80.00000000
23	152	1	84.00000000	80.00000000
23	153	1	84.00000000	80.00000000
23	154	1	84.00000000	80.00000000
23	155	1	84.00000000	80.00000000
23	156	1	84.00000000	80.00000000
23	157	1	84.00000000	80.00000000
23	158	1	84.00000000	80.00000000
23	159	1	84.00000000	80.00000000
23	160	1	84.00000000	80.00000000
23	161	1	84.00000000	80.00000000
23	162	1	84.00000000	80.00000000
23	163	1	84.00000000	80.00000000
23	164	1	84.00000000	80.00000000
23	165	1	84.00000000	80.00000000
23	166	1	84.00000000	80.00000000
23	167	1	84.00000000	80.00000000
23	168	1	84.00000000	80.00000000
23	169	1	84.00000000	80.00000000
23	170	1	84.00000000	80.00000000
23	171	1	84.00000000	80.00000000
23	172	1	84.00000000	80.00000000
23	173	1	84.00000000	80.00000000
23	174	1	84.00000000	80.00000000
23	175	1	84.00000000	80.00000000
23	176	1	84.00000000	80.00000000
23	177	1	84.00000000	80.00000000
23	178	1	84.00000000	80.00000000
23	179	1	84.00000000	80.00000000
23	180	1	84.00000000	80.00000000
23	181	1	84.00000000	80.00000000
23	182	1	84.00000000	80.00000000
23	183	1	84.00000000	80.00000000
23	184	1	84.00000000	80.00000000
23	185	1	84.00000000	80.00000000
23	186	1	84.00000000	80.00000000
23	187	1	84.00000000	80.00000000
23	188	1	84.00000000	80.00000000
23	189	1	84.00000000	80.00000000
23	190	1	84.00000000	80.00000000
23	191	1	84.00000000	80.00000000
23	192	1	84.00000000	80.00000000
23	193	1	84.00000000	80.00000000
23	194	1	84.00000000	80.00000000
23	195	1	84.00000000	80.00000000
23	196	1	84.00000000	80.00000000
23	197	1	84.00000000	80.00000000
23	198	1	84.00000000	80.00000000
23	199	1	84.00000000	80.00000000
23	200	1	84.00000000	80.00000000
23	201	1	84.00000000	80.00000000
23	202	1	84.00000000	80.00000000
23	203	1	84.00000000	80.00000000
23	204	1	84.00000000	80.00000000
23	205	1	84.00000000	80.00000000
23	206	1	84.00000000	80.00000000
23	207	1	84.00000000	80.00000000
23	208	1	84.00000000	80.00000000
23	209	1	84.00000000	80.00000000
24	0	1	84.00000000	80.00000000
24	1	1	84.00000000	80.00000000
24	2	1	84.00000000	80.00000000
24	3	1	84.00000000	80.00000000
24	4	1	84.00000000	80.00000000
24	5	1	84.00000000	80.00000000
24	6	1	84.00000000	80.00000000
24	7	1	84.00000000	80.00000000
24	8	1	84.00000000	80.00000000
24	9	1	84.00000000	80.00000000
24	10	1	84.00000000	80.00000000
24	11	1	84.00000000	80.00000000
24	12	1	84.00000000	80.00000000
24	13	1	84.00000000	80.00000000
24	14	1	84.00000000	80.00000000
24	15	1	84.00000000	80.00000000
24	16	1	84.00000000	80.00000000
24	17	1	84.00000000	80.00000000
24	18	1	84.00000000	80.00000000
24	19	1	84.00000000	80.00000000
24	20	1	84.00000000	80.00000000
24	21	1	84.00000000	80.00000000
24	22	1	84.00000000	80.00000000
24	23	1	84.00000000	80.00000000
24	24	1	84.00000000	80.00000000
24	25	1	84.00000000	80.00000000
24	26	1	84.00000000	80.00000000
24	27	1	84.00000000	80.00000000
24	28	1	84.00000000	80.00000000
24	29	1	84.00000000	80.00000000
24	30	1	84.00000000	80.00000000
24	31	1	84.00000000	80.00000000
24	32	1	84.00000000	80.00000000
24	33	1	84.00000000	80.00000000
24	34	1	84.00000000	80.00000000
24	35	1	84.00000000	80.00000000
24	36	1	84.00000000	80.00000000
24	37	1	84.00000000	80.00000000
24	38	1	84.00000000	80.00000000
24	39	1	84.00000000	80.00000000
24	40	1	84.00000000	80.00000000
24	41	1	84.00000000	80.00000000
24	42	1	84.00000000	80.00000000
24	43	1	84.00000000	80.00000000
24	44	1	84.00000000	80.00000000
24	45	1	84.00000000	80.00000000
24	46	1	84.00000000	80.00000000
24	47	1	84.00000000	80.00000000
24	48	1	84.00000000	80.00000000
24	49	1	84.00000000	80.00000000
24	50	1	84.00000000	80.00000000
24	51	1	84.00000000	80.00000000
24	52	1	84.00000000	80.00000000
24	53	1	84.00000000	80.00000000
24	54	1	84.00000000	80.00000000
24	55	1	84.00000000	80.00000000
24	56	1	84.00000000	80.00000000
24	57	1	84.00000000	80.00000000
24	58	1	84.00000000	80.00000000
24	59	1	84.00000000	80.00000000
24	60	1	84.00000000	80.00000000
24	61	1	84.00000000	80.00000000
24	62	1	84.00000000	80.00000000
24	63	1	84.00000000	80.00000000
24	64	1	84.00000000	80.00000000
24	65	1	84.00000000	80.00000000
24	66	1	84.00000000	80.00000000
24	67	1	84.00000000	80.00000000
24	68	1	84.00000000	80.00000000
24	69	1	84.00000000	80.00000000
24	70	1	84.00000000	80.00000000
24	71	1	84.00000000	80.00000000
24	72	1	84.00000000	80.00000000
24	73	1	84.00000000	80.00000000
24	74	1	84.00000000	80.00000000
24	75	1	84.00000000	80.00000000
24	76	1	84.00000000	80.00000000
24	77	1	84.00000000	80.00000000
24	78	1	84.00000000	80.00000000
24	79	1	84.00000000	80.00000000
24	80	1	84.00000000	80.00000000
24	81	1	84.00000000	80.00000000
24	82	1	84.00000000	80.00000000
24	83	1	84.00000000	80.00000000
24	84	1	84.00000000	80.00000000
24	85	1	84.00000000	80.00000000
24	86	1	84.00000000	80.00000000
24	87	1	84.00000000	80.00000000
24	88	1	84.00000000	80.00000000
24	89	1	84.00000000	80.00000000
24	90	1	84.00000000	80.00000000
24	91	1	84.00000000	80.00000000
24	92	1	84.00000000	80.00000000
24	93	1	84.00000000	80.00000000
24	94	1	84.00000000	80.00000000
24	95	1	84.00000000	80.00000000
24	96	1	84.00000000	80.00000000
24	97	1	84.00000000	80.00000000
24	98	1	84.00000000	80.00000000
24	99	1	84.00000000	80.00000000
24	100	1	84.00000000	80.00000000
24	101	1	84.00000000	80.00000000
24	102	1	84.00000000	80.00000000
24	103	1	84.00000000	80.00000000
24	104	1	84.00000000	80.00000000
24	105	1	84.00000000	80.00000000
24	106	1	84.00000000	80.00000000
24	107	1	84.00000000	80.00000000
24	108	1	84.00000000	80.00000000
24	109	1	84.00000000	80.00000000
24	110	1	84.00000000	80.00000000
24	111	1	84.00000000	80.00000000
24	112	1	84.00000000	80.00000000
24	113	1	84.00000000	80.00000000
24	114	1	84.00000000	80.00000000
24	115	1	84.00000000	80.00000000
24	116	1	84.00000000	80.00000000
24	117	1	84.00000000	80.00000000
24	118	1	84.00000000	80.00000000
24	119	1	84.00000000	80.00000000
24	120	1	84.00000000	80.00000000
24	121	1	84.00000000	80.00000000
24	122	1	84.00000000	80.00000000
24	123	1	84.00000000	80.00000000
24	124	1	84.00000000	80.00000000
24	125	1	84.00000000	80.00000000
24	126	1	84.00000000	80.00000000
24	127	1	84.00000000	80.00000000
24	128	1	84.00000000	80.00000000
24	129	1	84.00000000	80.00000000
24	130	1	84.00000000	80.00000000
24	131	1	84.00000000	80.00000000
24	132	1	84.00000000	80.00000000
24	133	1	84.00000000	80.00000000
24	134	1	84.00000000	80.00000000
24	135	1	84.00000000	80.00000000
24	136	1	84.00000000	80.00000000
24	137	1	84.00000000	80.00000000
24	138	1	84.00000000	80.00000000
24	139	1	84.00000000	80.00000000
24	140	1	84.00000000	80.00000000
24	141	1	84.00000000	80.00000000
24	142	1	84.00000000	80.00000000
24	143	1	84.00000000	80.00000000
24	144	1	84.00000000	80.00000000
24	145	1	84.00000000	80.00000000
24	146	1	84.00000000	80.00000000
24	147	1	84.00000000	80.00000000
24	148	1	84.00000000	80.00000000
24	149	1	84.00000000	80.00000000
24	150	1	84.00000000	80.00000000
24	151	1	84.00000000	80.00000000
24	152	1	84.00000000	80.00000000
24	153	1	84.00000000	80.00000000
24	154	1	84.00000000	80.00000000
24	155	1	84.00000000	80.00000000
24	156	1	84.00000000	80.00000000
24	157	1	84.00000000	80.00000000
24	158	1	84.00000000	80.00000000
24	159	1	84.00000000	80.00000000
24	160	1	84.00000000	80.00000000
24	161	1	84.00000000	80.00000000
24	162	1	84.00000000	80.00000000
24	163	1	84.00000000	80.00000000
24	164	1	84.00000000	80.00000000
24	165	1	84.00000000	80.00000000
24	166	1	84.00000000	80.00000000
24	167	1	84.00000000	80.00000000
24	168	1	84.00000000	80.00000000
24	169	1	84.00000000	80.00000000
24	170	1	84.00000000	80.00000000
24	171	1	84.00000000	80.00000000
24	172	1	84.00000000	80.00000000
24	173	1	84.00000000	80.00000000
24	174	1	84.00000000	80.00000000
24	175	1	84.00000000	80.00000000
24	176	1	84.00000000	80.00000000
24	177	1	84.00000000	80.00000000
24	178	1	84.00000000	80.00000000
24	179	1	84.00000000	80.00000000
24	180	1	84.00000000	80.00000000
24	181	1	84.00000000	80.00000000
24	182	1	84.00000000	80.00000000
24	183	1	84.00000000	80.00000000
24	184	1	84.00000000	80.00000000
24	185	1	84.00000000	80.00000000
24	186	1	84.00000000	80.00000000
24	187	1	84.00000000	80.00000000
24	188	1	84.00000000	80.00000000
24	189	1	84.00000000	80.00000000
24	190	1	84.00000000	80.00000000
24	191	1	84.00000000	80.00000000
24	192	1	84.00000000	80.00000000
24	193	1	84.00000000	80.00000000
24	194	1	84.00000000	80.00000000
24	195	1	84.00000000	80.00000000
24	196	1	84.00000000	80.00000000
24	197	1	84.00000000	80.00000000
24	198	1	84.00000000	80.00000000
24	199	1	84.00000000	80.00000000
24	200	1	84.00000000	80.00000000
24	201	1	84.00000000	80.00000000
24	202	1	84.00000000	80.00000000
24	203	1	84.00000000	80.00000000
24	204	1	84.00000000	80.00000000
24	205	1	84.00000000	80.00000000
25	0	1	84.00000000	80.00000000
25	1	1	84.00000000	80.00000000
25	2	1	84.00000000	80.00000000
25	3	1	84.00000000	80.00000000
25	4	1	84.00000000	80.00000000
25	5	1	84.00000000	80.00000000
25	6	1	84.00000000	80.00000000
25	7	1	84.00000000	80.00000000
25	8	1	84.00000000	80.00000000
25	9	1	84.00000000	80.00000000
25	10	1	84.00000000	80.00000000
25	11	1	84.00000000	80.00000000
25	12	1	84.00000000	80.00000000
25	13	1	84.00000000	80.00000000
25	14	1	84.00000000	80.00000000
25	15	1	84.00000000	80.00000000
25	16	1	84.00000000	80.00000000
25	17	1	84.00000000	80.00000000
25	18	1	84.00000000	80.00000000
25	19	1	84.00000000	80.00000000
25	20	1	84.00000000	80.00000000
25	21	1	84.00000000	80.00000000
25	22	1	84.00000000	80.00000000
25	23	1	84.00000000	80.00000000
25	24	1	84.00000000	80.00000000
25	25	1	84.00000000	80.00000000
25	26	1	84.00000000	80.00000000
25	27	1	84.00000000	80.00000000
25	28	1	84.00000000	80.00000000
25	29	1	84.00000000	80.00000000
25	30	1	84.00000000	80.00000000
25	31	1	84.00000000	80.00000000
25	32	1	84.00000000	80.00000000
25	33	1	84.00000000	80.00000000
25	34	1	84.00000000	80.00000000
25	35	1	84.00000000	80.00000000
25	36	1	84.00000000	80.00000000
25	37	1	84.00000000	80.00000000
25	38	1	84.00000000	80.00000000
25	39	1	84.00000000	80.00000000
25	40	1	84.00000000	80.00000000
25	41	1	84.00000000	80.00000000
25	42	1	84.00000000	80.00000000
25	43	1	84.00000000	80.00000000
25	44	1	84.00000000	80.00000000
25	45	1	84.00000000	80.00000000
25	46	1	84.00000000	80.00000000
25	47	1	84.00000000	80.00000000
25	48	1	84.00000000	80.00000000
25	49	1	84.00000000	80.00000000
25	50	1	84.00000000	80.00000000
25	51	1	84.00000000	80.00000000
25	52	1	84.00000000	80.00000000
25	53	1	84.00000000	80.00000000
25	54	1	84.00000000	80.00000000
25	55	1	84.00000000	80.00000000
25	56	1	84.00000000	80.00000000
25	57	1	84.00000000	80.00000000
25	58	1	84.00000000	80.00000000
25	59	1	84.00000000	80.00000000
25	60	1	84.00000000	80.00000000
25	61	1	84.00000000	80.00000000
25	62	1	84.00000000	80.00000000
25	63	1	84.00000000	80.00000000
25	64	1	84.00000000	80.00000000
25	65	1	84.00000000	80.00000000
25	66	1	84.00000000	80.00000000
25	67	1	84.00000000	80.00000000
25	68	1	84.00000000	80.00000000
25	69	1	84.00000000	80.00000000
25	70	1	84.00000000	80.00000000
25	71	1	84.00000000	80.00000000
25	72	1	84.00000000	80.00000000
25	73	1	84.00000000	80.00000000
25	74	1	84.00000000	80.00000000
25	75	1	84.00000000	80.00000000
25	76	1	84.00000000	80.00000000
25	77	1	84.00000000	80.00000000
25	78	1	84.00000000	80.00000000
25	79	1	84.00000000	80.00000000
25	80	1	84.00000000	80.00000000
25	81	1	84.00000000	80.00000000
25	82	1	84.00000000	80.00000000
25	83	1	84.00000000	80.00000000
25	84	1	84.00000000	80.00000000
25	85	1	84.00000000	80.00000000
25	86	1	84.00000000	80.00000000
25	87	1	84.00000000	80.00000000
25	88	1	84.00000000	80.00000000
25	89	1	84.00000000	80.00000000
25	90	1	84.00000000	80.00000000
25	91	1	84.00000000	80.00000000
25	92	1	84.00000000	80.00000000
25	93	1	84.00000000	80.00000000
25	94	1	84.00000000	80.00000000
25	95	1	84.00000000	80.00000000
25	96	1	84.00000000	80.00000000
25	97	1	84.00000000	80.00000000
25	98	1	84.00000000	80.00000000
25	99	1	84.00000000	80.00000000
25	100	1	84.00000000	80.00000000
25	101	1	84.00000000	80.00000000
25	102	1	84.00000000	80.00000000
25	103	1	84.00000000	80.00000000
25	104	1	84.00000000	80.00000000
25	105	1	84.00000000	80.00000000
25	106	1	84.00000000	80.00000000
25	107	1	84.00000000	80.00000000
25	108	1	84.00000000	80.00000000
25	109	1	84.00000000	80.00000000
25	110	1	84.00000000	80.00000000
25	111	1	84.00000000	80.00000000
25	112	1	84.00000000	80.00000000
25	113	1	84.00000000	80.00000000
25	114	1	84.00000000	80.00000000
25	115	1	84.00000000	80.00000000
25	116	1	84.00000000	80.00000000
25	117	1	84.00000000	80.00000000
25	118	1	84.00000000	80.00000000
25	119	1	84.00000000	80.00000000
25	120	1	84.00000000	80.00000000
25	121	1	84.00000000	80.00000000
25	122	1	84.00000000	80.00000000
25	123	1	84.00000000	80.00000000
25	124	1	84.00000000	80.00000000
25	125	1	84.00000000	80.00000000
25	126	1	84.00000000	80.00000000
25	127	1	84.00000000	80.00000000
25	128	1	84.00000000	80.00000000
25	129	1	84.00000000	80.00000000
25	130	1	84.00000000	80.00000000
25	131	1	84.00000000	80.00000000
25	132	1	84.00000000	80.00000000
25	133	1	84.00000000	80.00000000
25	134	1	84.00000000	80.00000000
25	135	1	84.00000000	80.00000000
25	136	1	84.00000000	80.00000000
25	137	1	84.00000000	80.00000000
25	138	1	84.00000000	80.00000000
25	139	1	84.00000000	80.00000000
25	140	1	84.00000000	80.00000000
25	141	1	84.00000000	80.00000000
25	142	1	84.00000000	80.00000000
25	143	1	84.00000000	80.00000000
25	144	1	84.00000000	80.00000000
25	145	1	84.00000000	80.00000000
25	146	1	84.00000000	80.00000000
25	147	1	84.00000000	80.00000000
25	148	1	84.00000000	80.00000000
25	149	1	84.00000000	80.00000000
25	150	1	84.00000000	80.00000000
25	151	1	84.00000000	80.00000000
25	152	1	84.00000000	80.00000000
25	153	1	84.00000000	80.00000000
25	154	1	84.00000000	80.00000000
25	155	1	84.00000000	80.00000000
25	156	1	84.00000000	80.00000000
25	157	1	84.00000000	80.00000000
25	158	1	84.00000000	80.00000000
25	159	1	84.00000000	80.00000000
25	160	1	84.00000000	80.00000000
25	161	1	84.00000000	80.00000000
25	162	1	84.00000000	80.00000000
25	163	1	84.00000000	80.00000000
25	164	1	84.00000000	80.00000000
25	165	1	84.00000000	80.00000000
25	166	1	84.00000000	80.00000000
25	167	1	84.00000000	80.00000000
25	168	1	84.00000000	80.00000000
25	169	1	84.00000000	80.00000000
25	170	1	84.00000000	80.00000000
25	171	1	84.00000000	80.00000000
25	172	1	84.00000000	80.00000000
25	173	1	84.00000000	80.00000000
25	174	1	84.00000000	80.00000000
25	175	1	84.00000000	80.00000000
25	176	1	84.00000000	80.00000000
25	177	1	84.00000000	80.00000000
25	178	1	84.00000000	80.00000000
25	179	1	84.00000000	80.00000000
25	180	1	84.00000000	80.00000000
25	181	1	84.00000000	80.00000000
25	182	1	84.00000000	80.00000000
25	183	1	84.00000000	80.00000000
25	184	1	84.00000000	80.00000000
25	185	1	84.00000000	80.00000000
25	186	1	84.00000000	80.00000000
25	187	1	84.00000000	80.00000000
25	188	1	84.00000000	80.00000000
25	189	1	84.00000000	80.00000000
25	190	1	84.00000000	80.00000000
25	191	1	84.00000000	80.00000000
25	192	1	84.00000000	80.00000000
25	193	1	84.00000000	80.00000000
25	194	1	84.00000000	80.00000000
25	195	1	84.00000000	80.00000000
25	196	1	84.00000000	80.00000000
25	197	1	84.00000000	80.00000000
25	198	1	84.00000000	80.00000000
25	199	1	84.00000000	80.00000000
25	200	1	84.00000000	80.00000000
25	201	1	84.00000000	80.00000000
26	0	1	84.00000000	80.00000000
26	1	1	84.00000000	80.00000000
26	2	1	84.00000000	80.00000000
26	3	1	84.00000000	80.00000000
26	4	1	84.00000000	80.00000000
26	5	1	84.00000000	80.00000000
26	6	1	84.00000000	80.00000000
26	7	1	84.00000000	80.00000000
26	8	1	84.00000000	80.00000000
26	9	1	84.00000000	80.00000000
26	10	1	84.00000000	80.00000000
26	11	1	84.00000000	80.00000000
26	12	1	84.00000000	80.00000000
26	13	1	84.00000000	80.00000000
26	14	1	84.00000000	80.00000000
26	15	1	84.00000000	80.00000000
26	16	1	84.00000000	80.00000000
26	17	1	84.00000000	80.00000000
26	18	1	84.00000000	80.00000000
26	19	1	84.00000000	80.00000000
26	20	1	84.00000000	80.00000000
26	21	1	84.00000000	80.00000000
26	22	1	84.00000000	80.00000000
26	23	1	84.00000000	80.00000000
26	24	1	84.00000000	80.00000000
26	25	1	84.00000000	80.00000000
26	26	1	84.00000000	80.00000000
26	27	1	84.00000000	80.00000000
26	28	1	84.00000000	80.00000000
26	29	1	84.00000000	80.00000000
26	30	1	84.00000000	80.00000000
26	31	1	84.00000000	80.00000000
26	32	1	84.00000000	80.00000000
26	33	1	84.00000000	80.00000000
26	34	1	84.00000000	80.00000000
26	35	1	84.00000000	80.00000000
26	36	1	84.00000000	80.00000000
26	37	1	84.00000000	80.00000000
26	38	1	84.00000000	80.00000000
26	39	1	84.00000000	80.00000000
26	40	1	84.00000000	80.00000000
26	41	1	84.00000000	80.00000000
26	42	1	84.00000000	80.00000000
26	43	1	84.00000000	80.00000000
26	44	1	84.00000000	80.00000000
26	45	1	84.00000000	80.00000000
26	46	1	84.00000000	80.00000000
26	47	1	84.00000000	80.00000000
26	48	1	84.00000000	80.00000000
26	49	1	84.00000000	80.00000000
26	50	1	84.00000000	80.00000000
26	51	1	84.00000000	80.00000000
26	52	1	84.00000000	80.00000000
26	53	1	84.00000000	80.00000000
26	54	1	84.00000000	80.00000000
26	55	1	84.00000000	80.00000000
26	56	1	84.00000000	80.00000000
26	57	1	84.00000000	80.00000000
26	58	1	84.00000000	80.00000000
26	59	1	84.00000000	80.00000000
26	60	1	84.00000000	80.00000000
26	61	1	84.00000000	80.00000000
26	62	1	84.00000000	80.00000000
26	63	1	84.00000000	80.00000000
26	64	1	84.00000000	80.00000000
26	65	1	84.00000000	80.00000000
26	66	1	84.00000000	80.00000000
26	67	1	84.00000000	80.00000000
26	68	1	84.00000000	80.00000000
26	69	1	84.00000000	80.00000000
26	70	1	84.00000000	80.00000000
26	71	1	84.00000000	80.00000000
26	72	1	84.00000000	80.00000000
26	73	1	84.00000000	80.00000000
26	74	1	84.00000000	80.00000000
26	75	1	84.00000000	80.00000000
26	76	1	84.00000000	80.00000000
26	77	1	84.00000000	80.00000000
26	78	1	84.00000000	80.00000000
26	79	1	84.00000000	80.00000000
26	80	1	84.00000000	80.00000000
26	81	1	84.00000000	80.00000000
26	82	1	84.00000000	80.00000000
26	83	1	84.00000000	80.00000000
26	84	1	84.00000000	80.00000000
26	85	1	84.00000000	80.00000000
26	86	1	84.00000000	80.00000000
26	87	1	84.00000000	80.00000000
26	88	1	84.00000000	80.00000000
26	89	1	84.00000000	80.00000000
26	90	1	84.00000000	80.00000000
26	91	1	84.00000000	80.00000000
26	92	1	84.00000000	80.00000000
26	93	1	84.00000000	80.00000000
26	94	1	84.00000000	80.00000000
26	95	1	84.00000000	80.00000000
26	96	1	84.00000000	80.00000000
26	97	1	84.00000000	80.00000000
26	98	1	84.00000000	80.00000000
26	99	1	84.00000000	80.00000000
26	100	1	84.00000000	80.00000000
26	101	1	84.00000000	80.00000000
26	102	1	84.00000000	80.00000000
26	103	1	84.00000000	80.00000000
26	104	1	84.00000000	80.00000000
26	105	1	84.00000000	80.00000000
26	106	1	84.00000000	80.00000000
26	107	1	84.00000000	80.00000000
26	108	1	84.00000000	80.00000000
26	109	1	84.00000000	80.00000000
26	110	1	84.00000000	80.00000000
26	111	1	84.00000000	80.00000000
26	112	1	84.00000000	80.00000000
26	113	1	84.00000000	80.00000000
26	114	1	84.00000000	80.00000000
26	115	1	84.00000000	80.00000000
26	116	1	84.00000000	80.00000000
26	117	1	84.00000000	80.00000000
26	118	1	84.00000000	80.00000000
26	119	1	84.00000000	80.00000000
26	120	1	84.00000000	80.00000000
26	121	1	84.00000000	80.00000000
26	122	1	84.00000000	80.00000000
26	123	1	84.00000000	80.00000000
26	124	1	84.00000000	80.00000000
26	125	1	84.00000000	80.00000000
26	126	1	84.00000000	80.00000000
26	127	1	84.00000000	80.00000000
26	128	1	84.00000000	80.00000000
26	129	1	84.00000000	80.00000000
26	130	1	84.00000000	80.00000000
26	131	1	84.00000000	80.00000000
26	132	1	84.00000000	80.00000000
26	133	1	84.00000000	80.00000000
26	134	1	84.00000000	80.00000000
26	135	1	84.00000000	80.00000000
26	136	1	84.00000000	80.00000000
26	137	1	84.00000000	80.00000000
26	138	1	84.00000000	80.00000000
26	139	1	84.00000000	80.00000000
26	140	1	84.00000000	80.00000000
26	141	1	84.00000000	80.00000000
26	142	1	84.00000000	80.00000000
26	143	1	84.00000000	80.00000000
26	144	1	84.00000000	80.00000000
26	145	1	84.00000000	80.00000000
26	146	1	84.00000000	80.00000000
26	147	1	84.00000000	80.00000000
26	148	1	84.00000000	80.00000000
26	149	1	84.00000000	80.00000000
26	150	1	84.00000000	80.00000000
26	151	1	84.00000000	80.00000000
26	152	1	84.00000000	80.00000000
26	153	1	84.00000000	80.00000000
26	154	1	84.00000000	80.00000000
26	155	1	84.00000000	80.00000000
26	156	1	84.00000000	80.00000000
26	157	1	84.00000000	80.00000000
26	158	1	84.00000000	80.00000000
26	159	1	84.00000000	80.00000000
26	160	1	84.00000000	80.00000000
26	161	1	84.00000000	80.00000000
26	162	1	84.00000000	80.00000000
26	163	1	84.00000000	80.00000000
26	164	1	84.00000000	80.00000000
26	165	1	84.00000000	80.00000000
26	166	1	84.00000000	80.00000000
26	167	1	84.00000000	80.00000000
26	168	1	84.00000000	80.00000000
26	169	1	84.00000000	80.00000000
26	170	1	84.00000000	80.00000000
26	171	1	84.00000000	80.00000000
26	172	1	84.00000000	80.00000000
26	173	1	84.00000000	80.00000000
26	174	1	84.00000000	80.00000000
26	175	1	84.00000000	80.00000000
26	176	1	84.00000000	80.00000000
26	177	1	84.00000000	80.00000000
26	178	1	84.00000000	80.00000000
26	179	1	84.00000000	80.00000000
26	180	1	84.00000000	80.00000000
26	181	1	84.00000000	80.00000000
26	182	1	84.00000000	80.00000000
26	183	1	84.00000000	80.00000000
26	184	1	84.00000000	80.00000000
26	185	1	84.00000000	80.00000000
26	186	1	84.00000000	80.00000000
26	187	1	84.00000000	80.00000000
26	188	1	84.00000000	80.00000000
26	189	1	84.00000000	80.00000000
26	190	1	84.00000000	80.00000000
26	191	1	84.00000000	80.00000000
26	192	1	84.00000000	80.00000000
26	193	1	84.00000000	80.00000000
26	194	1	84.00000000	80.00000000
26	195	1	84.00000000	80.00000000
26	196	1	84.00000000	80.00000000
26	197	1	84.00000000	80.00000000
26	198	1	84.00000000	80.00000000
26	199	1	84.00000000	80.00000000
27	0	1	84.00000000	80.00000000
27	1	1	84.00000000	80.00000000
27	2	1	84.00000000	80.00000000
27	3	1	84.00000000	80.00000000
27	4	1	84.00000000	80.00000000
27	5	1	84.00000000	80.00000000
27	6	1	84.00000000	80.00000000
27	7	1	84.00000000	80.00000000
27	8	1	84.00000000	80.00000000
27	9	1	84.00000000	80.00000000
27	10	1	84.00000000	80.00000000
27	11	1	84.00000000	80.00000000
27	12	1	84.00000000	80.00000000
27	13	1	84.00000000	80.00000000
27	14	1	84.00000000	80.00000000
27	15	1	84.00000000	80.00000000
27	16	1	84.00000000	80.00000000
27	17	1	84.00000000	80.00000000
27	18	1	84.00000000	80.00000000
27	19	1	84.00000000	80.00000000
27	20	1	84.00000000	80.00000000
27	21	1	84.00000000	80.00000000
27	22	1	84.00000000	80.00000000
27	23	1	84.00000000	80.00000000
27	24	1	84.00000000	80.00000000
27	25	1	84.00000000	80.00000000
27	26	1	84.00000000	80.00000000
27	27	1	84.00000000	80.00000000
27	28	1	84.00000000	80.00000000
27	29	1	84.00000000	80.00000000
27	30	1	84.00000000	80.00000000
27	31	1	84.00000000	80.00000000
27	32	1	84.00000000	80.00000000
27	33	1	84.00000000	80.00000000
27	34	1	84.00000000	80.00000000
27	35	1	84.00000000	80.00000000
27	36	1	84.00000000	80.00000000
27	37	1	84.00000000	80.00000000
27	38	1	84.00000000	80.00000000
27	39	1	84.00000000	80.00000000
27	40	1	84.00000000	80.00000000
27	41	1	84.00000000	80.00000000
27	42	1	84.00000000	80.00000000
27	43	1	84.00000000	80.00000000
27	44	1	84.00000000	80.00000000
27	45	1	84.00000000	80.00000000
27	46	1	84.00000000	80.00000000
27	47	1	84.00000000	80.00000000
27	48	1	84.00000000	80.00000000
27	49	1	84.00000000	80.00000000
27	50	1	84.00000000	80.00000000
27	51	1	84.00000000	80.00000000
27	52	1	84.00000000	80.00000000
27	53	1	84.00000000	80.00000000
27	54	1	84.00000000	80.00000000
27	55	1	84.00000000	80.00000000
27	56	1	84.00000000	80.00000000
27	57	1	84.00000000	80.00000000
27	58	1	84.00000000	80.00000000
27	59	1	84.00000000	80.00000000
27	60	1	84.00000000	80.00000000
27	61	1	84.00000000	80.00000000
27	62	1	84.00000000	80.00000000
27	63	1	84.00000000	80.00000000
27	64	1	84.00000000	80.00000000
27	65	1	84.00000000	80.00000000
27	66	1	84.00000000	80.00000000
27	67	1	84.00000000	80.00000000
27	68	1	84.00000000	80.00000000
27	69	1	84.00000000	80.00000000
27	70	1	84.00000000	80.00000000
27	71	1	84.00000000	80.00000000
27	72	1	84.00000000	80.00000000
27	73	1	84.00000000	80.00000000
27	74	1	84.00000000	80.00000000
27	75	1	84.00000000	80.00000000
27	76	1	84.00000000	80.00000000
27	77	1	84.00000000	80.00000000
27	78	1	84.00000000	80.00000000
27	79	1	84.00000000	80.00000000
27	80	1	84.00000000	80.00000000
27	81	1	84.00000000	80.00000000
27	82	1	84.00000000	80.00000000
27	83	1	84.00000000	80.00000000
27	84	1	84.00000000	80.00000000
27	85	1	84.00000000	80.00000000
27	86	1	84.00000000	80.00000000
27	87	1	84.00000000	80.00000000
27	88	1	84.00000000	80.00000000
27	89	1	84.00000000	80.00000000
27	90	1	84.00000000	80.00000000
27	91	1	84.00000000	80.00000000
27	92	1	84.00000000	80.00000000
27	93	1	84.00000000	80.00000000
27	94	1	84.00000000	80.00000000
27	95	1	84.00000000	80.00000000
27	96	1	84.00000000	80.00000000
27	97	1	84.00000000	80.00000000
27	98	1	84.00000000	80.00000000
27	99	1	84.00000000	80.00000000
27	100	1	84.00000000	80.00000000
27	101	1	84.00000000	80.00000000
27	102	1	84.00000000	80.00000000
27	103	1	84.00000000	80.00000000
27	104	1	84.00000000	80.00000000
27	105	1	84.00000000	80.00000000
27	106	1	84.00000000	80.00000000
27	107	1	84.00000000	80.00000000
27	108	1	84.00000000	80.00000000
27	109	1	84.00000000	80.00000000
27	110	1	84.00000000	80.00000000
27	111	1	84.00000000	80.00000000
27	112	1	84.00000000	80.00000000
27	113	1	84.00000000	80.00000000
27	114	1	84.00000000	80.00000000
27	115	1	84.00000000	80.00000000
27	116	1	84.00000000	80.00000000
27	117	1	84.00000000	80.00000000
27	118	1	84.00000000	80.00000000
27	119	1	84.00000000	80.00000000
27	120	1	84.00000000	80.00000000
27	121	1	84.00000000	80.00000000
27	122	1	84.00000000	80.00000000
27	123	1	84.00000000	80.00000000
27	124	1	84.00000000	80.00000000
27	125	1	84.00000000	80.00000000
27	126	1	84.00000000	80.00000000
27	127	1	84.00000000	80.00000000
27	128	1	84.00000000	80.00000000
27	129	1	84.00000000	80.00000000
27	130	1	84.00000000	80.00000000
27	131	1	84.00000000	80.00000000
27	132	1	84.00000000	80.00000000
27	133	1	84.00000000	80.00000000
27	134	1	84.00000000	80.00000000
27	135	1	84.00000000	80.00000000
27	136	1	84.00000000	80.00000000
27	137	1	84.00000000	80.00000000
27	138	1	84.00000000	80.00000000
27	139	1	84.00000000	80.00000000
27	140	1	84.00000000	80.00000000
27	141	1	84.00000000	80.00000000
27	142	1	84.00000000	80.00000000
27	143	1	84.00000000	80.00000000
27	144	1	84.00000000	80.00000000
27	145	1	84.00000000	80.00000000
27	146	1	84.00000000	80.00000000
27	147	1	84.00000000	80.00000000
27	148	1	84.00000000	80.00000000
27	149	1	84.00000000	80.00000000
27	150	1	84.00000000	80.00000000
27	151	1	84.00000000	80.00000000
27	152	1	84.00000000	80.00000000
27	153	1	84.00000000	80.00000000
27	154	1	84.00000000	80.00000000
27	155	1	84.00000000	80.00000000
27	156	1	84.00000000	80.00000000
27	157	1	84.00000000	80.00000000
27	158	1	84.00000000	80.00000000
27	159	1	84.00000000	80.00000000
27	160	1	84.00000000	80.00000000
27	161	1	84.00000000	80.00000000
27	162	1	84.00000000	80.00000000
27	163	1	84.00000000	80.00000000
27	164	1	84.00000000	80.00000000
27	165	1	84.00000000	80.00000000
27	166	1	84.00000000	80.00000000
27	167	1	84.00000000	80.00000000
27	168	1	84.00000000	80.00000000
27	169	1	84.00000000	80.00000000
27	170	1	84.00000000	80.00000000
27	171	1	84.00000000	80.00000000
27	172	1	84.00000000	80.00000000
27	173	1	84.00000000	80.00000000
27	174	1	84.00000000	80.00000000
27	175	1	84.00000000	80.00000000
27	176	1	84.00000000	80.00000000
27	177	1	84.00000000	80.00000000
27	178	1	84.00000000	80.00000000
27	179	1	84.00000000	80.00000000
27	180	1	84.00000000	80.00000000
27	181	1	84.00000000	80.00000000
27	182	1	84.00000000	80.00000000
27	183	1	84.00000000	80.00000000
27	184	1	84.00000000	80.00000000
27	185	1	84.00000000	80.00000000
27	186	1	84.00000000	80.00000000
27	187	1	84.00000000	80.00000000
27	188	1	84.00000000	80.00000000
27	189	1	84.00000000	80.00000000
27	190	1	84.00000000	80.00000000
27	191	1	84.00000000	80.00000000
27	192	1	84.00000000	80.00000000
27	193	1	84.00000000	80.00000000
27	194	1	84.00000000	80.00000000
27	195	1	84.00000000	80.00000000
28	0	1	84.00000000	80.00000000
28	1	1	84.00000000	80.00000000
28	2	1	84.00000000	80.00000000
28	3	1	84.00000000	80.00000000
28	4	1	84.00000000	80.00000000
28	5	1	84.00000000	80.00000000
28	6	1	84.00000000	80.00000000
28	7	1	84.00000000	80.00000000
28	8	1	84.00000000	80.00000000
28	9	1	84.00000000	80.00000000
28	10	1	84.00000000	80.00000000
28	11	1	84.00000000	80.00000000
28	12	1	84.00000000	80.00000000
28	13	1	84.00000000	80.00000000
28	14	1	84.00000000	80.00000000
28	15	1	84.00000000	80.00000000
28	16	1	84.00000000	80.00000000
28	17	1	84.00000000	80.00000000
28	18	1	84.00000000	80.00000000
28	19	1	84.00000000	80.00000000
28	20	1	84.00000000	80.00000000
28	21	1	84.00000000	80.00000000
28	22	1	84.00000000	80.00000000
28	23	1	84.00000000	80.00000000
28	24	1	84.00000000	80.00000000
28	25	1	84.00000000	80.00000000
28	26	1	84.00000000	80.00000000
28	27	1	84.00000000	80.00000000
28	28	1	84.00000000	80.00000000
28	29	1	84.00000000	80.00000000
28	30	1	84.00000000	80.00000000
28	31	1	84.00000000	80.00000000
28	32	1	84.00000000	80.00000000
28	33	1	84.00000000	80.00000000
28	34	1	84.00000000	80.00000000
28	35	1	84.00000000	80.00000000
28	36	1	84.00000000	80.00000000
28	37	1	84.00000000	80.00000000
28	38	1	84.00000000	80.00000000
28	39	1	84.00000000	80.00000000
28	40	1	84.00000000	80.00000000
28	41	1	84.00000000	80.00000000
28	42	1	84.00000000	80.00000000
28	43	1	84.00000000	80.00000000
28	44	1	84.00000000	80.00000000
28	45	1	84.00000000	80.00000000
28	46	1	84.00000000	80.00000000
28	47	1	84.00000000	80.00000000
28	48	1	84.00000000	80.00000000
28	49	1	84.00000000	80.00000000
28	50	1	84.00000000	80.00000000
28	51	1	84.00000000	80.00000000
28	52	1	84.00000000	80.00000000
28	53	1	84.00000000	80.00000000
28	54	1	84.00000000	80.00000000
28	55	1	84.00000000	80.00000000
28	56	1	84.00000000	80.00000000
28	57	1	84.00000000	80.00000000
28	58	1	84.00000000	80.00000000
28	59	1	84.00000000	80.00000000
28	60	1	84.00000000	80.00000000
28	61	1	84.00000000	80.00000000
28	62	1	84.00000000	80.00000000
28	63	1	84.00000000	80.00000000
28	64	1	84.00000000	80.00000000
28	65	1	84.00000000	80.00000000
28	66	1	84.00000000	80.00000000
28	67	1	84.00000000	80.00000000
28	68	1	84.00000000	80.00000000
28	69	1	84.00000000	80.00000000
28	70	1	84.00000000	80.00000000
28	71	1	84.00000000	80.00000000
28	72	1	84.00000000	80.00000000
28	73	1	84.00000000	80.00000000
28	74	1	84.00000000	80.00000000
28	75	1	84.00000000	80.00000000
28	76	1	84.00000000	80.00000000
28	77	1	84.00000000	80.00000000
28	78	1	84.00000000	80.00000000
28	79	1	84.00000000	80.00000000
28	80	1	84.00000000	80.00000000
28	81	1	84.00000000	80.00000000
28	82	1	84.00000000	80.00000000
28	83	1	84.00000000	80.00000000
28	84	1	84.00000000	80.00000000
28	85	1	84.00000000	80.00000000
28	86	1	84.00000000	80.00000000
28	87	1	84.00000000	80.00000000
28	88	1	84.00000000	80.00000000
28	89	1	84.00000000	80.00000000
28	90	1	84.00000000	80.00000000
28	91	1	84.00000000	80.00000000
28	92	1	84.00000000	80.00000000
28	93	1	84.00000000	80.00000000
28	94	1	84.00000000	80.00000000
28	95	1	84.00000000	80.00000000
28	96	1	84.00000000	80.00000000
28	97	1	84.00000000	80.00000000
28	98	1	84.00000000	80.00000000
28	99	1	84.00000000	80.00000000
28	100	1	84.00000000	80.00000000
28	101	1	84.00000000	80.00000000
28	102	1	84.00000000	80.00000000
28	103	1	84.00000000	80.00000000
28	104	1	84.00000000	80.00000000
28	105	1	84.00000000	80.00000000
28	106	1	84.00000000	80.00000000
28	107	1	84.00000000	80.00000000
28	108	1	84.00000000	80.00000000
28	109	1	84.00000000	80.00000000
28	110	1	84.00000000	80.00000000
28	111	1	84.00000000	80.00000000
28	112	1	84.00000000	80.00000000
28	113	1	84.00000000	80.00000000
28	114	1	84.00000000	80.00000000
28	115	1	84.00000000	80.00000000
28	116	1	84.00000000	80.00000000
28	117	1	84.00000000	80.00000000
28	118	1	84.00000000	80.00000000
28	119	1	84.00000000	80.00000000
28	120	1	84.00000000	80.00000000
28	121	1	84.00000000	80.00000000
28	122	1	84.00000000	80.00000000
28	123	1	84.00000000	80.00000000
28	124	1	84.00000000	80.00000000
28	125	1	84.00000000	80.00000000
28	126	1	84.00000000	80.00000000
28	127	1	84.00000000	80.00000000
28	128	1	84.00000000	80.00000000
28	129	1	84.00000000	80.00000000
28	130	1	84.00000000	80.00000000
28	131	1	84.00000000	80.00000000
28	132	1	84.00000000	80.00000000
28	133	1	84.00000000	80.00000000
28	134	1	84.00000000	80.00000000
28	135	1	84.00000000	80.00000000
28	136	1	84.00000000	80.00000000
28	137	1	84.00000000	80.00000000
28	138	1	84.00000000	80.00000000
28	139	1	84.00000000	80.00000000
28	140	1	84.00000000	80.00000000
28	141	1	84.00000000	80.00000000
28	142	1	84.00000000	80.00000000
28	143	1	84.00000000	80.00000000
28	144	1	84.00000000	80.00000000
28	145	1	84.00000000	80.00000000
28	146	1	84.00000000	80.00000000
28	147	1	84.00000000	80.00000000
28	148	1	84.00000000	80.00000000
28	149	1	84.00000000	80.00000000
28	150	1	84.00000000	80.00000000
28	151	1	84.00000000	80.00000000
28	152	1	84.00000000	80.00000000
28	153	1	84.00000000	80.00000000
28	154	1	84.00000000	80.00000000
28	155	1	84.00000000	80.00000000
28	156	1	84.00000000	80.00000000
28	157	1	84.00000000	80.00000000
28	158	1	84.00000000	80.00000000
28	159	1	84.00000000	80.00000000
28	160	1	84.00000000	80.00000000
28	161	1	84.00000000	80.00000000
28	162	1	84.00000000	80.00000000
28	163	1	84.00000000	80.00000000
28	164	1	84.00000000	80.00000000
28	165	1	84.00000000	80.00000000
28	166	1	84.00000000	80.00000000
28	167	1	84.00000000	80.00000000
28	168	1	84.00000000	80.00000000
28	169	1	84.00000000	80.00000000
28	170	1	84.00000000	80.00000000
28	171	1	84.00000000	80.00000000
28	172	1	84.00000000	80.00000000
28	173	1	84.00000000	80.00000000
28	174	1	84.00000000	80.00000000
28	175	1	84.00000000	80.00000000
28	176	1	84.00000000	80.00000000
28	177	1	84.00000000	80.00000000
29	0	1	84.00000000	80.00000000
29	1	1	84.00000000	80.00000000
29	2	1	84.00000000	80.00000000
29	3	1	84.00000000	80.00000000
29	4	1	84.00000000	80.00000000
29	5	1	84.00000000	80.00000000
29	6	1	84.00000000	80.00000000
29	7	1	84.00000000	80.00000000
29	8	1	84.00000000	80.00000000
29	9	1	84.00000000	80.00000000
29	10	1	84.00000000	80.00000000
29	11	1	84.00000000	80.00000000
29	12	1	84.00000000	80.00000000
29	13	1	84.00000000	80.00000000
29	14	1	84.00000000	80.00000000
29	15	1	84.00000000	80.00000000
29	16	1	84.00000000	80.00000000
29	17	1	84.00000000	80.00000000
29	18	1	84.00000000	80.00000000
29	19	1	84.00000000	80.00000000
29	20	1	84.00000000	80.00000000
29	21	1	84.00000000	80.00000000
29	22	1	84.00000000	80.00000000
29	23	1	84.00000000	80.00000000
29	24	1	84.00000000	80.00000000
29	25	1	84.00000000	80.00000000
29	26	1	84.00000000	80.00000000
29	27	1	84.00000000	80.00000000
29	28	1	84.00000000	80.00000000
29	29	1	84.00000000	80.00000000
29	30	1	84.00000000	80.00000000
29	31	1	84.00000000	80.00000000
29	32	1	84.00000000	80.00000000
29	33	1	84.00000000	80.00000000
29	34	1	84.00000000	80.00000000
29	35	1	84.00000000	80.00000000
29	36	1	84.00000000	80.00000000
29	37	1	84.00000000	80.00000000
29	38	1	84.00000000	80.00000000
29	39	1	84.00000000	80.00000000
29	40	1	84.00000000	80.00000000
29	41	1	84.00000000	80.00000000
29	42	1	84.00000000	80.00000000
29	43	1	84.00000000	80.00000000
29	44	1	84.00000000	80.00000000
29	45	1	84.00000000	80.00000000
29	46	1	84.00000000	80.00000000
29	47	1	84.00000000	80.00000000
29	48	1	84.00000000	80.00000000
29	49	1	84.00000000	80.00000000
29	50	1	84.00000000	80.00000000
29	51	1	84.00000000	80.00000000
29	52	1	84.00000000	80.00000000
29	53	1	84.00000000	80.00000000
29	54	1	84.00000000	80.00000000
29	55	1	84.00000000	80.00000000
29	56	1	84.00000000	80.00000000
29	57	1	84.00000000	80.00000000
29	58	1	84.00000000	80.00000000
29	59	1	84.00000000	80.00000000
29	60	1	84.00000000	80.00000000
29	61	1	84.00000000	80.00000000
29	62	1	84.00000000	80.00000000
29	63	1	84.00000000	80.00000000
29	64	1	84.00000000	80.00000000
29	65	1	84.00000000	80.00000000
29	66	1	84.00000000	80.00000000
29	67	1	84.00000000	80.00000000
29	68	1	84.00000000	80.00000000
29	69	1	84.00000000	80.00000000
29	70	1	84.00000000	80.00000000
29	71	1	84.00000000	80.00000000
29	72	1	84.00000000	80.00000000
29	73	1	84.00000000	80.00000000
29	74	1	84.00000000	80.00000000
29	75	1	84.00000000	80.00000000
29	76	1	84.00000000	80.00000000
29	77	1	84.00000000	80.00000000
29	78	1	84.00000000	80.00000000
29	79	1	84.00000000	80.00000000
29	80	1	84.00000000	80.00000000
29	81	1	84.00000000	80.00000000
29	82	1	84.00000000	80.00000000
29	83	1	84.00000000	80.00000000
29	84	1	84.00000000	80.00000000
29	85	1	84.00000000	80.00000000
29	86	1	84.00000000	80.00000000
29	87	1	84.00000000	80.00000000
29	88	1	84.00000000	80.00000000
29	89	1	84.00000000	80.00000000
29	90	1	84.00000000	80.00000000
29	91	1	84.00000000	80.00000000
29	92	1	84.00000000	80.00000000
29	93	1	84.00000000	80.00000000
29	94	1	84.00000000	80.00000000
29	95	1	84.00000000	80.00000000
29	96	1	84.00000000	80.00000000
29	97	1	84.00000000	80.00000000
29	98	1	84.00000000	80.00000000
29	99	1	84.00000000	80.00000000
29	100	1	84.00000000	80.00000000
29	101	1	84.00000000	80.00000000
29	102	1	84.00000000	80.00000000
29	103	1	84.00000000	80.00000000
29	104	1	84.00000000	80.00000000
29	105	1	84.00000000	80.00000000
29	106	1	84.00000000	80.00000000
29	107	1	84.00000000	80.00000000
29	108	1	84.00000000	80.00000000
29	109	1	84.00000000	80.00000000
29	110	1	84.00000000	80.00000000
29	111	1	84.00000000	80.00000000
29	112	1	84.00000000	80.00000000
29	113	1	84.00000000	80.00000000
29	114	1	84.00000000	80.00000000
29	115	1	84.00000000	80.00000000
29	116	1	84.00000000	80.00000000
29	117	1	84.00000000	80.00000000
29	118	1	84.00000000	80.00000000
29	119	1	84.00000000	80.00000000
29	120	1	84.00000000	80.00000000
29	121	1	84.00000000	80.00000000
29	122	1	84.00000000	80.00000000
29	123	1	84.00000000	80.00000000
29	124	1	84.00000000	80.00000000
29	125	1	84.00000000	80.00000000
29	126	1	84.00000000	80.00000000
29	127	1	84.00000000	80.00000000
29	128	1	84.00000000	80.00000000
29	129	1	84.00000000	80.00000000
30	0	1	84.00000000	80.00000000
30	1	1	84.00000000	80.00000000
30	2	1	84.00000000	80.00000000
30	3	1	84.00000000	80.00000000
30	4	1	84.00000000	80.00000000
30	5	1	84.00000000	80.00000000
30	6	1	84.00000000	80.00000000
30	7	1	84.00000000	80.00000000
30	8	1	84.00000000	80.00000000
30	9	1	84.00000000	80.00000000
30	10	1	84.00000000	80.00000000
30	11	1	84.00000000	80.00000000
30	12	1	84.00000000	80.00000000
30	13	1	84.00000000	80.00000000
30	14	1	84.00000000	80.00000000
30	15	1	84.00000000	80.00000000
30	16	1	84.00000000	80.00000000
30	17	1	84.00000000	80.00000000
30	18	1	84.00000000	80.00000000
30	19	1	84.00000000	80.00000000
30	20	1	84.00000000	80.00000000
30	21	1	84.00000000	80.00000000
30	22	1	84.00000000	80.00000000
30	23	1	84.00000000	80.00000000
30	24	1	84.00000000	80.00000000
30	25	1	84.00000000	80.00000000
30	26	1	84.00000000	80.00000000
30	27	1	84.00000000	80.00000000
30	28	1	84.00000000	80.00000000
30	29	1	84.00000000	80.00000000
30	30	1	84.00000000	80.00000000
30	31	1	84.00000000	80.00000000
30	32	1	84.00000000	80.00000000
30	33	1	84.00000000	80.00000000
30	34	1	84.00000000	80.00000000
30	35	1	84.00000000	80.00000000
30	36	1	84.00000000	80.00000000
30	37	1	84.00000000	80.00000000
30	38	1	84.00000000	80.00000000
30	39	1	84.00000000	80.00000000
30	40	1	84.00000000	80.00000000
30	41	1	84.00000000	80.00000000
30	42	1	84.00000000	80.00000000
30	43	1	84.00000000	80.00000000
30	44	1	84.00000000	80.00000000
30	45	1	84.00000000	80.00000000
30	46	1	84.00000000	80.00000000
30	47	1	84.00000000	80.00000000
30	48	1	84.00000000	80.00000000
30	49	1	84.00000000	80.00000000
30	50	1	84.00000000	80.00000000
30	51	1	84.00000000	80.00000000
30	52	1	84.00000000	80.00000000
30	53	1	84.00000000	80.00000000
30	54	1	84.00000000	80.00000000
30	55	1	84.00000000	80.00000000
30	56	1	84.00000000	80.00000000
30	57	1	84.00000000	80.00000000
30	58	1	84.00000000	80.00000000
30	59	1	84.00000000	80.00000000
30	60	1	84.00000000	80.00000000
30	61	1	84.00000000	80.00000000
30	62	1	84.00000000	80.00000000
30	63	1	84.00000000	80.00000000
30	64	1	84.00000000	80.00000000
30	65	1	84.00000000	80.00000000
30	66	1	84.00000000	80.00000000
30	67	1	84.00000000	80.00000000
30	68	1	84.00000000	80.00000000
30	69	1	84.00000000	80.00000000
30	70	1	84.00000000	80.00000000
30	71	1	84.00000000	80.00000000
30	72	1	84.00000000	80.00000000
30	73	1	84.00000000	80.00000000
30	74	1	84.00000000	80.00000000
30	75	1	84.00000000	80.00000000
30	76	1	84.00000000	80.00000000
30	77	1	84.00000000	80.00000000
30	78	1	84.00000000	80.00000000
30	79	1	84.00000000	80.00000000
30	80	1	84.00000000	80.00000000
30	81	1	84.00000000	80.00000000
30	82	1	84.00000000	80.00000000
30	83	1	84.00000000	80.00000000
30	84	1	84.00000000	80.00000000
30	85	1	84.00000000	80.00000000
30	86	1	84.00000000	80.00000000
30	87	1	84.00000000	80.00000000
30	88	1	84.00000000	80.00000000
30	89	1	84.00000000	80.00000000
30	90	1	84.00000000	80.00000000
30	91	1	84.00000000	80.00000000
30	92	1	84.00000000	80.00000000
30	93	1	84.00000000	80.00000000
30	94	1	84.00000000	80.00000000
30	95	1	84.00000000	80.00000000
30	96	1	84.00000000	80.00000000
30	97	1	84.00000000	80.00000000
30	98	1	84.00000000	80.00000000
30	99	1	84.00000000	80.00000000
30	100	1	84.00000000	80.00000000
30	101	1	84.00000000	80.00000000
30	102	1	84.00000000	80.00000000
30	103	1	84.00000000	80.00000000
30	104	1	84.00000000	80.00000000
30	105	1	84.00000000	80.00000000
30	106	1	84.00000000	80.00000000
30	107	1	84.00000000	80.00000000
31	0	1	84.00000000	80.00000000
31	1	1	84.00000000	80.00000000
31	2	1	84.00000000	80.00000000
31	3	1	84.00000000	80.00000000
31	4	1	84.00000000	80.00000000
31	5	1	84.00000000	80.00000000
31	6	1	84.00000000	80.00000000
31	7	1	84.00000000	80.00000000
31	8	1	84.00000000	80.00000000
31	9	1	84.00000000	80.00000000
31	10	1	84.00000000	80.00000000
31	11	1	84.00000000	80.00000000
31	12	1	84.00000000	80.00000000
31	13	1	84.00000000	80.00000000
31	14	1	84.00000000	80.00000000
31	15	1	84.00000000	80.00000000
31	16	1	84.00000000	80.00000000
31	17	1	84.00000000	80.00000000
31	18	1	84.00000000	80.00000000
31	19	1	84.00000000	80.00000000
31	20	1	84.00000000	80.00000000
31	21	1	84.00000000	80.00000000
31	22	1	84.00000000	80.00000000
31	23	1	84.00000000	80.00000000
31	24	1	84.00000000	80.00000000
31	25	1	84.00000000	80.00000000
31	26	1	84.00000000	80.00000000
31	27	1	84.00000000	80.00000000
31	28	1	84.00000000	80.00000000
31	29	1	84.00000000	80.00000000
31	30	1	84.00000000	80.00000000
31	31	1	84.00000000	80.00000000
31	32	1	84.00000000	80.00000000
31	33	1	84.00000000	80.00000000
31	34	1	84.00000000	80.00000000
31	35	1	84.00000000	80.00000000
31	36	1	84.00000000	80.00000000
31	37	1	84.00000000	80.00000000
31	38	1	84.00000000	80.00000000
31	39	1	84.00000000	80.00000000
31	40	1	84.00000000	80.00000000
31	41	1	84.00000000	80.00000000
31	42	1	84.00000000	80.00000000
31	43	1	84.00000000	80.00000000
31	44	1	84.00000000	80.00000000
31	45	1	84.00000000	80.00000000
31	46	1	84.00000000	80.00000000
31	47	1	84.00000000	80.00000000
31	48	1	84.00000000	80.00000000
31	49	1	84.00000000	80.00000000
31	50	1	84.00000000	80.00000000
31	51	1	84.00000000	80.00000000
31	52	1	84.00000000	80.00000000
31	53	1	84.00000000	80.00000000
31	54	1	84.00000000	80.00000000
31	55	1	84.00000000	80.00000000
31	56	1	84.00000000	80.00000000
31	57	1	84.00000000	80.00000000
31	58	1	84.00000000	80.00000000
31	59	1	84.00000000	80.00000000
31	60	1	84.00000000	80.00000000
31	61	1	84.00000000	80.00000000
31	62	1	84.00000000	80.00000000
31	63	1	84.00000000	80.00000000
31	64	1	84.00000000	80.00000000
31	65	1	84.00000000	80.00000000
31	66	1	84.00000000	80.00000000
31	67	1	84.00000000	80.00000000
31	68	1	84.00000000	80.00000000
31	69	1	84.00000000	80.00000000
31	70	1	84.00000000	80.00000000
31	71	1	84.00000000	80.00000000
31	72	1	84.00000000	80.00000000
31	73	1	84.00000000	80.00000000
31	74	1	84.00000000	80.00000000
31	75	1	84.00000000	80.00000000
31	76	1	84.00000000	80.00000000
31	77	1	84.00000000	80.00000000
31	78	1	84.00000000	80.00000000
31	79	1	84.00000000	80.00000000
31	80	1	84.00000000	80.00000000
31	81	1	84.00000000	80.00000000
31	82	1	84.00000000	80.00000000
31	83	1	84.00000000	80.00000000
31	84	1	84.00000000	80.00000000
31	85	1	84.00000000	80.00000000
31	86	1	84.00000000	80.00000000
31	87	1	84.00000000	80.00000000
31	88	1	84.00000000	80.00000000
31	89	1	84.00000000	80.00000000
########################################
# TPC Y : y = (ct-p0)*p1               #
########################################
0	0	2	-1254.43237003	0.05500000
0	1	2	-1268.91911934	0.05500000
0	2	2	-1282.69261595	0.05500000
0	3	2	-1248.72339330	0.05500000
0	4	2	-1256.03326621	0.05500000
0	5	2	-1269.85482688	0.05500000
0	6	2	-1262.24038731	0.05500000
0	7	2	-1282.71670715	0.05500000
0	8	2	-1306.08078261	0.05500000
0	9	2	-1236.04571096	0.05500000
0	10	2	-1270.50899850	0.05500000
0	11	2	-1320.59347341	0.05500000
0	12	2	-1260.11746754	0.05500000
0	13	2	-1267.90190691	0.05500000
0	14	2	-1275.31472120	0.05500000
0	15	2	-1267.50118849	0.05500000
0	16	2	-1273.24765025	0.05500000
0	17	2	-1236.36363600	0.05500000
0	18	2	-1291.69531791	0.05500000
0	19	2	-1245.37933898	0.05500000
0	20	2	-1301.57280799	0.05500000
0	21	2	-1259.01641143	0.05500000
0	22	2	-1286.51035068	0.05500000
0	23	2	-1245.51777456	0.05500000
0	24	2	-1259.00029455	0.05500000
0	25	2	-1242.05090209	0.05500000
0	26	2	-1268.63740222	0.05500000
0	27	2	-1280.96649658	0.05500000
0	28	2	-1243.01755868	0.05500000
0	29	2	-1251.73390883	0.05500000
0	30	2	-1264.15736092	0.05500000
0	31	2	-1217.36756209	0.05500000
0	32	2	-1271.16113437	0.05500000
0	33	2	-1243.35625959	0.05500000
0	34	2	-1278.23526505	0.05500000
0	35	2	-1256.60670679	0.05500000
0	36	2	-1262.28396639	0.05500000
0	37	2	-1245.99857556	0.05500000
0	38	2	-1305.70047682	0.05500000
0	39	2	-1246.27786090	0.05500000
0	40	2	-1221.86363329	0.05500000
0	41	2	-1250.02243639	0.05500000
0	42	2	-1262.22922846	0.05500000
0	43	2	-1267.14656641	0.05500000
0	44	2	-1268.57779342	0.05500000
0	45	2	-1257.25583227	0.05500000
0	46	2	-1261.44991249	0.05500000
0	47	2	-1243.03835676	0.05500000
1	0	2	-1248.02719943	0.05500000
1	1	2	-1268.37220135	0.05500000
1	2	2	-1248.02356560	0.05500000
1	3	2	-1278.63855739	0.05500000
1	4	2	-1252.43685331	0.05500000
1	5	2	-1272.03077917	0.05500000
1	6	2	-1254.03824348	0.05500000
1	7	2	-1258.02345883	0.05500000
1	8	2	-1268.50590738	0.05500000
1	9	2	-1215.38722365	0.05500000
1	10	2	-1282.04892281	0.05500000
1	11	2	-1233.47542702	0.05500000
1	12	2	-1263.20836418	0.05500000
1	13	2	-1308.92442411	0.05500000
1	14	2	-1262.56139894	0.05500000
1	15	2	-1265.14111259	0.05500000
1	16	2	-1280.80314587	0.05500000
1	17	2	-1247.23263592	0.05500000
1	18	2	-1256.82065739	0.05500000
1	19	2	-1272.47360895	0.05500000
1	20	2	-1244.81775053	0.05500000
1	21	2	-1263.04619175	0.05500000
1	22	2	-1260.81486298	0.05500000
1	23	2	-1262.45469725	0.05500000
1	24	2	-1244.96165401	0.05500000
1	25	2	-1269.00262291	0.05500000
1	26	2	-1275.50722594	0.05500000
1	27	2	-1251.90300932	0.05500000
1	28	2	-1260.07663020	0.05500000
1	29	2	-1268.92168599	0.05500000
1	30	2	-1230.55034964	0.05500000
1	31	2	-1277.69057782	0.05500000
1	32	2	-1242.27277068	0.05500000
1	33	2	-1281.20807586	0.05500000
1	34	2	-1254.50890803	0.05500000
1	35	2	-1270.23779745	0.05500000
1	36	2	-1264.34581882	0.05500000
1	37	2	-1283.48541199	0.05500000
1	38	2	-1254.53415590	0.05500000
1	39	2	-1273.02841042	0.05500000
1	40	2	-1273.61241734	0.05500000
1	41	2	-1266.61206613	0.05500000
1	42	2	-1266.62597724	0.05500000
1	43	2	-1261.43967291	0.05500000
1	44	2	-1274.76614806	0.05500000
1	45	2	-1263.70783848	0.05500000
1	46	2	-1268.32255169	0.05500000
1	47	2	-1257.18572209	0.05500000
2	0	2	-1255.76019331	0.05500000
2	1	2	-1272.58734662	0.05500000
2	2	2	-1263.19267701	0.05500000
2	3	2	-1259.33120291	0.05500000
2	4	2	-1272.96484459	0.05500000
2	5	2	-1247.66530945	0.05500000
2	6	2	-1280.32958969	0.05500000
2	7	2	-1250.94911329	0.05500000
2	8	2	-1281.57463283	0.05500000
2	9	2	-1260.34071606	0.05500000
2	10	2	-1306.58640377	0.05500000
2	11	2	-1261.64572390	0.05500000
2	12	2	-1249.55973136	0.05500000
2	13	2	-1255.41372996	0.05500000
2	14	2	-1311.78831174	0.05500000
2	15	2	-1278.88692200	0.05500000
2	16	2	-1252.40038395	0.05500000
2	17	2	-1263.68388577	0.05500000
2	18	2	-1318.59538089	0.05500000
2	19	2	-1239.45469825	0.05500000
2	20	2	-1257.96278747	0.05500000
2	21	2	-1282.82018728	0.05500000
2	22	2	-1289.73892972	0.05500000
2	23	2	-1241.85456563	0.05500000
2	24	2	-1307.72110424	0.05500000
2	25	2	-1260.48371308	0.05500000
2	26	2	-1275.07420429	0.05500000
2	27	2	-1276.31953132	0.05500000
2	28	2	-1270.51191439	0.05500000
2	29	2	-1268.43747323	0.05500000
2	30	2	-1267.19508459	0.05500000
2	31	2	-1265.41962439	0.05500000
2	32	2	-1272.29917245	0.05500000
2	33	2	-1251.46290616	0.05500000
2	34	2	-1282.58737408	0.05500000
2	35	2	-1257.20215723	0.05500000
2	36	2	-1263.53901149	0.05500000
2	37	2	-1245.70657255	0.05500000
2	38	2	-1267.15903656	0.05500000
2	39	2	-1240.79042194	0.05500000
2	40	2	-1264.00359270	0.05500000
2	41	2	-1260.93711587	0.05500000
2	42	2	-1254.66548241	0.05500000
2	43	2	-1239.21930762	0.05500000
2	44	2	-1254.87052965	0.05500000
2	45	2	-1278.43969090	0.05500000
2	46	2	-1261.11649479	0.05500000
2	47	2	-1246.44113875	0.05500000
2	48	2	-1292.25645817	0.05500000
2	49	2	-1249.51495768	0.05500000
2	50	2	-1272.31388005	0.05500000
2	51	2	-1255.57795869	0.05500000
2	52	2	-1264.53908538	0.05500000
2	53	2	-1266.39993871	0.05500000
2	54	2	-1251.84118638	0.05500000
2	55	2	-1258.67133231	0.05500000
2	56	2	-1273.85221948	0.05500000
2	57	2	-1256.84444727	0.05500000
2	58	2	-1282.27704393	0.05500000
2	59	2	-1231.90702962	0.05500000
2	60	2	-1276.45466209	0.05500000
2	61	2	-1280.49919152	0.05500000
2	62	2	-1240.84054276	0.05500000
2	63	2	-1265.45068449	0.05500000
2	64	2	-1277.32405217	0.05500000
2	65	2	-1255.08930390	0.05500000
2	66	2	-1281.51968248	0.05500000
2	67	2	-1251.53348553	0.05500000
2	68	2	-1258.49511175	0.05500000
2	69	2	-1261.23320474	0.05500000
2	70	2	-1256.60428895	0.05500000
2	71	2	-1254.45999987	0.05500000
3	0	2	-1249.22946940	0.05500000
3	1	2	-1269.51902333	0.05500000
3	2	2	-1257.90878458	0.05500000
3	3	2	-1246.84491534	0.05500000
3	4	2	-1273.08570601	0.05500000
3	5	2	-1247.68408201	0.05500000
3	6	2	-1282.95908456	0.05500000
3	7	2	-1269.77459762	0.05500000
3	8	2	-1263.91399775	0.05500000
3	9	2	-1264.35246075	0.05500000
3	10	2	-1265.53930909	0.05500000
3	11	2	-1258.85461017	0.05500000
3	12	2	-1263.74735107	0.05500000
3	13	2	-1303.44331874	0.05500000
3	14	2	-1257.23410253	0.05500000
3	15	2	-1236.36363600	0.05500000
3	16	2	-1274.78066189	0.05500000
3	17	2	-1286.45604967	0.05500000
3	18	2	-1261.71688413	0.05500000
3	19	2	-1256.68416600	0.05500000
3	20	2	-1276.13027873	0.05500000
3	21	2	-1286.18025005	0.05500000
3	22	2	-1256.28372319	0.05500000
3	23	2	-1263.12091151	0.05500000
3	24	2	-1263.21284760	0.05500000
3	25	2	-1248.49078430	0.05500000
3	26	2	-1327.63218543	0.05500000
3	27	2	-1282.75628805	0.05500000
3	28	2	-1259.32179902	0.05500000
3	29	2	-1279.56876951	0.05500000
3	30	2	-1278.73962305	0.05500000
3	31	2	-1252.70183314	0.05500000
3	32	2	-1280.96815154	0.05500000
3	33	2	-1264.49435414	0.05500000
3	34	2	-1290.29983966	0.05500000
3	35	2	-1253.49272267	0.05500000
3	36	2	-1301.46362796	0.05500000
3	37	2	-1239.86073309	0.05500000
3	38	2	-1280.15333377	0.05500000
3	39	2	-1256.84222817	0.05500000
3	40	2	-1263.49443445	0.05500000
3	41	2	-1266.75634693	0.05500000
3	42	2	-1270.86997189	0.05500000
3	43	2	-1261.09413427	0.05500000
3	44	2	-1259.28730558	0.05500000
3	45	2	-1257.80682482	0.05500000
3	46	2	-1259.80678056	0.05500000
3	47	2	-1258.65955096	0.05500000
3	48	2	-1261.59786839	0.05500000
3	49	2	-1251.46117526	0.05500000
3	50	2	-1264.29701057	0.05500000
3	51	2	-1251.04768217	0.05500000
3	52	2	-1246.54310676	0.05500000
3	53	2	-1273.83398170	0.05500000
3	54	2	-1235.83522624	0.05500000
3	55	2	-1261.61286641	0.05500000
3	56	2	-1255.47811119	0.05500000
3	57	2	-1251.09463749	0.05500000
3	58	2	-1316.41125687	0.05500000
3	59	2	-1251.57088060	0.05500000
3	60	2	-1266.57427884	0.05500000
3	61	2	-1261.34573819	0.05500000
3	62	2	-1247.51999722	0.05500000
3	63	2	-1307.35595717	0.05500000
3	64	2	-1258.94779814	0.05500000
3	65	2	-1216.46388995	0.05500000
3	66	2	-1270.90139397	0.05500000
3	67	2	-1265.89266762	0.05500000
3	68	2	-1274.51601433	0.05500000
3	69	2	-1255.34359277	0.05500000
3	70	2	-1261.10267771	0.05500000
3	71	2	-1260.39227716	0.05500000
3	72	2	-1269.06640047	0.05500000
3	73	2	-1267.70485601	0.05500000
3	74	2	-1267.66632343	0.05500000
3	75	2	-1273.84343796	0.05500000
3	76	2	-1251.67314082	0.05500000
3	77	2	-1275.17915582	0.05500000
3	78	2	-1279.31434767	0.05500000
3	79	2	-1271.12822495	0.05500000
3	80	2	-1249.15390863	0.05500000
3	81	2	-1271.38421315	0.05500000
3	82	2	-1268.76518012	0.05500000
3	83	2	-1257.80475339	0.05500000
3	84	2	-1271.36041494	0.05500000
3	85	2	-1258.43434578	0.05500000
3	86	2	-1255.96502046	0.05500000
3	87	2	-1264.52795852	0.05500000
3	88	2	-1272.35532764	0.05500000
3	89	2	-1262.46029949	0.05500000
3	90	2	-1275.09825745	0.05500000
3	91	2	-1259.17285774	0.05500000
3	92	2	-1257.38073982	0.05500000
3	93	2	-1263.77739060	0.05500000
3	94	2	-1266.24396920	0.05500000
3	95	2	-1250.85552617	0.05500000
4	0	2	-1225.85562541	0.05500000
4	1	2	-1233.88549665	0.05500000
4	2	2	-1236.20777441	0.05500000
4	3	2	-1221.00202849	0.05500000
4	4	2	-1233.61718519	0.05500000
4	5	2	-1233.34948463	0.05500000
4	6	2	-1238.09211516	0.05500000
4	7	2	-1238.51214596	0.05500000
4	8	2	-1242.70407124	0.05500000
4	9	2	-1232.60440030	0.05500000
4	10	2	-1241.32711368	0.05500000
4	11	2	-1217.11338031	0.05500000
4	12	2	-1256.88534995	0.05500000
4	13	2	-1209.66221183	0.05500000
4	14	2	-1254.20273758	0.05500000
4	15	2	-1231.69264534	0.05500000
4	16	2	-1258.48049122	0.05500000
4	17	2	-1240.94468029	0.05500000
4	18	2	-1268.64981760	0.05500000
4	19	2	-1228.80318979	0.05500000
4	20	2	-1253.23327898	0.05500000
4	21	2	-1227.43648346	0.05500000
4	22	2	-1240.97852986	0.05500000
4	23	2	-1262.93577676	0.05500000
4	24	2	-1244.10988065	0.05500000
4	25	2	-1246.28483797	0.05500000
4	26	2	-1260.67451592	0.05500000
4	27	2	-1239.82124257	0.05500000
4	28	2	-1244.22500296	0.05500000
4	29	2	-1260.31650077	0.05500000
4	30	2	-1248.54781527	0.05500000
4	31	2	-1238.73247424	0.05500000
4	32	2	-1311.15973229	0.05500000
4	33	2	-1250.20598718	0.05500000
4	34	2	-1260.97320858	0.05500000
4	35	2	-1227.64992132	0.05500000
4	36	2	-1267.30120307	0.05500000
4	37	2	-1258.75291432	0.05500000
4	38	2	-1258.44472122	0.05500000
4	39	2	-1250.18454777	0.05500000
4	40	2	-1253.51294773	0.05500000
4	41	2	-1230.80000113	0.05500000
4	42	2	-1296.42490966	0.05500000
4	43	2	-1217.66452275	0.05500000
4	44	2	-1253.63892934	0.05500000
4	45	2	-1258.91953535	0.05500000
4	46	2	-1236.47757366	0.05500000
4	47	2	-1276.96779716	0.05500000
4	48	2	-1237.17365077	0.05500000
4	49	2	-1249.83366407	0.05500000
4	50	2	-1257.51485468	0.05500000
4	51	2	-1237.79372560	0.05500000
4	52	2	-1247.62176709	0.05500000
4	53	2	-1245.88716399	0.05500000
4	54	2	-1238.45461697	0.05500000
4	55	2	-1241.13665765	0.05500000
4	56	2	-1232.17177480	0.05500000
4	57	2	-1237.10333892	0.05500000
4	58	2	-1232.14036196	0.05500000
4	59	2	-1227.82212113	0.05500000
4	60	2	-1284.91384531	0.05500000
4	61	2	-1258.73163813	0.05500000
4	62	2	-1215.37287637	0.05500000
4	63	2	-1234.11449652	0.05500000
4	64	2	-1272.21838079	0.05500000
4	65	2	-1230.53904688	0.05500000
4	66	2	-1295.18153048	0.05500000
4	67	2	-1241.60628482	0.05500000
4	68	2	-1277.47788975	0.05500000
4	69	2	-1305.04670992	0.05500000
4	70	2	-1263.34353975	0.05500000
4	71	2	-1262.47712254	0.05500000
4	72	2	-1277.86691338	0.05500000
4	73	2	-1287.23574870	0.05500000
4	74	2	-1272.29054545	0.05500000
4	75	2	-1254.59734748	0.05500000
4	76	2	-1296.43563416	0.05500000
4	77	2	-1260.47684341	0.05500000
4	78	2	-1284.17543414	0.05500000
4	79	2	-1266.71692414	0.05500000
4	80	2	-1276.57387073	0.05500000
4	81	2	-1267.56114615	0.05500000
4	82	2	-1263.15357860	0.05500000
4	83	2	-1289.29693198	0.05500000
4	84	2	-1281.30741668	0.05500000
4	85	2	-1242.43324675	0.05500000
4	86	2	-1271.96973528	0.05500000
4	87	2	-1270.32708220	0.05500000
4	88	2	-1277.46086619	0.05500000
4	89	2	-1257.73788722	0.05500000
4	90	2	-1294.28662187	0.05500000
4	91	2	-1269.28353396	0.05500000
4	92	2	-1269.36486273	0.05500000
4	93	2	-1280.56584620	0.05500000
4	94	2	-1288.28341603	0.05500000
4	95	2	-1269.60792976	0.05500000
4	96	2	-1287.66025740	0.05500000
4	97	2	-955.44028548	0.05500000
4	98	2	-1283.75596116	0.05500000
4	99	2	-1266.38519638	0.05500000
4	100	2	-1248.89829580	0.05500000
4	101	2	-1238.87427464	0.05500000
4	102	2	-1253.15770604	0.05500000
4	103	2	-1226.57792317	0.05500000
4	104	2	-1225.94722741	0.05500000
4	105	2	-1234.28283523	0.05500000
4	106	2	-1236.85937342	0.05500000
4	107	2	-1238.49315850	0.05500000
4	108	2	-1232.44881812	0.05500000
4	109	2	-1230.64896452	0.05500000
4	110	2	-1222.78930786	0.05500000
4	111	2	-1240.26049969	0.05500000
4	112	2	-1238.22306777	0.05500000
4	113	2	-1243.83913280	0.05500000
4	114	2	-1221.04207246	0.05500000
4	115	2	-1239.74606055	0.05500000
4	116	2	-1221.35853723	0.05500000
4	117	2	-1268.18891929	0.05500000
4	118	2	-1227.99685580	0.05500000
4	119	2	-1227.65237678	0.05500000
     5      0      2    -1216.22478699        0.05489788
     5      1      2    -1228.93098063        0.05489788
     5      2      2    -1226.77843328        0.05489788
     5      3      2    -1227.70692537        0.05489788
     5      4      2    -1234.19918643        0.05489788
     5      5      2    -1238.40264108        0.05489788
     5      6      2    -1221.00641565        0.05489788
     5      7      2    -1324.43853412        0.05489788
     5      8      2    -1224.55182419        0.05489788
     5      9      2    -1203.25001103        0.05489788
     5     10      2    -1222.16546851        0.05489788
     5     11      2    -1241.39317284        0.05489788
     5     12      2    -1269.28173756        0.05489788
     5     13      2    -1239.91781987        0.05489788
     5     14      2    -1240.32696741        0.05489788
     5     15      2    -1218.46293164        0.05489788
     5     16      2    -1182.95993434        0.05489788
     5     17      2    -1217.34331997        0.05489788
     5     18      2    -1165.64412705        0.05489788
     5     19      2    -1210.01353994        0.05489788
     5     20      2    -1220.56548622        0.05489788
     5     21      2    -1219.05648769        0.05489788
     5     22      2    -1199.49740868        0.05489788
     5     23      2    -1223.04722843        0.05489788
     5     24      2    -1211.04795087        0.05489788
     5     25      2    -1212.35440505        0.05489788
     5     26      2    -1171.37647856        0.05489788
     5     27      2    -1194.89826549        0.05489788
     5     28      2    -1197.76985260        0.05489788
     5     29      2    -1248.52386588        0.05489788
     5     30      2    -1235.48186976        0.05489788
     5     31      2    -1251.95546354        0.05489788
     5     32      2    -1245.90282255        0.05489788
     5     33      2    -1239.81768632        0.05489788
     5     34      2    -1229.38845153        0.05489788
     5     35      2    -1231.10711656        0.05489788
     5     36      2    -1237.29641067        0.05489788
     5     37      2    -1216.16251321        0.05489788
     5     38      2    -1234.77797932        0.05489788
     5     39      2    -1235.18047660        0.05489788
     5     40      2    -1186.13998328        0.05489788
     5     41      2    -1217.50966958        0.05489788
     5     42      2    -1185.37920305        0.05489788
     5     43      2    -1165.17706495        0.05489788
     5     44      2    -1165.21180283        0.05489788
     5     45      2    -1150.33594773        0.05489788
     5     46      2    -1163.28427225        0.05489788
     5     47      2    -1180.09734970        0.05489788
     5     48      2    -1171.53343195        0.05489788
     5     49      2    -1167.13349634        0.05489788
     5     50      2    -1170.67193385        0.05489788
     5     51      2    -1175.63782816        0.05489788
     5     52      2    -1199.75355070        0.05489788
     5     53      2    -1222.14106246        0.05489788
     5     54      2    -1212.71177779        0.05489788
     5     55      2    -1234.81262338        0.05489788
     5     56      2    -1235.42652707        0.05489788
     5     57      2    -1182.08061870        0.05489788
     5     58      2    -1178.90466657        0.05489788
     5     59      2    -1168.57933011        0.05489788
     5     60      2    -1194.34011409        0.05489788
     5     61      2    -1216.46823391        0.05489788
     5     62      2    -1213.10028832        0.05489788
     5     63      2    -1216.55181958        0.05489788
     5     64      2    -1204.27722650        0.05489788
     5     65      2    -1225.98986840        0.05489788
     5     66      2    -1215.45428340        0.05489788
     5     67      2    -1236.77506682        0.05489788
     5     68      2    -1225.01006286        0.05489788
     5     69      2    -1217.01757730        0.05489788
     5     70      2    -1208.49619807        0.05489788
     5     71      2    -1217.33960248        0.05489788
     5     72      2    -1245.63203717        0.05489788
     5     73      2    -1261.45196966        0.05489788
     5     74      2    -1245.27631191        0.05489788
     5     75      2    -1262.42803437        0.05489788
     5     76      2    -1246.79501342        0.05489788
     5     77      2    -1255.26477709        0.05489788
     5     78      2    -1240.44791459        0.05489788
     5     79      2    -1256.21197939        0.05489788
     5     80      2    -1231.24835103        0.05489788
     5     81      2    -1259.69903139        0.05489788
     5     82      2    -1233.01231075        0.05489788
     5     83      2    -1261.95801114        0.05489788
     5     84      2    -1242.00445010        0.05489788
     5     85      2    -1254.74317651        0.05489788
     5     86      2    -1270.76739483        0.05489788
     5     87      2    -1250.11032560        0.05489788
     5     88      2    -1252.95557181        0.05489788
     5     89      2    -1251.78102350        0.05489788
     5     90      2    -1236.49748539        0.05489788
     5     91      2    -1255.31591122        0.05489788
     5     92      2    -1236.38412116        0.05489788
     5     93      2    -1270.89206442        0.05489788
     5     94      2    -1241.77133085        0.05489788
     5     95      2    -1265.28933777        0.05489788
     5     96      2    -1245.40697319        0.05489788
     5     97      2    -1266.21086185        0.05489788
     5     98      2    -1239.00081517        0.05489788
     5     99      2    -1267.02752981        0.05489788
     5    100      2    -1245.64834411        0.05489788
     5    101      2    -1269.00764612        0.05489788
     5    102      2    -1243.53323440        0.05489788
     5    103      2    -1260.69632806        0.05489788
     5    104      2    -1243.21819976        0.05489788
     5    105      2    -1262.50342440        0.05489788
     5    106      2    -1240.97121499        0.05489788
     5    107      2    -1266.79318293        0.05489788
     5    108      2    -1251.19451642        0.05489788
     5    109      2    -1266.55462171        0.05489788
     5    110      2    -1247.36231858        0.05489788
     5    111      2    -1268.79057027        0.05489788
     5    112      2    -1254.23928363        0.05489788
     5    113      2    -1267.21220000        0.05489788
     5    114      2    -1251.68827295        0.05489788
     5    115      2    -1271.03667893        0.05489788
     5    116      2    -1251.08799139        0.05489788
     5    117      2    -1277.08348471        0.05489788
     5    118      2    -1247.25207315        0.05489788
     5    119      2    -1266.03538697        0.05489788
     5    120      2    -1224.51559064        0.05489788
     5    121      2    -1220.16094850        0.05489788
     5    122      2    -1222.25447234        0.05489788
     5    123      2    -1212.31021641        0.05489788
     5    124      2    -1224.41273909        0.05489788
     5    125      2    -1212.39049654        0.05489788
     5    126      2    -1214.24609628        0.05489788
     5    127      2    -1209.69422546        0.05489788
     5    128      2    -1214.80704254        0.05489788
     5    129      2    -1212.61200024        0.05489788
     5    130      2    -1223.81559628        0.05489788
     5    131      2    -1235.88124577        0.05489788
     5    132      2    -1230.79714175        0.05489788
     5    133      2    -1222.24020645        0.05489788
     5    134      2    -1225.33288099        0.05489788
     5    135      2    -1222.54903644        0.05489788
     5    136      2    -1225.25423251        0.05489788
     5    137      2    -1220.97680883        0.05489788
     5    138      2    -1227.80915661        0.05489788
     5    139      2    -1221.56190685        0.05489788
     5    140      2    -1230.91325973        0.05489788
     5    141      2    -1217.03330016        0.05489788
     5    142      2    -1229.53194515        0.05489788
     5    143      2    -1221.58344285        0.05489788
     6      0      2    -1261.93794809        0.05490448
     6      1      2    -1257.90819117        0.05490448
     6      2      2    -1251.38777185        0.05490448
     6      3      2    -1254.82783664        0.05490448
     6      4      2    -1256.72387934        0.05490448
     6      5      2    -1256.44206909        0.05490448
     6      6      2    -1270.69930142        0.05490448
     6      7      2    -1260.17587656        0.05490448
     6      8      2    -1299.67748024        0.05490448
     6      9      2    -1328.19274883        0.05490448
     6     10      2    -1271.61345585        0.05490448
     6     11      2    -1261.83941215        0.05490448
     6     12      2    -1264.17765933        0.05490448
     6     13      2    -1260.63533975        0.05490448
     6     14      2    -1303.95985769        0.05490448
     6     15      2    -1266.32107181        0.05490448
     6     16      2    -1263.54836940        0.05490448
     6     17      2    -1272.64015685        0.05490448
     6     18      2    -1260.57496148        0.05490448
     6     19      2    -1259.87665703        0.05490448
     6     20      2    -1268.21233699        0.05490448
     6     21      2    -1263.61690832        0.05490448
     6     22      2    -1260.53852350        0.05490448
     6     23      2    -1262.50218565        0.05490448
     6     24      2    -1259.13003856        0.05490448
     6     25      2    -1262.66935112        0.05490448
     6     26      2    -1267.77752742        0.05490448
     6     27      2    -1263.30308976        0.05490448
     6     28      2    -1225.50176121        0.05490448
     6     29      2    -1224.61602420        0.05490448
     6     30      2    -1228.56015293        0.05490448
     6     31      2    -1217.04920120        0.05490448
     6     32      2    -1239.02749749        0.05490448
     6     33      2    -1220.00244005        0.05490448
     6     34      2    -1226.72496739        0.05490448
     6     35      2    -1220.32243562        0.05490448
     6     36      2    -1234.46804561        0.05490448
     6     37      2    -1228.30249863        0.05490448
     6     38      2    -1235.51016167        0.05490448
     6     39      2    -1213.63770935        0.05490448
     6     40      2    -1232.98498737        0.05490448
     6     41      2    -1220.72749576        0.05490448
     6     42      2    -1233.27524993        0.05490448
     6     43      2    -1211.90854598        0.05490448
     6     44      2    -1235.41775493        0.05490448
     6     45      2    -1225.63161065        0.05490448
     6     46      2    -1224.94794124        0.05490448
     6     47      2    -1229.02142585        0.05490448
     6     48      2    -1230.63341483        0.05490448
     6     49      2    -1226.42761286        0.05490448
     6     50      2    -1228.34077567        0.05490448
     6     51      2    -1223.86348024        0.05490448
     6     52      2    -1241.94611275        0.05490448
     6     53      2    -1216.81769702        0.05490448
     6     54      2    -1234.60459336        0.05490448
     6     55      2    -1217.45224410        0.05490448
     6     56      2    -1227.30125715        0.05490448
     6     57      2    -1224.00833231        0.05490448
     6     58      2    -1227.73759000        0.05490448
     6     59      2    -1215.64784819        0.05490448
     6     60      2    -1231.62781058        0.05490448
     6     61      2    -1214.88035939        0.05490448
     6     62      2    -1233.61095975        0.05490448
     6     63      2    -1208.41734812        0.05490448
     6     64      2    -1229.21554515        0.05490448
     6     65      2    -1214.65053125        0.05490448
     6     66      2    -1223.41717837        0.05490448
     6     67      2    -1212.37104355        0.05490448
     6     68      2    -1235.19913387        0.05490448
     6     69      2    -1212.63799681        0.05490448
     6     70      2    -1179.42141486        0.05490448
     6     71      2    -1219.04297376        0.05490448
     6     72      2    -1221.24737493        0.05490448
     6     73      2    -1213.72951969        0.05490448
     6     74      2    -1225.52421240        0.05490448
     6     75      2    -1212.42529047        0.05490448
     6     76      2    -1136.45297852        0.05490448
     6     77      2    -1199.83506040        0.05490448
     6     78      2    -1214.47261174        0.05490448
     6     79      2    -1194.57113493        0.05490448
     6     80      2    -1200.28341760        0.05490448
     6     81      2    -1190.82686695        0.05490448
     6     82      2    -1198.25037441        0.05490448
     6     83      2    -1189.77919226        0.05490448
     6     84      2    -1215.95159655        0.05490448
     6     85      2    -1207.69123527        0.05490448
     6     86      2    -1212.48707204        0.05490448
     6     87      2    -1213.71679772        0.05490448
     6     88      2    -1214.17807907        0.05490448
     6     89      2    -1204.68813304        0.05490448
     6     90      2    -1210.25892125        0.05490448
     6     91      2    -1213.82981350        0.05490448
     6     92      2    -1207.79598081        0.05490448
     6     93      2    -1206.62896954        0.05490448
     6     94      2    -1209.20391268        0.05490448
     6     95      2    -1208.00180356        0.05490448
     6     96      2    -1214.38062524        0.05490448
     6     97      2    -1206.26030471        0.05490448
     6     98      2    -1217.50585720        0.05490448
     6     99      2    -1209.86842150        0.05490448
     6    100      2    -1214.23370284        0.05490448
     6    101      2    -1226.80978774        0.05490448
     6    102      2    -1209.71796773        0.05490448
     6    103      2    -1217.01005416        0.05490448
     6    104      2    -1213.29658544        0.05490448
     6    105      2    -1218.96203632        0.05490448
     6    106      2    -1219.51897668        0.05490448
     6    107      2    -1218.05856109        0.05490448
     6    108      2    -1222.57616399        0.05490448
     6    109      2    -1224.23717434        0.05490448
     6    110      2    -1220.86669126        0.05490448
     6    111      2    -1229.21919016        0.05490448
     6    112      2    -1224.94399242        0.05490448
     6    113      2    -1236.50349387        0.05490448
     6    114      2    -1225.27637018        0.05490448
     6    115      2    -1230.24939480        0.05490448
     6    116      2    -1232.72302216        0.05490448
     6    117      2    -1229.17308865        0.05490448
     6    118      2    -1220.50248652        0.05490448
     6    119      2    -1232.24394011        0.05490448
     6    120      2    -1220.93216226        0.05490448
     6    121      2    -1228.23270877        0.05490448
     6    122      2    -1224.93943259        0.05490448
     6    123      2    -1228.60539261        0.05490448
     6    124      2    -1223.36265077        0.05490448
     6    125      2    -1227.33000727        0.05490448
     6    126      2    -1229.85424623        0.05490448
     6    127      2    -1231.70706014        0.05490448
     6    128      2    -1226.87692409        0.05490448
     6    129      2    -1231.52307867        0.05490448
     6    130      2    -1228.74238500        0.05490448
     6    131      2    -1228.93456227        0.05490448
     6    132      2    -1230.63005110        0.05490448
     6    133      2    -1233.80180928        0.05490448
     6    134      2    -1231.00550020        0.05490448
     6    135      2    -1227.88275927        0.05490448
     6    136      2    -1231.85993735        0.05490448
     6    137      2    -1224.86567012        0.05490448
     6    138      2    -1227.30457279        0.05490448
     6    139      2    -1225.58821747        0.05490448
     6    140      2    -1245.28901076        0.05490448
     6    141      2    -1253.42778549        0.05490448
     6    142      2    -1246.02881841        0.05490448
     6    143      2    -1250.69812032        0.05490448
     6    144      2    -1249.15672671        0.05490448
     6    145      2    -1250.47845555        0.05490448
     6    146      2    -1244.02639504        0.05490448
     6    147      2    -1255.08478232        0.05490448
     6    148      2    -1238.37261648        0.05490448
     6    149      2    -1251.43479451        0.05490448
     6    150      2    -1243.17076486        0.05490448
     6    151      2    -1249.28159714        0.05490448
     6    152      2    -1248.57913078        0.05490448
     6    153      2    -1254.80813837        0.05490448
     6    154      2    -1252.05961949        0.05490448
     6    155      2    -1261.98371088        0.05490448
     6    156      2    -1248.70162663        0.05490448
     6    157      2    -1251.10967304        0.05490448
     6    158      2    -1248.68202217        0.05490448
     6    159      2    -1253.06562065        0.05490448
     6    160      2    -1247.88501504        0.05490448
     6    161      2    -1253.11166154        0.05490448
     6    162      2    -1248.09978286        0.05490448
     6    163      2    -1254.25363561        0.05490448
     6    164      2    -1247.53101688        0.05490448
     6    165      2    -1250.21864964        0.05490448
     6    166      2    -1253.56751521        0.05490448
     6    167      2    -1265.29080991        0.05490448
     7      0      2    -1260.65120831        0.05493225
     7      1      2    -1250.69949571        0.05493225
     7      2      2    -1249.59222534        0.05493225
     7      3      2    -1252.50008444        0.05493225
     7      4      2    -1258.01431341        0.05493225
     7      5      2    -1242.05576891        0.05493225
     7      6      2    -1254.37557816        0.05493225
     7      7      2    -1254.52191296        0.05493225
     7      8      2    -1258.30594232        0.05493225
     7      9      2    -1253.12440677        0.05493225
     7     10      2    -1267.12916487        0.05493225
     7     11      2    -1255.40683771        0.05493225
     7     12      2    -1262.01071579        0.05493225
     7     13      2    -1258.42771843        0.05493225
     7     14      2    -1260.31264123        0.05493225
     7     15      2    -1256.38065901        0.05493225
     7     16      2    -1265.58044951        0.05493225
     7     17      2    -1250.80986757        0.05493225
     7     18      2    -1278.61782230        0.05493225
     7     19      2    -1255.17104189        0.05493225
     7     20      2    -1239.41508726        0.05493225
     7     21      2    -1257.27688508        0.05493225
     7     22      2    -1266.10754249        0.05493225
     7     23      2    -1254.33635435        0.05493225
     7     24      2    -1261.37869178        0.05493225
     7     25      2    -1255.52366047        0.05493225
     7     26      2    -1258.26460117        0.05493225
     7     27      2    -1280.96692481        0.05493225
     7     28      2    -1229.15317444        0.05493225
     7     29      2    -1260.52846038        0.05493225
     7     30      2    -1267.14471526        0.05493225
     7     31      2    -1260.08102463        0.05493225
     7     32      2    -1224.85850861        0.05493225
     7     33      2    -1240.17657873        0.05493225
     7     34      2    -1238.26139681        0.05493225
     7     35      2    -1230.94812835        0.05493225
     7     36      2    -1243.51042589        0.05493225
     7     37      2    -1247.99118274        0.05493225
     7     38      2    -1232.69302152        0.05493225
     7     39      2    -1234.54487604        0.05493225
     7     40      2    -1243.72781754        0.05493225
     7     41      2    -1248.42812607        0.05493225
     7     42      2    -1234.69936463        0.05493225
     7     43      2    -1248.91127930        0.05493225
     7     44      2    -1226.80367685        0.05493225
     7     45      2    -1243.62890046        0.05493225
     7     46      2    -1230.54509686        0.05493225
     7     47      2    -1209.75562405        0.05493225
     7     48      2    -1269.01293579        0.05493225
     7     49      2    -1213.51503388        0.05493225
     7     50      2    -1228.80399162        0.05493225
     7     51      2    -1229.67964577        0.05493225
     7     52      2    -1261.90223678        0.05493225
     7     53      2    -1213.33259287        0.05493225
     7     54      2    -1244.19759178        0.05493225
     7     55      2    -1241.67592856        0.05493225
     7     56      2    -1233.92541605        0.05493225
     7     57      2    -1247.57088408        0.05493225
     7     58      2    -1244.01074225        0.05493225
     7     59      2    -1239.80206015        0.05493225
     7     60      2    -1239.61658872        0.05493225
     7     61      2    -1243.56797406        0.05493225
     7     62      2    -1236.42211531        0.05493225
     7     63      2    -1251.69608192        0.05493225
     7     64      2    -1234.30496000        0.05493225
     7     65      2    -1239.95942396        0.05493225
     7     66      2    -1237.28681349        0.05493225
     7     67      2    -1238.90608607        0.05493225
     7     68      2    -1238.86285831        0.05493225
     7     69      2    -1234.56440008        0.05493225
     7     70      2    -1244.90638193        0.05493225
     7     71      2    -1230.20431549        0.05493225
     7     72      2    -1239.36168633        0.05493225
     7     73      2    -1227.17170029        0.05493225
     7     74      2    -1237.58878566        0.05493225
     7     75      2    -1228.41120778        0.05493225
     7     76      2    -1236.42812504        0.05493225
     7     77      2    -1229.59119758        0.05493225
     7     78      2    -1236.24950085        0.05493225
     7     79      2    -1227.74971040        0.05493225
     7     80      2    -1235.90623883        0.05493225
     7     81      2    -1227.46462154        0.05493225
     7     82      2    -1234.47830239        0.05493225
     7     83      2    -1233.87489178        0.05493225
     7     84      2    -1227.06372371        0.05493225
     7     85      2    -1231.95764300        0.05493225
     7     86      2    -1232.03852170        0.05493225
     7     87      2    -1230.03049567        0.05493225
     7     88      2    -1226.41677595        0.05493225
     7     89      2    -1220.99339560        0.05493225
     7     90      2    -1222.28593124        0.05493225
     7     91      2    -1192.45412250        0.05493225
     7     92      2    -1207.69125311        0.05493225
     7     93      2    -1198.48579569        0.05493225
     7     94      2    -1208.12017257        0.05493225
     7     95      2    -1210.95199752        0.05493225
     7     96      2    -1189.68120632        0.05493225
     7     97      2    -1189.76826049        0.05493225
     7     98      2    -1184.72677561        0.05493225
     7     99      2    -1185.45808409        0.05493225
     7    100      2    -1178.86503952        0.05493225
     7    101      2    -1182.26168163        0.05493225
     7    102      2    -1182.63660580        0.05493225
     7    103      2    -1186.15467713        0.05493225
     7    104      2    -1180.88162343        0.05493225
     7    105      2    -1184.25234930        0.05493225
     7    106      2    -1185.81034024        0.05493225
     7    107      2    -1182.45112980        0.05493225
     7    108      2    -1181.37917723        0.05493225
     7    109      2    -1186.92452756        0.05493225
     7    110      2    -1187.94198879        0.05493225
     7    111      2    -1188.51065669        0.05493225
     7    112      2    -1182.46377898        0.05493225
     7    113      2    -1200.38004169        0.05493225
     7    114      2    -1184.03264647        0.05493225
     7    115      2    -1192.62532463        0.05493225
     7    116      2    -1202.15989059        0.05493225
     7    117      2    -1193.48480641        0.05493225
     7    118      2    -1201.93935063        0.05493225
     7    119      2    -1197.26654122        0.05493225
     7    120      2    -1197.54659503        0.05493225
     7    121      2    -1203.52970514        0.05493225
     7    122      2    -1196.98439585        0.05493225
     7    123      2    -1212.40991883        0.05493225
     7    124      2    -1200.82619050        0.05493225
     7    125      2    -1203.06331116        0.05493225
     7    126      2    -1207.98942812        0.05493225
     7    127      2    -1207.48102085        0.05493225
     7    128      2    -1211.25156958        0.05493225
     7    129      2    -1208.94371541        0.05493225
     7    130      2    -1205.62287635        0.05493225
     7    131      2    -1216.90435866        0.05493225
     7    132      2    -1203.63514001        0.05493225
     7    133      2    -1214.73864504        0.05493225
     7    134      2    -1210.06174844        0.05493225
     7    135      2    -1206.37530215        0.05493225
     7    136      2    -1207.36972328        0.05493225
     7    137      2    -1210.40618923        0.05493225
     7    138      2    -1203.23591463        0.05493225
     7    139      2    -1209.36892282        0.05493225
     7    140      2    -1204.93310272        0.05493225
     7    141      2    -1207.38642630        0.05493225
     7    142      2    -1206.89192490        0.05493225
     7    143      2    -1208.42611352        0.05493225
     7    144      2    -1203.78062838        0.05493225
     7    145      2    -1207.78270257        0.05493225
     7    146      2    -1206.24106407        0.05493225
     7    147      2    -1214.19960223        0.05493225
     7    148      2    -1205.67256816        0.05493225
     7    149      2    -1213.92661942        0.05493225
     7    150      2    -1207.74597266        0.05493225
     7    151      2    -1210.32327569        0.05493225
     7    152      2    -1216.41924448        0.05493225
     7    153      2    -1211.62487166        0.05493225
     7    154      2    -1202.50743330        0.05493225
     7    155      2    -1214.70662305        0.05493225
     7    156      2    -1200.84400858        0.05493225
     7    157      2    -1212.33588810        0.05493225
     7    158      2    -1199.74164840        0.05493225
     7    159      2    -1206.93358727        0.05493225
     7    160      2    -1253.99926710        0.05493225
     7    161      2    -1252.81270501        0.05493225
     7    162      2    -1247.80044858        0.05493225
     7    163      2    -1257.83162835        0.05493225
     7    164      2    -1253.71023283        0.05493225
     7    165      2    -1256.76614874        0.05493225
     7    166      2    -1248.06135343        0.05493225
     7    167      2    -1260.92976958        0.05493225
     7    168      2    -1246.34727767        0.05493225
     7    169      2    -1260.33403746        0.05493225
     7    170      2    -1247.10133186        0.05493225
     7    171      2    -1261.82264456        0.05493225
     7    172      2    -1244.80982008        0.05493225
     7    173      2    -1257.81958189        0.05493225
     7    174      2    -1248.85211985        0.05493225
     7    175      2    -1250.77394174        0.05493225
     7    176      2    -1254.17556017        0.05493225
     7    177      2    -1258.48841211        0.05493225
     7    178      2    -1252.67565854        0.05493225
     7    179      2    -1258.24138020        0.05493225
     7    180      2    -1257.49738708        0.05493225
     7    181      2    -1248.48030180        0.05493225
     7    182      2    -1247.48596567        0.05493225
     7    183      2    -1263.94472916        0.05493225
     7    184      2    -1257.25416016        0.05493225
     7    185      2    -1256.07248283        0.05493225
     7    186      2    -1255.44569830        0.05493225
     7    187      2    -1255.02794746        0.05493225
     7    188      2    -1242.88781038        0.05493225
     7    189      2    -1240.08766625        0.05493225
     7    190      2    -1248.58875290        0.05493225
     7    191      2    -1253.85460724        0.05493225
     8      0      2    -1232.14179597        0.05496909
     8      1      2    -1232.44921598        0.05496909
     8      2      2    -1231.46817367        0.05496909
     8      3      2    -1238.28015872        0.05496909
     8      4      2    -1224.00814703        0.05496909
     8      5      2    -1219.14396412        0.05496909
     8      6      2    -1219.83881197        0.05496909
     8      7      2    -1236.57850284        0.05496909
     8      8      2    -1245.35178662        0.05496909
     8      9      2    -1180.31709463        0.05496909
     8     10      2    -1247.74879627        0.05496909
     8     11      2    -1242.47071291        0.05496909
     8     12      2    -1231.93271167        0.05496909
     8     13      2    -1267.36659611        0.05496909
     8     14      2    -1233.36594632        0.05496909
     8     15      2    -1239.77282112        0.05496909
     8     16      2    -1252.32611357        0.05496909
     8     17      2    -1250.66830636        0.05496909
     8     18      2    -1213.17787975        0.05496909
     8     19      2    -1250.00826134        0.05496909
     8     20      2    -1249.14500167        0.05496909
     8     21      2    -1231.54177679        0.05496909
     8     22      2    -1247.93877272        0.05496909
     8     23      2    -1238.46296431        0.05496909
     8     24      2    -1247.22924688        0.05496909
     8     25      2    -1260.75610377        0.05496909
     8     26      2    -1245.17869034        0.05496909
     8     27      2    -1257.35729519        0.05496909
     8     28      2    -1214.13263200        0.05496909
     8     29      2    -1260.98868180        0.05496909
     8     30      2    -1234.02218601        0.05496909
     8     31      2    -1263.11209568        0.05496909
     8     32      2    -1251.97303486        0.05496909
     8     33      2    -1264.21926550        0.05496909
     8     34      2    -1253.06736983        0.05496909
     8     35      2    -1252.43958594        0.05496909
     8     36      2    -1260.99914902        0.05496909
     8     37      2    -1265.10417833        0.05496909
     8     38      2    -1268.85694708        0.05496909
     8     39      2    -1272.42372279        0.05496909
     8     40      2    -1266.11648860        0.05496909
     8     41      2    -1287.89269278        0.05496909
     8     42      2    -1260.32757808        0.05496909
     8     43      2    -1289.64981901        0.05496909
     8     44      2    -1270.33159709        0.05496909
     8     45      2    -1269.45492821        0.05496909
     8     46      2    -1272.19807786        0.05496909
     8     47      2    -1259.20352485        0.05496909
     8     48      2    -1275.59108098        0.05496909
     8     49      2    -1249.49866298        0.05496909
     8     50      2    -1263.74524755        0.05496909
     8     51      2    -1271.85883972        0.05496909
     8     52      2    -1246.21906255        0.05496909
     8     53      2    -1275.72060363        0.05496909
     8     54      2    -1245.22660023        0.05496909
     8     55      2    -1281.68736245        0.05496909
     8     56      2    -1258.84748326        0.05496909
     8     57      2    -1267.64669944        0.05496909
     8     58      2    -1267.76661630        0.05496909
     8     59      2    -1276.69225251        0.05496909
     8     60      2    -1241.04680900        0.05496909
     8     61      2    -1264.24114832        0.05496909
     8     62      2    -1330.29734006        0.05496909
     8     63      2    -1233.28508041        0.05496909
     8     64      2    -1257.40040936        0.05496909
     8     65      2    -1280.48198039        0.05496909
     8     66      2    -1257.77585062        0.05496909
     8     67      2    -1267.16747641        0.05496909
     8     68      2    -1271.91629867        0.05496909
     8     69      2    -1249.34844042        0.05496909
     8     70      2    -1286.49093202        0.05496909
     8     71      2    -1253.36258464        0.05496909
     8     72      2    -1265.84998782        0.05496909
     8     73      2    -1275.25465245        0.05496909
     8     74      2    -1257.28271243        0.05496909
     8     75      2    -1263.50726107        0.05496909
     8     76      2    -1224.62293568        0.05496909
     8     77      2    -1224.62293568        0.05496909
     8     78      2    -1224.62293568        0.05496909
     8     79      2    -1224.62293568        0.05496909
     8     80      2    -1224.62293568        0.05496909
     8     81      2    -1224.62293568        0.05496909
     8     82      2    -1224.62293568        0.05496909
     8     83      2    -1224.62293568        0.05496909
     8     84      2    -1224.62293568        0.05496909
     8     85      2    -1224.62293568        0.05496909
     8     86      2    -1252.07921644        0.05496909
     8     87      2    -1259.50932434        0.05496909
     8     88      2    -1250.06066355        0.05496909
     8     89      2    -1257.72621984        0.05496909
     8     90      2    -1249.74237632        0.05496909
     8     91      2    -1258.24865865        0.05496909
     8     92      2    -1255.70048177        0.05496909
     8     93      2    -1256.29780524        0.05496909
     8     94      2    -1255.67833233        0.05496909
     8     95      2    -1252.75147668        0.05496909
     8     96      2    -1255.95863926        0.05496909
     8     97      2    -1254.14676751        0.05496909
     8     98      2    -1250.91094109        0.05496909
     8     99      2    -1258.35484508        0.05496909
     8    100      2    -1247.82840762        0.05496909
     8    101      2    -1250.11845597        0.05496909
     8    102      2    -1204.61057600        0.05496909
     8    103      2    -1220.44702062        0.05496909
     8    104      2    -1213.23194801        0.05496909
     8    105      2    -1224.55109495        0.05496909
     8    106      2    -1231.29549440        0.05496909
     8    107      2    -1232.78141115        0.05496909
     8    108      2    -1249.47662560        0.05496909
     8    109      2    -1250.02801533        0.05496909
     8    110      2    -1247.16950182        0.05496909
     8    111      2    -1254.21333447        0.05496909
     8    112      2    -1250.89544523        0.05496909
     8    113      2    -1250.49294159        0.05496909
     8    114      2    -1252.27378127        0.05496909
     8    115      2    -1249.02731853        0.05496909
     8    116      2    -1251.85685975        0.05496909
     8    117      2    -1244.63691080        0.05496909
     8    118      2    -1248.59339578        0.05496909
     8    119      2    -1254.94782488        0.05496909
     8    120      2    -1238.92318634        0.05496909
     8    121      2    -1258.52212149        0.05496909
     8    122      2    -1249.86045179        0.05496909
     8    123      2    -1267.46850627        0.05496909
     8    124      2    -1257.59927159        0.05496909
     8    125      2    -1260.37830292        0.05496909
     8    126      2    -1224.62293568        0.05496909
     8    127      2    -1257.05898305        0.05496909
     8    128      2    -1260.23691535        0.05496909
     8    129      2    -1257.91387353        0.05496909
     8    130      2    -1275.63157426        0.05496909
     8    131      2    -1224.62293568        0.05496909
     8    132      2    -1484.95560865        0.05496909
     8    133      2    -1224.62293568        0.05496909
     8    134      2    -1057.34010761        0.05496909
     8    135      2    -1224.62293568        0.05496909
     8    136      2    -1224.62293568        0.05496909
     8    137      2    -1279.16436710        0.05496909
     8    138      2    -1224.62293568        0.05496909
     8    139      2    -1308.25887286        0.05496909
     8    140      2    -1260.70625685        0.05496909
     8    141      2    -1269.26300717        0.05496909
     8    142      2    -1263.79096506        0.05496909
     8    143      2    -1288.97079010        0.05496909
     8    144      2    -1265.41070013        0.05496909
     8    145      2    -1275.01435021        0.05496909
     8    146      2    -1274.41258320        0.05496909
     8    147      2    -1268.15534896        0.05496909
     8    148      2    -1283.82389112        0.05496909
     8    149      2    -1271.90763405        0.05496909
     8    150      2    -1267.27234346        0.05496909
     8    151      2    -1281.64146733        0.05496909
     8    152      2    -1267.78517796        0.05496909
     8    153      2    -1273.10787536        0.05496909
     8    154      2    -1243.33278078        0.05496909
     8    155      2    -1275.62260732        0.05496909
     8    156      2    -1268.45877046        0.05496909
     8    157      2    -1279.18345648        0.05496909
     8    158      2    -1221.77281118        0.05496909
     8    159      2    -1276.52004686        0.05496909
     8    160      2    -1267.68347071        0.05496909
     8    161      2    -1275.53013674        0.05496909
     8    162      2    -1264.76590049        0.05496909
     8    163      2    -1274.22274000        0.05496909
     8    164      2    -1265.43119245        0.05496909
     8    165      2    -1278.60842363        0.05496909
     8    166      2    -1270.27438959        0.05496909
     8    167      2    -1273.75748453        0.05496909
     8    168      2    -1265.70543049        0.05496909
     8    169      2    -1277.47722342        0.05496909
     8    170      2    -1260.01331339        0.05496909
     8    171      2    -1272.13201786        0.05496909
     8    172      2    -1256.27159669        0.05496909
     8    173      2    -1268.74083083        0.05496909
     8    174      2    -1261.69993890        0.05496909
     8    175      2    -1272.08353079        0.05496909
     8    176      2    -1265.49678777        0.05496909
     8    177      2    -1271.40871850        0.05496909
     8    178      2    -1262.93914765        0.05496909
     8    179      2    -1269.99798154        0.05496909
     8    180      2    -1260.55540418        0.05496909
     8    181      2    -1261.68637343        0.05496909
     8    182      2    -1265.52162487        0.05496909
     8    183      2    -1259.54801729        0.05496909
     8    184      2    -1274.52765084        0.05496909
     8    185      2    -1259.59842484        0.05496909
     8    186      2    -1267.96840685        0.05496909
     8    187      2    -1269.17875512        0.05496909
     8    188      2    -1249.59709990        0.05496909
     8    189      2    -1267.97638906        0.05496909
     8    190      2    -1264.44494825        0.05496909
     8    191      2    -1258.18882548        0.05496909
     8    192      2    -1262.77329540        0.05496909
     8    193      2    -1261.75207904        0.05496909
     8    194      2    -1256.86326917        0.05496909
     8    195      2    -1258.79962736        0.05496909
     8    196      2    -1254.56631898        0.05496909
     8    197      2    -1256.62358188        0.05496909
     8    198      2    -1251.67159645        0.05496909
     8    199      2    -1250.40574396        0.05496909
     8    200      2    -1250.16348787        0.05496909
     8    201      2    -1258.31421960        0.05496909
     8    202      2    -1258.12110681        0.05496909
     8    203      2    -1263.96853257        0.05496909
     8    204      2    -1260.16420355        0.05496909
     8    205      2    -1257.39086098        0.05496909
     8    206      2    -1259.22639633        0.05496909
     8    207      2    -1255.12618929        0.05496909
     8    208      2    -1261.87177345        0.05496909
     8    209      2    -1244.73141969        0.05496909
     8    210      2    -1248.83292764        0.05496909
     8    211      2    -1252.26708078        0.05496909
     8    212      2    -1242.54920740        0.05496909
     8    213      2    -1245.66328051        0.05496909
     8    214      2    -1246.51941027        0.05496909
     8    215      2    -1259.77329280        0.05496909
     9      0      2    -1237.84023016        0.05498322
     9      1      2    -1219.68010894        0.05498322
     9      2      2    -1213.11424894        0.05498322
     9      3      2    -1209.98354375        0.05498322
     9      4      2    -1219.30531225        0.05498322
     9      5      2    -1208.29179595        0.05498322
     9      6      2    -1199.89881749        0.05498322
     9      7      2    -1240.67877856        0.05498322
     9      8      2    -1244.44102289        0.05498322
     9      9      2    -1252.22233624        0.05498322
     9     10      2    -1232.88226782        0.05498322
     9     11      2    -1255.85536064        0.05498322
     9     12      2    -1245.17919449        0.05498322
     9     13      2    -1236.25359004        0.05498322
     9     14      2    -1250.44934198        0.05498322
     9     15      2    -1246.44698455        0.05498322
     9     16      2    -1241.86012011        0.05498322
     9     17      2    -1250.81194459        0.05498322
     9     18      2    -1242.51608832        0.05498322
     9     19      2    -1250.16656296        0.05498322
     9     20      2    -1243.73519990        0.05498322
     9     21      2    -1252.25752434        0.05498322
     9     22      2    -1242.52744177        0.05498322
     9     23      2    -1265.28748461        0.05498322
     9     24      2    -1241.21180339        0.05498322
     9     25      2    -1259.14332126        0.05498322
     9     26      2    -1262.39238677        0.05498322
     9     27      2    -1262.46382051        0.05498322
     9     28      2    -1252.10773861        0.05498322
     9     29      2    -1259.77700967        0.05498322
     9     30      2    -1262.99126284        0.05498322
     9     31      2    -1262.28721350        0.05498322
     9     32      2    -1251.46403112        0.05498322
     9     33      2    -1278.59737688        0.05498322
     9     34      2    -1264.53030346        0.05498322
     9     35      2    -1256.85109821        0.05498322
     9     36      2    -1268.24592954        0.05498322
     9     37      2    -1273.84636503        0.05498322
     9     38      2    -1249.12166663        0.05498322
     9     39      2    -1278.37368113        0.05498322
     9     40      2    -1256.54972493        0.05498322
     9     41      2    -1294.64610260        0.05498322
     9     42      2    -1264.00146935        0.05498322
     9     43      2    -1273.96475809        0.05498322
     9     44      2    -1265.07142065        0.05498322
     9     45      2    -1284.33058921        0.05498322
     9     46      2    -1266.57462336        0.05498322
     9     47      2    -1286.31548620        0.05498322
     9     48      2    -1269.35931243        0.05498322
     9     49      2    -1290.86228844        0.05498322
     9     50      2    -1265.26192874        0.05498322
     9     51      2    -1273.64710105        0.05498322
     9     52      2    -1285.74722672        0.05498322
     9     53      2    -1275.08588515        0.05498322
     9     54      2    -1265.19671673        0.05498322
     9     55      2    -1279.49482020        0.05498322
     9     56      2    -1272.80472813        0.05498322
     9     57      2    -1283.73126792        0.05498322
     9     58      2    -1254.58555633        0.05498322
     9     59      2    -1289.41028254        0.05498322
     9     60      2    -1260.30645221        0.05498322
     9     61      2    -1275.37482429        0.05498322
     9     62      2    -1274.93248994        0.05498322
     9     63      2    -1272.97511727        0.05498322
     9     64      2    -1281.89476319        0.05498322
     9     65      2    -1270.60692497        0.05498322
     9     66      2    -1269.51977080        0.05498322
     9     67      2    -1272.45745859        0.05498322
     9     68      2    -1268.38607629        0.05498322
     9     69      2    -1283.29906021        0.05498322
     9     70      2    -1263.29218421        0.05498322
     9     71      2    -1271.78441524        0.05498322
     9     72      2    -1223.37547747        0.05498322
     9     73      2    -1223.37547747        0.05498322
     9     74      2    -1223.37547747        0.05498322
     9     75      2    -1223.37547747        0.05498322
     9     76      2    -1223.37547747        0.05498322
     9     77      2    -1223.37547747        0.05498322
     9     78      2    -1223.37547747        0.05498322
     9     79      2    -1223.37547747        0.05498322
     9     80      2    -1223.37547747        0.05498322
     9     81      2    -1223.37547747        0.05498322
     9     82      2    -1223.37547747        0.05498322
     9     83      2    -1223.37547747        0.05498322
     9     84      2    -1223.37547747        0.05498322
     9     85      2    -1223.37547747        0.05498322
     9     86      2    -1223.37547747        0.05498322
     9     87      2    -1223.37547747        0.05498322
     9     88      2    -1223.37547747        0.05498322
     9     89      2    -1223.37547747        0.05498322
     9     90      2    -1223.37547747        0.05498322
     9     91      2    -1223.37547747        0.05498322
     9     92      2    -1223.37547747        0.05498322
     9     93      2    -1223.37547747        0.05498322
     9     94      2    -1223.37547747        0.05498322
     9     95      2    -1223.37547747        0.05498322
     9     96      2    -1223.37547747        0.05498322
     9     97      2    -1223.37547747        0.05498322
     9     98      2    -1223.37547747        0.05498322
     9     99      2    -1223.37547747        0.05498322
     9    100      2    -1223.37547747        0.05498322
     9    101      2    -1223.37547747        0.05498322
     9    102      2    -1223.37547747        0.05498322
     9    103      2    -1223.37547747        0.05498322
     9    104      2    -1223.37547747        0.05498322
     9    105      2    -1252.47217469        0.05498322
     9    106      2    -1223.36793161        0.05498322
     9    107      2    -1301.41454399        0.05498322
     9    108      2    -1259.89150792        0.05498322
     9    109      2    -1254.95185577        0.05498322
     9    110      2    -1262.09932171        0.05498322
     9    111      2    -1259.39417520        0.05498322
     9    112      2    -1256.11058893        0.05498322
     9    113      2    -1253.77349949        0.05498322
     9    114      2    -1253.56942235        0.05498322
     9    115      2    -1242.30387280        0.05498322
     9    116      2    -1232.76327924        0.05498322
     9    117      2    -1238.85048051        0.05498322
     9    118      2    -1241.10168140        0.05498322
     9    119      2    -1244.54308812        0.05498322
     9    120      2    -1248.18948664        0.05498322
     9    121      2    -1249.84778009        0.05498322
     9    122      2    -1247.19281206        0.05498322
     9    123      2    -1244.09045204        0.05498322
     9    124      2    -1241.41694552        0.05498322
     9    125      2    -1246.92829660        0.05498322
     9    126      2    -1250.66275211        0.05498322
     9    127      2    -1247.58618091        0.05498322
     9    128      2    -1250.68425429        0.05498322
     9    129      2    -1247.61292613        0.05498322
     9    130      2    -1249.36383381        0.05498322
     9    131      2    -1249.10570441        0.05498322
     9    132      2    -1277.92826358        0.05498322
     9    133      2    -1267.54161883        0.05498322
     9    134      2    -1300.34354556        0.05498322
     9    135      2    -1223.37547747        0.05498322
     9    136      2    -1223.37547747        0.05498322
     9    137      2    -1223.37547747        0.05498322
     9    138      2    -1223.37547747        0.05498322
     9    139      2    -1223.37547747        0.05498322
     9    140      2    -1223.37547747        0.05498322
     9    141      2    -1223.37547747        0.05498322
     9    142      2    -1223.37547747        0.05498322
     9    143      2    -1223.37547747        0.05498322
     9    144      2    -1223.37547747        0.05498322
     9    145      2    -1223.37547747        0.05498322
     9    146      2    -1223.37547747        0.05498322
     9    147      2    -1223.37547747        0.05498322
     9    148      2    -1223.37547747        0.05498322
     9    149      2    -1223.37547747        0.05498322
     9    150      2    -1223.37547747        0.05498322
     9    151      2    -1223.37547747        0.05498322
     9    152      2    -1223.37547747        0.05498322
     9    153      2    -1223.37547747        0.05498322
     9    154      2    -1223.37547747        0.05498322
     9    155      2    -1223.37547747        0.05498322
     9    156      2    -1223.37547747        0.05498322
     9    157      2    -1223.37547747        0.05498322
     9    158      2    -1223.37547747        0.05498322
     9    159      2    -1223.37547747        0.05498322
     9    160      2    -1223.37547747        0.05498322
     9    161      2    -1223.37547747        0.05498322
     9    162      2    -1223.37547747        0.05498322
     9    163      2    -1223.37547747        0.05498322
     9    164      2    -1223.37547747        0.05498322
     9    165      2    -1223.37547747        0.05498322
     9    166      2    -1223.37547747        0.05498322
     9    167      2    -1325.19833117        0.05498322
     9    168      2    -1272.92076203        0.05498322
     9    169      2    -1279.80006552        0.05498322
     9    170      2    -1277.90104328        0.05498322
     9    171      2    -1270.46717634        0.05498322
     9    172      2    -1285.10657139        0.05498322
     9    173      2    -1277.90955836        0.05498322
     9    174      2    -1276.99977923        0.05498322
     9    175      2    -1277.93743261        0.05498322
     9    176      2    -1280.11417027        0.05498322
     9    177      2    -1272.74555287        0.05498322
     9    178      2    -1276.23686140        0.05498322
     9    179      2    -1279.47887393        0.05498322
     9    180      2    -1279.15354173        0.05498322
     9    181      2    -1276.38801486        0.05498322
     9    182      2    -1274.15349264        0.05498322
     9    183      2    -1275.48206483        0.05498322
     9    184      2    -1279.14532679        0.05498322
     9    185      2    -1274.29611842        0.05498322
     9    186      2    -1269.95822990        0.05498322
     9    187      2    -1281.05436268        0.05498322
     9    188      2    -1269.31229419        0.05498322
     9    189      2    -1266.24389922        0.05498322
     9    190      2    -1274.08302254        0.05498322
     9    191      2    -1262.53490598        0.05498322
     9    192      2    -1273.82979071        0.05498322
     9    193      2    -1270.25016900        0.05498322
     9    194      2    -1262.25330858        0.05498322
     9    195      2    -1264.76409727        0.05498322
     9    196      2    -1269.20704974        0.05498322
     9    197      2    -1260.76113779        0.05498322
     9    198      2    -1268.23791343        0.05498322
     9    199      2    -1268.83257997        0.05498322
     9    200      2    -1262.24295210        0.05498322
     9    201      2    -1267.50408384        0.05498322
     9    202      2    -1266.12724650        0.05498322
     9    203      2    -1268.11848287        0.05498322
     9    204      2    -1261.15431266        0.05498322
     9    205      2    -1261.79154939        0.05498322
     9    206      2    -1271.25934761        0.05498322
     9    207      2    -1256.63680202        0.05498322
     9    208      2    -1267.04259132        0.05498322
     9    209      2    -1264.55694090        0.05498322
     9    210      2    -1258.64543465        0.05498322
     9    211      2    -1267.75294139        0.05498322
     9    212      2    -1258.55533214        0.05498322
     9    213      2    -1259.77757510        0.05498322
     9    214      2    -1261.33312894        0.05498322
     9    215      2    -1260.34459520        0.05498322
     9    216      2    -1259.23593872        0.05498322
     9    217      2    -1251.56752084        0.05498322
     9    218      2    -1262.09784213        0.05498322
     9    219      2    -1253.81994454        0.05498322
     9    220      2    -1259.55879985        0.05498322
     9    221      2    -1254.77835815        0.05498322
     9    222      2    -1249.40643188        0.05498322
     9    223      2    -1245.70121553        0.05498322
     9    224      2    -1255.99809329        0.05498322
     9    225      2    -1247.79111171        0.05498322
     9    226      2    -1256.33471686        0.05498322
     9    227      2    -1257.14757749        0.05498322
     9    228      2    -1252.40620848        0.05498322
     9    229      2    -1249.41023223        0.05498322
     9    230      2    -1253.72887982        0.05498322
     9    231      2    -1248.90615032        0.05498322
     9    232      2    -1256.45747576        0.05498322
     9    233      2    -1238.87729476        0.05498322
     9    234      2    -1254.79755595        0.05498322
     9    235      2    -1242.15253847        0.05498322
     9    236      2    -1248.04843204        0.05498322
     9    237      2    -1234.82287299        0.05498322
     9    238      2    -1241.41703934        0.05498322
     9    239      2    -1249.05279714        0.05498322
    10      0      2    -1181.56224240        0.05508125
    10      1      2    -1190.39782971        0.05508125
    10      2      2    -1181.12517756        0.05508125
    10      3      2    -1203.45552100        0.05508125
    10      4      2    -1183.70800000        0.05508125
    10      5      2    -1209.51537460        0.05508125
    10      6      2    -1188.27252974        0.05508125
    10      7      2    -1203.15983319        0.05508125
    10      8      2    -1194.47603700        0.05508125
    10      9      2    -1203.86850790        0.05508125
    10     10      2    -1213.97019036        0.05508125
    10     11      2    -1206.99599885        0.05508125
    10     12      2    -1213.55399258        0.05508125
    10     13      2    -1208.26278914        0.05508125
    10     14      2    -1215.55972410        0.05508125
    10     15      2    -1208.14752270        0.05508125
    10     16      2    -1221.84191521        0.05508125
    10     17      2    -1256.57358747        0.05508125
    10     18      2    -1201.93247171        0.05508125
    10     19      2    -1251.09177678        0.05508125
    10     20      2    -1210.37040987        0.05508125
    10     21      2    -1214.97032161        0.05508125
    10     22      2    -1218.01413262        0.05508125
    10     23      2    -1230.77486887        0.05508125
    10     24      2    -1209.54741744        0.05508125
    10     25      2    -1223.39353852        0.05508125
    10     26      2    -1224.82199347        0.05508125
    10     27      2    -1231.30239482        0.05508125
    10     28      2    -1241.33587433        0.05508125
    10     29      2    -1234.24303244        0.05508125
    10     30      2    -1245.63444672        0.05508125
    10     31      2    -1220.83868194        0.05508125
    10     32      2    -1237.74374948        0.05508125
    10     33      2    -1247.75758808        0.05508125
    10     34      2    -1243.05524179        0.05508125
    10     35      2    -1228.22572975        0.05508125
    10     36      2    -1238.25113797        0.05508125
    10     37      2    -1249.29283802        0.05508125
    10     38      2    -1204.93655972        0.05508125
    10     39      2    -1257.21048776        0.05508125
    10     40      2    -1226.13484987        0.05508125
    10     41      2    -1235.84061290        0.05508125
    10     42      2    -1219.47950244        0.05508125
    10     43      2    -1262.75760567        0.05508125
    10     44      2    -1214.21588475        0.05508125
    10     45      2    -1234.93118019        0.05508125
    10     46      2    -1245.64774865        0.05508125
    10     47      2    -1232.12733580        0.05508125
    10     48      2    -1216.06307576        0.05508125
    10     49      2    -1226.55629463        0.05508125
    10     50      2    -1226.55629463        0.05508125
    10     51      2    -1226.55629463        0.05508125
    10     52      2    -1226.55629463        0.05508125
    10     53      2    -1226.55629463        0.05508125
    10     54      2    -1226.55629463        0.05508125
    10     55      2    -1226.55629463        0.05508125
    10     56      2    -1226.55629463        0.05508125
    10     57      2    -1226.55629463        0.05508125
    10     58      2    -1226.55629463        0.05508125
    10     59      2    -1226.55629463        0.05508125
    10     60      2    -1226.55629463        0.05508125
    10     61      2    -1226.55629463        0.05508125
    10     62      2    -1226.55629463        0.05508125
    10     63      2    -1226.55629463        0.05508125
    10     64      2    -1226.55629463        0.05508125
    10     65      2    -1226.55629463        0.05508125
    10     66      2    -1226.55629463        0.05508125
    10     67      2    -1226.55629463        0.05508125
    10     68      2    -1226.55629463        0.05508125
    10     69      2    -1226.55629463        0.05508125
    10     70      2    -1226.55629463        0.05508125
    10     71      2    -1226.55629463        0.05508125
    10     72      2    -1226.55629463        0.05508125
    10     73      2    -1226.55629463        0.05508125
    10     74      2    -1226.55629463        0.05508125
    10     75      2    -1226.55629463        0.05508125
    10     76      2    -1226.55629463        0.05508125
    10     77      2    -1226.55629463        0.05508125
    10     78      2    -1226.55629463        0.05508125
    10     79      2    -1226.55629463        0.05508125
    10     80      2    -1226.55629463        0.05508125
    10     81      2    -1226.55629463        0.05508125
    10     82      2    -1226.55629463        0.05508125
    10     83      2    -1226.55629463        0.05508125
    10     84      2    -1226.55629463        0.05508125
    10     85      2    -1226.55629463        0.05508125
    10     86      2    -1226.55629463        0.05508125
    10     87      2    -1226.55629463        0.05508125
    10     88      2    -1226.55629463        0.05508125
    10     89      2    -1226.55629463        0.05508125
    10     90      2    -1226.55629463        0.05508125
    10     91      2    -1226.55629463        0.05508125
    10     92      2    -1226.55629463        0.05508125
    10     93      2    -1226.55629463        0.05508125
    10     94      2    -1226.55629463        0.05508125
    10     95      2    -1233.25119740        0.05508125
    10     96      2    -1226.55629463        0.05508125
    10     97      2    -1244.35281713        0.05508125
    10     98      2    -1153.70935897        0.05508125
    10     99      2    -1181.28772744        0.05508125
    10    100      2    -1179.71775280        0.05508125
    10    101      2    -1187.43289887        0.05508125
    10    102      2    -1181.24095916        0.05508125
    10    103      2    -1187.15677951        0.05508125
    10    104      2    -1209.92864949        0.05508125
    10    105      2    -1190.44058468        0.05508125
    10    106      2    -1213.92838238        0.05508125
    10    107      2    -1201.28203185        0.05508125
    10    108      2    -1211.47567846        0.05508125
    10    109      2    -1199.23202112        0.05508125
    10    110      2    -1242.17107749        0.05508125
    10    111      2    -1231.52555387        0.05508125
    10    112      2    -1220.88345533        0.05508125
    10    113      2    -1158.82083122        0.05508125
    10    114      2    -1190.06233737        0.05508125
    10    115      2    -1226.55629463        0.05508125
    10    116      2    -1226.55629463        0.05508125
    10    117      2    -1226.55629463        0.05508125
    10    118      2    -1226.55629463        0.05508125
    10    119      2    -1226.55629463        0.05508125
    10    120      2    -1226.55629463        0.05508125
    10    121      2    -1226.55629463        0.05508125
    10    122      2    -1226.55629463        0.05508125
    10    123      2    -1226.55629463        0.05508125
    10    124      2    -1226.55629463        0.05508125
    10    125      2    -1321.83185344        0.05508125
    10    126      2    -1212.01068511        0.05508125
    10    127      2    -1226.55629463        0.05508125
    10    128      2    -1216.17845635        0.05508125
    10    129      2    -1243.75791031        0.05508125
    10    130      2    -1238.50238427        0.05508125
    10    131      2    -1248.74073015        0.05508125
    10    132      2    -1235.90353504        0.05508125
    10    133      2    -1230.09258641        0.05508125
    10    134      2    -1263.75567308        0.05508125
    10    135      2    -1158.82765589        0.05508125
    10    136      2    -1253.41575079        0.05508125
    10    137      2    -1262.92250727        0.05508125
    10    138      2    -1212.40664191        0.05508125
    10    139      2    -1226.55629463        0.05508125
    10    140      2    -1241.10230458        0.05508125
    10    141      2    -1226.55629463        0.05508125
    10    142      2    -1226.55629463        0.05508125
    10    143      2    -1226.55629463        0.05508125
    10    144      2    -1226.55629463        0.05508125
    10    145      2    -1226.55629463        0.05508125
    10    146      2    -1226.55629463        0.05508125
    10    147      2    -1226.55629463        0.05508125
    10    148      2    -1226.55629463        0.05508125
    10    149      2    -1226.55629463        0.05508125
    10    150      2    -1226.55629463        0.05508125
    10    151      2    -1226.55629463        0.05508125
    10    152      2    -1226.55629463        0.05508125
    10    153      2    -1226.55629463        0.05508125
    10    154      2    -1226.55629463        0.05508125
    10    155      2    -1226.55629463        0.05508125
    10    156      2    -1226.55629463        0.05508125
    10    157      2    -1228.58434475        0.05508125
    10    158      2    -1226.55629463        0.05508125
    10    159      2    -1214.07945142        0.05508125
    10    160      2    -1246.26346048        0.05508125
    10    161      2    -1223.69932372        0.05508125
    10    162      2    -1239.86994108        0.05508125
    10    163      2    -1228.85744179        0.05508125
    10    164      2    -1238.06465652        0.05508125
    10    165      2    -1223.97486462        0.05508125
    10    166      2    -1245.01202861        0.05508125
    10    167      2    -1228.81750273        0.05508125
    10    168      2    -1229.38720676        0.05508125
    10    169      2    -1230.91852714        0.05508125
    10    170      2    -1228.25912384        0.05508125
    10    171      2    -1224.64310511        0.05508125
    10    172      2    -1230.56041867        0.05508125
    10    173      2    -1222.94627572        0.05508125
    10    174      2    -1232.67332198        0.05508125
    10    175      2    -1227.71382750        0.05508125
    10    176      2    -1225.16349940        0.05508125
    10    177      2    -1217.57871202        0.05508125
    10    178      2    -1227.12022871        0.05508125
    10    179      2    -1213.32174840        0.05508125
    10    180      2    -1231.70929219        0.05508125
    10    181      2    -1217.68500521        0.05508125
    10    182      2    -1218.76778686        0.05508125
    10    183      2    -1218.82468272        0.05508125
    10    184      2    -1220.07265335        0.05508125
    10    185      2    -1216.57156910        0.05508125
    10    186      2    -1228.35075991        0.05508125
    10    187      2    -1211.63148873        0.05508125
    10    188      2    -1230.73188758        0.05508125
    10    189      2    -1213.90145254        0.05508125
    10    190      2    -1220.86968900        0.05508125
    10    191      2    -1218.57573749        0.05508125
    10    192      2    -1222.28664033        0.05508125
    10    193      2    -1217.13665600        0.05508125
    10    194      2    -1226.56127238        0.05508125
    10    195      2    -1214.39231360        0.05508125
    10    196      2    -1224.88096173        0.05508125
    10    197      2    -1228.32848983        0.05508125
    10    198      2    -1211.72103202        0.05508125
    10    199      2    -1224.56152506        0.05508125
    10    200      2    -1219.22618124        0.05508125
    10    201      2    -1209.40123688        0.05508125
    10    202      2    -1223.89921083        0.05508125
    10    203      2    -1212.97514234        0.05508125
    10    204      2    -1217.41163178        0.05508125
    10    205      2    -1202.06014640        0.05508125
    10    206      2    -1216.28857013        0.05508125
    10    207      2    -1203.03446813        0.05508125
    11      0      2    -1170.37382146        0.05495773
    11      1      2    -1184.62167731        0.05495773
    11      2      2    -1183.99103130        0.05495773
    11      3      2    -1175.38281590        0.05495773
    11      4      2    -1216.69143474        0.05495773
    11      5      2    -1175.45922838        0.05495773
    11      6      2    -1217.08731162        0.05495773
    11      7      2    -1193.29667415        0.05495773
    11      8      2    -1214.87529125        0.05495773
    11      9      2    -1197.93170937        0.05495773
    11     10      2    -1219.27136964        0.05495773
    11     11      2    -1213.75060769        0.05495773
    11     12      2    -1199.03653165        0.05495773
    11     13      2    -1220.95334146        0.05495773
    11     14      2    -1210.98297954        0.05495773
    11     15      2    -1221.77489716        0.05495773
    11     16      2    -1187.33724320        0.05495773
    11     17      2    -1253.56175849        0.05495773
    11     18      2    -1194.33136484        0.05495773
    11     19      2    -1231.26098100        0.05495773
    11     20      2    -1219.65741866        0.05495773
    11     21      2    -1206.42029788        0.05495773
    11     22      2    -1254.29896785        0.05495773
    11     23      2    -1206.26360777        0.05495773
    11     24      2    -1227.82375540        0.05495773
    11     25      2    -1240.07096083        0.05495773
    11     26      2    -1211.10202823        0.05495773
    11     27      2    -1263.61641090        0.05495773
    11     28      2    -1222.37737149        0.05495773
    11     29      2    -1210.60387651        0.05495773
    11     30      2    -1261.68942446        0.05495773
    11     31      2    -1219.26074778        0.05495773
    11     32      2    -1234.94609592        0.05495773
    11     33      2    -1233.73620844        0.05495773
    11     34      2    -1224.54964986        0.05495773
    11     35      2    -1225.55640721        0.05495773
    11     36      2    -1248.28964767        0.05495773
    11     37      2    -1217.68138338        0.05495773
    11     38      2    -1223.47282227        0.05495773
    11     39      2    -1232.74779028        0.05495773
    11     40      2    -1227.49935394        0.05495773
    11     41      2    -1226.29026445        0.05495773
    11     42      2    -1219.69699011        0.05495773
    11     43      2    -1219.69699011        0.05495773
    11     44      2    -1219.69699011        0.05495773
    11     45      2    -1219.69699011        0.05495773
    11     46      2    -1219.69699011        0.05495773
    11     47      2    -1219.69699011        0.05495773
    11     48      2    -1219.69699011        0.05495773
    11     49      2    -1219.69699011        0.05495773
    11     50      2    -1219.69699011        0.05495773
    11     51      2    -1219.69699011        0.05495773
    11     52      2    -1219.69699011        0.05495773
    11     53      2    -1219.69699011        0.05495773
    11     54      2    -1219.69699011        0.05495773
    11     55      2    -1219.69699011        0.05495773
    11     56      2    -1229.43350629        0.05495773
    11     57      2    -1248.90816306        0.05495773
    11     58      2    -1198.98843104        0.05495773
    11     59      2    -1282.98058112        0.05495773
    11     60      2    -1213.33458018        0.05495773
    11     61      2    -1252.40639696        0.05495773
    11     62      2    -1253.24581615        0.05495773
    11     63      2    -1240.16888796        0.05495773
    11     64      2    -1238.70188565        0.05495773
    11     65      2    -1258.59010519        0.05495773
    11     66      2    -1234.22570040        0.05495773
    11     67      2    -1246.87388296        0.05495773
    11     68      2    -1364.34729365        0.05495773
    11     69      2    -1240.24365696        0.05495773
    11     70      2    -1231.10199537        0.05495773
    11     71      2    -1246.45740391        0.05495773
    11     72      2    -1241.64242177        0.05495773
    11     73      2    -1239.23934580        0.05495773
    11     74      2    -1245.74817169        0.05495773
    11     75      2    -1237.56573314        0.05495773
    11     76      2    -1238.65123867        0.05495773
    11     77      2    -1222.45444785        0.05495773
    11     78      2    -1238.18542215        0.05495773
    11     79      2    -1236.91501781        0.05495773
    11     80      2    -1235.10135809        0.05495773
    11     81      2    -1241.91150235        0.05495773
    11     82      2    -1241.80713941        0.05495773
    11     83      2    -1243.02389292        0.05495773
    11     84      2    -1234.25589342        0.05495773
    11     85      2    -1251.24149054        0.05495773
    11     86      2    -1230.23914534        0.05495773
    11     87      2    -1239.11450053        0.05495773
    11     88      2    -1231.86710226        0.05495773
    11     89      2    -1230.18859904        0.05495773
    11     90      2    -1235.89935897        0.05495773
    11     91      2    -1229.51213781        0.05495773
    11     92      2    -1220.09997700        0.05495773
    11     93      2    -1228.31135080        0.05495773
    11     94      2    -1219.69699011        0.05495773
    11     95      2    -1207.02859009        0.05495773
    11     96      2    -1219.69699011        0.05495773
    11     97      2    -1217.46237274        0.05495773
    11     98      2    -1219.69699011        0.05495773
    11     99      2    -1219.69699011        0.05495773
    11    100      2    -1219.69699011        0.05495773
    11    101      2    -1219.69699011        0.05495773
    11    102      2    -1219.69699011        0.05495773
    11    103      2    -1219.69699011        0.05495773
    11    104      2    -1219.69699011        0.05495773
    11    105      2    -1195.25743815        0.05495773
    11    106      2    -1200.59132856        0.05495773
    11    107      2    -1241.05320235        0.05495773
    11    108      2    -1190.60744132        0.05495773
    11    109      2    -1182.72401503        0.05495773
    11    110      2    -1229.10000424        0.05495773
    11    111      2    -1241.19762202        0.05495773
    11    112      2    -1301.20908726        0.05495773
    11    113      2    -1219.69699011        0.05495773
    11    114      2    -1219.69699011        0.05495773
    11    115      2    -1219.69699011        0.05495773
    11    116      2    -1219.69699011        0.05495773
    11    117      2    -1219.69699011        0.05495773
    11    118      2    -1221.12670597        0.05495773
    11    119      2    -1181.92762502        0.05495773
    11    120      2    -1235.90796397        0.05495773
    11    121      2    -1172.52777374        0.05495773
    11    122      2    -1353.61062894        0.05495773
    11    123      2    -1216.29448344        0.05495773
    11    124      2    -1204.48980414        0.05495773
    11    125      2    -1199.21969541        0.05495773
    11    126      2    -1209.36348565        0.05495773
    11    127      2    -1206.75086983        0.05495773
    11    128      2    -1215.73399096        0.05495773
    11    129      2    -1206.53516104        0.05495773
    11    130      2    -1218.68212823        0.05495773
    11    131      2    -1211.87700402        0.05495773
    11    132      2    -1220.90295144        0.05495773
    11    133      2    -1216.15506337        0.05495773
    11    134      2    -1226.92285106        0.05495773
    11    135      2    -1218.76360695        0.05495773
    11    136      2    -1224.34739677        0.05495773
    11    137      2    -1219.00464211        0.05495773
    11    138      2    -1227.62649330        0.05495773
    11    139      2    -1220.96246848        0.05495773
    11    140      2    -1227.47498721        0.05495773
    11    141      2    -1221.14012706        0.05495773
    11    142      2    -1230.80751072        0.05495773
    11    143      2    -1224.85654694        0.05495773
    11    144      2    -1235.16915642        0.05495773
    11    145      2    -1228.20882229        0.05495773
    11    146      2    -1236.60290770        0.05495773
    11    147      2    -1227.93890525        0.05495773
    11    148      2    -1237.93984263        0.05495773
    11    149      2    -1228.80472090        0.05495773
    11    150      2    -1240.96133342        0.05495773
    11    151      2    -1235.01186016        0.05495773
    11    152      2    -1245.98014825        0.05495773
    11    153      2    -1234.93557172        0.05495773
    11    154      2    -1242.43387002        0.05495773
    11    155      2    -1231.88564431        0.05495773
    11    156      2    -1241.26087970        0.05495773
    11    157      2    -1235.80312494        0.05495773
    11    158      2    -1234.09684577        0.05495773
    11    159      2    -1224.54950425        0.05495773
    11    160      2    -1227.99049844        0.05495773
    11    161      2    -1220.83284543        0.05495773
    11    162      2    -1228.76908905        0.05495773
    11    163      2    -1219.69699011        0.05495773
    11    164      2    -1219.69699011        0.05495773
    11    165      2    -1219.69699011        0.05495773
    11    166      2    -1219.69699011        0.05495773
    11    167      2    -1219.69699011        0.05495773
    11    168      2    -1219.69699011        0.05495773
    11    169      2    -1219.69699011        0.05495773
    11    170      2    -1219.69699011        0.05495773
    11    171      2    -1219.69699011        0.05495773
    11    172      2    -1219.69699011        0.05495773
    11    173      2    -1219.69699011        0.05495773
    11    174      2    -1219.69699011        0.05495773
    11    175      2    -1219.69699011        0.05495773
    11    176      2    -1218.03392718        0.05495773
    11    177      2    -1217.85893510        0.05495773
    11    178      2    -1228.16220594        0.05495773
    11    179      2    -1208.58168525        0.05495773
    11    180      2    -1231.85890049        0.05495773
    11    181      2    -1215.25800076        0.05495773
    11    182      2    -1218.87851804        0.05495773
    11    183      2    -1222.60834402        0.05495773
    11    184      2    -1202.28509872        0.05495773
    11    185      2    -1233.38681570        0.05495773
    11    186      2    -1200.51761052        0.05495773
    11    187      2    -1218.32363414        0.05495773
    11    188      2    -1211.83066887        0.05495773
    11    189      2    -1205.28995452        0.05495773
    11    190      2    -1207.52352721        0.05495773
    11    191      2    -1207.08392104        0.05495773
    11    192      2    -1202.87602473        0.05495773
    11    193      2    -1202.82146427        0.05495773
    11    194      2    -1218.82578012        0.05495773
    11    195      2    -1182.84803025        0.05495773
    11    196      2    -1212.33623390        0.05495773
    11    197      2    -1198.33180185        0.05495773
    11    198      2    -1200.35159534        0.05495773
    11    199      2    -1196.62595633        0.05495773
    11    200      2    -1196.62177131        0.05495773
    11    201      2    -1202.61615967        0.05495773
    11    202      2    -1195.07708017        0.05495773
    11    203      2    -1202.05911392        0.05495773
    11    204      2    -1198.88771535        0.05495773
    11    205      2    -1205.36284536        0.05495773
    11    206      2    -1192.87128154        0.05495773
    11    207      2    -1201.73712633        0.05495773
    11    208      2    -1207.12712066        0.05495773
    11    209      2    -1199.77925947        0.05495773
    11    210      2    -1206.25640897        0.05495773
    11    211      2    -1196.67197372        0.05495773
    11    212      2    -1206.77252536        0.05495773
    11    213      2    -1201.03514197        0.05495773
    11    214      2    -1208.52086761        0.05495773
    11    215      2    -1193.03207864        0.05495773
    11    216      2    -1211.93524319        0.05495773
    11    217      2    -1195.27737829        0.05495773
    12      0      2    -1209.79946324        0.05492676
    12      1      2    -1235.69873887        0.05492676
    12      2      2    -1231.81663888        0.05492676
    12      3      2    -1248.88050898        0.05492676
    12      4      2    -1231.32817747        0.05492676
    12      5      2    -1282.87503019        0.05492676
    12      6      2    -1230.07887568        0.05492676
    12      7      2    -1273.57642368        0.05492676
    12      8      2    -1287.09522982        0.05492676
    12      9      2    -1275.69755006        0.05492676
    12     10      2    -1266.64692890        0.05492676
    12     11      2    -1310.79956442        0.05492676
    12     12      2    -1252.03695566        0.05492676
    12     13      2    -1302.32185726        0.05492676
    12     14      2    -1277.22983673        0.05492676
    12     15      2    -1294.08282706        0.05492676
    12     16      2    -1298.63585268        0.05492676
    12     17      2    -1278.31837595        0.05492676
    12     18      2    -1297.51801220        0.05492676
    12     19      2    -1295.68782126        0.05492676
    12     20      2    -1303.98410621        0.05492676
    12     21      2    -1298.77205073        0.05492676
    12     22      2    -1284.51560012        0.05492676
    12     23      2    -1324.06696729        0.05492676
    12     24      2    -1287.98583205        0.05492676
    12     25      2    -1298.52314634        0.05492676
    12     26      2    -1314.89940622        0.05492676
    12     27      2    -1307.31761587        0.05492676
    12     28      2    -1302.08056244        0.05492676
    12     29      2    -1313.43199360        0.05492676
    12     30      2    -1304.19370185        0.05492676
    12     31      2    -1300.34671527        0.05492676
    12     32      2    -1317.70224453        0.05492676
    12     33      2    -1301.64478858        0.05492676
    12     34      2    -1297.94599241        0.05492676
    12     35      2    -1307.70352699        0.05492676
    12     36      2    -1277.14113510        0.05492676
    12     37      2    -1277.14113510        0.05492676
    12     38      2    -1277.14113510        0.05492676
    12     39      2    -1277.14113510        0.05492676
    12     40      2    -1277.14113510        0.05492676
    12     41      2    -1277.14113510        0.05492676
    12     42      2    -1277.14113510        0.05492676
    12     43      2    -1277.14113510        0.05492676
    12     44      2    -1277.14113510        0.05492676
    12     45      2    -1277.14113510        0.05492676
    12     46      2    -1277.14113510        0.05492676
    12     47      2    -1277.14113510        0.05492676
    12     48      2    -1311.92683295        0.05492676
    12     49      2    -1299.94055029        0.05492676
    12     50      2    -1305.90106930        0.05492676
    12     51      2    -1307.39373799        0.05492676
    12     52      2    -1315.36083692        0.05492676
    12     53      2    -1312.32413212        0.05492676
    12     54      2    -1312.83953994        0.05492676
    12     55      2    -1309.73226655        0.05492676
    12     56      2    -1322.70982181        0.05492676
    12     57      2    -1295.30754711        0.05492676
    12     58      2    -1328.26017986        0.05492676
    12     59      2    -1307.14860300        0.05492676
    12     60      2    -1316.69383144        0.05492676
    12     61      2    -1330.10165996        0.05492676
    12     62      2    -1309.95967631        0.05492676
    12     63      2    -1318.33646989        0.05492676
    12     64      2    -1327.55935870        0.05492676
    12     65      2    -1321.94876437        0.05492676
    12     66      2    -1311.11460180        0.05492676
    12     67      2    -1343.22073310        0.05492676
    12     68      2    -1306.79631768        0.05492676
    12     69      2    -1339.99778825        0.05492676
    12     70      2    -1318.28001407        0.05492676
    12     71      2    -1325.77651668        0.05492676
    12     72      2    -1321.23840833        0.05492676
    12     73      2    -1328.55064715        0.05492676
    12     74      2    -1309.36431146        0.05492676
    12     75      2    -1337.31626492        0.05492676
    12     76      2    -1298.63426486        0.05492676
    12     77      2    -1346.47596566        0.05492676
    12     78      2    -1299.68697257        0.05492676
    12     79      2    -1331.37324788        0.05492676
    12     80      2    -1311.47452884        0.05492676
    12     81      2    -1331.32057274        0.05492676
    12     82      2    -1313.74992900        0.05492676
    12     83      2    -1328.25724770        0.05492676
    12     84      2    -1298.89773598        0.05492676
    12     85      2    -1364.33190604        0.05492676
    12     86      2    -1301.48916848        0.05492676
    12     87      2    -1319.36156227        0.05492676
    12     88      2    -1314.31770992        0.05492676
    12     89      2    -1325.53019188        0.05492676
    12     90      2    -1309.73409652        0.05492676
    12     91      2    -1317.88633959        0.05492676
    12     92      2    -1309.51761363        0.05492676
    12     93      2    -1312.94468131        0.05492676
    12     94      2    -1283.55476893        0.05492676
    12     95      2    -1389.21804190        0.05492676
    12     96      2    -1289.62269791        0.05492676
    12     97      2    -1304.06126584        0.05492676
    12     98      2    -1298.73536597        0.05492676
    12     99      2    -1297.04979495        0.05492676
    12    100      2    -1292.50349168        0.05492676
    12    101      2    -1296.22451984        0.05492676
    12    102      2    -1286.99617780        0.05492676
    12    103      2    -1284.58806276        0.05492676
    12    104      2    -1296.33617841        0.05492676
    12    105      2    -1269.01653129        0.05492676
    12    106      2    -1277.14113510        0.05492676
    12    107      2    -1277.14113510        0.05492676
    12    108      2    -1317.20918223        0.05492676
    12    109      2    -1269.86896082        0.05492676
    12    110      2    -1277.14113510        0.05492676
    12    111      2    -1277.14113510        0.05492676
    12    112      2    -1277.14113510        0.05492676
    12    113      2    -1277.14113510        0.05492676
    12    114      2    -1277.14113510        0.05492676
    12    115      2    -1277.14113510        0.05492676
    12    116      2    -1277.14113510        0.05492676
    12    117      2    -1277.14113510        0.05492676
    12    118      2    -1331.66000044        0.05492676
    12    119      2    -1327.68086664        0.05492676
    12    120      2    -1298.92515651        0.05492676
    12    121      2    -1292.30406418        0.05492676
    12    122      2    -1277.14113510        0.05492676
    12    123      2    -1277.14113510        0.05492676
    12    124      2    -1268.97512039        0.05492676
    12    125      2    -1289.95652500        0.05492676
    12    126      2    -1286.77276361        0.05492676
    12    127      2    -1288.16976356        0.05492676
    12    128      2    -1284.94681507        0.05492676
    12    129      2    -1289.92063231        0.05492676
    12    130      2    -1286.25819428        0.05492676
    12    131      2    -1302.49520446        0.05492676
    12    132      2    -1295.78224800        0.05492676
    12    133      2    -1302.17481616        0.05492676
    12    134      2    -1298.65077586        0.05492676
    12    135      2    -1306.48015790        0.05492676
    12    136      2    -1303.97930790        0.05492676
    12    137      2    -1309.34867635        0.05492676
    12    138      2    -1306.42436666        0.05492676
    12    139      2    -1313.29169713        0.05492676
    12    140      2    -1311.59865045        0.05492676
    12    141      2    -1313.54434889        0.05492676
    12    142      2    -1317.35822125        0.05492676
    12    143      2    -1316.50296483        0.05492676
    12    144      2    -1317.54940602        0.05492676
    12    145      2    -1320.05126938        0.05492676
    12    146      2    -1318.35838473        0.05492676
    12    147      2    -1323.64870178        0.05492676
    12    148      2    -1316.78397353        0.05492676
    12    149      2    -1324.14555029        0.05492676
    12    150      2    -1321.37350849        0.05492676
    12    151      2    -1327.24220132        0.05492676
    12    152      2    -1327.84361901        0.05492676
    12    153      2    -1326.90871932        0.05492676
    12    154      2    -1328.58245493        0.05492676
    12    155      2    -1332.81647867        0.05492676
    12    156      2    -1330.65098300        0.05492676
    12    157      2    -1333.66122706        0.05492676
    12    158      2    -1336.97682412        0.05492676
    12    159      2    -1337.75139285        0.05492676
    12    160      2    -1337.15078280        0.05492676
    12    161      2    -1340.97966733        0.05492676
    12    162      2    -1338.05309295        0.05492676
    12    163      2    -1341.56177963        0.05492676
    12    164      2    -1337.99428988        0.05492676
    12    165      2    -1345.23932918        0.05492676
    12    166      2    -1338.01719101        0.05492676
    12    167      2    -1340.11244523        0.05492676
    12    168      2    -1331.40362428        0.05492676
    12    169      2    -1335.77492624        0.05492676
    12    170      2    -1331.15295996        0.05492676
    12    171      2    -1334.23425410        0.05492676
    12    172      2    -1327.15832554        0.05492676
    12    173      2    -1333.57888955        0.05492676
    12    174      2    -1327.82987206        0.05492676
    12    175      2    -1331.96194366        0.05492676
    12    176      2    -1327.74434475        0.05492676
    12    177      2    -1321.12880006        0.05492676
    12    178      2    -1329.42158429        0.05492676
    12    179      2    -1312.78366785        0.05492676
    12    180      2    -1318.09825389        0.05492676
    12    181      2    -1322.27422684        0.05492676
    12    182      2    -1277.14113510        0.05492676
    12    183      2    -1277.14113510        0.05492676
    12    184      2    -1277.14113510        0.05492676
    12    185      2    -1277.14113510        0.05492676
    12    186      2    -1277.14113510        0.05492676
    12    187      2    -1277.14113510        0.05492676
    12    188      2    -1277.14113510        0.05492676
    12    189      2    -1277.14113510        0.05492676
    12    190      2    -1277.14113510        0.05492676
    12    191      2    -1277.14113510        0.05492676
    12    192      2    -1277.14113510        0.05492676
    12    193      2    -1277.14113510        0.05492676
    12    194      2    -1298.12778812        0.05492676
    12    195      2    -1313.89665205        0.05492676
    12    196      2    -1286.73260627        0.05492676
    12    197      2    -1304.88536547        0.05492676
    12    198      2    -1287.94487797        0.05492676
    12    199      2    -1301.85818799        0.05492676
    12    200      2    -1280.07651385        0.05492676
    12    201      2    -1277.38604041        0.05492676
    12    202      2    -1286.34198923        0.05492676
    12    203      2    -1278.04515064        0.05492676
    12    204      2    -1273.57281790        0.05492676
    12    205      2    -1268.96040140        0.05492676
    12    206      2    -1274.89205110        0.05492676
    12    207      2    -1274.54296509        0.05492676
    12    208      2    -1275.69771308        0.05492676
    12    209      2    -1260.42258658        0.05492676
    12    210      2    -1265.58777444        0.05492676
    12    211      2    -1266.08668698        0.05492676
    12    212      2    -1240.06459002        0.05492676
    12    213      2    -1262.18126459        0.05492676
    12    214      2    -1252.55565879        0.05492676
    12    215      2    -1272.92592185        0.05492676
    12    216      2    -1255.62205870        0.05492676
    12    217      2    -1284.79525422        0.05492676
    12    218      2    -1238.58395116        0.05492676
    12    219      2    -1284.68846593        0.05492676
    12    220      2    -1254.82563823        0.05492676
    12    221      2    -1259.31502598        0.05492676
    12    222      2    -1272.74076107        0.05492676
    12    223      2    -1257.95986139        0.05492676
    12    224      2    -1287.96953563        0.05492676
    12    225      2    -1279.38960173        0.05492676
    12    226      2    -1270.53954974        0.05492676
    12    227      2    -1282.15951379        0.05492676
    12    228      2    -1281.74913225        0.05492676
    12    229      2    -1287.90607816        0.05492676
    13      0      2    -1307.25119938        0.05498092
    13      1      2    -1279.61982901        0.05498092
    13      2      2    -1316.68574020        0.05498092
    13      3      2    -1297.15832774        0.05498092
    13      4      2    -1303.87506668        0.05498092
    13      5      2    -1269.67023323        0.05498092
    13      6      2    -1310.56619728        0.05498092
    13      7      2    -1289.56541601        0.05498092
    13      8      2    -1281.88660332        0.05498092
    13      9      2    -1298.23129868        0.05498092
    13     10      2    -1330.43818006        0.05498092
    13     11      2    -1285.57447231        0.05498092
    13     12      2    -1333.77246044        0.05498092
    13     13      2    -1278.55464061        0.05498092
    13     14      2    -1322.34134044        0.05498092
    13     15      2    -1302.00375402        0.05498092
    13     16      2    -1312.66762691        0.05498092
    13     17      2    -1277.82886941        0.05498092
    13     18      2    -1277.82886941        0.05498092
    13     19      2    -1277.82886941        0.05498092
    13     20      2    -1277.82886941        0.05498092
    13     21      2    -1277.82886941        0.05498092
    13     22      2    -1277.82886941        0.05498092
    13     23      2    -1277.82886941        0.05498092
    13     24      2    -1277.82886941        0.05498092
    13     25      2    -1277.82886941        0.05498092
    13     26      2    -1277.82886941        0.05498092
    13     27      2    -1277.82886941        0.05498092
    13     28      2    -1329.51167257        0.05498092
    13     29      2    -1298.51526829        0.05498092
    13     30      2    -1358.21490852        0.05498092
    13     31      2    -1277.72548377        0.05498092
    13     32      2    -1348.66267148        0.05498092
    13     33      2    -1308.94080824        0.05498092
    13     34      2    -1308.84889019        0.05498092
    13     35      2    -1320.18803458        0.05498092
    13     36      2    -1334.16230504        0.05498092
    13     37      2    -1305.48069930        0.05498092
    13     38      2    -1327.20627802        0.05498092
    13     39      2    -1310.81611522        0.05498092
    13     40      2    -1336.52049884        0.05498092
    13     41      2    -1313.33111947        0.05498092
    13     42      2    -1329.23603198        0.05498092
    13     43      2    -1321.54776780        0.05498092
    13     44      2    -1328.19733738        0.05498092
    13     45      2    -1328.30620915        0.05498092
    13     46      2    -1315.30402975        0.05498092
    13     47      2    -1336.38112531        0.05498092
    13     48      2    -1314.35103460        0.05498092
    13     49      2    -1325.83704029        0.05498092
    13     50      2    -1333.94910655        0.05498092
    13     51      2    -1316.17698511        0.05498092
    13     52      2    -1341.70632016        0.05498092
    13     53      2    -1324.62908709        0.05498092
    13     54      2    -1331.90801824        0.05498092
    13     55      2    -1331.06873306        0.05498092
    13     56      2    -1331.63564779        0.05498092
    13     57      2    -1330.29099142        0.05498092
    13     58      2    -1332.09521792        0.05498092
    13     59      2    -1329.73518698        0.05498092
    13     60      2    -1333.40334318        0.05498092
    13     61      2    -1312.41819941        0.05498092
    13     62      2    -1356.54402120        0.05498092
    13     63      2    -1299.68216415        0.05498092
    13     64      2    -1360.84378499        0.05498092
    13     65      2    -1301.71047610        0.05498092
    13     66      2    -1350.39185957        0.05498092
    13     67      2    -1316.79084360        0.05498092
    13     68      2    -1334.03314917        0.05498092
    13     69      2    -1332.25615949        0.05498092
    13     70      2    -1454.22288213        0.05498092
    13     71      2    -1330.69549458        0.05498092
    13     72      2    -1327.83079360        0.05498092
    13     73      2    -1331.08200011        0.05498092
    13     74      2    -1332.05361846        0.05498092
    13     75      2    -1325.89531472        0.05498092
    13     76      2    -1340.31634171        0.05498092
    13     77      2    -1310.64980560        0.05498092
    13     78      2    -1364.22753721        0.05498092
    13     79      2    -1305.75441351        0.05498092
    13     80      2    -1332.72923047        0.05498092
    13     81      2    -1324.70949143        0.05498092
    13     82      2    -1324.02887781        0.05498092
    13     83      2    -1313.93331405        0.05498092
    13     84      2    -1332.19426602        0.05498092
    13     85      2    -1308.30421110        0.05498092
    13     86      2    -1322.63947526        0.05498092
    13     87      2    -1301.23932882        0.05498092
    13     88      2    -1314.77148288        0.05498092
    13     89      2    -1300.86697599        0.05498092
    13     90      2    -1310.18932913        0.05498092
    13     91      2    -1297.96361282        0.05498092
    13     92      2    -1308.79071940        0.05498092
    13     93      2    -1297.77163316        0.05498092
    13     94      2    -1301.57488212        0.05498092
    13     95      2    -1295.28619399        0.05498092
    13     96      2    -1298.13560226        0.05498092
    13     97      2    -1290.31511999        0.05498092
    13     98      2    -1290.34661145        0.05498092
    13     99      2    -1308.84549349        0.05498092
    13    100      2    -1277.82886941        0.05498092
    13    101      2    -1376.02226753        0.05498092
    13    102      2    -1277.82886941        0.05498092
    13    103      2    -1277.82886941        0.05498092
    13    104      2    -1277.82886941        0.05498092
    13    105      2    -1277.82886941        0.05498092
    13    106      2    -1277.82886941        0.05498092
    13    107      2    -1277.82886941        0.05498092
    13    108      2    -1277.82886941        0.05498092
    13    109      2    -1277.82886941        0.05498092
    13    110      2    -1277.82886941        0.05498092
    13    111      2    -1295.43795571        0.05498092
    13    112      2    -1300.50105441        0.05498092
    13    113      2    -1277.82886941        0.05498092
    13    114      2    -1305.44118594        0.05498092
    13    115      2    -1275.83890852        0.05498092
    13    116      2    -1279.79775165        0.05498092
    13    117      2    -1282.46217284        0.05498092
    13    118      2    -1282.31716845        0.05498092
    13    119      2    -1278.73373292        0.05498092
    13    120      2    -1285.02771546        0.05498092
    13    121      2    -1283.04400147        0.05498092
    13    122      2    -1287.03904190        0.05498092
    13    123      2    -1286.40942646        0.05498092
    13    124      2    -1289.39874656        0.05498092
    13    125      2    -1288.28386568        0.05498092
    13    126      2    -1289.52076795        0.05498092
    13    127      2    -1289.59335205        0.05498092
    13    128      2    -1293.31317112        0.05498092
    13    129      2    -1294.54153696        0.05498092
    13    130      2    -1295.67422354        0.05498092
    13    131      2    -1296.80307420        0.05498092
    13    132      2    -1303.22006571        0.05498092
    13    133      2    -1301.83963085        0.05498092
    13    134      2    -1302.81402574        0.05498092
    13    135      2    -1304.64470947        0.05498092
    13    136      2    -1304.03680920        0.05498092
    13    137      2    -1306.33299799        0.05498092
    13    138      2    -1308.28990092        0.05498092
    13    139      2    -1305.23554194        0.05498092
    13    140      2    -1308.61608913        0.05498092
    13    141      2    -1307.30775004        0.05498092
    13    142      2    -1314.26427248        0.05498092
    13    143      2    -1309.98431634        0.05498092
    13    144      2    -1319.23207548        0.05498092
    13    145      2    -1317.57032228        0.05498092
    13    146      2    -1326.39200086        0.05498092
    13    147      2    -1322.14474930        0.05498092
    13    148      2    -1326.48501027        0.05498092
    13    149      2    -1328.97677019        0.05498092
    13    150      2    -1331.23928489        0.05498092
    13    151      2    -1330.11818988        0.05498092
    13    152      2    -1334.56582764        0.05498092
    13    153      2    -1329.72664969        0.05498092
    13    154      2    -1336.10553791        0.05498092
    13    155      2    -1332.69374102        0.05498092
    13    156      2    -1336.49243878        0.05498092
    13    157      2    -1333.39764348        0.05498092
    13    158      2    -1336.18755298        0.05498092
    13    159      2    -1339.32727941        0.05498092
    13    160      2    -1335.73747586        0.05498092
    13    161      2    -1342.80775372        0.05498092
    13    162      2    -1336.20308367        0.05498092
    13    163      2    -1341.60907994        0.05498092
    13    164      2    -1335.36714317        0.05498092
    13    165      2    -1340.97118750        0.05498092
    13    166      2    -1340.04531547        0.05498092
    13    167      2    -1340.45407101        0.05498092
    13    168      2    -1336.77419114        0.05498092
    13    169      2    -1343.72218851        0.05498092
    13    170      2    -1336.75582846        0.05498092
    13    171      2    -1337.50324913        0.05498092
    13    172      2    -1338.79635866        0.05498092
    13    173      2    -1339.70272758        0.05498092
    13    174      2    -1340.33845793        0.05498092
    13    175      2    -1328.54509766        0.05498092
    13    176      2    -1337.47955939        0.05498092
    13    177      2    -1334.64870782        0.05498092
    13    178      2    -1325.26631330        0.05498092
    13    179      2    -1344.64423865        0.05498092
    13    180      2    -1321.49724590        0.05498092
    13    181      2    -1329.96047018        0.05498092
    13    182      2    -1329.87390247        0.05498092
    13    183      2    -1326.78778115        0.05498092
    13    184      2    -1321.64917726        0.05498092
    13    185      2    -1318.99002007        0.05498092
    13    186      2    -1277.82886941        0.05498092
    13    187      2    -1277.82886941        0.05498092
    13    188      2    -1277.82886941        0.05498092
    13    189      2    -1277.82886941        0.05498092
    13    190      2    -1277.82886941        0.05498092
    13    191      2    -1277.82886941        0.05498092
    13    192      2    -1277.82886941        0.05498092
    13    193      2    -1277.82886941        0.05498092
    13    194      2    -1277.82886941        0.05498092
    13    195      2    -1277.82886941        0.05498092
    13    196      2    -1277.82886941        0.05498092
    13    197      2    -1271.85461821        0.05498092
    13    198      2    -1241.74031452        0.05498092
    13    199      2    -1294.38781873        0.05498092
    13    200      2    -1226.52472535        0.05498092
    13    201      2    -1258.20274584        0.05498092
    13    202      2    -1234.04302055        0.05498092
    13    203      2    -1210.71805090        0.05498092
    13    204      2    -1209.50368507        0.05498092
    13    205      2    -1215.62937358        0.05498092
    13    206      2    -1187.21458353        0.05498092
    13    207      2    -1212.82175783        0.05498092
    13    208      2    -1161.39150325        0.05498092
    13    209      2    -1151.11877736        0.05498092
    13    210      2    -1156.49380875        0.05498092
    13    211      2    -1173.50185654        0.05498092
    13    212      2    -1153.33142543        0.05498092
    13    213      2    -1132.17831863        0.05498092
    14      0      2    -1211.06875189        0.05497212
    14      1      2    -1227.48075058        0.05497212
    14      2      2    -1217.56761725        0.05497212
    14      3      2    -1278.35154284        0.05497212
    14      4      2    -1278.35154284        0.05497212
    14      5      2    -1278.35154284        0.05497212
    14      6      2    -1278.35154284        0.05497212
    14      7      2    -1278.35154284        0.05497212
    14      8      2    -1278.35154284        0.05497212
    14      9      2    -1278.35154284        0.05497212
    14     10      2    -1278.35154284        0.05497212
    14     11      2    -1278.35154284        0.05497212
    14     12      2    -1278.35154284        0.05497212
    14     13      2    -1278.35154284        0.05497212
    14     14      2    -1259.05222255        0.05497212
    14     15      2    -1272.86578641        0.05497212
    14     16      2    -1270.99797384        0.05497212
    14     17      2    -1272.26344409        0.05497212
    14     18      2    -1278.11332787        0.05497212
    14     19      2    -1283.70880063        0.05497212
    14     20      2    -1268.81554355        0.05497212
    14     21      2    -1288.27030170        0.05497212
    14     22      2    -1268.57518967        0.05497212
    14     23      2    -1287.66325937        0.05497212
    14     24      2    -1263.41930692        0.05497212
    14     25      2    -1289.92170067        0.05497212
    14     26      2    -1278.84825205        0.05497212
    14     27      2    -1282.66969216        0.05497212
    14     28      2    -1276.04589021        0.05497212
    14     29      2    -1298.24730244        0.05497212
    14     30      2    -1264.57342802        0.05497212
    14     31      2    -1320.64152446        0.05497212
    14     32      2    -1261.00135499        0.05497212
    14     33      2    -1289.41773966        0.05497212
    14     34      2    -1295.25003835        0.05497212
    14     35      2    -1256.15469701        0.05497212
    14     36      2    -1317.69225096        0.05497212
    14     37      2    -1265.04846822        0.05497212
    14     38      2    -1291.31944577        0.05497212
    14     39      2    -1289.37567491        0.05497212
    14     40      2    -1287.35610375        0.05497212
    14     41      2    -1275.23061066        0.05497212
    14     42      2    -1295.80089712        0.05497212
    14     43      2    -1273.59861366        0.05497212
    14     44      2    -1294.22419914        0.05497212
    14     45      2    -1295.06711693        0.05497212
    14     46      2    -1278.08468854        0.05497212
    14     47      2    -1298.48270630        0.05497212
    14     48      2    -1272.56010056        0.05497212
    14     49      2    -1295.92397327        0.05497212
    14     50      2    -1285.48647467        0.05497212
    14     51      2    -1293.45764689        0.05497212
    14     52      2    -1285.33866575        0.05497212
    14     53      2    -1295.16969250        0.05497212
    14     54      2    -1279.85436080        0.05497212
    14     55      2    -1303.33564101        0.05497212
    14     56      2    -1272.22057067        0.05497212
    14     57      2    -1301.85836165        0.05497212
    14     58      2    -1281.81423596        0.05497212
    14     59      2    -1298.30799129        0.05497212
    14     60      2    -1283.26709768        0.05497212
    14     61      2    -1300.48089329        0.05497212
    14     62      2    -1286.10764323        0.05497212
    14     63      2    -1290.39620864        0.05497212
    14     64      2    -1265.75593640        0.05497212
    14     65      2    -1295.74466085        0.05497212
    14     66      2    -1285.16355934        0.05497212
    14     67      2    -1293.48516002        0.05497212
    14     68      2    -1282.02859239        0.05497212
    14     69      2    -1255.72362707        0.05497212
    14     70      2    -1315.12400207        0.05497212
    14     71      2    -1259.74383813        0.05497212
    14     72      2    -1264.48699337        0.05497212
    14     73      2    -1317.87864562        0.05497212
    14     74      2    -1263.80578440        0.05497212
    14     75      2    -1290.70413497        0.05497212
    14     76      2    -1278.43536693        0.05497212
    14     77      2    -1265.28047094        0.05497212
    14     78      2    -1309.22433395        0.05497212
    14     79      2    -1384.59895890        0.05497212
    14     80      2    -1252.09369818        0.05497212
    14     81      2    -1276.84732833        0.05497212
    14     82      2    -1266.90031108        0.05497212
    14     83      2    -1276.22327793        0.05497212
    14     84      2    -1261.78003102        0.05497212
    14     85      2    -1269.02487192        0.05497212
    14     86      2    -1257.47272285        0.05497212
    14     87      2    -1269.63018235        0.05497212
    14     88      2    -1256.24603835        0.05497212
    14     89      2    -1264.01118791        0.05497212
    14     90      2    -1251.08471958        0.05497212
    14     91      2    -1262.73499102        0.05497212
    14     92      2    -1246.93969695        0.05497212
    14     93      2    -1257.07979057        0.05497212
    14     94      2    -1239.65871515        0.05497212
    14     95      2    -1278.35154284        0.05497212
    14     96      2    -1241.98341653        0.05497212
    14     97      2    -1278.35154284        0.05497212
    14     98      2    -1278.35154284        0.05497212
    14     99      2    -1278.35154284        0.05497212
    14    100      2    -1278.35154284        0.05497212
    14    101      2    -1278.35154284        0.05497212
    14    102      2    -1219.62820856        0.05497212
    14    103      2    -1324.72914374        0.05497212
    14    104      2    -1236.11343898        0.05497212
    14    105      2    -1242.03458956        0.05497212
    14    106      2    -1252.38882330        0.05497212
    14    107      2    -1241.98394457        0.05497212
    14    108      2    -1269.94653725        0.05497212
    14    109      2    -1219.76971795        0.05497212
    14    110      2    -1278.35154284        0.05497212
    14    111      2    -1278.35154284        0.05497212
    14    112      2    -1278.35154284        0.05497212
    14    113      2    -1278.35154284        0.05497212
    14    114      2    -1278.35154284        0.05497212
    14    115      2    -1285.70529964        0.05497212
    14    116      2    -1274.90032089        0.05497212
    14    117      2    -1253.75508746        0.05497212
    14    118      2    -1254.81304185        0.05497212
    14    119      2    -1247.93141947        0.05497212
    14    120      2    -1259.07106848        0.05497212
    14    121      2    -1250.42639647        0.05497212
    14    122      2    -1258.70284049        0.05497212
    14    123      2    -1253.42452999        0.05497212
    14    124      2    -1260.48643289        0.05497212
    14    125      2    -1254.81701466        0.05497212
    14    126      2    -1260.67235770        0.05497212
    14    127      2    -1253.00008144        0.05497212
    14    128      2    -1262.94283611        0.05497212
    14    129      2    -1257.88810291        0.05497212
    14    130      2    -1264.00079571        0.05497212
    14    131      2    -1258.84825567        0.05497212
    14    132      2    -1265.04735994        0.05497212
    14    133      2    -1262.77113083        0.05497212
    14    134      2    -1268.56131139        0.05497212
    14    135      2    -1264.44643626        0.05497212
    14    136      2    -1268.98027764        0.05497212
    14    137      2    -1266.82867531        0.05497212
    14    138      2    -1271.78642240        0.05497212
    14    139      2    -1269.27463568        0.05497212
    14    140      2    -1276.13098242        0.05497212
    14    141      2    -1276.02499054        0.05497212
    14    142      2    -1275.74856189        0.05497212
    14    143      2    -1277.33250320        0.05497212
    14    144      2    -1280.31308446        0.05497212
    14    145      2    -1278.18713468        0.05497212
    14    146      2    -1284.64019585        0.05497212
    14    147      2    -1281.25770800        0.05497212
    14    148      2    -1285.32273498        0.05497212
    14    149      2    -1286.98973430        0.05497212
    14    150      2    -1290.33867797        0.05497212
    14    151      2    -1292.51030033        0.05497212
    14    152      2    -1290.01660853        0.05497212
    14    153      2    -1295.65053403        0.05497212
    14    154      2    -1294.79208180        0.05497212
    14    155      2    -1295.10760987        0.05497212
    14    156      2    -1298.60086565        0.05497212
    14    157      2    -1295.71963252        0.05497212
    14    158      2    -1299.92274768        0.05497212
    14    159      2    -1294.33537285        0.05497212
    14    160      2    -1300.92019424        0.05497212
    14    161      2    -1297.44550722        0.05497212
    14    162      2    -1291.67161431        0.05497212
    14    163      2    -1295.77665454        0.05497212
    14    164      2    -1297.63312058        0.05497212
    14    165      2    -1291.33991955        0.05497212
    14    166      2    -1300.59677891        0.05497212
    14    167      2    -1292.03777034        0.05497212
    14    168      2    -1303.17759340        0.05497212
    14    169      2    -1291.27499748        0.05497212
    14    170      2    -1304.53761392        0.05497212
    14    171      2    -1279.65266284        0.05497212
    14    172      2    -1298.82436062        0.05497212
    14    173      2    -1289.92478440        0.05497212
    14    174      2    -1293.79682669        0.05497212
    14    175      2    -1289.04842184        0.05497212
    14    176      2    -1290.09342586        0.05497212
    14    177      2    -1291.60483396        0.05497212
    14    178      2    -1290.76767091        0.05497212
    14    179      2    -1292.32306897        0.05497212
    14    180      2    -1288.21710227        0.05497212
    14    181      2    -1291.54381624        0.05497212
    14    182      2    -1289.65569878        0.05497212
    14    183      2    -1301.66474562        0.05497212
    14    184      2    -1279.02774559        0.05497212
    14    185      2    -1297.80618685        0.05497212
    14    186      2    -1282.21113789        0.05497212
    14    187      2    -1289.90272338        0.05497212
    14    188      2    -1292.79098068        0.05497212
    14    189      2    -1274.90765912        0.05497212
    14    190      2    -1277.22628518        0.05497212
    14    191      2    -1279.17942779        0.05497212
    14    192      2    -1284.49310245        0.05497212
    14    193      2    -1246.52130450        0.05497212
    14    194      2    -1285.84638636        0.05497212
    14    195      2    -1254.97611140        0.05497212
    14    196      2    -1247.11896317        0.05497212
    14    197      2    -1244.37145130        0.05497212
    14    198      2    -1278.35154284        0.05497212
    14    199      2    -1278.35154284        0.05497212
    14    200      2    -1278.35154284        0.05497212
    14    201      2    -1278.35154284        0.05497212
    14    202      2    -1278.35154284        0.05497212
    14    203      2    -1278.35154284        0.05497212
    14    204      2    -1278.35154284        0.05497212
    14    205      2    -1278.35154284        0.05497212
    14    206      2    -1278.35154284        0.05497212
    14    207      2    -1278.35154284        0.05497212
    14    208      2    -1063.73707721        0.05497212
    14    209      2    -1084.50495813        0.05497212
    14    210      2    -1041.49200503        0.05497212
    14    211      2     -912.81529696        0.05497212
    15      0      2    -1278.62289051        0.05499316
    15      1      2    -1278.62289051        0.05499316
    15      2      2    -1278.62289051        0.05499316
    15      3      2    -1278.62289051        0.05499316
    15      4      2    -1215.28749456        0.05499316
    15      5      2    -1220.32649065        0.05499316
    15      6      2    -1226.48504076        0.05499316
    15      7      2    -1230.04988820        0.05499316
    15      8      2    -1239.11425088        0.05499316
    15      9      2    -1233.74821639        0.05499316
    15     10      2    -1262.98351219        0.05499316
    15     11      2    -1236.14041661        0.05499316
    15     12      2    -1264.06706645        0.05499316
    15     13      2    -1253.26526768        0.05499316
    15     14      2    -1261.21615487        0.05499316
    15     15      2    -1261.57035107        0.05499316
    15     16      2    -1263.48374095        0.05499316
    15     17      2    -1269.22254760        0.05499316
    15     18      2    -1265.98164918        0.05499316
    15     19      2    -1261.97263685        0.05499316
    15     20      2    -1283.46429883        0.05499316
    15     21      2    -1260.91969883        0.05499316
    15     22      2    -1267.10323490        0.05499316
    15     23      2    -1280.96930934        0.05499316
    15     24      2    -1247.28591424        0.05499316
    15     25      2    -1295.50305941        0.05499316
    15     26      2    -1261.89449013        0.05499316
    15     27      2    -1271.42962344        0.05499316
    15     28      2    -1286.58276657        0.05499316
    15     29      2    -1277.59784546        0.05499316
    15     30      2    -1268.38215149        0.05499316
    15     31      2    -1278.83038717        0.05499316
    15     32      2    -1279.08830692        0.05499316
    15     33      2    -1618.27921966        0.05499316
    15     34      2    -1283.05347507        0.05499316
    15     35      2    -1273.18303531        0.05499316
    15     36      2    -1279.35054451        0.05499316
    15     37      2    -1279.23967545        0.05499316
    15     38      2    -1270.13175261        0.05499316
    15     39      2    -1277.69242829        0.05499316
    15     40      2    -1280.91967272        0.05499316
    15     41      2    -1268.98899466        0.05499316
    15     42      2    -1290.17064047        0.05499316
    15     43      2    -1263.46162472        0.05499316
    15     44      2    -1285.14377585        0.05499316
    15     45      2    -1283.96829341        0.05499316
    15     46      2    -1270.88877242        0.05499316
    15     47      2    -1299.62716169        0.05499316
    15     48      2    -1269.96204722        0.05499316
    15     49      2    -1287.62543539        0.05499316
    15     50      2    -1286.36123789        0.05499316
    15     51      2    -1280.81830618        0.05499316
    15     52      2    -1290.95005131        0.05499316
    15     53      2    -1289.35738730        0.05499316
    15     54      2    -1290.61497611        0.05499316
    15     55      2    -1287.80572322        0.05499316
    15     56      2    -1291.13494715        0.05499316
    15     57      2    -1291.18986771        0.05499316
    15     58      2    -1306.00169432        0.05499316
    15     59      2    -1272.16462672        0.05499316
    15     60      2    -1315.17696172        0.05499316
    15     61      2    -1267.84015687        0.05499316
    15     62      2    -1302.80641016        0.05499316
    15     63      2    -1426.78781022        0.05499316
    15     64      2    -1301.23699986        0.05499316
    15     65      2    -1286.14446252        0.05499316
    15     66      2    -1437.96274772        0.05499316
    15     67      2    -1287.18281245        0.05499316
    15     68      2    -1261.45443202        0.05499316
    15     69      2    -1304.80382224        0.05499316
    15     70      2    -1294.58236707        0.05499316
    15     71      2    -1271.50057019        0.05499316
    15     72      2    -1304.89840721        0.05499316
    15     73      2    -1280.66009543        0.05499316
    15     74      2    -1297.65356444        0.05499316
    15     75      2    -1273.87482852        0.05499316
    15     76      2    -1292.26803164        0.05499316
    15     77      2    -1267.12800990        0.05499316
    15     78      2    -1380.74098637        0.05499316
    15     79      2    -1256.55588588        0.05499316
    15     80      2    -1281.41167639        0.05499316
    15     81      2    -1269.99166874        0.05499316
    15     82      2    -1283.75041074        0.05499316
    15     83      2    -1254.57520334        0.05499316
    15     84      2    -1282.70767418        0.05499316
    15     85      2    -1259.70134376        0.05499316
    15     86      2    -1273.38370867        0.05499316
    15     87      2    -1259.40221887        0.05499316
    15     88      2    -1266.91940992        0.05499316
    15     89      2    -1259.33649730        0.05499316
    15     90      2    -1262.51357705        0.05499316
    15     91      2    -1273.59731375        0.05499316
    15     92      2    -1278.62289051        0.05499316
    15     93      2    -1278.62289051        0.05499316
    15     94      2    -1278.62289051        0.05499316
    15     95      2    -1278.62289051        0.05499316
    15     96      2    -1278.62289051        0.05499316
    15     97      2    -1278.62289051        0.05499316
    15     98      2    -1278.62289051        0.05499316
    15     99      2    -1234.99029633        0.05499316
    15    100      2    -1273.42933589        0.05499316
    15    101      2    -1246.71486769        0.05499316
    15    102      2    -1257.58250387        0.05499316
    15    103      2    -1246.60482512        0.05499316
    15    104      2    -1254.14782013        0.05499316
    15    105      2    -1248.19922095        0.05499316
    15    106      2    -1253.20904639        0.05499316
    15    107      2    -1245.47752720        0.05499316
    15    108      2    -1245.62209261        0.05499316
    15    109      2    -1239.41336837        0.05499316
    15    110      2    -1244.20102607        0.05499316
    15    111      2    -1236.14056349        0.05499316
    15    112      2    -1236.79101406        0.05499316
    15    113      2    -1278.81640396        0.05499316
    15    114      2    -1160.00181465        0.05499316
    15    115      2    -1252.56968442        0.05499316
    15    116      2    -1278.62289051        0.05499316
    15    117      2    -1278.62289051        0.05499316
    15    118      2    -1278.62289051        0.05499316
    15    119      2    -1278.62289051        0.05499316
    15    120      2    -1278.62289051        0.05499316
    15    121      2    -1357.35255690        0.05499316
    15    122      2    -1266.51688213        0.05499316
    15    123      2    -1245.35987250        0.05499316
    15    124      2    -1253.34149160        0.05499316
    15    125      2    -1252.64827035        0.05499316
    15    126      2    -1253.32942946        0.05499316
    15    127      2    -1252.56402769        0.05499316
    15    128      2    -1252.12284753        0.05499316
    15    129      2    -1250.50131762        0.05499316
    15    130      2    -1254.25529955        0.05499316
    15    131      2    -1252.73822942        0.05499316
    15    132      2    -1253.90139007        0.05499316
    15    133      2    -1255.35882959        0.05499316
    15    134      2    -1254.47403623        0.05499316
    15    135      2    -1253.41966092        0.05499316
    15    136      2    -1257.89737608        0.05499316
    15    137      2    -1256.01052566        0.05499316
    15    138      2    -1258.22565769        0.05499316
    15    139      2    -1257.12973344        0.05499316
    15    140      2    -1259.53347449        0.05499316
    15    141      2    -1260.76778144        0.05499316
    15    142      2    -1261.10189643        0.05499316
    15    143      2    -1265.80880764        0.05499316
    15    144      2    -1264.39863747        0.05499316
    15    145      2    -1269.09732528        0.05499316
    15    146      2    -1271.67517288        0.05499316
    15    147      2    -1269.40319735        0.05499316
    15    148      2    -1273.78926517        0.05499316
    15    149      2    -1269.61007598        0.05499316
    15    150      2    -1281.89318772        0.05499316
    15    151      2    -1270.50156449        0.05499316
    15    152      2    -1283.20936462        0.05499316
    15    153      2    -1277.82633064        0.05499316
    15    154      2    -1283.34295413        0.05499316
    15    155      2    -1282.96050133        0.05499316
    15    156      2    -1283.15384140        0.05499316
    15    157      2    -1280.53803375        0.05499316
    15    158      2    -1281.49891463        0.05499316
    15    159      2    -1285.02180992        0.05499316
    15    160      2    -1288.15857289        0.05499316
    15    161      2    -1284.49205250        0.05499316
    15    162      2    -1293.47389717        0.05499316
    15    163      2    -1286.01768111        0.05499316
    15    164      2    -1292.02380400        0.05499316
    15    165      2    -1290.32702776        0.05499316
    15    166      2    -1290.11192115        0.05499316
    15    167      2    -1289.71629186        0.05499316
    15    168      2    -1291.76441003        0.05499316
    15    169      2    -1287.32218007        0.05499316
    15    170      2    -1294.75898227        0.05499316
    15    171      2    -1283.08386607        0.05499316
    15    172      2    -1295.18606778        0.05499316
    15    173      2    -1279.06078477        0.05499316
    15    174      2    -1300.17392103        0.05499316
    15    175      2    -1274.74112547        0.05499316
    15    176      2    -1296.57552276        0.05499316
    15    177      2    -1281.73208489        0.05499316
    15    178      2    -1293.21421330        0.05499316
    15    179      2    -1281.28208981        0.05499316
    15    180      2    -1294.17818395        0.05499316
    15    181      2    -1278.92389906        0.05499316
    15    182      2    -1291.32644495        0.05499316
    15    183      2    -1279.51773679        0.05499316
    15    184      2    -1295.34653047        0.05499316
    15    185      2    -1277.72502635        0.05499316
    15    186      2    -1295.65668556        0.05499316
    15    187      2    -1284.44434633        0.05499316
    15    188      2    -1289.85999507        0.05499316
    15    189      2    -1270.81561527        0.05499316
    15    190      2    -1294.68115466        0.05499316
    15    191      2    -1269.66341608        0.05499316
    15    192      2    -1284.49706030        0.05499316
    15    193      2    -1285.39901885        0.05499316
    15    194      2    -1273.19948694        0.05499316
    15    195      2    -1272.43809957        0.05499316
    15    196      2    -1277.93094156        0.05499316
    15    197      2    -1268.22012560        0.05499316
    15    198      2    -1279.10717111        0.05499316
    15    199      2    -1252.12609480        0.05499316
    15    200      2    -1263.60709614        0.05499316
    15    201      2    -1227.97394461        0.05499316
    15    202      2    -1291.88072577        0.05499316
    15    203      2    -1214.41674011        0.05499316
    15    204      2    -1235.58465452        0.05499316
    15    205      2    -1212.92071118        0.05499316
    15    206      2    -1210.67426825        0.05499316
    15    207      2    -1156.49552803        0.05499316
    15    208      2    -1185.09965209        0.05499316
    15    209      2    -1127.81050249        0.05499316
    15    210      2    -1278.62289051        0.05499316
    15    211      2    -1278.62289051        0.05499316
    15    212      2    -1278.62289051        0.05499316
    15    213      2    -1278.62289051        0.05499316
    16      0      2    -1136.93992152        0.05502297
    16      1      2    -1200.17687335        0.05502297
    16      2      2    -1177.34962657        0.05502297
    16      3      2    -1221.44657018        0.05502297
    16      4      2    -1210.11174293        0.05502297
    16      5      2    -1245.10187261        0.05502297
    16      6      2    -1243.66323728        0.05502297
    16      7      2    -1245.17813710        0.05502297
    16      8      2    -1266.34002422        0.05502297
    16      9      2    -1258.80921438        0.05502297
    16     10      2    -1274.09293680        0.05502297
    16     11      2    -1277.90885191        0.05502297
    16     12      2    -1281.20468191        0.05502297
    16     13      2    -1294.05493053        0.05502297
    16     14      2    -1274.50114568        0.05502297
    16     15      2    -1303.63450671        0.05502297
    16     16      2    -1291.42701159        0.05502297
    16     17      2    -1291.37274434        0.05502297
    16     18      2    -1296.83880945        0.05502297
    16     19      2    -1304.07056484        0.05502297
    16     20      2    -1291.62745123        0.05502297
    16     21      2    -1295.62166893        0.05502297
    16     22      2    -1306.63746728        0.05502297
    16     23      2    -1299.65721635        0.05502297
    16     24      2    -1305.79120773        0.05502297
    16     25      2    -1309.54809241        0.05502297
    16     26      2    -1295.06949276        0.05502297
    16     27      2    -1312.50964799        0.05502297
    16     28      2    -1308.97580462        0.05502297
    16     29      2    -1301.36031178        0.05502297
    16     30      2    -1304.48166490        0.05502297
    16     31      2    -1305.75653229        0.05502297
    16     32      2    -1301.86431835        0.05502297
    16     33      2    -1317.61380294        0.05502297
    16     34      2    -1295.33880755        0.05502297
    16     35      2    -1310.56431439        0.05502297
    16     36      2    -1312.95710183        0.05502297
    16     37      2    -1303.42696844        0.05502297
    16     38      2    -1291.48938990        0.05502297
    16     39      2    -1335.25543885        0.05502297
    16     40      2    -1273.49235389        0.05502297
    16     41      2    -1334.23720222        0.05502297
    16     42      2    -1289.33199177        0.05502297
    16     43      2    -1307.48609209        0.05502297
    16     44      2    -1320.77619956        0.05502297
    16     45      2    -1296.22227152        0.05502297
    16     46      2    -1316.29898867        0.05502297
    16     47      2    -1324.99529899        0.05502297
    16     48      2    -1297.23290192        0.05502297
    16     49      2    -1339.78516591        0.05502297
    16     50      2    -1307.17367015        0.05502297
    16     51      2    -1320.51583935        0.05502297
    16     52      2    -1312.82194020        0.05502297
    16     53      2    -1312.78762744        0.05502297
    16     54      2    -1314.89004607        0.05502297
    16     55      2    -1321.34860970        0.05502297
    16     56      2    -1326.77164244        0.05502297
    16     57      2    -1304.69963822        0.05502297
    16     58      2    -1344.42559671        0.05502297
    16     59      2    -1310.00131831        0.05502297
    16     60      2    -1313.71309561        0.05502297
    16     61      2    -1336.18756064        0.05502297
    16     62      2    -1326.01100487        0.05502297
    16     63      2    -1318.64729088        0.05502297
    16     64      2    -1337.95411921        0.05502297
    16     65      2    -1309.29343788        0.05502297
    16     66      2    -1331.99451910        0.05502297
    16     67      2    -1313.21032888        0.05502297
    16     68      2    -1331.44226884        0.05502297
    16     69      2    -1329.43696943        0.05502297
    16     70      2    -1324.40383011        0.05502297
    16     71      2    -1324.49214149        0.05502297
    16     72      2    -1329.57333826        0.05502297
    16     73      2    -1314.42541024        0.05502297
    16     74      2    -1321.30605949        0.05502297
    16     75      2    -1309.71084276        0.05502297
    16     76      2    -1302.91880248        0.05502297
    16     77      2    -1390.60390089        0.05502297
    16     78      2    -1300.90026192        0.05502297
    16     79      2    -1301.45623446        0.05502297
    16     80      2    -1317.03985609        0.05502297
    16     81      2    -1300.35595859        0.05502297
    16     82      2    -1306.58923804        0.05502297
    16     83      2    -1292.44955568        0.05502297
    16     84      2    -1305.07434999        0.05502297
    16     85      2    -1293.16359612        0.05502297
    16     86      2    -1295.44126573        0.05502297
    16     87      2    -1293.10593133        0.05502297
    16     88      2    -1289.34826142        0.05502297
    16     89      2    -1286.32923420        0.05502297
    16     90      2    -1288.23512116        0.05502297
    16     91      2    -1293.74406538        0.05502297
    16     92      2    -1240.83626418        0.05502297
    16     93      2    -1240.83626418        0.05502297
    16     94      2    -1240.83626418        0.05502297
    16     95      2    -1240.83626418        0.05502297
    16     96      2    -1240.83626418        0.05502297
    16     97      2    -1240.83626418        0.05502297
    16     98      2    -1323.61783632        0.05502297
    16     99      2    -1277.36325332        0.05502297
    16    100      2    -1276.88534957        0.05502297
    16    101      2    -1274.15662424        0.05502297
    16    102      2    -1273.89832555        0.05502297
    16    103      2    -1269.26588374        0.05502297
    16    104      2    -1271.08769699        0.05502297
    16    105      2    -1274.26296743        0.05502297
    16    106      2    -1282.00825630        0.05502297
    16    107      2    -1267.95600588        0.05502297
    16    108      2    -1267.92274970        0.05502297
    16    109      2    -1268.57452994        0.05502297
    16    110      2    -1278.15333605        0.05502297
    16    111      2    -1277.68164775        0.05502297
    16    112      2    -1283.36035801        0.05502297
    16    113      2    -1280.70828971        0.05502297
    16    114      2    -1279.88930159        0.05502297
    16    115      2    -1279.17886087        0.05502297
    16    116      2    -1281.51879558        0.05502297
    16    117      2    -1279.39227149        0.05502297
    16    118      2    -1280.77915404        0.05502297
    16    119      2    -1276.25463238        0.05502297
    16    120      2    -1326.55555567        0.05502297
    16    121      2    -1216.13073449        0.05502297
    16    122      2    -1240.83626418        0.05502297
    16    123      2    -1240.83626418        0.05502297
    16    124      2    -1240.83626418        0.05502297
    16    125      2    -1240.83626418        0.05502297
    16    126      2    -1240.83626418        0.05502297
    16    127      2    -1240.83626418        0.05502297
    16    128      2    -1302.23425108        0.05502297
    16    129      2    -1286.32238413        0.05502297
    16    130      2    -1289.42613778        0.05502297
    16    131      2    -1288.41260976        0.05502297
    16    132      2    -1291.02124208        0.05502297
    16    133      2    -1289.44262324        0.05502297
    16    134      2    -1291.69042578        0.05502297
    16    135      2    -1290.24639735        0.05502297
    16    136      2    -1291.16248208        0.05502297
    16    137      2    -1293.89912790        0.05502297
    16    138      2    -1292.80898903        0.05502297
    16    139      2    -1292.68708248        0.05502297
    16    140      2    -1291.04805347        0.05502297
    16    141      2    -1290.69891182        0.05502297
    16    142      2    -1292.30561546        0.05502297
    16    143      2    -1293.34259486        0.05502297
    16    144      2    -1295.33676188        0.05502297
    16    145      2    -1295.44009586        0.05502297
    16    146      2    -1297.42268814        0.05502297
    16    147      2    -1298.25489976        0.05502297
    16    148      2    -1298.80094529        0.05502297
    16    149      2    -1300.10275739        0.05502297
    16    150      2    -1302.26574442        0.05502297
    16    151      2    -1303.04813918        0.05502297
    16    152      2    -1306.56490427        0.05502297
    16    153      2    -1305.78601201        0.05502297
    16    154      2    -1304.63761428        0.05502297
    16    155      2    -1310.47478741        0.05502297
    16    156      2    -1306.42975427        0.05502297
    16    157      2    -1310.91880728        0.05502297
    16    158      2    -1307.26139576        0.05502297
    16    159      2    -1312.30578828        0.05502297
    16    160      2    -1311.34145458        0.05502297
    16    161      2    -1313.72414502        0.05502297
    16    162      2    -1308.34416465        0.05502297
    16    163      2    -1240.83626418        0.05502297
    16    164      2    -1309.24798197        0.05502297
    16    165      2    -1313.18860739        0.05502297
    16    166      2    -1309.49649477        0.05502297
    16    167      2    -1314.00663023        0.05502297
    16    168      2    -1316.86913442        0.05502297
    16    169      2    -1313.28107110        0.05502297
    16    170      2    -1315.63681026        0.05502297
    16    171      2    -1240.83626418        0.05502297
    16    172      2    -1312.86012358        0.05502297
    16    173      2    -1319.06573413        0.05502297
    16    174      2    -1312.23787790        0.05502297
    16    175      2    -1311.11341544        0.05502297
    16    176      2    -1316.50142930        0.05502297
    16    177      2    -1315.74241787        0.05502297
    16    178      2    -1314.41060060        0.05502297
    16    179      2    -1314.26703588        0.05502297
    16    180      2    -1303.49016992        0.05502297
    16    181      2    -1316.05066950        0.05502297
    16    182      2    -1306.48732888        0.05502297
    16    183      2    -1303.24862783        0.05502297
    16    184      2    -1320.54744064        0.05502297
    16    185      2    -1302.70179152        0.05502297
    16    186      2    -1308.20473338        0.05502297
    16    187      2    -1318.64884388        0.05502297
    16    188      2    -1297.08311826        0.05502297
    16    189      2    -1308.19636779        0.05502297
    16    190      2    -1305.06176962        0.05502297
    16    191      2    -1299.03562725        0.05502297
    16    192      2    -1311.71206167        0.05502297
    16    193      2    -1292.19105010        0.05502297
    16    194      2    -1306.10277984        0.05502297
    16    195      2    -1296.65829703        0.05502297
    16    196      2    -1300.87132330        0.05502297
    16    197      2    -1305.07864692        0.05502297
    16    198      2    -1287.79918786        0.05502297
    16    199      2    -1294.30936194        0.05502297
    16    200      2    -1299.07303954        0.05502297
    16    201      2    -1296.59489307        0.05502297
    16    202      2    -1289.48188843        0.05502297
    16    203      2    -1281.88226459        0.05502297
    16    204      2    -1311.18561244        0.05502297
    16    205      2    -1266.30363982        0.05502297
    16    206      2    -1287.54401851        0.05502297
    16    207      2    -1274.12418855        0.05502297
    16    208      2    -1276.84621063        0.05502297
    16    209      2    -1260.29961158        0.05502297
    16    210      2    -1237.06255685        0.05502297
    16    211      2    -1275.04919538        0.05502297
    16    212      2    -1207.61135029        0.05502297
    16    213      2    -1223.99777171        0.05502297
    16    214      2    -1180.87821718        0.05502297
    16    215      2    -1158.91425533        0.05502297
    16    216      2    -1068.59977041        0.05502297
    16    217      2    -1131.44920768        0.05502297
    16    218      2    -1053.60697760        0.05502297
    16    219      2    -1240.83626418        0.05502297
    17      0      2    -1073.15358154        0.05495776
    17      1      2    -1216.88817814        0.05495776
    17      2      2    -1190.67643204        0.05495776
    17      3      2    -1197.19491476        0.05495776
    17      4      2    -1259.36706214        0.05495776
    17      5      2    -1234.20793731        0.05495776
    17      6      2    -1251.15233836        0.05495776
    17      7      2    -1256.59552127        0.05495776
    17      8      2    -1268.89629072        0.05495776
    17      9      2    -1279.12258692        0.05495776
    17     10      2    -1278.00282172        0.05495776
    17     11      2    -1280.22997081        0.05495776
    17     12      2    -1281.23276556        0.05495776
    17     13      2    -1281.05926083        0.05495776
    17     14      2    -1294.84479954        0.05495776
    17     15      2    -1285.13988603        0.05495776
    17     16      2    -1292.23392382        0.05495776
    17     17      2    -1296.39837931        0.05495776
    17     18      2    -1292.39893761        0.05495776
    17     19      2    -1293.47764567        0.05495776
    17     20      2    -1303.30905881        0.05495776
    17     21      2    -1291.78356788        0.05495776
    17     22      2    -1324.36871417        0.05495776
    17     23      2    -1258.86162513        0.05495776
    17     24      2    -1327.56888902        0.05495776
    17     25      2    -1285.83965812        0.05495776
    17     26      2    -1311.74409709        0.05495776
    17     27      2    -1306.15536926        0.05495776
    17     28      2    -1296.37322312        0.05495776
    17     29      2    -1313.46069056        0.05495776
    17     30      2    -1304.38802298        0.05495776
    17     31      2    -1297.89906482        0.05495776
    17     32      2    -1312.14113653        0.05495776
    17     33      2    -1301.73137637        0.05495776
    17     34      2    -1306.09478339        0.05495776
    17     35      2    -1316.91688882        0.05495776
    17     36      2    -1302.08660429        0.05495776
    17     37      2    -1317.02189439        0.05495776
    17     38      2    -1301.76053475        0.05495776
    17     39      2    -1320.24046441        0.05495776
    17     40      2    -1299.62099852        0.05495776
    17     41      2    -1319.43225040        0.05495776
    17     42      2    -1299.25493914        0.05495776
    17     43      2    -1319.17611718        0.05495776
    17     44      2    -1317.33949496        0.05495776
    17     45      2    -1286.29366843        0.05495776
    17     46      2    -1335.07209744        0.05495776
    17     47      2    -1303.42759330        0.05495776
    17     48      2    -1315.19703286        0.05495776
    17     49      2    -1318.84659925        0.05495776
    17     50      2    -1321.71353656        0.05495776
    17     51      2    -1312.07939599        0.05495776
    17     52      2    -1323.72987193        0.05495776
    17     53      2    -1332.15196171        0.05495776
    17     54      2    -1288.50242316        0.05495776
    17     55      2    -1345.46171391        0.05495776
    17     56      2    -1315.91205369        0.05495776
    17     57      2    -1243.03989524        0.05495776
    17     58      2    -1326.49032200        0.05495776
    17     59      2    -1318.33204422        0.05495776
    17     60      2    -1324.82100950        0.05495776
    17     61      2    -1329.08073863        0.05495776
    17     62      2    -1338.63170972        0.05495776
    17     63      2    -1325.97659571        0.05495776
    17     64      2    -1342.47305384        0.05495776
    17     65      2    -1324.25515136        0.05495776
    17     66      2    -1333.35919623        0.05495776
    17     67      2    -1342.06154821        0.05495776
    17     68      2    -1321.54457980        0.05495776
    17     69      2    -1356.99806384        0.05495776
    17     70      2    -1310.17275618        0.05495776
    17     71      2    -1352.25710756        0.05495776
    17     72      2    -1320.84191310        0.05495776
    17     73      2    -1329.82085177        0.05495776
    17     74      2    -1333.62474991        0.05495776
    17     75      2    -1332.93564073        0.05495776
    17     76      2    -1333.41468684        0.05495776
    17     77      2    -1313.75987081        0.05495776
    17     78      2    -1340.19700250        0.05495776
    17     79      2    -1312.18702942        0.05495776
    17     80      2    -1318.26443106        0.05495776
    17     81      2    -1313.77479096        0.05495776
    17     82      2    -1313.09723159        0.05495776
    17     83      2    -1315.70212933        0.05495776
    17     84      2    -1302.05427234        0.05495776
    17     85      2    -1306.88345267        0.05495776
    17     86      2    -1308.29321550        0.05495776
    17     87      2    -1298.12733263        0.05495776
    17     88      2    -1296.38369618        0.05495776
    17     89      2    -1301.26811121        0.05495776
    17     90      2    -1243.03989524        0.05495776
    17     91      2    -1243.03989524        0.05495776
    17     92      2    -1243.03989524        0.05495776
    17     93      2    -1243.03989524        0.05495776
    17     94      2    -1243.03989524        0.05495776
    17     95      2    -1243.03989524        0.05495776
    17     96      2    -1243.03989524        0.05495776
    17     97      2    -1308.03538367        0.05495776
    17     98      2    -1285.66070360        0.05495776
    17     99      2    -1286.79796589        0.05495776
    17    100      2    -1286.07252677        0.05495776
    17    101      2    -1285.63391997        0.05495776
    17    102      2    -1285.63181191        0.05495776
    17    103      2    -1281.81830263        0.05495776
    17    104      2    -1281.50348199        0.05495776
    17    105      2    -1279.01765718        0.05495776
    17    106      2    -1282.58367492        0.05495776
    17    107      2    -1289.74960371        0.05495776
    17    108      2    -1290.96131724        0.05495776
    17    109      2    -1284.01000733        0.05495776
    17    110      2    -1281.96194531        0.05495776
    17    111      2    -1277.79306203        0.05495776
    17    112      2    -1272.91133013        0.05495776
    17    113      2    -1272.54704896        0.05495776
    17    114      2    -1278.00580397        0.05495776
    17    115      2    -1278.34628701        0.05495776
    17    116      2    -1276.88097630        0.05495776
    17    117      2    -1273.01676686        0.05495776
    17    118      2    -1274.60092323        0.05495776
    17    119      2    -1274.46750813        0.05495776
    17    120      2    -1275.68467726        0.05495776
    17    121      2    -1273.47544207        0.05495776
    17    122      2    -1276.40707833        0.05495776
    17    123      2    -1277.73968860        0.05495776
    17    124      2    -1275.47566421        0.05495776
    17    125      2    -1276.42309408        0.05495776
    17    126      2    -1269.04284080        0.05495776
    17    127      2    -1413.94632572        0.05495776
    17    128      2    -1243.03989524        0.05495776
    17    129      2    -1243.03989524        0.05495776
    17    130      2    -1243.03989524        0.05495776
    17    131      2    -1243.03989524        0.05495776
    17    132      2    -1243.03989524        0.05495776
    17    133      2    -1243.03989524        0.05495776
    17    134      2    -1298.04869301        0.05495776
    17    135      2    -1295.35056699        0.05495776
    17    136      2    -1290.89684812        0.05495776
    17    137      2    -1289.07343552        0.05495776
    17    138      2    -1293.14495543        0.05495776
    17    139      2    -1293.00857820        0.05495776
    17    140      2    -1294.21908171        0.05495776
    17    141      2    -1291.26900299        0.05495776
    17    142      2    -1293.67898905        0.05495776
    17    143      2    -1290.08935827        0.05495776
    17    144      2    -1291.68900204        0.05495776
    17    145      2    -1288.53722405        0.05495776
    17    146      2    -1291.82215928        0.05495776
    17    147      2    -1292.99076305        0.05495776
    17    148      2    -1295.68871133        0.05495776
    17    149      2    -1298.76137217        0.05495776
    17    150      2    -1303.08122646        0.05495776
    17    151      2    -1306.10488757        0.05495776
    17    152      2    -1302.56446361        0.05495776
    17    153      2    -1307.94828774        0.05495776
    17    154      2    -1308.77231139        0.05495776
    17    155      2    -1308.33901744        0.05495776
    17    156      2    -1312.09464988        0.05495776
    17    157      2    -1311.71086521        0.05495776
    17    158      2    -1310.86616015        0.05495776
    17    159      2    -1310.41125523        0.05495776
    17    160      2    -1315.50107192        0.05495776
    17    161      2    -1310.28279367        0.05495776
    17    162      2    -1318.89644407        0.05495776
    17    163      2    -1310.71687021        0.05495776
    17    164      2    -1320.40382685        0.05495776
    17    165      2    -1316.31658950        0.05495776
    17    166      2    -1318.14345705        0.05495776
    17    167      2    -1314.82533342        0.05495776
    17    168      2    -1317.48591370        0.05495776
    17    169      2    -1317.64729945        0.05495776
    17    170      2    -1311.98795945        0.05495776
    17    171      2    -1326.51895813        0.05495776
    17    172      2    -1314.89837205        0.05495776
    17    173      2    -1320.16963390        0.05495776
    17    174      2    -1322.21412254        0.05495776
    17    175      2    -1325.61672261        0.05495776
    17    176      2    -1314.42674780        0.05495776
    17    177      2    -1323.15089480        0.05495776
    17    178      2    -1317.91971516        0.05495776
    17    179      2    -1321.05528739        0.05495776
    17    180      2    -1316.76873375        0.05495776
    17    181      2    -1324.75399568        0.05495776
    17    182      2    -1315.86090186        0.05495776
    17    183      2    -1325.19105272        0.05495776
    17    184      2    -1312.22786548        0.05495776
    17    185      2    -1339.39586993        0.05495776
    17    186      2    -1303.14482835        0.05495776
    17    187      2    -1318.97623582        0.05495776
    17    188      2    -1311.13637118        0.05495776
    17    189      2    -1314.23691204        0.05495776
    17    190      2    -1311.95064127        0.05495776
    17    191      2    -1307.83681493        0.05495776
    17    192      2    -1315.54171861        0.05495776
    17    193      2    -1307.41407055        0.05495776
    17    194      2    -1307.88868915        0.05495776
    17    195      2    -1310.47495465        0.05495776
    17    196      2    -1308.40676517        0.05495776
    17    197      2    -1306.10998401        0.05495776
    17    198      2    -1301.59837344        0.05495776
    17    199      2    -1314.10005212        0.05495776
    17    200      2    -1292.46823833        0.05495776
    17    201      2    -1312.66248855        0.05495776
    17    202      2    -1295.32267825        0.05495776
    17    203      2    -1320.09133239        0.05495776
    17    204      2    -1292.38444067        0.05495776
    17    205      2    -1309.63002378        0.05495776
    17    206      2    -1298.50185069        0.05495776
    17    207      2    -1306.65846899        0.05495776
    17    208      2    -1288.67439306        0.05495776
    17    209      2    -1305.05065997        0.05495776
    17    210      2    -1303.53778401        0.05495776
    17    211      2    -1277.60263269        0.05495776
    17    212      2    -1308.05375433        0.05495776
    17    213      2    -1291.94075598        0.05495776
    17    214      2    -1272.07847595        0.05495776
    17    215      2    -1281.03721733        0.05495776
    17    216      2    -1254.45998569        0.05495776
    17    217      2    -1264.10144371        0.05495776
    17    218      2    -1226.51740945        0.05495776
    17    219      2    -1234.35667478        0.05495776
    17    220      2    -1189.66354331        0.05495776
    17    221      2    -1155.18782033        0.05495776
    17    222      2    -1152.22515350        0.05495776
    17    223      2    -1056.24880335        0.05495776
    18      0      2    -1125.72184434        0.05501669
    18      1      2    -1137.94254157        0.05501669
    18      2      2    -1143.97347829        0.05501669
    18      3      2    -1207.77600865        0.05501669
    18      4      2    -1191.44645734        0.05501669
    18      5      2    -1217.94362890        0.05501669
    18      6      2    -1213.20147394        0.05501669
    18      7      2    -1234.82405918        0.05501669
    18      8      2    -1230.23585010        0.05501669
    18      9      2    -1240.78803479        0.05501669
    18     10      2    -1242.82088185        0.05501669
    18     11      2    -1250.94583634        0.05501669
    18     12      2    -1239.16199024        0.05501669
    18     13      2    -1261.58061472        0.05501669
    18     14      2    -1238.25020418        0.05501669
    18     15      2    -1253.18795374        0.05501669
    18     16      2    -1255.43680826        0.05501669
    18     17      2    -1239.36370020        0.05501669
    18     18      2    -1269.08452921        0.05501669
    18     19      2    -1254.91912414        0.05501669
    18     20      2    -1246.19320914        0.05501669
    18     21      2    -1279.67015604        0.05501669
    18     22      2    -1243.98772751        0.05501669
    18     23      2    -1267.37449536        0.05501669
    18     24      2    -1278.80552722        0.05501669
    18     25      2    -1252.46676947        0.05501669
    18     26      2    -1277.84926746        0.05501669
    18     27      2    -1259.68794672        0.05501669
    18     28      2    -1257.92139581        0.05501669
    18     29      2    -1274.65768781        0.05501669
    18     30      2    -1255.15965424        0.05501669
    18     31      2    -1288.33817894        0.05501669
    18     32      2    -1256.45332810        0.05501669
    18     33      2    -1283.92968522        0.05501669
    18     34      2    -1274.59557329        0.05501669
    18     35      2    -1257.24221404        0.05501669
    18     36      2    -1276.54822101        0.05501669
    18     37      2    -1283.28081101        0.05501669
    18     38      2    -1235.21542533        0.05501669
    18     39      2    -1310.40112709        0.05501669
    18     40      2    -1258.47181624        0.05501669
    18     41      2    -1267.61644456        0.05501669
    18     42      2    -1282.15662476        0.05501669
    18     43      2    -1270.97383870        0.05501669
    18     44      2    -1268.78736809        0.05501669
    18     45      2    -1284.45831440        0.05501669
    18     46      2    -1287.14652537        0.05501669
    18     47      2    -1263.44168752        0.05501669
    18     48      2    -1302.72991507        0.05501669
    18     49      2    -1273.04294148        0.05501669
    18     50      2    -1280.51448753        0.05501669
    18     51      2    -1290.39503494        0.05501669
    18     52      2    -1282.04480775        0.05501669
    18     53      2    -1279.43998019        0.05501669
    18     54      2    -1289.56583904        0.05501669
    18     55      2    -1275.14066957        0.05501669
    18     56      2    -1287.70679830        0.05501669
    18     57      2    -1287.49870303        0.05501669
    18     58      2    -1292.51276165        0.05501669
    18     59      2    -1255.70815018        0.05501669
    18     60      2    -1286.35602380        0.05501669
    18     61      2    -1293.98233768        0.05501669
    18     62      2    -1298.56343668        0.05501669
    18     63      2    -1282.15489137        0.05501669
    18     64      2    -1318.53240306        0.05501669
    18     65      2    -1287.24548102        0.05501669
    18     66      2    -1303.65466582        0.05501669
    18     67      2    -1303.19775818        0.05501669
    18     68      2    -1402.55091542        0.05501669
    18     69      2    -1306.27011680        0.05501669
    18     70      2    -1296.34910773        0.05501669
    18     71      2    -1309.09417402        0.05501669
    18     72      2    -1301.70181761        0.05501669
    18     73      2    -1291.51541881        0.05501669
    18     74      2    -1308.84362897        0.05501669
    18     75      2    -1300.15580359        0.05501669
    18     76      2    -1294.44546613        0.05501669
    18     77      2    -1290.92267148        0.05501669
    18     78      2    -1291.71162229        0.05501669
    18     79      2    -1283.20588352        0.05501669
    18     80      2    -1275.58843513        0.05501669
    18     81      2    -1272.87629714        0.05501669
    18     82      2    -1278.77902114        0.05501669
    18     83      2    -1275.71665495        0.05501669
    18     84      2    -1266.26892957        0.05501669
    18     85      2    -1264.73546793        0.05501669
    18     86      2    -1266.06010554        0.05501669
    18     87      2    -1261.58250692        0.05501669
    18     88      2    -1257.96565721        0.05501669
    18     89      2    -1272.36675453        0.05501669
    18     90      2    -1243.38308784        0.05501669
    18     91      2    -1243.38308784        0.05501669
    18     92      2    -1243.38308784        0.05501669
    18     93      2    -1243.38308784        0.05501669
    18     94      2    -1243.38308784        0.05501669
    18     95      2    -1243.38308784        0.05501669
    18     96      2    -1243.38308784        0.05501669
    18     97      2    -1244.26069356        0.05501669
    18     98      2    -1242.78072976        0.05501669
    18     99      2    -1256.48511311        0.05501669
    18    100      2    -1239.67384666        0.05501669
    18    101      2    -1253.08835290        0.05501669
    18    102      2    -1244.50347461        0.05501669
    18    103      2    -1249.44846521        0.05501669
    18    104      2    -1235.94420121        0.05501669
    18    105      2    -1243.55619961        0.05501669
    18    106      2    -1238.83596432        0.05501669
    18    107      2    -1245.11245046        0.05501669
    18    108      2    -1237.68411734        0.05501669
    18    109      2    -1242.95564893        0.05501669
    18    110      2    -1228.28633426        0.05501669
    18    111      2    -1244.88965148        0.05501669
    18    112      2    -1235.13949594        0.05501669
    18    113      2    -1240.52829877        0.05501669
    18    114      2    -1236.15157056        0.05501669
    18    115      2    -1243.65802853        0.05501669
    18    116      2    -1228.00240224        0.05501669
    18    117      2    -1249.66624154        0.05501669
    18    118      2    -1230.05905617        0.05501669
    18    119      2    -1247.50888302        0.05501669
    18    120      2    -1227.77893887        0.05501669
    18    121      2    -1243.78441223        0.05501669
    18    122      2    -1227.02047547        0.05501669
    18    123      2    -1245.09765208        0.05501669
    18    124      2    -1225.35696539        0.05501669
    18    125      2    -1242.48583403        0.05501669
    18    126      2    -1225.84364145        0.05501669
    18    127      2    -1238.11857813        0.05501669
    18    128      2    -1226.98008102        0.05501669
    18    129      2    -1250.01765192        0.05501669
    18    130      2    -1231.92920797        0.05501669
    18    131      2    -1249.24536645        0.05501669
    18    132      2    -1230.34782475        0.05501669
    18    133      2    -1253.05477471        0.05501669
    18    134      2    -1243.39707855        0.05501669
    18    135      2    -1243.38308784        0.05501669
    18    136      2    -1243.38308784        0.05501669
    18    137      2    -1243.38308784        0.05501669
    18    138      2    -1243.38308784        0.05501669
    18    139      2    -1243.38308784        0.05501669
    18    140      2    -1243.38308784        0.05501669
    18    141      2    -1243.38308784        0.05501669
    18    142      2    -1246.63184322        0.05501669
    18    143      2    -1261.66780080        0.05501669
    18    144      2    -1238.26044146        0.05501669
    18    145      2    -1261.93971597        0.05501669
    18    146      2    -1239.65156689        0.05501669
    18    147      2    -1262.14599498        0.05501669
    18    148      2    -1239.46112221        0.05501669
    18    149      2    -1263.27229188        0.05501669
    18    150      2    -1241.63709873        0.05501669
    18    151      2    -1265.44117543        0.05501669
    18    152      2    -1239.96301718        0.05501669
    18    153      2    -1266.86968662        0.05501669
    18    154      2    -1239.56409230        0.05501669
    18    155      2    -1271.54469959        0.05501669
    18    156      2    -1238.94909158        0.05501669
    18    157      2    -1273.36275700        0.05501669
    18    158      2    -1246.03158366        0.05501669
    18    159      2    -1275.14782107        0.05501669
    18    160      2    -1249.96906912        0.05501669
    18    161      2    -1271.17351443        0.05501669
    18    162      2    -1247.32721037        0.05501669
    18    163      2    -1275.10082877        0.05501669
    18    164      2    -1247.50822213        0.05501669
    18    165      2    -1276.61506289        0.05501669
    18    166      2    -1246.41473063        0.05501669
    18    167      2    -1282.18233719        0.05501669
    18    168      2    -1246.87871519        0.05501669
    18    169      2    -1284.14361699        0.05501669
    18    170      2    -1251.96401437        0.05501669
    18    171      2    -1281.74406044        0.05501669
    18    172      2    -1254.56499363        0.05501669
    18    173      2    -1279.49739433        0.05501669
    18    174      2    -1255.97289672        0.05501669
    18    175      2    -1277.04188916        0.05501669
    18    176      2    -1253.62008214        0.05501669
    18    177      2    -1275.85983274        0.05501669
    18    178      2    -1254.56791134        0.05501669
    18    179      2    -1274.29431924        0.05501669
    18    180      2    -1255.06854290        0.05501669
    18    181      2    -1271.68758203        0.05501669
    18    182      2    -1252.25359513        0.05501669
    18    183      2    -1281.31371377        0.05501669
    18    184      2    -1247.50338980        0.05501669
    18    185      2    -1279.35705776        0.05501669
    18    186      2    -1250.18455498        0.05501669
    18    187      2    -1279.01908256        0.05501669
    18    188      2    -1249.09541057        0.05501669
    18    189      2    -1278.62262331        0.05501669
    18    190      2    -1241.80594834        0.05501669
    18    191      2    -1278.66135913        0.05501669
    18    192      2    -1245.31331245        0.05501669
    18    193      2    -1264.65724914        0.05501669
    18    194      2    -1254.63322851        0.05501669
    18    195      2    -1259.59231955        0.05501669
    18    196      2    -1255.92743025        0.05501669
    18    197      2    -1250.43825216        0.05501669
    18    198      2    -1247.38947230        0.05501669
    18    199      2    -1262.90384838        0.05501669
    18    200      2    -1244.20926307        0.05501669
    18    201      2    -1246.37617238        0.05501669
    18    202      2    -1245.98315885        0.05501669
    18    203      2    -1256.29669378        0.05501669
    18    204      2    -1225.81365054        0.05501669
    18    205      2    -1267.62581016        0.05501669
    18    206      2    -1234.49893326        0.05501669
    18    207      2    -1255.47590828        0.05501669
    18    208      2    -1243.01480594        0.05501669
    18    209      2    -1252.00712616        0.05501669
    18    210      2    -1237.69327842        0.05501669
    18    211      2    -1247.21846976        0.05501669
    18    212      2    -1236.13384535        0.05501669
    18    213      2    -1261.71627298        0.05501669
    18    214      2    -1219.28458253        0.05501669
    18    215      2    -1265.01685607        0.05501669
    18    216      2    -1237.75746034        0.05501669
    18    217      2    -1240.93694499        0.05501669
    18    218      2    -1248.20353535        0.05501669
    18    219      2    -1231.46454651        0.05501669
    18    220      2    -1251.47964740        0.05501669
    18    221      2    -1231.90062373        0.05501669
    18    222      2    -1231.15176785        0.05501669
    18    223      2    -1242.22800398        0.05501669
    18    224      2    -1213.89776877        0.05501669
    18    225      2    -1216.67957806        0.05501669
    18    226      2    -1202.91353652        0.05501669
    18    227      2    -1186.48265003        0.05501669
    18    228      2    -1164.88905736        0.05501669
    18    229      2    -1149.42834738        0.05501669
    18    230      2    -1083.95948842        0.05501669
    18    231      2    -1063.60318898        0.05501669
    19      0      2    -1191.91026462        0.05501423
    19      1      2    -1145.02355147        0.05501423
    19      2      2    -1219.58227529        0.05501423
    19      3      2    -1226.54967436        0.05501423
    19      4      2    -1224.23602059        0.05501423
    19      5      2    -1240.15575944        0.05501423
    19      6      2    -1222.85068891        0.05501423
    19      7      2    -1243.94535143        0.05501423
    19      8      2    -1250.22118813        0.05501423
    19      9      2    -1253.17739483        0.05501423
    19     10      2    -1234.16306313        0.05501423
    19     11      2    -1263.61763983        0.05501423
    19     12      2    -1246.49070080        0.05501423
    19     13      2    -1255.00443619        0.05501423
    19     14      2    -1255.82270536        0.05501423
    19     15      2    -1248.56988566        0.05501423
    19     16      2    -1265.16006166        0.05501423
    19     17      2    -1251.76691807        0.05501423
    19     18      2    -1272.17962581        0.05501423
    19     19      2    -1243.76539603        0.05501423
    19     20      2    -1269.89032381        0.05501423
    19     21      2    -1245.73808569        0.05501423
    19     22      2    -1284.86564011        0.05501423
    19     23      2    -1245.96076071        0.05501423
    19     24      2    -1268.47686316        0.05501423
    19     25      2    -1264.95580109        0.05501423
    19     26      2    -1287.77003887        0.05501423
    19     27      2    -1257.75539071        0.05501423
    19     28      2    -1272.41483059        0.05501423
    19     29      2    -1267.21209235        0.05501423
    19     30      2    -1291.13676419        0.05501423
    19     31      2    -1258.65666459        0.05501423
    19     32      2    -1293.02856090        0.05501423
    19     33      2    -1263.70688124        0.05501423
    19     34      2    -1284.55429870        0.05501423
    19     35      2    -1271.86833189        0.05501423
    19     36      2    -1267.37882034        0.05501423
    19     37      2    -1299.00754323        0.05501423
    19     38      2    -1262.00784324        0.05501423
    19     39      2    -1280.77423785        0.05501423
    19     40      2    -1285.76733661        0.05501423
    19     41      2    -1275.85554732        0.05501423
    19     42      2    -1289.21672007        0.05501423
    19     43      2    -1272.32679994        0.05501423
    19     44      2    -1290.88925595        0.05501423
    19     45      2    -1268.97683573        0.05501423
    19     46      2    -1295.18520131        0.05501423
    19     47      2    -1271.01635005        0.05501423
    19     48      2    -1283.31827111        0.05501423
    19     49      2    -1286.72883486        0.05501423
    19     50      2    -1283.39227207        0.05501423
    19     51      2    -1286.35444962        0.05501423
    19     52      2    -1277.14977806        0.05501423
    19     53      2    -1295.11333211        0.05501423
    19     54      2    -1269.15046886        0.05501423
    19     55      2    -1295.51377653        0.05501423
    19     56      2    -1283.61224919        0.05501423
    19     57      2    -1290.60370252        0.05501423
    19     58      2    -1247.06573113        0.05501423
    19     59      2    -1293.42932963        0.05501423
    19     60      2    -1301.45027456        0.05501423
    19     61      2    -1291.87817207        0.05501423
    19     62      2    -1302.05703950        0.05501423
    19     63      2    -1301.06223188        0.05501423
    19     64      2    -1299.59636601        0.05501423
    19     65      2    -1299.77503789        0.05501423
    19     66      2    -1301.83184431        0.05501423
    19     67      2    -1304.08810515        0.05501423
    19     68      2    -1302.85397000        0.05501423
    19     69      2    -1400.71471216        0.05501423
    19     70      2    -1308.88315416        0.05501423
    19     71      2    -1304.53503233        0.05501423
    19     72      2    -1409.72761914        0.05501423
    19     73      2    -1321.05575830        0.05501423
    19     74      2    -1311.90493068        0.05501423
    19     75      2    -1298.66735077        0.05501423
    19     76      2    -1312.36024136        0.05501423
    19     77      2    -1287.46042946        0.05501423
    19     78      2    -1305.25061909        0.05501423
    19     79      2    -1291.70280108        0.05501423
    19     80      2    -1289.06802189        0.05501423
    19     81      2    -1279.73413161        0.05501423
    19     82      2    -1292.16600952        0.05501423
    19     83      2    -1273.02555955        0.05501423
    19     84      2    -1290.78515788        0.05501423
    19     85      2    -1255.54636357        0.05501423
    19     86      2    -1280.74636331        0.05501423
    19     87      2    -1268.36673324        0.05501423
    19     88      2    -1243.21283390        0.05501423
    19     89      2    -1243.21283390        0.05501423
    19     90      2    -1243.21283390        0.05501423
    19     91      2    -1243.21283390        0.05501423
    19     92      2    -1243.21283390        0.05501423
    19     93      2    -1243.21283390        0.05501423
    19     94      2    -1243.21283390        0.05501423
    19     95      2    -1243.21283390        0.05501423
    19     96      2    -1266.94260217        0.05501423
    19     97      2    -1258.40946570        0.05501423
    19     98      2    -1253.09894678        0.05501423
    19     99      2    -1256.44753275        0.05501423
    19    100      2    -1252.72313405        0.05501423
    19    101      2    -1251.87555136        0.05501423
    19    102      2    -1253.39711305        0.05501423
    19    103      2    -1253.11859786        0.05501423
    19    104      2    -1248.99197603        0.05501423
    19    105      2    -1251.68130071        0.05501423
    19    106      2    -1245.79918118        0.05501423
    19    107      2    -1252.40399967        0.05501423
    19    108      2    -1243.20669915        0.05501423
    19    109      2    -1252.38214686        0.05501423
    19    110      2    -1249.15440313        0.05501423
    19    111      2    -1256.94453055        0.05501423
    19    112      2    -1244.26209159        0.05501423
    19    113      2    -1252.42804308        0.05501423
    19    114      2    -1259.10008295        0.05501423
    19    115      2    -1256.24118062        0.05501423
    19    116      2    -1247.67301085        0.05501423
    19    117      2    -1252.30458428        0.05501423
    19    118      2    -1253.08416853        0.05501423
    19    119      2    -1247.47564592        0.05501423
    19    120      2    -1243.87198248        0.05501423
    19    121      2    -1249.29163098        0.05501423
    19    122      2    -1251.72924305        0.05501423
    19    123      2    -1247.14926309        0.05501423
    19    124      2    -1245.53600563        0.05501423
    19    125      2    -1247.57584658        0.05501423
    19    126      2    -1244.22393595        0.05501423
    19    127      2    -1245.85603388        0.05501423
    19    128      2    -1241.78701623        0.05501423
    19    129      2    -1246.75140425        0.05501423
    19    130      2    -1241.82835681        0.05501423
    19    131      2    -1248.22333321        0.05501423
    19    132      2    -1243.98847871        0.05501423
    19    133      2    -1251.89713785        0.05501423
    19    134      2    -1244.08379063        0.05501423
    19    135      2    -1251.99148456        0.05501423
    19    136      2    -1245.37482408        0.05501423
    19    137      2    -1254.31209665        0.05501423
    19    138      2    -1249.02490086        0.05501423
    19    139      2    -1253.78384661        0.05501423
    19    140      2    -1249.83822027        0.05501423
    19    141      2    -1263.33543737        0.05501423
    19    142      2    -1243.21283390        0.05501423
    19    143      2    -1243.21283390        0.05501423
    19    144      2    -1243.21283390        0.05501423
    19    145      2    -1243.21283390        0.05501423
    19    146      2    -1243.21283390        0.05501423
    19    147      2    -1243.21283390        0.05501423
    19    148      2    -1243.21283390        0.05501423
    19    149      2    -1269.99159037        0.05501423
    19    150      2    -1256.50085148        0.05501423
    19    151      2    -1261.98277057        0.05501423
    19    152      2    -1258.34461462        0.05501423
    19    153      2    -1264.17907768        0.05501423
    19    154      2    -1258.86570389        0.05501423
    19    155      2    -1267.23940436        0.05501423
    19    156      2    -1264.79665837        0.05501423
    19    157      2    -1274.28069777        0.05501423
    19    158      2    -1265.29863095        0.05501423
    19    159      2    -1276.94053699        0.05501423
    19    160      2    -1266.05837321        0.05501423
    19    161      2    -1279.07619494        0.05501423
    19    162      2    -1268.93725211        0.05501423
    19    163      2    -1280.34744351        0.05501423
    19    164      2    -1268.34779610        0.05501423
    19    165      2    -1283.78358202        0.05501423
    19    166      2    -1271.76539696        0.05501423
    19    167      2    -1281.59560754        0.05501423
    19    168      2    -1273.10253207        0.05501423
    19    169      2    -1283.97480416        0.05501423
    19    170      2    -1274.64284423        0.05501423
    19    171      2    -1286.60749761        0.05501423
    19    172      2    -1278.40586494        0.05501423
    19    173      2    -1288.08432110        0.05501423
    19    174      2    -1275.89758867        0.05501423
    19    175      2    -1289.10382738        0.05501423
    19    176      2    -1275.97993290        0.05501423
    19    177      2    -1290.28232350        0.05501423
    19    178      2    -1279.10198232        0.05501423
    19    179      2    -1287.61784923        0.05501423
    19    180      2    -1282.09431604        0.05501423
    19    181      2    -1291.10380425        0.05501423
    19    182      2    -1283.61683283        0.05501423
    19    183      2    -1286.52844468        0.05501423
    19    184      2    -1287.59391648        0.05501423
    19    185      2    -1282.53166807        0.05501423
    19    186      2    -1286.18679667        0.05501423
    19    187      2    -1287.25121014        0.05501423
    19    188      2    -1284.58053297        0.05501423
    19    189      2    -1286.43884097        0.05501423
    19    190      2    -1291.10833484        0.05501423
    19    191      2    -1275.55957346        0.05501423
    19    192      2    -1297.27235729        0.05501423
    19    193      2    -1274.91202385        0.05501423
    19    194      2    -1290.09521140        0.05501423
    19    195      2    -1277.09456676        0.05501423
    19    196      2    -1287.40367937        0.05501423
    19    197      2    -1277.69548040        0.05501423
    19    198      2    -1273.76323250        0.05501423
    19    199      2    -1282.23097908        0.05501423
    19    200      2    -1271.02330792        0.05501423
    19    201      2    -1277.55335230        0.05501423
    19    202      2    -1268.28057389        0.05501423
    19    203      2    -1268.52054833        0.05501423
    19    204      2    -1272.93704596        0.05501423
    19    205      2    -1262.99056808        0.05501423
    19    206      2    -1266.62035954        0.05501423
    19    207      2    -1257.00992421        0.05501423
    19    208      2    -1270.14997632        0.05501423
    19    209      2    -1241.45323350        0.05501423
    19    210      2    -1262.05823653        0.05501423
    19    211      2    -1247.54266188        0.05501423
    19    212      2    -1257.48439004        0.05501423
    19    213      2    -1251.37775469        0.05501423
    19    214      2    -1265.64369135        0.05501423
    19    215      2    -1247.79921813        0.05501423
    19    216      2    -1262.43024884        0.05501423
    19    217      2    -1240.26581029        0.05501423
    19    218      2    -1263.37801417        0.05501423
    19    219      2    -1244.30513427        0.05501423
    19    220      2    -1251.42860135        0.05501423
    19    221      2    -1240.10240502        0.05501423
    19    222      2    -1250.18189747        0.05501423
    19    223      2    -1245.80839779        0.05501423
    19    224      2    -1247.89609768        0.05501423
    19    225      2    -1251.96677290        0.05501423
    19    226      2    -1249.82691275        0.05501423
    19    227      2    -1238.43684053        0.05501423
    19    228      2    -1264.32643334        0.05501423
    19    229      2    -1238.88190267        0.05501423
    19    230      2    -1239.14879783        0.05501423
    19    231      2    -1236.78974783        0.05501423
    19    232      2    -1247.79836425        0.05501423
    19    233      2    -1210.68295552        0.05501423
    19    234      2    -1217.45545754        0.05501423
    19    235      2    -1208.13268186        0.05501423
    19    236      2    -1170.68066113        0.05501423
    19    237      2    -1143.83563697        0.05501423
    20      0      2    -1204.43985348        0.05501380
    20      1      2    -1216.98892269        0.05501380
    20      2      2    -1225.36930181        0.05501380
    20      3      2    -1239.08967236        0.05501380
    20      4      2    -1224.73028024        0.05501380
    20      5      2    -1241.43545552        0.05501380
    20      6      2    -1251.56330517        0.05501380
    20      7      2    -1219.90349236        0.05501380
    20      8      2    -1270.58835245        0.05501380
    20      9      2    -1231.67724003        0.05501380
    20     10      2    -1245.07689412        0.05501380
    20     11      2    -1249.86388529        0.05501380
    20     12      2    -1261.66306193        0.05501380
    20     13      2    -1247.99456521        0.05501380
    20     14      2    -1261.79658270        0.05501380
    20     15      2    -1251.58273403        0.05501380
    20     16      2    -1254.40757172        0.05501380
    20     17      2    -1269.26949698        0.05501380
    20     18      2    -1259.44436287        0.05501380
    20     19      2    -1247.56246695        0.05501380
    20     20      2    -1278.00071887        0.05501380
    20     21      2    -1246.09963469        0.05501380
    20     22      2    -1275.36307588        0.05501380
    20     23      2    -1247.33386845        0.05501380
    20     24      2    -1279.71158958        0.05501380
    20     25      2    -1254.87118165        0.05501380
    20     26      2    -1265.16191197        0.05501380
    20     27      2    -1264.66362289        0.05501380
    20     28      2    -1274.90425602        0.05501380
    20     29      2    -1265.07039789        0.05501380
    20     30      2    -1278.48984327        0.05501380
    20     31      2    -1266.13319477        0.05501380
    20     32      2    -1279.11722146        0.05501380
    20     33      2    -1267.58315766        0.05501380
    20     34      2    -1284.62098143        0.05501380
    20     35      2    -1263.20967390        0.05501380
    20     36      2    -1285.89083985        0.05501380
    20     37      2    -1262.94618940        0.05501380
    20     38      2    -1288.71301041        0.05501380
    20     39      2    -1260.01482833        0.05501380
    20     40      2    -1283.28125050        0.05501380
    20     41      2    -1272.78757820        0.05501380
    20     42      2    -1276.27371971        0.05501380
    20     43      2    -1267.51723584        0.05501380
    20     44      2    -1277.59581624        0.05501380
    20     45      2    -1266.14208535        0.05501380
    20     46      2    -1281.78623990        0.05501380
    20     47      2    -1273.00442423        0.05501380
    20     48      2    -1286.41116544        0.05501380
    20     49      2    -1260.37627619        0.05501380
    20     50      2    -1290.18239983        0.05501380
    20     51      2    -1278.90730621        0.05501380
    20     52      2    -1286.85966279        0.05501380
    20     53      2    -1276.59764975        0.05501380
    20     54      2    -1294.66800430        0.05501380
    20     55      2    -1270.82318430        0.05501380
    20     56      2    -1300.03860551        0.05501380
    20     57      2    -1295.49493839        0.05501380
    20     58      2    -1289.49287848        0.05501380
    20     59      2    -1289.56142262        0.05501380
    20     60      2    -1293.77700828        0.05501380
    20     61      2    -1295.59637285        0.05501380
    20     62      2    -1300.11821492        0.05501380
    20     63      2    -1296.95727114        0.05501380
    20     64      2    -1287.23822279        0.05501380
    20     65      2    -1289.37071537        0.05501380
    20     66      2    -1318.67934925        0.05501380
    20     67      2    -1264.33874965        0.05501380
    20     68      2    -1319.34703446        0.05501380
    20     69      2    -1289.75532616        0.05501380
    20     70      2    -1411.93674496        0.05501380
    20     71      2    -1295.88130355        0.05501380
    20     72      2    -1309.29875120        0.05501380
    20     73      2    -1301.53919029        0.05501380
    20     74      2    -1321.26419890        0.05501380
    20     75      2    -1277.20251886        0.05501380
    20     76      2    -1387.50661785        0.05501380
    20     77      2    -1275.61327853        0.05501380
    20     78      2    -1284.57605150        0.05501380
    20     79      2    -1328.56778737        0.05501380
    20     80      2    -1267.96253555        0.05501380
    20     81      2    -1276.40265312        0.05501380
    20     82      2    -1295.77220162        0.05501380
    20     83      2    -1265.24226336        0.05501380
    20     84      2    -1286.04624078        0.05501380
    20     85      2    -1256.05976676        0.05501380
    20     86      2    -1278.71255954        0.05501380
    20     87      2    -1222.39838846        0.05501380
    20     88      2    -1222.39838846        0.05501380
    20     89      2    -1222.39838846        0.05501380
    20     90      2    -1222.39838846        0.05501380
    20     91      2    -1222.39838846        0.05501380
    20     92      2    -1222.39838846        0.05501380
    20     93      2    -1222.39838846        0.05501380
    20     94      2    -1222.39838846        0.05501380
    20     95      2    -1222.39838846        0.05501380
    20     96      2    -1265.59761141        0.05501380
    20     97      2    -1232.41818953        0.05501380
    20     98      2    -1264.08510013        0.05501380
    20     99      2    -1237.12528138        0.05501380
    20    100      2    -1256.45183154        0.05501380
    20    101      2    -1238.07258904        0.05501380
    20    102      2    -1254.07419114        0.05501380
    20    103      2    -1234.41213321        0.05501380
    20    104      2    -1253.83398399        0.05501380
    20    105      2    -1228.54792007        0.05501380
    20    106      2    -1251.65904417        0.05501380
    20    107      2    -1229.20514316        0.05501380
    20    108      2    -1250.69367318        0.05501380
    20    109      2    -1221.61263680        0.05501380
    20    110      2    -1252.15086940        0.05501380
    20    111      2    -1222.62859191        0.05501380
    20    112      2    -1248.21324201        0.05501380
    20    113      2    -1224.36946539        0.05501380
    20    114      2    -1248.30231375        0.05501380
    20    115      2    -1223.35472840        0.05501380
    20    116      2    -1246.95631780        0.05501380
    20    117      2    -1239.73077282        0.05501380
    20    118      2    -1265.51021294        0.05501380
    20    119      2    -1231.94986869        0.05501380
    20    120      2    -1250.20756751        0.05501380
    20    121      2    -1230.45202152        0.05501380
    20    122      2    -1257.36990144        0.05501380
    20    123      2    -1248.24684586        0.05501380
    20    124      2    -1255.08597607        0.05501380
    20    125      2    -1247.81705689        0.05501380
    20    126      2    -1254.82853574        0.05501380
    20    127      2    -1246.62915717        0.05501380
    20    128      2    -1254.74067371        0.05501380
    20    129      2    -1250.10144490        0.05501380
    20    130      2    -1256.35231626        0.05501380
    20    131      2    -1250.35760091        0.05501380
    20    132      2    -1258.36766069        0.05501380
    20    133      2    -1250.01184820        0.05501380
    20    134      2    -1255.79948443        0.05501380
    20    135      2    -1250.50965933        0.05501380
    20    136      2    -1257.21299369        0.05501380
    20    137      2    -1259.94213651        0.05501380
    20    138      2    -1263.99637299        0.05501380
    20    139      2    -1264.00647081        0.05501380
    20    140      2    -1265.53482546        0.05501380
    20    141      2    -1264.65351647        0.05501380
    20    142      2    -1266.13651924        0.05501380
    20    143      2    -1265.05849284        0.05501380
    20    144      2    -1265.82741160        0.05501380
    20    145      2    -1265.50007433        0.05501380
    20    146      2    -1267.41960950        0.05501380
    20    147      2    -1264.54427769        0.05501380
    20    148      2    -1293.51609231        0.05501380
    20    149      2    -1222.39838846        0.05501380
    20    150      2    -1222.39838846        0.05501380
    20    151      2    -1222.39838846        0.05501380
    20    152      2    -1222.39838846        0.05501380
    20    153      2    -1222.39838846        0.05501380
    20    154      2    -1222.39838846        0.05501380
    20    155      2    -1222.39838846        0.05501380
    20    156      2    -1288.29026104        0.05501380
    20    157      2    -1272.17043812        0.05501380
    20    158      2    -1275.41878378        0.05501380
    20    159      2    -1276.98440173        0.05501380
    20    160      2    -1278.19004164        0.05501380
    20    161      2    -1279.45914689        0.05501380
    20    162      2    -1281.48750695        0.05501380
    20    163      2    -1279.87105693        0.05501380
    20    164      2    -1282.20269619        0.05501380
    20    165      2    -1275.54056408        0.05501380
    20    166      2    -1283.46059164        0.05501380
    20    167      2    -1279.18149701        0.05501380
    20    168      2    -1285.68493864        0.05501380
    20    169      2    -1281.76975020        0.05501380
    20    170      2    -1290.47212352        0.05501380
    20    171      2    -1277.27489385        0.05501380
    20    172      2    -1288.00661122        0.05501380
    20    173      2    -1279.24592434        0.05501380
    20    174      2    -1283.89179125        0.05501380
    20    175      2    -1287.38301966        0.05501380
    20    176      2    -1282.08946365        0.05501380
    20    177      2    -1290.66708475        0.05501380
    20    178      2    -1286.49318688        0.05501380
    20    179      2    -1291.45920186        0.05501380
    20    180      2    -1288.16552246        0.05501380
    20    181      2    -1292.51136200        0.05501380
    20    182      2    -1295.50712265        0.05501380
    20    183      2    -1296.28319090        0.05501380
    20    184      2    -1288.60245570        0.05501380
    20    185      2    -1297.10822024        0.05501380
    20    186      2    -1288.67896829        0.05501380
    20    187      2    -1290.28399585        0.05501380
    20    188      2    -1294.66215812        0.05501380
    20    189      2    -1286.58356109        0.05501380
    20    190      2    -1293.35639363        0.05501380
    20    191      2    -1288.41091133        0.05501380
    20    192      2    -1291.81683972        0.05501380
    20    193      2    -1290.19323340        0.05501380
    20    194      2    -1286.75864299        0.05501380
    20    195      2    -1291.60772788        0.05501380
    20    196      2    -1290.21779791        0.05501380
    20    197      2    -1289.06824042        0.05501380
    20    198      2    -1279.24950371        0.05501380
    20    199      2    -1281.20059067        0.05501380
    20    200      2    -1282.97108845        0.05501380
    20    201      2    -1284.56973251        0.05501380
    20    202      2    -1278.18119904        0.05501380
    20    203      2    -1276.62550775        0.05501380
    20    204      2    -1284.19150303        0.05501380
    20    205      2    -1268.51153863        0.05501380
    20    206      2    -1281.25253142        0.05501380
    20    207      2    -1266.17632914        0.05501380
    20    208      2    -1271.76377160        0.05501380
    20    209      2    -1263.96720319        0.05501380
    20    210      2    -1275.70433094        0.05501380
    20    211      2    -1258.30572200        0.05501380
    20    212      2    -1268.04623336        0.05501380
    20    213      2    -1256.27257957        0.05501380
    20    214      2    -1259.80586717        0.05501380
    20    215      2    -1253.47795357        0.05501380
    20    216      2    -1255.58661761        0.05501380
    20    217      2    -1237.18623336        0.05501380
    20    218      2    -1254.14972366        0.05501380
    20    219      2    -1241.32462717        0.05501380
    20    220      2    -1240.16042933        0.05501380
    20    221      2    -1222.68799241        0.05501380
    20    222      2    -1258.66573603        0.05501380
    20    223      2    -1194.82564706        0.05501380
    20    224      2    -1249.14826691        0.05501380
    20    225      2    -1205.87760229        0.05501380
    20    226      2    -1207.39744576        0.05501380
    20    227      2    -1220.44443819        0.05501380
    20    228      2    -1219.57419712        0.05501380
    20    229      2    -1203.50145161        0.05501380
    20    230      2    -1202.63348766        0.05501380
    20    231      2    -1230.48093329        0.05501380
    20    232      2    -1216.85376790        0.05501380
    20    233      2    -1240.37932559        0.05501380
    20    234      2    -1207.90919575        0.05501380
    20    235      2    -1216.59475099        0.05501380
    20    236      2    -1210.41075140        0.05501380
    20    237      2    -1217.43087682        0.05501380
    20    238      2    -1210.69520849        0.05501380
    20    239      2    -1187.56088769        0.05501380
    20    240      2    -1214.89882135        0.05501380
    20    241      2    -1156.14066283        0.05501380
    20    242      2    -1154.04231262        0.05501380
    20    243      2    -1140.61222195        0.05501380
    21      0      2    -1243.79001759        0.05505944
    21      1      2    -1271.76642907        0.05505944
    21      2      2    -1250.64904758        0.05505944
    21      3      2    -1276.72795739        0.05505944
    21      4      2    -1261.56681199        0.05505944
    21      5      2    -1267.77574291        0.05505944
    21      6      2    -1265.76087334        0.05505944
    21      7      2    -1270.09749018        0.05505944
    21      8      2    -1273.90262857        0.05505944
    21      9      2    -1276.54486222        0.05505944
    21     10      2    -1267.85918363        0.05505944
    21     11      2    -1272.39253530        0.05505944
    21     12      2    -1276.49618940        0.05505944
    21     13      2    -1269.53044889        0.05505944
    21     14      2    -1277.26534353        0.05505944
    21     15      2    -1276.68797980        0.05505944
    21     16      2    -1280.58990132        0.05505944
    21     17      2    -1276.37351733        0.05505944
    21     18      2    -1282.92546084        0.05505944
    21     19      2    -1281.96622512        0.05505944
    21     20      2    -1277.65843439        0.05505944
    21     21      2    -1292.10730539        0.05505944
    21     22      2    -1281.20986642        0.05505944
    21     23      2    -1289.68463147        0.05505944
    21     24      2    -1284.57242117        0.05505944
    21     25      2    -1281.38647912        0.05505944
    21     26      2    -1298.35294569        0.05505944
    21     27      2    -1274.09024259        0.05505944
    21     28      2    -1295.97338485        0.05505944
    21     29      2    -1285.41388871        0.05505944
    21     30      2    -1293.63549205        0.05505944
    21     31      2    -1286.60957132        0.05505944
    21     32      2    -1280.00312453        0.05505944
    21     33      2    -1290.28645953        0.05505944
    21     34      2    -1288.74947939        0.05505944
    21     35      2    -1285.31698396        0.05505944
    21     36      2    -1296.38986390        0.05505944
    21     37      2    -1281.77435100        0.05505944
    21     38      2    -1289.18875294        0.05505944
    21     39      2    -1275.89924060        0.05505944
    21     40      2    -1285.77254948        0.05505944
    21     41      2    -1289.09737497        0.05505944
    21     42      2    -1288.64990467        0.05505944
    21     43      2    -1284.63230595        0.05505944
    21     44      2    -1296.16860222        0.05505944
    21     45      2    -1285.66544433        0.05505944
    21     46      2    -1300.41025594        0.05505944
    21     47      2    -1283.21342890        0.05505944
    21     48      2    -1269.60032920        0.05505944
    21     49      2    -1311.92879688        0.05505944
    21     50      2    -1292.35138805        0.05505944
    21     51      2    -1302.96365625        0.05505944
    21     52      2    -1316.89128036        0.05505944
    21     53      2    -1298.51086551        0.05505944
    21     54      2    -1312.17932878        0.05505944
    21     55      2    -1299.29125192        0.05505944
    21     56      2    -1316.13341270        0.05505944
    21     57      2    -1301.30611175        0.05505944
    21     58      2    -1323.17850606        0.05505944
    21     59      2    -1308.77751782        0.05505944
    21     60      2    -1321.39064121        0.05505944
    21     61      2    -1321.56204615        0.05505944
    21     62      2    -1309.10956721        0.05505944
    21     63      2    -1333.04071397        0.05505944
    21     64      2    -1408.98724313        0.05505944
    21     65      2    -1332.00009399        0.05505944
    21     66      2    -1317.02277053        0.05505944
    21     67      2    -1291.80616726        0.05505944
    21     68      2    -1353.72937212        0.05505944
    21     69      2    -1323.12929303        0.05505944
    21     70      2    -1281.75079095        0.05505944
    21     71      2    -1298.90044654        0.05505944
    21     72      2    -1323.96729938        0.05505944
    21     73      2    -1294.78643115        0.05505944
    21     74      2    -1303.67612916        0.05505944
    21     75      2    -1291.58406039        0.05505944
    21     76      2    -1282.10909537        0.05505944
    21     77      2    -1284.90561966        0.05505944
    21     78      2    -1259.54546362        0.05505944
    21     79      2    -1223.20085058        0.05505944
    21     80      2    -1223.20085058        0.05505944
    21     81      2    -1223.20085058        0.05505944
    21     82      2    -1223.20085058        0.05505944
    21     83      2    -1223.20085058        0.05505944
    21     84      2    -1223.20085058        0.05505944
    21     85      2    -1266.64772139        0.05505944
    21     86      2    -1266.82295299        0.05505944
    21     87      2    -1266.97941389        0.05505944
    21     88      2    -1265.69839553        0.05505944
    21     89      2    -1269.22110594        0.05505944
    21     90      2    -1265.58505570        0.05505944
    21     91      2    -1265.38298748        0.05505944
    21     92      2    -1269.26332710        0.05505944
    21     93      2    -1259.71593174        0.05505944
    21     94      2    -1259.34702005        0.05505944
    21     95      2    -1263.39629340        0.05505944
    21     96      2    -1257.54672179        0.05505944
    21     97      2    -1261.23095898        0.05505944
    21     98      2    -1254.33225767        0.05505944
    21     99      2    -1258.94669527        0.05505944
    21    100      2    -1253.31196236        0.05505944
    21    101      2    -1256.11513205        0.05505944
    21    102      2    -1252.11368079        0.05505944
    21    103      2    -1254.66502277        0.05505944
    21    104      2    -1251.47806901        0.05505944
    21    105      2    -1250.54018477        0.05505944
    21    106      2    -1256.95297565        0.05505944
    21    107      2    -1252.09770845        0.05505944
    21    108      2    -1260.09913537        0.05505944
    21    109      2    -1250.72214450        0.05505944
    21    110      2    -1248.77726107        0.05505944
    21    111      2    -1256.07459642        0.05505944
    21    112      2    -1242.95085253        0.05505944
    21    113      2    -1246.98328281        0.05505944
    21    114      2    -1247.89172162        0.05505944
    21    115      2    -1246.61372455        0.05505944
    21    116      2    -1248.92536345        0.05505944
    21    117      2    -1236.42168040        0.05505944
    21    118      2    -1250.68078420        0.05505944
    21    119      2    -1241.15987234        0.05505944
    21    120      2    -1249.44088664        0.05505944
    21    121      2    -1239.17350056        0.05505944
    21    122      2    -1249.46615663        0.05505944
    21    123      2    -1243.36671438        0.05505944
    21    124      2    -1246.69004339        0.05505944
    21    125      2    -1240.69198339        0.05505944
    21    126      2    -1249.80053342        0.05505944
    21    127      2    -1245.31850978        0.05505944
    21    128      2    -1254.48347371        0.05505944
    21    129      2    -1250.54748827        0.05505944
    21    130      2    -1259.90762875        0.05505944
    21    131      2    -1251.89589774        0.05505944
    21    132      2    -1267.45216214        0.05505944
    21    133      2    -1259.92740714        0.05505944
    21    134      2    -1268.86837778        0.05505944
    21    135      2    -1261.40285163        0.05505944
    21    136      2    -1269.78570101        0.05505944
    21    137      2    -1263.76301114        0.05505944
    21    138      2    -1269.77498156        0.05505944
    21    139      2    -1259.31812231        0.05505944
    21    140      2    -1269.24788349        0.05505944
    21    141      2    -1261.91433526        0.05505944
    21    142      2    -1271.11010764        0.05505944
    21    143      2    -1263.43292697        0.05505944
    21    144      2    -1271.22218411        0.05505944
    21    145      2    -1265.82444412        0.05505944
    21    146      2    -1016.94836126        0.05505944
    21    147      2    -1223.20085058        0.05505944
    21    148      2    -1223.20085058        0.05505944
    21    149      2    -1223.20085058        0.05505944
    21    150      2    -1223.20085058        0.05505944
    21    151      2    -1223.20085058        0.05505944
    21    152      2    -1223.20085058        0.05505944
    21    153      2    -1255.39176821        0.05505944
    21    154      2    -1280.10025057        0.05505944
    21    155      2    -1273.18552943        0.05505944
    21    156      2    -1284.66125413        0.05505944
    21    157      2    -1279.68763815        0.05505944
    21    158      2    -1289.96156340        0.05505944
    21    159      2    -1277.74408171        0.05505944
    21    160      2    -1291.96559080        0.05505944
    21    161      2    -1282.44329633        0.05505944
    21    162      2    -1294.30270522        0.05505944
    21    163      2    -1282.84700451        0.05505944
    21    164      2    -1295.68480279        0.05505944
    21    165      2    -1288.96563643        0.05505944
    21    166      2    -1301.76624029        0.05505944
    21    167      2    -1287.27581565        0.05505944
    21    168      2    -1299.92929985        0.05505944
    21    169      2    -1287.54035029        0.05505944
    21    170      2    -1295.96603073        0.05505944
    21    171      2    -1289.89767408        0.05505944
    21    172      2    -1301.14493998        0.05505944
    21    173      2    -1286.99835076        0.05505944
    21    174      2    -1303.74040308        0.05505944
    21    175      2    -1293.26934868        0.05505944
    21    176      2    -1300.89679630        0.05505944
    21    177      2    -1292.38997482        0.05505944
    21    178      2    -1304.08485180        0.05505944
    21    179      2    -1302.18045662        0.05505944
    21    180      2    -1304.17430256        0.05505944
    21    181      2    -1293.28941980        0.05505944
    21    182      2    -1302.20673396        0.05505944
    21    183      2    -1293.30783667        0.05505944
    21    184      2    -1298.59718691        0.05505944
    21    185      2    -1299.30352238        0.05505944
    21    186      2    -1294.90554050        0.05505944
    21    187      2    -1302.22778181        0.05505944
    21    188      2    -1295.34577008        0.05505944
    21    189      2    -1299.65142591        0.05505944
    21    190      2    -1296.98161281        0.05505944
    21    191      2    -1296.21981523        0.05505944
    21    192      2    -1307.05447730        0.05505944
    21    193      2    -1282.36651283        0.05505944
    21    194      2    -1304.39308455        0.05505944
    21    195      2    -1287.01275489        0.05505944
    21    196      2    -1300.97391771        0.05505944
    21    197      2    -1290.96469985        0.05505944
    21    198      2    -1293.35216355        0.05505944
    21    199      2    -1274.56966607        0.05505944
    21    200      2    -1298.27924501        0.05505944
    21    201      2    -1268.94241473        0.05505944
    21    202      2    -1279.99369799        0.05505944
    21    203      2    -1271.30807432        0.05505944
    21    204      2    -1280.28633860        0.05505944
    21    205      2    -1250.89907521        0.05505944
    21    206      2    -1285.71138149        0.05505944
    21    207      2    -1246.39514390        0.05505944
    21    208      2    -1265.43417087        0.05505944
    21    209      2    -1241.78477037        0.05505944
    21    210      2    -1250.49751238        0.05505944
    21    211      2    -1237.50229213        0.05505944
    21    212      2    -1236.73644707        0.05505944
    21    213      2    -1216.17100068        0.05505944
    21    214      2    -1216.02463862        0.05505944
    21    215      2    -1202.46320541        0.05505944
    21    216      2    -1196.94564437        0.05505944
    21    217      2    -1166.61017285        0.05505944
    21    218      2    -1171.00998861        0.05505944
    21    219      2    -1155.88659034        0.05505944
    21    220      2    -1151.25103987        0.05505944
    21    221      2    -1141.03896269        0.05505944
    21    222      2    -1129.10603502        0.05505944
    21    223      2    -1185.68443662        0.05505944
    21    224      2    -1097.54088149        0.05505944
    21    225      2    -1112.49761299        0.05505944
    21    226      2    -1085.97081982        0.05505944
    21    227      2    -1097.38865502        0.05505944
    21    228      2    -1087.31667184        0.05505944
    21    229      2    -1045.43917342        0.05505944
    21    230      2    -1009.49290573        0.05505944
    21    231      2    -1086.72582096        0.05505944
    22      0      2    -1231.85988597        0.05503998
    22      1      2    -1235.82996969        0.05503998
    22      2      2    -1246.55064755        0.05503998
    22      3      2    -1224.72058874        0.05503998
    22      4      2    -1247.12036142        0.05503998
    22      5      2    -1221.72720035        0.05503998
    22      6      2    -1229.27140532        0.05503998
    22      7      2    -1241.31325406        0.05503998
    22      8      2    -1232.84801630        0.05503998
    22      9      2    -1240.19990008        0.05503998
    22     10      2    -1247.57446546        0.05503998
    22     11      2    -1242.53161436        0.05503998
    22     12      2    -1250.66333389        0.05503998
    22     13      2    -1240.86842706        0.05503998
    22     14      2    -1249.01210432        0.05503998
    22     15      2    -1251.86779982        0.05503998
    22     16      2    -1248.65779810        0.05503998
    22     17      2    -1253.57039250        0.05503998
    22     18      2    -1247.21476595        0.05503998
    22     19      2    -1250.53731797        0.05503998
    22     20      2    -1250.36295276        0.05503998
    22     21      2    -1256.35404111        0.05503998
    22     22      2    -1256.54844447        0.05503998
    22     23      2    -1225.89704080        0.05503998
    22     24      2    -1277.13323900        0.05503998
    22     25      2    -1231.70659827        0.05503998
    22     26      2    -1268.30426211        0.05503998
    22     27      2    -1247.52307418        0.05503998
    22     28      2    -1250.26832502        0.05503998
    22     29      2    -1256.91596178        0.05503998
    22     30      2    -1251.68845966        0.05503998
    22     31      2    -1252.57944695        0.05503998
    22     32      2    -1257.96649921        0.05503998
    22     33      2    -1241.92320882        0.05503998
    22     34      2    -1260.13153419        0.05503998
    22     35      2    -1250.80675805        0.05503998
    22     36      2    -1259.10623473        0.05503998
    22     37      2    -1207.04344616        0.05503998
    22     38      2    -1257.72282033        0.05503998
    22     39      2    -1257.29984067        0.05503998
    22     40      2    -1265.44839135        0.05503998
    22     41      2    -1262.05863120        0.05503998
    22     42      2    -1276.03150633        0.05503998
    22     43      2    -1257.78441334        0.05503998
    22     44      2    -1292.15124592        0.05503998
    22     45      2    -1272.67390077        0.05503998
    22     46      2    -1268.57930874        0.05503998
    22     47      2    -1261.01238801        0.05503998
    22     48      2    -1290.93271738        0.05503998
    22     49      2    -1257.33255317        0.05503998
    22     50      2    -1285.12846255        0.05503998
    22     51      2    -1269.41894560        0.05503998
    22     52      2    -1292.58029456        0.05503998
    22     53      2    -1274.17270146        0.05503998
    22     54      2    -1343.52228880        0.05503998
    22     55      2    -1271.97588639        0.05503998
    22     56      2    -1266.80362970        0.05503998
    22     57      2    -1292.35274366        0.05503998
    22     58      2    -1275.82673687        0.05503998
    22     59      2    -1294.53475237        0.05503998
    22     60      2    -1256.18417505        0.05503998
    22     61      2    -1294.09599403        0.05503998
    22     62      2    -1257.75744256        0.05503998
    22     63      2    -1274.54133772        0.05503998
    22     64      2    -1257.14248844        0.05503998
    22     65      2    -1255.95956299        0.05503998
    22     66      2    -1244.29813913        0.05503998
    22     67      2    -1224.38789394        0.05503998
    22     68      2    -1224.38789394        0.05503998
    22     69      2    -1224.38789394        0.05503998
    22     70      2    -1224.38789394        0.05503998
    22     71      2    -1224.38789394        0.05503998
    22     72      2    -1224.38789394        0.05503998
    22     73      2    -1224.38789394        0.05503998
    22     74      2    -1223.86903460        0.05503998
    22     75      2    -1244.22907030        0.05503998
    22     76      2    -1233.23979466        0.05503998
    22     77      2    -1230.72203694        0.05503998
    22     78      2    -1231.86985358        0.05503998
    22     79      2    -1227.55646820        0.05503998
    22     80      2    -1228.11055662        0.05503998
    22     81      2    -1225.66612025        0.05503998
    22     82      2    -1221.24858726        0.05503998
    22     83      2    -1222.60340402        0.05503998
    22     84      2    -1219.44402773        0.05503998
    22     85      2    -1215.97279523        0.05503998
    22     86      2    -1219.87100433        0.05503998
    22     87      2    -1217.63295171        0.05503998
    22     88      2    -1213.28148862        0.05503998
    22     89      2    -1217.45361419        0.05503998
    22     90      2    -1211.34673647        0.05503998
    22     91      2    -1216.11727625        0.05503998
    22     92      2    -1211.48179166        0.05503998
    22     93      2    -1210.02948326        0.05503998
    22     94      2    -1202.65805689        0.05503998
    22     95      2    -1209.08681809        0.05503998
    22     96      2    -1203.88781531        0.05503998
    22     97      2    -1206.98750149        0.05503998
    22     98      2    -1205.08792949        0.05503998
    22     99      2    -1210.68728713        0.05503998
    22    100      2    -1205.01055514        0.05503998
    22    101      2    -1209.54203717        0.05503998
    22    102      2    -1203.97756073        0.05503998
    22    103      2    -1192.16851324        0.05503998
    22    104      2    -1193.11082367        0.05503998
    22    105      2    -1205.18154141        0.05503998
    22    106      2    -1206.38974797        0.05503998
    22    107      2    -1215.93436616        0.05503998
    22    108      2    -1207.82235103        0.05503998
    22    109      2    -1226.12294769        0.05503998
    22    110      2    -1207.26223849        0.05503998
    22    111      2    -1222.22238670        0.05503998
    22    112      2    -1207.76267310        0.05503998
    22    113      2    -1218.73456690        0.05503998
    22    114      2    -1204.15273233        0.05503998
    22    115      2    -1223.84768140        0.05503998
    22    116      2    -1207.52924307        0.05503998
    22    117      2    -1220.61751320        0.05503998
    22    118      2    -1205.04522712        0.05503998
    22    119      2    -1220.18512344        0.05503998
    22    120      2    -1206.58743163        0.05503998
    22    121      2    -1225.25878753        0.05503998
    22    122      2    -1213.38363937        0.05503998
    22    123      2    -1228.35581724        0.05503998
    22    124      2    -1216.85713055        0.05503998
    22    125      2    -1232.20511910        0.05503998
    22    126      2    -1222.81735996        0.05503998
    22    127      2    -1236.99739079        0.05503998
    22    128      2    -1227.60088889        0.05503998
    22    129      2    -1239.05565708        0.05503998
    22    130      2    -1231.41788750        0.05503998
    22    131      2    -1238.55737787        0.05503998
    22    132      2    -1232.63399818        0.05503998
    22    133      2    -1241.08039788        0.05503998
    22    134      2    -1235.62675395        0.05503998
    22    135      2    -1241.45639263        0.05503998
    22    136      2    -1232.41960577        0.05503998
    22    137      2    -1240.17858675        0.05503998
    22    138      2    -1232.26300019        0.05503998
    22    139      2    -1239.39755734        0.05503998
    22    140      2    -1232.88666364        0.05503998
    22    141      2    -1231.07149140        0.05503998
    22    142      2    -1230.90857655        0.05503998
    22    143      2    -1198.81613191        0.05503998
    22    144      2    -1224.38789394        0.05503998
    22    145      2    -1224.38789394        0.05503998
    22    146      2    -1224.38789394        0.05503998
    22    147      2    -1224.38789394        0.05503998
    22    148      2    -1224.38789394        0.05503998
    22    149      2    -1224.38789394        0.05503998
    22    150      2    -1237.89163575        0.05503998
    22    151      2    -1239.92419031        0.05503998
    22    152      2    -1238.11704004        0.05503998
    22    153      2    -1241.50561020        0.05503998
    22    154      2    -1242.31534706        0.05503998
    22    155      2    -1245.93559272        0.05503998
    22    156      2    -1244.25659481        0.05503998
    22    157      2    -1251.87589452        0.05503998
    22    158      2    -1246.10675094        0.05503998
    22    159      2    -1255.68054116        0.05503998
    22    160      2    -1248.59553464        0.05503998
    22    161      2    -1254.55631835        0.05503998
    22    162      2    -1245.57462198        0.05503998
    22    163      2    -1256.38974665        0.05503998
    22    164      2    -1250.89152608        0.05503998
    22    165      2    -1254.17310987        0.05503998
    22    166      2    -1249.75432827        0.05503998
    22    167      2    -1256.20132483        0.05503998
    22    168      2    -1251.55740887        0.05503998
    22    169      2    -1260.95601017        0.05503998
    22    170      2    -1254.02978452        0.05503998
    22    171      2    -1258.83590712        0.05503998
    22    172      2    -1257.09396416        0.05503998
    22    173      2    -1263.45264244        0.05503998
    22    174      2    -1254.69262462        0.05503998
    22    175      2    -1267.35087831        0.05503998
    22    176      2    -1255.42671291        0.05503998
    22    177      2    -1264.26752883        0.05503998
    22    178      2    -1255.71015538        0.05503998
    22    179      2    -1262.53356472        0.05503998
    22    180      2    -1260.45598385        0.05503998
    22    181      2    -1261.52605141        0.05503998
    22    182      2    -1254.66473077        0.05503998
    22    183      2    -1262.61564920        0.05503998
    22    184      2    -1261.35472199        0.05503998
    22    185      2    -1253.78861283        0.05503998
    22    186      2    -1260.29593499        0.05503998
    22    187      2    -1259.50835176        0.05503998
    22    188      2    -1242.05487384        0.05503998
    22    189      2    -1269.35769133        0.05503998
    22    190      2    -1246.54210518        0.05503998
    22    191      2    -1256.05161914        0.05503998
    22    192      2    -1241.68826940        0.05503998
    22    193      2    -1262.64542229        0.05503998
    22    194      2    -1235.59954545        0.05503998
    22    195      2    -1249.86584867        0.05503998
    22    196      2    -1236.12153124        0.05503998
    22    197      2    -1250.72306566        0.05503998
    22    198      2    -1222.05530029        0.05503998
    22    199      2    -1229.28690117        0.05503998
    22    200      2    -1230.00920886        0.05503998
    22    201      2    -1223.75053535        0.05503998
    22    202      2    -1198.38386807        0.05503998
    22    203      2    -1235.65784312        0.05503998
    22    204      2    -1172.53365852        0.05503998
    22    205      2    -1205.27862975        0.05503998
    22    206      2    -1163.77532191        0.05503998
    22    207      2    -1181.38106742        0.05503998
    22    208      2    -1155.97041223        0.05503998
    22    209      2    -1137.43895118        0.05503998
    22    210      2    -1136.15535917        0.05503998
    22    211      2    -1116.59650114        0.05503998
    22    212      2    -1074.10396564        0.05503998
    22    213      2    -1069.80428893        0.05503998
    22    214      2    -1010.70721924        0.05503998
    22    215      2    -1063.38349092        0.05503998
    22    216      2     -945.24514568        0.05503998
    22    217      2     -824.22944651        0.05503998
    23      0      2    -1210.83514847        0.05505258
    23      1      2    -1228.00482758        0.05505258
    23      2      2    -1222.39699176        0.05505258
    23      3      2    -1240.28914129        0.05505258
    23      4      2    -1215.25362403        0.05505258
    23      5      2    -1244.25563160        0.05505258
    23      6      2    -1206.09748666        0.05505258
    23      7      2    -1240.60405186        0.05505258
    23      8      2    -1239.09027955        0.05505258
    23      9      2    -1246.68484787        0.05505258
    23     10      2    -1236.89796604        0.05505258
    23     11      2    -1247.64138087        0.05505258
    23     12      2    -1241.67704367        0.05505258
    23     13      2    -1252.56122256        0.05505258
    23     14      2    -1230.56449040        0.05505258
    23     15      2    -1259.48281749        0.05505258
    23     16      2    -1226.62250165        0.05505258
    23     17      2    -1264.68255942        0.05505258
    23     18      2    -1219.52681348        0.05505258
    23     19      2    -1259.97921275        0.05505258
    23     20      2    -1231.70628083        0.05505258
    23     21      2    -1261.25366906        0.05505258
    23     22      2    -1240.09705148        0.05505258
    23     23      2    -1224.84877379        0.05505258
    23     24      2    -1262.17115182        0.05505258
    23     25      2    -1216.75737881        0.05505258
    23     26      2    -1251.47063081        0.05505258
    23     27      2    -1243.53370667        0.05505258
    23     28      2    -1242.24437426        0.05505258
    23     29      2    -1267.01628298        0.05505258
    23     30      2    -1242.55453362        0.05505258
    23     31      2    -1257.74552755        0.05505258
    23     32      2    -1233.37888729        0.05505258
    23     33      2    -1270.99611254        0.05505258
    23     34      2    -1226.43918820        0.05505258
    23     35      2    -1270.95195139        0.05505258
    23     36      2    -1236.35455474        0.05505258
    23     37      2    -1255.84761001        0.05505258
    23     38      2    -1270.18013472        0.05505258
    23     39      2    -1239.85128491        0.05505258
    23     40      2    -1266.60760849        0.05505258
    23     41      2    -1271.58082100        0.05505258
    23     42      2    -1263.46317106        0.05505258
    23     43      2    -1269.83563432        0.05505258
    23     44      2    -1234.18839285        0.05505258
    23     45      2    -1313.28724922        0.05505258
    23     46      2    -1257.85139712        0.05505258
    23     47      2    -1277.56217997        0.05505258
    23     48      2    -1279.83745814        0.05505258
    23     49      2    -1281.71238750        0.05505258
    23     50      2    -1266.72242243        0.05505258
    23     51      2    -1288.62763000        0.05505258
    23     52      2    -1264.83521538        0.05505258
    23     53      2    -1289.55405690        0.05505258
    23     54      2    -1273.01927914        0.05505258
    23     55      2    -1275.24677847        0.05505258
    23     56      2    -1260.50097128        0.05505258
    23     57      2    -1266.04564071        0.05505258
    23     58      2    -1243.50140544        0.05505258
    23     59      2    -1225.68884507        0.05505258
    23     60      2    -1225.68884507        0.05505258
    23     61      2    -1225.68884507        0.05505258
    23     62      2    -1225.68884507        0.05505258
    23     63      2    -1225.68884507        0.05505258
    23     64      2    -1225.68884507        0.05505258
    23     65      2    -1225.68884507        0.05505258
    23     66      2    -1225.68884507        0.05505258
    23     67      2    -1225.68884507        0.05505258
    23     68      2    -1220.44312528        0.05505258
    23     69      2    -1232.96317909        0.05505258
    23     70      2    -1234.29603578        0.05505258
    23     71      2    -1233.61037734        0.05505258
    23     72      2    -1230.98872896        0.05505258
    23     73      2    -1233.96853142        0.05505258
    23     74      2    -1225.02186149        0.05505258
    23     75      2    -1231.55942593        0.05505258
    23     76      2    -1223.47514758        0.05505258
    23     77      2    -1226.64553485        0.05505258
    23     78      2    -1221.93319163        0.05505258
    23     79      2    -1232.14245282        0.05505258
    23     80      2    -1216.87575522        0.05505258
    23     81      2    -1231.49584364        0.05505258
    23     82      2    -1212.58049580        0.05505258
    23     83      2    -1230.69140401        0.05505258
    23     84      2    -1209.11055491        0.05505258
    23     85      2    -1225.05515643        0.05505258
    23     86      2    -1207.65359187        0.05505258
    23     87      2    -1226.24843827        0.05505258
    23     88      2    -1204.80118420        0.05505258
    23     89      2    -1222.33972326        0.05505258
    23     90      2    -1202.07550931        0.05505258
    23     91      2    -1225.12430035        0.05505258
    23     92      2    -1201.82395210        0.05505258
    23     93      2    -1223.73142969        0.05505258
    23     94      2    -1203.51233271        0.05505258
    23     95      2    -1219.57281110        0.05505258
    23     96      2    -1200.76761905        0.05505258
    23     97      2    -1221.06202959        0.05505258
    23     98      2    -1198.30597004        0.05505258
    23     99      2    -1208.26460252        0.05505258
    23    100      2    -1188.61990569        0.05505258
    23    101      2    -1206.44144574        0.05505258
    23    102      2    -1197.25428059        0.05505258
    23    103      2    -1216.63253864        0.05505258
    23    104      2    -1195.08683166        0.05505258
    23    105      2    -1201.40842360        0.05505258
    23    106      2    -1208.74181644        0.05505258
    23    107      2    -1201.53638297        0.05505258
    23    108      2    -1205.67987177        0.05505258
    23    109      2    -1200.87513879        0.05505258
    23    110      2    -1207.91300856        0.05505258
    23    111      2    -1201.05678350        0.05505258
    23    112      2    -1296.15622939        0.05505258
    23    113      2    -1198.64365007        0.05505258
    23    114      2    -1203.68024296        0.05505258
    23    115      2    -1201.50833550        0.05505258
    23    116      2    -1188.06351835        0.05505258
    23    117      2    -1200.34780615        0.05505258
    23    118      2    -1213.52794095        0.05505258
    23    119      2    -1208.41783597        0.05505258
    23    120      2    -1215.62643034        0.05505258
    23    121      2    -1211.43719300        0.05505258
    23    122      2    -1219.05041014        0.05505258
    23    123      2    -1218.16029174        0.05505258
    23    124      2    -1224.89990449        0.05505258
    23    125      2    -1221.46013405        0.05505258
    23    126      2    -1223.91487034        0.05505258
    23    127      2    -1222.68149888        0.05505258
    23    128      2    -1231.29366965        0.05505258
    23    129      2    -1227.38520589        0.05505258
    23    130      2    -1234.17109502        0.05505258
    23    131      2    -1232.53500518        0.05505258
    23    132      2    -1237.53504454        0.05505258
    23    133      2    -1231.26026214        0.05505258
    23    134      2    -1237.65058602        0.05505258
    23    135      2    -1234.14009685        0.05505258
    23    136      2    -1233.90261923        0.05505258
    23    137      2    -1228.13333962        0.05505258
    23    138      2    -1233.28347075        0.05505258
    23    139      2    -1226.80716944        0.05505258
    23    140      2    -1229.15486181        0.05505258
    23    141      2    -1227.11167513        0.05505258
    23    142      2    -1238.36826053        0.05505258
    23    143      2    -1225.68884507        0.05505258
    23    144      2    -1225.68884507        0.05505258
    23    145      2    -1225.68884507        0.05505258
    23    146      2    -1225.68884507        0.05505258
    23    147      2    -1225.68884507        0.05505258
    23    148      2    -1225.68884507        0.05505258
    23    149      2    -1225.68884507        0.05505258
    23    150      2    -1273.09602688        0.05505258
    23    151      2    -1238.86089383        0.05505258
    23    152      2    -1246.87341110        0.05505258
    23    153      2    -1245.09365383        0.05505258
    23    154      2    -1247.03751289        0.05505258
    23    155      2    -1250.37088953        0.05505258
    23    156      2    -1254.06157421        0.05505258
    23    157      2    -1249.35612942        0.05505258
    23    158      2    -1250.16941083        0.05505258
    23    159      2    -1252.04831530        0.05505258
    23    160      2    -1249.51718595        0.05505258
    23    161      2    -1251.80562606        0.05505258
    23    162      2    -1254.07272734        0.05505258
    23    163      2    -1249.33595154        0.05505258
    23    164      2    -1257.85813868        0.05505258
    23    165      2    -1253.10635559        0.05505258
    23    166      2    -1255.98125725        0.05505258
    23    167      2    -1258.50885726        0.05505258
    23    168      2    -1260.71082956        0.05505258
    23    169      2    -1254.29526376        0.05505258
    23    170      2    -1260.84078614        0.05505258
    23    171      2    -1253.78813762        0.05505258
    23    172      2    -1262.64905118        0.05505258
    23    173      2    -1250.31981247        0.05505258
    23    174      2    -1270.11469426        0.05505258
    23    175      2    -1247.93859089        0.05505258
    23    176      2    -1264.87835653        0.05505258
    23    177      2    -1256.73327955        0.05505258
    23    178      2    -1261.53481277        0.05505258
    23    179      2    -1257.46065346        0.05505258
    23    180      2    -1263.69044838        0.05505258
    23    181      2    -1253.06720909        0.05505258
    23    182      2    -1264.33038219        0.05505258
    23    183      2    -1249.95443276        0.05505258
    23    184      2    -1262.85684060        0.05505258
    23    185      2    -1244.94459880        0.05505258
    23    186      2    -1261.93478938        0.05505258
    23    187      2    -1242.58422340        0.05505258
    23    188      2    -1258.90975112        0.05505258
    23    189      2    -1238.55828648        0.05505258
    23    190      2    -1253.73723186        0.05505258
    23    191      2    -1238.34843608        0.05505258
    23    192      2    -1254.11414351        0.05505258
    23    193      2    -1232.40673330        0.05505258
    23    194      2    -1238.95934779        0.05505258
    23    195      2    -1237.51438066        0.05505258
    23    196      2    -1242.96489695        0.05505258
    23    197      2    -1226.94167495        0.05505258
    23    198      2    -1228.97937969        0.05505258
    23    199      2    -1219.04180878        0.05505258
    23    200      2    -1219.47064278        0.05505258
    23    201      2    -1207.27377903        0.05505258
    23    202      2    -1199.87163974        0.05505258
    23    203      2    -1182.32540809        0.05505258
    23    204      2    -1203.01822465        0.05505258
    23    205      2    -1109.82849692        0.05505258
    23    206      2    -1149.28525144        0.05505258
    23    207      2    -1133.66143051        0.05505258
    23    208      2    -1092.32344655        0.05505258
    23    209      2    -1068.48712527        0.05505258
    24      0      2    -1247.61003419        0.05501386
    24      1      2    -1256.71828497        0.05501386
    24      2      2    -1277.00389655        0.05501386
    24      3      2    -1272.83820164        0.05501386
    24      4      2    -1266.36527353        0.05501386
    24      5      2    -1273.22236063        0.05501386
    24      6      2    -1273.28094654        0.05501386
    24      7      2    -1278.80587145        0.05501386
    24      8      2    -1266.62153703        0.05501386
    24      9      2    -1282.85533019        0.05501386
    24     10      2    -1270.39763107        0.05501386
    24     11      2    -1298.46875123        0.05501386
    24     12      2    -1241.30119137        0.05501386
    24     13      2    -1299.06351280        0.05501386
    24     14      2    -1269.53173825        0.05501386
    24     15      2    -1280.23335438        0.05501386
    24     16      2    -1274.35561830        0.05501386
    24     17      2    -1277.41401991        0.05501386
    24     18      2    -1278.64585884        0.05501386
    24     19      2    -1278.19172828        0.05501386
    24     20      2    -1275.65497768        0.05501386
    24     21      2    -1278.35950942        0.05501386
    24     22      2    -1271.41807378        0.05501386
    24     23      2    -1287.03340062        0.05501386
    24     24      2    -1263.03745674        0.05501386
    24     25      2    -1288.04079945        0.05501386
    24     26      2    -1280.77293411        0.05501386
    24     27      2    -1290.05273069        0.05501386
    24     28      2    -1267.17645493        0.05501386
    24     29      2    -1304.71084243        0.05501386
    24     30      2    -1267.31966989        0.05501386
    24     31      2    -1308.64438118        0.05501386
    24     32      2    -1284.66499694        0.05501386
    24     33      2    -1294.26733390        0.05501386
    24     34      2    -1294.96605938        0.05501386
    24     35      2    -1293.47680611        0.05501386
    24     36      2    -1303.50074414        0.05501386
    24     37      2    -1300.75946031        0.05501386
    24     38      2    -1300.37865352        0.05501386
    24     39      2    -1305.53600363        0.05501386
    24     40      2    -1312.19413377        0.05501386
    24     41      2    -1320.72564842        0.05501386
    24     42      2    -1310.25680320        0.05501386
    24     43      2    -1307.26878020        0.05501386
    24     44      2    -1306.78962026        0.05501386
    24     45      2    -1309.29321621        0.05501386
    24     46      2    -1303.25801174        0.05501386
    24     47      2    -1309.26739307        0.05501386
    24     48      2    -1288.86094046        0.05501386
    24     49      2    -1369.28148393        0.05501386
    24     50      2    -1274.93006739        0.05501386
    24     51      2    -1295.36072734        0.05501386
    24     52      2    -1279.35532535        0.05501386
    24     53      2    -1225.78869165        0.05501386
    24     54      2    -1225.78869165        0.05501386
    24     55      2    -1225.78869165        0.05501386
    24     56      2    -1225.78869165        0.05501386
    24     57      2    -1225.78869165        0.05501386
    24     58      2    -1225.78869165        0.05501386
    24     59      2    -1225.78869165        0.05501386
    24     60      2    -1225.78869165        0.05501386
    24     61      2    -1271.60981695        0.05501386
    24     62      2    -1266.22406993        0.05501386
    24     63      2    -1251.83325277        0.05501386
    24     64      2    -1265.90745299        0.05501386
    24     65      2    -1258.32724560        0.05501386
    24     66      2    -1255.54985750        0.05501386
    24     67      2    -1266.61330765        0.05501386
    24     68      2    -1255.40233591        0.05501386
    24     69      2    -1256.33664919        0.05501386
    24     70      2    -1256.44625070        0.05501386
    24     71      2    -1257.11744465        0.05501386
    24     72      2    -1247.53125487        0.05501386
    24     73      2    -1259.12289409        0.05501386
    24     74      2    -1244.84707538        0.05501386
    24     75      2    -1256.20340751        0.05501386
    24     76      2    -1247.97579161        0.05501386
    24     77      2    -1256.15447803        0.05501386
    24     78      2    -1251.53959647        0.05501386
    24     79      2    -1253.00590187        0.05501386
    24     80      2    -1248.71779805        0.05501386
    24     81      2    -1250.96998165        0.05501386
    24     82      2    -1246.07119247        0.05501386
    24     83      2    -1252.19671052        0.05501386
    24     84      2    -1247.32418690        0.05501386
    24     85      2    -1245.51094527        0.05501386
    24     86      2    -1242.31867256        0.05501386
    24     87      2    -1248.62063434        0.05501386
    24     88      2    -1236.59010374        0.05501386
    24     89      2    -1247.14004760        0.05501386
    24     90      2    -1238.96518208        0.05501386
    24     91      2    -1245.07896961        0.05501386
    24     92      2    -1236.36240507        0.05501386
    24     93      2    -1240.37489817        0.05501386
    24     94      2    -1235.18362410        0.05501386
    24     95      2    -1241.20339493        0.05501386
    24     96      2    -1235.16193715        0.05501386
    24     97      2    -1235.68711094        0.05501386
    24     98      2    -1232.65747411        0.05501386
    24     99      2    -1235.85136529        0.05501386
    24    100      2    -1234.13304076        0.05501386
    24    101      2    -1233.36274177        0.05501386
    24    102      2    -1229.16385651        0.05501386
    24    103      2    -1247.38048857        0.05501386
    24    104      2    -1246.04600565        0.05501386
    24    105      2    -1249.63968258        0.05501386
    24    106      2    -1243.99866587        0.05501386
    24    107      2    -1248.05915043        0.05501386
    24    108      2    -1240.03135697        0.05501386
    24    109      2    -1255.74562664        0.05501386
    24    110      2    -1254.32456423        0.05501386
    24    111      2    -1249.37663815        0.05501386
    24    112      2    -1245.10562802        0.05501386
    24    113      2    -1245.19174713        0.05501386
    24    114      2    -1243.57388224        0.05501386
    24    115      2    -1245.42487990        0.05501386
    24    116      2    -1251.80365629        0.05501386
    24    117      2    -1255.06200994        0.05501386
    24    118      2    -1256.19363972        0.05501386
    24    119      2    -1257.76335049        0.05501386
    24    120      2    -1256.00029533        0.05501386
    24    121      2    -1259.86812707        0.05501386
    24    122      2    -1261.88395605        0.05501386
    24    123      2    -1263.08085897        0.05501386
    24    124      2    -1264.20871519        0.05501386
    24    125      2    -1264.06656883        0.05501386
    24    126      2    -1266.01783976        0.05501386
    24    127      2    -1270.77899845        0.05501386
    24    128      2    -1273.05583314        0.05501386
    24    129      2    -1269.96703648        0.05501386
    24    130      2    -1274.06092958        0.05501386
    24    131      2    -1271.06116911        0.05501386
    24    132      2    -1277.06914055        0.05501386
    24    133      2    -1272.81411395        0.05501386
    24    134      2    -1277.62585963        0.05501386
    24    135      2    -1274.77936342        0.05501386
    24    136      2    -1277.71743051        0.05501386
    24    137      2    -1276.46040341        0.05501386
    24    138      2    -1275.40037875        0.05501386
    24    139      2    -1271.85482898        0.05501386
    24    140      2    -1261.09076029        0.05501386
    24    141      2    -1257.45354877        0.05501386
    24    142      2    -1262.44064866        0.05501386
    24    143      2    -1261.94084432        0.05501386
    24    144      2    -1251.66529824        0.05501386
    24    145      2    -1225.78869165        0.05501386
    24    146      2    -1225.78869165        0.05501386
    24    147      2    -1225.78869165        0.05501386
    24    148      2    -1225.78869165        0.05501386
    24    149      2    -1225.78869165        0.05501386
    24    150      2    -1225.78869165        0.05501386
    24    151      2    -1225.78869165        0.05501386
    24    152      2    -1225.78869165        0.05501386
    24    153      2    -1267.56658178        0.05501386
    24    154      2    -1275.43737513        0.05501386
    24    155      2    -1270.58247739        0.05501386
    24    156      2    -1273.67253401        0.05501386
    24    157      2    -1278.95676859        0.05501386
    24    158      2    -1276.05467577        0.05501386
    24    159      2    -1281.44562737        0.05501386
    24    160      2    -1281.31116548        0.05501386
    24    161      2    -1280.80355526        0.05501386
    24    162      2    -1288.95107651        0.05501386
    24    163      2    -1281.23125041        0.05501386
    24    164      2    -1288.60369537        0.05501386
    24    165      2    -1287.54940100        0.05501386
    24    166      2    -1293.95714593        0.05501386
    24    167      2    -1288.03540698        0.05501386
    24    168      2    -1291.48113454        0.05501386
    24    169      2    -1289.66294868        0.05501386
    24    170      2    -1289.95569621        0.05501386
    24    171      2    -1289.28116796        0.05501386
    24    172      2    -1292.82173592        0.05501386
    24    173      2    -1286.11051091        0.05501386
    24    174      2    -1295.37496529        0.05501386
    24    175      2    -1286.75234058        0.05501386
    24    176      2    -1288.76749295        0.05501386
    24    177      2    -1292.50818452        0.05501386
    24    178      2    -1289.27084551        0.05501386
    24    179      2    -1286.52771238        0.05501386
    24    180      2    -1291.09414048        0.05501386
    24    181      2    -1281.63934326        0.05501386
    24    182      2    -1291.67307357        0.05501386
    24    183      2    -1280.58045520        0.05501386
    24    184      2    -1283.61285589        0.05501386
    24    185      2    -1288.54596876        0.05501386
    24    186      2    -1281.76424024        0.05501386
    24    187      2    -1278.52181897        0.05501386
    24    188      2    -1283.82196927        0.05501386
    24    189      2    -1284.40511853        0.05501386
    24    190      2    -1277.21850756        0.05501386
    24    191      2    -1288.23887308        0.05501386
    24    192      2    -1276.48968943        0.05501386
    24    193      2    -1284.64343564        0.05501386
    24    194      2    -1282.63816930        0.05501386
    24    195      2    -1268.33608870        0.05501386
    24    196      2    -1289.75266373        0.05501386
    24    197      2    -1272.58031486        0.05501386
    24    198      2    -1279.80786621        0.05501386
    24    199      2    -1263.12416734        0.05501386
    24    200      2    -1284.92780983        0.05501386
    24    201      2    -1238.16107192        0.05501386
    24    202      2    -1271.00025834        0.05501386
    24    203      2    -1243.28493340        0.05501386
    24    204      2    -1222.73126382        0.05501386
    24    205      2    -1213.23270738        0.05501386
    25      0      2    -1226.40717947        0.05499924
    25      1      2    -1225.12385763        0.05499924
    25      2      2    -1245.66640959        0.05499924
    25      3      2    -1235.60720057        0.05499924
    25      4      2    -1246.45393479        0.05499924
    25      5      2    -1246.55000077        0.05499924
    25      6      2    -1240.98026156        0.05499924
    25      7      2    -1241.22000146        0.05499924
    25      8      2    -1255.19560363        0.05499924
    25      9      2    -1225.58212273        0.05499924
    25     10      2    -1250.01849990        0.05499924
    25     11      2    -1240.39584608        0.05499924
    25     12      2    -1252.41919451        0.05499924
    25     13      2    -1246.79528196        0.05499924
    25     14      2    -1247.60803422        0.05499924
    25     15      2    -1244.59080663        0.05499924
    25     16      2    -1245.54244512        0.05499924
    25     17      2    -1251.95399347        0.05499924
    25     18      2    -1236.41567704        0.05499924
    25     19      2    -1241.12503403        0.05499924
    25     20      2    -1249.24309918        0.05499924
    25     21      2    -1255.22527120        0.05499924
    25     22      2    -1249.93085761        0.05499924
    25     23      2    -1257.07301052        0.05499924
    25     24      2    -1254.96084005        0.05499924
    25     25      2    -1266.83179135        0.05499924
    25     26      2    -1257.26809781        0.05499924
    25     27      2    -1256.65830287        0.05499924
    25     28      2    -1265.22628625        0.05499924
    25     29      2    -1251.17722323        0.05499924
    25     30      2    -1277.94072796        0.05499924
    25     31      2    -1255.58838952        0.05499924
    25     32      2    -1267.67000065        0.05499924
    25     33      2    -1253.83086353        0.05499924
    25     34      2    -1273.78683751        0.05499924
    25     35      2    -1271.82973171        0.05499924
    25     36      2    -1346.71275551        0.05499924
    25     37      2    -1250.07789954        0.05499924
    25     38      2    -1276.03771842        0.05499924
    25     39      2    -1335.12721319        0.05499924
    25     40      2    -1259.78130155        0.05499924
    25     41      2    -1261.31105338        0.05499924
    25     42      2    -1272.50000556        0.05499924
    25     43      2    -1338.93490346        0.05499924
    25     44      2    -1262.50066653        0.05499924
    25     45      2    -1252.90834821        0.05499924
    25     46      2    -1360.48594851        0.05499924
    25     47      2    -1249.55296274        0.05499924
    25     48      2    -1226.40717947        0.05499924
    25     49      2    -1226.40717947        0.05499924
    25     50      2    -1226.40717947        0.05499924
    25     51      2    -1226.40717947        0.05499924
    25     52      2    -1226.40717947        0.05499924
    25     53      2    -1226.40717947        0.05499924
    25     54      2    -1226.40717947        0.05499924
    25     55      2    -1266.40650704        0.05499924
    25     56      2    -1253.50970038        0.05499924
    25     57      2    -1235.22109257        0.05499924
    25     58      2    -1255.94697153        0.05499924
    25     59      2    -1240.06129201        0.05499924
    25     60      2    -1239.96633688        0.05499924
    25     61      2    -1232.23475259        0.05499924
    25     62      2    -1254.80320764        0.05499924
    25     63      2    -1247.22523668        0.05499924
    25     64      2    -1248.68925639        0.05499924
    25     65      2    -1247.36332283        0.05499924
    25     66      2    -1252.79003567        0.05499924
    25     67      2    -1239.52481147        0.05499924
    25     68      2    -1262.02420661        0.05499924
    25     69      2    -1237.70662163        0.05499924
    25     70      2    -1254.23839724        0.05499924
    25     71      2    -1245.13716089        0.05499924
    25     72      2    -1246.55048118        0.05499924
    25     73      2    -1244.36909640        0.05499924
    25     74      2    -1254.14575090        0.05499924
    25     75      2    -1247.60751812        0.05499924
    25     76      2    -1251.91370568        0.05499924
    25     77      2    -1241.70217943        0.05499924
    25     78      2    -1252.51203290        0.05499924
    25     79      2    -1236.80522131        0.05499924
    25     80      2    -1250.79771329        0.05499924
    25     81      2    -1238.75782472        0.05499924
    25     82      2    -1247.36245411        0.05499924
    25     83      2    -1237.83836003        0.05499924
    25     84      2    -1245.91578599        0.05499924
    25     85      2    -1233.20519189        0.05499924
    25     86      2    -1245.09093788        0.05499924
    25     87      2    -1235.17791529        0.05499924
    25     88      2    -1238.38477102        0.05499924
    25     89      2    -1232.42651257        0.05499924
    25     90      2    -1237.63310711        0.05499924
    25     91      2    -1227.38999198        0.05499924
    25     92      2    -1232.96472397        0.05499924
    25     93      2    -1229.01286829        0.05499924
    25     94      2    -1236.98494884        0.05499924
    25     95      2    -1227.30076429        0.05499924
    25     96      2    -1226.52653390        0.05499924
    25     97      2    -1230.41660540        0.05499924
    25     98      2    -1240.66294763        0.05499924
    25     99      2    -1233.55692742        0.05499924
    25    100      2    -1234.94490327        0.05499924
    25    101      2    -1240.14490585        0.05499924
    25    102      2    -1238.66544547        0.05499924
    25    103      2    -1242.26809172        0.05499924
    25    104      2    -1235.63796142        0.05499924
    25    105      2    -1237.95078343        0.05499924
    25    106      2    -1233.03399078        0.05499924
    25    107      2    -1238.76494620        0.05499924
    25    108      2    -1237.34739400        0.05499924
    25    109      2    -1235.00905776        0.05499924
    25    110      2    -1230.97871947        0.05499924
    25    111      2    -1235.89338913        0.05499924
    25    112      2    -1231.46704208        0.05499924
    25    113      2    -1236.99993255        0.05499924
    25    114      2    -1237.16244663        0.05499924
    25    115      2    -1240.00969326        0.05499924
    25    116      2    -1243.06416554        0.05499924
    25    117      2    -1244.83767957        0.05499924
    25    118      2    -1242.01664445        0.05499924
    25    119      2    -1249.56319108        0.05499924
    25    120      2    -1249.52865786        0.05499924
    25    121      2    -1251.55110675        0.05499924
    25    122      2    -1246.92080729        0.05499924
    25    123      2    -1253.55147156        0.05499924
    25    124      2    -1251.60217433        0.05499924
    25    125      2    -1257.66842056        0.05499924
    25    126      2    -1258.73849464        0.05499924
    25    127      2    -1255.64217202        0.05499924
    25    128      2    -1257.52666900        0.05499924
    25    129      2    -1261.24952131        0.05499924
    25    130      2    -1255.49142750        0.05499924
    25    131      2    -1260.46935869        0.05499924
    25    132      2    -1261.73457610        0.05499924
    25    133      2    -1261.14465768        0.05499924
    25    134      2    -1262.18005300        0.05499924
    25    135      2    -1262.85961654        0.05499924
    25    136      2    -1261.34970144        0.05499924
    25    137      2    -1262.73261879        0.05499924
    25    138      2    -1264.64466040        0.05499924
    25    139      2    -1263.00606858        0.05499924
    25    140      2    -1259.19861795        0.05499924
    25    141      2    -1260.85398821        0.05499924
    25    142      2    -1262.43886337        0.05499924
    25    143      2    -1263.30267325        0.05499924
    25    144      2    -1263.97277066        0.05499924
    25    145      2    -1260.26890916        0.05499924
    25    146      2    -1273.08919873        0.05499924
    25    147      2    -1226.40717947        0.05499924
    25    148      2    -1226.40717947        0.05499924
    25    149      2    -1226.40717947        0.05499924
    25    150      2    -1226.40717947        0.05499924
    25    151      2    -1226.40717947        0.05499924
    25    152      2    -1226.40717947        0.05499924
    25    153      2    -1226.40717947        0.05499924
    25    154      2    -1269.64764856        0.05499924
    25    155      2    -1275.90644577        0.05499924
    25    156      2    -1270.92755970        0.05499924
    25    157      2    -1279.08188092        0.05499924
    25    158      2    -1278.16380056        0.05499924
    25    159      2    -1275.26134557        0.05499924
    25    160      2    -1279.73953861        0.05499924
    25    161      2    -1280.25904483        0.05499924
    25    162      2    -1276.52960401        0.05499924
    25    163      2    -1282.83882705        0.05499924
    25    164      2    -1281.97912464        0.05499924
    25    165      2    -1280.48505823        0.05499924
    25    166      2    -1285.99083715        0.05499924
    25    167      2    -1287.01230775        0.05499924
    25    168      2    -1280.11333483        0.05499924
    25    169      2    -1281.49216866        0.05499924
    25    170      2    -1283.86919246        0.05499924
    25    171      2    -1276.29601383        0.05499924
    25    172      2    -1287.50953711        0.05499924
    25    173      2    -1278.75002631        0.05499924
    25    174      2    -1287.29940365        0.05499924
    25    175      2    -1276.81265712        0.05499924
    25    176      2    -1289.96963691        0.05499924
    25    177      2    -1283.55212959        0.05499924
    25    178      2    -1291.22011467        0.05499924
    25    179      2    -1284.98160330        0.05499924
    25    180      2    -1290.08747754        0.05499924
    25    181      2    -1281.45371672        0.05499924
    25    182      2    -1294.53870492        0.05499924
    25    183      2    -1288.32792676        0.05499924
    25    184      2    -1289.32798143        0.05499924
    25    185      2    -1300.78982653        0.05499924
    25    186      2    -1286.44832558        0.05499924
    25    187      2    -1294.19789371        0.05499924
    25    188      2    -1295.69071379        0.05499924
    25    189      2    -1285.07352664        0.05499924
    25    190      2    -1314.50699101        0.05499924
    25    191      2    -1287.29321697        0.05499924
    25    192      2    -1304.06938024        0.05499924
    25    193      2    -1298.24045044        0.05499924
    25    194      2    -1312.23319294        0.05499924
    25    195      2    -1294.37547383        0.05499924
    25    196      2    -1304.28417499        0.05499924
    25    197      2    -1306.33840384        0.05499924
    25    198      2    -1304.72864672        0.05499924
    25    199      2    -1286.71154128        0.05499924
    25    200      2    -1289.42144362        0.05499924
    25    201      2    -1289.94289492        0.05499924
    26      0      2    -1167.02956529        0.05503806
    26      1      2    -1191.00367740        0.05503806
    26      2      2    -1175.66049409        0.05503806
    26      3      2    -1191.80775237        0.05503806
    26      4      2    -1179.01594635        0.05503806
    26      5      2    -1150.18689469        0.05503806
    26      6      2    -1173.85060504        0.05503806
    26      7      2    -1192.65873295        0.05503806
    26      8      2    -1186.32494237        0.05503806
    26      9      2    -1186.26241203        0.05503806
    26     10      2    -1187.83135297        0.05503806
    26     11      2    -1176.63874492        0.05503806
    26     12      2    -1197.12919505        0.05503806
    26     13      2    -1179.94512968        0.05503806
    26     14      2    -1170.81553699        0.05503806
    26     15      2    -1205.25817668        0.05503806
    26     16      2    -1181.34333672        0.05503806
    26     17      2    -1201.06381080        0.05503806
    26     18      2    -1202.65484990        0.05503806
    26     19      2    -1195.70035812        0.05503806
    26     20      2    -1216.93237326        0.05503806
    26     21      2    -1191.83747058        0.05503806
    26     22      2    -1191.56294481        0.05503806
    26     23      2    -1223.08819106        0.05503806
    26     24      2    -1179.49401340        0.05503806
    26     25      2    -1233.32132983        0.05503806
    26     26      2    -1199.28748634        0.05503806
    26     27      2    -1210.30921575        0.05503806
    26     28      2    -1153.05504033        0.05503806
    26     29      2    -1212.88905777        0.05503806
    26     30      2    -1230.09278966        0.05503806
    26     31      2    -1236.00397878        0.05503806
    26     32      2    -1242.08238889        0.05503806
    26     33      2    -1241.62889796        0.05503806
    26     34      2    -1248.44407094        0.05503806
    26     35      2    -1230.28282013        0.05503806
    26     36      2    -1244.29125943        0.05503806
    26     37      2    -1234.66758491        0.05503806
    26     38      2    -1252.67749604        0.05503806
    26     39      2    -1241.00597059        0.05503806
    26     40      2    -1256.37850009        0.05503806
    26     41      2    -1235.47955469        0.05503806
    26     42      2    -1234.21132723        0.05503806
    26     43      2    -1228.20434320        0.05503806
    26     44      2    -1228.20434320        0.05503806
    26     45      2    -1228.20434320        0.05503806
    26     46      2    -1228.20434320        0.05503806
    26     47      2    -1228.20434320        0.05503806
    26     48      2    -1228.20434320        0.05503806
    26     49      2    -1228.20434320        0.05503806
    26     50      2    -1228.20434320        0.05503806
    26     51      2    -1231.46640500        0.05503806
    26     52      2    -1219.33189404        0.05503806
    26     53      2    -1238.06945973        0.05503806
    26     54      2    -1225.89150710        0.05503806
    26     55      2    -1227.34638706        0.05503806
    26     56      2    -1233.00952539        0.05503806
    26     57      2    -1220.59838246        0.05503806
    26     58      2    -1243.41824901        0.05503806
    26     59      2    -1217.65971894        0.05503806
    26     60      2    -1232.01011104        0.05503806
    26     61      2    -1229.34391663        0.05503806
    26     62      2    -1221.47835662        0.05503806
    26     63      2    -1231.92303244        0.05503806
    26     64      2    -1218.52911601        0.05503806
    26     65      2    -1230.41678900        0.05503806
    26     66      2    -1220.50497375        0.05503806
    26     67      2    -1227.17140938        0.05503806
    26     68      2    -1217.33755945        0.05503806
    26     69      2    -1222.45146760        0.05503806
    26     70      2    -1222.75217885        0.05503806
    26     71      2    -1221.29736640        0.05503806
    26     72      2    -1219.59441029        0.05503806
    26     73      2    -1224.24234595        0.05503806
    26     74      2    -1224.31826427        0.05503806
    26     75      2    -1270.60278769        0.05503806
    26     76      2    -1223.26157799        0.05503806
    26     77      2    -1223.56863210        0.05503806
    26     78      2    -1226.30817082        0.05503806
    26     79      2    -1203.72534830        0.05503806
    26     80      2    -1218.25315239        0.05503806
    26     81      2    -1218.38808517        0.05503806
    26     82      2    -1219.87821288        0.05503806
    26     83      2    -1213.02023731        0.05503806
    26     84      2    -1214.26284109        0.05503806
    26     85      2    -1211.68159362        0.05503806
    26     86      2    -1213.83047271        0.05503806
    26     87      2    -1215.37104700        0.05503806
    26     88      2    -1212.30025742        0.05503806
    26     89      2    -1210.39556126        0.05503806
    26     90      2    -1213.61482948        0.05503806
    26     91      2    -1211.46419800        0.05503806
    26     92      2    -1213.96935737        0.05503806
    26     93      2    -1205.60229269        0.05503806
    26     94      2    -1209.81270181        0.05503806
    26     95      2    -1214.60364991        0.05503806
    26     96      2    -1211.27083873        0.05503806
    26     97      2    -1204.71330634        0.05503806
    26     98      2    -1208.56230606        0.05503806
    26     99      2    -1204.19421183        0.05503806
    26    100      2    -1215.53193407        0.05503806
    26    101      2    -1208.63931594        0.05503806
    26    102      2    -1206.67952594        0.05503806
    26    103      2    -1204.82829226        0.05503806
    26    104      2    -1207.35938894        0.05503806
    26    105      2    -1215.54183825        0.05503806
    26    106      2    -1214.54415790        0.05503806
    26    107      2    -1210.84515830        0.05503806
    26    108      2    -1213.07144073        0.05503806
    26    109      2    -1207.77282818        0.05503806
    26    110      2    -1211.31923187        0.05503806
    26    111      2    -1207.60449610        0.05503806
    26    112      2    -1214.91772516        0.05503806
    26    113      2    -1214.92227480        0.05503806
    26    114      2    -1217.56253424        0.05503806
    26    115      2    -1217.07793273        0.05503806
    26    116      2    -1217.55220374        0.05503806
    26    117      2    -1213.34713479        0.05503806
    26    118      2    -1217.60732678        0.05503806
    26    119      2    -1218.61603775        0.05503806
    26    120      2    -1221.32122068        0.05503806
    26    121      2    -1218.75710384        0.05503806
    26    122      2    -1218.66464427        0.05503806
    26    123      2    -1217.33912500        0.05503806
    26    124      2    -1223.17371841        0.05503806
    26    125      2    -1221.03364278        0.05503806
    26    126      2    -1218.75794039        0.05503806
    26    127      2    -1215.10238115        0.05503806
    26    128      2    -1215.10825009        0.05503806
    26    129      2    -1214.98401695        0.05503806
    26    130      2    -1218.90351678        0.05503806
    26    131      2    -1219.42732878        0.05503806
    26    132      2    -1223.03600166        0.05503806
    26    133      2    -1216.72327414        0.05503806
    26    134      2    -1223.75039081        0.05503806
    26    135      2    -1224.59540900        0.05503806
    26    136      2    -1223.47365749        0.05503806
    26    137      2    -1227.00880386        0.05503806
    26    138      2    -1225.15789645        0.05503806
    26    139      2    -1226.99125647        0.05503806
    26    140      2    -1229.94681666        0.05503806
    26    141      2    -1233.17425795        0.05503806
    26    142      2    -1228.23674129        0.05503806
    26    143      2    -1230.73919304        0.05503806
    26    144      2    -1231.59863369        0.05503806
    26    145      2    -1230.04396386        0.05503806
    26    146      2    -1227.65848668        0.05503806
    26    147      2    -1224.66693798        0.05503806
    26    148      2    -1222.09675896        0.05503806
    26    149      2    -1222.47568334        0.05503806
    26    150      2    -1228.20434320        0.05503806
    26    151      2    -1228.20434320        0.05503806
    26    152      2    -1228.20434320        0.05503806
    26    153      2    -1228.20434320        0.05503806
    26    154      2    -1228.20434320        0.05503806
    26    155      2    -1228.20434320        0.05503806
    26    156      2    -1228.20434320        0.05503806
    26    157      2    -1223.20990724        0.05503806
    26    158      2    -1221.65022117        0.05503806
    26    159      2    -1226.02272959        0.05503806
    26    160      2    -1220.60484061        0.05503806
    26    161      2    -1223.97291464        0.05503806
    26    162      2    -1228.99569270        0.05503806
    26    163      2    -1220.10454556        0.05503806
    26    164      2    -1230.62928385        0.05503806
    26    165      2    -1219.71924804        0.05503806
    26    166      2    -1227.25447269        0.05503806
    26    167      2    -1222.90800184        0.05503806
    26    168      2    -1229.73250635        0.05503806
    26    169      2    -1221.60761374        0.05503806
    26    170      2    -1227.06508983        0.05503806
    26    171      2    -1228.97736088        0.05503806
    26    172      2    -1209.72429583        0.05503806
    26    173      2    -1230.04787560        0.05503806
    26    174      2    -1218.85985400        0.05503806
    26    175      2    -1229.97298759        0.05503806
    26    176      2    -1222.36623175        0.05503806
    26    177      2    -1229.64621921        0.05503806
    26    178      2    -1230.43799501        0.05503806
    26    179      2    -1232.83599370        0.05503806
    26    180      2    -1238.53481767        0.05503806
    26    181      2    -1233.71898319        0.05503806
    26    182      2    -1236.26098442        0.05503806
    26    183      2    -1246.24945935        0.05503806
    26    184      2    -1241.74579850        0.05503806
    26    185      2    -1249.93904543        0.05503806
    26    186      2    -1247.54314221        0.05503806
    26    187      2    -1246.09502681        0.05503806
    26    188      2    -1265.85649092        0.05503806
    26    189      2    -1248.55206328        0.05503806
    26    190      2    -1267.36304418        0.05503806
    26    191      2    -1262.86190587        0.05503806
    26    192      2    -1266.62707960        0.05503806
    26    193      2    -1276.13912336        0.05503806
    26    194      2    -1255.30780961        0.05503806
    26    195      2    -1286.20963376        0.05503806
    26    196      2    -1268.90047620        0.05503806
    26    197      2    -1274.00453451        0.05503806
    26    198      2    -1263.41370575        0.05503806
    26    199      2    -1267.93257673        0.05503806
    27      0      2    -1035.88285625        0.05500975
    27      1      2    -1115.16120335        0.05500975
    27      2      2    -1069.38780784        0.05500975
    27      3      2    -1082.75778115        0.05500975
    27      4      2    -1076.52318370        0.05500975
    27      5      2    -1110.59255005        0.05500975
    27      6      2    -1064.05545245        0.05500975
    27      7      2    -1088.76018815        0.05500975
    27      8      2    -1047.19479980        0.05500975
    27      9      2    -1108.24295942        0.05500975
    27     10      2    -1121.08168243        0.05500975
    27     11      2    -1094.83245733        0.05500975
    27     12      2    -1139.33056471        0.05500975
    27     13      2    -1116.64968771        0.05500975
    27     14      2    -1122.46343168        0.05500975
    27     15      2    -1099.17385497        0.05500975
    27     16      2    -1107.82007654        0.05500975
    27     17      2    -1131.62300545        0.05500975
    27     18      2    -1127.74340305        0.05500975
    27     19      2    -1126.01096031        0.05500975
    27     20      2    -1127.93397857        0.05500975
    27     21      2    -1143.77858596        0.05500975
    27     22      2    -1441.79590116        0.05500975
    27     23      2    -1108.48247291        0.05500975
    27     24      2    -1122.54986706        0.05500975
    27     25      2    -1171.56169763        0.05500975
    27     26      2    -1163.13645612        0.05500975
    27     27      2    -1153.25452365        0.05500975
    27     28      2    -1197.19636536        0.05500975
    27     29      2    -1150.42544205        0.05500975
    27     30      2    -1226.50300765        0.05500975
    27     31      2    -1164.19067869        0.05500975
    27     32      2    -1182.24446470        0.05500975
    27     33      2    -1205.63653262        0.05500975
    27     34      2    -1179.92857882        0.05500975
    27     35      2    -1205.63962855        0.05500975
    27     36      2    -1175.02007318        0.05500975
    27     37      2    -1230.38614724        0.05500975
    27     38      2    -1230.38614724        0.05500975
    27     39      2    -1230.38614724        0.05500975
    27     40      2    -1230.38614724        0.05500975
    27     41      2    -1230.38614724        0.05500975
    27     42      2    -1230.38614724        0.05500975
    27     43      2    -1230.38614724        0.05500975
    27     44      2    -1230.38614724        0.05500975
    27     45      2    -1230.38614724        0.05500975
    27     46      2    -1207.50813760        0.05500975
    27     47      2    -1206.05843336        0.05500975
    27     48      2    -1208.24495695        0.05500975
    27     49      2    -1201.23221381        0.05500975
    27     50      2    -1221.26820748        0.05500975
    27     51      2    -1197.64617646        0.05500975
    27     52      2    -1218.54953027        0.05500975
    27     53      2    -1211.25416897        0.05500975
    27     54      2    -1212.39070412        0.05500975
    27     55      2    -1223.15357005        0.05500975
    27     56      2    -1204.98121580        0.05500975
    27     57      2    -1227.86578563        0.05500975
    27     58      2    -1212.26241719        0.05500975
    27     59      2    -1213.72566118        0.05500975
    27     60      2    -1229.55997623        0.05500975
    27     61      2    -1213.81507816        0.05500975
    27     62      2    -1232.07457310        0.05500975
    27     63      2    -1214.80912426        0.05500975
    27     64      2    -1221.60723167        0.05500975
    27     65      2    -1217.36708784        0.05500975
    27     66      2    -1217.33806672        0.05500975
    27     67      2    -1221.73536004        0.05500975
    27     68      2    -1217.66050935        0.05500975
    27     69      2    -1220.95337837        0.05500975
    27     70      2    -1211.04788113        0.05500975
    27     71      2    -1221.44125743        0.05500975
    27     72      2    -1210.40911785        0.05500975
    27     73      2    -1220.55681801        0.05500975
    27     74      2    -1208.90119796        0.05500975
    27     75      2    -1220.25073408        0.05500975
    27     76      2    -1205.94937681        0.05500975
    27     77      2    -1214.19531910        0.05500975
    27     78      2    -1205.08190177        0.05500975
    27     79      2    -1213.03138557        0.05500975
    27     80      2    -1204.22727062        0.05500975
    27     81      2    -1210.32543952        0.05500975
    27     82      2    -1204.15040837        0.05500975
    27     83      2    -1208.68569988        0.05500975
    27     84      2    -1201.50743665        0.05500975
    27     85      2    -1203.37899480        0.05500975
    27     86      2    -1199.58996128        0.05500975
    27     87      2    -1205.83933855        0.05500975
    27     88      2    -1202.57176630        0.05500975
    27     89      2    -1203.36748575        0.05500975
    27     90      2    -1199.92939761        0.05500975
    27     91      2    -1205.18139580        0.05500975
    27     92      2    -1199.74928240        0.05500975
    27     93      2    -1205.30573954        0.05500975
    27     94      2    -1207.03011602        0.05500975
    27     95      2    -1206.64462540        0.05500975
    27     96      2    -1193.03687557        0.05500975
    27     97      2    -1196.43328352        0.05500975
    27     98      2    -1209.33712830        0.05500975
    27     99      2    -1196.30721969        0.05500975
    27    100      2    -1211.88966754        0.05500975
    27    101      2    -1201.28112865        0.05500975
    27    102      2    -1209.69782679        0.05500975
    27    103      2    -1198.89040676        0.05500975
    27    104      2    -1212.34836578        0.05500975
    27    105      2    -1200.85326209        0.05500975
    27    106      2    -1208.43944760        0.05500975
    27    107      2    -1198.93186326        0.05500975
    27    108      2    -1209.34320931        0.05500975
    27    109      2    -1198.38094450        0.05500975
    27    110      2    -1210.49087920        0.05500975
    27    111      2    -1204.30506046        0.05500975
    27    112      2    -1214.21568694        0.05500975
    27    113      2    -1206.69843767        0.05500975
    27    114      2    -1215.36924127        0.05500975
    27    115      2    -1208.85392255        0.05500975
    27    116      2    -1216.83838028        0.05500975
    27    117      2    -1219.20126633        0.05500975
    27    118      2    -1214.37834049        0.05500975
    27    119      2    -1215.91019129        0.05500975
    27    120      2    -1220.15452751        0.05500975
    27    121      2    -1215.68872683        0.05500975
    27    122      2    -1221.93610262        0.05500975
    27    123      2    -1219.30504784        0.05500975
    27    124      2    -1222.72280152        0.05500975
    27    125      2    -1220.28999054        0.05500975
    27    126      2    -1218.17137047        0.05500975
    27    127      2    -1214.78918262        0.05500975
    27    128      2    -1216.22196488        0.05500975
    27    129      2    -1212.72695980        0.05500975
    27    130      2    -1213.57478103        0.05500975
    27    131      2    -1210.01942013        0.05500975
    27    132      2    -1213.71762855        0.05500975
    27    133      2    -1211.47344139        0.05500975
    27    134      2    -1218.17501015        0.05500975
    27    135      2    -1205.90057077        0.05500975
    27    136      2    -1214.96804397        0.05500975
    27    137      2    -1212.85007954        0.05500975
    27    138      2    -1219.23802860        0.05500975
    27    139      2    -1211.67997506        0.05500975
    27    140      2    -1219.15758946        0.05500975
    27    141      2    -1214.93715053        0.05500975
    27    142      2    -1217.52409887        0.05500975
    27    143      2    -1213.87754800        0.05500975
    27    144      2    -1214.79447210        0.05500975
    27    145      2    -1210.77772154        0.05500975
    27    146      2    -1217.43687886        0.05500975
    27    147      2    -1210.10962046        0.05500975
    27    148      2    -1210.00938714        0.05500975
    27    149      2    -1200.46676619        0.05500975
    27    150      2    -1230.38614724        0.05500975
    27    151      2    -1230.38614724        0.05500975
    27    152      2    -1230.38614724        0.05500975
    27    153      2    -1230.38614724        0.05500975
    27    154      2    -1230.38614724        0.05500975
    27    155      2    -1230.38614724        0.05500975
    27    156      2    -1230.38614724        0.05500975
    27    157      2    -1230.38614724        0.05500975
    27    158      2    -1230.38614724        0.05500975
    27    159      2    -1178.68106621        0.05500975
    27    160      2    -1193.18892453        0.05500975
    27    161      2    -1177.94902620        0.05500975
    27    162      2    -1182.27905244        0.05500975
    27    163      2    -1178.07819080        0.05500975
    27    164      2    -1180.27664913        0.05500975
    27    165      2    -1175.41050578        0.05500975
    27    166      2    -1168.11522962        0.05500975
    27    167      2    -1175.27765917        0.05500975
    27    168      2    -1182.23353998        0.05500975
    27    169      2    -1168.13498666        0.05500975
    27    170      2    -1179.30037803        0.05500975
    27    171      2    -1156.73315520        0.05500975
    27    172      2    -1168.54227281        0.05500975
    27    173      2    -1173.53653764        0.05500975
    27    174      2    -1178.50183032        0.05500975
    27    175      2    -1177.19135502        0.05500975
    27    176      2    -1196.02061471        0.05500975
    27    177      2    -1182.97360673        0.05500975
    27    178      2    -1205.96899258        0.05500975
    27    179      2    -1202.20146761        0.05500975
    27    180      2    -1215.76909881        0.05500975
    27    181      2    -1210.22268328        0.05500975
    27    182      2    -1234.02931588        0.05500975
    27    183      2    -1216.98789499        0.05500975
    27    184      2    -1245.44717888        0.05500975
    27    185      2    -1240.19242907        0.05500975
    27    186      2    -1248.86943018        0.05500975
    27    187      2    -1238.52378194        0.05500975
    27    188      2    -1266.49016417        0.05500975
    27    189      2    -1263.48807297        0.05500975
    27    190      2    -1251.90263233        0.05500975
    27    191      2    -1280.05116019        0.05500975
    27    192      2    -1277.61467299        0.05500975
    27    193      2    -1266.64039241        0.05500975
    27    194      2    -1280.22701267        0.05500975
    27    195      2    -1268.58545811        0.05500975
    28      0      2     -915.41385933        0.05499867
    28      1      2    -1014.19394497        0.05499867
    28      2      2    -1015.74092905        0.05499867
    28      3      2     -911.71111184        0.05499867
    28      4      2     -886.17393712        0.05499867
    28      5      2     -930.98051306        0.05499867
    28      6      2     -988.05286000        0.05499867
    28      7      2     -926.57156388        0.05499867
    28      8      2     -942.83546734        0.05499867
    28      9      2     -994.71102881        0.05499867
    28     10      2     -988.36362607        0.05499867
    28     11      2     -956.17219701        0.05499867
    28     12      2     -938.30944251        0.05499867
    28     13      2    -1010.26976081        0.05499867
    28     14      2     -944.34936326        0.05499867
    28     15      2    -1031.13148980        0.05499867
    28     16      2     -964.63257719        0.05499867
    28     17      2    -1044.18634907        0.05499867
    28     18      2    -1040.73967738        0.05499867
    28     19      2     -999.32254782        0.05499867
    28     20      2    -1064.30875455        0.05499867
    28     21      2    -1105.72785145        0.05499867
    28     22      2    -1072.71205001        0.05499867
    28     23      2    -1073.75500651        0.05499867
    28     24      2    -1229.15761645        0.05499867
    28     25      2    -1229.15761645        0.05499867
    28     26      2    -1229.15761645        0.05499867
    28     27      2    -1229.15761645        0.05499867
    28     28      2    -1229.15761645        0.05499867
    28     29      2    -1229.15761645        0.05499867
    28     30      2    -1229.15761645        0.05499867
    28     31      2    -1229.15761645        0.05499867
    28     32      2    -1229.15761645        0.05499867
    28     33      2    -1177.60544458        0.05499867
    28     34      2    -1193.63056043        0.05499867
    28     35      2    -1193.55904983        0.05499867
    28     36      2    -1195.65513169        0.05499867
    28     37      2    -1203.99983646        0.05499867
    28     38      2    -1221.15162898        0.05499867
    28     39      2    -1214.77007277        0.05499867
    28     40      2    -1212.77238153        0.05499867
    28     41      2    -1235.23397567        0.05499867
    28     42      2    -1220.55658246        0.05499867
    28     43      2    -1240.46230579        0.05499867
    28     44      2    -1232.96444823        0.05499867
    28     45      2    -1243.43809000        0.05499867
    28     46      2    -1243.73985255        0.05499867
    28     47      2    -1244.61136874        0.05499867
    28     48      2    -1248.27239384        0.05499867
    28     49      2    -1254.87357659        0.05499867
    28     50      2    -1249.46633722        0.05499867
    28     51      2    -1256.20339687        0.05499867
    28     52      2    -1251.98558981        0.05499867
    28     53      2    -1253.53806066        0.05499867
    28     54      2    -1244.97765735        0.05499867
    28     55      2    -1258.24127489        0.05499867
    28     56      2    -1247.13197843        0.05499867
    28     57      2    -1255.23313783        0.05499867
    28     58      2    -1251.57880086        0.05499867
    28     59      2    -1252.66597431        0.05499867
    28     60      2    -1245.36737361        0.05499867
    28     61      2    -1253.60626674        0.05499867
    28     62      2    -1245.99220348        0.05499867
    28     63      2    -1244.29369354        0.05499867
    28     64      2    -1244.91945841        0.05499867
    28     65      2    -1244.59775077        0.05499867
    28     66      2    -1244.88265407        0.05499867
    28     67      2    -1244.28576636        0.05499867
    28     68      2    -1240.10225571        0.05499867
    28     69      2    -1238.41284033        0.05499867
    28     70      2    -1240.88119853        0.05499867
    28     71      2    -1237.87297154        0.05499867
    28     72      2    -1233.90997842        0.05499867
    28     73      2    -1241.48245752        0.05499867
    28     74      2    -1230.94217954        0.05499867
    28     75      2    -1242.73440999        0.05499867
    28     76      2    -1227.51227893        0.05499867
    28     77      2    -1241.82618067        0.05499867
    28     78      2    -1224.70513071        0.05499867
    28     79      2    -1241.98278838        0.05499867
    28     80      2    -1226.19819626        0.05499867
    28     81      2    -1237.45012061        0.05499867
    28     82      2    -1221.77479869        0.05499867
    28     83      2    -1236.91362203        0.05499867
    28     84      2    -1227.32975916        0.05499867
    28     85      2    -1231.46416632        0.05499867
    28     86      2    -1222.17925105        0.05499867
    28     87      2    -1232.75857761        0.05499867
    28     88      2    -1213.55293948        0.05499867
    28     89      2    -1227.67388890        0.05499867
    28     90      2    -1240.66905789        0.05499867
    28     91      2    -1225.83756231        0.05499867
    28     92      2    -1237.15975210        0.05499867
    28     93      2    -1228.46991098        0.05499867
    28     94      2    -1237.85992759        0.05499867
    28     95      2    -1228.97946057        0.05499867
    28     96      2    -1241.35659636        0.05499867
    28     97      2    -1228.48504399        0.05499867
    28     98      2    -1237.17534818        0.05499867
    28     99      2    -1228.17486629        0.05499867
    28    100      2    -1238.77185419        0.05499867
    28    101      2    -1230.49924531        0.05499867
    28    102      2    -1243.99143072        0.05499867
    28    103      2    -1238.10110211        0.05499867
    28    104      2    -1249.03064647        0.05499867
    28    105      2    -1238.68789510        0.05499867
    28    106      2    -1248.52346534        0.05499867
    28    107      2    -1240.00792125        0.05499867
    28    108      2    -1252.61245382        0.05499867
    28    109      2    -1241.26758367        0.05499867
    28    110      2    -1254.87255130        0.05499867
    28    111      2    -1243.91832998        0.05499867
    28    112      2    -1256.53836180        0.05499867
    28    113      2    -1245.94213885        0.05499867
    28    114      2    -1259.29278066        0.05499867
    28    115      2    -1247.90910211        0.05499867
    28    116      2    -1259.87392655        0.05499867
    28    117      2    -1250.43264159        0.05499867
    28    118      2    -1260.14179286        0.05499867
    28    119      2    -1247.62264544        0.05499867
    28    120      2    -1259.04057915        0.05499867
    28    121      2    -1246.90835442        0.05499867
    28    122      2    -1250.89763818        0.05499867
    28    123      2    -1242.24187483        0.05499867
    28    124      2    -1249.11073904        0.05499867
    28    125      2    -1239.31964480        0.05499867
    28    126      2    -1246.96675982        0.05499867
    28    127      2    -1234.00638717        0.05499867
    28    128      2    -1246.57756566        0.05499867
    28    129      2    -1231.05931963        0.05499867
    28    130      2    -1239.32399187        0.05499867
    28    131      2    -1231.72423146        0.05499867
    28    132      2    -1235.99179633        0.05499867
    28    133      2    -1225.50478851        0.05499867
    28    134      2    -1231.67229143        0.05499867
    28    135      2    -1224.37415050        0.05499867
    28    136      2    -1227.54867970        0.05499867
    28    137      2    -1216.17829894        0.05499867
    28    138      2    -1227.77004273        0.05499867
    28    139      2    -1206.94810749        0.05499867
    28    140      2    -1221.56497590        0.05499867
    28    141      2    -1199.44337794        0.05499867
    28    142      2    -1199.23454269        0.05499867
    28    143      2    -1205.10713627        0.05499867
    28    144      2    -1190.77144667        0.05499867
    28    145      2    -1229.15761645        0.05499867
    28    146      2    -1229.15761645        0.05499867
    28    147      2    -1229.15761645        0.05499867
    28    148      2    -1229.15761645        0.05499867
    28    149      2    -1229.15761645        0.05499867
    28    150      2    -1229.15761645        0.05499867
    28    151      2    -1229.15761645        0.05499867
    28    152      2    -1229.15761645        0.05499867
    28    153      2    -1229.15761645        0.05499867
    28    154      2    -1118.32523329        0.05499867
    28    155      2    -1122.56944556        0.05499867
    28    156      2    -1101.48056731        0.05499867
    28    157      2    -1105.83677733        0.05499867
    28    158      2    -1127.00893486        0.05499867
    28    159      2    -1073.87314995        0.05499867
    28    160      2    -1109.36922666        0.05499867
    28    161      2    -1110.46045041        0.05499867
    28    162      2    -1113.98904734        0.05499867
    28    163      2    -1096.60807056        0.05499867
    28    164      2    -1106.93129782        0.05499867
    28    165      2    -1116.64100721        0.05499867
    28    166      2    -1116.68405785        0.05499867
    28    167      2    -1106.10021813        0.05499867
    28    168      2    -1138.38994237        0.05499867
    28    169      2    -1147.00529453        0.05499867
    28    170      2    -1146.81634608        0.05499867
    28    171      2    -1174.73020421        0.05499867
    28    172      2    -1180.76426619        0.05499867
    28    173      2    -1181.03199987        0.05499867
    28    174      2    -1212.42572884        0.05499867
    28    175      2    -1204.81646462        0.05499867
    28    176      2    -1218.39002194        0.05499867
    28    177      2    -1214.91058321        0.05499867
    29      0      2    -1232.29990179        0.05496954
    29      1      2    -1232.29990179        0.05496954
    29      2      2    -1232.29990179        0.05496954
    29      3      2    -1232.29990179        0.05496954
    29      4      2    -1232.29990179        0.05496954
    29      5      2     -967.26120657        0.05496954
    29      6      2    -1043.23351142        0.05496954
    29      7      2    -1086.82783097        0.05496954
    29      8      2    -1095.03817624        0.05496954
    29      9      2    -1065.33381290        0.05496954
    29     10      2    -1124.49420303        0.05496954
    29     11      2    -1120.43195742        0.05496954
    29     12      2    -1187.17782994        0.05496954
    29     13      2    -1130.81801465        0.05496954
    29     14      2    -1199.35570621        0.05496954
    29     15      2    -1183.61568565        0.05496954
    29     16      2    -1206.35999811        0.05496954
    29     17      2    -1201.07253037        0.05496954
    29     18      2    -1214.00681036        0.05496954
    29     19      2    -1227.16362353        0.05496954
    29     20      2    -1225.67624175        0.05496954
    29     21      2    -1241.02165552        0.05496954
    29     22      2    -1236.86922673        0.05496954
    29     23      2    -1242.68723525        0.05496954
    29     24      2    -1249.79245804        0.05496954
    29     25      2    -1247.49721338        0.05496954
    29     26      2    -1256.39210105        0.05496954
    29     27      2    -1251.07352028        0.05496954
    29     28      2    -1253.55080982        0.05496954
    29     29      2    -1257.48791856        0.05496954
    29     30      2    -1250.12224541        0.05496954
    29     31      2    -1257.86064584        0.05496954
    29     32      2    -1252.50948302        0.05496954
    29     33      2    -1263.02365412        0.05496954
    29     34      2    -1247.63430364        0.05496954
    29     35      2    -1263.78345298        0.05496954
    29     36      2    -1249.50608587        0.05496954
    29     37      2    -1257.64501553        0.05496954
    29     38      2    -1249.47936532        0.05496954
    29     39      2    -1256.90549530        0.05496954
    29     40      2    -1251.58657198        0.05496954
    29     41      2    -1250.45913948        0.05496954
    29     42      2    -1260.15215707        0.05496954
    29     43      2    -1248.26697735        0.05496954
    29     44      2    -1253.88581723        0.05496954
    29     45      2    -1253.24777576        0.05496954
    29     46      2    -1247.53603531        0.05496954
    29     47      2    -1253.10354450        0.05496954
    29     48      2    -1252.91124891        0.05496954
    29     49      2    -1246.28524385        0.05496954
    29     50      2    -1254.78891016        0.05496954
    29     51      2    -1248.87227792        0.05496954
    29     52      2    -1246.08951417        0.05496954
    29     53      2    -1249.42926917        0.05496954
    29     54      2    -1244.38024998        0.05496954
    29     55      2    -1247.06357213        0.05496954
    29     56      2    -1241.17451683        0.05496954
    29     57      2    -1248.09598829        0.05496954
    29     58      2    -1245.20369653        0.05496954
    29     59      2    -1241.31132919        0.05496954
    29     60      2    -1238.97341911        0.05496954
    29     61      2    -1241.69800319        0.05496954
    29     62      2    -1243.87968406        0.05496954
    29     63      2    -1237.78193713        0.05496954
    29     64      2    -1236.04065304        0.05496954
    29     65      2    -1240.48564712        0.05496954
    29     66      2    -1226.73955055        0.05496954
    29     67      2    -1241.38345327        0.05496954
    29     68      2    -1230.69786787        0.05496954
    29     69      2    -1238.42930917        0.05496954
    29     70      2    -1226.74108014        0.05496954
    29     71      2    -1240.52861271        0.05496954
    29     72      2    -1229.88166288        0.05496954
    29     73      2    -1237.92661071        0.05496954
    29     74      2    -1226.78954428        0.05496954
    29     75      2    -1236.31662752        0.05496954
    29     76      2    -1223.71209451        0.05496954
    29     77      2    -1236.24839981        0.05496954
    29     78      2    -1231.16482676        0.05496954
    29     79      2    -1244.09248192        0.05496954
    29     80      2    -1237.12417015        0.05496954
    29     81      2    -1242.51998172        0.05496954
    29     82      2    -1240.63368211        0.05496954
    29     83      2    -1241.01280552        0.05496954
    29     84      2    -1244.13169666        0.05496954
    29     85      2    -1247.43426858        0.05496954
    29     86      2    -1249.45864497        0.05496954
    29     87      2    -1248.47494232        0.05496954
    29     88      2    -1248.99468359        0.05496954
    29     89      2    -1252.47123814        0.05496954
    29     90      2    -1247.38957402        0.05496954
    29     91      2    -1251.10422939        0.05496954
    29     92      2    -1254.28559010        0.05496954
    29     93      2    -1245.81536412        0.05496954
    29     94      2    -1253.61906419        0.05496954
    29     95      2    -1255.15782396        0.05496954
    29     96      2    -1248.77104179        0.05496954
    29     97      2    -1253.79336810        0.05496954
    29     98      2    -1248.13919875        0.05496954
    29     99      2    -1246.88238738        0.05496954
    29    100      2    -1249.02143451        0.05496954
    29    101      2    -1244.21604612        0.05496954
    29    102      2    -1243.05173587        0.05496954
    29    103      2    -1243.54127112        0.05496954
    29    104      2    -1235.71507366        0.05496954
    29    105      2    -1241.18186681        0.05496954
    29    106      2    -1231.02109185        0.05496954
    29    107      2    -1231.23584675        0.05496954
    29    108      2    -1221.94440510        0.05496954
    29    109      2    -1227.03424076        0.05496954
    29    110      2    -1205.53380391        0.05496954
    29    111      2    -1214.34827449        0.05496954
    29    112      2    -1199.50470763        0.05496954
    29    113      2    -1198.84165523        0.05496954
    29    114      2    -1192.91183162        0.05496954
    29    115      2    -1183.27655919        0.05496954
    29    116      2    -1168.27628305        0.05496954
    29    117      2    -1148.19715122        0.05496954
    29    118      2    -1203.20147779        0.05496954
    29    119      2    -1135.63039661        0.05496954
    29    120      2    -1108.48187734        0.05496954
    29    121      2    -1106.18735249        0.05496954
    29    122      2    -1069.68777414        0.05496954
    29    123      2    -1089.99522562        0.05496954
    29    124      2    -1048.79594962        0.05496954
    29    125      2    -1232.29990179        0.05496954
    29    126      2    -1232.29990179        0.05496954
    29    127      2    -1232.29990179        0.05496954
    29    128      2    -1232.29990179        0.05496954
    29    129      2    -1232.29990179        0.05496954
    30      0      2     -954.15862761        0.05497924
    30      1      2    -1094.39485419        0.05497924
    30      2      2    -1167.65721294        0.05497924
    30      3      2    -1099.22959258        0.05497924
    30      4      2    -1076.63115704        0.05497924
    30      5      2    -1117.42106505        0.05497924
    30      6      2    -1110.68567246        0.05497924
    30      7      2    -1125.92809133        0.05497924
    30      8      2    -1149.38886284        0.05497924
    30      9      2    -1168.42685072        0.05497924
    30     10      2    -1155.88825898        0.05497924
    30     11      2    -1185.58772775        0.05497924
    30     12      2    -1170.24893927        0.05497924
    30     13      2    -1189.38739758        0.05497924
    30     14      2    -1194.98787259        0.05497924
    30     15      2    -1188.98217428        0.05497924
    30     16      2    -1204.21343181        0.05497924
    30     17      2    -1198.92878309        0.05497924
    30     18      2    -1207.72419445        0.05497924
    30     19      2    -1210.72763160        0.05497924
    30     20      2    -1208.39317926        0.05497924
    30     21      2    -1210.19579037        0.05497924
    30     22      2    -1213.75927930        0.05497924
    30     23      2    -1213.13263182        0.05497924
    30     24      2    -1214.48543657        0.05497924
    30     25      2    -1215.09632850        0.05497924
    30     26      2    -1212.15377671        0.05497924
    30     27      2    -1227.39710276        0.05497924
    30     28      2    -1200.25071860        0.05497924
    30     29      2    -1226.70606341        0.05497924
    30     30      2    -1218.35047357        0.05497924
    30     31      2    -1214.12309572        0.05497924
    30     32      2    -1217.32227545        0.05497924
    30     33      2    -1208.88694993        0.05497924
    30     34      2    -1216.69397056        0.05497924
    30     35      2    -1211.10695749        0.05497924
    30     36      2    -1215.70998084        0.05497924
    30     37      2    -1208.45457914        0.05497924
    30     38      2    -1211.69843867        0.05497924
    30     39      2    -1203.28060583        0.05497924
    30     40      2    -1213.94511882        0.05497924
    30     41      2    -1203.59424508        0.05497924
    30     42      2    -1211.85834021        0.05497924
    30     43      2    -1198.00240401        0.05497924
    30     44      2    -1207.11257816        0.05497924
    30     45      2    -1195.67287828        0.05497924
    30     46      2    -1203.11252501        0.05497924
    30     47      2    -1194.39331121        0.05497924
    30     48      2    -1201.44002065        0.05497924
    30     49      2    -1188.99295109        0.05497924
    30     50      2    -1198.43100204        0.05497924
    30     51      2    -1196.43522448        0.05497924
    30     52      2    -1189.94822490        0.05497924
    30     53      2    -1179.05241280        0.05497924
    30     54      2    -1192.31230450        0.05497924
    30     55      2    -1188.74456651        0.05497924
    30     56      2    -1194.87396903        0.05497924
    30     57      2    -1182.44272137        0.05497924
    30     58      2    -1189.80245042        0.05497924
    30     59      2    -1179.31164403        0.05497924
    30     60      2    -1186.88652700        0.05497924
    30     61      2    -1181.29410869        0.05497924
    30     62      2    -1186.72547987        0.05497924
    30     63      2    -1176.93087303        0.05497924
    30     64      2    -1178.61879213        0.05497924
    30     65      2    -1173.81369000        0.05497924
    30     66      2    -1183.87643493        0.05497924
    30     67      2    -1182.15487419        0.05497924
    30     68      2    -1190.48464131        0.05497924
    30     69      2    -1178.35974680        0.05497924
    30     70      2    -1191.60761040        0.05497924
    30     71      2    -1181.54521535        0.05497924
    30     72      2    -1192.06494995        0.05497924
    30     73      2    -1185.12073629        0.05497924
    30     74      2    -1193.54605189        0.05497924
    30     75      2    -1187.92440486        0.05497924
    30     76      2    -1196.93787014        0.05497924
    30     77      2    -1188.21403988        0.05497924
    30     78      2    -1196.21437303        0.05497924
    30     79      2    -1187.42854806        0.05497924
    30     80      2    -1194.07789313        0.05497924
    30     81      2    -1184.31439234        0.05497924
    30     82      2    -1196.32014616        0.05497924
    30     83      2    -1180.98018624        0.05497924
    30     84      2    -1189.84092843        0.05497924
    30     85      2    -1175.37934881        0.05497924
    30     86      2    -1189.10029712        0.05497924
    30     87      2    -1173.28465586        0.05497924
    30     88      2    -1186.23122369        0.05497924
    30     89      2    -1173.91971952        0.05497924
    30     90      2    -1183.23506931        0.05497924
    30     91      2    -1168.40184259        0.05497924
    30     92      2    -1176.15740005        0.05497924
    30     93      2    -1155.53850667        0.05497924
    30     94      2    -1163.74522863        0.05497924
    30     95      2    -1155.07177390        0.05497924
    30     96      2    -1162.63296539        0.05497924
    30     97      2    -1140.95290179        0.05497924
    30     98      2    -1143.93874558        0.05497924
    30     99      2    -1120.20606908        0.05497924
    30    100      2    -1129.71820225        0.05497924
    30    101      2    -1089.29253852        0.05497924
    30    102      2    -1142.94246712        0.05497924
    30    103      2    -1083.39821004        0.05497924
    30    104      2    -1074.83742873        0.05497924
    30    105      2    -1044.56128089        0.05497924
    30    106      2    -1051.98055259        0.05497924
    30    107      2    -1030.24244799        0.05497924
    31      0      2    -1095.54849192        0.05495887
    31      1      2    -1121.62612207        0.05495887
    31      2      2    -1160.03620443        0.05495887
    31      3      2    -1134.86787972        0.05495887
    31      4      2    -1162.39713839        0.05495887
    31      5      2    -1164.03050094        0.05495887
    31      6      2    -1177.39222673        0.05495887
    31      7      2    -1176.39670881        0.05495887
    31      8      2    -1199.42752902        0.05495887
    31      9      2    -1185.36028508        0.05495887
    31     10      2    -1208.90209614        0.05495887
    31     11      2    -1198.38150791        0.05495887
    31     12      2    -1208.12623402        0.05495887
    31     13      2    -1205.49888061        0.05495887
    31     14      2    -1218.64163343        0.05495887
    31     15      2    -1211.60166660        0.05495887
    31     16      2    -1209.86261675        0.05495887
    31     17      2    -1218.73892425        0.05495887
    31     18      2    -1201.79901502        0.05495887
    31     19      2    -1225.27373713        0.05495887
    31     20      2    -1208.05683618        0.05495887
    31     21      2    -1220.68721955        0.05495887
    31     22      2    -1215.77527103        0.05495887
    31     23      2    -1215.48673214        0.05495887
    31     24      2    -1210.35754830        0.05495887
    31     25      2    -1215.27451285        0.05495887
    31     26      2    -1209.26146928        0.05495887
    31     27      2    -1212.09255979        0.05495887
    31     28      2    -1201.62314960        0.05495887
    31     29      2    -1204.74980148        0.05495887
    31     30      2    -1210.93972774        0.05495887
    31     31      2    -1201.90193119        0.05495887
    31     32      2    -1198.69852927        0.05495887
    31     33      2    -1200.49437816        0.05495887
    31     34      2    -1196.50924562        0.05495887
    31     35      2    -1191.46218880        0.05495887
    31     36      2    -1193.18413243        0.05495887
    31     37      2    -1189.48969840        0.05495887
    31     38      2    -1183.75833162        0.05495887
    31     39      2    -1168.51299736        0.05495887
    31     40      2    -1179.57865497        0.05495887
    31     41      2    -1171.28153298        0.05495887
    31     42      2    -1174.87554411        0.05495887
    31     43      2    -1172.78684461        0.05495887
    31     44      2    -1165.43168493        0.05495887
    31     45      2    -1168.98582738        0.05495887
    31     46      2    -1166.37907331        0.05495887
    31     47      2    -1169.88983033        0.05495887
    31     48      2    -1164.92231696        0.05495887
    31     49      2    -1156.29905051        0.05495887
    31     50      2    -1173.10487232        0.05495887
    31     51      2    -1171.35163217        0.05495887
    31     52      2    -1171.48520851        0.05495887
    31     53      2    -1164.00985456        0.05495887
    31     54      2    -1159.73017856        0.05495887
    31     55      2    -1156.11507510        0.05495887
    31     56      2    -1159.77791762        0.05495887
    31     57      2    -1158.83643395        0.05495887
    31     58      2    -1168.46994045        0.05495887
    31     59      2    -1164.60037108        0.05495887
    31     60      2    -1171.51707465        0.05495887
    31     61      2    -1171.74228307        0.05495887
    31     62      2    -1182.11754462        0.05495887
    31     63      2    -1178.09726930        0.05495887
    31     64      2    -1172.09163044        0.05495887
    31     65      2    -1183.67495361        0.05495887
    31     66      2    -1177.67402347        0.05495887
    31     67      2    -1178.69276134        0.05495887
    31     68      2    -1176.11173884        0.05495887
    31     69      2    -1178.24094369        0.05495887
    31     70      2    -1166.11115627        0.05495887
    31     71      2    -1183.94004125        0.05495887
    31     72      2    -1169.22620928        0.05495887
    31     73      2    -1175.09904763        0.05495887
    31     74      2    -1165.83014260        0.05495887
    31     75      2    -1170.30416486        0.05495887
    31     76      2    -1162.12398074        0.05495887
    31     77      2    -1162.16668082        0.05495887
    31     78      2    -1152.38604530        0.05495887
    31     79      2    -1149.72167264        0.05495887
    31     80      2    -1132.19193508        0.05495887
    31     81      2    -1146.78996071        0.05495887
    31     82      2    -1133.09573051        0.05495887
    31     83      2    -1131.96275429        0.05495887
    31     84      2    -1127.22150572        0.05495887
    31     85      2    -1119.03371025        0.05495887
    31     86      2    -1101.31813393        0.05495887
    31     87      2    -1095.38828469        0.05495887
    31     88      2    -1085.30460728        0.05495887
    31     89      2    -1094.19492993        0.05495887
########################################
# Coboparameter                        #
# no parameter corresponds to be 50.   #
########################################
#Cobo 	dummy	ATY	p0	p1     p2
       0       0       3      -80     19.62084395      0.01000000
       1       0       3      -80     18.82458509      0.01000000
       2       0       3      -80     18.62193640      0.01000000
       3       0       3      -80    -30.62884829      0.01000000
       4       0       3      -80    -11.81180552      0.01000000
       5       0       3      -80     18.02216065      0.01000000
       6       0       3      -80     17.42333373      0.01000000
       7       0       3      -80     18.62246189      0.01000000
#####################################################################
# TPC Resolution Parameter (L : p0)			            #
# res_xz^2 = p0^2 + p2^2/(exp(-p1*y)/p3*y + p4^2/12*tan(alpha)^2/p5 #
# res_y^2 = p6^2 + p7^2/(exp(-p1*y)/p8*y                            #
#####################################################################
#B    INorOUt  ATY	p0	p1	p2	p3	p4	p5	p6	p7	p8
#
0	0	4	0.75030000	0.00000000	0.35560000	100.00000000	9.00000000	1.69080000	1.00000000	0.00000000	1.00000000
0	1	4	0.38710000	0.00000000	0.35560000	100.00000000	12.50000000	3.65020000	1.00000000	0.00000000	1.00000000
1	0	4	0.75030000	0.00000000	0.09530000	100.00000000	9.00000000	1.69080000	1.00000000	0.00000000	1.00000000
1	1	4	0.38710000	0.00000000	0.09530000	100.00000000	12.50000000	3.65020000	1.00000000	0.00000000	1.00000000
