#
#  TPCParam_e72_20260523
#  Gain Calib : HS On HTOF calib, Noise(Tohoku 2024Jan) off
#  Cobo Phaseshift : run02594
#  
#______________________________________________________________________________
#
# Layer	Row	ATY	p0	p1
#
########################################
# TPC ADC : cde = (de-p0)*p1           #
########################################
   0    0    0     0.00000000     1.35036625
   0    1    0     0.00000000     1.35036625
   0    2    0     0.00000000     1.35036625
   0    3    0     0.00000000     1.35036625
   0    4    0     0.00000000     1.35036625
   0    5    0     0.00000000     1.35036625
   0    6    0     0.00000000     1.35036625
   0    7    0     0.00000000     1.35036625
   0    8    0     0.00000000     1.35036625
   0    9    0     0.00000000     1.35036625
   0   10    0     0.00000000     1.35036625
   0   11    0     0.00000000     1.35036625
   0   12    0     0.00000000     1.35036625
   0   13    0     0.00000000     1.35036625
   0   14    0     0.00000000     1.35036625
   0   15    0     0.00000000     1.35036625
   0   16    0     0.00000000     1.35036625
   0   17    0     0.00000000     1.35036625
   0   18    0     0.00000000     1.35036625
   0   19    0     0.00000000     1.35036625
   0   20    0     0.00000000     1.35036625
   0   21    0     0.00000000     1.35036625
   0   22    0     0.00000000     1.35036625
   0   23    0     0.00000000     1.35036625
   0   24    0     0.00000000     1.35036625
   0   25    0     0.00000000     1.35036625
   0   26    0     0.00000000     1.35036625
   0   27    0     0.00000000     1.35036625
   0   28    0     0.00000000     1.35036625
   0   29    0     0.00000000     1.35036625
   0   30    0     0.00000000     1.35036625
   0   31    0     0.00000000     1.35036625
   0   32    0     0.00000000     1.35036625
   0   33    0     0.00000000     1.35036625
   0   34    0     0.00000000     1.35036625
   0   35    0     0.00000000     1.35036625
   0   36    0     0.00000000     1.35036625
   0   37    0     0.00000000     1.35036625
   0   38    0     0.00000000     1.35036625
   0   39    0     0.00000000     1.35036625
   0   40    0     0.00000000     1.35036625
   0   41    0     0.00000000     1.35036625
   0   42    0     0.00000000     1.35036625
   0   43    0     0.00000000     1.35036625
   0   44    0     0.00000000     1.35036625
   0   45    0     0.00000000     1.35036625
   0   46    0     0.00000000     1.35036625
   0   47    0     0.00000000     1.35036625
   1    0    0     0.00000000     1.35036625
   1    1    0     0.00000000     1.35036625
   1    2    0     0.00000000     1.35036625
   1    3    0     0.00000000     1.35036625
   1    4    0     0.00000000     1.35036625
   1    5    0     0.00000000     1.35036625
   1    6    0     0.00000000     1.35036625
   1    7    0     0.00000000     1.35036625
   1    8    0     0.00000000     1.35036625
   1    9    0     0.00000000     1.35036625
   1   10    0     0.00000000     1.35036625
   1   11    0     0.00000000     1.35036625
   1   12    0     0.00000000     1.35036625
   1   13    0     0.00000000     1.35036625
   1   14    0     0.00000000     1.35036625
   1   15    0     0.00000000     1.35036625
   1   16    0     0.00000000     1.35036625
   1   17    0     0.00000000     1.35036625
   1   18    0     0.00000000     1.35036625
   1   19    0     0.00000000     1.35036625
   1   20    0     0.00000000     1.35036625
   1   21    0     0.00000000     1.35036625
   1   22    0     0.00000000     1.35036625
   1   23    0     0.00000000     1.35036625
   1   24    0     0.00000000     1.35036625
   1   25    0     0.00000000     1.35036625
   1   26    0     0.00000000     1.35036625
   1   27    0     0.00000000     1.35036625
   1   28    0     0.00000000     1.35036625
   1   29    0     0.00000000     1.35036625
   1   30    0     0.00000000     1.35036625
   1   31    0     0.00000000     1.35036625
   1   32    0     0.00000000     1.35036625
   1   33    0     0.00000000     1.35036625
   1   34    0     0.00000000     1.35036625
   1   35    0     0.00000000     1.35036625
   1   36    0     0.00000000     1.35036625
   1   37    0     0.00000000     1.35036625
   1   38    0     0.00000000     1.35036625
   1   39    0     0.00000000     1.35036625
   1   40    0     0.00000000     1.35036625
   1   41    0     0.00000000     1.35036625
   1   42    0     0.00000000     1.35036625
   1   43    0     0.00000000     1.35036625
   1   44    0     0.00000000     1.35036625
   1   45    0     0.00000000     1.35036625
   1   46    0     0.00000000     1.35036625
   1   47    0     0.00000000     1.35036625
   2    0    0     0.00000000     1.35036625
   2    1    0     0.00000000     1.35036625
   2    2    0     0.00000000     1.35036625
   2    3    0     0.00000000     1.35036625
   2    4    0     0.00000000     1.35036625
   2    5    0     0.00000000     1.35036625
   2    6    0     0.00000000     1.35036625
   2    7    0     0.00000000     1.35036625
   2    8    0     0.00000000     1.35036625
   2    9    0     0.00000000     1.35036625
   2   10    0     0.00000000     1.35036625
   2   11    0     0.00000000     1.35036625
   2   12    0     0.00000000     1.35036625
   2   13    0     0.00000000     1.35036625
   2   14    0     0.00000000     1.35036625
   2   15    0     0.00000000     1.35036625
   2   16    0     0.00000000     1.35036625
   2   17    0     0.00000000     1.35036625
   2   18    0     0.00000000     1.35036625
   2   19    0     0.00000000     1.35036625
   2   20    0     0.00000000     1.35036625
   2   21    0     0.00000000     1.35036625
   2   22    0     0.00000000     1.35036625
   2   23    0     0.00000000     1.35036625
   2   24    0     0.00000000     1.35036625
   2   25    0     0.00000000     1.35036625
   2   26    0     0.00000000     1.35036625
   2   27    0     0.00000000     1.35036625
   2   28    0     0.00000000     1.35036625
   2   29    0     0.00000000     1.35036625
   2   30    0     0.00000000     1.35036625
   2   31    0     0.00000000     1.35036625
   2   32    0     0.00000000     1.35036625
   2   33    0     0.00000000     1.35036625
   2   34    0     0.00000000     1.35036625
   2   35    0     0.00000000     1.35036625
   2   36    0     0.00000000     1.35036625
   2   37    0     0.00000000     1.35036625
   2   38    0     0.00000000     1.35036625
   2   39    0     0.00000000     1.35036625
   2   40    0     0.00000000     1.35036625
   2   41    0     0.00000000     1.35036625
   2   42    0     0.00000000     1.35036625
   2   43    0     0.00000000     1.35036625
   2   44    0     0.00000000     1.35036625
   2   45    0     0.00000000     1.35036625
   2   46    0     0.00000000     1.35036625
   2   47    0     0.00000000     1.35036625
   2   48    0     0.00000000     1.35036625
   2   49    0     0.00000000     1.35036625
   2   50    0     0.00000000     1.35036625
   2   51    0     0.00000000     1.35036625
   2   52    0     0.00000000     1.35036625
   2   53    0     0.00000000     1.35036625
   2   54    0     0.00000000     1.35036625
   2   55    0     0.00000000     1.35036625
   2   56    0     0.00000000     1.35036625
   2   57    0     0.00000000     1.35036625
   2   58    0     0.00000000     1.35036625
   2   59    0     0.00000000     1.35036625
   2   60    0     0.00000000     1.35036625
   2   61    0     0.00000000     1.35036625
   2   62    0     0.00000000     1.35036625
   2   63    0     0.00000000     1.35036625
   2   64    0     0.00000000     1.35036625
   2   65    0     0.00000000     1.35036625
   2   66    0     0.00000000     1.35036625
   2   67    0     0.00000000     1.35036625
   2   68    0     0.00000000     1.35036625
   2   69    0     0.00000000     1.35036625
   2   70    0     0.00000000     1.35036625
   2   71    0     0.00000000     1.35036625
   3    0    0     0.00000000     1.35036625
   3    1    0     0.00000000     1.35036625
   3    2    0     0.00000000     1.35036625
   3    3    0     0.00000000     1.35036625
   3    4    0     0.00000000     1.35036625
   3    5    0     0.00000000     1.35036625
   3    6    0     0.00000000     1.35036625
   3    7    0     0.00000000     1.35036625
   3    8    0     0.00000000     1.35036625
   3    9    0     0.00000000     1.35036625
   3   10    0     0.00000000     1.35036625
   3   11    0     0.00000000     1.35036625
   3   12    0     0.00000000     1.35036625
   3   13    0     0.00000000     1.35036625
   3   14    0     0.00000000     1.35036625
   3   15    0     0.00000000     1.35036625
   3   16    0     0.00000000     1.35036625
   3   17    0     0.00000000     1.35036625
   3   18    0     0.00000000     1.35036625
   3   19    0     0.00000000     1.35036625
   3   20    0     0.00000000     1.35036625
   3   21    0     0.00000000     1.35036625
   3   22    0     0.00000000     1.35036625
   3   23    0     0.00000000     1.35036625
   3   24    0     0.00000000     1.35036625
   3   25    0     0.00000000     1.35036625
   3   26    0     0.00000000     1.35036625
   3   27    0     0.00000000     1.35036625
   3   28    0     0.00000000     1.35036625
   3   29    0     0.00000000     1.35036625
   3   30    0     0.00000000     1.35036625
   3   31    0     0.00000000     1.35036625
   3   32    0     0.00000000     1.35036625
   3   33    0     0.00000000     1.35036625
   3   34    0     0.00000000     1.35036625
   3   35    0     0.00000000     1.35036625
   3   36    0     0.00000000     1.35036625
   3   37    0     0.00000000     1.35036625
   3   38    0     0.00000000     1.35036625
   3   39    0     0.00000000     1.35036625
   3   40    0     0.00000000     1.35036625
   3   41    0     0.00000000     1.35036625
   3   42    0     0.00000000     1.35036625
   3   43    0     0.00000000     1.35036625
   3   44    0     0.00000000     1.35036625
   3   45    0     0.00000000     1.35036625
   3   46    0     0.00000000     1.35036625
   3   47    0     0.00000000     1.35036625
   3   48    0     0.00000000     1.35036625
   3   49    0     0.00000000     1.35036625
   3   50    0     0.00000000     1.35036625
   3   51    0     0.00000000     1.35036625
   3   52    0     0.00000000     1.35036625
   3   53    0     0.00000000     1.35036625
   3   54    0     0.00000000     1.35036625
   3   55    0     0.00000000     1.35036625
   3   56    0     0.00000000     1.35036625
   3   57    0     0.00000000     1.35036625
   3   58    0     0.00000000     1.35036625
   3   59    0     0.00000000     1.35036625
   3   60    0     0.00000000     1.35036625
   3   61    0     0.00000000     1.35036625
   3   62    0     0.00000000     1.35036625
   3   63    0     0.00000000     1.35036625
   3   64    0     0.00000000     1.35036625
   3   65    0     0.00000000     1.35036625
   3   66    0     0.00000000     1.35036625
   3   67    0     0.00000000     1.35036625
   3   68    0     0.00000000     1.35036625
   3   69    0     0.00000000     1.35036625
   3   70    0     0.00000000     1.35036625
   3   71    0     0.00000000     1.35036625
   3   72    0     0.00000000     1.35036625
   3   73    0     0.00000000     1.35036625
   3   74    0     0.00000000     1.35036625
   3   75    0     0.00000000     1.35036625
   3   76    0     0.00000000     1.35036625
   3   77    0     0.00000000     1.35036625
   3   78    0     0.00000000     1.35036625
   3   79    0     0.00000000     1.35036625
   3   80    0     0.00000000     1.35036625
   3   81    0     0.00000000     1.35036625
   3   82    0     0.00000000     1.35036625
   3   83    0     0.00000000     1.35036625
   3   84    0     0.00000000     1.35036625
   3   85    0     0.00000000     1.35036625
   3   86    0     0.00000000     1.35036625
   3   87    0     0.00000000     1.35036625
   3   88    0     0.00000000     1.35036625
   3   89    0     0.00000000     1.35036625
   3   90    0     0.00000000     1.35036625
   3   91    0     0.00000000     1.35036625
   3   92    0     0.00000000     1.35036625
   3   93    0     0.00000000     1.35036625
   3   94    0     0.00000000     1.35036625
   3   95    0     0.00000000     1.35036625
   4    0    0     0.00000000     1.35036625
   4    1    0     0.00000000     1.35036625
   4    2    0     0.00000000     1.35036625
   4    3    0     0.00000000     1.35036625
   4    4    0     0.00000000     1.35036625
   4    5    0     0.00000000     1.35036625
   4    6    0     0.00000000     1.35036625
   4    7    0     0.00000000     1.35036625
   4    8    0     0.00000000     1.35036625
   4    9    0     0.00000000     1.35036625
   4   10    0     0.00000000     1.35036625
   4   11    0     0.00000000     1.35036625
   4   12    0     0.00000000     1.35036625
   4   13    0     0.00000000     1.35036625
   4   14    0     0.00000000     1.35036625
   4   15    0     0.00000000     1.35036625
   4   16    0     0.00000000     1.35036625
   4   17    0     0.00000000     1.35036625
   4   18    0     0.00000000     1.35036625
   4   19    0     0.00000000     1.35036625
   4   20    0     0.00000000     1.35036625
   4   21    0     0.00000000     1.35036625
   4   22    0     0.00000000     1.35036625
   4   23    0     0.00000000     1.35036625
   4   24    0     0.00000000     1.35036625
   4   25    0     0.00000000     1.35036625
   4   26    0     0.00000000     1.35036625
   4   27    0     0.00000000     1.35036625
   4   28    0     0.00000000     1.35036625
   4   29    0     0.00000000     1.35036625
   4   30    0     0.00000000     1.35036625
   4   31    0     0.00000000     1.35036625
   4   32    0     0.00000000     1.35036625
   4   33    0     0.00000000     1.35036625
   4   34    0     0.00000000     1.35036625
   4   35    0     0.00000000     1.35036625
   4   36    0     0.00000000     1.35036625
   4   37    0     0.00000000     1.35036625
   4   38    0     0.00000000     1.35036625
   4   39    0     0.00000000     1.35036625
   4   40    0     0.00000000     1.35036625
   4   41    0     0.00000000     1.35036625
   4   42    0     0.00000000     1.35036625
   4   43    0     0.00000000     1.35036625
   4   44    0     0.00000000     1.35036625
   4   45    0     0.00000000     1.35036625
   4   46    0     0.00000000     1.35036625
   4   47    0     0.00000000     1.38734290
   4   48    0     0.00000000     1.35036625
   4   49    0     0.00000000     1.35036625
   4   50    0     0.00000000     1.35036625
   4   51    0     0.00000000     1.29680639
   4   52    0     0.00000000     1.22508528
   4   53    0     0.00000000     1.40877956
   4   54    0     0.00000000     1.35743632
   4   55    0     0.00000000     1.33559666
   4   56    0     0.00000000     1.32443240
   4   57    0     0.00000000     1.42309961
   4   58    0     0.00000000     1.35299359
   4   59    0     0.00000000     1.45354223
   4   60    0     0.00000000     1.34151216
   4   61    0     0.00000000     1.38360018
   4   62    0     0.00000000     1.34864348
   4   63    0     0.00000000     1.47681233
   4   64    0     0.00000000     1.47192914
   4   65    0     0.00000000     1.45558920
   4   66    0     0.00000000     1.35295818
   4   67    0     0.00000000     1.39878426
   4   68    0     0.00000000     1.28503771
   4   69    0     0.00000000     1.40085589
   4   70    0     0.00000000     1.39009096
   4   71    0     0.00000000     1.35036625
   4   72    0     0.00000000     1.29161027
   4   73    0     0.00000000     1.43234193
   4   74    0     0.00000000     1.26008201
   4   75    0     0.00000000     1.27680214
   4   76    0     0.00000000     1.21346428
   4   77    0     0.00000000     1.25800880
   4   78    0     0.00000000     1.35036625
   4   79    0     0.00000000     1.48522797
   4   80    0     0.00000000     1.35036625
   4   81    0     0.00000000     1.23040648
   4   82    0     0.00000000     1.35036625
   4   83    0     0.00000000     1.35036625
   4   84    0     0.00000000     1.35036625
   4   85    0     0.00000000     1.35036625
   4   86    0     0.00000000     1.35036625
   4   87    0     0.00000000     1.35036625
   4   88    0     0.00000000     1.35036625
   4   89    0     0.00000000     1.35036625
   4   90    0     0.00000000     1.35036625
   4   91    0     0.00000000     1.35036625
   4   92    0     0.00000000     1.35036625
   4   93    0     0.00000000     1.35036625
   4   94    0     0.00000000     1.35036625
   4   95    0     0.00000000     1.35036625
   4   96    0     0.00000000     1.35036625
   4   97    0     0.00000000     1.35036625
   4   98    0     0.00000000     1.35036625
   4   99    0     0.00000000     1.35036625
   4  100    0     0.00000000     1.35036625
   4  101    0     0.00000000     1.35036625
   4  102    0     0.00000000     1.35036625
   4  103    0     0.00000000     1.35036625
   4  104    0     0.00000000     1.35036625
   4  105    0     0.00000000     1.35036625
   4  106    0     0.00000000     1.35036625
   4  107    0     0.00000000     1.35036625
   4  108    0     0.00000000     1.35036625
   4  109    0     0.00000000     1.35036625
   4  110    0     0.00000000     1.35036625
   4  111    0     0.00000000     1.35036625
   4  112    0     0.00000000     1.35036625
   4  113    0     0.00000000     1.35036625
   4  114    0     0.00000000     1.35036625
   4  115    0     0.00000000     1.35036625
   4  116    0     0.00000000     1.35036625
   4  117    0     0.00000000     1.35036625
   4  118    0     0.00000000     1.35036625
   4  119    0     0.00000000     1.35036625
   5    0    0     0.00000000     1.33127898
   5    1    0     0.00000000     1.32912328
   5    2    0     0.00000000     1.33252020
   5    3    0     0.00000000     1.33364548
   5    4    0     0.00000000     1.35055770
   5    5    0     0.00000000     1.36075807
   5    6    0     0.00000000     1.41328913
   5    7    0     0.00000000     1.45604523
   5    8    0     0.00000000     1.34359649
   5    9    0     0.00000000     1.34399847
   5   10    0     0.00000000     1.33249297
   5   11    0     0.00000000     1.29519101
   5   12    0     0.00000000     1.32665658
   5   13    0     0.00000000     1.31114033
   5   14    0     0.00000000     1.27809385
   5   15    0     0.00000000     1.29614568
   5   16    0     0.00000000     1.33857454
   5   17    0     0.00000000     1.33673696
   5   18    0     0.00000000     1.27544719
   5   19    0     0.00000000     1.33064654
   5   20    0     0.00000000     1.38970761
   5   21    0     0.00000000     1.30932868
   5   22    0     0.00000000     1.23660282
   5   23    0     0.00000000     1.22457020
   5   24    0     0.00000000     1.23175646
   5   25    0     0.00000000     1.32323736
   5   26    0     0.00000000     1.34484262
   5   27    0     0.00000000     1.24859692
   5   28    0     0.00000000     1.34890581
   5   29    0     0.00000000     1.46256898
   5   30    0     0.00000000     1.30877793
   5   31    0     0.00000000     1.25457724
   5   32    0     0.00000000     1.33396219
   5   33    0     0.00000000     1.26485407
   5   34    0     0.00000000     1.02423174
   5   35    0     0.00000000     1.24291141
   5   36    0     0.00000000     1.30726265
   5   37    0     0.00000000     1.21305275
   5   38    0     0.00000000     1.28056338
   5   39    0     0.00000000     1.29084181
   5   40    0     0.00000000     1.21817814
   5   41    0     0.00000000     1.21528584
   5   42    0     0.00000000     1.33445824
   5   43    0     0.00000000     1.28993063
   5   44    0     0.00000000     1.16262593
   5   45    0     0.00000000     1.23001241
   5   46    0     0.00000000     1.18948175
   5   47    0     0.00000000     1.27442075
   5   48    0     0.00000000     1.30434958
   5   49    0     0.00000000     1.28218628
   5   50    0     0.00000000     1.23860252
   5   51    0     0.00000000     1.30656420
   5   52    0     0.00000000     1.19958461
   5   53    0     0.00000000     1.29788789
   5   54    0     0.00000000     1.42580117
   5   55    0     0.00000000     1.36987808
   5   56    0     0.00000000     1.42855413
   5   57    0     0.00000000     1.31178489
   5   58    0     0.00000000     1.31454371
   5   59    0     0.00000000     1.22833647
   5   60    0     0.00000000     1.28930557
   5   61    0     0.00000000     1.34147333
   5   62    0     0.00000000     1.30006038
   5   63    0     0.00000000     1.28467397
   5   64    0     0.00000000     1.24637267
   5   65    0     0.00000000     1.22016465
   5   66    0     0.00000000     1.23264358
   5   67    0     0.00000000     1.24375617
   5   68    0     0.00000000     1.19855179
   5   69    0     0.00000000     1.03754443
   5   70    0     0.00000000     1.12207235
   5   71    0     0.00000000     1.23974904
   5   72    0     0.00000000     1.20962342
   5   73    0     0.00000000     1.20454559
   5   74    0     0.00000000     1.22565257
   5   75    0     0.00000000     1.19780557
   5   76    0     0.00000000     1.23031857
   5   77    0     0.00000000     1.12891108
   5   78    0     0.00000000     1.23465388
   5   79    0     0.00000000     1.14397223
   5   80    0     0.00000000     1.15755899
   5   81    0     0.00000000     1.30393206
   5   82    0     0.00000000     1.13100076
   5   83    0     0.00000000     1.21643535
   5   84    0     0.00000000     1.15665699
   5   85    0     0.00000000     1.22138877
   5   86    0     0.00000000     1.01762132
   5   87    0     0.00000000     1.23631314
   5   88    0     0.00000000     1.38418280
   5   89    0     0.00000000     1.07959002
   5   90    0     0.00000000     1.19233389
   5   91    0     0.00000000     1.16778033
   5   92    0     0.00000000     1.13961635
   5   93    0     0.00000000     1.36585592
   5   94    0     0.00000000     1.12272000
   5   95    0     0.00000000     1.14155596
   5   96    0     0.00000000     1.15009658
   5   97    0     0.00000000     1.11492409
   5   98    0     0.00000000     1.22188253
   5   99    0     0.00000000     1.15906697
   5  100    0     0.00000000     1.33172946
   5  101    0     0.00000000     1.15109534
   5  102    0     0.00000000     1.13629695
   5  103    0     0.00000000     1.24733292
   5  104    0     0.00000000     1.23678579
   5  105    0     0.00000000     1.34676408
   5  106    0     0.00000000     1.26710328
   5  107    0     0.00000000     1.13000954
   5  108    0     0.00000000     1.27364106
   5  109    0     0.00000000     1.36048135
   5  110    0     0.00000000     1.26556529
   5  111    0     0.00000000     1.32090263
   5  112    0     0.00000000     1.33411704
   5  113    0     0.00000000     1.24793080
   5  114    0     0.00000000     1.38926975
   5  115    0     0.00000000     1.24845581
   5  116    0     0.00000000     1.24611670
   5  117    0     0.00000000     1.29221114
   5  118    0     0.00000000     1.29585264
   5  119    0     0.00000000     1.29876366
   5  120    0     0.00000000     1.26058917
   5  121    0     0.00000000     1.30537360
   5  122    0     0.00000000     1.26769222
   5  123    0     0.00000000     1.23733723
   5  124    0     0.00000000     1.26826326
   5  125    0     0.00000000     1.18551029
   5  126    0     0.00000000     1.19340988
   5  127    0     0.00000000     1.17469732
   5  128    0     0.00000000     1.22267309
   5  129    0     0.00000000     1.22915957
   5  130    0     0.00000000     1.33467617
   5  131    0     0.00000000     1.29560608
   5  132    0     0.00000000     1.24897376
   5  133    0     0.00000000     1.21812675
   5  134    0     0.00000000     1.41117708
   5  135    0     0.00000000     1.26931683
   5  136    0     0.00000000     1.30809782
   5  137    0     0.00000000     1.37461702
   5  138    0     0.00000000     1.32427900
   5  139    0     0.00000000     1.24555552
   5  140    0     0.00000000     1.28616187
   5  141    0     0.00000000     1.31535732
   5  142    0     0.00000000     1.29681346
   5  143    0     0.00000000     1.31946894
   6    0    0     0.00000000     1.19036698
   6    1    0     0.00000000     1.20328330
   6    2    0     0.00000000     1.23784750
   6    3    0     0.00000000     1.22297581
   6    4    0     0.00000000     1.21677149
   6    5    0     0.00000000     1.16920716
   6    6    0     0.00000000     1.24540975
   6    7    0     0.00000000     1.26512270
   6    8    0     0.00000000     1.19049102
   6    9    0     0.00000000     1.27373235
   6   10    0     0.00000000     1.32405236
   6   11    0     0.00000000     1.28072138
   6   12    0     0.00000000     1.26474398
   6   13    0     0.00000000     1.20810143
   6   14    0     0.00000000     1.17035271
   6   15    0     0.00000000     1.22759497
   6   16    0     0.00000000     1.13538503
   6   17    0     0.00000000     1.26320679
   6   18    0     0.00000000     1.15855927
   6   19    0     0.00000000     1.21216090
   6   20    0     0.00000000     1.13302631
   6   21    0     0.00000000     1.13282886
   6   22    0     0.00000000     1.10352798
   6   23    0     0.00000000     1.08111339
   6   24    0     0.00000000     0.98284558
   6   25    0     0.00000000     0.90095341
   6   26    0     0.00000000     1.15264358
   6   27    0     0.00000000     1.17649753
   6   28    0     0.00000000     1.35891059
   6   29    0     0.00000000     1.46776229
   6   30    0     0.00000000     1.25298845
   6   31    0     0.00000000     1.26974590
   6   32    0     0.00000000     1.36202219
   6   33    0     0.00000000     1.37852124
   6   34    0     0.00000000     1.29361877
   6   35    0     0.00000000     1.23888833
   6   36    0     0.00000000     1.17368312
   6   37    0     0.00000000     1.24193658
   6   38    0     0.00000000     1.31395912
   6   39    0     0.00000000     1.24877264
   6   40    0     0.00000000     1.31573071
   6   41    0     0.00000000     1.26545352
   6   42    0     0.00000000     1.35214942
   6   43    0     0.00000000     1.28550000
   6   44    0     0.00000000     1.38485398
   6   45    0     0.00000000     1.32756063
   6   46    0     0.00000000     1.44692859
   6   47    0     0.00000000     1.30456777
   6   48    0     0.00000000     1.39898038
   6   49    0     0.00000000     1.36173616
   6   50    0     0.00000000     1.31421830
   6   51    0     0.00000000     1.34330968
   6   52    0     0.00000000     1.17183953
   6   53    0     0.00000000     1.11018042
   6   54    0     0.00000000     1.39801097
   6   55    0     0.00000000     1.11782511
   6   56    0     0.00000000     1.25930936
   6   57    0     0.00000000     1.19438259
   6   58    0     0.00000000     1.42259945
   6   59    0     0.00000000     1.30576049
   6   60    0     0.00000000     1.27362159
   6   61    0     0.00000000     1.39848588
   6   62    0     0.00000000     1.37764967
   6   63    0     0.00000000     1.42500922
   6   64    0     0.00000000     1.46890141
   6   65    0     0.00000000     1.34866934
   6   66    0     0.00000000     1.29545021
   6   67    0     0.00000000     1.41665684
   6   68    0     0.00000000     1.42711040
   6   69    0     0.00000000     1.31850920
   6   70    0     0.00000000     1.33722744
   6   71    0     0.00000000     1.26269212
   6   72    0     0.00000000     1.29443241
   6   73    0     0.00000000     1.31880062
   6   74    0     0.00000000     1.29047683
   6   75    0     0.00000000     1.27201485
   6   76    0     0.00000000     1.26363408
   6   77    0     0.00000000     1.26380730
   6   78    0     0.00000000     1.28751183
   6   79    0     0.00000000     1.25965898
   6   80    0     0.00000000     1.20382637
   6   81    0     0.00000000     1.15330865
   6   82    0     0.00000000     1.15294139
   6   83    0     0.00000000     1.31222751
   6   84    0     0.00000000     1.29460761
   6   85    0     0.00000000     1.32969459
   6   86    0     0.00000000     1.26553850
   6   87    0     0.00000000     1.35254047
   6   88    0     0.00000000     1.29665183
   6   89    0     0.00000000     1.26499079
   6   90    0     0.00000000     1.27131678
   6   91    0     0.00000000     1.30024066
   6   92    0     0.00000000     1.18272581
   6   93    0     0.00000000     1.30929549
   6   94    0     0.00000000     1.21651889
   6   95    0     0.00000000     1.22109851
   6   96    0     0.00000000     1.28501947
   6   97    0     0.00000000     1.21134403
   6   98    0     0.00000000     1.29843162
   6   99    0     0.00000000     1.21590160
   6  100    0     0.00000000     1.23847383
   6  101    0     0.00000000     1.02351654
   6  102    0     0.00000000     1.20845845
   6  103    0     0.00000000     1.33668259
   6  104    0     0.00000000     1.15651884
   6  105    0     0.00000000     1.18575078
   6  106    0     0.00000000     1.18906555
   6  107    0     0.00000000     1.14542770
   6  108    0     0.00000000     1.41116032
   6  109    0     0.00000000     1.16772249
   6  110    0     0.00000000     1.25513620
   6  111    0     0.00000000     1.22403775
   6  112    0     0.00000000     1.15873656
   6  113    0     0.00000000     1.35095345
   6  114    0     0.00000000     1.15374898
   6  115    0     0.00000000     1.34504831
   6  116    0     0.00000000     1.38810403
   6  117    0     0.00000000     1.19302367
   6  118    0     0.00000000     1.29099761
   6  119    0     0.00000000     1.21715617
   6  120    0     0.00000000     1.16269472
   6  121    0     0.00000000     1.27491992
   6  122    0     0.00000000     1.34065136
   6  123    0     0.00000000     1.40834708
   6  124    0     0.00000000     1.26599861
   6  125    0     0.00000000     1.25443334
   6  126    0     0.00000000     1.28964735
   6  127    0     0.00000000     1.30598900
   6  128    0     0.00000000     1.35511814
   6  129    0     0.00000000     1.26158845
   6  130    0     0.00000000     1.28464176
   6  131    0     0.00000000     1.30118781
   6  132    0     0.00000000     1.33093811
   6  133    0     0.00000000     1.21332289
   6  134    0     0.00000000     1.37579138
   6  135    0     0.00000000     1.34386967
   6  136    0     0.00000000     1.11467816
   6  137    0     0.00000000     1.32718728
   6  138    0     0.00000000     1.28895399
   6  139    0     0.00000000     1.32678288
   6  140    0     0.00000000     1.23259986
   6  141    0     0.00000000     1.25034171
   6  142    0     0.00000000     1.29079080
   6  143    0     0.00000000     1.21520078
   6  144    0     0.00000000     1.32958250
   6  145    0     0.00000000     1.14593085
   6  146    0     0.00000000     1.14782625
   6  147    0     0.00000000     1.12952884
   6  148    0     0.00000000     1.24024127
   6  149    0     0.00000000     1.21834194
   6  150    0     0.00000000     1.21682399
   6  151    0     0.00000000     1.20218796
   6  152    0     0.00000000     1.26971740
   6  153    0     0.00000000     1.16713265
   6  154    0     0.00000000     1.12180333
   6  155    0     0.00000000     1.19745258
   6  156    0     0.00000000     1.21257222
   6  157    0     0.00000000     1.16404094
   6  158    0     0.00000000     1.34206252
   6  159    0     0.00000000     1.30787941
   6  160    0     0.00000000     1.30426925
   6  161    0     0.00000000     1.27760812
   6  162    0     0.00000000     1.24460614
   6  163    0     0.00000000     1.25242146
   6  164    0     0.00000000     1.20731146
   6  165    0     0.00000000     1.15744098
   6  166    0     0.00000000     1.20034688
   6  167    0     0.00000000     1.19150494
   7    0    0     0.00000000     1.24437627
   7    1    0     0.00000000     1.29773328
   7    2    0     0.00000000     1.26514414
   7    3    0     0.00000000     1.29937857
   7    4    0     0.00000000     1.27781201
   7    5    0     0.00000000     1.22743374
   7    6    0     0.00000000     1.24369200
   7    7    0     0.00000000     1.25386039
   7    8    0     0.00000000     1.19675989
   7    9    0     0.00000000     1.30422557
   7   10    0     0.00000000     1.28954027
   7   11    0     0.00000000     1.26552447
   7   12    0     0.00000000     1.34560617
   7   13    0     0.00000000     1.32321006
   7   14    0     0.00000000     1.19335699
   7   15    0     0.00000000     1.30479073
   7   16    0     0.00000000     1.16459036
   7   17    0     0.00000000     1.23729712
   7   18    0     0.00000000     1.27911109
   7   19    0     0.00000000     1.32304168
   7   20    0     0.00000000     1.50074378
   7   21    0     0.00000000     1.74977289
   7   22    0     0.00000000     1.20852240
   7   23    0     0.00000000     1.12705082
   7   24    0     0.00000000     1.17820225
   7   25    0     0.00000000     1.20241065
   7   26    0     0.00000000     1.22772507
   7   27    0     0.00000000     1.23579066
   7   28    0     0.00000000     1.25798895
   7   29    0     0.00000000     1.10355113
   7   30    0     0.00000000     0.98612403
   7   31    0     0.00000000     1.17255285
   7   32    0     0.00000000     1.31948378
   7   33    0     0.00000000     1.29884066
   7   34    0     0.00000000     1.18453973
   7   35    0     0.00000000     1.34534497
   7   36    0     0.00000000     1.33183973
   7   37    0     0.00000000     1.36391587
   7   38    0     0.00000000     1.32229920
   7   39    0     0.00000000     1.35278170
   7   40    0     0.00000000     1.22171254
   7   41    0     0.00000000     1.46629656
   7   42    0     0.00000000     1.30895412
   7   43    0     0.00000000     1.39750618
   7   44    0     0.00000000     1.28311351
   7   45    0     0.00000000     1.20579991
   7   46    0     0.00000000     1.22146536
   7   47    0     0.00000000     1.26040944
   7   48    0     0.00000000     1.19659666
   7   49    0     0.00000000     1.15068291
   7   50    0     0.00000000     1.19610171
   7   51    0     0.00000000     1.33750974
   7   52    0     0.00000000     1.24955391
   7   53    0     0.00000000     1.28871559
   7   54    0     0.00000000     1.26259692
   7   55    0     0.00000000     1.26597846
   7   56    0     0.00000000     1.21777694
   7   57    0     0.00000000     1.33624180
   7   58    0     0.00000000     1.26910306
   7   59    0     0.00000000     1.33729584
   7   60    0     0.00000000     1.34240472
   7   61    0     0.00000000     1.41400816
   7   62    0     0.00000000     1.22391511
   7   63    0     0.00000000     1.28760693
   7   64    0     0.00000000     1.34420438
   7   65    0     0.00000000     1.39020642
   7   66    0     0.00000000     1.29518540
   7   67    0     0.00000000     1.31983673
   7   68    0     0.00000000     1.27883407
   7   69    0     0.00000000     1.36561671
   7   70    0     0.00000000     1.26690122
   7   71    0     0.00000000     1.36613738
   7   72    0     0.00000000     1.33832140
   7   73    0     0.00000000     1.43455119
   7   74    0     0.00000000     1.38655255
   7   75    0     0.00000000     1.36058668
   7   76    0     0.00000000     1.34679518
   7   77    0     0.00000000     1.31616379
   7   78    0     0.00000000     1.33594807
   7   79    0     0.00000000     1.34087215
   7   80    0     0.00000000     1.41725759
   7   81    0     0.00000000     1.36129294
   7   82    0     0.00000000     1.37814189
   7   83    0     0.00000000     1.35270265
   7   84    0     0.00000000     1.31575802
   7   85    0     0.00000000     1.36742525
   7   86    0     0.00000000     1.38755899
   7   87    0     0.00000000     1.29624447
   7   88    0     0.00000000     1.22948038
   7   89    0     0.00000000     1.25284626
   7   90    0     0.00000000     1.20951063
   7   91    0     0.00000000     1.26682101
   7   92    0     0.00000000     1.22153510
   7   93    0     0.00000000     1.18314083
   7   94    0     0.00000000     1.18851279
   7   95    0     0.00000000     1.27942424
   7   96    0     0.00000000     1.33218132
   7   97    0     0.00000000     1.33281108
   7   98    0     0.00000000     1.42484494
   7   99    0     0.00000000     1.36253705
   7  100    0     0.00000000     1.36135946
   7  101    0     0.00000000     1.35815080
   7  102    0     0.00000000     1.34572535
   7  103    0     0.00000000     1.44871312
   7  104    0     0.00000000     1.29196209
   7  105    0     0.00000000     1.36978812
   7  106    0     0.00000000     1.37233439
   7  107    0     0.00000000     1.27010103
   7  108    0     0.00000000     1.42696940
   7  109    0     0.00000000     1.24365126
   7  110    0     0.00000000     1.24273438
   7  111    0     0.00000000     1.51128236
   7  112    0     0.00000000     1.17691097
   7  113    0     0.00000000     1.50709976
   7  114    0     0.00000000     1.29964653
   7  115    0     0.00000000     1.35289577
   7  116    0     0.00000000     1.11035004
   7  117    0     0.00000000     1.30613872
   7  118    0     0.00000000     1.49830055
   7  119    0     0.00000000     1.25626735
   7  120    0     0.00000000     1.37047939
   7  121    0     0.00000000     1.32719791
   7  122    0     0.00000000     1.24019268
   7  123    0     0.00000000     1.55113707
   7  124    0     0.00000000     1.25595646
   7  125    0     0.00000000     1.34611821
   7  126    0     0.00000000     1.33605211
   7  127    0     0.00000000     1.18323565
   7  128    0     0.00000000     1.33859338
   7  129    0     0.00000000     1.22784383
   7  130    0     0.00000000     1.31434350
   7  131    0     0.00000000     1.47165297
   7  132    0     0.00000000     1.27130031
   7  133    0     0.00000000     1.34885158
   7  134    0     0.00000000     1.34469655
   7  135    0     0.00000000     1.27002468
   7  136    0     0.00000000     1.34318356
   7  137    0     0.00000000     1.44709825
   7  138    0     0.00000000     1.40272638
   7  139    0     0.00000000     1.38108278
   7  140    0     0.00000000     1.30572288
   7  141    0     0.00000000     1.38002391
   7  142    0     0.00000000     1.41661466
   7  143    0     0.00000000     1.31661591
   7  144    0     0.00000000     1.27174012
   7  145    0     0.00000000     1.26701543
   7  146    0     0.00000000     1.33045545
   7  147    0     0.00000000     1.38632162
   7  148    0     0.00000000     1.33713681
   7  149    0     0.00000000     1.36096420
   7  150    0     0.00000000     1.36181555
   7  151    0     0.00000000     1.42109100
   7  152    0     0.00000000     1.35613243
   7  153    0     0.00000000     1.51822545
   7  154    0     0.00000000     1.56908658
   7  155    0     0.00000000     1.33454346
   7  156    0     0.00000000     1.33676320
   7  157    0     0.00000000     1.60671697
   7  158    0     0.00000000     1.03865350
   7  159    0     0.00000000     1.38718361
   7  160    0     0.00000000     1.05505248
   7  161    0     0.00000000     0.92633663
   7  162    0     0.00000000     0.94442837
   7  163    0     0.00000000     0.98452651
   7  164    0     0.00000000     0.95059582
   7  165    0     0.00000000     0.92715691
   7  166    0     0.00000000     0.90465026
   7  167    0     0.00000000     0.90993621
   7  168    0     0.00000000     0.94551290
   7  169    0     0.00000000     1.16912564
   7  170    0     0.00000000     1.27018957
   7  171    0     0.00000000     1.19458380
   7  172    0     0.00000000     1.22952494
   7  173    0     0.00000000     1.16824543
   7  174    0     0.00000000     1.27684800
   7  175    0     0.00000000     1.24460228
   7  176    0     0.00000000     1.33221914
   7  177    0     0.00000000     1.27613319
   7  178    0     0.00000000     1.23312716
   7  179    0     0.00000000     1.30142877
   7  180    0     0.00000000     1.24925634
   7  181    0     0.00000000     1.22102752
   7  182    0     0.00000000     1.29177183
   7  183    0     0.00000000     1.28723034
   7  184    0     0.00000000     1.31738424
   7  185    0     0.00000000     1.26024816
   7  186    0     0.00000000     1.19929759
   7  187    0     0.00000000     1.18582013
   7  188    0     0.00000000     1.20747376
   7  189    0     0.00000000     1.21128467
   7  190    0     0.00000000     1.21513193
   7  191    0     0.00000000     1.26666348
   8    0    0     0.00000000     1.48413021
   8    1    0     0.00000000     1.37517760
   8    2    0     0.00000000     1.51897804
   8    3    0     0.00000000     1.39224660
   8    4    0     0.00000000     1.51058372
   8    5    0     0.00000000     1.44851196
   8    6    0     0.00000000     1.37658957
   8    7    0     0.00000000     1.36209738
   8    8    0     0.00000000     1.37194239
   8    9    0     0.00000000     1.31724473
   8   10    0     0.00000000     1.40209601
   8   11    0     0.00000000     1.32162398
   8   12    0     0.00000000     1.40092990
   8   13    0     0.00000000     1.35127846
   8   14    0     0.00000000     1.37988718
   8   15    0     0.00000000     1.40408839
   8   16    0     0.00000000     1.43171775
   8   17    0     0.00000000     1.30308455
   8   18    0     0.00000000     1.76792815
   8   19    0     0.00000000     1.22452291
   8   20    0     0.00000000     1.42313946
   8   21    0     0.00000000     1.34935990
   8   22    0     0.00000000     1.36013225
   8   23    0     0.00000000     1.33334126
   8   24    0     0.00000000     1.31455437
   8   25    0     0.00000000     1.37200315
   8   26    0     0.00000000     1.35473510
   8   27    0     0.00000000     1.42445651
   8   28    0     0.00000000     1.35767321
   8   29    0     0.00000000     1.41594735
   8   30    0     0.00000000     1.53657965
   8   31    0     0.00000000     2.06431777
   8   32    0     0.00000000     1.24764405
   8   33    0     0.00000000     1.35706779
   8   34    0     0.00000000     1.19027309
   8   35    0     0.00000000     1.55857669
   8   36    0     0.00000000     1.42392779
   8   37    0     0.00000000     1.29477870
   8   38    0     0.00000000     1.50479814
   8   39    0     0.00000000     1.24613630
   8   40    0     0.00000000     1.40086904
   8   41    0     0.00000000     1.44813053
   8   42    0     0.00000000     1.34076849
   8   43    0     0.00000000     1.38449727
   8   44    0     0.00000000     1.47826867
   8   45    0     0.00000000     1.32076857
   8   46    0     0.00000000     1.80385591
   8   47    0     0.00000000     1.22640414
   8   48    0     0.00000000     1.45145750
   8   49    0     0.00000000     1.32939958
   8   50    0     0.00000000     1.31197985
   8   51    0     0.00000000     1.73326075
   8   52    0     0.00000000     1.34304190
   8   53    0     0.00000000     1.35600384
   8   54    0     0.00000000     1.36078081
   8   55    0     0.00000000     1.26803894
   8   56    0     0.00000000     1.27682075
   8   57    0     0.00000000     1.33788897
   8   58    0     0.00000000     1.37198226
   8   59    0     0.00000000     1.26702102
   8   60    0     0.00000000     1.37768664
   8   61    0     0.00000000     1.28378825
   8   62    0     0.00000000     1.28406600
   8   63    0     0.00000000     1.40233568
   8   64    0     0.00000000     1.40839286
   8   65    0     0.00000000     1.23500670
   8   66    0     0.00000000     1.30710508
   8   67    0     0.00000000     1.39116274
   8   68    0     0.00000000     1.37664350
   8   69    0     0.00000000     1.34762654
   8   70    0     0.00000000     1.32781809
   8   71    0     0.00000000     1.33414119
   8   72    0     0.00000000     1.32974441
   8   73    0     0.00000000     1.32223354
   8   74    0     0.00000000     1.39142837
   8   75    0     0.00000000     1.34775014
   8   76    0     0.00000000     1.00000000
   8   77    0     0.00000000     1.00000000
   8   78    0     0.00000000     1.00000000
   8   79    0     0.00000000     1.00000000
   8   80    0     0.00000000     1.00000000
   8   81    0     0.00000000     1.00000000
   8   82    0     0.00000000     1.00000000
   8   83    0     0.00000000     1.00000000
   8   84    0     0.00000000     1.00000000
   8   85    0     0.00000000     1.00000000
   8   86    0     0.00000000     1.37860557
   8   87    0     0.00000000     1.42971247
   8   88    0     0.00000000     1.42949991
   8   89    0     0.00000000     1.33205970
   8   90    0     0.00000000     1.36838238
   8   91    0     0.00000000     1.39147199
   8   92    0     0.00000000     1.38180578
   8   93    0     0.00000000     1.42366508
   8   94    0     0.00000000     1.37356008
   8   95    0     0.00000000     1.36595902
   8   96    0     0.00000000     1.30225793
   8   97    0     0.00000000     1.31936529
   8   98    0     0.00000000     1.37545283
   8   99    0     0.00000000     1.31621747
   8  100    0     0.00000000     1.30585676
   8  101    0     0.00000000     1.25065751
   8  102    0     0.00000000     1.35322795
   8  103    0     0.00000000     1.30929326
   8  104    0     0.00000000     1.22024692
   8  105    0     0.00000000     1.17711861
   8  106    0     0.00000000     1.24994115
   8  107    0     0.00000000     1.30328185
   8  108    0     0.00000000     1.30315024
   8  109    0     0.00000000     1.29239449
   8  110    0     0.00000000     1.23734936
   8  111    0     0.00000000     1.26547479
   8  112    0     0.00000000     1.22446798
   8  113    0     0.00000000     1.33529842
   8  114    0     0.00000000     1.28845388
   8  115    0     0.00000000     1.33745585
   8  116    0     0.00000000     1.19344935
   8  117    0     0.00000000     1.27705293
   8  118    0     0.00000000     1.30783450
   8  119    0     0.00000000     1.19044332
   8  120    0     0.00000000     1.30848123
   8  121    0     0.00000000     1.28807595
   8  122    0     0.00000000     1.19108361
   8  123    0     0.00000000     1.36421340
   8  124    0     0.00000000     1.22076946
   8  125    0     0.00000000     1.29790653
   8  126    0     0.00000000     1.24238157
   8  127    0     0.00000000     1.19162787
   8  128    0     0.00000000     1.29075291
   8  129    0     0.00000000     1.22606979
   8  130    0     0.00000000     1.00000000
   8  131    0     0.00000000     1.00000000
   8  132    0     0.00000000     1.00000000
   8  133    0     0.00000000     1.00000000
   8  134    0     0.00000000     1.00000000
   8  135    0     0.00000000     1.00000000
   8  136    0     0.00000000     1.00000000
   8  137    0     0.00000000     1.00000000
   8  138    0     0.00000000     1.00000000
   8  139    0     0.00000000     1.00000000
   8  140    0     0.00000000     1.19828484
   8  141    0     0.00000000     1.26875905
   8  142    0     0.00000000     1.19054899
   8  143    0     0.00000000     1.32978030
   8  144    0     0.00000000     1.13524998
   8  145    0     0.00000000     1.11812625
   8  146    0     0.00000000     1.28150629
   8  147    0     0.00000000     1.17400257
   8  148    0     0.00000000     1.22639575
   8  149    0     0.00000000     1.33370192
   8  150    0     0.00000000     1.23035596
   8  151    0     0.00000000     1.31454450
   8  152    0     0.00000000     1.18645552
   8  153    0     0.00000000     1.35571447
   8  154    0     0.00000000     1.01644091
   8  155    0     0.00000000     1.19223224
   8  156    0     0.00000000     1.29986470
   8  157    0     0.00000000     1.38161578
   8  158    0     0.00000000     1.25914524
   8  159    0     0.00000000     1.15846222
   8  160    0     0.00000000     1.18158641
   8  161    0     0.00000000     1.24897517
   8  162    0     0.00000000     1.17985080
   8  163    0     0.00000000     1.29988561
   8  164    0     0.00000000     1.16795467
   8  165    0     0.00000000     1.20976446
   8  166    0     0.00000000     1.25003438
   8  167    0     0.00000000     1.27859725
   8  168    0     0.00000000     1.40725617
   8  169    0     0.00000000     1.28890072
   8  170    0     0.00000000     0.92301773
   8  171    0     0.00000000     0.94129252
   8  172    0     0.00000000     0.98041407
   8  173    0     0.00000000     0.94653608
   8  174    0     0.00000000     0.92858170
   8  175    0     0.00000000     1.08269548
   8  176    0     0.00000000     1.24366227
   8  177    0     0.00000000     1.21482443
   8  178    0     0.00000000     1.16701162
   8  179    0     0.00000000     1.25786316
   8  180    0     0.00000000     1.19757490
   8  181    0     0.00000000     1.24347686
   8  182    0     0.00000000     1.26768299
   8  183    0     0.00000000     1.26729735
   8  184    0     0.00000000     1.28424091
   8  185    0     0.00000000     1.26552004
   8  186    0     0.00000000     1.21558077
   8  187    0     0.00000000     1.30695425
   8  188    0     0.00000000     1.27423719
   8  189    0     0.00000000     1.31866665
   8  190    0     0.00000000     1.30527924
   8  191    0     0.00000000     1.26477591
   8  192    0     0.00000000     1.26019988
   8  193    0     0.00000000     1.32412990
   8  194    0     0.00000000     1.20027359
   8  195    0     0.00000000     1.28307118
   8  196    0     0.00000000     1.19397347
   8  197    0     0.00000000     1.23464285
   8  198    0     0.00000000     1.21129812
   8  199    0     0.00000000     1.20257895
   8  200    0     0.00000000     1.24384798
   8  201    0     0.00000000     1.22032554
   8  202    0     0.00000000     1.32371578
   8  203    0     0.00000000     1.46765986
   8  204    0     0.00000000     1.43262867
   8  205    0     0.00000000     1.30777502
   8  206    0     0.00000000     0.91289336
   8  207    0     0.00000000     1.36964454
   8  208    0     0.00000000     1.36221563
   8  209    0     0.00000000     1.39555190
   8  210    0     0.00000000     1.33518735
   8  211    0     0.00000000     1.39802807
   8  212    0     0.00000000     1.30858681
   8  213    0     0.00000000     1.34088335
   8  214    0     0.00000000     1.42452149
   8  215    0     0.00000000     1.40667959
   9    0    0     0.00000000     1.45126541
   9    1    0     0.00000000     1.56388449
   9    2    0     0.00000000     1.47125875
   9    3    0     0.00000000     1.45250025
   9    4    0     0.00000000     1.36982117
   9    5    0     0.00000000     1.45488221
   9    6    0     0.00000000     1.37338383
   9    7    0     0.00000000     1.39369254
   9    8    0     0.00000000     1.40154822
   9    9    0     0.00000000     1.31126207
   9   10    0     0.00000000     1.41545773
   9   11    0     0.00000000     1.29189133
   9   12    0     0.00000000     1.28652006
   9   13    0     0.00000000     1.31126263
   9   14    0     0.00000000     1.15590502
   9   15    0     0.00000000     1.33767058
   9   16    0     0.00000000     1.40991443
   9   17    0     0.00000000     1.34818693
   9   18    0     0.00000000     1.44502112
   9   19    0     0.00000000     1.32672624
   9   20    0     0.00000000     1.31496368
   9   21    0     0.00000000     1.24719348
   9   22    0     0.00000000     1.18606635
   9   23    0     0.00000000     1.35460601
   9   24    0     0.00000000     1.23459416
   9   25    0     0.00000000     1.18139113
   9   26    0     0.00000000     1.26741281
   9   27    0     0.00000000     1.37566358
   9   28    0     0.00000000     1.29181894
   9   29    0     0.00000000     1.24864987
   9   30    0     0.00000000     1.31688552
   9   31    0     0.00000000     1.29199370
   9   32    0     0.00000000     1.26798217
   9   33    0     0.00000000     2.06885921
   9   34    0     0.00000000     1.76978615
   9   35    0     0.00000000     1.25505935
   9   36    0     0.00000000     1.25985523
   9   37    0     0.00000000     1.25256981
   9   38    0     0.00000000     1.48693815
   9   39    0     0.00000000     1.29195695
   9   40    0     0.00000000     1.21140719
   9   41    0     0.00000000     1.55099562
   9   42    0     0.00000000     1.31976350
   9   43    0     0.00000000     1.25717525
   9   44    0     0.00000000     1.41964034
   9   45    0     0.00000000     1.30776643
   9   46    0     0.00000000     1.37336954
   9   47    0     0.00000000     1.32387046
   9   48    0     0.00000000     1.24824790
   9   49    0     0.00000000     1.43334539
   9   50    0     0.00000000     1.27896483
   9   51    0     0.00000000     1.33644457
   9   52    0     0.00000000     1.49842604
   9   53    0     0.00000000     1.35414706
   9   54    0     0.00000000     1.30393636
   9   55    0     0.00000000     1.33592315
   9   56    0     0.00000000     1.47776606
   9   57    0     0.00000000     1.63129678
   9   58    0     0.00000000     1.35746640
   9   59    0     0.00000000     1.50928848
   9   60    0     0.00000000     1.43869120
   9   61    0     0.00000000     1.15064703
   9   62    0     0.00000000     1.21995472
   9   63    0     0.00000000     1.29986146
   9   64    0     0.00000000     1.36321896
   9   65    0     0.00000000     1.30235625
   9   66    0     0.00000000     1.34968901
   9   67    0     0.00000000     1.39954730
   9   68    0     0.00000000     1.44457289
   9   69    0     0.00000000     1.40136063
   9   70    0     0.00000000     1.39640826
   9   71    0     0.00000000     1.38985466
   9   72    0     0.00000000     1.00000000
   9   73    0     0.00000000     1.00000000
   9   74    0     0.00000000     1.00000000
   9   75    0     0.00000000     1.00000000
   9   76    0     0.00000000     1.00000000
   9   77    0     0.00000000     1.00000000
   9   78    0     0.00000000     1.00000000
   9   79    0     0.00000000     1.00000000
   9   80    0     0.00000000     1.00000000
   9   81    0     0.00000000     1.00000000
   9   82    0     0.00000000     1.00000000
   9   83    0     0.00000000     1.00000000
   9   84    0     0.00000000     1.00000000
   9   85    0     0.00000000     1.00000000
   9   86    0     0.00000000     1.00000000
   9   87    0     0.00000000     1.00000000
   9   88    0     0.00000000     1.00000000
   9   89    0     0.00000000     1.00000000
   9   90    0     0.00000000     1.00000000
   9   91    0     0.00000000     1.00000000
   9   92    0     0.00000000     1.00000000
   9   93    0     0.00000000     1.00000000
   9   94    0     0.00000000     1.00000000
   9   95    0     0.00000000     1.00000000
   9   96    0     0.00000000     1.00000000
   9   97    0     0.00000000     1.00000000
   9   98    0     0.00000000     1.00000000
   9   99    0     0.00000000     1.00000000
   9  100    0     0.00000000     1.00000000
   9  101    0     0.00000000     1.00000000
   9  102    0     0.00000000     1.00000000
   9  103    0     0.00000000     1.00000000
   9  104    0     0.00000000     1.00000000
   9  105    0     0.00000000     1.00000000
   9  106    0     0.00000000     1.00000000
   9  107    0     0.00000000     1.00000000
   9  108    0     0.00000000     1.28805361
   9  109    0     0.00000000     1.31277478
   9  110    0     0.00000000     1.30141089
   9  111    0     0.00000000     1.35592010
   9  112    0     0.00000000     1.29224330
   9  113    0     0.00000000     1.24624579
   9  114    0     0.00000000     1.25556639
   9  115    0     0.00000000     1.28754773
   9  116    0     0.00000000     1.22731399
   9  117    0     0.00000000     1.20515491
   9  118    0     0.00000000     1.19934392
   9  119    0     0.00000000     1.31579543
   9  120    0     0.00000000     1.30063577
   9  121    0     0.00000000     1.39055379
   9  122    0     0.00000000     1.31095856
   9  123    0     0.00000000     1.38398321
   9  124    0     0.00000000     1.36809622
   9  125    0     0.00000000     1.44052572
   9  126    0     0.00000000     1.36606963
   9  127    0     0.00000000     1.38727356
   9  128    0     0.00000000     1.38166811
   9  129    0     0.00000000     1.39781292
   9  130    0     0.00000000     1.44776810
   9  131    0     0.00000000     1.39074716
   9  132    0     0.00000000     1.00000000
   9  133    0     0.00000000     1.00000000
   9  134    0     0.00000000     1.00000000
   9  135    0     0.00000000     1.00000000
   9  136    0     0.00000000     1.00000000
   9  137    0     0.00000000     1.00000000
   9  138    0     0.00000000     1.00000000
   9  139    0     0.00000000     1.00000000
   9  140    0     0.00000000     1.00000000
   9  141    0     0.00000000     1.00000000
   9  142    0     0.00000000     1.00000000
   9  143    0     0.00000000     1.00000000
   9  144    0     0.00000000     1.00000000
   9  145    0     0.00000000     1.00000000
   9  146    0     0.00000000     1.00000000
   9  147    0     0.00000000     1.00000000
   9  148    0     0.00000000     1.00000000
   9  149    0     0.00000000     1.00000000
   9  150    0     0.00000000     1.00000000
   9  151    0     0.00000000     1.00000000
   9  152    0     0.00000000     1.00000000
   9  153    0     0.00000000     1.00000000
   9  154    0     0.00000000     1.00000000
   9  155    0     0.00000000     1.00000000
   9  156    0     0.00000000     1.00000000
   9  157    0     0.00000000     1.00000000
   9  158    0     0.00000000     1.00000000
   9  159    0     0.00000000     1.00000000
   9  160    0     0.00000000     1.00000000
   9  161    0     0.00000000     1.00000000
   9  162    0     0.00000000     1.00000000
   9  163    0     0.00000000     1.00000000
   9  164    0     0.00000000     1.00000000
   9  165    0     0.00000000     1.00000000
   9  166    0     0.00000000     1.00000000
   9  167    0     0.00000000     1.00000000
   9  168    0     0.00000000     1.29862082
   9  169    0     0.00000000     1.55100133
   9  170    0     0.00000000     1.19488964
   9  171    0     0.00000000     1.38173606
   9  172    0     0.00000000     1.47577379
   9  173    0     0.00000000     1.35261027
   9  174    0     0.00000000     1.27629042
   9  175    0     0.00000000     1.37850494
   9  176    0     0.00000000     1.27524066
   9  177    0     0.00000000     1.37919997
   9  178    0     0.00000000     1.36279210
   9  179    0     0.00000000     1.27393975
   9  180    0     0.00000000     1.33228246
   9  181    0     0.00000000     1.30914166
   9  182    0     0.00000000     1.34126333
   9  183    0     0.00000000     1.43732383
   9  184    0     0.00000000     1.31408355
   9  185    0     0.00000000     1.57834594
   9  186    0     0.00000000     1.34392575
   9  187    0     0.00000000     1.46385806
   9  188    0     0.00000000     1.38482487
   9  189    0     0.00000000     1.33003481
   9  190    0     0.00000000     1.23282428
   9  191    0     0.00000000     1.34795503
   9  192    0     0.00000000     1.46493894
   9  193    0     0.00000000     1.34273139
   9  194    0     0.00000000     1.36013040
   9  195    0     0.00000000     1.46676511
   9  196    0     0.00000000     1.28059575
   9  197    0     0.00000000     1.43596872
   9  198    0     0.00000000     1.21451189
   9  199    0     0.00000000     1.31200374
   9  200    0     0.00000000     1.30753249
   9  201    0     0.00000000     1.43500194
   9  202    0     0.00000000     1.27225836
   9  203    0     0.00000000     1.49217581
   9  204    0     0.00000000     1.31043056
   9  205    0     0.00000000     1.40157178
   9  206    0     0.00000000     1.32421248
   9  207    0     0.00000000     1.40305935
   9  208    0     0.00000000     1.32548176
   9  209    0     0.00000000     1.46701389
   9  210    0     0.00000000     1.38702344
   9  211    0     0.00000000     1.37924228
   9  212    0     0.00000000     1.25018985
   9  213    0     0.00000000     1.44854083
   9  214    0     0.00000000     1.35744880
   9  215    0     0.00000000     1.37479618
   9  216    0     0.00000000     1.43325694
   9  217    0     0.00000000     1.42142636
   9  218    0     0.00000000     1.42992153
   9  219    0     0.00000000     1.48621512
   9  220    0     0.00000000     1.42093828
   9  221    0     0.00000000     1.42150009
   9  222    0     0.00000000     1.31820565
   9  223    0     0.00000000     1.35876082
   9  224    0     0.00000000     1.25971677
   9  225    0     0.00000000     1.31782325
   9  226    0     0.00000000     1.35991989
   9  227    0     0.00000000     1.47455058
   9  228    0     0.00000000     1.52561220
   9  229    0     0.00000000     1.50196876
   9  230    0     0.00000000     1.44305673
   9  231    0     0.00000000     1.43605114
   9  232    0     0.00000000     1.54048315
   9  233    0     0.00000000     2.10037028
   9  234    0     0.00000000     1.47778826
   9  235    0     0.00000000     1.62139294
   9  236    0     0.00000000     1.49317292
   9  237    0     0.00000000     1.56536313
   9  238    0     0.00000000     1.46996017
   9  239    0     0.00000000     1.54527135
  10    0    0     0.00000000     1.18331790
  10    1    0     0.00000000     1.33587635
  10    2    0     0.00000000     1.09900723
  10    3    0     0.00000000     1.10447654
  10    4    0     0.00000000     1.28731811
  10    5    0     0.00000000     1.14700929
  10    6    0     0.00000000     1.13047379
  10    7    0     0.00000000     0.97691072
  10    8    0     0.00000000     1.03244112
  10    9    0     0.00000000     1.12568741
  10   10    0     0.00000000     1.22595775
  10   11    0     0.00000000     1.16095902
  10   12    0     0.00000000     1.15538394
  10   13    0     0.00000000     1.10541360
  10   14    0     0.00000000     1.22425291
  10   15    0     0.00000000     1.53388697
  10   16    0     0.00000000     1.26636436
  10   17    0     0.00000000     0.91583995
  10   18    0     0.00000000     1.01531206
  10   19    0     0.00000000     1.20754196
  10   20    0     0.00000000     1.00907137
  10   21    0     0.00000000     1.19807795
  10   22    0     0.00000000     1.02409571
  10   23    0     0.00000000     1.15917410
  10   24    0     0.00000000     1.13775139
  10   25    0     0.00000000     1.11019070
  10   26    0     0.00000000     1.16987725
  10   27    0     0.00000000     0.98368550
  10   28    0     0.00000000     1.14109434
  10   29    0     0.00000000     1.13999082
  10   30    0     0.00000000     1.21500653
  10   31    0     0.00000000     1.28486069
  10   32    0     0.00000000     1.12529241
  10   33    0     0.00000000     1.18756125
  10   34    0     0.00000000     1.13798741
  10   35    0     0.00000000     1.10241313
  10   36    0     0.00000000     1.14636730
  10   37    0     0.00000000     1.33862282
  10   38    0     0.00000000     0.89960647
  10   39    0     0.00000000     1.10064837
  10   40    0     0.00000000     0.86996821
  10   41    0     0.00000000     1.02976944
  10   42    0     0.00000000     0.84465223
  10   43    0     0.00000000     0.96907662
  10   44    0     0.00000000     0.91578945
  10   45    0     0.00000000     1.05431988
  10   46    0     0.00000000     0.90177671
  10   47    0     0.00000000     1.17517804
  10   48    0     0.00000000     1.09408073
  10   49    0     0.00000000     1.00000000
  10   50    0     0.00000000     1.00000000
  10   51    0     0.00000000     1.00000000
  10   52    0     0.00000000     1.00000000
  10   53    0     0.00000000     1.00000000
  10   54    0     0.00000000     1.00000000
  10   55    0     0.00000000     1.00000000
  10   56    0     0.00000000     1.00000000
  10   57    0     0.00000000     1.00000000
  10   58    0     0.00000000     1.00000000
  10   59    0     0.00000000     1.00000000
  10   60    0     0.00000000     1.00000000
  10   61    0     0.00000000     1.00000000
  10   62    0     0.00000000     1.00000000
  10   63    0     0.00000000     1.00000000
  10   64    0     0.00000000     1.00000000
  10   65    0     0.00000000     1.00000000
  10   66    0     0.00000000     1.00000000
  10   67    0     0.00000000     1.00000000
  10   68    0     0.00000000     1.00000000
  10   69    0     0.00000000     1.00000000
  10   70    0     0.00000000     1.00000000
  10   71    0     0.00000000     1.00000000
  10   72    0     0.00000000     1.00000000
  10   73    0     0.00000000     1.00000000
  10   74    0     0.00000000     1.00000000
  10   75    0     0.00000000     1.00000000
  10   76    0     0.00000000     1.00000000
  10   77    0     0.00000000     1.00000000
  10   78    0     0.00000000     1.00000000
  10   79    0     0.00000000     1.00000000
  10   80    0     0.00000000     1.00000000
  10   81    0     0.00000000     1.00000000
  10   82    0     0.00000000     1.00000000
  10   83    0     0.00000000     1.00000000
  10   84    0     0.00000000     1.00000000
  10   85    0     0.00000000     1.00000000
  10   86    0     0.00000000     1.00000000
  10   87    0     0.00000000     1.00000000
  10   88    0     0.00000000     1.00000000
  10   89    0     0.00000000     1.00000000
  10   90    0     0.00000000     1.00000000
  10   91    0     0.00000000     1.00000000
  10   92    0     0.00000000     1.00000000
  10   93    0     0.00000000     1.00000000
  10   94    0     0.00000000     1.00000000
  10   95    0     0.00000000     1.00000000
  10   96    0     0.00000000     1.00000000
  10   97    0     0.00000000     1.00000000
  10   98    0     0.00000000     1.13243387
  10   99    0     0.00000000     1.12852514
  10  100    0     0.00000000     1.19693112
  10  101    0     0.00000000     1.13815717
  10  102    0     0.00000000     1.14329997
  10  103    0     0.00000000     1.14077282
  10  104    0     0.00000000     1.19245965
  10  105    0     0.00000000     1.12734920
  10  106    0     0.00000000     1.07716521
  10  107    0     0.00000000     1.18208075
  10  108    0     0.00000000     1.05866103
  10  109    0     0.00000000     1.16508042
  10  110    0     0.00000000     1.00000000
  10  111    0     0.00000000     1.00000000
  10  112    0     0.00000000     1.00000000
  10  113    0     0.00000000     1.00000000
  10  114    0     0.00000000     1.00000000
  10  115    0     0.00000000     1.00000000
  10  116    0     0.00000000     1.00000000
  10  117    0     0.00000000     1.00000000
  10  118    0     0.00000000     1.00000000
  10  119    0     0.00000000     1.00000000
  10  120    0     0.00000000     1.00000000
  10  121    0     0.00000000     1.00000000
  10  122    0     0.00000000     1.00000000
  10  123    0     0.00000000     1.00000000
  10  124    0     0.00000000     1.00000000
  10  125    0     0.00000000     1.00000000
  10  126    0     0.00000000     1.00000000
  10  127    0     0.00000000     1.00000000
  10  128    0     0.00000000     1.00000000
  10  129    0     0.00000000     1.00000000
  10  130    0     0.00000000     1.00000000
  10  131    0     0.00000000     1.00000000
  10  132    0     0.00000000     1.00000000
  10  133    0     0.00000000     1.00000000
  10  134    0     0.00000000     1.00000000
  10  135    0     0.00000000     1.00000000
  10  136    0     0.00000000     1.00000000
  10  137    0     0.00000000     1.00000000
  10  138    0     0.00000000     1.00000000
  10  139    0     0.00000000     1.00000000
  10  140    0     0.00000000     1.00000000
  10  141    0     0.00000000     1.00000000
  10  142    0     0.00000000     1.00000000
  10  143    0     0.00000000     1.00000000
  10  144    0     0.00000000     1.00000000
  10  145    0     0.00000000     1.00000000
  10  146    0     0.00000000     1.00000000
  10  147    0     0.00000000     1.00000000
  10  148    0     0.00000000     1.00000000
  10  149    0     0.00000000     1.00000000
  10  150    0     0.00000000     1.00000000
  10  151    0     0.00000000     1.00000000
  10  152    0     0.00000000     1.00000000
  10  153    0     0.00000000     1.00000000
  10  154    0     0.00000000     1.00000000
  10  155    0     0.00000000     1.00000000
  10  156    0     0.00000000     1.00000000
  10  157    0     0.00000000     1.00000000
  10  158    0     0.00000000     1.00000000
  10  159    0     0.00000000     0.92615958
  10  160    0     0.00000000     1.01777910
  10  161    0     0.00000000     1.01801791
  10  162    0     0.00000000     1.01325875
  10  163    0     0.00000000     1.25881906
  10  164    0     0.00000000     1.26065607
  10  165    0     0.00000000     0.89975706
  10  166    0     0.00000000     0.91665988
  10  167    0     0.00000000     0.89321300
  10  168    0     0.00000000     0.87360023
  10  169    0     0.00000000     0.90708376
  10  170    0     0.00000000     1.01348089
  10  171    0     0.00000000     1.01904465
  10  172    0     0.00000000     0.99904844
  10  173    0     0.00000000     1.11382358
  10  174    0     0.00000000     0.97844809
  10  175    0     0.00000000     1.08318362
  10  176    0     0.00000000     0.99567944
  10  177    0     0.00000000     1.08216410
  10  178    0     0.00000000     1.04071646
  10  179    0     0.00000000     1.14301077
  10  180    0     0.00000000     1.05722551
  10  181    0     0.00000000     1.19678705
  10  182    0     0.00000000     0.96157330
  10  183    0     0.00000000     1.05930284
  10  184    0     0.00000000     1.02032431
  10  185    0     0.00000000     1.10517635
  10  186    0     0.00000000     0.98638311
  10  187    0     0.00000000     1.11449174
  10  188    0     0.00000000     1.05570792
  10  189    0     0.00000000     1.16695537
  10  190    0     0.00000000     1.11337292
  10  191    0     0.00000000     1.13322086
  10  192    0     0.00000000     1.13210554
  10  193    0     0.00000000     1.14143196
  10  194    0     0.00000000     1.11879381
  10  195    0     0.00000000     1.14362676
  10  196    0     0.00000000     1.06025285
  10  197    0     0.00000000     1.08900685
  10  198    0     0.00000000     1.02911239
  10  199    0     0.00000000     1.10976941
  10  200    0     0.00000000     1.13948407
  10  201    0     0.00000000     1.15609468
  10  202    0     0.00000000     1.10978550
  10  203    0     0.00000000     1.02062910
  10  204    0     0.00000000     1.02705594
  10  205    0     0.00000000     0.95747286
  10  206    0     0.00000000     1.01724762
  10  207    0     0.00000000     1.01848472
  11    0    0     0.00000000     0.95837248
  11    1    0     0.00000000     1.04891992
  11    2    0     0.00000000     0.86788687
  11    3    0     0.00000000     1.12754731
  11    4    0     0.00000000     1.15492849
  11    5    0     0.00000000     0.81838150
  11    6    0     0.00000000     0.90867255
  11    7    0     0.00000000     1.01997661
  11    8    0     0.00000000     0.92787188
  11    9    0     0.00000000     0.87687251
  11   10    0     0.00000000     0.77186233
  11   11    0     0.00000000     0.93062518
  11   12    0     0.00000000     0.99038288
  11   13    0     0.00000000     1.05984922
  11   14    0     0.00000000     0.96219839
  11   15    0     0.00000000     1.09547937
  11   16    0     0.00000000     0.91468547
  11   17    0     0.00000000     1.09208325
  11   18    0     0.00000000     0.83798495
  11   19    0     0.00000000     1.01143178
  11   20    0     0.00000000     0.97232366
  11   21    0     0.00000000     1.11915529
  11   22    0     0.00000000     1.06667761
  11   23    0     0.00000000     1.56039179
  11   24    0     0.00000000     1.17023744
  11   25    0     0.00000000     1.00801017
  11   26    0     0.00000000     1.07057089
  11   27    0     0.00000000     1.18620881
  11   28    0     0.00000000     1.14014549
  11   29    0     0.00000000     1.11765588
  11   30    0     0.00000000     1.63115710
  11   31    0     0.00000000     1.02405939
  11   32    0     0.00000000     1.11117434
  11   33    0     0.00000000     1.02735134
  11   34    0     0.00000000     0.99895172
  11   35    0     0.00000000     0.84335321
  11   36    0     0.00000000     1.06200968
  11   37    0     0.00000000     0.77978537
  11   38    0     0.00000000     0.88853264
  11   39    0     0.00000000     1.11333236
  11   40    0     0.00000000     1.82814747
  11   41    0     0.00000000     1.04819436
  11   42    0     0.00000000     1.00000000
  11   43    0     0.00000000     1.00000000
  11   44    0     0.00000000     1.00000000
  11   45    0     0.00000000     1.00000000
  11   46    0     0.00000000     1.00000000
  11   47    0     0.00000000     1.00000000
  11   48    0     0.00000000     1.00000000
  11   49    0     0.00000000     1.00000000
  11   50    0     0.00000000     1.00000000
  11   51    0     0.00000000     1.00000000
  11   52    0     0.00000000     1.00000000
  11   53    0     0.00000000     1.00000000
  11   54    0     0.00000000     1.00000000
  11   55    0     0.00000000     1.00000000
  11   56    0     0.00000000     1.00774629
  11   57    0     0.00000000     1.12622878
  11   58    0     0.00000000     1.26663871
  11   59    0     0.00000000     1.39092629
  11   60    0     0.00000000     1.30152176
  11   61    0     0.00000000     1.23565900
  11   62    0     0.00000000     1.31886622
  11   63    0     0.00000000     1.19432645
  11   64    0     0.00000000     1.34731231
  11   65    0     0.00000000     1.22161168
  11   66    0     0.00000000     1.31808811
  11   67    0     0.00000000     1.29486979
  11   68    0     0.00000000     1.21685734
  11   69    0     0.00000000     1.35167251
  11   70    0     0.00000000     1.32619542
  11   71    0     0.00000000     1.29539377
  11   72    0     0.00000000     1.25982115
  11   73    0     0.00000000     1.22254046
  11   74    0     0.00000000     1.24502888
  11   75    0     0.00000000     1.23065964
  11   76    0     0.00000000     1.36660917
  11   77    0     0.00000000     1.24374574
  11   78    0     0.00000000     2.39685899
  11   79    0     0.00000000     1.32254319
  11   80    0     0.00000000     1.30290481
  11   81    0     0.00000000     1.28882403
  11   82    0     0.00000000     1.26005572
  11   83    0     0.00000000     1.28117275
  11   84    0     0.00000000     1.26084763
  11   85    0     0.00000000     1.36906286
  11   86    0     0.00000000     1.17797723
  11   87    0     0.00000000     1.22890537
  11   88    0     0.00000000     1.16988620
  11   89    0     0.00000000     1.15334303
  11   90    0     0.00000000     1.20113777
  11   91    0     0.00000000     1.17786304
  11   92    0     0.00000000     1.36100738
  11   93    0     0.00000000     1.32065196
  11   94    0     0.00000000     1.00000000
  11   95    0     0.00000000     1.00000000
  11   96    0     0.00000000     1.00000000
  11   97    0     0.00000000     1.00000000
  11   98    0     0.00000000     1.00000000
  11   99    0     0.00000000     1.00000000
  11  100    0     0.00000000     1.00000000
  11  101    0     0.00000000     1.00000000
  11  102    0     0.00000000     1.00000000
  11  103    0     0.00000000     1.00000000
  11  104    0     0.00000000     1.00000000
  11  105    0     0.00000000     1.00000000
  11  106    0     0.00000000     1.00000000
  11  107    0     0.00000000     1.00000000
  11  108    0     0.00000000     1.11343654
  11  109    0     0.00000000     1.11896150
  11  110    0     0.00000000     1.00000000
  11  111    0     0.00000000     1.00000000
  11  112    0     0.00000000     1.00000000
  11  113    0     0.00000000     1.00000000
  11  114    0     0.00000000     1.00000000
  11  115    0     0.00000000     1.00000000
  11  116    0     0.00000000     1.00000000
  11  117    0     0.00000000     1.00000000
  11  118    0     0.00000000     1.00000000
  11  119    0     0.00000000     1.00000000
  11  120    0     0.00000000     1.00000000
  11  121    0     0.00000000     1.00000000
  11  122    0     0.00000000     1.00000000
  11  123    0     0.00000000     1.00000000
  11  124    0     0.00000000     0.86169509
  11  125    0     0.00000000     0.79532210
  11  126    0     0.00000000     0.81254789
  11  127    0     0.00000000     0.83165707
  11  128    0     0.00000000     0.86651438
  11  129    0     0.00000000     0.85559237
  11  130    0     0.00000000     0.86380807
  11  131    0     0.00000000     0.83996354
  11  132    0     0.00000000     0.85625732
  11  133    0     0.00000000     0.85398109
  11  134    0     0.00000000     0.89514578
  11  135    0     0.00000000     0.89862685
  11  136    0     0.00000000     0.90648753
  11  137    0     0.00000000     0.94331927
  11  138    0     0.00000000     0.94005084
  11  139    0     0.00000000     0.93674462
  11  140    0     0.00000000     0.96059158
  11  141    0     0.00000000     0.93930261
  11  142    0     0.00000000     0.93789254
  11  143    0     0.00000000     0.92812055
  11  144    0     0.00000000     0.91901882
  11  145    0     0.00000000     0.94873799
  11  146    0     0.00000000     0.89025280
  11  147    0     0.00000000     0.90810353
  11  148    0     0.00000000     0.88712725
  11  149    0     0.00000000     0.86117044
  11  150    0     0.00000000     0.85175466
  11  151    0     0.00000000     0.83793362
  11  152    0     0.00000000     0.81285528
  11  153    0     0.00000000     0.81263001
  11  154    0     0.00000000     0.76633465
  11  155    0     0.00000000     0.82608749
  11  156    0     0.00000000     0.84933221
  11  157    0     0.00000000     0.88199594
  11  158    0     0.00000000     0.83587734
  11  159    0     0.00000000     0.81834245
  11  160    0     0.00000000     0.85310683
  11  161    0     0.00000000     0.95357484
  11  162    0     0.00000000     1.00000000
  11  163    0     0.00000000     1.00000000
  11  164    0     0.00000000     1.00000000
  11  165    0     0.00000000     1.00000000
  11  166    0     0.00000000     1.00000000
  11  167    0     0.00000000     1.00000000
  11  168    0     0.00000000     1.00000000
  11  169    0     0.00000000     1.00000000
  11  170    0     0.00000000     1.00000000
  11  171    0     0.00000000     1.00000000
  11  172    0     0.00000000     1.00000000
  11  173    0     0.00000000     1.00000000
  11  174    0     0.00000000     1.00000000
  11  175    0     0.00000000     1.00000000
  11  176    0     0.00000000     0.98057762
  11  177    0     0.00000000     0.86377241
  11  178    0     0.00000000     1.00264589
  11  179    0     0.00000000     1.00610747
  11  180    0     0.00000000     0.97348551
  11  181    0     0.00000000     0.95937300
  11  182    0     0.00000000     0.94391028
  11  183    0     0.00000000     0.94538333
  11  184    0     0.00000000     1.06632149
  11  185    0     0.00000000     1.13121347
  11  186    0     0.00000000     1.08340996
  11  187    0     0.00000000     1.07310697
  11  188    0     0.00000000     1.06241307
  11  189    0     0.00000000     1.09396431
  11  190    0     0.00000000     1.03946723
  11  191    0     0.00000000     1.06398964
  11  192    0     0.00000000     1.09170217
  11  193    0     0.00000000     1.11746635
  11  194    0     0.00000000     1.10064597
  11  195    0     0.00000000     1.07336653
  11  196    0     0.00000000     1.05800048
  11  197    0     0.00000000     1.07423116
  11  198    0     0.00000000     1.05462559
  11  199    0     0.00000000     1.05167290
  11  200    0     0.00000000     1.10840906
  11  201    0     0.00000000     1.08127100
  11  202    0     0.00000000     1.11546485
  11  203    0     0.00000000     1.14513300
  11  204    0     0.00000000     1.14976767
  11  205    0     0.00000000     1.14919815
  11  206    0     0.00000000     1.07704369
  11  207    0     0.00000000     1.21711788
  11  208    0     0.00000000     1.11323438
  11  209    0     0.00000000     1.10718926
  11  210    0     0.00000000     1.08881762
  11  211    0     0.00000000     1.13069708
  11  212    0     0.00000000     1.07518464
  11  213    0     0.00000000     1.11292506
  11  214    0     0.00000000     1.10380606
  11  215    0     0.00000000     1.06866663
  11  216    0     0.00000000     1.16835684
  11  217    0     0.00000000     1.11869383
  12    0    0     0.00000000     1.00216626
  12    1    0     0.00000000     0.96432666
  12    2    0     0.00000000     0.92859138
  12    3    0     0.00000000     1.21935128
  12    4    0     0.00000000     0.94555758
  12    5    0     0.00000000     1.05023501
  12    6    0     0.00000000     0.88154412
  12    7    0     0.00000000     1.06544601
  12    8    0     0.00000000     1.13690768
  12    9    0     0.00000000     1.04562236
  12   10    0     0.00000000     1.36807266
  12   11    0     0.00000000     1.09346202
  12   12    0     0.00000000     1.02528052
  12   13    0     0.00000000     1.00438116
  12   14    0     0.00000000     0.80284678
  12   15    0     0.00000000     1.19888569
  12   16    0     0.00000000     1.15309020
  12   17    0     0.00000000     1.23114133
  12   18    0     0.00000000     0.99180752
  12   19    0     0.00000000     1.11154213
  12   20    0     0.00000000     1.23397130
  12   21    0     0.00000000     1.13209963
  12   22    0     0.00000000     1.50269633
  12   23    0     0.00000000     1.08316340
  12   24    0     0.00000000     1.11909805
  12   25    0     0.00000000     1.07256878
  12   26    0     0.00000000     1.06480716
  12   27    0     0.00000000     1.11698882
  12   28    0     0.00000000     1.04784471
  12   29    0     0.00000000     0.92746181
  12   30    0     0.00000000     1.01077081
  12   31    0     0.00000000     1.06932000
  12   32    0     0.00000000     0.95264800
  12   33    0     0.00000000     0.88292102
  12   34    0     0.00000000     0.86759280
  12   35    0     0.00000000     1.78941474
  12   36    0     0.00000000     1.00000000
  12   37    0     0.00000000     1.00000000
  12   38    0     0.00000000     1.00000000
  12   39    0     0.00000000     1.00000000
  12   40    0     0.00000000     1.00000000
  12   41    0     0.00000000     1.00000000
  12   42    0     0.00000000     1.00000000
  12   43    0     0.00000000     1.00000000
  12   44    0     0.00000000     1.00000000
  12   45    0     0.00000000     1.00000000
  12   46    0     0.00000000     1.00000000
  12   47    0     0.00000000     1.00000000
  12   48    0     0.00000000     1.93140576
  12   49    0     0.00000000     1.15326109
  12   50    0     0.00000000     1.35412824
  12   51    0     0.00000000     1.23474290
  12   52    0     0.00000000     1.31954324
  12   53    0     0.00000000     1.24156596
  12   54    0     0.00000000     1.44341957
  12   55    0     0.00000000     1.42591566
  12   56    0     0.00000000     1.34489942
  12   57    0     0.00000000     1.29915551
  12   58    0     0.00000000     1.25124041
  12   59    0     0.00000000     1.37905872
  12   60    0     0.00000000     1.33007404
  12   61    0     0.00000000     1.25634354
  12   62    0     0.00000000     1.34445070
  12   63    0     0.00000000     1.35635412
  12   64    0     0.00000000     1.33828141
  12   65    0     0.00000000     1.30268173
  12   66    0     0.00000000     1.22379113
  12   67    0     0.00000000     1.33829992
  12   68    0     0.00000000     1.11019249
  12   69    0     0.00000000     1.33692498
  12   70    0     0.00000000     1.19696774
  12   71    0     0.00000000     1.19928351
  12   72    0     0.00000000     1.45112291
  12   73    0     0.00000000     1.19718708
  12   74    0     0.00000000     1.38090472
  12   75    0     0.00000000     1.24333418
  12   76    0     0.00000000     1.43769519
  12   77    0     0.00000000     1.26173762
  12   78    0     0.00000000     1.33868800
  12   79    0     0.00000000     1.27849935
  12   80    0     0.00000000     1.21851370
  12   81    0     0.00000000     1.46961582
  12   82    0     0.00000000     1.35993568
  12   83    0     0.00000000     1.28728151
  12   84    0     0.00000000     1.20754270
  12   85    0     0.00000000     1.29236471
  12   86    0     0.00000000     1.21045836
  12   87    0     0.00000000     1.31547120
  12   88    0     0.00000000     1.30371360
  12   89    0     0.00000000     1.22754014
  12   90    0     0.00000000     1.29366906
  12   91    0     0.00000000     1.20546928
  12   92    0     0.00000000     1.21612471
  12   93    0     0.00000000     1.19983346
  12   94    0     0.00000000     1.26448920
  12   95    0     0.00000000     1.37381669
  12   96    0     0.00000000     1.37933829
  12   97    0     0.00000000     1.28048488
  12   98    0     0.00000000     1.26097410
  12   99    0     0.00000000     1.28323585
  12  100    0     0.00000000     1.29026128
  12  101    0     0.00000000     1.33165641
  12  102    0     0.00000000     1.29187459
  12  103    0     0.00000000     1.34706565
  12  104    0     0.00000000     1.34474026
  12  105    0     0.00000000     1.34565036
  12  106    0     0.00000000     1.00000000
  12  107    0     0.00000000     1.00000000
  12  108    0     0.00000000     1.00000000
  12  109    0     0.00000000     1.00000000
  12  110    0     0.00000000     1.00000000
  12  111    0     0.00000000     1.00000000
  12  112    0     0.00000000     1.00000000
  12  113    0     0.00000000     1.00000000
  12  114    0     0.00000000     1.00000000
  12  115    0     0.00000000     1.00000000
  12  116    0     0.00000000     1.00000000
  12  117    0     0.00000000     1.00000000
  12  118    0     0.00000000     1.00000000
  12  119    0     0.00000000     1.00000000
  12  120    0     0.00000000     1.00000000
  12  121    0     0.00000000     1.00000000
  12  122    0     0.00000000     1.00000000
  12  123    0     0.00000000     1.00000000
  12  124    0     0.00000000     0.75946243
  12  125    0     0.00000000     0.83244295
  12  126    0     0.00000000     0.85491414
  12  127    0     0.00000000     0.85260001
  12  128    0     0.00000000     0.83711186
  12  129    0     0.00000000     0.83522959
  12  130    0     0.00000000     0.81464050
  12  131    0     0.00000000     0.87717315
  12  132    0     0.00000000     0.90269058
  12  133    0     0.00000000     0.88549243
  12  134    0     0.00000000     0.90291644
  12  135    0     0.00000000     0.91518557
  12  136    0     0.00000000     0.92546001
  12  137    0     0.00000000     0.93416079
  12  138    0     0.00000000     0.94550754
  12  139    0     0.00000000     0.97013781
  12  140    0     0.00000000     0.92230440
  12  141    0     0.00000000     0.92553213
  12  142    0     0.00000000     0.91039079
  12  143    0     0.00000000     0.94550765
  12  144    0     0.00000000     0.92949612
  12  145    0     0.00000000     0.91968478
  12  146    0     0.00000000     0.85438460
  12  147    0     0.00000000     0.87565692
  12  148    0     0.00000000     0.84365317
  12  149    0     0.00000000     0.85696152
  12  150    0     0.00000000     0.84696725
  12  151    0     0.00000000     0.84561014
  12  152    0     0.00000000     0.82220097
  12  153    0     0.00000000     0.81372786
  12  154    0     0.00000000     0.78783898
  12  155    0     0.00000000     0.79947106
  12  156    0     0.00000000     0.82657760
  12  157    0     0.00000000     0.82625752
  12  158    0     0.00000000     0.84369669
  12  159    0     0.00000000     0.84901289
  12  160    0     0.00000000     0.86572738
  12  161    0     0.00000000     0.89425326
  12  162    0     0.00000000     0.86648596
  12  163    0     0.00000000     0.86817185
  12  164    0     0.00000000     0.87176898
  12  165    0     0.00000000     0.90931666
  12  166    0     0.00000000     0.90634180
  12  167    0     0.00000000     0.90907006
  12  168    0     0.00000000     0.95122697
  12  169    0     0.00000000     0.91364787
  12  170    0     0.00000000     0.94873452
  12  171    0     0.00000000     0.91326836
  12  172    0     0.00000000     0.92271983
  12  173    0     0.00000000     0.96825423
  12  174    0     0.00000000     0.85515095
  12  175    0     0.00000000     0.87497640
  12  176    0     0.00000000     0.82403849
  12  177    0     0.00000000     0.87657230
  12  178    0     0.00000000     0.87596427
  12  179    0     0.00000000     0.92714780
  12  180    0     0.00000000     0.87637015
  12  181    0     0.00000000     0.98957195
  12  182    0     0.00000000     1.00000000
  12  183    0     0.00000000     1.00000000
  12  184    0     0.00000000     1.00000000
  12  185    0     0.00000000     1.00000000
  12  186    0     0.00000000     1.00000000
  12  187    0     0.00000000     1.00000000
  12  188    0     0.00000000     1.00000000
  12  189    0     0.00000000     1.00000000
  12  190    0     0.00000000     1.00000000
  12  191    0     0.00000000     1.00000000
  12  192    0     0.00000000     1.00000000
  12  193    0     0.00000000     1.00000000
  12  194    0     0.00000000     0.92985648
  12  195    0     0.00000000     0.99904798
  12  196    0     0.00000000     0.95286283
  12  197    0     0.00000000     1.03682462
  12  198    0     0.00000000     0.82668378
  12  199    0     0.00000000     1.00235024
  12  200    0     0.00000000     1.04922205
  12  201    0     0.00000000     1.11760577
  12  202    0     0.00000000     0.99360439
  12  203    0     0.00000000     1.04442665
  12  204    0     0.00000000     1.09939275
  12  205    0     0.00000000     1.07624888
  12  206    0     0.00000000     1.01079245
  12  207    0     0.00000000     1.01688441
  12  208    0     0.00000000     0.91162994
  12  209    0     0.00000000     1.03045235
  12  210    0     0.00000000     1.05312883
  12  211    0     0.00000000     1.07096132
  12  212    0     0.00000000     1.06505228
  12  213    0     0.00000000     1.12537435
  12  214    0     0.00000000     1.04421384
  12  215    0     0.00000000     1.10924987
  12  216    0     0.00000000     1.04680013
  12  217    0     0.00000000     1.07284677
  12  218    0     0.00000000     1.05164791
  12  219    0     0.00000000     1.08993406
  12  220    0     0.00000000     1.10610887
  12  221    0     0.00000000     1.09306132
  12  222    0     0.00000000     1.18029248
  12  223    0     0.00000000     1.14291946
  12  224    0     0.00000000     1.06199613
  12  225    0     0.00000000     1.20740839
  12  226    0     0.00000000     1.04420148
  12  227    0     0.00000000     1.08321081
  12  228    0     0.00000000     1.02351179
  12  229    0     0.00000000     1.12891586
  13    0    0     0.00000000     1.26779586
  13    1    0     0.00000000     1.12590641
  13    2    0     0.00000000     1.28742319
  13    3    0     0.00000000     1.47308503
  13    4    0     0.00000000     1.03728244
  13    5    0     0.00000000     1.23836066
  13    6    0     0.00000000     1.13179668
  13    7    0     0.00000000     0.99630088
  13    8    0     0.00000000     0.91943553
  13    9    0     0.00000000     1.08289341
  13   10    0     0.00000000     1.12511425
  13   11    0     0.00000000     1.87839650
  13   12    0     0.00000000     1.03852591
  13   13    0     0.00000000     1.01384541
  13   14    0     0.00000000     1.26937847
  13   15    0     0.00000000     1.03555828
  13   16    0     0.00000000     1.07530604
  13   17    0     0.00000000     1.00000000
  13   18    0     0.00000000     1.00000000
  13   19    0     0.00000000     1.00000000
  13   20    0     0.00000000     1.00000000
  13   21    0     0.00000000     1.00000000
  13   22    0     0.00000000     1.00000000
  13   23    0     0.00000000     1.00000000
  13   24    0     0.00000000     1.00000000
  13   25    0     0.00000000     1.00000000
  13   26    0     0.00000000     1.00000000
  13   27    0     0.00000000     1.00000000
  13   28    0     0.00000000     1.21035048
  13   29    0     0.00000000     1.24418614
  13   30    0     0.00000000     1.21879371
  13   31    0     0.00000000     1.30989551
  13   32    0     0.00000000     1.28705751
  13   33    0     0.00000000     1.23686217
  13   34    0     0.00000000     1.04203124
  13   35    0     0.00000000     1.15828981
  13   36    0     0.00000000     1.15828981
  13   37    0     0.00000000     1.15828981
  13   38    0     0.00000000     1.31393103
  13   39    0     0.00000000     1.27826474
  13   40    0     0.00000000     1.22319102
  13   41    0     0.00000000     1.34612052
  13   42    0     0.00000000     1.30714594
  13   43    0     0.00000000     1.34266175
  13   44    0     0.00000000     1.26959953
  13   45    0     0.00000000     1.46921464
  13   46    0     0.00000000     1.37808669
  13   47    0     0.00000000     1.32696427
  13   48    0     0.00000000     1.35968484
  13   49    0     0.00000000     1.27441931
  13   50    0     0.00000000     1.23200810
  13   51    0     0.00000000     1.34833583
  13   52    0     0.00000000     1.34014307
  13   53    0     0.00000000     1.36967027
  13   54    0     0.00000000     1.33227091
  13   55    0     0.00000000     1.34501530
  13   56    0     0.00000000     1.17844024
  13   57    0     0.00000000     1.19296331
  13   58    0     0.00000000     1.21686865
  13   59    0     0.00000000     1.18264913
  13   60    0     0.00000000     1.37187945
  13   61    0     0.00000000     1.27586950
  13   62    0     0.00000000     1.25920702
  13   63    0     0.00000000     1.22397893
  13   64    0     0.00000000     1.28160491
  13   65    0     0.00000000     1.24504794
  13   66    0     0.00000000     1.33340679
  13   67    0     0.00000000     1.25606571
  13   68    0     0.00000000     1.40772221
  13   69    0     0.00000000     2.49960371
  13   70    0     0.00000000     1.22712247
  13   71    0     0.00000000     1.38881957
  13   72    0     0.00000000     1.26429822
  13   73    0     0.00000000     1.28608464
  13   74    0     0.00000000     1.26655272
  13   75    0     0.00000000     1.32091457
  13   76    0     0.00000000     1.37249510
  13   77    0     0.00000000     1.20265064
  13   78    0     0.00000000     1.36155247
  13   79    0     0.00000000     1.18982332
  13   80    0     0.00000000     1.27253253
  13   81    0     0.00000000     1.20184598
  13   82    0     0.00000000     1.29357076
  13   83    0     0.00000000     1.51396653
  13   84    0     0.00000000     1.35440797
  13   85    0     0.00000000     1.36977796
  13   86    0     0.00000000     1.28854700
  13   87    0     0.00000000     1.32093251
  13   88    0     0.00000000     1.26551039
  13   89    0     0.00000000     1.35906453
  13   90    0     0.00000000     1.28500309
  13   91    0     0.00000000     1.47219991
  13   92    0     0.00000000     1.41671923
  13   93    0     0.00000000     1.33958641
  13   94    0     0.00000000     1.29597860
  13   95    0     0.00000000     1.33021546
  13   96    0     0.00000000     1.30586614
  13   97    0     0.00000000     1.36517233
  13   98    0     0.00000000     1.28971211
  13   99    0     0.00000000     1.00000000
  13  100    0     0.00000000     1.00000000
  13  101    0     0.00000000     1.00000000
  13  102    0     0.00000000     1.00000000
  13  103    0     0.00000000     1.00000000
  13  104    0     0.00000000     1.00000000
  13  105    0     0.00000000     1.00000000
  13  106    0     0.00000000     1.00000000
  13  107    0     0.00000000     1.00000000
  13  108    0     0.00000000     1.00000000
  13  109    0     0.00000000     1.00000000
  13  110    0     0.00000000     1.00000000
  13  111    0     0.00000000     1.00000000
  13  112    0     0.00000000     1.00000000
  13  113    0     0.00000000     1.00000000
  13  114    0     0.00000000     1.00000000
  13  115    0     0.00000000     0.84823424
  13  116    0     0.00000000     0.84472159
  13  117    0     0.00000000     0.93940761
  13  118    0     0.00000000     0.93202975
  13  119    0     0.00000000     0.97529931
  13  120    0     0.00000000     0.99139498
  13  121    0     0.00000000     0.96613959
  13  122    0     0.00000000     0.98115575
  13  123    0     0.00000000     0.92532154
  13  124    0     0.00000000     0.90971870
  13  125    0     0.00000000     0.85292915
  13  126    0     0.00000000     0.84814599
  13  127    0     0.00000000     0.85075911
  13  128    0     0.00000000     0.85595723
  13  129    0     0.00000000     0.86238036
  13  130    0     0.00000000     0.90630972
  13  131    0     0.00000000     0.88783505
  13  132    0     0.00000000     0.91432964
  13  133    0     0.00000000     0.93410501
  13  134    0     0.00000000     0.99810212
  13  135    0     0.00000000     0.99082824
  13  136    0     0.00000000     1.00953914
  13  137    0     0.00000000     0.99835632
  13  138    0     0.00000000     1.02867817
  13  139    0     0.00000000     1.01496412
  13  140    0     0.00000000     1.05030266
  13  141    0     0.00000000     1.03531409
  13  142    0     0.00000000     1.02198791
  13  143    0     0.00000000     1.04103268
  13  144    0     0.00000000     1.03668554
  13  145    0     0.00000000     1.02988038
  13  146    0     0.00000000     1.03941453
  13  147    0     0.00000000     1.01354084
  13  148    0     0.00000000     1.02724879
  13  149    0     0.00000000     1.01713888
  13  150    0     0.00000000     0.99861460
  13  151    0     0.00000000     0.97991593
  13  152    0     0.00000000     1.01992700
  13  153    0     0.00000000     0.95833783
  13  154    0     0.00000000     0.96367827
  13  155    0     0.00000000     0.94472948
  13  156    0     0.00000000     0.98256842
  13  157    0     0.00000000     0.95204786
  13  158    0     0.00000000     0.91474333
  13  159    0     0.00000000     0.92505333
  13  160    0     0.00000000     0.91275436
  13  161    0     0.00000000     0.87260573
  13  162    0     0.00000000     0.82293982
  13  163    0     0.00000000     0.74432864
  13  164    0     0.00000000     0.77589845
  13  165    0     0.00000000     0.76951240
  13  166    0     0.00000000     0.79983510
  13  167    0     0.00000000     0.73523932
  13  168    0     0.00000000     0.73994597
  13  169    0     0.00000000     0.72513131
  13  170    0     0.00000000     0.74254245
  13  171    0     0.00000000     0.79956241
  13  172    0     0.00000000     0.85847702
  13  173    0     0.00000000     0.86156938
  13  174    0     0.00000000     0.92702438
  13  175    0     0.00000000     0.93524362
  13  176    0     0.00000000     0.99075421
  13  177    0     0.00000000     0.96119861
  13  178    0     0.00000000     0.98450555
  13  179    0     0.00000000     0.97868818
  13  180    0     0.00000000     0.93092517
  13  181    0     0.00000000     0.82508808
  13  182    0     0.00000000     0.87119464
  13  183    0     0.00000000     0.93171248
  13  184    0     0.00000000     0.91631047
  13  185    0     0.00000000     0.99609996
  13  186    0     0.00000000     1.00000000
  13  187    0     0.00000000     1.00000000
  13  188    0     0.00000000     1.00000000
  13  189    0     0.00000000     1.00000000
  13  190    0     0.00000000     1.00000000
  13  191    0     0.00000000     1.00000000
  13  192    0     0.00000000     1.00000000
  13  193    0     0.00000000     1.00000000
  13  194    0     0.00000000     1.00000000
  13  195    0     0.00000000     1.00000000
  13  196    0     0.00000000     1.00000000
  13  197    0     0.00000000     1.12637997
  13  198    0     0.00000000     1.07216594
  13  199    0     0.00000000     1.02051781
  13  200    0     0.00000000     0.94687979
  13  201    0     0.00000000     0.96760128
  13  202    0     0.00000000     0.98624138
  13  203    0     0.00000000     0.96801055
  13  204    0     0.00000000     1.04145889
  13  205    0     0.00000000     1.07085660
  13  206    0     0.00000000     1.10796926
  13  207    0     0.00000000     1.13285866
  13  208    0     0.00000000     1.22507325
  13  209    0     0.00000000     1.20534104
  13  210    0     0.00000000     1.20266025
  13  211    0     0.00000000     1.14022438
  13  212    0     0.00000000     1.29791540
  13  213    0     0.00000000     1.28492599
  14    0    0     0.00000000     1.24977410
  14    1    0     0.00000000     1.20799806
  14    2    0     0.00000000     1.26944686
  14    3    0     0.00000000     1.55746561
  14    4    0     0.00000000     1.00000000
  14    5    0     0.00000000     1.00000000
  14    6    0     0.00000000     1.00000000
  14    7    0     0.00000000     1.00000000
  14    8    0     0.00000000     1.00000000
  14    9    0     0.00000000     1.00000000
  14   10    0     0.00000000     1.00000000
  14   11    0     0.00000000     1.00000000
  14   12    0     0.00000000     1.00000000
  14   13    0     0.00000000     1.00000000
  14   14    0     0.00000000     1.55746561
  14   15    0     0.00000000     1.18899612
  14   16    0     0.00000000     1.03951659
  14   17    0     0.00000000     1.29770482
  14   18    0     0.00000000     1.03308090
  14   19    0     0.00000000     1.13967031
  14   20    0     0.00000000     1.33101615
  14   21    0     0.00000000     1.26214201
  14   22    0     0.00000000     1.37794516
  14   23    0     0.00000000     1.31128599
  14   24    0     0.00000000     1.29333228
  14   25    0     0.00000000     1.32011993
  14   26    0     0.00000000     1.31747123
  14   27    0     0.00000000     1.19929596
  14   28    0     0.00000000     1.01383728
  14   29    0     0.00000000     0.90279448
  14   30    0     0.00000000     0.93830685
  14   31    0     0.00000000     0.97449006
  14   32    0     0.00000000     1.01357580
  14   33    0     0.00000000     1.38966155
  14   34    0     0.00000000     1.36327110
  14   35    0     0.00000000     1.38498452
  14   36    0     0.00000000     1.44554208
  14   37    0     0.00000000     1.34375268
  14   38    0     0.00000000     1.46289952
  14   39    0     0.00000000     1.43751176
  14   40    0     0.00000000     1.43177168
  14   41    0     0.00000000     1.18342295
  14   42    0     0.00000000     1.31709723
  14   43    0     0.00000000     1.32067034
  14   44    0     0.00000000     1.38485351
  14   45    0     0.00000000     1.20791424
  14   46    0     0.00000000     1.40085396
  14   47    0     0.00000000     1.29127673
  14   48    0     0.00000000     1.43112679
  14   49    0     0.00000000     1.40195544
  14   50    0     0.00000000     1.44972419
  14   51    0     0.00000000     1.32577133
  14   52    0     0.00000000     1.23326230
  14   53    0     0.00000000     1.35564954
  14   54    0     0.00000000     1.30441380
  14   55    0     0.00000000     1.39862921
  14   56    0     0.00000000     1.45038300
  14   57    0     0.00000000     1.38275698
  14   58    0     0.00000000     1.25480568
  14   59    0     0.00000000     1.22884029
  14   60    0     0.00000000     1.27110038
  14   61    0     0.00000000     1.32179334
  14   62    0     0.00000000     1.35954857
  14   63    0     0.00000000     1.47208552
  14   64    0     0.00000000     2.50891386
  14   65    0     0.00000000     1.26208088
  14   66    0     0.00000000     1.33104163
  14   67    0     0.00000000     1.31565167
  14   68    0     0.00000000     1.32808131
  14   69    0     0.00000000     1.25353221
  14   70    0     0.00000000     1.28011602
  14   71    0     0.00000000     1.44019015
  14   72    0     0.00000000     1.27783560
  14   73    0     0.00000000     1.36953600
  14   74    0     0.00000000     1.25548913
  14   75    0     0.00000000     1.22974692
  14   76    0     0.00000000     1.25688789
  14   77    0     0.00000000     1.27377085
  14   78    0     0.00000000     1.43900766
  14   79    0     0.00000000     1.43852074
  14   80    0     0.00000000     1.40505553
  14   81    0     0.00000000     1.32271449
  14   82    0     0.00000000     1.27809055
  14   83    0     0.00000000     1.39351158
  14   84    0     0.00000000     1.41301285
  14   85    0     0.00000000     1.36094100
  14   86    0     0.00000000     1.40258752
  14   87    0     0.00000000     1.52873909
  14   88    0     0.00000000     1.27870959
  14   89    0     0.00000000     1.32679581
  14   90    0     0.00000000     1.32169257
  14   91    0     0.00000000     1.38659727
  14   92    0     0.00000000     1.33713354
  14   93    0     0.00000000     1.28409073
  14   94    0     0.00000000     1.00000000
  14   95    0     0.00000000     1.00000000
  14   96    0     0.00000000     1.00000000
  14   97    0     0.00000000     1.00000000
  14   98    0     0.00000000     1.00000000
  14   99    0     0.00000000     1.00000000
  14  100    0     0.00000000     1.00000000
  14  101    0     0.00000000     1.00000000
  14  102    0     0.00000000     1.00000000
  14  103    0     0.00000000     1.00000000
  14  104    0     0.00000000     1.08156269
  14  105    0     0.00000000     1.03700188
  14  106    0     0.00000000     0.94677962
  14  107    0     0.00000000     1.02962346
  14  108    0     0.00000000     1.00000000
  14  109    0     0.00000000     1.00000000
  14  110    0     0.00000000     1.00000000
  14  111    0     0.00000000     1.00000000
  14  112    0     0.00000000     1.00000000
  14  113    0     0.00000000     1.00000000
  14  114    0     0.00000000     1.00000000
  14  115    0     0.00000000     1.00000000
  14  116    0     0.00000000     1.00000000
  14  117    0     0.00000000     1.00000000
  14  118    0     0.00000000     0.91882502
  14  119    0     0.00000000     0.88661229
  14  120    0     0.00000000     0.87686789
  14  121    0     0.00000000     0.93856658
  14  122    0     0.00000000     0.93497858
  14  123    0     0.00000000     0.94931869
  14  124    0     0.00000000     0.92761278
  14  125    0     0.00000000     0.98237446
  14  126    0     0.00000000     0.97212910
  14  127    0     0.00000000     1.02428367
  14  128    0     0.00000000     1.01885174
  14  129    0     0.00000000     1.04707412
  14  130    0     0.00000000     1.02031772
  14  131    0     0.00000000     1.07711436
  14  132    0     0.00000000     1.04830604
  14  133    0     0.00000000     1.05015920
  14  134    0     0.00000000     1.04402121
  14  135    0     0.00000000     1.01504113
  14  136    0     0.00000000     0.98033118
  14  137    0     0.00000000     1.03741688
  14  138    0     0.00000000     0.96217472
  14  139    0     0.00000000     1.02203567
  14  140    0     0.00000000     0.97740783
  14  141    0     0.00000000     1.00830549
  14  142    0     0.00000000     1.02411037
  14  143    0     0.00000000     1.05064026
  14  144    0     0.00000000     1.03227056
  14  145    0     0.00000000     1.02365535
  14  146    0     0.00000000     1.03867956
  14  147    0     0.00000000     1.04497024
  14  148    0     0.00000000     1.01616381
  14  149    0     0.00000000     1.02470398
  14  150    0     0.00000000     1.00886820
  14  151    0     0.00000000     1.01961255
  14  152    0     0.00000000     0.97335092
  14  153    0     0.00000000     0.98655454
  14  154    0     0.00000000     0.94167522
  14  155    0     0.00000000     0.96246913
  14  156    0     0.00000000     0.93082069
  14  157    0     0.00000000     0.95504331
  14  158    0     0.00000000     0.90855708
  14  159    0     0.00000000     0.90314579
  14  160    0     0.00000000     0.88722712
  14  161    0     0.00000000     0.87692635
  14  162    0     0.00000000     0.92245647
  14  163    0     0.00000000     0.89707075
  14  164    0     0.00000000     0.86679314
  14  165    0     0.00000000     0.93617214
  14  166    0     0.00000000     0.92593116
  14  167    0     0.00000000     0.99040706
  14  168    0     0.00000000     0.97419048
  14  169    0     0.00000000     1.00449647
  14  170    0     0.00000000     0.97918049
  14  171    0     0.00000000     0.96002394
  14  172    0     0.00000000     0.96684649
  14  173    0     0.00000000     0.98268496
  14  174    0     0.00000000     0.95948079
  14  175    0     0.00000000     0.97688665
  14  176    0     0.00000000     0.92956008
  14  177    0     0.00000000     0.89751465
  14  178    0     0.00000000     0.89433868
  14  179    0     0.00000000     0.92037235
  14  180    0     0.00000000     0.84985518
  14  181    0     0.00000000     0.88087949
  14  182    0     0.00000000     0.84540730
  14  183    0     0.00000000     0.85592223
  14  184    0     0.00000000     0.88550914
  14  185    0     0.00000000     0.98246750
  14  186    0     0.00000000     0.99244346
  14  187    0     0.00000000     1.12870686
  14  188    0     0.00000000     1.11606271
  14  189    0     0.00000000     1.12609952
  14  190    0     0.00000000     1.12645705
  14  191    0     0.00000000     1.11569879
  14  192    0     0.00000000     1.01689136
  14  193    0     0.00000000     1.03095101
  14  194    0     0.00000000     1.06212325
  14  195    0     0.00000000     1.13212866
  14  196    0     0.00000000     1.11273893
  14  197    0     0.00000000     1.19867284
  14  198    0     0.00000000     1.00000000
  14  199    0     0.00000000     1.00000000
  14  200    0     0.00000000     1.00000000
  14  201    0     0.00000000     1.00000000
  14  202    0     0.00000000     1.00000000
  14  203    0     0.00000000     1.00000000
  14  204    0     0.00000000     1.00000000
  14  205    0     0.00000000     1.00000000
  14  206    0     0.00000000     1.00000000
  14  207    0     0.00000000     1.00000000
  14  208    0     0.00000000     1.21360090
  14  209    0     0.00000000     1.30973095
  14  210    0     0.00000000     1.33508879
  14  211    0     0.00000000     1.47895584
  15    0    0     0.00000000     1.00000000
  15    1    0     0.00000000     1.00000000
  15    2    0     0.00000000     1.00000000
  15    3    0     0.00000000     1.00000000
  15    4    0     0.00000000     1.01714300
  15    5    0     0.00000000     1.12474612
  15    6    0     0.00000000     1.12030211
  15    7    0     0.00000000     1.24365103
  15    8    0     0.00000000     1.07859424
  15    9    0     0.00000000     1.27865448
  15   10    0     0.00000000     1.31338380
  15   11    0     0.00000000     1.20504692
  15   12    0     0.00000000     1.25108191
  15   13    0     0.00000000     1.13502281
  15   14    0     0.00000000     1.01727779
  15   15    0     0.00000000     1.19845127
  15   16    0     0.00000000     1.52901436
  15   17    0     0.00000000     1.25427152
  15   18    0     0.00000000     1.28173172
  15   19    0     0.00000000     1.31168876
  15   20    0     0.00000000     1.34572099
  15   21    0     0.00000000     1.30560058
  15   22    0     0.00000000     1.28463061
  15   23    0     0.00000000     1.12097075
  15   24    0     0.00000000     1.28414245
  15   25    0     0.00000000     1.43149417
  15   26    0     0.00000000     1.17771576
  15   27    0     0.00000000     0.96950146
  15   28    0     0.00000000     1.05696159
  15   29    0     0.00000000     0.96864972
  15   30    0     0.00000000     1.39983278
  15   31    0     0.00000000     1.44888310
  15   32    0     0.00000000     1.55416435
  15   33    0     0.00000000     1.29609192
  15   34    0     0.00000000     1.33081608
  15   35    0     0.00000000     1.34334854
  15   36    0     0.00000000     1.29426529
  15   37    0     0.00000000     1.46268865
  15   38    0     0.00000000     1.49456005
  15   39    0     0.00000000     1.42652149
  15   40    0     0.00000000     1.22583067
  15   41    0     0.00000000     1.04420736
  15   42    0     0.00000000     1.26181442
  15   43    0     0.00000000     1.04734645
  15   44    0     0.00000000     0.88321050
  15   45    0     0.00000000     1.34510933
  15   46    0     0.00000000     1.23937038
  15   47    0     0.00000000     1.24744693
  15   48    0     0.00000000     1.25687451
  15   49    0     0.00000000     1.29071838
  15   50    0     0.00000000     1.40946263
  15   51    0     0.00000000     1.39335523
  15   52    0     0.00000000     1.37519346
  15   53    0     0.00000000     1.63510521
  15   54    0     0.00000000     1.47964487
  15   55    0     0.00000000     1.34163742
  15   56    0     0.00000000     1.35206092
  15   57    0     0.00000000     1.00030266
  15   58    0     0.00000000     1.41057237
  15   59    0     0.00000000     1.39476543
  15   60    0     0.00000000     1.26690100
  15   61    0     0.00000000     2.41357505
  15   62    0     0.00000000     1.28023069
  15   63    0     0.00000000     1.35740620
  15   64    0     0.00000000     1.24111044
  15   65    0     0.00000000     1.25191619
  15   66    0     0.00000000     1.43165355
  15   67    0     0.00000000     1.34429315
  15   68    0     0.00000000     1.53844057
  15   69    0     0.00000000     1.25587486
  15   70    0     0.00000000     1.28930615
  15   71    0     0.00000000     1.21327111
  15   72    0     0.00000000     1.19588325
  15   73    0     0.00000000     1.22826592
  15   74    0     0.00000000     1.19573456
  15   75    0     0.00000000     1.38091462
  15   76    0     0.00000000     1.30768747
  15   77    0     0.00000000     1.36946605
  15   78    0     0.00000000     1.28352851
  15   79    0     0.00000000     1.31361046
  15   80    0     0.00000000     1.35568484
  15   81    0     0.00000000     1.29652442
  15   82    0     0.00000000     1.38036777
  15   83    0     0.00000000     1.35616008
  15   84    0     0.00000000     1.47557646
  15   85    0     0.00000000     1.37718449
  15   86    0     0.00000000     1.25064633
  15   87    0     0.00000000     1.33320495
  15   88    0     0.00000000     1.32930026
  15   89    0     0.00000000     1.34214788
  15   90    0     0.00000000     1.34963759
  15   91    0     0.00000000     1.00000000
  15   92    0     0.00000000     1.00000000
  15   93    0     0.00000000     1.00000000
  15   94    0     0.00000000     1.00000000
  15   95    0     0.00000000     1.00000000
  15   96    0     0.00000000     1.00000000
  15   97    0     0.00000000     1.00000000
  15   98    0     0.00000000     1.00000000
  15   99    0     0.00000000     1.00000000
  15  100    0     0.00000000     1.00000000
  15  101    0     0.00000000     1.11050213
  15  102    0     0.00000000     1.14160629
  15  103    0     0.00000000     1.20614961
  15  104    0     0.00000000     1.19621535
  15  105    0     0.00000000     1.14903756
  15  106    0     0.00000000     1.09841813
  15  107    0     0.00000000     1.09379743
  15  108    0     0.00000000     1.02851464
  15  109    0     0.00000000     1.01851109
  15  110    0     0.00000000     1.07206276
  15  111    0     0.00000000     1.01347452
  15  112    0     0.00000000     1.04127725
  15  113    0     0.00000000     1.00000000
  15  114    0     0.00000000     1.00000000
  15  115    0     0.00000000     1.00000000
  15  116    0     0.00000000     1.00000000
  15  117    0     0.00000000     1.00000000
  15  118    0     0.00000000     1.00000000
  15  119    0     0.00000000     1.00000000
  15  120    0     0.00000000     1.00000000
  15  121    0     0.00000000     1.00000000
  15  122    0     0.00000000     1.00000000
  15  123    0     0.00000000     1.04614449
  15  124    0     0.00000000     1.03188455
  15  125    0     0.00000000     1.01991077
  15  126    0     0.00000000     0.97028507
  15  127    0     0.00000000     0.93101910
  15  128    0     0.00000000     0.89713681
  15  129    0     0.00000000     0.91600620
  15  130    0     0.00000000     0.92755530
  15  131    0     0.00000000     0.93075653
  15  132    0     0.00000000     0.95243964
  15  133    0     0.00000000     0.95104210
  15  134    0     0.00000000     0.93330836
  15  135    0     0.00000000     1.01455054
  15  136    0     0.00000000     1.02483960
  15  137    0     0.00000000     1.02956033
  15  138    0     0.00000000     1.02509971
  15  139    0     0.00000000     1.04971129
  15  140    0     0.00000000     1.03447346
  15  141    0     0.00000000     1.05393923
  15  142    0     0.00000000     1.04950040
  15  143    0     0.00000000     1.03741616
  15  144    0     0.00000000     1.04767701
  15  145    0     0.00000000     1.00857234
  15  146    0     0.00000000     1.04197219
  15  147    0     0.00000000     1.08039833
  15  148    0     0.00000000     1.08236670
  15  149    0     0.00000000     1.06152134
  15  150    0     0.00000000     1.03166380
  15  151    0     0.00000000     1.03850029
  15  152    0     0.00000000     1.06714680
  15  153    0     0.00000000     1.02609073
  15  154    0     0.00000000     1.05029084
  15  155    0     0.00000000     1.06994230
  15  156    0     0.00000000     1.04435214
  15  157    0     0.00000000     1.03944705
  15  158    0     0.00000000     1.00630591
  15  159    0     0.00000000     1.04261225
  15  160    0     0.00000000     1.01639620
  15  161    0     0.00000000     1.00970388
  15  162    0     0.00000000     0.96844637
  15  163    0     0.00000000     0.95171407
  15  164    0     0.00000000     0.96207265
  15  165    0     0.00000000     0.96877452
  15  166    0     0.00000000     0.95973085
  15  167    0     0.00000000     0.99619878
  15  168    0     0.00000000     0.95449089
  15  169    0     0.00000000     0.99581288
  15  170    0     0.00000000     0.98308938
  15  171    0     0.00000000     0.98218631
  15  172    0     0.00000000     0.96663967
  15  173    0     0.00000000     1.02037635
  15  174    0     0.00000000     0.96597749
  15  175    0     0.00000000     1.00015494
  15  176    0     0.00000000     0.92638251
  15  177    0     0.00000000     0.93953141
  15  178    0     0.00000000     0.87537794
  15  179    0     0.00000000     0.88201721
  15  180    0     0.00000000     0.85484224
  15  181    0     0.00000000     0.89136947
  15  182    0     0.00000000     0.87335286
  15  183    0     0.00000000     0.86531843
  15  184    0     0.00000000     0.90510946
  15  185    0     0.00000000     1.10355042
  15  186    0     0.00000000     0.99803405
  15  187    0     0.00000000     1.08550501
  15  188    0     0.00000000     0.99826706
  15  189    0     0.00000000     1.05967000
  15  190    0     0.00000000     1.02509995
  15  191    0     0.00000000     1.07714509
  15  192    0     0.00000000     1.03931990
  15  193    0     0.00000000     1.00173888
  15  194    0     0.00000000     0.94525775
  15  195    0     0.00000000     0.97363278
  15  196    0     0.00000000     0.86269616
  15  197    0     0.00000000     1.01560929
  15  198    0     0.00000000     0.96734288
  15  199    0     0.00000000     1.07076093
  15  200    0     0.00000000     1.12083681
  15  201    0     0.00000000     1.21869596
  15  202    0     0.00000000     1.14787156
  15  203    0     0.00000000     1.12920740
  15  204    0     0.00000000     1.08008434
  15  205    0     0.00000000     1.11151546
  15  206    0     0.00000000     0.98726272
  15  207    0     0.00000000     1.07560424
  15  208    0     0.00000000     1.12935413
  15  209    0     0.00000000     1.20527129
  15  210    0     0.00000000     1.00000000
  15  211    0     0.00000000     1.00000000
  15  212    0     0.00000000     1.00000000
  15  213    0     0.00000000     1.00000000
  16    0    0     0.00000000     1.00582043
  16    1    0     0.00000000     1.21171641
  16    2    0     0.00000000     0.95551460
  16    3    0     0.00000000     1.01453405
  16    4    0     0.00000000     1.08132441
  16    5    0     0.00000000     0.96404217
  16    6    0     0.00000000     1.13148881
  16    7    0     0.00000000     1.18716221
  16    8    0     0.00000000     1.25435510
  16    9    0     0.00000000     1.14766040
  16   10    0     0.00000000     1.31302520
  16   11    0     0.00000000     1.31302520
  16   12    0     0.00000000     1.53406676
  16   13    0     0.00000000     1.42462089
  16   14    0     0.00000000     1.35557214
  16   15    0     0.00000000     1.13237717
  16   16    0     0.00000000     1.16212029
  16   17    0     0.00000000     1.45912271
  16   18    0     0.00000000     1.15209737
  16   19    0     0.00000000     1.27056123
  16   20    0     0.00000000     1.40889137
  16   21    0     0.00000000     1.21960101
  16   22    0     0.00000000     1.28015120
  16   23    0     0.00000000     1.18691352
  16   24    0     0.00000000     1.59406575
  16   25    0     0.00000000     1.28659684
  16   26    0     0.00000000     1.21657473
  16   27    0     0.00000000     1.30789861
  16   28    0     0.00000000     1.29091983
  16   29    0     0.00000000     1.31069681
  16   30    0     0.00000000     1.28123885
  16   31    0     0.00000000     1.26749358
  16   32    0     0.00000000     1.32033157
  16   33    0     0.00000000     1.46314142
  16   34    0     0.00000000     1.39663601
  16   35    0     0.00000000     1.39464770
  16   36    0     0.00000000     1.30399793
  16   37    0     0.00000000     1.39277110
  16   38    0     0.00000000     1.39219350
  16   39    0     0.00000000     1.33814349
  16   40    0     0.00000000     1.42101106
  16   41    0     0.00000000     1.26367932
  16   42    0     0.00000000     1.28339069
  16   43    0     0.00000000     1.28951589
  16   44    0     0.00000000     1.24043546
  16   45    0     0.00000000     1.29307470
  16   46    0     0.00000000     1.17177728
  16   47    0     0.00000000     1.36644713
  16   48    0     0.00000000     1.17601965
  16   49    0     0.00000000     1.30046120
  16   50    0     0.00000000     1.13963221
  16   51    0     0.00000000     1.24232597
  16   52    0     0.00000000     1.36219351
  16   53    0     0.00000000     1.22094842
  16   54    0     0.00000000     1.12359998
  16   55    0     0.00000000     1.31203112
  16   56    0     0.00000000     1.24353523
  16   57    0     0.00000000     1.31667232
  16   58    0     0.00000000     1.34614576
  16   59    0     0.00000000     1.21767906
  16   60    0     0.00000000     1.10021705
  16   61    0     0.00000000     1.03968806
  16   62    0     0.00000000     1.07711172
  16   63    0     0.00000000     1.36226272
  16   64    0     0.00000000     1.27020703
  16   65    0     0.00000000     1.27571184
  16   66    0     0.00000000     1.15274249
  16   67    0     0.00000000     1.36721830
  16   68    0     0.00000000     1.16376920
  16   69    0     0.00000000     1.16481439
  16   70    0     0.00000000     1.09528499
  16   71    0     0.00000000     1.15140692
  16   72    0     0.00000000     1.22211128
  16   73    0     0.00000000     1.18297477
  16   74    0     0.00000000     1.19390549
  16   75    0     0.00000000     1.41294510
  16   76    0     0.00000000     1.16903399
  16   77    0     0.00000000     1.20522163
  16   78    0     0.00000000     1.18094135
  16   79    0     0.00000000     1.22850079
  16   80    0     0.00000000     1.24282978
  16   81    0     0.00000000     1.29594666
  16   82    0     0.00000000     1.22881526
  16   83    0     0.00000000     1.27365315
  16   84    0     0.00000000     1.31662777
  16   85    0     0.00000000     1.24395248
  16   86    0     0.00000000     1.22143856
  16   87    0     0.00000000     1.30792184
  16   88    0     0.00000000     1.21960308
  16   89    0     0.00000000     1.26948720
  16   90    0     0.00000000     1.22228478
  16   91    0     0.00000000     1.00000000
  16   92    0     0.00000000     1.00000000
  16   93    0     0.00000000     1.00000000
  16   94    0     0.00000000     1.00000000
  16   95    0     0.00000000     1.00000000
  16   96    0     0.00000000     1.00000000
  16   97    0     0.00000000     1.00000000
  16   98    0     0.00000000     1.00000000
  16   99    0     0.00000000     1.00000000
  16  100    0     0.00000000     1.08568473
  16  101    0     0.00000000     1.10708599
  16  102    0     0.00000000     1.08850168
  16  103    0     0.00000000     1.14447254
  16  104    0     0.00000000     1.09648858
  16  105    0     0.00000000     1.11606034
  16  106    0     0.00000000     1.05479281
  16  107    0     0.00000000     1.10047260
  16  108    0     0.00000000     1.10199532
  16  109    0     0.00000000     1.13309917
  16  110    0     0.00000000     1.09597782
  16  111    0     0.00000000     1.15527738
  16  112    0     0.00000000     1.08259002
  16  113    0     0.00000000     1.09166231
  16  114    0     0.00000000     1.02801131
  16  115    0     0.00000000     1.02818001
  16  116    0     0.00000000     1.03155211
  16  117    0     0.00000000     1.04500169
  16  118    0     0.00000000     1.03634434
  16  119    0     0.00000000     1.08055660
  16  120    0     0.00000000     1.00000000
  16  121    0     0.00000000     1.00000000
  16  122    0     0.00000000     1.00000000
  16  123    0     0.00000000     1.00000000
  16  124    0     0.00000000     1.00000000
  16  125    0     0.00000000     1.00000000
  16  126    0     0.00000000     1.00000000
  16  127    0     0.00000000     1.00000000
  16  128    0     0.00000000     1.00000000
  16  129    0     0.00000000     0.91887005
  16  130    0     0.00000000     0.94143388
  16  131    0     0.00000000     0.95078462
  16  132    0     0.00000000     0.93318390
  16  133    0     0.00000000     0.90712309
  16  134    0     0.00000000     0.89206789
  16  135    0     0.00000000     0.94265737
  16  136    0     0.00000000     0.92810226
  16  137    0     0.00000000     0.92601777
  16  138    0     0.00000000     0.92607212
  16  139    0     0.00000000     0.92975999
  16  140    0     0.00000000     0.89187347
  16  141    0     0.00000000     0.89296083
  16  142    0     0.00000000     0.86470358
  16  143    0     0.00000000     0.87528977
  16  144    0     0.00000000     0.87748665
  16  145    0     0.00000000     0.87939685
  16  146    0     0.00000000     0.88976536
  16  147    0     0.00000000     0.90879954
  16  148    0     0.00000000     0.92195906
  16  149    0     0.00000000     0.91822220
  16  150    0     0.00000000     0.81937157
  16  151    0     0.00000000     0.96441149
  16  152    0     0.00000000     0.84425502
  16  153    0     0.00000000     0.99829461
  16  154    0     0.00000000     0.87796813
  16  155    0     0.00000000     0.89058289
  16  156    0     0.00000000     0.90341030
  16  157    0     0.00000000     0.90850589
  16  158    0     0.00000000     0.91382751
  16  159    0     0.00000000     0.93918315
  16  160    0     0.00000000     0.87472460
  16  161    0     0.00000000     0.91665293
  16  162    0     0.00000000     0.92210787
  16  163    0     0.00000000     0.90486950
  16  164    0     0.00000000     0.88826383
  16  165    0     0.00000000     0.91897322
  16  166    0     0.00000000     0.94781744
  16  167    0     0.00000000     0.90210654
  16  168    0     0.00000000     0.88038610
  16  169    0     0.00000000     0.88914890
  16  170    0     0.00000000     0.86441703
  16  171    0     0.00000000     0.84312542
  16  172    0     0.00000000     0.82285747
  16  173    0     0.00000000     0.82438333
  16  174    0     0.00000000     0.80185669
  16  175    0     0.00000000     0.86792939
  16  176    0     0.00000000     0.82857270
  16  177    0     0.00000000     0.83036275
  16  178    0     0.00000000     0.82309924
  16  179    0     0.00000000     0.81874742
  16  180    0     0.00000000     0.85414740
  16  181    0     0.00000000     0.84850111
  16  182    0     0.00000000     0.85148659
  16  183    0     0.00000000     0.86735315
  16  184    0     0.00000000     0.88235408
  16  185    0     0.00000000     0.90790689
  16  186    0     0.00000000     0.90319989
  16  187    0     0.00000000     0.92832826
  16  188    0     0.00000000     0.91667003
  16  189    0     0.00000000     0.98391040
  16  190    0     0.00000000     1.00991649
  16  191    0     0.00000000     0.98861539
  16  192    0     0.00000000     0.99916250
  16  193    0     0.00000000     1.03547937
  16  194    0     0.00000000     1.01372965
  16  195    0     0.00000000     1.01773084
  16  196    0     0.00000000     0.95602131
  16  197    0     0.00000000     0.97622045
  16  198    0     0.00000000     1.01185756
  16  199    0     0.00000000     1.00704161
  16  200    0     0.00000000     1.02788616
  16  201    0     0.00000000     1.02250900
  16  202    0     0.00000000     1.13788429
  16  203    0     0.00000000     1.13741505
  16  204    0     0.00000000     1.08109297
  16  205    0     0.00000000     1.15614944
  16  206    0     0.00000000     1.17334057
  16  207    0     0.00000000     1.06976813
  16  208    0     0.00000000     0.98470076
  16  209    0     0.00000000     0.96961868
  16  210    0     0.00000000     0.89739527
  16  211    0     0.00000000     0.89373960
  16  212    0     0.00000000     0.91792424
  16  213    0     0.00000000     1.01706381
  16  214    0     0.00000000     0.95923560
  16  215    0     0.00000000     0.99172327
  16  216    0     0.00000000     1.27405108
  16  217    0     0.00000000     1.18366726
  16  218    0     0.00000000     1.21044336
  16  219    0     0.00000000     1.40169380
  17    0    0     0.00000000     1.40169380
  17    1    0     0.00000000     1.40169380
  17    2    0     0.00000000     1.40702547
  17    3    0     0.00000000     1.41239785
  17    4    0     0.00000000     1.27452543
  17    5    0     0.00000000     1.16117623
  17    6    0     0.00000000     1.01018765
  17    7    0     0.00000000     1.57400249
  17    8    0     0.00000000     1.21621342
  17    9    0     0.00000000     1.44410607
  17   10    0     0.00000000     1.32731853
  17   11    0     0.00000000     1.22693516
  17   12    0     0.00000000     1.19392705
  17   13    0     0.00000000     1.30732982
  17   14    0     0.00000000     1.06482904
  17   15    0     0.00000000     1.30339937
  17   16    0     0.00000000     1.25859279
  17   17    0     0.00000000     1.25677969
  17   18    0     0.00000000     1.25172026
  17   19    0     0.00000000     1.25172026
  17   20    0     0.00000000     1.25865521
  17   21    0     0.00000000     1.53326075
  17   22    0     0.00000000     1.15379940
  17   23    0     0.00000000     1.06321347
  17   24    0     0.00000000     1.05597980
  17   25    0     0.00000000     1.11566986
  17   26    0     0.00000000     1.11566986
  17   27    0     0.00000000     1.11566986
  17   28    0     0.00000000     1.11566986
  17   29    0     0.00000000     1.26341906
  17   30    0     0.00000000     1.27959374
  17   31    0     0.00000000     1.31017189
  17   32    0     0.00000000     1.30510408
  17   33    0     0.00000000     1.34068804
  17   34    0     0.00000000     1.45742331
  17   35    0     0.00000000     1.58521218
  17   36    0     0.00000000     1.47136647
  17   37    0     0.00000000     1.14270782
  17   38    0     0.00000000     1.31754861
  17   39    0     0.00000000     1.26623329
  17   40    0     0.00000000     1.35125492
  17   41    0     0.00000000     1.30017372
  17   42    0     0.00000000     1.36018905
  17   43    0     0.00000000     1.26484835
  17   44    0     0.00000000     1.26167373
  17   45    0     0.00000000     1.48982235
  17   46    0     0.00000000     1.24280259
  17   47    0     0.00000000     1.16007984
  17   48    0     0.00000000     1.21107578
  17   49    0     0.00000000     1.23933792
  17   50    0     0.00000000     1.36911993
  17   51    0     0.00000000     1.33658866
  17   52    0     0.00000000     1.30295220
  17   53    0     0.00000000     1.32780880
  17   54    0     0.00000000     1.33682213
  17   55    0     0.00000000     1.36600424
  17   56    0     0.00000000     1.27105497
  17   57    0     0.00000000     1.21274291
  17   58    0     0.00000000     1.15875194
  17   59    0     0.00000000     1.18855033
  17   60    0     0.00000000     1.22001216
  17   61    0     0.00000000     1.33579628
  17   62    0     0.00000000     1.19454048
  17   63    0     0.00000000     1.22472758
  17   64    0     0.00000000     1.16563428
  17   65    0     0.00000000     1.24202663
  17   66    0     0.00000000     1.32655725
  17   67    0     0.00000000     1.17191315
  17   68    0     0.00000000     1.19870441
  17   69    0     0.00000000     1.07741970
  17   70    0     0.00000000     1.13043493
  17   71    0     0.00000000     1.27226981
  17   72    0     0.00000000     1.22832715
  17   73    0     0.00000000     1.35151954
  17   74    0     0.00000000     1.24810556
  17   75    0     0.00000000     1.28360299
  17   76    0     0.00000000     1.17904952
  17   77    0     0.00000000     1.16798180
  17   78    0     0.00000000     1.17187115
  17   79    0     0.00000000     1.18107397
  17   80    0     0.00000000     1.22385811
  17   81    0     0.00000000     1.31827036
  17   82    0     0.00000000     1.32669778
  17   83    0     0.00000000     1.18986561
  17   84    0     0.00000000     1.16002364
  17   85    0     0.00000000     1.27019912
  17   86    0     0.00000000     1.21844361
  17   87    0     0.00000000     1.26371641
  17   88    0     0.00000000     1.20123936
  17   89    0     0.00000000     1.00000000
  17   90    0     0.00000000     1.00000000
  17   91    0     0.00000000     1.00000000
  17   92    0     0.00000000     1.00000000
  17   93    0     0.00000000     1.00000000
  17   94    0     0.00000000     1.00000000
  17   95    0     0.00000000     1.00000000
  17   96    0     0.00000000     1.00000000
  17   97    0     0.00000000     1.00000000
  17   98    0     0.00000000     1.02297755
  17   99    0     0.00000000     1.09007813
  17  100    0     0.00000000     1.06943832
  17  101    0     0.00000000     1.11560974
  17  102    0     0.00000000     1.04405463
  17  103    0     0.00000000     1.09226682
  17  104    0     0.00000000     1.12157900
  17  105    0     0.00000000     1.17632240
  17  106    0     0.00000000     1.16917472
  17  107    0     0.00000000     1.26704882
  17  108    0     0.00000000     1.25525543
  17  109    0     0.00000000     1.19806707
  17  110    0     0.00000000     1.11366306
  17  111    0     0.00000000     1.13591366
  17  112    0     0.00000000     1.11373501
  17  113    0     0.00000000     1.12140879
  17  114    0     0.00000000     1.06360911
  17  115    0     0.00000000     1.15309380
  17  116    0     0.00000000     1.13560700
  17  117    0     0.00000000     1.14124767
  17  118    0     0.00000000     1.17381024
  17  119    0     0.00000000     1.12167682
  17  120    0     0.00000000     1.10430172
  17  121    0     0.00000000     1.10817167
  17  122    0     0.00000000     1.04853711
  17  123    0     0.00000000     1.06473028
  17  124    0     0.00000000     1.01896042
  17  125    0     0.00000000     0.99619170
  17  126    0     0.00000000     1.00000000
  17  127    0     0.00000000     1.00000000
  17  128    0     0.00000000     1.00000000
  17  129    0     0.00000000     1.00000000
  17  130    0     0.00000000     1.00000000
  17  131    0     0.00000000     1.00000000
  17  132    0     0.00000000     1.00000000
  17  133    0     0.00000000     1.00000000
  17  134    0     0.00000000     1.00000000
  17  135    0     0.00000000     1.00000000
  17  136    0     0.00000000     0.86973335
  17  137    0     0.00000000     0.79070813
  17  138    0     0.00000000     0.73560640
  17  139    0     0.00000000     0.76274700
  17  140    0     0.00000000     0.78083877
  17  141    0     0.00000000     0.84560502
  17  142    0     0.00000000     0.84296928
  17  143    0     0.00000000     0.89674540
  17  144    0     0.00000000     0.86988757
  17  145    0     0.00000000     0.90250693
  17  146    0     0.00000000     0.88859358
  17  147    0     0.00000000     0.91379204
  17  148    0     0.00000000     0.85063631
  17  149    0     0.00000000     0.90908926
  17  150    0     0.00000000     0.87542463
  17  151    0     0.00000000     0.89032503
  17  152    0     0.00000000     0.85724133
  17  153    0     0.00000000     0.84977668
  17  154    0     0.00000000     0.95651137
  17  155    0     0.00000000     0.91751459
  17  156    0     0.00000000     0.92399769
  17  157    0     0.00000000     0.94122698
  17  158    0     0.00000000     0.89815824
  17  159    0     0.00000000     0.92037116
  17  160    0     0.00000000     0.88164534
  17  161    0     0.00000000     0.87421349
  17  162    0     0.00000000     0.83566217
  17  163    0     0.00000000     0.86873802
  17  164    0     0.00000000     0.86357293
  17  165    0     0.00000000     0.86094975
  17  166    0     0.00000000     0.83885086
  17  167    0     0.00000000     0.86618961
  17  168    0     0.00000000     0.84709464
  17  169    0     0.00000000     0.84906519
  17  170    0     0.00000000     0.82199065
  17  171    0     0.00000000     0.82193793
  17  172    0     0.00000000     0.82727681
  17  173    0     0.00000000     0.82496130
  17  174    0     0.00000000     0.78897901
  17  175    0     0.00000000     0.81695757
  17  176    0     0.00000000     0.83375754
  17  177    0     0.00000000     0.84786116
  17  178    0     0.00000000     0.86664562
  17  179    0     0.00000000     0.86542056
  17  180    0     0.00000000     0.86083610
  17  181    0     0.00000000     0.88337777
  17  182    0     0.00000000     0.87562329
  17  183    0     0.00000000     0.90258153
  17  184    0     0.00000000     0.92635660
  17  185    0     0.00000000     0.82414905
  17  186    0     0.00000000     0.93649403
  17  187    0     0.00000000     0.92582893
  17  188    0     0.00000000     0.92479091
  17  189    0     0.00000000     0.96601776
  17  190    0     0.00000000     0.85579542
  17  191    0     0.00000000     0.81494736
  17  192    0     0.00000000     0.83483155
  17  193    0     0.00000000     0.81409383
  17  194    0     0.00000000     0.82875896
  17  195    0     0.00000000     0.79951352
  17  196    0     0.00000000     0.77694625
  17  197    0     0.00000000     0.78048253
  17  198    0     0.00000000     0.81817878
  17  199    0     0.00000000     0.80811473
  17  200    0     0.00000000     0.85830935
  17  201    0     0.00000000     0.87733598
  17  202    0     0.00000000     0.91572333
  17  203    0     0.00000000     0.97917871
  17  204    0     0.00000000     1.07042384
  17  205    0     0.00000000     1.04023008
  17  206    0     0.00000000     1.08869149
  17  207    0     0.00000000     1.08290486
  17  208    0     0.00000000     1.08595533
  17  209    0     0.00000000     1.13026816
  17  210    0     0.00000000     1.05427485
  17  211    0     0.00000000     0.99196915
  17  212    0     0.00000000     1.02273826
  17  213    0     0.00000000     1.00826285
  17  214    0     0.00000000     1.05375681
  17  215    0     0.00000000     0.94333768
  17  216    0     0.00000000     0.98190073
  17  217    0     0.00000000     0.98312949
  17  218    0     0.00000000     1.05581919
  17  219    0     0.00000000     1.10433368
  17  220    0     0.00000000     1.15124461
  17  221    0     0.00000000     1.17135500
  17  222    0     0.00000000     1.08591189
  17  223    0     0.00000000     1.11712824
  18    0    0     0.00000000     1.17861285
  18    1    0     0.00000000     1.29684277
  18    2    0     0.00000000     1.22369044
  18    3    0     0.00000000     1.22369044
  18    4    0     0.00000000     1.15835021
  18    5    0     0.00000000     1.31814281
  18    6    0     0.00000000     1.14169646
  18    7    0     0.00000000     1.33042213
  18    8    0     0.00000000     1.54593072
  18    9    0     0.00000000     1.31759174
  18   10    0     0.00000000     1.40180485
  18   11    0     0.00000000     1.57502256
  18   12    0     0.00000000     1.08547125
  18   13    0     0.00000000     1.27007109
  18   14    0     0.00000000     1.22395911
  18   15    0     0.00000000     1.45821418
  18   16    0     0.00000000     1.05896376
  18   17    0     0.00000000     1.07256753
  18   18    0     0.00000000     1.26017797
  18   19    0     0.00000000     1.42452161
  18   20    0     0.00000000     1.42754801
  18   21    0     0.00000000     1.43058729
  18   22    0     0.00000000     1.99853691
  18   23    0     0.00000000     1.26329535
  18   24    0     0.00000000     1.18470796
  18   25    0     0.00000000     1.22287589
  18   26    0     0.00000000     1.10848755
  18   27    0     0.00000000     1.09027701
  18   28    0     0.00000000     1.26957455
  18   29    0     0.00000000     1.52428104
  18   30    0     0.00000000     1.09202935
  18   31    0     0.00000000     1.59769529
  18   32    0     0.00000000     1.39648536
  18   33    0     0.00000000     1.24410663
  18   34    0     0.00000000     1.22015997
  18   35    0     0.00000000     1.52480777
  18   36    0     0.00000000     1.41988967
  18   37    0     0.00000000     1.38406928
  18   38    0     0.00000000     1.12245501
  18   39    0     0.00000000     1.58019136
  18   40    0     0.00000000     1.25043236
  18   41    0     0.00000000     2.55351671
  18   42    0     0.00000000     1.20370119
  18   43    0     0.00000000     1.54395691
  18   44    0     0.00000000     1.23458879
  18   45    0     0.00000000     1.37427104
  18   46    0     0.00000000     1.21571346
  18   47    0     0.00000000     1.33985385
  18   48    0     0.00000000     1.32357237
  18   49    0     0.00000000     1.20898272
  18   50    0     0.00000000     1.34800890
  18   51    0     0.00000000     1.27483753
  18   52    0     0.00000000     1.23602538
  18   53    0     0.00000000     1.23140935
  18   54    0     0.00000000     1.18670131
  18   55    0     0.00000000     1.31165307
  18   56    0     0.00000000     1.29624604
  18   57    0     0.00000000     1.35068712
  18   58    0     0.00000000     1.39167289
  18   59    0     0.00000000     2.45317622
  18   60    0     0.00000000     1.30427929
  18   61    0     0.00000000     1.36139743
  18   62    0     0.00000000     1.25947762
  18   63    0     0.00000000     1.36366764
  18   64    0     0.00000000     1.25672188
  18   65    0     0.00000000     1.34081337
  18   66    0     0.00000000     1.34117444
  18   67    0     0.00000000     1.28164287
  18   68    0     0.00000000     1.25635157
  18   69    0     0.00000000     1.22644824
  18   70    0     0.00000000     1.11787252
  18   71    0     0.00000000     1.34774461
  18   72    0     0.00000000     1.14234572
  18   73    0     0.00000000     1.35462861
  18   74    0     0.00000000     1.39603059
  18   75    0     0.00000000     1.42892905
  18   76    0     0.00000000     1.21921643
  18   77    0     0.00000000     1.16743510
  18   78    0     0.00000000     1.15230231
  18   79    0     0.00000000     1.23867445
  18   80    0     0.00000000     1.31651633
  18   81    0     0.00000000     1.40023132
  18   82    0     0.00000000     1.36702936
  18   83    0     0.00000000     1.23231370
  18   84    0     0.00000000     1.23159706
  18   85    0     0.00000000     1.25030027
  18   86    0     0.00000000     1.14168593
  18   87    0     0.00000000     1.26883292
  18   88    0     0.00000000     1.27727506
  18   89    0     0.00000000     1.00000000
  18   90    0     0.00000000     1.00000000
  18   91    0     0.00000000     1.00000000
  18   92    0     0.00000000     1.00000000
  18   93    0     0.00000000     1.00000000
  18   94    0     0.00000000     1.00000000
  18   95    0     0.00000000     1.00000000
  18   96    0     0.00000000     1.00000000
  18   97    0     0.00000000     1.00000000
  18   98    0     0.00000000     1.14059594
  18   99    0     0.00000000     1.18053926
  18  100    0     0.00000000     1.13837515
  18  101    0     0.00000000     1.17845150
  18  102    0     0.00000000     1.25137907
  18  103    0     0.00000000     1.20650539
  18  104    0     0.00000000     1.16731914
  18  105    0     0.00000000     1.22193254
  18  106    0     0.00000000     1.20252948
  18  107    0     0.00000000     1.22746122
  18  108    0     0.00000000     1.21617716
  18  109    0     0.00000000     1.23195123
  18  110    0     0.00000000     1.19745516
  18  111    0     0.00000000     1.20362462
  18  112    0     0.00000000     1.17370313
  18  113    0     0.00000000     1.15071478
  18  114    0     0.00000000     1.17445916
  18  115    0     0.00000000     1.18190106
  18  116    0     0.00000000     1.13448537
  18  117    0     0.00000000     1.18215554
  18  118    0     0.00000000     1.12569453
  18  119    0     0.00000000     1.09729928
  18  120    0     0.00000000     1.15730306
  18  121    0     0.00000000     1.07418470
  18  122    0     0.00000000     1.05967678
  18  123    0     0.00000000     1.05294920
  18  124    0     0.00000000     1.02776554
  18  125    0     0.00000000     1.08314096
  18  126    0     0.00000000     1.11275279
  18  127    0     0.00000000     1.04888564
  18  128    0     0.00000000     0.93490205
  18  129    0     0.00000000     0.93272131
  18  130    0     0.00000000     0.92631154
  18  131    0     0.00000000     0.91721521
  18  132    0     0.00000000     0.91303636
  18  133    0     0.00000000     0.95801787
  18  134    0     0.00000000     1.00000000
  18  135    0     0.00000000     1.00000000
  18  136    0     0.00000000     1.00000000
  18  137    0     0.00000000     1.00000000
  18  138    0     0.00000000     1.00000000
  18  139    0     0.00000000     1.00000000
  18  140    0     0.00000000     1.00000000
  18  141    0     0.00000000     1.00000000
  18  142    0     0.00000000     1.00000000
  18  143    0     0.00000000     0.86136171
  18  144    0     0.00000000     0.79612886
  18  145    0     0.00000000     0.83114797
  18  146    0     0.00000000     0.86359880
  18  147    0     0.00000000     0.79950590
  18  148    0     0.00000000     0.79964741
  18  149    0     0.00000000     0.78869718
  18  150    0     0.00000000     0.81317442
  18  151    0     0.00000000     0.81422774
  18  152    0     0.00000000     0.83486975
  18  153    0     0.00000000     0.82999503
  18  154    0     0.00000000     0.81106469
  18  155    0     0.00000000     0.82305268
  18  156    0     0.00000000     0.83011901
  18  157    0     0.00000000     0.86155440
  18  158    0     0.00000000     0.91761262
  18  159    0     0.00000000     0.89123808
  18  160    0     0.00000000     0.91992479
  18  161    0     0.00000000     0.92495919
  18  162    0     0.00000000     0.94337283
  18  163    0     0.00000000     0.92343573
  18  164    0     0.00000000     0.93587107
  18  165    0     0.00000000     0.92916382
  18  166    0     0.00000000     0.96558732
  18  167    0     0.00000000     0.97012728
  18  168    0     0.00000000     1.01234028
  18  169    0     0.00000000     0.96176987
  18  170    0     0.00000000     0.96725420
  18  171    0     0.00000000     0.95843468
  18  172    0     0.00000000     0.97390923
  18  173    0     0.00000000     0.92826843
  18  174    0     0.00000000     0.98265124
  18  175    0     0.00000000     0.95295159
  18  176    0     0.00000000     0.98739896
  18  177    0     0.00000000     0.94408712
  18  178    0     0.00000000     0.93478970
  18  179    0     0.00000000     0.89342950
  18  180    0     0.00000000     0.89768155
  18  181    0     0.00000000     0.97489848
  18  182    0     0.00000000     0.92888788
  18  183    0     0.00000000     0.90419602
  18  184    0     0.00000000     0.89518028
  18  185    0     0.00000000     0.88354057
  18  186    0     0.00000000     0.86569626
  18  187    0     0.00000000     0.87450644
  18  188    0     0.00000000     0.88625936
  18  189    0     0.00000000     0.88085383
  18  190    0     0.00000000     0.88025203
  18  191    0     0.00000000     0.87741052
  18  192    0     0.00000000     0.88724388
  18  193    0     0.00000000     0.86776297
  18  194    0     0.00000000     0.81619597
  18  195    0     0.00000000     0.72674429
  18  196    0     0.00000000     0.73518273
  18  197    0     0.00000000     0.76153876
  18  198    0     0.00000000     0.76681035
  18  199    0     0.00000000     0.72001504
  18  200    0     0.00000000     0.75092769
  18  201    0     0.00000000     0.73667135
  18  202    0     0.00000000     0.81668531
  18  203    0     0.00000000     0.79722535
  18  204    0     0.00000000     0.84121215
  18  205    0     0.00000000     0.85502225
  18  206    0     0.00000000     0.90211618
  18  207    0     0.00000000     0.85404533
  18  208    0     0.00000000     0.88375021
  18  209    0     0.00000000     0.90365456
  18  210    0     0.00000000     0.96139526
  18  211    0     0.00000000     0.90375674
  18  212    0     0.00000000     0.94686010
  18  213    0     0.00000000     0.95028858
  18  214    0     0.00000000     0.90084642
  18  215    0     0.00000000     0.90385175
  18  216    0     0.00000000     0.99345852
  18  217    0     0.00000000     0.99320685
  18  218    0     0.00000000     1.04570760
  18  219    0     0.00000000     1.00261099
  18  220    0     0.00000000     1.02184459
  18  221    0     0.00000000     1.05602916
  18  222    0     0.00000000     1.17230733
  18  223    0     0.00000000     1.10840202
  18  224    0     0.00000000     1.07030751
  18  225    0     0.00000000     1.05829851
  18  226    0     0.00000000     1.05582817
  18  227    0     0.00000000     1.05461531
  18  228    0     0.00000000     1.05406507
  18  229    0     0.00000000     0.94598152
  18  230    0     0.00000000     0.98576968
  18  231    0     0.00000000     1.02723733
  19    0    0     0.00000000     1.33109151
  19    1    0     0.00000000     1.34396683
  19    2    0     0.00000000     1.40712726
  19    3    0     0.00000000     1.34842647
  19    4    0     0.00000000     1.34842647
  19    5    0     0.00000000     1.34842647
  19    6    0     0.00000000     1.25222635
  19    7    0     0.00000000     1.26234104
  19    8    0     0.00000000     1.26234104
  19    9    0     0.00000000     1.26234104
  19   10    0     0.00000000     1.41395350
  19   11    0     0.00000000     1.32823631
  19   12    0     0.00000000     1.25231786
  19   13    0     0.00000000     1.35436235
  19   14    0     0.00000000     1.35332620
  19   15    0     0.00000000     2.19086728
  19   16    0     0.00000000     2.25629119
  19   17    0     0.00000000     1.77925545
  19   18    0     0.00000000     1.77925545
  19   19    0     0.00000000     1.77925545
  19   20    0     0.00000000     1.77925545
  19   21    0     0.00000000     1.77925545
  19   22    0     0.00000000     1.12306814
  19   23    0     0.00000000     1.03086400
  19   24    0     0.00000000     1.15112501
  19   25    0     0.00000000     0.84812808
  19   26    0     0.00000000     1.00902906
  19   27    0     0.00000000     1.24527376
  19   28    0     0.00000000     1.14410645
  19   29    0     0.00000000     1.00567042
  19   30    0     0.00000000     1.28876671
  19   31    0     0.00000000     1.20073095
  19   32    0     0.00000000     1.43909954
  19   33    0     0.00000000     1.21227082
  19   34    0     0.00000000     1.39911583
  19   35    0     0.00000000     1.27891763
  19   36    0     0.00000000     1.15405845
  19   37    0     0.00000000     1.28711904
  19   38    0     0.00000000     1.29871260
  19   39    0     0.00000000     1.20115383
  19   40    0     0.00000000     1.45909941
  19   41    0     0.00000000     1.18456363
  19   42    0     0.00000000     1.33463528
  19   43    0     0.00000000     1.18764979
  19   44    0     0.00000000     1.10449006
  19   45    0     0.00000000     1.21943197
  19   46    0     0.00000000     1.18879639
  19   47    0     0.00000000     1.09830843
  19   48    0     0.00000000     1.22028037
  19   49    0     0.00000000     1.19552865
  19   50    0     0.00000000     1.55480547
  19   51    0     0.00000000     1.25544644
  19   52    0     0.00000000     1.26581066
  19   53    0     0.00000000     1.22846021
  19   54    0     0.00000000     1.48078162
  19   55    0     0.00000000     1.22284803
  19   56    0     0.00000000     1.26457220
  19   57    0     0.00000000     1.28464276
  19   58    0     0.00000000     1.06936276
  19   59    0     0.00000000     0.91301996
  19   60    0     0.00000000     1.32012461
  19   61    0     0.00000000     1.34199403
  19   62    0     0.00000000     1.35408337
  19   63    0     0.00000000     1.31553506
  19   64    0     0.00000000     1.19116089
  19   65    0     0.00000000     1.34657091
  19   66    0     0.00000000     1.20869780
  19   67    0     0.00000000     1.17498258
  19   68    0     0.00000000     1.18278790
  19   69    0     0.00000000     1.19664946
  19   70    0     0.00000000     1.25317150
  19   71    0     0.00000000     1.08486671
  19   72    0     0.00000000     1.25072701
  19   73    0     0.00000000     1.25390466
  19   74    0     0.00000000     1.29221815
  19   75    0     0.00000000     1.14785292
  19   76    0     0.00000000     1.10422418
  19   77    0     0.00000000     1.26868452
  19   78    0     0.00000000     1.10864482
  19   79    0     0.00000000     1.17205483
  19   80    0     0.00000000     1.26058842
  19   81    0     0.00000000     1.32738183
  19   82    0     0.00000000     1.24703706
  19   83    0     0.00000000     1.22277906
  19   84    0     0.00000000     1.27443121
  19   85    0     0.00000000     1.24106985
  19   86    0     0.00000000     1.18243196
  19   87    0     0.00000000     1.26837437
  19   88    0     0.00000000     1.00000000
  19   89    0     0.00000000     1.00000000
  19   90    0     0.00000000     1.00000000
  19   91    0     0.00000000     1.00000000
  19   92    0     0.00000000     1.00000000
  19   93    0     0.00000000     1.00000000
  19   94    0     0.00000000     1.00000000
  19   95    0     0.00000000     1.00000000
  19   96    0     0.00000000     1.00000000
  19   97    0     0.00000000     1.15336853
  19   98    0     0.00000000     0.97238975
  19   99    0     0.00000000     0.99198245
  19  100    0     0.00000000     0.98580749
  19  101    0     0.00000000     1.02216807
  19  102    0     0.00000000     0.99917142
  19  103    0     0.00000000     0.94207614
  19  104    0     0.00000000     0.95694763
  19  105    0     0.00000000     1.12500529
  19  106    0     0.00000000     1.16559546
  19  107    0     0.00000000     1.18864963
  19  108    0     0.00000000     1.15896327
  19  109    0     0.00000000     1.14621025
  19  110    0     0.00000000     1.20618495
  19  111    0     0.00000000     1.21346935
  19  112    0     0.00000000     1.16715145
  19  113    0     0.00000000     1.17534285
  19  114    0     0.00000000     1.19807775
  19  115    0     0.00000000     1.13624321
  19  116    0     0.00000000     1.17215837
  19  117    0     0.00000000     1.11811629
  19  118    0     0.00000000     1.16113040
  19  119    0     0.00000000     1.12858993
  19  120    0     0.00000000     1.09487076
  19  121    0     0.00000000     1.07963009
  19  122    0     0.00000000     1.11021714
  19  123    0     0.00000000     1.09958301
  19  124    0     0.00000000     1.10183127
  19  125    0     0.00000000     1.04432090
  19  126    0     0.00000000     0.98918788
  19  127    0     0.00000000     0.99091532
  19  128    0     0.00000000     0.94429761
  19  129    0     0.00000000     0.94219260
  19  130    0     0.00000000     0.98135364
  19  131    0     0.00000000     0.96151421
  19  132    0     0.00000000     1.04740394
  19  133    0     0.00000000     0.90442983
  19  134    0     0.00000000     1.00811893
  19  135    0     0.00000000     0.83534579
  19  136    0     0.00000000     0.83058823
  19  137    0     0.00000000     0.91024742
  19  138    0     0.00000000     0.93862521
  19  139    0     0.00000000     0.91497590
  19  140    0     0.00000000     0.92033099
  19  141    0     0.00000000     1.00000000
  19  142    0     0.00000000     1.00000000
  19  143    0     0.00000000     1.00000000
  19  144    0     0.00000000     1.00000000
  19  145    0     0.00000000     1.00000000
  19  146    0     0.00000000     1.00000000
  19  147    0     0.00000000     1.00000000
  19  148    0     0.00000000     1.00000000
  19  149    0     0.00000000     1.00000000
  19  150    0     0.00000000     0.91371983
  19  151    0     0.00000000     0.79005584
  19  152    0     0.00000000     0.90598873
  19  153    0     0.00000000     0.91180828
  19  154    0     0.00000000     0.92474604
  19  155    0     0.00000000     0.92129577
  19  156    0     0.00000000     0.93822880
  19  157    0     0.00000000     0.81285373
  19  158    0     0.00000000     0.95552332
  19  159    0     0.00000000     0.85299205
  19  160    0     0.00000000     0.97950632
  19  161    0     0.00000000     0.97247770
  19  162    0     0.00000000     0.88469695
  19  163    0     0.00000000     0.82368624
  19  164    0     0.00000000     0.81910146
  19  165    0     0.00000000     0.82560658
  19  166    0     0.00000000     0.80497898
  19  167    0     0.00000000     0.86740884
  19  168    0     0.00000000     0.91720221
  19  169    0     0.00000000     0.90649321
  19  170    0     0.00000000     0.88042552
  19  171    0     0.00000000     0.87973833
  19  172    0     0.00000000     0.88143980
  19  173    0     0.00000000     0.87895673
  19  174    0     0.00000000     0.88365864
  19  175    0     0.00000000     0.91364503
  19  176    0     0.00000000     0.90891485
  19  177    0     0.00000000     0.88763726
  19  178    0     0.00000000     0.85614197
  19  179    0     0.00000000     0.83681602
  19  180    0     0.00000000     0.83916368
  19  181    0     0.00000000     0.84774427
  19  182    0     0.00000000     0.86343643
  19  183    0     0.00000000     0.82364269
  19  184    0     0.00000000     0.84229254
  19  185    0     0.00000000     0.85622107
  19  186    0     0.00000000     0.82471822
  19  187    0     0.00000000     0.80328447
  19  188    0     0.00000000     0.77906435
  19  189    0     0.00000000     0.76347019
  19  190    0     0.00000000     0.77479791
  19  191    0     0.00000000     0.76864152
  19  192    0     0.00000000     0.74731511
  19  193    0     0.00000000     0.73205658
  19  194    0     0.00000000     0.75471272
  19  195    0     0.00000000     0.75970391
  19  196    0     0.00000000     0.75925054
  19  197    0     0.00000000     0.77127071
  19  198    0     0.00000000     0.74276285
  19  199    0     0.00000000     0.72138895
  19  200    0     0.00000000     0.78698970
  19  201    0     0.00000000     0.77329971
  19  202    0     0.00000000     0.80305334
  19  203    0     0.00000000     0.81351965
  19  204    0     0.00000000     0.83205677
  19  205    0     0.00000000     0.83496319
  19  206    0     0.00000000     0.84904244
  19  207    0     0.00000000     0.83368955
  19  208    0     0.00000000     0.84606610
  19  209    0     0.00000000     0.82160480
  19  210    0     0.00000000     0.85459375
  19  211    0     0.00000000     0.84654633
  19  212    0     0.00000000     0.82106182
  19  213    0     0.00000000     0.90924038
  19  214    0     0.00000000     0.91505206
  19  215    0     0.00000000     0.88840241
  19  216    0     0.00000000     0.82466146
  19  217    0     0.00000000     0.86276555
  19  218    0     0.00000000     0.87355370
  19  219    0     0.00000000     0.75177995
  19  220    0     0.00000000     0.75796833
  19  221    0     0.00000000     0.80778684
  19  222    0     0.00000000     0.84355268
  19  223    0     0.00000000     0.92796773
  19  224    0     0.00000000     0.97372127
  19  225    0     0.00000000     0.94599325
  19  226    0     0.00000000     0.96770337
  19  227    0     0.00000000     0.96212999
  19  228    0     0.00000000     0.98486361
  19  229    0     0.00000000     0.96462315
  19  230    0     0.00000000     0.98751942
  19  231    0     0.00000000     0.91335605
  19  232    0     0.00000000     1.03674615
  19  233    0     0.00000000     0.98119830
  19  234    0     0.00000000     0.97513525
  19  235    0     0.00000000     1.00813999
  19  236    0     0.00000000     0.94125936
  19  237    0     0.00000000     1.09866005
  20    0    0     0.00000000     1.47504814
  20    1    0     0.00000000     1.47504814
  20    2    0     0.00000000     1.47504814
  20    3    0     0.00000000     1.47504814
  20    4    0     0.00000000     1.47504814
  20    5    0     0.00000000     1.47504814
  20    6    0     0.00000000     1.47504814
  20    7    0     0.00000000     1.47504814
  20    8    0     0.00000000     1.47504814
  20    9    0     0.00000000     1.47504814
  20   10    0     0.00000000     1.47504814
  20   11    0     0.00000000     1.32833065
  20   12    0     0.00000000     1.32833065
  20   13    0     0.00000000     1.32833065
  20   14    0     0.00000000     1.30272947
  20   15    0     0.00000000     1.30272947
  20   16    0     0.00000000     1.30272947
  20   17    0     0.00000000     1.18487446
  20   18    0     0.00000000     1.23636405
  20   19    0     0.00000000     1.23636405
  20   20    0     0.00000000     1.23636405
  20   21    0     0.00000000     1.23636405
  20   22    0     0.00000000     1.26809179
  20   23    0     0.00000000     1.67607986
  20   24    0     0.00000000     1.67607986
  20   25    0     0.00000000     2.20014144
  20   26    0     0.00000000     1.77514452
  20   27    0     0.00000000     1.48775740
  20   28    0     0.00000000     1.36359591
  20   29    0     0.00000000     1.50363083
  20   30    0     0.00000000     1.28243870
  20   31    0     0.00000000     1.05017253
  20   32    0     0.00000000     2.03060952
  20   33    0     0.00000000     1.37329205
  20   34    0     0.00000000     1.25715608
  20   35    0     0.00000000     1.16275807
  20   36    0     0.00000000     1.34314544
  20   37    0     0.00000000     1.37070624
  20   38    0     0.00000000     1.17421963
  20   39    0     0.00000000     1.23614085
  20   40    0     0.00000000     1.30461092
  20   41    0     0.00000000     2.21064423
  20   42    0     0.00000000     1.31054159
  20   43    0     0.00000000     1.18720531
  20   44    0     0.00000000     1.23540548
  20   45    0     0.00000000     1.19739584
  20   46    0     0.00000000     1.39405674
  20   47    0     0.00000000     1.25732079
  20   48    0     0.00000000     1.22840593
  20   49    0     0.00000000     1.30791265
  20   50    0     0.00000000     1.22874758
  20   51    0     0.00000000     1.26290849
  20   52    0     0.00000000     1.19185399
  20   53    0     0.00000000     1.29871153
  20   54    0     0.00000000     1.09043832
  20   55    0     0.00000000     1.20434808
  20   56    0     0.00000000     1.19068955
  20   57    0     0.00000000     1.46525233
  20   58    0     0.00000000     1.31341869
  20   59    0     0.00000000     1.20020622
  20   60    0     0.00000000     1.26407344
  20   61    0     0.00000000     1.25173836
  20   62    0     0.00000000     1.32258331
  20   63    0     0.00000000     1.15430766
  20   64    0     0.00000000     1.36180982
  20   65    0     0.00000000     1.26588518
  20   66    0     0.00000000     1.18930717
  20   67    0     0.00000000     1.29164545
  20   68    0     0.00000000     1.13088586
  20   69    0     0.00000000     1.21734234
  20   70    0     0.00000000     1.07061325
  20   71    0     0.00000000     1.07860276
  20   72    0     0.00000000     1.34016866
  20   73    0     0.00000000     1.21753627
  20   74    0     0.00000000     1.28280935
  20   75    0     0.00000000     1.08392558
  20   76    0     0.00000000     1.11863641
  20   77    0     0.00000000     1.19781639
  20   78    0     0.00000000     1.14250017
  20   79    0     0.00000000     1.22185559
  20   80    0     0.00000000     1.33281364
  20   81    0     0.00000000     1.34539696
  20   82    0     0.00000000     1.16166742
  20   83    0     0.00000000     1.23573496
  20   84    0     0.00000000     1.19533156
  20   85    0     0.00000000     1.23275250
  20   86    0     0.00000000     1.29670305
  20   87    0     0.00000000     1.00000000
  20   88    0     0.00000000     1.00000000
  20   89    0     0.00000000     1.00000000
  20   90    0     0.00000000     1.00000000
  20   91    0     0.00000000     1.00000000
  20   92    0     0.00000000     1.00000000
  20   93    0     0.00000000     1.00000000
  20   94    0     0.00000000     1.00000000
  20   95    0     0.00000000     1.00000000
  20   96    0     0.00000000     1.11303869
  20   97    0     0.00000000     1.16855364
  20   98    0     0.00000000     1.18876876
  20   99    0     0.00000000     1.27569154
  20  100    0     0.00000000     1.13476690
  20  101    0     0.00000000     1.19178318
  20  102    0     0.00000000     1.14386391
  20  103    0     0.00000000     1.21116473
  20  104    0     0.00000000     1.19154285
  20  105    0     0.00000000     1.21047970
  20  106    0     0.00000000     1.23161956
  20  107    0     0.00000000     1.04270533
  20  108    0     0.00000000     0.97829761
  20  109    0     0.00000000     0.99163378
  20  110    0     0.00000000     1.01329046
  20  111    0     0.00000000     0.97190291
  20  112    0     0.00000000     0.96680025
  20  113    0     0.00000000     0.97141230
  20  114    0     0.00000000     0.92669075
  20  115    0     0.00000000     1.21105145
  20  116    0     0.00000000     1.16248422
  20  117    0     0.00000000     1.17401696
  20  118    0     0.00000000     1.18346640
  20  119    0     0.00000000     1.20372300
  20  120    0     0.00000000     1.12900626
  20  121    0     0.00000000     1.14689628
  20  122    0     0.00000000     1.12932572
  20  123    0     0.00000000     0.99433583
  20  124    0     0.00000000     0.99429212
  20  125    0     0.00000000     0.97675406
  20  126    0     0.00000000     0.99304360
  20  127    0     0.00000000     0.95490972
  20  128    0     0.00000000     1.01219302
  20  129    0     0.00000000     1.01821181
  20  130    0     0.00000000     1.05921674
  20  131    0     0.00000000     1.03621223
  20  132    0     0.00000000     1.03119174
  20  133    0     0.00000000     0.91938437
  20  134    0     0.00000000     0.95381023
  20  135    0     0.00000000     0.90075189
  20  136    0     0.00000000     0.89626409
  20  137    0     0.00000000     0.86460592
  20  138    0     0.00000000     0.88735133
  20  139    0     0.00000000     0.90516688
  20  140    0     0.00000000     0.95842251
  20  141    0     0.00000000     0.89483830
  20  142    0     0.00000000     0.82188134
  20  143    0     0.00000000     0.78095470
  20  144    0     0.00000000     0.81085721
  20  145    0     0.00000000     0.77519047
  20  146    0     0.00000000     0.79833063
  20  147    0     0.00000000     0.86382408
  20  148    0     0.00000000     1.00000000
  20  149    0     0.00000000     1.00000000
  20  150    0     0.00000000     1.00000000
  20  151    0     0.00000000     1.00000000
  20  152    0     0.00000000     1.00000000
  20  153    0     0.00000000     1.00000000
  20  154    0     0.00000000     1.00000000
  20  155    0     0.00000000     1.00000000
  20  156    0     0.00000000     1.00000000
  20  157    0     0.00000000     0.83521326
  20  158    0     0.00000000     0.80930633
  20  159    0     0.00000000     0.78187437
  20  160    0     0.00000000     0.82711344
  20  161    0     0.00000000     0.80317491
  20  162    0     0.00000000     0.85871740
  20  163    0     0.00000000     0.83332955
  20  164    0     0.00000000     0.92879676
  20  165    0     0.00000000     0.93519590
  20  166    0     0.00000000     1.02562124
  20  167    0     0.00000000     0.97186023
  20  168    0     0.00000000     1.05299030
  20  169    0     0.00000000     0.98380656
  20  170    0     0.00000000     1.03303216
  20  171    0     0.00000000     1.05281564
  20  172    0     0.00000000     1.07445238
  20  173    0     0.00000000     0.98369503
  20  174    0     0.00000000     1.06320479
  20  175    0     0.00000000     1.02065982
  20  176    0     0.00000000     1.05739449
  20  177    0     0.00000000     0.95918841
  20  178    0     0.00000000     1.02038860
  20  179    0     0.00000000     0.98901462
  20  180    0     0.00000000     1.01111956
  20  181    0     0.00000000     0.98354910
  20  182    0     0.00000000     1.02180878
  20  183    0     0.00000000     0.98812187
  20  184    0     0.00000000     1.01594122
  20  185    0     0.00000000     0.95606638
  20  186    0     0.00000000     0.98091725
  20  187    0     0.00000000     0.94285252
  20  188    0     0.00000000     1.00684190
  20  189    0     0.00000000     0.96246306
  20  190    0     0.00000000     0.93792681
  20  191    0     0.00000000     0.91959297
  20  192    0     0.00000000     0.93961154
  20  193    0     0.00000000     0.92099333
  20  194    0     0.00000000     0.90623358
  20  195    0     0.00000000     0.88948808
  20  196    0     0.00000000     0.92022979
  20  197    0     0.00000000     0.89793772
  20  198    0     0.00000000     0.90594459
  20  199    0     0.00000000     0.86113866
  20  200    0     0.00000000     0.90678802
  20  201    0     0.00000000     0.86058413
  20  202    0     0.00000000     0.88298661
  20  203    0     0.00000000     0.87822307
  20  204    0     0.00000000     0.87979655
  20  205    0     0.00000000     0.85700186
  20  206    0     0.00000000     0.87330532
  20  207    0     0.00000000     0.85063640
  20  208    0     0.00000000     0.83231669
  20  209    0     0.00000000     0.81014579
  20  210    0     0.00000000     0.80915623
  20  211    0     0.00000000     0.80796065
  20  212    0     0.00000000     0.82094841
  20  213    0     0.00000000     0.79557140
  20  214    0     0.00000000     0.81104421
  20  215    0     0.00000000     0.75775994
  20  216    0     0.00000000     0.76365296
  20  217    0     0.00000000     0.75611183
  20  218    0     0.00000000     0.78650759
  20  219    0     0.00000000     0.76471673
  20  220    0     0.00000000     0.81075320
  20  221    0     0.00000000     0.72917707
  20  222    0     0.00000000     0.75543610
  20  223    0     0.00000000     0.77467649
  20  224    0     0.00000000     0.88434948
  20  225    0     0.00000000     0.91329531
  20  226    0     0.00000000     0.95534733
  20  227    0     0.00000000     0.92279837
  20  228    0     0.00000000     0.93360657
  20  229    0     0.00000000     0.87704837
  20  230    0     0.00000000     0.93382439
  20  231    0     0.00000000     0.95602895
  20  232    0     0.00000000     0.93313210
  20  233    0     0.00000000     0.96199729
  20  234    0     0.00000000     0.93048936
  20  235    0     0.00000000     0.94000290
  20  236    0     0.00000000     0.94128959
  20  237    0     0.00000000     0.87510071
  20  238    0     0.00000000     0.92872630
  20  239    0     0.00000000     0.90234155
  20  240    0     0.00000000     1.00081898
  20  241    0     0.00000000     1.02307971
  20  242    0     0.00000000     0.97509558
  20  243    0     0.00000000     0.97728849
  21    0    0     0.00000000     1.60066016
  21    1    0     0.00000000     1.60066016
  21    2    0     0.00000000     1.60066016
  21    3    0     0.00000000     1.60066016
  21    4    0     0.00000000     1.60066016
  21    5    0     0.00000000     1.60066016
  21    6    0     0.00000000     1.60066016
  21    7    0     0.00000000     1.60066016
  21    8    0     0.00000000     1.60066016
  21    9    0     0.00000000     1.60066016
  21   10    0     0.00000000     1.60066016
  21   11    0     0.00000000     1.60066016
  21   12    0     0.00000000     1.60066016
  21   13    0     0.00000000     1.60066016
  21   14    0     0.00000000     1.59582633
  21   15    0     0.00000000     2.60856739
  21   16    0     0.00000000     1.82273340
  21   17    0     0.00000000     1.82273340
  21   18    0     0.00000000     1.82273340
  21   19    0     0.00000000     1.36391685
  21   20    0     0.00000000     1.57809617
  21   21    0     0.00000000     1.54750511
  21   22    0     0.00000000     1.11371839
  21   23    0     0.00000000     1.58767525
  21   24    0     0.00000000     1.23097215
  21   25    0     0.00000000     1.20874670
  21   26    0     0.00000000     1.48725059
  21   27    0     0.00000000     1.47476658
  21   28    0     0.00000000     1.26185200
  21   29    0     0.00000000     1.36836812
  21   30    0     0.00000000     1.14181771
  21   31    0     0.00000000     1.12459824
  21   32    0     0.00000000     1.06321558
  21   33    0     0.00000000     1.01767209
  21   34    0     0.00000000     1.28275384
  21   35    0     0.00000000     1.09470788
  21   36    0     0.00000000     1.04040220
  21   37    0     0.00000000     1.06794421
  21   38    0     0.00000000     1.12396220
  21   39    0     0.00000000     1.37513853
  21   40    0     0.00000000     1.15958019
  21   41    0     0.00000000     1.46723246
  21   42    0     0.00000000     1.30755023
  21   43    0     0.00000000     1.32577041
  21   44    0     0.00000000     1.20686202
  21   45    0     0.00000000     1.20962766
  21   46    0     0.00000000     1.25303385
  21   47    0     0.00000000     1.35079927
  21   48    0     0.00000000     1.28126798
  21   49    0     0.00000000     1.22585918
  21   50    0     0.00000000     1.17727259
  21   51    0     0.00000000     1.19837401
  21   52    0     0.00000000     1.20615973
  21   53    0     0.00000000     1.29608078
  21   54    0     0.00000000     1.16093860
  21   55    0     0.00000000     1.37497000
  21   56    0     0.00000000     1.08373159
  21   57    0     0.00000000     1.22676965
  21   58    0     0.00000000     1.19092764
  21   59    0     0.00000000     1.16381654
  21   60    0     0.00000000     1.07348094
  21   61    0     0.00000000     1.09002395
  21   62    0     0.00000000     1.22626719
  21   63    0     0.00000000     1.22126186
  21   64    0     0.00000000     1.06371332
  21   65    0     0.00000000     0.99087542
  21   66    0     0.00000000     1.06666705
  21   67    0     0.00000000     1.13566917
  21   68    0     0.00000000     1.14006229
  21   69    0     0.00000000     1.20552041
  21   70    0     0.00000000     1.19949060
  21   71    0     0.00000000     1.37005990
  21   72    0     0.00000000     1.21664622
  21   73    0     0.00000000     1.27976139
  21   74    0     0.00000000     1.18818740
  21   75    0     0.00000000     1.14876429
  21   76    0     0.00000000     1.17863805
  21   77    0     0.00000000     1.24548490
  21   78    0     0.00000000     1.00000000
  21   79    0     0.00000000     1.00000000
  21   80    0     0.00000000     1.00000000
  21   81    0     0.00000000     1.00000000
  21   82    0     0.00000000     1.00000000
  21   83    0     0.00000000     1.00000000
  21   84    0     0.00000000     1.00000000
  21   85    0     0.00000000     1.00000000
  21   86    0     0.00000000     1.06443364
  21   87    0     0.00000000     1.01389184
  21   88    0     0.00000000     1.06272884
  21   89    0     0.00000000     1.08524658
  21   90    0     0.00000000     1.04025723
  21   91    0     0.00000000     1.13294426
  21   92    0     0.00000000     1.17813170
  21   93    0     0.00000000     1.19276281
  21   94    0     0.00000000     1.18385249
  21   95    0     0.00000000     1.33657281
  21   96    0     0.00000000     1.18566309
  21   97    0     0.00000000     1.27329212
  21   98    0     0.00000000     1.13850703
  21   99    0     0.00000000     1.13760517
  21  100    0     0.00000000     1.10045347
  21  101    0     0.00000000     1.17641227
  21  102    0     0.00000000     1.11377387
  21  103    0     0.00000000     1.12426770
  21  104    0     0.00000000     1.11340450
  21  105    0     0.00000000     1.16355833
  21  106    0     0.00000000     1.10345556
  21  107    0     0.00000000     1.00043918
  21  108    0     0.00000000     0.96646084
  21  109    0     0.00000000     0.99299950
  21  110    0     0.00000000     0.94630830
  21  111    0     0.00000000     0.97264148
  21  112    0     0.00000000     1.08373705
  21  113    0     0.00000000     1.06931437
  21  114    0     0.00000000     1.05079782
  21  115    0     0.00000000     1.02149004
  21  116    0     0.00000000     0.99650765
  21  117    0     0.00000000     1.06075996
  21  118    0     0.00000000     1.06025487
  21  119    0     0.00000000     1.02438572
  21  120    0     0.00000000     1.06378251
  21  121    0     0.00000000     1.01262322
  21  122    0     0.00000000     0.94808551
  21  123    0     0.00000000     0.91824911
  21  124    0     0.00000000     0.94622358
  21  125    0     0.00000000     0.87697332
  21  126    0     0.00000000     0.87785750
  21  127    0     0.00000000     0.92724333
  21  128    0     0.00000000     0.96822905
  21  129    0     0.00000000     0.92646662
  21  130    0     0.00000000     0.95382714
  21  131    0     0.00000000     0.84496637
  21  132    0     0.00000000     0.87495817
  21  133    0     0.00000000     0.86049053
  21  134    0     0.00000000     0.86858735
  21  135    0     0.00000000     0.85429778
  21  136    0     0.00000000     0.85297367
  21  137    0     0.00000000     0.92972576
  21  138    0     0.00000000     0.94118030
  21  139    0     0.00000000     0.89288804
  21  140    0     0.00000000     0.81765342
  21  141    0     0.00000000     0.79568307
  21  142    0     0.00000000     0.82467386
  21  143    0     0.00000000     0.82171187
  21  144    0     0.00000000     0.84881051
  21  145    0     0.00000000     0.92327928
  21  146    0     0.00000000     1.00000000
  21  147    0     0.00000000     1.00000000
  21  148    0     0.00000000     1.00000000
  21  149    0     0.00000000     1.00000000
  21  150    0     0.00000000     1.00000000
  21  151    0     0.00000000     1.00000000
  21  152    0     0.00000000     1.00000000
  21  153    0     0.00000000     1.00000000
  21  154    0     0.00000000     0.89740685
  21  155    0     0.00000000     0.83231869
  21  156    0     0.00000000     0.83825490
  21  157    0     0.00000000     0.83931000
  21  158    0     0.00000000     0.87244010
  21  159    0     0.00000000     0.84780214
  21  160    0     0.00000000     0.82769314
  21  161    0     0.00000000     0.81576581
  21  162    0     0.00000000     0.81765167
  21  163    0     0.00000000     0.83608911
  21  164    0     0.00000000     0.85205557
  21  165    0     0.00000000     0.85946026
  21  166    0     0.00000000     0.87829511
  21  167    0     0.00000000     0.90739088
  21  168    0     0.00000000     0.88810123
  21  169    0     0.00000000     0.90458760
  21  170    0     0.00000000     0.90785282
  21  171    0     0.00000000     0.91500554
  21  172    0     0.00000000     0.95865578
  21  173    0     0.00000000     0.92698075
  21  174    0     0.00000000     0.92320929
  21  175    0     0.00000000     0.92929385
  21  176    0     0.00000000     0.93868382
  21  177    0     0.00000000     0.95611581
  21  178    0     0.00000000     1.02818334
  21  179    0     0.00000000     1.00163182
  21  180    0     0.00000000     0.99909848
  21  181    0     0.00000000     0.99539736
  21  182    0     0.00000000     0.96917008
  21  183    0     0.00000000     0.98377120
  21  184    0     0.00000000     0.99029195
  21  185    0     0.00000000     1.01188905
  21  186    0     0.00000000     1.00887160
  21  187    0     0.00000000     0.98683541
  21  188    0     0.00000000     1.00694217
  21  189    0     0.00000000     0.95136966
  21  190    0     0.00000000     0.98066316
  21  191    0     0.00000000     0.93471529
  21  192    0     0.00000000     0.92143117
  21  193    0     0.00000000     0.91752707
  21  194    0     0.00000000     0.92852692
  21  195    0     0.00000000     0.87908754
  21  196    0     0.00000000     0.88980664
  21  197    0     0.00000000     0.84723036
  21  198    0     0.00000000     0.83330632
  21  199    0     0.00000000     0.82349305
  21  200    0     0.00000000     0.79852216
  21  201    0     0.00000000     0.76140272
  21  202    0     0.00000000     0.73972788
  21  203    0     0.00000000     0.78221836
  21  204    0     0.00000000     0.70895216
  21  205    0     0.00000000     0.70106828
  21  206    0     0.00000000     0.68059619
  21  207    0     0.00000000     0.67168187
  21  208    0     0.00000000     0.70912722
  21  209    0     0.00000000     0.67932026
  21  210    0     0.00000000     0.67290481
  21  211    0     0.00000000     0.67615593
  21  212    0     0.00000000     0.67820522
  21  213    0     0.00000000     0.67743076
  21  214    0     0.00000000     0.71309311
  21  215    0     0.00000000     0.80033403
  21  216    0     0.00000000     0.80317477
  21  217    0     0.00000000     0.81540640
  21  218    0     0.00000000     0.81415921
  21  219    0     0.00000000     0.84312385
  21  220    0     0.00000000     0.84873083
  21  221    0     0.00000000     0.84458712
  21  222    0     0.00000000     0.91606809
  21  223    0     0.00000000     1.00619821
  21  224    0     0.00000000     1.03172405
  21  225    0     0.00000000     0.97174807
  21  226    0     0.00000000     0.99445690
  21  227    0     0.00000000     1.10779744
  21  228    0     0.00000000     1.17355910
  21  229    0     0.00000000     1.15742780
  21  230    0     0.00000000     1.21470295
  21  231    0     0.00000000     1.25394592
  22    0    0     0.00000000     0.90539690
  22    1    0     0.00000000     0.90539690
  22    2    0     0.00000000     0.90539690
  22    3    0     0.00000000     0.90539690
  22    4    0     0.00000000     0.91673762
  22    5    0     0.00000000     1.01416701
  22    6    0     0.00000000     1.02703128
  22    7    0     0.00000000     1.02081846
  22    8    0     0.00000000     1.01468036
  22    9    0     0.00000000     1.02492523
  22   10    0     0.00000000     1.15850291
  22   11    0     0.00000000     1.17581501
  22   12    0     0.00000000     1.19414197
  22   13    0     0.00000000     1.23618012
  22   14    0     0.00000000     1.28049874
  22   15    0     0.00000000     0.97879747
  22   16    0     0.00000000     1.82443517
  22   17    0     0.00000000     1.36792382
  22   18    0     0.00000000     1.37504426
  22   19    0     0.00000000     1.42921815
  22   20    0     0.00000000     1.01844593
  22   21    0     0.00000000     1.07451774
  22   22    0     0.00000000     1.17133875
  22   23    0     0.00000000     1.16789606
  22   24    0     0.00000000     1.10519694
  22   25    0     0.00000000     1.11647274
  22   26    0     0.00000000     1.00434270
  22   27    0     0.00000000     1.08620429
  22   28    0     0.00000000     1.19674226
  22   29    0     0.00000000     1.10722545
  22   30    0     0.00000000     1.13218065
  22   31    0     0.00000000     1.14257943
  22   32    0     0.00000000     1.18218947
  22   33    0     0.00000000     1.16386660
  22   34    0     0.00000000     1.12983816
  22   35    0     0.00000000     1.20356479
  22   36    0     0.00000000     1.31067890
  22   37    0     0.00000000     1.24585418
  22   38    0     0.00000000     1.19353554
  22   39    0     0.00000000     1.24932320
  22   40    0     0.00000000     1.18660888
  22   41    0     0.00000000     1.19801812
  22   42    0     0.00000000     1.34284469
  22   43    0     0.00000000     1.15954491
  22   44    0     0.00000000     1.17073547
  22   45    0     0.00000000     1.18378161
  22   46    0     0.00000000     1.20578077
  22   47    0     0.00000000     1.29413465
  22   48    0     0.00000000     1.03384067
  22   49    0     0.00000000     1.14189938
  22   50    0     0.00000000     1.05478890
  22   51    0     0.00000000     1.23493294
  22   52    0     0.00000000     1.25355382
  22   53    0     0.00000000     1.13790606
  22   54    0     0.00000000     1.10473809
  22   55    0     0.00000000     1.09466617
  22   56    0     0.00000000     1.13987953
  22   57    0     0.00000000     1.00204718
  22   58    0     0.00000000     1.15493523
  22   59    0     0.00000000     1.23366138
  22   60    0     0.00000000     1.32485617
  22   61    0     0.00000000     1.12965132
  22   62    0     0.00000000     1.14233157
  22   63    0     0.00000000     1.19940595
  22   64    0     0.00000000     1.14754642
  22   65    0     0.00000000     1.18870703
  22   66    0     0.00000000     1.23890949
  22   67    0     0.00000000     1.00000000
  22   68    0     0.00000000     1.00000000
  22   69    0     0.00000000     1.00000000
  22   70    0     0.00000000     1.00000000
  22   71    0     0.00000000     1.00000000
  22   72    0     0.00000000     1.00000000
  22   73    0     0.00000000     1.00000000
  22   74    0     0.00000000     1.00000000
  22   75    0     0.00000000     0.94691194
  22   76    0     0.00000000     0.88663618
  22   77    0     0.00000000     1.02203963
  22   78    0     0.00000000     1.09302130
  22   79    0     0.00000000     1.07505429
  22   80    0     0.00000000     1.08646528
  22   81    0     0.00000000     1.13299153
  22   82    0     0.00000000     1.11255105
  22   83    0     0.00000000     1.11854584
  22   84    0     0.00000000     1.10261608
  22   85    0     0.00000000     1.10757423
  22   86    0     0.00000000     1.12482666
  22   87    0     0.00000000     1.10833491
  22   88    0     0.00000000     1.13740773
  22   89    0     0.00000000     1.13634162
  22   90    0     0.00000000     1.14739997
  22   91    0     0.00000000     1.23210362
  22   92    0     0.00000000     1.14161753
  22   93    0     0.00000000     1.09521524
  22   94    0     0.00000000     1.21837816
  22   95    0     0.00000000     1.18310346
  22   96    0     0.00000000     1.16854217
  22   97    0     0.00000000     1.11043132
  22   98    0     0.00000000     1.08790218
  22   99    0     0.00000000     1.10264509
  22  100    0     0.00000000     1.06481635
  22  101    0     0.00000000     1.06127279
  22  102    0     0.00000000     1.05459586
  22  103    0     0.00000000     1.07363130
  22  104    0     0.00000000     1.16993954
  22  105    0     0.00000000     0.95605291
  22  106    0     0.00000000     0.93022898
  22  107    0     0.00000000     0.96392872
  22  108    0     0.00000000     0.92998758
  22  109    0     0.00000000     0.92885464
  22  110    0     0.00000000     0.99589488
  22  111    0     0.00000000     0.99705343
  22  112    0     0.00000000     0.97747555
  22  113    0     0.00000000     0.94273036
  22  114    0     0.00000000     0.95823677
  22  115    0     0.00000000     1.00631328
  22  116    0     0.00000000     0.95405657
  22  117    0     0.00000000     0.93865467
  22  118    0     0.00000000     0.97964165
  22  119    0     0.00000000     0.90921628
  22  120    0     0.00000000     0.88682499
  22  121    0     0.00000000     0.93230003
  22  122    0     0.00000000     0.88052229
  22  123    0     0.00000000     0.90090587
  22  124    0     0.00000000     0.94510981
  22  125    0     0.00000000     0.96304111
  22  126    0     0.00000000     0.93120842
  22  127    0     0.00000000     0.93089568
  22  128    0     0.00000000     0.83269147
  22  129    0     0.00000000     0.84144946
  22  130    0     0.00000000     0.86080281
  22  131    0     0.00000000     0.89448266
  22  132    0     0.00000000     0.86071645
  22  133    0     0.00000000     0.87803715
  22  134    0     0.00000000     0.94753515
  22  135    0     0.00000000     1.01039220
  22  136    0     0.00000000     0.95130681
  22  137    0     0.00000000     0.90098896
  22  138    0     0.00000000     0.89199786
  22  139    0     0.00000000     0.89190180
  22  140    0     0.00000000     0.84833900
  22  141    0     0.00000000     0.82277006
  22  142    0     0.00000000     0.84409118
  22  143    0     0.00000000     1.00000000
  22  144    0     0.00000000     1.00000000
  22  145    0     0.00000000     1.00000000
  22  146    0     0.00000000     1.00000000
  22  147    0     0.00000000     1.00000000
  22  148    0     0.00000000     1.00000000
  22  149    0     0.00000000     1.00000000
  22  150    0     0.00000000     1.00000000
  22  151    0     0.00000000     0.88614845
  22  152    0     0.00000000     0.84430320
  22  153    0     0.00000000     0.90173014
  22  154    0     0.00000000     0.91499860
  22  155    0     0.00000000     0.93976066
  22  156    0     0.00000000     0.89615707
  22  157    0     0.00000000     0.89008738
  22  158    0     0.00000000     0.90066624
  22  159    0     0.00000000     0.92032482
  22  160    0     0.00000000     0.92997002
  22  161    0     0.00000000     0.95992619
  22  162    0     0.00000000     0.95388425
  22  163    0     0.00000000     0.97660872
  22  164    0     0.00000000     0.94176134
  22  165    0     0.00000000     1.01661026
  22  166    0     0.00000000     1.02748705
  22  167    0     0.00000000     1.04578634
  22  168    0     0.00000000     0.99592144
  22  169    0     0.00000000     1.03305942
  22  170    0     0.00000000     1.00668496
  22  171    0     0.00000000     1.00531957
  22  172    0     0.00000000     0.93400812
  22  173    0     0.00000000     0.91827081
  22  174    0     0.00000000     0.91707264
  22  175    0     0.00000000     0.94226224
  22  176    0     0.00000000     0.94365893
  22  177    0     0.00000000     0.93328574
  22  178    0     0.00000000     0.94911207
  22  179    0     0.00000000     0.90422469
  22  180    0     0.00000000     0.89073363
  22  181    0     0.00000000     0.93032075
  22  182    0     0.00000000     0.91869409
  22  183    0     0.00000000     0.90852950
  22  184    0     0.00000000     0.91721577
  22  185    0     0.00000000     0.89441216
  22  186    0     0.00000000     0.87700214
  22  187    0     0.00000000     0.87911039
  22  188    0     0.00000000     0.84795512
  22  189    0     0.00000000     0.87735277
  22  190    0     0.00000000     0.83265139
  22  191    0     0.00000000     0.80348087
  22  192    0     0.00000000     0.78875487
  22  193    0     0.00000000     0.79600441
  22  194    0     0.00000000     0.78896742
  22  195    0     0.00000000     0.82678235
  22  196    0     0.00000000     0.81687288
  22  197    0     0.00000000     0.83981423
  22  198    0     0.00000000     0.80331524
  22  199    0     0.00000000     0.80696691
  22  200    0     0.00000000     0.81372361
  22  201    0     0.00000000     0.80999482
  22  202    0     0.00000000     0.78357722
  22  203    0     0.00000000     0.80527413
  22  204    0     0.00000000     0.75685655
  22  205    0     0.00000000     0.80457732
  22  206    0     0.00000000     0.75068319
  22  207    0     0.00000000     0.77930812
  22  208    0     0.00000000     0.77321852
  22  209    0     0.00000000     0.82324630
  22  210    0     0.00000000     0.80302270
  22  211    0     0.00000000     0.88240982
  22  212    0     0.00000000     0.93560349
  22  213    0     0.00000000     0.99819087
  22  214    0     0.00000000     1.01813860
  22  215    0     0.00000000     1.12507531
  22  216    0     0.00000000     1.20914415
  22  217    0     0.00000000     1.17996414
  23    0    0     0.00000000     0.93078095
  23    1    0     0.00000000     0.93078095
  23    2    0     0.00000000     0.93078095
  23    3    0     0.00000000     1.03095804
  23    4    0     0.00000000     1.33997411
  23    5    0     0.00000000     1.16269981
  23    6    0     0.00000000     1.08897760
  23    7    0     0.00000000     1.02271194
  23    8    0     0.00000000     1.07566832
  23    9    0     0.00000000     1.07566832
  23   10    0     0.00000000     1.13875007
  23   11    0     0.00000000     1.38508541
  23   12    0     0.00000000     1.31636777
  23   13    0     0.00000000     1.83005590
  23   14    0     0.00000000     0.96036081
  23   15    0     0.00000000     1.08607882
  23   16    0     0.00000000     1.11648664
  23   17    0     0.00000000     1.57492967
  23   18    0     0.00000000     1.26688494
  23   19    0     0.00000000     1.03963030
  23   20    0     0.00000000     1.17745735
  23   21    0     0.00000000     1.19321156
  23   22    0     0.00000000     1.12357585
  23   23    0     0.00000000     1.01288705
  23   24    0     0.00000000     1.20097394
  23   25    0     0.00000000     1.32676263
  23   26    0     0.00000000     1.08714735
  23   27    0     0.00000000     1.40812745
  23   28    0     0.00000000     1.21846454
  23   29    0     0.00000000     1.11174662
  23   30    0     0.00000000     0.98687333
  23   31    0     0.00000000     1.26566927
  23   32    0     0.00000000     1.31195084
  23   33    0     0.00000000     1.22537938
  23   34    0     0.00000000     1.24359539
  23   35    0     0.00000000     1.10627864
  23   36    0     0.00000000     1.36356133
  23   37    0     0.00000000     1.25717227
  23   38    0     0.00000000     1.15638134
  23   39    0     0.00000000     1.24036570
  23   40    0     0.00000000     1.07864423
  23   41    0     0.00000000     1.16818114
  23   42    0     0.00000000     1.02299249
  23   43    0     0.00000000     1.12437517
  23   44    0     0.00000000     1.14246431
  23   45    0     0.00000000     1.16104310
  23   46    0     0.00000000     1.10853548
  23   47    0     0.00000000     1.03209741
  23   48    0     0.00000000     1.15069936
  23   49    0     0.00000000     1.15865987
  23   50    0     0.00000000     1.08035710
  23   51    0     0.00000000     1.33371023
  23   52    0     0.00000000     1.15155752
  23   53    0     0.00000000     1.39912208
  23   54    0     0.00000000     1.20456599
  23   55    0     0.00000000     1.28917185
  23   56    0     0.00000000     1.18986656
  23   57    0     0.00000000     1.12877826
  23   58    0     0.00000000     1.16453120
  23   59    0     0.00000000     1.00000000
  23   60    0     0.00000000     1.00000000
  23   61    0     0.00000000     1.00000000
  23   62    0     0.00000000     1.00000000
  23   63    0     0.00000000     1.00000000
  23   64    0     0.00000000     1.00000000
  23   65    0     0.00000000     1.00000000
  23   66    0     0.00000000     1.00000000
  23   67    0     0.00000000     1.00000000
  23   68    0     0.00000000     1.09959569
  23   69    0     0.00000000     1.20091556
  23   70    0     0.00000000     1.09545937
  23   71    0     0.00000000     1.11539050
  23   72    0     0.00000000     1.09001493
  23   73    0     0.00000000     1.05615237
  23   74    0     0.00000000     1.14498248
  23   75    0     0.00000000     1.16819558
  23   76    0     0.00000000     1.12628858
  23   77    0     0.00000000     1.19194224
  23   78    0     0.00000000     1.17864530
  23   79    0     0.00000000     1.24744439
  23   80    0     0.00000000     1.24688335
  23   81    0     0.00000000     1.30450048
  23   82    0     0.00000000     1.19253890
  23   83    0     0.00000000     1.17594526
  23   84    0     0.00000000     1.13464318
  23   85    0     0.00000000     1.20303962
  23   86    0     0.00000000     1.06866949
  23   87    0     0.00000000     1.08013685
  23   88    0     0.00000000     1.14754236
  23   89    0     0.00000000     1.09210551
  23   90    0     0.00000000     1.06029134
  23   91    0     0.00000000     1.06689329
  23   92    0     0.00000000     1.11991728
  23   93    0     0.00000000     1.16619147
  23   94    0     0.00000000     1.14936809
  23   95    0     0.00000000     1.11924351
  23   96    0     0.00000000     1.10138407
  23   97    0     0.00000000     1.08678052
  23   98    0     0.00000000     1.06392753
  23   99    0     0.00000000     1.04367085
  23  100    0     0.00000000     1.05392650
  23  101    0     0.00000000     1.06142689
  23  102    0     0.00000000     1.04595386
  23  103    0     0.00000000     1.04222540
  23  104    0     0.00000000     1.04907596
  23  105    0     0.00000000     1.15881626
  23  106    0     0.00000000     0.97792598
  23  107    0     0.00000000     1.03923019
  23  108    0     0.00000000     0.96468732
  23  109    0     0.00000000     0.96868176
  23  110    0     0.00000000     1.09491815
  23  111    0     0.00000000     1.05350097
  23  112    0     0.00000000     1.05181525
  23  113    0     0.00000000     1.05013490
  23  114    0     0.00000000     0.98078157
  23  115    0     0.00000000     1.09765005
  23  116    0     0.00000000     1.16000148
  23  117    0     0.00000000     1.02291417
  23  118    0     0.00000000     1.02005045
  23  119    0     0.00000000     0.89740835
  23  120    0     0.00000000     0.89652958
  23  121    0     0.00000000     0.91048102
  23  122    0     0.00000000     0.88089283
  23  123    0     0.00000000     0.88336195
  23  124    0     0.00000000     0.92924680
  23  125    0     0.00000000     1.00762379
  23  126    0     0.00000000     0.96668787
  23  127    0     0.00000000     0.98444321
  23  128    0     0.00000000     0.89615556
  23  129    0     0.00000000     0.90341149
  23  130    0     0.00000000     0.91130542
  23  131    0     0.00000000     0.90147772
  23  132    0     0.00000000     0.89757154
  23  133    0     0.00000000     0.89942247
  23  134    0     0.00000000     0.95109440
  23  135    0     0.00000000     0.98099063
  23  136    0     0.00000000     0.90270657
  23  137    0     0.00000000     0.74921767
  23  138    0     0.00000000     0.73965242
  23  139    0     0.00000000     0.73618741
  23  140    0     0.00000000     0.79329491
  23  141    0     0.00000000     0.87831155
  23  142    0     0.00000000     1.00000000
  23  143    0     0.00000000     1.00000000
  23  144    0     0.00000000     1.00000000
  23  145    0     0.00000000     1.00000000
  23  146    0     0.00000000     1.00000000
  23  147    0     0.00000000     1.00000000
  23  148    0     0.00000000     1.00000000
  23  149    0     0.00000000     1.00000000
  23  150    0     0.00000000     1.00000000
  23  151    0     0.00000000     0.90504977
  23  152    0     0.00000000     0.81280566
  23  153    0     0.00000000     0.79636009
  23  154    0     0.00000000     0.83224109
  23  155    0     0.00000000     0.82980127
  23  156    0     0.00000000     0.82442762
  23  157    0     0.00000000     0.84738787
  23  158    0     0.00000000     0.85920756
  23  159    0     0.00000000     0.86820437
  23  160    0     0.00000000     0.89812652
  23  161    0     0.00000000     0.94484499
  23  162    0     0.00000000     1.00128914
  23  163    0     0.00000000     1.04851155
  23  164    0     0.00000000     1.03401751
  23  165    0     0.00000000     1.10263166
  23  166    0     0.00000000     1.11128977
  23  167    0     0.00000000     0.93414894
  23  168    0     0.00000000     0.91621425
  23  169    0     0.00000000     0.96990215
  23  170    0     0.00000000     1.00032860
  23  171    0     0.00000000     0.96418886
  23  172    0     0.00000000     0.96946414
  23  173    0     0.00000000     0.97916585
  23  174    0     0.00000000     0.96596961
  23  175    0     0.00000000     0.95471979
  23  176    0     0.00000000     0.96524119
  23  177    0     0.00000000     0.99700792
  23  178    0     0.00000000     0.97474594
  23  179    0     0.00000000     0.97893536
  23  180    0     0.00000000     0.94219808
  23  181    0     0.00000000     0.93283183
  23  182    0     0.00000000     0.93877562
  23  183    0     0.00000000     0.93356590
  23  184    0     0.00000000     0.91571039
  23  185    0     0.00000000     0.90034547
  23  186    0     0.00000000     0.91123415
  23  187    0     0.00000000     0.90255555
  23  188    0     0.00000000     0.89838249
  23  189    0     0.00000000     0.89141152
  23  190    0     0.00000000     0.88527102
  23  191    0     0.00000000     0.85510110
  23  192    0     0.00000000     0.84924306
  23  193    0     0.00000000     0.83864228
  23  194    0     0.00000000     0.81902491
  23  195    0     0.00000000     0.85389516
  23  196    0     0.00000000     0.82108442
  23  197    0     0.00000000     0.82926294
  23  198    0     0.00000000     0.79621384
  23  199    0     0.00000000     0.77690084
  23  200    0     0.00000000     0.84420603
  23  201    0     0.00000000     0.79810319
  23  202    0     0.00000000     0.74027815
  23  203    0     0.00000000     0.74194242
  23  204    0     0.00000000     0.72781975
  23  205    0     0.00000000     0.68287999
  23  206    0     0.00000000     0.64133497
  23  207    0     0.00000000     0.69936005
  23  208    0     0.00000000     0.78950531
  23  209    0     0.00000000     0.96757037
  24    0    0     0.00000000     1.09549112
  24    1    0     0.00000000     1.09549112
  24    2    0     0.00000000     1.09549112
  24    3    0     0.00000000     1.09549112
  24    4    0     0.00000000     1.09549112
  24    5    0     0.00000000     1.09549112
  24    6    0     0.00000000     1.09549112
  24    7    0     0.00000000     1.01652599
  24    8    0     0.00000000     0.96143574
  24    9    0     0.00000000     1.03785893
  24   10    0     0.00000000     1.12748081
  24   11    0     0.00000000     0.94640690
  24   12    0     0.00000000     0.98017041
  24   13    0     0.00000000     1.02518325
  24   14    0     0.00000000     0.90216069
  24   15    0     0.00000000     0.95674024
  24   16    0     0.00000000     1.07475119
  24   17    0     0.00000000     1.30484252
  24   18    0     0.00000000     1.00040542
  24   19    0     0.00000000     0.95725595
  24   20    0     0.00000000     1.22163531
  24   21    0     0.00000000     1.06501564
  24   22    0     0.00000000     1.23646079
  24   23    0     0.00000000     1.23139344
  24   24    0     0.00000000     1.23139344
  24   25    0     0.00000000     1.22640727
  24   26    0     0.00000000     1.29099589
  24   27    0     0.00000000     1.16169564
  24   28    0     0.00000000     1.12176276
  24   29    0     0.00000000     1.18766332
  24   30    0     0.00000000     1.03040487
  24   31    0     0.00000000     1.26724720
  24   32    0     0.00000000     1.40109283
  24   33    0     0.00000000     1.22982311
  24   34    0     0.00000000     1.07486194
  24   35    0     0.00000000     1.23852197
  24   36    0     0.00000000     1.08171955
  24   37    0     0.00000000     1.14298404
  24   38    0     0.00000000     1.40611384
  24   39    0     0.00000000     1.20496971
  24   40    0     0.00000000     1.10224067
  24   41    0     0.00000000     0.95694021
  24   42    0     0.00000000     1.13143269
  24   43    0     0.00000000     1.16964170
  24   44    0     0.00000000     1.19124562
  24   45    0     0.00000000     1.37144884
  24   46    0     0.00000000     1.23500881
  24   47    0     0.00000000     1.35021989
  24   48    0     0.00000000     1.30006179
  24   49    0     0.00000000     1.20748764
  24   50    0     0.00000000     1.29207384
  24   51    0     0.00000000     1.22396925
  24   52    0     0.00000000     1.29325724
  24   53    0     0.00000000     1.00000000
  24   54    0     0.00000000     1.00000000
  24   55    0     0.00000000     1.00000000
  24   56    0     0.00000000     1.00000000
  24   57    0     0.00000000     1.00000000
  24   58    0     0.00000000     1.00000000
  24   59    0     0.00000000     1.00000000
  24   60    0     0.00000000     1.00000000
  24   61    0     0.00000000     1.00000000
  24   62    0     0.00000000     1.11874032
  24   63    0     0.00000000     1.04107523
  24   64    0     0.00000000     1.10099421
  24   65    0     0.00000000     1.15377604
  24   66    0     0.00000000     1.20838185
  24   67    0     0.00000000     1.23689715
  24   68    0     0.00000000     1.22568400
  24   69    0     0.00000000     1.31780287
  24   70    0     0.00000000     1.22893266
  24   71    0     0.00000000     1.23470119
  24   72    0     0.00000000     1.29922046
  24   73    0     0.00000000     1.24741817
  24   74    0     0.00000000     1.25899916
  24   75    0     0.00000000     1.16607911
  24   76    0     0.00000000     1.27448235
  24   77    0     0.00000000     1.18380283
  24   78    0     0.00000000     1.23983282
  24   79    0     0.00000000     1.20613639
  24   80    0     0.00000000     1.26820138
  24   81    0     0.00000000     1.18774982
  24   82    0     0.00000000     1.17787033
  24   83    0     0.00000000     1.18540675
  24   84    0     0.00000000     1.24980498
  24   85    0     0.00000000     1.20078733
  24   86    0     0.00000000     1.19595840
  24   87    0     0.00000000     1.16313879
  24   88    0     0.00000000     1.17978137
  24   89    0     0.00000000     1.11590407
  24   90    0     0.00000000     1.11925278
  24   91    0     0.00000000     1.10458284
  24   92    0     0.00000000     1.14903126
  24   93    0     0.00000000     1.04371334
  24   94    0     0.00000000     1.11842775
  24   95    0     0.00000000     1.07495637
  24   96    0     0.00000000     1.17684439
  24   97    0     0.00000000     1.18682540
  24   98    0     0.00000000     1.22305260
  24   99    0     0.00000000     1.22609290
  24  100    0     0.00000000     1.21102873
  24  101    0     0.00000000     1.12305454
  24  102    0     0.00000000     1.18523051
  24  103    0     0.00000000     1.01746630
  24  104    0     0.00000000     1.04993415
  24  105    0     0.00000000     1.03403113
  24  106    0     0.00000000     1.03966604
  24  107    0     0.00000000     1.08793828
  24  108    0     0.00000000     1.14896103
  24  109    0     0.00000000     1.21682259
  24  110    0     0.00000000     1.38573706
  24  111    0     0.00000000     1.18342580
  24  112    0     0.00000000     1.22866309
  24  113    0     0.00000000     1.02792566
  24  114    0     0.00000000     1.05057800
  24  115    0     0.00000000     1.02699948
  24  116    0     0.00000000     0.96843707
  24  117    0     0.00000000     1.01116768
  24  118    0     0.00000000     1.02624849
  24  119    0     0.00000000     0.98145115
  24  120    0     0.00000000     0.96816653
  24  121    0     0.00000000     0.89623262
  24  122    0     0.00000000     0.89006068
  24  123    0     0.00000000     0.92658882
  24  124    0     0.00000000     0.88419970
  24  125    0     0.00000000     0.85484531
  24  126    0     0.00000000     0.90997735
  24  127    0     0.00000000     0.94657991
  24  128    0     0.00000000     0.95110576
  24  129    0     0.00000000     0.91135691
  24  130    0     0.00000000     0.83311783
  24  131    0     0.00000000     0.82549095
  24  132    0     0.00000000     0.81111711
  24  133    0     0.00000000     0.79687276
  24  134    0     0.00000000     0.75758700
  24  135    0     0.00000000     0.78498918
  24  136    0     0.00000000     0.90773776
  24  137    0     0.00000000     0.91206628
  24  138    0     0.00000000     0.81656747
  24  139    0     0.00000000     0.72678856
  24  140    0     0.00000000     0.80754211
  24  141    0     0.00000000     0.79861028
  24  142    0     0.00000000     0.77115773
  24  143    0     0.00000000     0.87645482
  24  144    0     0.00000000     1.00000000
  24  145    0     0.00000000     1.00000000
  24  146    0     0.00000000     1.00000000
  24  147    0     0.00000000     1.00000000
  24  148    0     0.00000000     1.00000000
  24  149    0     0.00000000     1.00000000
  24  150    0     0.00000000     1.00000000
  24  151    0     0.00000000     1.00000000
  24  152    0     0.00000000     1.00000000
  24  153    0     0.00000000     0.93439010
  24  154    0     0.00000000     0.89569525
  24  155    0     0.00000000     0.92020959
  24  156    0     0.00000000     0.90936669
  24  157    0     0.00000000     0.92355785
  24  158    0     0.00000000     0.94634649
  24  159    0     0.00000000     0.92407463
  24  160    0     0.00000000     0.90579088
  24  161    0     0.00000000     0.95935813
  24  162    0     0.00000000     0.95124913
  24  163    0     0.00000000     0.92781454
  24  164    0     0.00000000     0.91289276
  24  165    0     0.00000000     0.93818480
  24  166    0     0.00000000     0.89296291
  24  167    0     0.00000000     1.01140347
  24  168    0     0.00000000     1.02387015
  24  169    0     0.00000000     1.00539946
  24  170    0     0.00000000     1.01641932
  24  171    0     0.00000000     1.02013483
  24  172    0     0.00000000     1.01609866
  24  173    0     0.00000000     1.04865760
  24  174    0     0.00000000     1.04406365
  24  175    0     0.00000000     1.04060117
  24  176    0     0.00000000     1.01867616
  24  177    0     0.00000000     1.06083883
  24  178    0     0.00000000     1.09521853
  24  179    0     0.00000000     1.04192981
  24  180    0     0.00000000     1.05987089
  24  181    0     0.00000000     1.01264620
  24  182    0     0.00000000     1.01686738
  24  183    0     0.00000000     0.98906081
  24  184    0     0.00000000     1.02427515
  24  185    0     0.00000000     0.97310968
  24  186    0     0.00000000     0.98752778
  24  187    0     0.00000000     0.98313338
  24  188    0     0.00000000     0.91544763
  24  189    0     0.00000000     0.92084447
  24  190    0     0.00000000     0.91548689
  24  191    0     0.00000000     0.88039617
  24  192    0     0.00000000     0.86811550
  24  193    0     0.00000000     0.81727603
  24  194    0     0.00000000     0.77279572
  24  195    0     0.00000000     0.73012035
  24  196    0     0.00000000     0.78748220
  24  197    0     0.00000000     0.82770303
  24  198    0     0.00000000     0.79693964
  24  199    0     0.00000000     0.77596438
  24  200    0     0.00000000     0.76531450
  24  201    0     0.00000000     0.78711173
  24  202    0     0.00000000     0.76862714
  24  203    0     0.00000000     0.86327431
  24  204    0     0.00000000     1.03748894
  24  205    0     0.00000000     1.14732699
  25    0    0     0.00000000     1.26523787
  25    1    0     0.00000000     1.26523787
  25    2    0     0.00000000     1.29922483
  25    3    0     0.00000000     1.29544591
  25    4    0     0.00000000     0.98322278
  25    5    0     0.00000000     1.01349204
  25    6    0     0.00000000     1.14220130
  25    7    0     0.00000000     1.05426299
  25    8    0     0.00000000     1.21863020
  25    9    0     0.00000000     1.12660794
  25   10    0     0.00000000     1.12660794
  25   11    0     0.00000000     1.04471951
  25   12    0     0.00000000     1.10807529
  25   13    0     0.00000000     1.18492635
  25   14    0     0.00000000     1.09630854
  25   15    0     0.00000000     1.09199057
  25   16    0     0.00000000     1.21841051
  25   17    0     0.00000000     1.19619849
  25   18    0     0.00000000     1.19619849
  25   19    0     0.00000000     1.23014213
  25   20    0     0.00000000     1.29100782
  25   21    0     0.00000000     1.26002690
  25   22    0     0.00000000     1.24295791
  25   23    0     0.00000000     1.32785406
  25   24    0     0.00000000     1.18643069
  25   25    0     0.00000000     1.22487531
  25   26    0     0.00000000     1.26574402
  25   27    0     0.00000000     1.16591207
  25   28    0     0.00000000     1.04248653
  25   29    0     0.00000000     1.14399891
  25   30    0     0.00000000     1.17192582
  25   31    0     0.00000000     1.20363988
  25   32    0     0.00000000     1.44717436
  25   33    0     0.00000000     1.54387207
  25   34    0     0.00000000     1.27088672
  25   35    0     0.00000000     1.28132876
  25   36    0     0.00000000     1.18578946
  25   37    0     0.00000000     1.22736425
  25   38    0     0.00000000     1.03480277
  25   39    0     0.00000000     1.32581064
  25   40    0     0.00000000     1.39771531
  25   41    0     0.00000000     1.44461912
  25   42    0     0.00000000     1.35834721
  25   43    0     0.00000000     1.21753142
  25   44    0     0.00000000     1.22134919
  25   45    0     0.00000000     1.17095558
  25   46    0     0.00000000     1.34726891
  25   47    0     0.00000000     1.24533813
  25   48    0     0.00000000     1.00000000
  25   49    0     0.00000000     1.00000000
  25   50    0     0.00000000     1.00000000
  25   51    0     0.00000000     1.00000000
  25   52    0     0.00000000     1.00000000
  25   53    0     0.00000000     1.00000000
  25   54    0     0.00000000     1.00000000
  25   55    0     0.00000000     1.00000000
  25   56    0     0.00000000     1.01515245
  25   57    0     0.00000000     0.95434973
  25   58    0     0.00000000     0.98746557
  25   59    0     0.00000000     0.99489309
  25   60    0     0.00000000     0.99656120
  25   61    0     0.00000000     0.99978934
  25   62    0     0.00000000     1.01534575
  25   63    0     0.00000000     1.23427143
  25   64    0     0.00000000     1.14456299
  25   65    0     0.00000000     1.19160777
  25   66    0     0.00000000     1.14413137
  25   67    0     0.00000000     1.09983752
  25   68    0     0.00000000     1.15028871
  25   69    0     0.00000000     1.11089836
  25   70    0     0.00000000     1.18383555
  25   71    0     0.00000000     1.14107743
  25   72    0     0.00000000     1.13184051
  25   73    0     0.00000000     1.14752092
  25   74    0     0.00000000     1.21680988
  25   75    0     0.00000000     1.21299470
  25   76    0     0.00000000     1.19518328
  25   77    0     0.00000000     1.18844631
  25   78    0     0.00000000     1.14100189
  25   79    0     0.00000000     1.19676680
  25   80    0     0.00000000     1.07841723
  25   81    0     0.00000000     1.04384151
  25   82    0     0.00000000     1.03693163
  25   83    0     0.00000000     1.04823225
  25   84    0     0.00000000     1.07607502
  25   85    0     0.00000000     1.09144734
  25   86    0     0.00000000     1.14147225
  25   87    0     0.00000000     1.14381884
  25   88    0     0.00000000     1.18428828
  25   89    0     0.00000000     1.17205550
  25   90    0     0.00000000     1.18061809
  25   91    0     0.00000000     1.19331326
  25   92    0     0.00000000     1.09060763
  25   93    0     0.00000000     1.12891956
  25   94    0     0.00000000     1.15571729
  25   95    0     0.00000000     1.13087257
  25   96    0     0.00000000     1.08492126
  25   97    0     0.00000000     1.04237760
  25   98    0     0.00000000     1.12495631
  25   99    0     0.00000000     1.16620298
  25  100    0     0.00000000     1.22104492
  25  101    0     0.00000000     1.15469706
  25  102    0     0.00000000     1.17327651
  25  103    0     0.00000000     1.08976891
  25  104    0     0.00000000     1.07722204
  25  105    0     0.00000000     1.07103871
  25  106    0     0.00000000     1.05357202
  25  107    0     0.00000000     1.04874111
  25  108    0     0.00000000     1.11984452
  25  109    0     0.00000000     1.03153459
  25  110    0     0.00000000     1.15739007
  25  111    0     0.00000000     0.97919924
  25  112    0     0.00000000     0.98783091
  25  113    0     0.00000000     0.99567007
  25  114    0     0.00000000     0.96855133
  25  115    0     0.00000000     1.01305368
  25  116    0     0.00000000     1.03602709
  25  117    0     0.00000000     1.01217134
  25  118    0     0.00000000     1.02200884
  25  119    0     0.00000000     0.99801492
  25  120    0     0.00000000     1.08376290
  25  121    0     0.00000000     1.02133903
  25  122    0     0.00000000     0.99669140
  25  123    0     0.00000000     0.88651803
  25  124    0     0.00000000     0.88310200
  25  125    0     0.00000000     0.87784433
  25  126    0     0.00000000     0.86760022
  25  127    0     0.00000000     0.85406399
  25  128    0     0.00000000     0.85552714
  25  129    0     0.00000000     0.93578362
  25  130    0     0.00000000     0.99727066
  25  131    0     0.00000000     0.86821250
  25  132    0     0.00000000     0.84802832
  25  133    0     0.00000000     0.85409741
  25  134    0     0.00000000     0.87715464
  25  135    0     0.00000000     0.86085697
  25  136    0     0.00000000     0.85916548
  25  137    0     0.00000000     0.86364370
  25  138    0     0.00000000     0.98136068
  25  139    0     0.00000000     0.98688545
  25  140    0     0.00000000     0.87399215
  25  141    0     0.00000000     0.80461913
  25  142    0     0.00000000     0.86938943
  25  143    0     0.00000000     0.83548984
  25  144    0     0.00000000     0.86850730
  25  145    0     0.00000000     0.89620475
  25  146    0     0.00000000     1.00000000
  25  147    0     0.00000000     1.00000000
  25  148    0     0.00000000     1.00000000
  25  149    0     0.00000000     1.00000000
  25  150    0     0.00000000     1.00000000
  25  151    0     0.00000000     1.00000000
  25  152    0     0.00000000     1.00000000
  25  153    0     0.00000000     1.00000000
  25  154    0     0.00000000     0.89724696
  25  155    0     0.00000000     0.80537004
  25  156    0     0.00000000     0.87602630
  25  157    0     0.00000000     0.92720087
  25  158    0     0.00000000     0.97872777
  25  159    0     0.00000000     0.97713914
  25  160    0     0.00000000     1.01070485
  25  161    0     0.00000000     1.05645280
  25  162    0     0.00000000     1.03092766
  25  163    0     0.00000000     1.02192492
  25  164    0     0.00000000     1.05479640
  25  165    0     0.00000000     1.08208467
  25  166    0     0.00000000     1.06940405
  25  167    0     0.00000000     1.07440600
  25  168    0     0.00000000     1.12499839
  25  169    0     0.00000000     1.09050767
  25  170    0     0.00000000     1.09602569
  25  171    0     0.00000000     1.06156779
  25  172    0     0.00000000     1.08963743
  25  173    0     0.00000000     1.11906781
  25  174    0     0.00000000     1.11150002
  25  175    0     0.00000000     1.09517749
  25  176    0     0.00000000     1.10526409
  25  177    0     0.00000000     1.12502373
  25  178    0     0.00000000     1.12196695
  25  179    0     0.00000000     1.16015026
  25  180    0     0.00000000     1.16051546
  25  181    0     0.00000000     1.15668367
  25  182    0     0.00000000     1.16269003
  25  183    0     0.00000000     1.13010551
  25  184    0     0.00000000     1.11072340
  25  185    0     0.00000000     1.10515010
  25  186    0     0.00000000     1.11860934
  25  187    0     0.00000000     1.07196243
  25  188    0     0.00000000     1.07306705
  25  189    0     0.00000000     1.05381430
  25  190    0     0.00000000     1.03335154
  25  191    0     0.00000000     0.99324664
  25  192    0     0.00000000     0.98839325
  25  193    0     0.00000000     0.97600161
  25  194    0     0.00000000     0.96054166
  25  195    0     0.00000000     0.89906042
  25  196    0     0.00000000     0.85368497
  25  197    0     0.00000000     0.81783261
  25  198    0     0.00000000     0.84292786
  25  199    0     0.00000000     0.88009807
  25  200    0     0.00000000     1.01574195
  25  201    0     0.00000000     1.20094399
  26    0    0     0.00000000     0.98798076
  26    1    0     0.00000000     1.06090697
  26    2    0     0.00000000     1.03747294
  26    3    0     0.00000000     1.22833123
  26    4    0     0.00000000     1.40092770
  26    5    0     0.00000000     1.62995793
  26    6    0     0.00000000     1.59353336
  26    7    0     0.00000000     1.35116015
  26    8    0     0.00000000     1.04223241
  26    9    0     0.00000000     0.92898042
  26   10    0     0.00000000     1.09964140
  26   11    0     0.00000000     1.43995315
  26   12    0     0.00000000     1.36187840
  26   13    0     0.00000000     1.36821524
  26   14    0     0.00000000     1.37461133
  26   15    0     0.00000000     1.22453910
  26   16    0     0.00000000     1.26463675
  26   17    0     0.00000000     1.21780721
  26   18    0     0.00000000     1.21494429
  26   19    0     0.00000000     1.17618721
  26   20    0     0.00000000     1.09361087
  26   21    0     0.00000000     1.02143199
  26   22    0     0.00000000     1.24054964
  26   23    0     0.00000000     1.17882116
  26   24    0     0.00000000     1.05503889
  26   25    0     0.00000000     1.00920644
  26   26    0     0.00000000     1.18774240
  26   27    0     0.00000000     1.35955274
  26   28    0     0.00000000     1.16385583
  26   29    0     0.00000000     1.18896547
  26   30    0     0.00000000     1.24385372
  26   31    0     0.00000000     1.59047572
  26   32    0     0.00000000     1.21142509
  26   33    0     0.00000000     1.31004968
  26   34    0     0.00000000     1.05428184
  26   35    0     0.00000000     1.59100788
  26   36    0     0.00000000     1.17175863
  26   37    0     0.00000000     1.42301363
  26   38    0     0.00000000     1.12055861
  26   39    0     0.00000000     1.43428578
  26   40    0     0.00000000     1.21718385
  26   41    0     0.00000000     1.16664183
  26   42    0     0.00000000     1.27482395
  26   43    0     0.00000000     1.00000000
  26   44    0     0.00000000     1.00000000
  26   45    0     0.00000000     1.00000000
  26   46    0     0.00000000     1.00000000
  26   47    0     0.00000000     1.00000000
  26   48    0     0.00000000     1.00000000
  26   49    0     0.00000000     1.00000000
  26   50    0     0.00000000     1.00000000
  26   51    0     0.00000000     1.31786434
  26   52    0     0.00000000     1.08243493
  26   53    0     0.00000000     1.24460975
  26   54    0     0.00000000     1.15363304
  26   55    0     0.00000000     1.17871254
  26   56    0     0.00000000     1.14263191
  26   57    0     0.00000000     1.31724678
  26   58    0     0.00000000     1.14081287
  26   59    0     0.00000000     1.31608809
  26   60    0     0.00000000     1.12747180
  26   61    0     0.00000000     1.32153650
  26   62    0     0.00000000     0.98157400
  26   63    0     0.00000000     1.80148343
  26   64    0     0.00000000     1.62562703
  26   65    0     0.00000000     1.48105051
  26   66    0     0.00000000     1.12411203
  26   67    0     0.00000000     1.49638105
  26   68    0     0.00000000     1.05052339
  26   69    0     0.00000000     1.35357374
  26   70    0     0.00000000     1.19146244
  26   71    0     0.00000000     1.29695569
  26   72    0     0.00000000     1.18343100
  26   73    0     0.00000000     1.20817196
  26   74    0     0.00000000     1.05710551
  26   75    0     0.00000000     1.07071506
  26   76    0     0.00000000     1.08713394
  26   77    0     0.00000000     1.12878618
  26   78    0     0.00000000     1.16061520
  26   79    0     0.00000000     1.70505920
  26   80    0     0.00000000     1.21928504
  26   81    0     0.00000000     1.29717410
  26   82    0     0.00000000     1.16837855
  26   83    0     0.00000000     1.20894860
  26   84    0     0.00000000     1.20742727
  26   85    0     0.00000000     1.12934150
  26   86    0     0.00000000     1.18829132
  26   87    0     0.00000000     1.19999693
  26   88    0     0.00000000     1.13455114
  26   89    0     0.00000000     1.15388892
  26   90    0     0.00000000     1.08580691
  26   91    0     0.00000000     1.12185300
  26   92    0     0.00000000     1.13920129
  26   93    0     0.00000000     1.11470502
  26   94    0     0.00000000     1.11548707
  26   95    0     0.00000000     1.23188765
  26   96    0     0.00000000     1.09984147
  26   97    0     0.00000000     1.13568434
  26   98    0     0.00000000     1.12536930
  26   99    0     0.00000000     1.21885290
  26  100    0     0.00000000     1.09695240
  26  101    0     0.00000000     1.02615351
  26  102    0     0.00000000     1.07044482
  26  103    0     0.00000000     1.11343729
  26  104    0     0.00000000     1.15069900
  26  105    0     0.00000000     1.23348631
  26  106    0     0.00000000     1.12601411
  26  107    0     0.00000000     1.06174676
  26  108    0     0.00000000     1.06468403
  26  109    0     0.00000000     0.99273113
  26  110    0     0.00000000     1.05131990
  26  111    0     0.00000000     1.04234612
  26  112    0     0.00000000     1.02273405
  26  113    0     0.00000000     1.10446709
  26  114    0     0.00000000     1.24952057
  26  115    0     0.00000000     0.97063675
  26  116    0     0.00000000     0.97380423
  26  117    0     0.00000000     0.93118665
  26  118    0     0.00000000     1.03561989
  26  119    0     0.00000000     1.01546154
  26  120    0     0.00000000     1.02384353
  26  121    0     0.00000000     1.00594329
  26  122    0     0.00000000     1.05054662
  26  123    0     0.00000000     1.05960829
  26  124    0     0.00000000     1.03543601
  26  125    0     0.00000000     0.96593821
  26  126    0     0.00000000     0.91809597
  26  127    0     0.00000000     0.91458658
  26  128    0     0.00000000     0.95269759
  26  129    0     0.00000000     0.94209178
  26  130    0     0.00000000     0.93264215
  26  131    0     0.00000000     0.90724531
  26  132    0     0.00000000     1.05133270
  26  133    0     0.00000000     0.99014148
  26  134    0     0.00000000     0.94400753
  26  135    0     0.00000000     0.90865133
  26  136    0     0.00000000     0.91687144
  26  137    0     0.00000000     0.91205495
  26  138    0     0.00000000     0.92750136
  26  139    0     0.00000000     0.89570262
  26  140    0     0.00000000     0.96582944
  26  141    0     0.00000000     1.01196827
  26  142    0     0.00000000     1.05220265
  26  143    0     0.00000000     0.87544736
  26  144    0     0.00000000     0.81002455
  26  145    0     0.00000000     0.83238070
  26  146    0     0.00000000     0.81584369
  26  147    0     0.00000000     0.84821849
  26  148    0     0.00000000     0.93102931
  26  149    0     0.00000000     1.00000000
  26  150    0     0.00000000     1.00000000
  26  151    0     0.00000000     1.00000000
  26  152    0     0.00000000     1.00000000
  26  153    0     0.00000000     1.00000000
  26  154    0     0.00000000     1.00000000
  26  155    0     0.00000000     1.00000000
  26  156    0     0.00000000     1.00000000
  26  157    0     0.00000000     0.99261545
  26  158    0     0.00000000     0.94605454
  26  159    0     0.00000000     0.89658450
  26  160    0     0.00000000     0.91593903
  26  161    0     0.00000000     0.91502229
  26  162    0     0.00000000     0.91900487
  26  163    0     0.00000000     0.91898376
  26  164    0     0.00000000     0.96354818
  26  165    0     0.00000000     0.96095009
  26  166    0     0.00000000     1.01467063
  26  167    0     0.00000000     1.00880789
  26  168    0     0.00000000     1.02803564
  26  169    0     0.00000000     1.03477135
  26  170    0     0.00000000     1.05633192
  26  171    0     0.00000000     1.04692153
  26  172    0     0.00000000     1.08686595
  26  173    0     0.00000000     1.04960362
  26  174    0     0.00000000     1.07356083
  26  175    0     0.00000000     1.10947911
  26  176    0     0.00000000     1.11299403
  26  177    0     0.00000000     1.11652311
  26  178    0     0.00000000     1.12254587
  26  179    0     0.00000000     1.10256319
  26  180    0     0.00000000     1.12203279
  26  181    0     0.00000000     1.10715559
  26  182    0     0.00000000     1.13778203
  26  183    0     0.00000000     1.16260020
  26  184    0     0.00000000     1.12855077
  26  185    0     0.00000000     1.16763778
  26  186    0     0.00000000     1.11091014
  26  187    0     0.00000000     1.10449624
  26  188    0     0.00000000     1.11123732
  26  189    0     0.00000000     1.08082555
  26  190    0     0.00000000     1.10595575
  26  191    0     0.00000000     1.06750029
  26  192    0     0.00000000     1.03163012
  26  193    0     0.00000000     0.96984316
  26  194    0     0.00000000     0.97050223
  26  195    0     0.00000000     0.89568475
  26  196    0     0.00000000     0.93750106
  26  197    0     0.00000000     0.95625917
  26  198    0     0.00000000     0.97606612
  26  199    0     0.00000000     1.08688271
  27    0    0     0.00000000     1.51928561
  27    1    0     0.00000000     1.37213444
  27    2    0     0.00000000     1.14495833
  27    3    0     0.00000000     1.49471760
  27    4    0     0.00000000     0.95730753
  27    5    0     0.00000000     1.22070681
  27    6    0     0.00000000     1.03827676
  27    7    0     0.00000000     1.07541108
  27    8    0     0.00000000     1.11530017
  27    9    0     0.00000000     1.23948620
  27   10    0     0.00000000     1.31560597
  27   11    0     0.00000000     1.47339488
  27   12    0     0.00000000     1.35316843
  27   13    0     0.00000000     0.96084656
  27   14    0     0.00000000     1.21607489
  27   15    0     0.00000000     1.18304044
  27   16    0     0.00000000     1.18956021
  27   17    0     0.00000000     1.16281013
  27   18    0     0.00000000     1.01306934
  27   19    0     0.00000000     1.27920912
  27   20    0     0.00000000     1.88821425
  27   21    0     0.00000000     1.14073461
  27   22    0     0.00000000     1.15032984
  27   23    0     0.00000000     1.18645724
  27   24    0     0.00000000     1.20266750
  27   25    0     0.00000000     1.15536040
  27   26    0     0.00000000     1.32873207
  27   27    0     0.00000000     1.16832382
  27   28    0     0.00000000     1.20422199
  27   29    0     0.00000000     1.26672987
  27   30    0     0.00000000     1.37124378
  27   31    0     0.00000000     1.44440217
  27   32    0     0.00000000     1.29977971
  27   33    0     0.00000000     1.27014298
  27   34    0     0.00000000     1.25182400
  27   35    0     0.00000000     1.42779058
  27   36    0     0.00000000     0.83819535
  27   37    0     0.00000000     1.00000000
  27   38    0     0.00000000     1.00000000
  27   39    0     0.00000000     1.00000000
  27   40    0     0.00000000     1.00000000
  27   41    0     0.00000000     1.00000000
  27   42    0     0.00000000     1.00000000
  27   43    0     0.00000000     1.00000000
  27   44    0     0.00000000     1.00000000
  27   45    0     0.00000000     1.00000000
  27   46    0     0.00000000     1.01142506
  27   47    0     0.00000000     1.28147894
  27   48    0     0.00000000     1.06866130
  27   49    0     0.00000000     1.07443102
  27   50    0     0.00000000     1.12074937
  27   51    0     0.00000000     1.10370097
  27   52    0     0.00000000     1.17721775
  27   53    0     0.00000000     1.26056816
  27   54    0     0.00000000     1.10400703
  27   55    0     0.00000000     1.17265321
  27   56    0     0.00000000     1.21700530
  27   57    0     0.00000000     1.27486991
  27   58    0     0.00000000     1.20449225
  27   59    0     0.00000000     1.36733296
  27   60    0     0.00000000     1.25854423
  27   61    0     0.00000000     1.28990432
  27   62    0     0.00000000     1.20949888
  27   63    0     0.00000000     1.31440381
  27   64    0     0.00000000     1.24278420
  27   65    0     0.00000000     1.25440139
  27   66    0     0.00000000     0.98573439
  27   67    0     0.00000000     1.30345597
  27   68    0     0.00000000     1.07235757
  27   69    0     0.00000000     1.29552683
  27   70    0     0.00000000     1.04175538
  27   71    0     0.00000000     1.41662512
  27   72    0     0.00000000     1.04599743
  27   73    0     0.00000000     1.49394640
  27   74    0     0.00000000     1.22013086
  27   75    0     0.00000000     1.19686777
  27   76    0     0.00000000     1.14995243
  27   77    0     0.00000000     1.12604130
  27   78    0     0.00000000     1.17645957
  27   79    0     0.00000000     1.16713714
  27   80    0     0.00000000     1.16801494
  27   81    0     0.00000000     1.23717237
  27   82    0     0.00000000     1.16260202
  27   83    0     0.00000000     1.25914290
  27   84    0     0.00000000     1.21981120
  27   85    0     0.00000000     1.23371860
  27   86    0     0.00000000     1.22303399
  27   87    0     0.00000000     1.23158583
  27   88    0     0.00000000     1.14367624
  27   89    0     0.00000000     1.17693747
  27   90    0     0.00000000     1.16561325
  27   91    0     0.00000000     1.20185226
  27   92    0     0.00000000     1.11741816
  27   93    0     0.00000000     1.17802528
  27   94    0     0.00000000     1.15644733
  27   95    0     0.00000000     1.23617144
  27   96    0     0.00000000     1.18350012
  27   97    0     0.00000000     1.18378448
  27   98    0     0.00000000     1.07369849
  27   99    0     0.00000000     1.07501192
  27  100    0     0.00000000     1.05270306
  27  101    0     0.00000000     1.09415392
  27  102    0     0.00000000     1.01588539
  27  103    0     0.00000000     1.06763878
  27  104    0     0.00000000     1.03172509
  27  105    0     0.00000000     1.09955863
  27  106    0     0.00000000     1.08193185
  27  107    0     0.00000000     1.13279755
  27  108    0     0.00000000     1.07053223
  27  109    0     0.00000000     1.04151313
  27  110    0     0.00000000     0.99895008
  27  111    0     0.00000000     1.03311276
  27  112    0     0.00000000     0.99755292
  27  113    0     0.00000000     1.06916719
  27  114    0     0.00000000     1.00021183
  27  115    0     0.00000000     1.13015407
  27  116    0     0.00000000     1.18241194
  27  117    0     0.00000000     1.00398811
  27  118    0     0.00000000     0.98999731
  27  119    0     0.00000000     0.96970249
  27  120    0     0.00000000     1.08171927
  27  121    0     0.00000000     1.05075646
  27  122    0     0.00000000     1.02628431
  27  123    0     0.00000000     1.02611053
  27  124    0     0.00000000     0.98798690
  27  125    0     0.00000000     1.08820564
  27  126    0     0.00000000     1.02945246
  27  127    0     0.00000000     0.99855295
  27  128    0     0.00000000     0.94724570
  27  129    0     0.00000000     0.97902173
  27  130    0     0.00000000     0.93957321
  27  131    0     0.00000000     0.93721080
  27  132    0     0.00000000     0.90386440
  27  133    0     0.00000000     0.93022035
  27  134    0     0.00000000     1.04266387
  27  135    0     0.00000000     1.02975838
  27  136    0     0.00000000     0.91893415
  27  137    0     0.00000000     0.88902856
  27  138    0     0.00000000     0.86294274
  27  139    0     0.00000000     0.95276845
  27  140    0     0.00000000     0.89907818
  27  141    0     0.00000000     0.94638136
  27  142    0     0.00000000     0.95022626
  27  143    0     0.00000000     1.04472869
  27  144    0     0.00000000     0.97470881
  27  145    0     0.00000000     0.85743504
  27  146    0     0.00000000     0.80962275
  27  147    0     0.00000000     0.88454521
  27  148    0     0.00000000     0.71849737
  27  149    0     0.00000000     0.84234618
  27  150    0     0.00000000     1.00000000
  27  151    0     0.00000000     1.00000000
  27  152    0     0.00000000     1.00000000
  27  153    0     0.00000000     1.00000000
  27  154    0     0.00000000     1.00000000
  27  155    0     0.00000000     1.00000000
  27  156    0     0.00000000     1.00000000
  27  157    0     0.00000000     1.00000000
  27  158    0     0.00000000     1.00000000
  27  159    0     0.00000000     0.96164166
  27  160    0     0.00000000     0.93306126
  27  161    0     0.00000000     0.97995461
  27  162    0     0.00000000     0.94727101
  27  163    0     0.00000000     0.98432264
  27  164    0     0.00000000     0.94532313
  27  165    0     0.00000000     1.01970583
  27  166    0     0.00000000     0.94731507
  27  167    0     0.00000000     1.02271538
  27  168    0     0.00000000     1.00154184
  27  169    0     0.00000000     1.09755294
  27  170    0     0.00000000     1.02869019
  27  171    0     0.00000000     1.09704741
  27  172    0     0.00000000     1.03849142
  27  173    0     0.00000000     1.09324941
  27  174    0     0.00000000     1.04365580
  27  175    0     0.00000000     1.08372878
  27  176    0     0.00000000     1.03029816
  27  177    0     0.00000000     1.02172854
  27  178    0     0.00000000     0.97231861
  27  179    0     0.00000000     1.00415004
  27  180    0     0.00000000     0.96494246
  27  181    0     0.00000000     0.99332233
  27  182    0     0.00000000     0.95992090
  27  183    0     0.00000000     1.04150848
  27  184    0     0.00000000     0.98683331
  27  185    0     0.00000000     0.98099874
  27  186    0     0.00000000     0.97230993
  27  187    0     0.00000000     0.97201059
  27  188    0     0.00000000     0.91610220
  27  189    0     0.00000000     0.88579560
  27  190    0     0.00000000     0.86557015
  27  191    0     0.00000000     0.86061931
  27  192    0     0.00000000     0.78092250
  27  193    0     0.00000000     0.76039194
  27  194    0     0.00000000     0.75827101
  27  195    0     0.00000000     0.97328840
  28    0    0     0.00000000     1.25243460
  28    1    0     0.00000000     1.13352397
  28    2    0     0.00000000     1.19400185
  28    3    0     0.00000000     1.28033483
  28    4    0     0.00000000     1.32401539
  28    5    0     0.00000000     1.28586452
  28    6    0     0.00000000     1.30924650
  28    7    0     0.00000000     1.32070061
  28    8    0     0.00000000     1.25614586
  28    9    0     0.00000000     1.23062202
  28   10    0     0.00000000     1.23062202
  28   11    0     0.00000000     1.23062202
  28   12    0     0.00000000     1.21088207
  28   13    0     0.00000000     1.14406535
  28   14    0     0.00000000     1.08228557
  28   15    0     0.00000000     1.39389750
  28   16    0     0.00000000     1.45550573
  28   17    0     0.00000000     1.52517575
  28   18    0     0.00000000     1.31259178
  28   19    0     0.00000000     1.18317894
  28   20    0     0.00000000     1.24328350
  28   21    0     0.00000000     1.35104229
  28   22    0     0.00000000     1.18787723
  28   23    0     0.00000000     1.28462733
  28   24    0     0.00000000     1.00000000
  28   25    0     0.00000000     1.00000000
  28   26    0     0.00000000     1.00000000
  28   27    0     0.00000000     1.00000000
  28   28    0     0.00000000     1.00000000
  28   29    0     0.00000000     1.00000000
  28   30    0     0.00000000     1.00000000
  28   31    0     0.00000000     1.00000000
  28   32    0     0.00000000     1.00000000
  28   33    0     0.00000000     1.23747339
  28   34    0     0.00000000     1.30712383
  28   35    0     0.00000000     0.99098740
  28   36    0     0.00000000     1.23491333
  28   37    0     0.00000000     1.28762106
  28   38    0     0.00000000     1.18185223
  28   39    0     0.00000000     1.19300867
  28   40    0     0.00000000     1.20566115
  28   41    0     0.00000000     1.17931714
  28   42    0     0.00000000     1.15279367
  28   43    0     0.00000000     1.09565407
  28   44    0     0.00000000     1.18885837
  28   45    0     0.00000000     1.07193586
  28   46    0     0.00000000     1.11349125
  28   47    0     0.00000000     1.13730478
  28   48    0     0.00000000     1.21331408
  28   49    0     0.00000000     1.13133710
  28   50    0     0.00000000     1.23909180
  28   51    0     0.00000000     1.16549827
  28   52    0     0.00000000     1.26230390
  28   53    0     0.00000000     1.20977136
  28   54    0     0.00000000     1.18896819
  28   55    0     0.00000000     1.24548674
  28   56    0     0.00000000     1.22386292
  28   57    0     0.00000000     1.20982058
  28   58    0     0.00000000     1.25620672
  28   59    0     0.00000000     1.23130816
  28   60    0     0.00000000     1.18238103
  28   61    0     0.00000000     1.22075295
  28   62    0     0.00000000     1.19324399
  28   63    0     0.00000000     1.19679335
  28   64    0     0.00000000     1.17027925
  28   65    0     0.00000000     1.25123084
  28   66    0     0.00000000     1.29244863
  28   67    0     0.00000000     1.29764786
  28   68    0     0.00000000     1.26012469
  28   69    0     0.00000000     1.24428630
  28   70    0     0.00000000     1.27899770
  28   71    0     0.00000000     1.25124777
  28   72    0     0.00000000     1.17587382
  28   73    0     0.00000000     1.18547152
  28   74    0     0.00000000     1.07685610
  28   75    0     0.00000000     1.10357190
  28   76    0     0.00000000     1.15317411
  28   77    0     0.00000000     1.08280765
  28   78    0     0.00000000     1.11648175
  28   79    0     0.00000000     1.21182186
  28   80    0     0.00000000     1.26682654
  28   81    0     0.00000000     1.23782303
  28   82    0     0.00000000     1.17209619
  28   83    0     0.00000000     1.15575121
  28   84    0     0.00000000     1.10461004
  28   85    0     0.00000000     1.10339982
  28   86    0     0.00000000     1.09395070
  28   87    0     0.00000000     1.13240264
  28   88    0     0.00000000     1.12240894
  28   89    0     0.00000000     1.07547592
  28   90    0     0.00000000     1.11953786
  28   91    0     0.00000000     1.16343051
  28   92    0     0.00000000     1.09474701
  28   93    0     0.00000000     1.10892767
  28   94    0     0.00000000     1.01662008
  28   95    0     0.00000000     0.97503757
  28   96    0     0.00000000     0.99102745
  28   97    0     0.00000000     1.02197775
  28   98    0     0.00000000     1.01174387
  28   99    0     0.00000000     1.02199480
  28  100    0     0.00000000     1.05403515
  28  101    0     0.00000000     1.11179652
  28  102    0     0.00000000     1.15474769
  28  103    0     0.00000000     1.14862781
  28  104    0     0.00000000     1.09105751
  28  105    0     0.00000000     1.11629064
  28  106    0     0.00000000     1.13716380
  28  107    0     0.00000000     1.09965706
  28  108    0     0.00000000     1.11894380
  28  109    0     0.00000000     1.16112847
  28  110    0     0.00000000     1.14685539
  28  111    0     0.00000000     1.23519604
  28  112    0     0.00000000     1.29945078
  28  113    0     0.00000000     1.01700567
  28  114    0     0.00000000     1.26120995
  28  115    0     0.00000000     1.02527345
  28  116    0     0.00000000     1.03219478
  28  117    0     0.00000000     0.99523809
  28  118    0     0.00000000     0.96139022
  28  119    0     0.00000000     0.98214185
  28  120    0     0.00000000     1.01882731
  28  121    0     0.00000000     1.01465329
  28  122    0     0.00000000     0.97989803
  28  123    0     0.00000000     0.99493331
  28  124    0     0.00000000     0.98223595
  28  125    0     0.00000000     0.96260650
  28  126    0     0.00000000     1.02456963
  28  127    0     0.00000000     1.03973441
  28  128    0     0.00000000     1.01317250
  28  129    0     0.00000000     1.12930084
  28  130    0     0.00000000     1.11143371
  28  131    0     0.00000000     0.98647475
  28  132    0     0.00000000     0.94421441
  28  133    0     0.00000000     0.94054389
  28  134    0     0.00000000     0.99703287
  28  135    0     0.00000000     0.96996129
  28  136    0     0.00000000     1.00374086
  28  137    0     0.00000000     1.08299033
  28  138    0     0.00000000     1.16102751
  28  139    0     0.00000000     0.98718763
  28  140    0     0.00000000     0.90808356
  28  141    0     0.00000000     0.95495294
  28  142    0     0.00000000     0.96701439
  28  143    0     0.00000000     0.90396376
  28  144    0     0.00000000     1.04773898
  28  145    0     0.00000000     1.00000000
  28  146    0     0.00000000     1.00000000
  28  147    0     0.00000000     1.00000000
  28  148    0     0.00000000     1.00000000
  28  149    0     0.00000000     1.00000000
  28  150    0     0.00000000     1.00000000
  28  151    0     0.00000000     1.00000000
  28  152    0     0.00000000     1.00000000
  28  153    0     0.00000000     1.00000000
  28  154    0     0.00000000     0.89996790
  28  155    0     0.00000000     0.93056667
  28  156    0     0.00000000     0.94437667
  28  157    0     0.00000000     1.00096965
  28  158    0     0.00000000     1.04546978
  28  159    0     0.00000000     1.04923661
  28  160    0     0.00000000     1.11068647
  28  161    0     0.00000000     1.16713964
  28  162    0     0.00000000     1.17437494
  28  163    0     0.00000000     1.16403105
  28  164    0     0.00000000     1.19614285
  28  165    0     0.00000000     1.21268224
  28  166    0     0.00000000     1.16343186
  28  167    0     0.00000000     1.17211560
  28  168    0     0.00000000     1.19286449
  28  169    0     0.00000000     1.17029524
  28  170    0     0.00000000     1.20713437
  28  171    0     0.00000000     1.15895020
  28  172    0     0.00000000     1.19101066
  28  173    0     0.00000000     1.09303321
  28  174    0     0.00000000     1.07422846
  28  175    0     0.00000000     1.09591423
  28  176    0     0.00000000     1.06628186
  28  177    0     0.00000000     1.09681873
  29    0    0     0.00000000     1.00000000
  29    1    0     0.00000000     1.00000000
  29    2    0     0.00000000     1.00000000
  29    3    0     0.00000000     1.00000000
  29    4    0     0.00000000     1.00000000
  29    5    0     0.00000000     0.94602248
  29    6    0     0.00000000     1.14608001
  29    7    0     0.00000000     1.16799100
  29    8    0     0.00000000     0.90084317
  29    9    0     0.00000000     0.98639682
  29   10    0     0.00000000     1.11230491
  29   11    0     0.00000000     1.19367463
  29   12    0     0.00000000     1.19179824
  29   13    0     0.00000000     1.04165597
  29   14    0     0.00000000     1.19367882
  29   15    0     0.00000000     1.19585045
  29   16    0     0.00000000     1.09730477
  29   17    0     0.00000000     1.10893575
  29   18    0     0.00000000     1.21154332
  29   19    0     0.00000000     1.22692255
  29   20    0     0.00000000     1.26916289
  29   21    0     0.00000000     1.26089967
  29   22    0     0.00000000     1.23900609
  29   23    0     0.00000000     1.29251068
  29   24    0     0.00000000     1.20414861
  29   25    0     0.00000000     1.28684527
  29   26    0     0.00000000     1.13701607
  29   27    0     0.00000000     1.16101933
  29   28    0     0.00000000     1.22126547
  29   29    0     0.00000000     1.26840686
  29   30    0     0.00000000     1.22805677
  29   31    0     0.00000000     1.20531005
  29   32    0     0.00000000     1.19151360
  29   33    0     0.00000000     1.23857378
  29   34    0     0.00000000     1.28382931
  29   35    0     0.00000000     1.21269937
  29   36    0     0.00000000     1.21102473
  29   37    0     0.00000000     1.26454585
  29   38    0     0.00000000     1.17616378
  29   39    0     0.00000000     1.21077079
  29   40    0     0.00000000     1.06018630
  29   41    0     0.00000000     1.11213769
  29   42    0     0.00000000     1.12967897
  29   43    0     0.00000000     1.19510201
  29   44    0     0.00000000     1.08927319
  29   45    0     0.00000000     1.15750774
  29   46    0     0.00000000     1.27249190
  29   47    0     0.00000000     1.25466454
  29   48    0     0.00000000     1.06524899
  29   49    0     0.00000000     1.36135993
  29   50    0     0.00000000     1.34333089
  29   51    0     0.00000000     1.23536418
  29   52    0     0.00000000     1.18398498
  29   53    0     0.00000000     1.14542000
  29   54    0     0.00000000     1.15289195
  29   55    0     0.00000000     1.13897773
  29   56    0     0.00000000     1.12837371
  29   57    0     0.00000000     1.14050918
  29   58    0     0.00000000     1.13397078
  29   59    0     0.00000000     1.15826565
  29   60    0     0.00000000     1.11780751
  29   61    0     0.00000000     1.18638833
  29   62    0     0.00000000     1.13515395
  29   63    0     0.00000000     1.10940727
  29   64    0     0.00000000     1.08898899
  29   65    0     0.00000000     1.09063364
  29   66    0     0.00000000     1.06296598
  29   67    0     0.00000000     1.09180226
  29   68    0     0.00000000     1.03707538
  29   69    0     0.00000000     1.00550901
  29   70    0     0.00000000     1.00535983
  29   71    0     0.00000000     1.03308541
  29   72    0     0.00000000     1.01678748
  29   73    0     0.00000000     1.04774340
  29   74    0     0.00000000     1.04369487
  29   75    0     0.00000000     1.02079500
  29   76    0     0.00000000     1.01797858
  29   77    0     0.00000000     1.05025183
  29   78    0     0.00000000     1.00791795
  29   79    0     0.00000000     1.05102509
  29   80    0     0.00000000     1.07408180
  29   81    0     0.00000000     1.15334005
  29   82    0     0.00000000     1.11771359
  29   83    0     0.00000000     1.20086929
  29   84    0     0.00000000     1.06664401
  29   85    0     0.00000000     1.08968064
  29   86    0     0.00000000     1.02489562
  29   87    0     0.00000000     1.01614460
  29   88    0     0.00000000     0.97299732
  29   89    0     0.00000000     1.00452567
  29   90    0     0.00000000     0.99023096
  29   91    0     0.00000000     1.16668785
  29   92    0     0.00000000     1.27469351
  29   93    0     0.00000000     0.97508384
  29   94    0     0.00000000     1.13172929
  29   95    0     0.00000000     1.02959809
  29   96    0     0.00000000     0.97114583
  29   97    0     0.00000000     1.09835114
  29   98    0     0.00000000     1.04051737
  29   99    0     0.00000000     1.09427450
  29  100    0     0.00000000     1.14542371
  29  101    0     0.00000000     1.19860804
  29  102    0     0.00000000     1.04643037
  29  103    0     0.00000000     1.08882573
  29  104    0     0.00000000     1.03938949
  29  105    0     0.00000000     1.03085842
  29  106    0     0.00000000     1.02182699
  29  107    0     0.00000000     1.05373786
  29  108    0     0.00000000     1.05544345
  29  109    0     0.00000000     1.22482679
  29  110    0     0.00000000     1.09660581
  29  111    0     0.00000000     1.03059300
  29  112    0     0.00000000     0.96736898
  29  113    0     0.00000000     0.95615251
  29  114    0     0.00000000     0.93955184
  29  115    0     0.00000000     0.92115879
  29  116    0     0.00000000     0.96069970
  29  117    0     0.00000000     1.09663159
  29  118    0     0.00000000     1.10451641
  29  119    0     0.00000000     0.95290220
  29  120    0     0.00000000     0.85105807
  29  121    0     0.00000000     1.04273346
  29  122    0     0.00000000     0.83220247
  29  123    0     0.00000000     1.04496639
  29  124    0     0.00000000     1.09411690
  29  125    0     0.00000000     1.00000000
  29  126    0     0.00000000     1.00000000
  29  127    0     0.00000000     1.00000000
  29  128    0     0.00000000     1.00000000
  29  129    0     0.00000000     1.00000000
  30    0    0     0.00000000     1.29544715
  30    1    0     0.00000000     1.31629941
  30    2    0     0.00000000     1.30856784
  30    3    0     0.00000000     1.27050472
  30    4    0     0.00000000     1.24720850
  30    5    0     0.00000000     1.22849692
  30    6    0     0.00000000     1.25464555
  30    7    0     0.00000000     1.17103429
  30    8    0     0.00000000     1.20012321
  30    9    0     0.00000000     1.13818332
  30   10    0     0.00000000     1.21387514
  30   11    0     0.00000000     1.17029119
  30   12    0     0.00000000     1.11778732
  30   13    0     0.00000000     1.25158992
  30   14    0     0.00000000     1.12016032
  30   15    0     0.00000000     1.22818719
  30   16    0     0.00000000     1.33756821
  30   17    0     0.00000000     1.31477640
  30   18    0     0.00000000     1.10676149
  30   19    0     0.00000000     1.27909189
  30   20    0     0.00000000     1.19694602
  30   21    0     0.00000000     1.21847012
  30   22    0     0.00000000     1.08169753
  30   23    0     0.00000000     1.10326217
  30   24    0     0.00000000     1.16377294
  30   25    0     0.00000000     1.10286855
  30   26    0     0.00000000     1.18462531
  30   27    0     0.00000000     1.12427703
  30   28    0     0.00000000     1.15138434
  30   29    0     0.00000000     1.27035079
  30   30    0     0.00000000     1.22527732
  30   31    0     0.00000000     1.21595570
  30   32    0     0.00000000     1.29801889
  30   33    0     0.00000000     1.25817541
  30   34    0     0.00000000     1.33330885
  30   35    0     0.00000000     1.19707135
  30   36    0     0.00000000     1.24377292
  30   37    0     0.00000000     1.25255419
  30   38    0     0.00000000     1.15439902
  30   39    0     0.00000000     1.13956075
  30   40    0     0.00000000     1.18886284
  30   41    0     0.00000000     0.95074790
  30   42    0     0.00000000     1.00836893
  30   43    0     0.00000000     0.99911972
  30   44    0     0.00000000     1.01928281
  30   45    0     0.00000000     1.34469271
  30   46    0     0.00000000     1.20219109
  30   47    0     0.00000000     1.05836044
  30   48    0     0.00000000     1.13289257
  30   49    0     0.00000000     1.07781095
  30   50    0     0.00000000     1.10374449
  30   51    0     0.00000000     1.08725212
  30   52    0     0.00000000     1.10109679
  30   53    0     0.00000000     1.16392941
  30   54    0     0.00000000     1.19641486
  30   55    0     0.00000000     1.23561462
  30   56    0     0.00000000     1.12713467
  30   57    0     0.00000000     1.09812224
  30   58    0     0.00000000     1.04467250
  30   59    0     0.00000000     1.02033403
  30   60    0     0.00000000     1.02227812
  30   61    0     0.00000000     1.09971114
  30   62    0     0.00000000     1.07035218
  30   63    0     0.00000000     1.07721258
  30   64    0     0.00000000     1.11357642
  30   65    0     0.00000000     1.12822657
  30   66    0     0.00000000     1.14083685
  30   67    0     0.00000000     1.15897401
  30   68    0     0.00000000     1.09536767
  30   69    0     0.00000000     1.07961727
  30   70    0     0.00000000     1.08879432
  30   71    0     0.00000000     1.07565472
  30   72    0     0.00000000     1.02142821
  30   73    0     0.00000000     1.03434778
  30   74    0     0.00000000     1.07230791
  30   75    0     0.00000000     1.14646853
  30   76    0     0.00000000     1.10137269
  30   77    0     0.00000000     1.13390597
  30   78    0     0.00000000     1.03485027
  30   79    0     0.00000000     1.07037591
  30   80    0     0.00000000     1.05576627
  30   81    0     0.00000000     1.04286953
  30   82    0     0.00000000     1.05264429
  30   83    0     0.00000000     1.13261957
  30   84    0     0.00000000     1.15842117
  30   85    0     0.00000000     1.01426695
  30   86    0     0.00000000     0.98467471
  30   87    0     0.00000000     0.98610050
  30   88    0     0.00000000     1.09996600
  30   89    0     0.00000000     1.09337964
  30   90    0     0.00000000     1.04852750
  30   91    0     0.00000000     1.01628833
  30   92    0     0.00000000     0.99174715
  30   93    0     0.00000000     1.08066173
  30   94    0     0.00000000     1.09502452
  30   95    0     0.00000000     0.92497779
  30   96    0     0.00000000     0.91124016
  30   97    0     0.00000000     0.91187054
  30   98    0     0.00000000     0.90137323
  30   99    0     0.00000000     0.91103212
  30  100    0     0.00000000     0.86768837
  30  101    0     0.00000000     0.99151235
  30  102    0     0.00000000     1.08601671
  30  103    0     0.00000000     0.96832499
  30  104    0     0.00000000     0.90402759
  30  105    0     0.00000000     0.89516589
  30  106    0     0.00000000     0.96403503
  30  107    0     0.00000000     1.02498750
  31    0    0     0.00000000     1.29225732
  31    1    0     0.00000000     1.19890527
  31    2    0     0.00000000     1.31179701
  31    3    0     0.00000000     1.24284147
  31    4    0     0.00000000     1.22444811
  31    5    0     0.00000000     1.15312457
  31    6    0     0.00000000     1.22274147
  31    7    0     0.00000000     1.16269532
  31    8    0     0.00000000     1.13375742
  31    9    0     0.00000000     1.13597337
  31   10    0     0.00000000     1.14848908
  31   11    0     0.00000000     1.19827665
  31   12    0     0.00000000     1.21339548
  31   13    0     0.00000000     1.25965578
  31   14    0     0.00000000     1.19170937
  31   15    0     0.00000000     1.24229271
  31   16    0     0.00000000     1.18501026
  31   17    0     0.00000000     1.23976297
  31   18    0     0.00000000     1.29466760
  31   19    0     0.00000000     1.12703775
  31   20    0     0.00000000     1.18461586
  31   21    0     0.00000000     1.18973972
  31   22    0     0.00000000     1.16762731
  31   23    0     0.00000000     1.07795400
  31   24    0     0.00000000     1.16994872
  31   25    0     0.00000000     1.16446262
  31   26    0     0.00000000     1.29851304
  31   27    0     0.00000000     1.26308838
  31   28    0     0.00000000     1.24802708
  31   29    0     0.00000000     1.18585251
  31   30    0     0.00000000     1.12189616
  31   31    0     0.00000000     1.16811237
  31   32    0     0.00000000     1.15138623
  31   33    0     0.00000000     1.08617816
  31   34    0     0.00000000     1.16199275
  31   35    0     0.00000000     1.14667586
  31   36    0     0.00000000     1.14992369
  31   37    0     0.00000000     0.99275500
  31   38    0     0.00000000     0.89454148
  31   39    0     0.00000000     1.01114104
  31   40    0     0.00000000     1.01184382
  31   41    0     0.00000000     1.21781033
  31   42    0     0.00000000     1.16901382
  31   43    0     0.00000000     1.11685373
  31   44    0     0.00000000     1.15806146
  31   45    0     0.00000000     1.14992110
  31   46    0     0.00000000     1.15729814
  31   47    0     0.00000000     1.18868831
  31   48    0     0.00000000     1.17517640
  31   49    0     0.00000000     1.21732992
  31   50    0     0.00000000     1.27393312
  31   51    0     0.00000000     1.20554776
  31   52    0     0.00000000     1.19296853
  31   53    0     0.00000000     1.11943621
  31   54    0     0.00000000     1.11671065
  31   55    0     0.00000000     1.11283047
  31   56    0     0.00000000     1.10658390
  31   57    0     0.00000000     1.08460842
  31   58    0     0.00000000     1.05350701
  31   59    0     0.00000000     1.06402343
  31   60    0     0.00000000     1.10745433
  31   61    0     0.00000000     1.11228140
  31   62    0     0.00000000     0.90675731
  31   63    0     0.00000000     0.89618757
  31   64    0     0.00000000     1.03440570
  31   65    0     0.00000000     1.01029892
  31   66    0     0.00000000     1.03426070
  31   67    0     0.00000000     1.00948741
  31   68    0     0.00000000     1.04164904
  31   69    0     0.00000000     1.06226704
  31   70    0     0.00000000     1.13082057
  31   71    0     0.00000000     1.11757651
  31   72    0     0.00000000     1.08601379
  31   73    0     0.00000000     0.99212774
  31   74    0     0.00000000     0.97236253
  31   75    0     0.00000000     0.97031491
  31   76    0     0.00000000     0.95046159
  31   77    0     0.00000000     0.92750484
  31   78    0     0.00000000     0.97931246
  31   79    0     0.00000000     1.10318878
  31   80    0     0.00000000     0.97858015
  31   81    0     0.00000000     0.96878198
  31   82    0     0.00000000     0.88703337
  31   83    0     0.00000000     0.91542687
  31   84    0     0.00000000     0.95049607
  31   85    0     0.00000000     0.87042731
  31   86    0     0.00000000     0.89463923
  31   87    0     0.00000000     0.88133662
  31   88    0     0.00000000     0.99185884
  31   89    0     0.00000000     0.99557965
########################################
# TPC TDC : ct = (t-p0)*p1             #
########################################
0	0	1	84.00000000	80.00000000
0	1	1	84.00000000	80.00000000
0	2	1	84.00000000	80.00000000
0	3	1	84.00000000	80.00000000
0	4	1	84.00000000	80.00000000
0	5	1	84.00000000	80.00000000
0	6	1	84.00000000	80.00000000
0	7	1	84.00000000	80.00000000
0	8	1	84.00000000	80.00000000
0	9	1	84.00000000	80.00000000
0	10	1	84.00000000	80.00000000
0	11	1	84.00000000	80.00000000
0	12	1	84.00000000	80.00000000
0	13	1	84.00000000	80.00000000
0	14	1	84.00000000	80.00000000
0	15	1	84.00000000	80.00000000
0	16	1	84.00000000	80.00000000
0	17	1	84.00000000	80.00000000
0	18	1	84.00000000	80.00000000
0	19	1	84.00000000	80.00000000
0	20	1	84.00000000	80.00000000
0	21	1	84.00000000	80.00000000
0	22	1	84.00000000	80.00000000
0	23	1	84.00000000	80.00000000
0	24	1	84.00000000	80.00000000
0	25	1	84.00000000	80.00000000
0	26	1	84.00000000	80.00000000
0	27	1	84.00000000	80.00000000
0	28	1	84.00000000	80.00000000
0	29	1	84.00000000	80.00000000
0	30	1	84.00000000	80.00000000
0	31	1	84.00000000	80.00000000
0	32	1	84.00000000	80.00000000
0	33	1	84.00000000	80.00000000
0	34	1	84.00000000	80.00000000
0	35	1	84.00000000	80.00000000
0	36	1	84.00000000	80.00000000
0	37	1	84.00000000	80.00000000
0	38	1	84.00000000	80.00000000
0	39	1	84.00000000	80.00000000
0	40	1	84.00000000	80.00000000
0	41	1	84.00000000	80.00000000
0	42	1	84.00000000	80.00000000
0	43	1	84.00000000	80.00000000
0	44	1	84.00000000	80.00000000
0	45	1	84.00000000	80.00000000
0	46	1	84.00000000	80.00000000
0	47	1	84.00000000	80.00000000
1	0	1	84.00000000	80.00000000
1	1	1	84.00000000	80.00000000
1	2	1	84.00000000	80.00000000
1	3	1	84.00000000	80.00000000
1	4	1	84.00000000	80.00000000
1	5	1	84.00000000	80.00000000
1	6	1	84.00000000	80.00000000
1	7	1	84.00000000	80.00000000
1	8	1	84.00000000	80.00000000
1	9	1	84.00000000	80.00000000
1	10	1	84.00000000	80.00000000
1	11	1	84.00000000	80.00000000
1	12	1	84.00000000	80.00000000
1	13	1	84.00000000	80.00000000
1	14	1	84.00000000	80.00000000
1	15	1	84.00000000	80.00000000
1	16	1	84.00000000	80.00000000
1	17	1	84.00000000	80.00000000
1	18	1	84.00000000	80.00000000
1	19	1	84.00000000	80.00000000
1	20	1	84.00000000	80.00000000
1	21	1	84.00000000	80.00000000
1	22	1	84.00000000	80.00000000
1	23	1	84.00000000	80.00000000
1	24	1	84.00000000	80.00000000
1	25	1	84.00000000	80.00000000
1	26	1	84.00000000	80.00000000
1	27	1	84.00000000	80.00000000
1	28	1	84.00000000	80.00000000
1	29	1	84.00000000	80.00000000
1	30	1	84.00000000	80.00000000
1	31	1	84.00000000	80.00000000
1	32	1	84.00000000	80.00000000
1	33	1	84.00000000	80.00000000
1	34	1	84.00000000	80.00000000
1	35	1	84.00000000	80.00000000
1	36	1	84.00000000	80.00000000
1	37	1	84.00000000	80.00000000
1	38	1	84.00000000	80.00000000
1	39	1	84.00000000	80.00000000
1	40	1	84.00000000	80.00000000
1	41	1	84.00000000	80.00000000
1	42	1	84.00000000	80.00000000
1	43	1	84.00000000	80.00000000
1	44	1	84.00000000	80.00000000
1	45	1	84.00000000	80.00000000
1	46	1	84.00000000	80.00000000
1	47	1	84.00000000	80.00000000
2	0	1	84.00000000	80.00000000
2	1	1	84.00000000	80.00000000
2	2	1	84.00000000	80.00000000
2	3	1	84.00000000	80.00000000
2	4	1	84.00000000	80.00000000
2	5	1	84.00000000	80.00000000
2	6	1	84.00000000	80.00000000
2	7	1	84.00000000	80.00000000
2	8	1	84.00000000	80.00000000
2	9	1	84.00000000	80.00000000
2	10	1	84.00000000	80.00000000
2	11	1	84.00000000	80.00000000
2	12	1	84.00000000	80.00000000
2	13	1	84.00000000	80.00000000
2	14	1	84.00000000	80.00000000
2	15	1	84.00000000	80.00000000
2	16	1	84.00000000	80.00000000
2	17	1	84.00000000	80.00000000
2	18	1	84.00000000	80.00000000
2	19	1	84.00000000	80.00000000
2	20	1	84.00000000	80.00000000
2	21	1	84.00000000	80.00000000
2	22	1	84.00000000	80.00000000
2	23	1	84.00000000	80.00000000
2	24	1	84.00000000	80.00000000
2	25	1	84.00000000	80.00000000
2	26	1	84.00000000	80.00000000
2	27	1	84.00000000	80.00000000
2	28	1	84.00000000	80.00000000
2	29	1	84.00000000	80.00000000
2	30	1	84.00000000	80.00000000
2	31	1	84.00000000	80.00000000
2	32	1	84.00000000	80.00000000
2	33	1	84.00000000	80.00000000
2	34	1	84.00000000	80.00000000
2	35	1	84.00000000	80.00000000
2	36	1	84.00000000	80.00000000
2	37	1	84.00000000	80.00000000
2	38	1	84.00000000	80.00000000
2	39	1	84.00000000	80.00000000
2	40	1	84.00000000	80.00000000
2	41	1	84.00000000	80.00000000
2	42	1	84.00000000	80.00000000
2	43	1	84.00000000	80.00000000
2	44	1	84.00000000	80.00000000
2	45	1	84.00000000	80.00000000
2	46	1	84.00000000	80.00000000
2	47	1	84.00000000	80.00000000
2	48	1	84.00000000	80.00000000
2	49	1	84.00000000	80.00000000
2	50	1	84.00000000	80.00000000
2	51	1	84.00000000	80.00000000
2	52	1	84.00000000	80.00000000
2	53	1	84.00000000	80.00000000
2	54	1	84.00000000	80.00000000
2	55	1	84.00000000	80.00000000
2	56	1	84.00000000	80.00000000
2	57	1	84.00000000	80.00000000
2	58	1	84.00000000	80.00000000
2	59	1	84.00000000	80.00000000
2	60	1	84.00000000	80.00000000
2	61	1	84.00000000	80.00000000
2	62	1	84.00000000	80.00000000
2	63	1	84.00000000	80.00000000
2	64	1	84.00000000	80.00000000
2	65	1	84.00000000	80.00000000
2	66	1	84.00000000	80.00000000
2	67	1	84.00000000	80.00000000
2	68	1	84.00000000	80.00000000
2	69	1	84.00000000	80.00000000
2	70	1	84.00000000	80.00000000
2	71	1	84.00000000	80.00000000
3	0	1	84.00000000	80.00000000
3	1	1	84.00000000	80.00000000
3	2	1	84.00000000	80.00000000
3	3	1	84.00000000	80.00000000
3	4	1	84.00000000	80.00000000
3	5	1	84.00000000	80.00000000
3	6	1	84.00000000	80.00000000
3	7	1	84.00000000	80.00000000
3	8	1	84.00000000	80.00000000
3	9	1	84.00000000	80.00000000
3	10	1	84.00000000	80.00000000
3	11	1	84.00000000	80.00000000
3	12	1	84.00000000	80.00000000
3	13	1	84.00000000	80.00000000
3	14	1	84.00000000	80.00000000
3	15	1	84.00000000	80.00000000
3	16	1	84.00000000	80.00000000
3	17	1	84.00000000	80.00000000
3	18	1	84.00000000	80.00000000
3	19	1	84.00000000	80.00000000
3	20	1	84.00000000	80.00000000
3	21	1	84.00000000	80.00000000
3	22	1	84.00000000	80.00000000
3	23	1	84.00000000	80.00000000
3	24	1	84.00000000	80.00000000
3	25	1	84.00000000	80.00000000
3	26	1	84.00000000	80.00000000
3	27	1	84.00000000	80.00000000
3	28	1	84.00000000	80.00000000
3	29	1	84.00000000	80.00000000
3	30	1	84.00000000	80.00000000
3	31	1	84.00000000	80.00000000
3	32	1	84.00000000	80.00000000
3	33	1	84.00000000	80.00000000
3	34	1	84.00000000	80.00000000
3	35	1	84.00000000	80.00000000
3	36	1	84.00000000	80.00000000
3	37	1	84.00000000	80.00000000
3	38	1	84.00000000	80.00000000
3	39	1	84.00000000	80.00000000
3	40	1	84.00000000	80.00000000
3	41	1	84.00000000	80.00000000
3	42	1	84.00000000	80.00000000
3	43	1	84.00000000	80.00000000
3	44	1	84.00000000	80.00000000
3	45	1	84.00000000	80.00000000
3	46	1	84.00000000	80.00000000
3	47	1	84.00000000	80.00000000
3	48	1	84.00000000	80.00000000
3	49	1	84.00000000	80.00000000
3	50	1	84.00000000	80.00000000
3	51	1	84.00000000	80.00000000
3	52	1	84.00000000	80.00000000
3	53	1	84.00000000	80.00000000
3	54	1	84.00000000	80.00000000
3	55	1	84.00000000	80.00000000
3	56	1	84.00000000	80.00000000
3	57	1	84.00000000	80.00000000
3	58	1	84.00000000	80.00000000
3	59	1	84.00000000	80.00000000
3	60	1	84.00000000	80.00000000
3	61	1	84.00000000	80.00000000
3	62	1	84.00000000	80.00000000
3	63	1	84.00000000	80.00000000
3	64	1	84.00000000	80.00000000
3	65	1	84.00000000	80.00000000
3	66	1	84.00000000	80.00000000
3	67	1	84.00000000	80.00000000
3	68	1	84.00000000	80.00000000
3	69	1	84.00000000	80.00000000
3	70	1	84.00000000	80.00000000
3	71	1	84.00000000	80.00000000
3	72	1	84.00000000	80.00000000
3	73	1	84.00000000	80.00000000
3	74	1	84.00000000	80.00000000
3	75	1	84.00000000	80.00000000
3	76	1	84.00000000	80.00000000
3	77	1	84.00000000	80.00000000
3	78	1	84.00000000	80.00000000
3	79	1	84.00000000	80.00000000
3	80	1	84.00000000	80.00000000
3	81	1	84.00000000	80.00000000
3	82	1	84.00000000	80.00000000
3	83	1	84.00000000	80.00000000
3	84	1	84.00000000	80.00000000
3	85	1	84.00000000	80.00000000
3	86	1	84.00000000	80.00000000
3	87	1	84.00000000	80.00000000
3	88	1	84.00000000	80.00000000
3	89	1	84.00000000	80.00000000
3	90	1	84.00000000	80.00000000
3	91	1	84.00000000	80.00000000
3	92	1	84.00000000	80.00000000
3	93	1	84.00000000	80.00000000
3	94	1	84.00000000	80.00000000
3	95	1	84.00000000	80.00000000
4	0	1	84.00000000	80.00000000
4	1	1	84.00000000	80.00000000
4	2	1	84.00000000	80.00000000
4	3	1	84.00000000	80.00000000
4	4	1	84.00000000	80.00000000
4	5	1	84.00000000	80.00000000
4	6	1	84.00000000	80.00000000
4	7	1	84.00000000	80.00000000
4	8	1	84.00000000	80.00000000
4	9	1	84.00000000	80.00000000
4	10	1	84.00000000	80.00000000
4	11	1	84.00000000	80.00000000
4	12	1	84.00000000	80.00000000
4	13	1	84.00000000	80.00000000
4	14	1	84.00000000	80.00000000
4	15	1	84.00000000	80.00000000
4	16	1	84.00000000	80.00000000
4	17	1	84.00000000	80.00000000
4	18	1	84.00000000	80.00000000
4	19	1	84.00000000	80.00000000
4	20	1	84.00000000	80.00000000
4	21	1	84.00000000	80.00000000
4	22	1	84.00000000	80.00000000
4	23	1	84.00000000	80.00000000
4	24	1	84.00000000	80.00000000
4	25	1	84.00000000	80.00000000
4	26	1	84.00000000	80.00000000
4	27	1	84.00000000	80.00000000
4	28	1	84.00000000	80.00000000
4	29	1	84.00000000	80.00000000
4	30	1	84.00000000	80.00000000
4	31	1	84.00000000	80.00000000
4	32	1	84.00000000	80.00000000
4	33	1	84.00000000	80.00000000
4	34	1	84.00000000	80.00000000
4	35	1	84.00000000	80.00000000
4	36	1	84.00000000	80.00000000
4	37	1	84.00000000	80.00000000
4	38	1	84.00000000	80.00000000
4	39	1	84.00000000	80.00000000
4	40	1	84.00000000	80.00000000
4	41	1	84.00000000	80.00000000
4	42	1	84.00000000	80.00000000
4	43	1	84.00000000	80.00000000
4	44	1	84.00000000	80.00000000
4	45	1	84.00000000	80.00000000
4	46	1	84.00000000	80.00000000
4	47	1	84.00000000	80.00000000
4	48	1	84.00000000	80.00000000
4	49	1	84.00000000	80.00000000
4	50	1	84.00000000	80.00000000
4	51	1	84.00000000	80.00000000
4	52	1	84.00000000	80.00000000
4	53	1	84.00000000	80.00000000
4	54	1	84.00000000	80.00000000
4	55	1	84.00000000	80.00000000
4	56	1	84.00000000	80.00000000
4	57	1	84.00000000	80.00000000
4	58	1	84.00000000	80.00000000
4	59	1	84.00000000	80.00000000
4	60	1	84.00000000	80.00000000
4	61	1	84.00000000	80.00000000
4	62	1	84.00000000	80.00000000
4	63	1	84.00000000	80.00000000
4	64	1	84.00000000	80.00000000
4	65	1	84.00000000	80.00000000
4	66	1	84.00000000	80.00000000
4	67	1	84.00000000	80.00000000
4	68	1	84.00000000	80.00000000
4	69	1	84.00000000	80.00000000
4	70	1	84.00000000	80.00000000
4	71	1	84.00000000	80.00000000
4	72	1	84.00000000	80.00000000
4	73	1	84.00000000	80.00000000
4	74	1	84.00000000	80.00000000
4	75	1	84.00000000	80.00000000
4	76	1	84.00000000	80.00000000
4	77	1	84.00000000	80.00000000
4	78	1	84.00000000	80.00000000
4	79	1	84.00000000	80.00000000
4	80	1	84.00000000	80.00000000
4	81	1	84.00000000	80.00000000
4	82	1	84.00000000	80.00000000
4	83	1	84.00000000	80.00000000
4	84	1	84.00000000	80.00000000
4	85	1	84.00000000	80.00000000
4	86	1	84.00000000	80.00000000
4	87	1	84.00000000	80.00000000
4	88	1	84.00000000	80.00000000
4	89	1	84.00000000	80.00000000
4	90	1	84.00000000	80.00000000
4	91	1	84.00000000	80.00000000
4	92	1	84.00000000	80.00000000
4	93	1	84.00000000	80.00000000
4	94	1	84.00000000	80.00000000
4	95	1	84.00000000	80.00000000
4	96	1	84.00000000	80.00000000
4	97	1	84.00000000	80.00000000
4	98	1	84.00000000	80.00000000
4	99	1	84.00000000	80.00000000
4	100	1	84.00000000	80.00000000
4	101	1	84.00000000	80.00000000
4	102	1	84.00000000	80.00000000
4	103	1	84.00000000	80.00000000
4	104	1	84.00000000	80.00000000
4	105	1	84.00000000	80.00000000
4	106	1	84.00000000	80.00000000
4	107	1	84.00000000	80.00000000
4	108	1	84.00000000	80.00000000
4	109	1	84.00000000	80.00000000
4	110	1	84.00000000	80.00000000
4	111	1	84.00000000	80.00000000
4	112	1	84.00000000	80.00000000
4	113	1	84.00000000	80.00000000
4	114	1	84.00000000	80.00000000
4	115	1	84.00000000	80.00000000
4	116	1	84.00000000	80.00000000
4	117	1	84.00000000	80.00000000
4	118	1	84.00000000	80.00000000
4	119	1	84.00000000	80.00000000
5	0	1	84.00000000	80.00000000
5	1	1	84.00000000	80.00000000
5	2	1	84.00000000	80.00000000
5	3	1	84.00000000	80.00000000
5	4	1	84.00000000	80.00000000
5	5	1	84.00000000	80.00000000
5	6	1	84.00000000	80.00000000
5	7	1	84.00000000	80.00000000
5	8	1	84.00000000	80.00000000
5	9	1	84.00000000	80.00000000
5	10	1	84.00000000	80.00000000
5	11	1	84.00000000	80.00000000
5	12	1	84.00000000	80.00000000
5	13	1	84.00000000	80.00000000
5	14	1	84.00000000	80.00000000
5	15	1	84.00000000	80.00000000
5	16	1	84.00000000	80.00000000
5	17	1	84.00000000	80.00000000
5	18	1	84.00000000	80.00000000
5	19	1	84.00000000	80.00000000
5	20	1	84.00000000	80.00000000
5	21	1	84.00000000	80.00000000
5	22	1	84.00000000	80.00000000
5	23	1	84.00000000	80.00000000
5	24	1	84.00000000	80.00000000
5	25	1	84.00000000	80.00000000
5	26	1	84.00000000	80.00000000
5	27	1	84.00000000	80.00000000
5	28	1	84.00000000	80.00000000
5	29	1	84.00000000	80.00000000
5	30	1	84.00000000	80.00000000
5	31	1	84.00000000	80.00000000
5	32	1	84.00000000	80.00000000
5	33	1	84.00000000	80.00000000
5	34	1	84.00000000	80.00000000
5	35	1	84.00000000	80.00000000
5	36	1	84.00000000	80.00000000
5	37	1	84.00000000	80.00000000
5	38	1	84.00000000	80.00000000
5	39	1	84.00000000	80.00000000
5	40	1	84.00000000	80.00000000
5	41	1	84.00000000	80.00000000
5	42	1	84.00000000	80.00000000
5	43	1	84.00000000	80.00000000
5	44	1	84.00000000	80.00000000
5	45	1	84.00000000	80.00000000
5	46	1	84.00000000	80.00000000
5	47	1	84.00000000	80.00000000
5	48	1	84.00000000	80.00000000
5	49	1	84.00000000	80.00000000
5	50	1	84.00000000	80.00000000
5	51	1	84.00000000	80.00000000
5	52	1	84.00000000	80.00000000
5	53	1	84.00000000	80.00000000
5	54	1	84.00000000	80.00000000
5	55	1	84.00000000	80.00000000
5	56	1	84.00000000	80.00000000
5	57	1	84.00000000	80.00000000
5	58	1	84.00000000	80.00000000
5	59	1	84.00000000	80.00000000
5	60	1	84.00000000	80.00000000
5	61	1	84.00000000	80.00000000
5	62	1	84.00000000	80.00000000
5	63	1	84.00000000	80.00000000
5	64	1	84.00000000	80.00000000
5	65	1	84.00000000	80.00000000
5	66	1	84.00000000	80.00000000
5	67	1	84.00000000	80.00000000
5	68	1	84.00000000	80.00000000
5	69	1	84.00000000	80.00000000
5	70	1	84.00000000	80.00000000
5	71	1	84.00000000	80.00000000
5	72	1	84.00000000	80.00000000
5	73	1	84.00000000	80.00000000
5	74	1	84.00000000	80.00000000
5	75	1	84.00000000	80.00000000
5	76	1	84.00000000	80.00000000
5	77	1	84.00000000	80.00000000
5	78	1	84.00000000	80.00000000
5	79	1	84.00000000	80.00000000
5	80	1	84.00000000	80.00000000
5	81	1	84.00000000	80.00000000
5	82	1	84.00000000	80.00000000
5	83	1	84.00000000	80.00000000
5	84	1	84.00000000	80.00000000
5	85	1	84.00000000	80.00000000
5	86	1	84.00000000	80.00000000
5	87	1	84.00000000	80.00000000
5	88	1	84.00000000	80.00000000
5	89	1	84.00000000	80.00000000
5	90	1	84.00000000	80.00000000
5	91	1	84.00000000	80.00000000
5	92	1	84.00000000	80.00000000
5	93	1	84.00000000	80.00000000
5	94	1	84.00000000	80.00000000
5	95	1	84.00000000	80.00000000
5	96	1	84.00000000	80.00000000
5	97	1	84.00000000	80.00000000
5	98	1	84.00000000	80.00000000
5	99	1	84.00000000	80.00000000
5	100	1	84.00000000	80.00000000
5	101	1	84.00000000	80.00000000
5	102	1	84.00000000	80.00000000
5	103	1	84.00000000	80.00000000
5	104	1	84.00000000	80.00000000
5	105	1	84.00000000	80.00000000
5	106	1	84.00000000	80.00000000
5	107	1	84.00000000	80.00000000
5	108	1	84.00000000	80.00000000
5	109	1	84.00000000	80.00000000
5	110	1	84.00000000	80.00000000
5	111	1	84.00000000	80.00000000
5	112	1	84.00000000	80.00000000
5	113	1	84.00000000	80.00000000
5	114	1	84.00000000	80.00000000
5	115	1	84.00000000	80.00000000
5	116	1	84.00000000	80.00000000
5	117	1	84.00000000	80.00000000
5	118	1	84.00000000	80.00000000
5	119	1	84.00000000	80.00000000
5	120	1	84.00000000	80.00000000
5	121	1	84.00000000	80.00000000
5	122	1	84.00000000	80.00000000
5	123	1	84.00000000	80.00000000
5	124	1	84.00000000	80.00000000
5	125	1	84.00000000	80.00000000
5	126	1	84.00000000	80.00000000
5	127	1	84.00000000	80.00000000
5	128	1	84.00000000	80.00000000
5	129	1	84.00000000	80.00000000
5	130	1	84.00000000	80.00000000
5	131	1	84.00000000	80.00000000
5	132	1	84.00000000	80.00000000
5	133	1	84.00000000	80.00000000
5	134	1	84.00000000	80.00000000
5	135	1	84.00000000	80.00000000
5	136	1	84.00000000	80.00000000
5	137	1	84.00000000	80.00000000
5	138	1	84.00000000	80.00000000
5	139	1	84.00000000	80.00000000
5	140	1	84.00000000	80.00000000
5	141	1	84.00000000	80.00000000
5	142	1	84.00000000	80.00000000
5	143	1	84.00000000	80.00000000
6	0	1	84.00000000	80.00000000
6	1	1	84.00000000	80.00000000
6	2	1	84.00000000	80.00000000
6	3	1	84.00000000	80.00000000
6	4	1	84.00000000	80.00000000
6	5	1	84.00000000	80.00000000
6	6	1	84.00000000	80.00000000
6	7	1	84.00000000	80.00000000
6	8	1	84.00000000	80.00000000
6	9	1	84.00000000	80.00000000
6	10	1	84.00000000	80.00000000
6	11	1	84.00000000	80.00000000
6	12	1	84.00000000	80.00000000
6	13	1	84.00000000	80.00000000
6	14	1	84.00000000	80.00000000
6	15	1	84.00000000	80.00000000
6	16	1	84.00000000	80.00000000
6	17	1	84.00000000	80.00000000
6	18	1	84.00000000	80.00000000
6	19	1	84.00000000	80.00000000
6	20	1	84.00000000	80.00000000
6	21	1	84.00000000	80.00000000
6	22	1	84.00000000	80.00000000
6	23	1	84.00000000	80.00000000
6	24	1	84.00000000	80.00000000
6	25	1	84.00000000	80.00000000
6	26	1	84.00000000	80.00000000
6	27	1	84.00000000	80.00000000
6	28	1	84.00000000	80.00000000
6	29	1	84.00000000	80.00000000
6	30	1	84.00000000	80.00000000
6	31	1	84.00000000	80.00000000
6	32	1	84.00000000	80.00000000
6	33	1	84.00000000	80.00000000
6	34	1	84.00000000	80.00000000
6	35	1	84.00000000	80.00000000
6	36	1	84.00000000	80.00000000
6	37	1	84.00000000	80.00000000
6	38	1	84.00000000	80.00000000
6	39	1	84.00000000	80.00000000
6	40	1	84.00000000	80.00000000
6	41	1	84.00000000	80.00000000
6	42	1	84.00000000	80.00000000
6	43	1	84.00000000	80.00000000
6	44	1	84.00000000	80.00000000
6	45	1	84.00000000	80.00000000
6	46	1	84.00000000	80.00000000
6	47	1	84.00000000	80.00000000
6	48	1	84.00000000	80.00000000
6	49	1	84.00000000	80.00000000
6	50	1	84.00000000	80.00000000
6	51	1	84.00000000	80.00000000
6	52	1	84.00000000	80.00000000
6	53	1	84.00000000	80.00000000
6	54	1	84.00000000	80.00000000
6	55	1	84.00000000	80.00000000
6	56	1	84.00000000	80.00000000
6	57	1	84.00000000	80.00000000
6	58	1	84.00000000	80.00000000
6	59	1	84.00000000	80.00000000
6	60	1	84.00000000	80.00000000
6	61	1	84.00000000	80.00000000
6	62	1	84.00000000	80.00000000
6	63	1	84.00000000	80.00000000
6	64	1	84.00000000	80.00000000
6	65	1	84.00000000	80.00000000
6	66	1	84.00000000	80.00000000
6	67	1	84.00000000	80.00000000
6	68	1	84.00000000	80.00000000
6	69	1	84.00000000	80.00000000
6	70	1	84.00000000	80.00000000
6	71	1	84.00000000	80.00000000
6	72	1	84.00000000	80.00000000
6	73	1	84.00000000	80.00000000
6	74	1	84.00000000	80.00000000
6	75	1	84.00000000	80.00000000
6	76	1	84.00000000	80.00000000
6	77	1	84.00000000	80.00000000
6	78	1	84.00000000	80.00000000
6	79	1	84.00000000	80.00000000
6	80	1	84.00000000	80.00000000
6	81	1	84.00000000	80.00000000
6	82	1	84.00000000	80.00000000
6	83	1	84.00000000	80.00000000
6	84	1	84.00000000	80.00000000
6	85	1	84.00000000	80.00000000
6	86	1	84.00000000	80.00000000
6	87	1	84.00000000	80.00000000
6	88	1	84.00000000	80.00000000
6	89	1	84.00000000	80.00000000
6	90	1	84.00000000	80.00000000
6	91	1	84.00000000	80.00000000
6	92	1	84.00000000	80.00000000
6	93	1	84.00000000	80.00000000
6	94	1	84.00000000	80.00000000
6	95	1	84.00000000	80.00000000
6	96	1	84.00000000	80.00000000
6	97	1	84.00000000	80.00000000
6	98	1	84.00000000	80.00000000
6	99	1	84.00000000	80.00000000
6	100	1	84.00000000	80.00000000
6	101	1	84.00000000	80.00000000
6	102	1	84.00000000	80.00000000
6	103	1	84.00000000	80.00000000
6	104	1	84.00000000	80.00000000
6	105	1	84.00000000	80.00000000
6	106	1	84.00000000	80.00000000
6	107	1	84.00000000	80.00000000
6	108	1	84.00000000	80.00000000
6	109	1	84.00000000	80.00000000
6	110	1	84.00000000	80.00000000
6	111	1	84.00000000	80.00000000
6	112	1	84.00000000	80.00000000
6	113	1	84.00000000	80.00000000
6	114	1	84.00000000	80.00000000
6	115	1	84.00000000	80.00000000
6	116	1	84.00000000	80.00000000
6	117	1	84.00000000	80.00000000
6	118	1	84.00000000	80.00000000
6	119	1	84.00000000	80.00000000
6	120	1	84.00000000	80.00000000
6	121	1	84.00000000	80.00000000
6	122	1	84.00000000	80.00000000
6	123	1	84.00000000	80.00000000
6	124	1	84.00000000	80.00000000
6	125	1	84.00000000	80.00000000
6	126	1	84.00000000	80.00000000
6	127	1	84.00000000	80.00000000
6	128	1	84.00000000	80.00000000
6	129	1	84.00000000	80.00000000
6	130	1	84.00000000	80.00000000
6	131	1	84.00000000	80.00000000
6	132	1	84.00000000	80.00000000
6	133	1	84.00000000	80.00000000
6	134	1	84.00000000	80.00000000
6	135	1	84.00000000	80.00000000
6	136	1	84.00000000	80.00000000
6	137	1	84.00000000	80.00000000
6	138	1	84.00000000	80.00000000
6	139	1	84.00000000	80.00000000
6	140	1	84.00000000	80.00000000
6	141	1	84.00000000	80.00000000
6	142	1	84.00000000	80.00000000
6	143	1	84.00000000	80.00000000
6	144	1	84.00000000	80.00000000
6	145	1	84.00000000	80.00000000
6	146	1	84.00000000	80.00000000
6	147	1	84.00000000	80.00000000
6	148	1	84.00000000	80.00000000
6	149	1	84.00000000	80.00000000
6	150	1	84.00000000	80.00000000
6	151	1	84.00000000	80.00000000
6	152	1	84.00000000	80.00000000
6	153	1	84.00000000	80.00000000
6	154	1	84.00000000	80.00000000
6	155	1	84.00000000	80.00000000
6	156	1	84.00000000	80.00000000
6	157	1	84.00000000	80.00000000
6	158	1	84.00000000	80.00000000
6	159	1	84.00000000	80.00000000
6	160	1	84.00000000	80.00000000
6	161	1	84.00000000	80.00000000
6	162	1	84.00000000	80.00000000
6	163	1	84.00000000	80.00000000
6	164	1	84.00000000	80.00000000
6	165	1	84.00000000	80.00000000
6	166	1	84.00000000	80.00000000
6	167	1	84.00000000	80.00000000
7	0	1	84.00000000	80.00000000
7	1	1	84.00000000	80.00000000
7	2	1	84.00000000	80.00000000
7	3	1	84.00000000	80.00000000
7	4	1	84.00000000	80.00000000
7	5	1	84.00000000	80.00000000
7	6	1	84.00000000	80.00000000
7	7	1	84.00000000	80.00000000
7	8	1	84.00000000	80.00000000
7	9	1	84.00000000	80.00000000
7	10	1	84.00000000	80.00000000
7	11	1	84.00000000	80.00000000
7	12	1	84.00000000	80.00000000
7	13	1	84.00000000	80.00000000
7	14	1	84.00000000	80.00000000
7	15	1	84.00000000	80.00000000
7	16	1	84.00000000	80.00000000
7	17	1	84.00000000	80.00000000
7	18	1	84.00000000	80.00000000
7	19	1	84.00000000	80.00000000
7	20	1	84.00000000	80.00000000
7	21	1	84.00000000	80.00000000
7	22	1	84.00000000	80.00000000
7	23	1	84.00000000	80.00000000
7	24	1	84.00000000	80.00000000
7	25	1	84.00000000	80.00000000
7	26	1	84.00000000	80.00000000
7	27	1	84.00000000	80.00000000
7	28	1	84.00000000	80.00000000
7	29	1	84.00000000	80.00000000
7	30	1	84.00000000	80.00000000
7	31	1	84.00000000	80.00000000
7	32	1	84.00000000	80.00000000
7	33	1	84.00000000	80.00000000
7	34	1	84.00000000	80.00000000
7	35	1	84.00000000	80.00000000
7	36	1	84.00000000	80.00000000
7	37	1	84.00000000	80.00000000
7	38	1	84.00000000	80.00000000
7	39	1	84.00000000	80.00000000
7	40	1	84.00000000	80.00000000
7	41	1	84.00000000	80.00000000
7	42	1	84.00000000	80.00000000
7	43	1	84.00000000	80.00000000
7	44	1	84.00000000	80.00000000
7	45	1	84.00000000	80.00000000
7	46	1	84.00000000	80.00000000
7	47	1	84.00000000	80.00000000
7	48	1	84.00000000	80.00000000
7	49	1	84.00000000	80.00000000
7	50	1	84.00000000	80.00000000
7	51	1	84.00000000	80.00000000
7	52	1	84.00000000	80.00000000
7	53	1	84.00000000	80.00000000
7	54	1	84.00000000	80.00000000
7	55	1	84.00000000	80.00000000
7	56	1	84.00000000	80.00000000
7	57	1	84.00000000	80.00000000
7	58	1	84.00000000	80.00000000
7	59	1	84.00000000	80.00000000
7	60	1	84.00000000	80.00000000
7	61	1	84.00000000	80.00000000
7	62	1	84.00000000	80.00000000
7	63	1	84.00000000	80.00000000
7	64	1	84.00000000	80.00000000
7	65	1	84.00000000	80.00000000
7	66	1	84.00000000	80.00000000
7	67	1	84.00000000	80.00000000
7	68	1	84.00000000	80.00000000
7	69	1	84.00000000	80.00000000
7	70	1	84.00000000	80.00000000
7	71	1	84.00000000	80.00000000
7	72	1	84.00000000	80.00000000
7	73	1	84.00000000	80.00000000
7	74	1	84.00000000	80.00000000
7	75	1	84.00000000	80.00000000
7	76	1	84.00000000	80.00000000
7	77	1	84.00000000	80.00000000
7	78	1	84.00000000	80.00000000
7	79	1	84.00000000	80.00000000
7	80	1	84.00000000	80.00000000
7	81	1	84.00000000	80.00000000
7	82	1	84.00000000	80.00000000
7	83	1	84.00000000	80.00000000
7	84	1	84.00000000	80.00000000
7	85	1	84.00000000	80.00000000
7	86	1	84.00000000	80.00000000
7	87	1	84.00000000	80.00000000
7	88	1	84.00000000	80.00000000
7	89	1	84.00000000	80.00000000
7	90	1	84.00000000	80.00000000
7	91	1	84.00000000	80.00000000
7	92	1	84.00000000	80.00000000
7	93	1	84.00000000	80.00000000
7	94	1	84.00000000	80.00000000
7	95	1	84.00000000	80.00000000
7	96	1	84.00000000	80.00000000
7	97	1	84.00000000	80.00000000
7	98	1	84.00000000	80.00000000
7	99	1	84.00000000	80.00000000
7	100	1	84.00000000	80.00000000
7	101	1	84.00000000	80.00000000
7	102	1	84.00000000	80.00000000
7	103	1	84.00000000	80.00000000
7	104	1	84.00000000	80.00000000
7	105	1	84.00000000	80.00000000
7	106	1	84.00000000	80.00000000
7	107	1	84.00000000	80.00000000
7	108	1	84.00000000	80.00000000
7	109	1	84.00000000	80.00000000
7	110	1	84.00000000	80.00000000
7	111	1	84.00000000	80.00000000
7	112	1	84.00000000	80.00000000
7	113	1	84.00000000	80.00000000
7	114	1	84.00000000	80.00000000
7	115	1	84.00000000	80.00000000
7	116	1	84.00000000	80.00000000
7	117	1	84.00000000	80.00000000
7	118	1	84.00000000	80.00000000
7	119	1	84.00000000	80.00000000
7	120	1	84.00000000	80.00000000
7	121	1	84.00000000	80.00000000
7	122	1	84.00000000	80.00000000
7	123	1	84.00000000	80.00000000
7	124	1	84.00000000	80.00000000
7	125	1	84.00000000	80.00000000
7	126	1	84.00000000	80.00000000
7	127	1	84.00000000	80.00000000
7	128	1	84.00000000	80.00000000
7	129	1	84.00000000	80.00000000
7	130	1	84.00000000	80.00000000
7	131	1	84.00000000	80.00000000
7	132	1	84.00000000	80.00000000
7	133	1	84.00000000	80.00000000
7	134	1	84.00000000	80.00000000
7	135	1	84.00000000	80.00000000
7	136	1	84.00000000	80.00000000
7	137	1	84.00000000	80.00000000
7	138	1	84.00000000	80.00000000
7	139	1	84.00000000	80.00000000
7	140	1	84.00000000	80.00000000
7	141	1	84.00000000	80.00000000
7	142	1	84.00000000	80.00000000
7	143	1	84.00000000	80.00000000
7	144	1	84.00000000	80.00000000
7	145	1	84.00000000	80.00000000
7	146	1	84.00000000	80.00000000
7	147	1	84.00000000	80.00000000
7	148	1	84.00000000	80.00000000
7	149	1	84.00000000	80.00000000
7	150	1	84.00000000	80.00000000
7	151	1	84.00000000	80.00000000
7	152	1	84.00000000	80.00000000
7	153	1	84.00000000	80.00000000
7	154	1	84.00000000	80.00000000
7	155	1	84.00000000	80.00000000
7	156	1	84.00000000	80.00000000
7	157	1	84.00000000	80.00000000
7	158	1	84.00000000	80.00000000
7	159	1	84.00000000	80.00000000
7	160	1	84.00000000	80.00000000
7	161	1	84.00000000	80.00000000
7	162	1	84.00000000	80.00000000
7	163	1	84.00000000	80.00000000
7	164	1	84.00000000	80.00000000
7	165	1	84.00000000	80.00000000
7	166	1	84.00000000	80.00000000
7	167	1	84.00000000	80.00000000
7	168	1	84.00000000	80.00000000
7	169	1	84.00000000	80.00000000
7	170	1	84.00000000	80.00000000
7	171	1	84.00000000	80.00000000
7	172	1	84.00000000	80.00000000
7	173	1	84.00000000	80.00000000
7	174	1	84.00000000	80.00000000
7	175	1	84.00000000	80.00000000
7	176	1	84.00000000	80.00000000
7	177	1	84.00000000	80.00000000
7	178	1	84.00000000	80.00000000
7	179	1	84.00000000	80.00000000
7	180	1	84.00000000	80.00000000
7	181	1	84.00000000	80.00000000
7	182	1	84.00000000	80.00000000
7	183	1	84.00000000	80.00000000
7	184	1	84.00000000	80.00000000
7	185	1	84.00000000	80.00000000
7	186	1	84.00000000	80.00000000
7	187	1	84.00000000	80.00000000
7	188	1	84.00000000	80.00000000
7	189	1	84.00000000	80.00000000
7	190	1	84.00000000	80.00000000
7	191	1	84.00000000	80.00000000
8	0	1	84.00000000	80.00000000
8	1	1	84.00000000	80.00000000
8	2	1	84.00000000	80.00000000
8	3	1	84.00000000	80.00000000
8	4	1	84.00000000	80.00000000
8	5	1	84.00000000	80.00000000
8	6	1	84.00000000	80.00000000
8	7	1	84.00000000	80.00000000
8	8	1	84.00000000	80.00000000
8	9	1	84.00000000	80.00000000
8	10	1	84.00000000	80.00000000
8	11	1	84.00000000	80.00000000
8	12	1	84.00000000	80.00000000
8	13	1	84.00000000	80.00000000
8	14	1	84.00000000	80.00000000
8	15	1	84.00000000	80.00000000
8	16	1	84.00000000	80.00000000
8	17	1	84.00000000	80.00000000
8	18	1	84.00000000	80.00000000
8	19	1	84.00000000	80.00000000
8	20	1	84.00000000	80.00000000
8	21	1	84.00000000	80.00000000
8	22	1	84.00000000	80.00000000
8	23	1	84.00000000	80.00000000
8	24	1	84.00000000	80.00000000
8	25	1	84.00000000	80.00000000
8	26	1	84.00000000	80.00000000
8	27	1	84.00000000	80.00000000
8	28	1	84.00000000	80.00000000
8	29	1	84.00000000	80.00000000
8	30	1	84.00000000	80.00000000
8	31	1	84.00000000	80.00000000
8	32	1	84.00000000	80.00000000
8	33	1	84.00000000	80.00000000
8	34	1	84.00000000	80.00000000
8	35	1	84.00000000	80.00000000
8	36	1	84.00000000	80.00000000
8	37	1	84.00000000	80.00000000
8	38	1	84.00000000	80.00000000
8	39	1	84.00000000	80.00000000
8	40	1	84.00000000	80.00000000
8	41	1	84.00000000	80.00000000
8	42	1	84.00000000	80.00000000
8	43	1	84.00000000	80.00000000
8	44	1	84.00000000	80.00000000
8	45	1	84.00000000	80.00000000
8	46	1	84.00000000	80.00000000
8	47	1	84.00000000	80.00000000
8	48	1	84.00000000	80.00000000
8	49	1	84.00000000	80.00000000
8	50	1	84.00000000	80.00000000
8	51	1	84.00000000	80.00000000
8	52	1	84.00000000	80.00000000
8	53	1	84.00000000	80.00000000
8	54	1	84.00000000	80.00000000
8	55	1	84.00000000	80.00000000
8	56	1	84.00000000	80.00000000
8	57	1	84.00000000	80.00000000
8	58	1	84.00000000	80.00000000
8	59	1	84.00000000	80.00000000
8	60	1	84.00000000	80.00000000
8	61	1	84.00000000	80.00000000
8	62	1	84.00000000	80.00000000
8	63	1	84.00000000	80.00000000
8	64	1	84.00000000	80.00000000
8	65	1	84.00000000	80.00000000
8	66	1	84.00000000	80.00000000
8	67	1	84.00000000	80.00000000
8	68	1	84.00000000	80.00000000
8	69	1	84.00000000	80.00000000
8	70	1	84.00000000	80.00000000
8	71	1	84.00000000	80.00000000
8	72	1	84.00000000	80.00000000
8	73	1	84.00000000	80.00000000
8	74	1	84.00000000	80.00000000
8	75	1	84.00000000	80.00000000
8	76	1	84.00000000	80.00000000
8	77	1	84.00000000	80.00000000
8	78	1	84.00000000	80.00000000
8	79	1	84.00000000	80.00000000
8	80	1	84.00000000	80.00000000
8	81	1	84.00000000	80.00000000
8	82	1	84.00000000	80.00000000
8	83	1	84.00000000	80.00000000
8	84	1	84.00000000	80.00000000
8	85	1	84.00000000	80.00000000
8	86	1	84.00000000	80.00000000
8	87	1	84.00000000	80.00000000
8	88	1	84.00000000	80.00000000
8	89	1	84.00000000	80.00000000
8	90	1	84.00000000	80.00000000
8	91	1	84.00000000	80.00000000
8	92	1	84.00000000	80.00000000
8	93	1	84.00000000	80.00000000
8	94	1	84.00000000	80.00000000
8	95	1	84.00000000	80.00000000
8	96	1	84.00000000	80.00000000
8	97	1	84.00000000	80.00000000
8	98	1	84.00000000	80.00000000
8	99	1	84.00000000	80.00000000
8	100	1	84.00000000	80.00000000
8	101	1	84.00000000	80.00000000
8	102	1	84.00000000	80.00000000
8	103	1	84.00000000	80.00000000
8	104	1	84.00000000	80.00000000
8	105	1	84.00000000	80.00000000
8	106	1	84.00000000	80.00000000
8	107	1	84.00000000	80.00000000
8	108	1	84.00000000	80.00000000
8	109	1	84.00000000	80.00000000
8	110	1	84.00000000	80.00000000
8	111	1	84.00000000	80.00000000
8	112	1	84.00000000	80.00000000
8	113	1	84.00000000	80.00000000
8	114	1	84.00000000	80.00000000
8	115	1	84.00000000	80.00000000
8	116	1	84.00000000	80.00000000
8	117	1	84.00000000	80.00000000
8	118	1	84.00000000	80.00000000
8	119	1	84.00000000	80.00000000
8	120	1	84.00000000	80.00000000
8	121	1	84.00000000	80.00000000
8	122	1	84.00000000	80.00000000
8	123	1	84.00000000	80.00000000
8	124	1	84.00000000	80.00000000
8	125	1	84.00000000	80.00000000
8	126	1	84.00000000	80.00000000
8	127	1	84.00000000	80.00000000
8	128	1	84.00000000	80.00000000
8	129	1	84.00000000	80.00000000
8	130	1	84.00000000	80.00000000
8	131	1	84.00000000	80.00000000
8	132	1	84.00000000	80.00000000
8	133	1	84.00000000	80.00000000
8	134	1	84.00000000	80.00000000
8	135	1	84.00000000	80.00000000
8	136	1	84.00000000	80.00000000
8	137	1	84.00000000	80.00000000
8	138	1	84.00000000	80.00000000
8	139	1	84.00000000	80.00000000
8	140	1	84.00000000	80.00000000
8	141	1	84.00000000	80.00000000
8	142	1	84.00000000	80.00000000
8	143	1	84.00000000	80.00000000
8	144	1	84.00000000	80.00000000
8	145	1	84.00000000	80.00000000
8	146	1	84.00000000	80.00000000
8	147	1	84.00000000	80.00000000
8	148	1	84.00000000	80.00000000
8	149	1	84.00000000	80.00000000
8	150	1	84.00000000	80.00000000
8	151	1	84.00000000	80.00000000
8	152	1	84.00000000	80.00000000
8	153	1	84.00000000	80.00000000
8	154	1	84.00000000	80.00000000
8	155	1	84.00000000	80.00000000
8	156	1	84.00000000	80.00000000
8	157	1	84.00000000	80.00000000
8	158	1	84.00000000	80.00000000
8	159	1	84.00000000	80.00000000
8	160	1	84.00000000	80.00000000
8	161	1	84.00000000	80.00000000
8	162	1	84.00000000	80.00000000
8	163	1	84.00000000	80.00000000
8	164	1	84.00000000	80.00000000
8	165	1	84.00000000	80.00000000
8	166	1	84.00000000	80.00000000
8	167	1	84.00000000	80.00000000
8	168	1	84.00000000	80.00000000
8	169	1	84.00000000	80.00000000
8	170	1	84.00000000	80.00000000
8	171	1	84.00000000	80.00000000
8	172	1	84.00000000	80.00000000
8	173	1	84.00000000	80.00000000
8	174	1	84.00000000	80.00000000
8	175	1	84.00000000	80.00000000
8	176	1	84.00000000	80.00000000
8	177	1	84.00000000	80.00000000
8	178	1	84.00000000	80.00000000
8	179	1	84.00000000	80.00000000
8	180	1	84.00000000	80.00000000
8	181	1	84.00000000	80.00000000
8	182	1	84.00000000	80.00000000
8	183	1	84.00000000	80.00000000
8	184	1	84.00000000	80.00000000
8	185	1	84.00000000	80.00000000
8	186	1	84.00000000	80.00000000
8	187	1	84.00000000	80.00000000
8	188	1	84.00000000	80.00000000
8	189	1	84.00000000	80.00000000
8	190	1	84.00000000	80.00000000
8	191	1	84.00000000	80.00000000
8	192	1	84.00000000	80.00000000
8	193	1	84.00000000	80.00000000
8	194	1	84.00000000	80.00000000
8	195	1	84.00000000	80.00000000
8	196	1	84.00000000	80.00000000
8	197	1	84.00000000	80.00000000
8	198	1	84.00000000	80.00000000
8	199	1	84.00000000	80.00000000
8	200	1	84.00000000	80.00000000
8	201	1	84.00000000	80.00000000
8	202	1	84.00000000	80.00000000
8	203	1	84.00000000	80.00000000
8	204	1	84.00000000	80.00000000
8	205	1	84.00000000	80.00000000
8	206	1	84.00000000	80.00000000
8	207	1	84.00000000	80.00000000
8	208	1	84.00000000	80.00000000
8	209	1	84.00000000	80.00000000
8	210	1	84.00000000	80.00000000
8	211	1	84.00000000	80.00000000
8	212	1	84.00000000	80.00000000
8	213	1	84.00000000	80.00000000
8	214	1	84.00000000	80.00000000
8	215	1	84.00000000	80.00000000
9	0	1	84.00000000	80.00000000
9	1	1	84.00000000	80.00000000
9	2	1	84.00000000	80.00000000
9	3	1	84.00000000	80.00000000
9	4	1	84.00000000	80.00000000
9	5	1	84.00000000	80.00000000
9	6	1	84.00000000	80.00000000
9	7	1	84.00000000	80.00000000
9	8	1	84.00000000	80.00000000
9	9	1	84.00000000	80.00000000
9	10	1	84.00000000	80.00000000
9	11	1	84.00000000	80.00000000
9	12	1	84.00000000	80.00000000
9	13	1	84.00000000	80.00000000
9	14	1	84.00000000	80.00000000
9	15	1	84.00000000	80.00000000
9	16	1	84.00000000	80.00000000
9	17	1	84.00000000	80.00000000
9	18	1	84.00000000	80.00000000
9	19	1	84.00000000	80.00000000
9	20	1	84.00000000	80.00000000
9	21	1	84.00000000	80.00000000
9	22	1	84.00000000	80.00000000
9	23	1	84.00000000	80.00000000
9	24	1	84.00000000	80.00000000
9	25	1	84.00000000	80.00000000
9	26	1	84.00000000	80.00000000
9	27	1	84.00000000	80.00000000
9	28	1	84.00000000	80.00000000
9	29	1	84.00000000	80.00000000
9	30	1	84.00000000	80.00000000
9	31	1	84.00000000	80.00000000
9	32	1	84.00000000	80.00000000
9	33	1	84.00000000	80.00000000
9	34	1	84.00000000	80.00000000
9	35	1	84.00000000	80.00000000
9	36	1	84.00000000	80.00000000
9	37	1	84.00000000	80.00000000
9	38	1	84.00000000	80.00000000
9	39	1	84.00000000	80.00000000
9	40	1	84.00000000	80.00000000
9	41	1	84.00000000	80.00000000
9	42	1	84.00000000	80.00000000
9	43	1	84.00000000	80.00000000
9	44	1	84.00000000	80.00000000
9	45	1	84.00000000	80.00000000
9	46	1	84.00000000	80.00000000
9	47	1	84.00000000	80.00000000
9	48	1	84.00000000	80.00000000
9	49	1	84.00000000	80.00000000
9	50	1	84.00000000	80.00000000
9	51	1	84.00000000	80.00000000
9	52	1	84.00000000	80.00000000
9	53	1	84.00000000	80.00000000
9	54	1	84.00000000	80.00000000
9	55	1	84.00000000	80.00000000
9	56	1	84.00000000	80.00000000
9	57	1	84.00000000	80.00000000
9	58	1	84.00000000	80.00000000
9	59	1	84.00000000	80.00000000
9	60	1	84.00000000	80.00000000
9	61	1	84.00000000	80.00000000
9	62	1	84.00000000	80.00000000
9	63	1	84.00000000	80.00000000
9	64	1	84.00000000	80.00000000
9	65	1	84.00000000	80.00000000
9	66	1	84.00000000	80.00000000
9	67	1	84.00000000	80.00000000
9	68	1	84.00000000	80.00000000
9	69	1	84.00000000	80.00000000
9	70	1	84.00000000	80.00000000
9	71	1	84.00000000	80.00000000
9	72	1	84.00000000	80.00000000
9	73	1	84.00000000	80.00000000
9	74	1	84.00000000	80.00000000
9	75	1	84.00000000	80.00000000
9	76	1	84.00000000	80.00000000
9	77	1	84.00000000	80.00000000
9	78	1	84.00000000	80.00000000
9	79	1	84.00000000	80.00000000
9	80	1	84.00000000	80.00000000
9	81	1	84.00000000	80.00000000
9	82	1	84.00000000	80.00000000
9	83	1	84.00000000	80.00000000
9	84	1	84.00000000	80.00000000
9	85	1	84.00000000	80.00000000
9	86	1	84.00000000	80.00000000
9	87	1	84.00000000	80.00000000
9	88	1	84.00000000	80.00000000
9	89	1	84.00000000	80.00000000
9	90	1	84.00000000	80.00000000
9	91	1	84.00000000	80.00000000
9	92	1	84.00000000	80.00000000
9	93	1	84.00000000	80.00000000
9	94	1	84.00000000	80.00000000
9	95	1	84.00000000	80.00000000
9	96	1	84.00000000	80.00000000
9	97	1	84.00000000	80.00000000
9	98	1	84.00000000	80.00000000
9	99	1	84.00000000	80.00000000
9	100	1	84.00000000	80.00000000
9	101	1	84.00000000	80.00000000
9	102	1	84.00000000	80.00000000
9	103	1	84.00000000	80.00000000
9	104	1	84.00000000	80.00000000
9	105	1	84.00000000	80.00000000
9	106	1	84.00000000	80.00000000
9	107	1	84.00000000	80.00000000
9	108	1	84.00000000	80.00000000
9	109	1	84.00000000	80.00000000
9	110	1	84.00000000	80.00000000
9	111	1	84.00000000	80.00000000
9	112	1	84.00000000	80.00000000
9	113	1	84.00000000	80.00000000
9	114	1	84.00000000	80.00000000
9	115	1	84.00000000	80.00000000
9	116	1	84.00000000	80.00000000
9	117	1	84.00000000	80.00000000
9	118	1	84.00000000	80.00000000
9	119	1	84.00000000	80.00000000
9	120	1	84.00000000	80.00000000
9	121	1	84.00000000	80.00000000
9	122	1	84.00000000	80.00000000
9	123	1	84.00000000	80.00000000
9	124	1	84.00000000	80.00000000
9	125	1	84.00000000	80.00000000
9	126	1	84.00000000	80.00000000
9	127	1	84.00000000	80.00000000
9	128	1	84.00000000	80.00000000
9	129	1	84.00000000	80.00000000
9	130	1	84.00000000	80.00000000
9	131	1	84.00000000	80.00000000
9	132	1	84.00000000	80.00000000
9	133	1	84.00000000	80.00000000
9	134	1	84.00000000	80.00000000
9	135	1	84.00000000	80.00000000
9	136	1	84.00000000	80.00000000
9	137	1	84.00000000	80.00000000
9	138	1	84.00000000	80.00000000
9	139	1	84.00000000	80.00000000
9	140	1	84.00000000	80.00000000
9	141	1	84.00000000	80.00000000
9	142	1	84.00000000	80.00000000
9	143	1	84.00000000	80.00000000
9	144	1	84.00000000	80.00000000
9	145	1	84.00000000	80.00000000
9	146	1	84.00000000	80.00000000
9	147	1	84.00000000	80.00000000
9	148	1	84.00000000	80.00000000
9	149	1	84.00000000	80.00000000
9	150	1	84.00000000	80.00000000
9	151	1	84.00000000	80.00000000
9	152	1	84.00000000	80.00000000
9	153	1	84.00000000	80.00000000
9	154	1	84.00000000	80.00000000
9	155	1	84.00000000	80.00000000
9	156	1	84.00000000	80.00000000
9	157	1	84.00000000	80.00000000
9	158	1	84.00000000	80.00000000
9	159	1	84.00000000	80.00000000
9	160	1	84.00000000	80.00000000
9	161	1	84.00000000	80.00000000
9	162	1	84.00000000	80.00000000
9	163	1	84.00000000	80.00000000
9	164	1	84.00000000	80.00000000
9	165	1	84.00000000	80.00000000
9	166	1	84.00000000	80.00000000
9	167	1	84.00000000	80.00000000
9	168	1	84.00000000	80.00000000
9	169	1	84.00000000	80.00000000
9	170	1	84.00000000	80.00000000
9	171	1	84.00000000	80.00000000
9	172	1	84.00000000	80.00000000
9	173	1	84.00000000	80.00000000
9	174	1	84.00000000	80.00000000
9	175	1	84.00000000	80.00000000
9	176	1	84.00000000	80.00000000
9	177	1	84.00000000	80.00000000
9	178	1	84.00000000	80.00000000
9	179	1	84.00000000	80.00000000
9	180	1	84.00000000	80.00000000
9	181	1	84.00000000	80.00000000
9	182	1	84.00000000	80.00000000
9	183	1	84.00000000	80.00000000
9	184	1	84.00000000	80.00000000
9	185	1	84.00000000	80.00000000
9	186	1	84.00000000	80.00000000
9	187	1	84.00000000	80.00000000
9	188	1	84.00000000	80.00000000
9	189	1	84.00000000	80.00000000
9	190	1	84.00000000	80.00000000
9	191	1	84.00000000	80.00000000
9	192	1	84.00000000	80.00000000
9	193	1	84.00000000	80.00000000
9	194	1	84.00000000	80.00000000
9	195	1	84.00000000	80.00000000
9	196	1	84.00000000	80.00000000
9	197	1	84.00000000	80.00000000
9	198	1	84.00000000	80.00000000
9	199	1	84.00000000	80.00000000
9	200	1	84.00000000	80.00000000
9	201	1	84.00000000	80.00000000
9	202	1	84.00000000	80.00000000
9	203	1	84.00000000	80.00000000
9	204	1	84.00000000	80.00000000
9	205	1	84.00000000	80.00000000
9	206	1	84.00000000	80.00000000
9	207	1	84.00000000	80.00000000
9	208	1	84.00000000	80.00000000
9	209	1	84.00000000	80.00000000
9	210	1	84.00000000	80.00000000
9	211	1	84.00000000	80.00000000
9	212	1	84.00000000	80.00000000
9	213	1	84.00000000	80.00000000
9	214	1	84.00000000	80.00000000
9	215	1	84.00000000	80.00000000
9	216	1	84.00000000	80.00000000
9	217	1	84.00000000	80.00000000
9	218	1	84.00000000	80.00000000
9	219	1	84.00000000	80.00000000
9	220	1	84.00000000	80.00000000
9	221	1	84.00000000	80.00000000
9	222	1	84.00000000	80.00000000
9	223	1	84.00000000	80.00000000
9	224	1	84.00000000	80.00000000
9	225	1	84.00000000	80.00000000
9	226	1	84.00000000	80.00000000
9	227	1	84.00000000	80.00000000
9	228	1	84.00000000	80.00000000
9	229	1	84.00000000	80.00000000
9	230	1	84.00000000	80.00000000
9	231	1	84.00000000	80.00000000
9	232	1	84.00000000	80.00000000
9	233	1	84.00000000	80.00000000
9	234	1	84.00000000	80.00000000
9	235	1	84.00000000	80.00000000
9	236	1	84.00000000	80.00000000
9	237	1	84.00000000	80.00000000
9	238	1	84.00000000	80.00000000
9	239	1	84.00000000	80.00000000
10	0	1	84.00000000	80.00000000
10	1	1	84.00000000	80.00000000
10	2	1	84.00000000	80.00000000
10	3	1	84.00000000	80.00000000
10	4	1	84.00000000	80.00000000
10	5	1	84.00000000	80.00000000
10	6	1	84.00000000	80.00000000
10	7	1	84.00000000	80.00000000
10	8	1	84.00000000	80.00000000
10	9	1	84.00000000	80.00000000
10	10	1	84.00000000	80.00000000
10	11	1	84.00000000	80.00000000
10	12	1	84.00000000	80.00000000
10	13	1	84.00000000	80.00000000
10	14	1	84.00000000	80.00000000
10	15	1	84.00000000	80.00000000
10	16	1	84.00000000	80.00000000
10	17	1	84.00000000	80.00000000
10	18	1	84.00000000	80.00000000
10	19	1	84.00000000	80.00000000
10	20	1	84.00000000	80.00000000
10	21	1	84.00000000	80.00000000
10	22	1	84.00000000	80.00000000
10	23	1	84.00000000	80.00000000
10	24	1	84.00000000	80.00000000
10	25	1	84.00000000	80.00000000
10	26	1	84.00000000	80.00000000
10	27	1	84.00000000	80.00000000
10	28	1	84.00000000	80.00000000
10	29	1	84.00000000	80.00000000
10	30	1	84.00000000	80.00000000
10	31	1	84.00000000	80.00000000
10	32	1	84.00000000	80.00000000
10	33	1	84.00000000	80.00000000
10	34	1	84.00000000	80.00000000
10	35	1	84.00000000	80.00000000
10	36	1	84.00000000	80.00000000
10	37	1	84.00000000	80.00000000
10	38	1	84.00000000	80.00000000
10	39	1	84.00000000	80.00000000
10	40	1	84.00000000	80.00000000
10	41	1	84.00000000	80.00000000
10	42	1	84.00000000	80.00000000
10	43	1	84.00000000	80.00000000
10	44	1	84.00000000	80.00000000
10	45	1	84.00000000	80.00000000
10	46	1	84.00000000	80.00000000
10	47	1	84.00000000	80.00000000
10	48	1	84.00000000	80.00000000
10	49	1	84.00000000	80.00000000
10	50	1	84.00000000	80.00000000
10	51	1	84.00000000	80.00000000
10	52	1	84.00000000	80.00000000
10	53	1	84.00000000	80.00000000
10	54	1	84.00000000	80.00000000
10	55	1	84.00000000	80.00000000
10	56	1	84.00000000	80.00000000
10	57	1	84.00000000	80.00000000
10	58	1	84.00000000	80.00000000
10	59	1	84.00000000	80.00000000
10	60	1	84.00000000	80.00000000
10	61	1	84.00000000	80.00000000
10	62	1	84.00000000	80.00000000
10	63	1	84.00000000	80.00000000
10	64	1	84.00000000	80.00000000
10	65	1	84.00000000	80.00000000
10	66	1	84.00000000	80.00000000
10	67	1	84.00000000	80.00000000
10	68	1	84.00000000	80.00000000
10	69	1	84.00000000	80.00000000
10	70	1	84.00000000	80.00000000
10	71	1	84.00000000	80.00000000
10	72	1	84.00000000	80.00000000
10	73	1	84.00000000	80.00000000
10	74	1	84.00000000	80.00000000
10	75	1	84.00000000	80.00000000
10	76	1	84.00000000	80.00000000
10	77	1	84.00000000	80.00000000
10	78	1	84.00000000	80.00000000
10	79	1	84.00000000	80.00000000
10	80	1	84.00000000	80.00000000
10	81	1	84.00000000	80.00000000
10	82	1	84.00000000	80.00000000
10	83	1	84.00000000	80.00000000
10	84	1	84.00000000	80.00000000
10	85	1	84.00000000	80.00000000
10	86	1	84.00000000	80.00000000
10	87	1	84.00000000	80.00000000
10	88	1	84.00000000	80.00000000
10	89	1	84.00000000	80.00000000
10	90	1	84.00000000	80.00000000
10	91	1	84.00000000	80.00000000
10	92	1	84.00000000	80.00000000
10	93	1	84.00000000	80.00000000
10	94	1	84.00000000	80.00000000
10	95	1	84.00000000	80.00000000
10	96	1	84.00000000	80.00000000
10	97	1	84.00000000	80.00000000
10	98	1	84.00000000	80.00000000
10	99	1	84.00000000	80.00000000
10	100	1	84.00000000	80.00000000
10	101	1	84.00000000	80.00000000
10	102	1	84.00000000	80.00000000
10	103	1	84.00000000	80.00000000
10	104	1	84.00000000	80.00000000
10	105	1	84.00000000	80.00000000
10	106	1	84.00000000	80.00000000
10	107	1	84.00000000	80.00000000
10	108	1	84.00000000	80.00000000
10	109	1	84.00000000	80.00000000
10	110	1	84.00000000	80.00000000
10	111	1	84.00000000	80.00000000
10	112	1	84.00000000	80.00000000
10	113	1	84.00000000	80.00000000
10	114	1	84.00000000	80.00000000
10	115	1	84.00000000	80.00000000
10	116	1	84.00000000	80.00000000
10	117	1	84.00000000	80.00000000
10	118	1	84.00000000	80.00000000
10	119	1	84.00000000	80.00000000
10	120	1	84.00000000	80.00000000
10	121	1	84.00000000	80.00000000
10	122	1	84.00000000	80.00000000
10	123	1	84.00000000	80.00000000
10	124	1	84.00000000	80.00000000
10	125	1	84.00000000	80.00000000
10	126	1	84.00000000	80.00000000
10	127	1	84.00000000	80.00000000
10	128	1	84.00000000	80.00000000
10	129	1	84.00000000	80.00000000
10	130	1	84.00000000	80.00000000
10	131	1	84.00000000	80.00000000
10	132	1	84.00000000	80.00000000
10	133	1	84.00000000	80.00000000
10	134	1	84.00000000	80.00000000
10	135	1	84.00000000	80.00000000
10	136	1	84.00000000	80.00000000
10	137	1	84.00000000	80.00000000
10	138	1	84.00000000	80.00000000
10	139	1	84.00000000	80.00000000
10	140	1	84.00000000	80.00000000
10	141	1	84.00000000	80.00000000
10	142	1	84.00000000	80.00000000
10	143	1	84.00000000	80.00000000
10	144	1	84.00000000	80.00000000
10	145	1	84.00000000	80.00000000
10	146	1	84.00000000	80.00000000
10	147	1	84.00000000	80.00000000
10	148	1	84.00000000	80.00000000
10	149	1	84.00000000	80.00000000
10	150	1	84.00000000	80.00000000
10	151	1	84.00000000	80.00000000
10	152	1	84.00000000	80.00000000
10	153	1	84.00000000	80.00000000
10	154	1	84.00000000	80.00000000
10	155	1	84.00000000	80.00000000
10	156	1	84.00000000	80.00000000
10	157	1	84.00000000	80.00000000
10	158	1	84.00000000	80.00000000
10	159	1	84.00000000	80.00000000
10	160	1	84.00000000	80.00000000
10	161	1	84.00000000	80.00000000
10	162	1	84.00000000	80.00000000
10	163	1	84.00000000	80.00000000
10	164	1	84.00000000	80.00000000
10	165	1	84.00000000	80.00000000
10	166	1	84.00000000	80.00000000
10	167	1	84.00000000	80.00000000
10	168	1	84.00000000	80.00000000
10	169	1	84.00000000	80.00000000
10	170	1	84.00000000	80.00000000
10	171	1	84.00000000	80.00000000
10	172	1	84.00000000	80.00000000
10	173	1	84.00000000	80.00000000
10	174	1	84.00000000	80.00000000
10	175	1	84.00000000	80.00000000
10	176	1	84.00000000	80.00000000
10	177	1	84.00000000	80.00000000
10	178	1	84.00000000	80.00000000
10	179	1	84.00000000	80.00000000
10	180	1	84.00000000	80.00000000
10	181	1	84.00000000	80.00000000
10	182	1	84.00000000	80.00000000
10	183	1	84.00000000	80.00000000
10	184	1	84.00000000	80.00000000
10	185	1	84.00000000	80.00000000
10	186	1	84.00000000	80.00000000
10	187	1	84.00000000	80.00000000
10	188	1	84.00000000	80.00000000
10	189	1	84.00000000	80.00000000
10	190	1	84.00000000	80.00000000
10	191	1	84.00000000	80.00000000
10	192	1	84.00000000	80.00000000
10	193	1	84.00000000	80.00000000
10	194	1	84.00000000	80.00000000
10	195	1	84.00000000	80.00000000
10	196	1	84.00000000	80.00000000
10	197	1	84.00000000	80.00000000
10	198	1	84.00000000	80.00000000
10	199	1	84.00000000	80.00000000
10	200	1	84.00000000	80.00000000
10	201	1	84.00000000	80.00000000
10	202	1	84.00000000	80.00000000
10	203	1	84.00000000	80.00000000
10	204	1	84.00000000	80.00000000
10	205	1	84.00000000	80.00000000
10	206	1	84.00000000	80.00000000
10	207	1	84.00000000	80.00000000
11	0	1	84.00000000	80.00000000
11	1	1	84.00000000	80.00000000
11	2	1	84.00000000	80.00000000
11	3	1	84.00000000	80.00000000
11	4	1	84.00000000	80.00000000
11	5	1	84.00000000	80.00000000
11	6	1	84.00000000	80.00000000
11	7	1	84.00000000	80.00000000
11	8	1	84.00000000	80.00000000
11	9	1	84.00000000	80.00000000
11	10	1	84.00000000	80.00000000
11	11	1	84.00000000	80.00000000
11	12	1	84.00000000	80.00000000
11	13	1	84.00000000	80.00000000
11	14	1	84.00000000	80.00000000
11	15	1	84.00000000	80.00000000
11	16	1	84.00000000	80.00000000
11	17	1	84.00000000	80.00000000
11	18	1	84.00000000	80.00000000
11	19	1	84.00000000	80.00000000
11	20	1	84.00000000	80.00000000
11	21	1	84.00000000	80.00000000
11	22	1	84.00000000	80.00000000
11	23	1	84.00000000	80.00000000
11	24	1	84.00000000	80.00000000
11	25	1	84.00000000	80.00000000
11	26	1	84.00000000	80.00000000
11	27	1	84.00000000	80.00000000
11	28	1	84.00000000	80.00000000
11	29	1	84.00000000	80.00000000
11	30	1	84.00000000	80.00000000
11	31	1	84.00000000	80.00000000
11	32	1	84.00000000	80.00000000
11	33	1	84.00000000	80.00000000
11	34	1	84.00000000	80.00000000
11	35	1	84.00000000	80.00000000
11	36	1	84.00000000	80.00000000
11	37	1	84.00000000	80.00000000
11	38	1	84.00000000	80.00000000
11	39	1	84.00000000	80.00000000
11	40	1	84.00000000	80.00000000
11	41	1	84.00000000	80.00000000
11	42	1	84.00000000	80.00000000
11	43	1	84.00000000	80.00000000
11	44	1	84.00000000	80.00000000
11	45	1	84.00000000	80.00000000
11	46	1	84.00000000	80.00000000
11	47	1	84.00000000	80.00000000
11	48	1	84.00000000	80.00000000
11	49	1	84.00000000	80.00000000
11	50	1	84.00000000	80.00000000
11	51	1	84.00000000	80.00000000
11	52	1	84.00000000	80.00000000
11	53	1	84.00000000	80.00000000
11	54	1	84.00000000	80.00000000
11	55	1	84.00000000	80.00000000
11	56	1	84.00000000	80.00000000
11	57	1	84.00000000	80.00000000
11	58	1	84.00000000	80.00000000
11	59	1	84.00000000	80.00000000
11	60	1	84.00000000	80.00000000
11	61	1	84.00000000	80.00000000
11	62	1	84.00000000	80.00000000
11	63	1	84.00000000	80.00000000
11	64	1	84.00000000	80.00000000
11	65	1	84.00000000	80.00000000
11	66	1	84.00000000	80.00000000
11	67	1	84.00000000	80.00000000
11	68	1	84.00000000	80.00000000
11	69	1	84.00000000	80.00000000
11	70	1	84.00000000	80.00000000
11	71	1	84.00000000	80.00000000
11	72	1	84.00000000	80.00000000
11	73	1	84.00000000	80.00000000
11	74	1	84.00000000	80.00000000
11	75	1	84.00000000	80.00000000
11	76	1	84.00000000	80.00000000
11	77	1	84.00000000	80.00000000
11	78	1	84.00000000	80.00000000
11	79	1	84.00000000	80.00000000
11	80	1	84.00000000	80.00000000
11	81	1	84.00000000	80.00000000
11	82	1	84.00000000	80.00000000
11	83	1	84.00000000	80.00000000
11	84	1	84.00000000	80.00000000
11	85	1	84.00000000	80.00000000
11	86	1	84.00000000	80.00000000
11	87	1	84.00000000	80.00000000
11	88	1	84.00000000	80.00000000
11	89	1	84.00000000	80.00000000
11	90	1	84.00000000	80.00000000
11	91	1	84.00000000	80.00000000
11	92	1	84.00000000	80.00000000
11	93	1	84.00000000	80.00000000
11	94	1	84.00000000	80.00000000
11	95	1	84.00000000	80.00000000
11	96	1	84.00000000	80.00000000
11	97	1	84.00000000	80.00000000
11	98	1	84.00000000	80.00000000
11	99	1	84.00000000	80.00000000
11	100	1	84.00000000	80.00000000
11	101	1	84.00000000	80.00000000
11	102	1	84.00000000	80.00000000
11	103	1	84.00000000	80.00000000
11	104	1	84.00000000	80.00000000
11	105	1	84.00000000	80.00000000
11	106	1	84.00000000	80.00000000
11	107	1	84.00000000	80.00000000
11	108	1	84.00000000	80.00000000
11	109	1	84.00000000	80.00000000
11	110	1	84.00000000	80.00000000
11	111	1	84.00000000	80.00000000
11	112	1	84.00000000	80.00000000
11	113	1	84.00000000	80.00000000
11	114	1	84.00000000	80.00000000
11	115	1	84.00000000	80.00000000
11	116	1	84.00000000	80.00000000
11	117	1	84.00000000	80.00000000
11	118	1	84.00000000	80.00000000
11	119	1	84.00000000	80.00000000
11	120	1	84.00000000	80.00000000
11	121	1	84.00000000	80.00000000
11	122	1	84.00000000	80.00000000
11	123	1	84.00000000	80.00000000
11	124	1	84.00000000	80.00000000
11	125	1	84.00000000	80.00000000
11	126	1	84.00000000	80.00000000
11	127	1	84.00000000	80.00000000
11	128	1	84.00000000	80.00000000
11	129	1	84.00000000	80.00000000
11	130	1	84.00000000	80.00000000
11	131	1	84.00000000	80.00000000
11	132	1	84.00000000	80.00000000
11	133	1	84.00000000	80.00000000
11	134	1	84.00000000	80.00000000
11	135	1	84.00000000	80.00000000
11	136	1	84.00000000	80.00000000
11	137	1	84.00000000	80.00000000
11	138	1	84.00000000	80.00000000
11	139	1	84.00000000	80.00000000
11	140	1	84.00000000	80.00000000
11	141	1	84.00000000	80.00000000
11	142	1	84.00000000	80.00000000
11	143	1	84.00000000	80.00000000
11	144	1	84.00000000	80.00000000
11	145	1	84.00000000	80.00000000
11	146	1	84.00000000	80.00000000
11	147	1	84.00000000	80.00000000
11	148	1	84.00000000	80.00000000
11	149	1	84.00000000	80.00000000
11	150	1	84.00000000	80.00000000
11	151	1	84.00000000	80.00000000
11	152	1	84.00000000	80.00000000
11	153	1	84.00000000	80.00000000
11	154	1	84.00000000	80.00000000
11	155	1	84.00000000	80.00000000
11	156	1	84.00000000	80.00000000
11	157	1	84.00000000	80.00000000
11	158	1	84.00000000	80.00000000
11	159	1	84.00000000	80.00000000
11	160	1	84.00000000	80.00000000
11	161	1	84.00000000	80.00000000
11	162	1	84.00000000	80.00000000
11	163	1	84.00000000	80.00000000
11	164	1	84.00000000	80.00000000
11	165	1	84.00000000	80.00000000
11	166	1	84.00000000	80.00000000
11	167	1	84.00000000	80.00000000
11	168	1	84.00000000	80.00000000
11	169	1	84.00000000	80.00000000
11	170	1	84.00000000	80.00000000
11	171	1	84.00000000	80.00000000
11	172	1	84.00000000	80.00000000
11	173	1	84.00000000	80.00000000
11	174	1	84.00000000	80.00000000
11	175	1	84.00000000	80.00000000
11	176	1	84.00000000	80.00000000
11	177	1	84.00000000	80.00000000
11	178	1	84.00000000	80.00000000
11	179	1	84.00000000	80.00000000
11	180	1	84.00000000	80.00000000
11	181	1	84.00000000	80.00000000
11	182	1	84.00000000	80.00000000
11	183	1	84.00000000	80.00000000
11	184	1	84.00000000	80.00000000
11	185	1	84.00000000	80.00000000
11	186	1	84.00000000	80.00000000
11	187	1	84.00000000	80.00000000
11	188	1	84.00000000	80.00000000
11	189	1	84.00000000	80.00000000
11	190	1	84.00000000	80.00000000
11	191	1	84.00000000	80.00000000
11	192	1	84.00000000	80.00000000
11	193	1	84.00000000	80.00000000
11	194	1	84.00000000	80.00000000
11	195	1	84.00000000	80.00000000
11	196	1	84.00000000	80.00000000
11	197	1	84.00000000	80.00000000
11	198	1	84.00000000	80.00000000
11	199	1	84.00000000	80.00000000
11	200	1	84.00000000	80.00000000
11	201	1	84.00000000	80.00000000
11	202	1	84.00000000	80.00000000
11	203	1	84.00000000	80.00000000
11	204	1	84.00000000	80.00000000
11	205	1	84.00000000	80.00000000
11	206	1	84.00000000	80.00000000
11	207	1	84.00000000	80.00000000
11	208	1	84.00000000	80.00000000
11	209	1	84.00000000	80.00000000
11	210	1	84.00000000	80.00000000
11	211	1	84.00000000	80.00000000
11	212	1	84.00000000	80.00000000
11	213	1	84.00000000	80.00000000
11	214	1	84.00000000	80.00000000
11	215	1	84.00000000	80.00000000
11	216	1	84.00000000	80.00000000
11	217	1	84.00000000	80.00000000
12	0	1	84.00000000	80.00000000
12	1	1	84.00000000	80.00000000
12	2	1	84.00000000	80.00000000
12	3	1	84.00000000	80.00000000
12	4	1	84.00000000	80.00000000
12	5	1	84.00000000	80.00000000
12	6	1	84.00000000	80.00000000
12	7	1	84.00000000	80.00000000
12	8	1	84.00000000	80.00000000
12	9	1	84.00000000	80.00000000
12	10	1	84.00000000	80.00000000
12	11	1	84.00000000	80.00000000
12	12	1	84.00000000	80.00000000
12	13	1	84.00000000	80.00000000
12	14	1	84.00000000	80.00000000
12	15	1	84.00000000	80.00000000
12	16	1	84.00000000	80.00000000
12	17	1	84.00000000	80.00000000
12	18	1	84.00000000	80.00000000
12	19	1	84.00000000	80.00000000
12	20	1	84.00000000	80.00000000
12	21	1	84.00000000	80.00000000
12	22	1	84.00000000	80.00000000
12	23	1	84.00000000	80.00000000
12	24	1	84.00000000	80.00000000
12	25	1	84.00000000	80.00000000
12	26	1	84.00000000	80.00000000
12	27	1	84.00000000	80.00000000
12	28	1	84.00000000	80.00000000
12	29	1	84.00000000	80.00000000
12	30	1	84.00000000	80.00000000
12	31	1	84.00000000	80.00000000
12	32	1	84.00000000	80.00000000
12	33	1	84.00000000	80.00000000
12	34	1	84.00000000	80.00000000
12	35	1	84.00000000	80.00000000
12	36	1	84.00000000	80.00000000
12	37	1	84.00000000	80.00000000
12	38	1	84.00000000	80.00000000
12	39	1	84.00000000	80.00000000
12	40	1	84.00000000	80.00000000
12	41	1	84.00000000	80.00000000
12	42	1	84.00000000	80.00000000
12	43	1	84.00000000	80.00000000
12	44	1	84.00000000	80.00000000
12	45	1	84.00000000	80.00000000
12	46	1	84.00000000	80.00000000
12	47	1	84.00000000	80.00000000
12	48	1	84.00000000	80.00000000
12	49	1	84.00000000	80.00000000
12	50	1	84.00000000	80.00000000
12	51	1	84.00000000	80.00000000
12	52	1	84.00000000	80.00000000
12	53	1	84.00000000	80.00000000
12	54	1	84.00000000	80.00000000
12	55	1	84.00000000	80.00000000
12	56	1	84.00000000	80.00000000
12	57	1	84.00000000	80.00000000
12	58	1	84.00000000	80.00000000
12	59	1	84.00000000	80.00000000
12	60	1	84.00000000	80.00000000
12	61	1	84.00000000	80.00000000
12	62	1	84.00000000	80.00000000
12	63	1	84.00000000	80.00000000
12	64	1	84.00000000	80.00000000
12	65	1	84.00000000	80.00000000
12	66	1	84.00000000	80.00000000
12	67	1	84.00000000	80.00000000
12	68	1	84.00000000	80.00000000
12	69	1	84.00000000	80.00000000
12	70	1	84.00000000	80.00000000
12	71	1	84.00000000	80.00000000
12	72	1	84.00000000	80.00000000
12	73	1	84.00000000	80.00000000
12	74	1	84.00000000	80.00000000
12	75	1	84.00000000	80.00000000
12	76	1	84.00000000	80.00000000
12	77	1	84.00000000	80.00000000
12	78	1	84.00000000	80.00000000
12	79	1	84.00000000	80.00000000
12	80	1	84.00000000	80.00000000
12	81	1	84.00000000	80.00000000
12	82	1	84.00000000	80.00000000
12	83	1	84.00000000	80.00000000
12	84	1	84.00000000	80.00000000
12	85	1	84.00000000	80.00000000
12	86	1	84.00000000	80.00000000
12	87	1	84.00000000	80.00000000
12	88	1	84.00000000	80.00000000
12	89	1	84.00000000	80.00000000
12	90	1	84.00000000	80.00000000
12	91	1	84.00000000	80.00000000
12	92	1	84.00000000	80.00000000
12	93	1	84.00000000	80.00000000
12	94	1	84.00000000	80.00000000
12	95	1	84.00000000	80.00000000
12	96	1	84.00000000	80.00000000
12	97	1	84.00000000	80.00000000
12	98	1	84.00000000	80.00000000
12	99	1	84.00000000	80.00000000
12	100	1	84.00000000	80.00000000
12	101	1	84.00000000	80.00000000
12	102	1	84.00000000	80.00000000
12	103	1	84.00000000	80.00000000
12	104	1	84.00000000	80.00000000
12	105	1	84.00000000	80.00000000
12	106	1	84.00000000	80.00000000
12	107	1	84.00000000	80.00000000
12	108	1	84.00000000	80.00000000
12	109	1	84.00000000	80.00000000
12	110	1	84.00000000	80.00000000
12	111	1	84.00000000	80.00000000
12	112	1	84.00000000	80.00000000
12	113	1	84.00000000	80.00000000
12	114	1	84.00000000	80.00000000
12	115	1	84.00000000	80.00000000
12	116	1	84.00000000	80.00000000
12	117	1	84.00000000	80.00000000
12	118	1	84.00000000	80.00000000
12	119	1	84.00000000	80.00000000
12	120	1	84.00000000	80.00000000
12	121	1	84.00000000	80.00000000
12	122	1	84.00000000	80.00000000
12	123	1	84.00000000	80.00000000
12	124	1	84.00000000	80.00000000
12	125	1	84.00000000	80.00000000
12	126	1	84.00000000	80.00000000
12	127	1	84.00000000	80.00000000
12	128	1	84.00000000	80.00000000
12	129	1	84.00000000	80.00000000
12	130	1	84.00000000	80.00000000
12	131	1	84.00000000	80.00000000
12	132	1	84.00000000	80.00000000
12	133	1	84.00000000	80.00000000
12	134	1	84.00000000	80.00000000
12	135	1	84.00000000	80.00000000
12	136	1	84.00000000	80.00000000
12	137	1	84.00000000	80.00000000
12	138	1	84.00000000	80.00000000
12	139	1	84.00000000	80.00000000
12	140	1	84.00000000	80.00000000
12	141	1	84.00000000	80.00000000
12	142	1	84.00000000	80.00000000
12	143	1	84.00000000	80.00000000
12	144	1	84.00000000	80.00000000
12	145	1	84.00000000	80.00000000
12	146	1	84.00000000	80.00000000
12	147	1	84.00000000	80.00000000
12	148	1	84.00000000	80.00000000
12	149	1	84.00000000	80.00000000
12	150	1	84.00000000	80.00000000
12	151	1	84.00000000	80.00000000
12	152	1	84.00000000	80.00000000
12	153	1	84.00000000	80.00000000
12	154	1	84.00000000	80.00000000
12	155	1	84.00000000	80.00000000
12	156	1	84.00000000	80.00000000
12	157	1	84.00000000	80.00000000
12	158	1	84.00000000	80.00000000
12	159	1	84.00000000	80.00000000
12	160	1	84.00000000	80.00000000
12	161	1	84.00000000	80.00000000
12	162	1	84.00000000	80.00000000
12	163	1	84.00000000	80.00000000
12	164	1	84.00000000	80.00000000
12	165	1	84.00000000	80.00000000
12	166	1	84.00000000	80.00000000
12	167	1	84.00000000	80.00000000
12	168	1	84.00000000	80.00000000
12	169	1	84.00000000	80.00000000
12	170	1	84.00000000	80.00000000
12	171	1	84.00000000	80.00000000
12	172	1	84.00000000	80.00000000
12	173	1	84.00000000	80.00000000
12	174	1	84.00000000	80.00000000
12	175	1	84.00000000	80.00000000
12	176	1	84.00000000	80.00000000
12	177	1	84.00000000	80.00000000
12	178	1	84.00000000	80.00000000
12	179	1	84.00000000	80.00000000
12	180	1	84.00000000	80.00000000
12	181	1	84.00000000	80.00000000
12	182	1	84.00000000	80.00000000
12	183	1	84.00000000	80.00000000
12	184	1	84.00000000	80.00000000
12	185	1	84.00000000	80.00000000
12	186	1	84.00000000	80.00000000
12	187	1	84.00000000	80.00000000
12	188	1	84.00000000	80.00000000
12	189	1	84.00000000	80.00000000
12	190	1	84.00000000	80.00000000
12	191	1	84.00000000	80.00000000
12	192	1	84.00000000	80.00000000
12	193	1	84.00000000	80.00000000
12	194	1	84.00000000	80.00000000
12	195	1	84.00000000	80.00000000
12	196	1	84.00000000	80.00000000
12	197	1	84.00000000	80.00000000
12	198	1	84.00000000	80.00000000
12	199	1	84.00000000	80.00000000
12	200	1	84.00000000	80.00000000
12	201	1	84.00000000	80.00000000
12	202	1	84.00000000	80.00000000
12	203	1	84.00000000	80.00000000
12	204	1	84.00000000	80.00000000
12	205	1	84.00000000	80.00000000
12	206	1	84.00000000	80.00000000
12	207	1	84.00000000	80.00000000
12	208	1	84.00000000	80.00000000
12	209	1	84.00000000	80.00000000
12	210	1	84.00000000	80.00000000
12	211	1	84.00000000	80.00000000
12	212	1	84.00000000	80.00000000
12	213	1	84.00000000	80.00000000
12	214	1	84.00000000	80.00000000
12	215	1	84.00000000	80.00000000
12	216	1	84.00000000	80.00000000
12	217	1	84.00000000	80.00000000
12	218	1	84.00000000	80.00000000
12	219	1	84.00000000	80.00000000
12	220	1	84.00000000	80.00000000
12	221	1	84.00000000	80.00000000
12	222	1	84.00000000	80.00000000
12	223	1	84.00000000	80.00000000
12	224	1	84.00000000	80.00000000
12	225	1	84.00000000	80.00000000
12	226	1	84.00000000	80.00000000
12	227	1	84.00000000	80.00000000
12	228	1	84.00000000	80.00000000
12	229	1	84.00000000	80.00000000
13	0	1	84.00000000	80.00000000
13	1	1	84.00000000	80.00000000
13	2	1	84.00000000	80.00000000
13	3	1	84.00000000	80.00000000
13	4	1	84.00000000	80.00000000
13	5	1	84.00000000	80.00000000
13	6	1	84.00000000	80.00000000
13	7	1	84.00000000	80.00000000
13	8	1	84.00000000	80.00000000
13	9	1	84.00000000	80.00000000
13	10	1	84.00000000	80.00000000
13	11	1	84.00000000	80.00000000
13	12	1	84.00000000	80.00000000
13	13	1	84.00000000	80.00000000
13	14	1	84.00000000	80.00000000
13	15	1	84.00000000	80.00000000
13	16	1	84.00000000	80.00000000
13	17	1	84.00000000	80.00000000
13	18	1	84.00000000	80.00000000
13	19	1	84.00000000	80.00000000
13	20	1	84.00000000	80.00000000
13	21	1	84.00000000	80.00000000
13	22	1	84.00000000	80.00000000
13	23	1	84.00000000	80.00000000
13	24	1	84.00000000	80.00000000
13	25	1	84.00000000	80.00000000
13	26	1	84.00000000	80.00000000
13	27	1	84.00000000	80.00000000
13	28	1	84.00000000	80.00000000
13	29	1	84.00000000	80.00000000
13	30	1	84.00000000	80.00000000
13	31	1	84.00000000	80.00000000
13	32	1	84.00000000	80.00000000
13	33	1	84.00000000	80.00000000
13	34	1	84.00000000	80.00000000
13	35	1	84.00000000	80.00000000
13	36	1	84.00000000	80.00000000
13	37	1	84.00000000	80.00000000
13	38	1	84.00000000	80.00000000
13	39	1	84.00000000	80.00000000
13	40	1	84.00000000	80.00000000
13	41	1	84.00000000	80.00000000
13	42	1	84.00000000	80.00000000
13	43	1	84.00000000	80.00000000
13	44	1	84.00000000	80.00000000
13	45	1	84.00000000	80.00000000
13	46	1	84.00000000	80.00000000
13	47	1	84.00000000	80.00000000
13	48	1	84.00000000	80.00000000
13	49	1	84.00000000	80.00000000
13	50	1	84.00000000	80.00000000
13	51	1	84.00000000	80.00000000
13	52	1	84.00000000	80.00000000
13	53	1	84.00000000	80.00000000
13	54	1	84.00000000	80.00000000
13	55	1	84.00000000	80.00000000
13	56	1	84.00000000	80.00000000
13	57	1	84.00000000	80.00000000
13	58	1	84.00000000	80.00000000
13	59	1	84.00000000	80.00000000
13	60	1	84.00000000	80.00000000
13	61	1	84.00000000	80.00000000
13	62	1	84.00000000	80.00000000
13	63	1	84.00000000	80.00000000
13	64	1	84.00000000	80.00000000
13	65	1	84.00000000	80.00000000
13	66	1	84.00000000	80.00000000
13	67	1	84.00000000	80.00000000
13	68	1	84.00000000	80.00000000
13	69	1	84.00000000	80.00000000
13	70	1	84.00000000	80.00000000
13	71	1	84.00000000	80.00000000
13	72	1	84.00000000	80.00000000
13	73	1	84.00000000	80.00000000
13	74	1	84.00000000	80.00000000
13	75	1	84.00000000	80.00000000
13	76	1	84.00000000	80.00000000
13	77	1	84.00000000	80.00000000
13	78	1	84.00000000	80.00000000
13	79	1	84.00000000	80.00000000
13	80	1	84.00000000	80.00000000
13	81	1	84.00000000	80.00000000
13	82	1	84.00000000	80.00000000
13	83	1	84.00000000	80.00000000
13	84	1	84.00000000	80.00000000
13	85	1	84.00000000	80.00000000
13	86	1	84.00000000	80.00000000
13	87	1	84.00000000	80.00000000
13	88	1	84.00000000	80.00000000
13	89	1	84.00000000	80.00000000
13	90	1	84.00000000	80.00000000
13	91	1	84.00000000	80.00000000
13	92	1	84.00000000	80.00000000
13	93	1	84.00000000	80.00000000
13	94	1	84.00000000	80.00000000
13	95	1	84.00000000	80.00000000
13	96	1	84.00000000	80.00000000
13	97	1	84.00000000	80.00000000
13	98	1	84.00000000	80.00000000
13	99	1	84.00000000	80.00000000
13	100	1	84.00000000	80.00000000
13	101	1	84.00000000	80.00000000
13	102	1	84.00000000	80.00000000
13	103	1	84.00000000	80.00000000
13	104	1	84.00000000	80.00000000
13	105	1	84.00000000	80.00000000
13	106	1	84.00000000	80.00000000
13	107	1	84.00000000	80.00000000
13	108	1	84.00000000	80.00000000
13	109	1	84.00000000	80.00000000
13	110	1	84.00000000	80.00000000
13	111	1	84.00000000	80.00000000
13	112	1	84.00000000	80.00000000
13	113	1	84.00000000	80.00000000
13	114	1	84.00000000	80.00000000
13	115	1	84.00000000	80.00000000
13	116	1	84.00000000	80.00000000
13	117	1	84.00000000	80.00000000
13	118	1	84.00000000	80.00000000
13	119	1	84.00000000	80.00000000
13	120	1	84.00000000	80.00000000
13	121	1	84.00000000	80.00000000
13	122	1	84.00000000	80.00000000
13	123	1	84.00000000	80.00000000
13	124	1	84.00000000	80.00000000
13	125	1	84.00000000	80.00000000
13	126	1	84.00000000	80.00000000
13	127	1	84.00000000	80.00000000
13	128	1	84.00000000	80.00000000
13	129	1	84.00000000	80.00000000
13	130	1	84.00000000	80.00000000
13	131	1	84.00000000	80.00000000
13	132	1	84.00000000	80.00000000
13	133	1	84.00000000	80.00000000
13	134	1	84.00000000	80.00000000
13	135	1	84.00000000	80.00000000
13	136	1	84.00000000	80.00000000
13	137	1	84.00000000	80.00000000
13	138	1	84.00000000	80.00000000
13	139	1	84.00000000	80.00000000
13	140	1	84.00000000	80.00000000
13	141	1	84.00000000	80.00000000
13	142	1	84.00000000	80.00000000
13	143	1	84.00000000	80.00000000
13	144	1	84.00000000	80.00000000
13	145	1	84.00000000	80.00000000
13	146	1	84.00000000	80.00000000
13	147	1	84.00000000	80.00000000
13	148	1	84.00000000	80.00000000
13	149	1	84.00000000	80.00000000
13	150	1	84.00000000	80.00000000
13	151	1	84.00000000	80.00000000
13	152	1	84.00000000	80.00000000
13	153	1	84.00000000	80.00000000
13	154	1	84.00000000	80.00000000
13	155	1	84.00000000	80.00000000
13	156	1	84.00000000	80.00000000
13	157	1	84.00000000	80.00000000
13	158	1	84.00000000	80.00000000
13	159	1	84.00000000	80.00000000
13	160	1	84.00000000	80.00000000
13	161	1	84.00000000	80.00000000
13	162	1	84.00000000	80.00000000
13	163	1	84.00000000	80.00000000
13	164	1	84.00000000	80.00000000
13	165	1	84.00000000	80.00000000
13	166	1	84.00000000	80.00000000
13	167	1	84.00000000	80.00000000
13	168	1	84.00000000	80.00000000
13	169	1	84.00000000	80.00000000
13	170	1	84.00000000	80.00000000
13	171	1	84.00000000	80.00000000
13	172	1	84.00000000	80.00000000
13	173	1	84.00000000	80.00000000
13	174	1	84.00000000	80.00000000
13	175	1	84.00000000	80.00000000
13	176	1	84.00000000	80.00000000
13	177	1	84.00000000	80.00000000
13	178	1	84.00000000	80.00000000
13	179	1	84.00000000	80.00000000
13	180	1	84.00000000	80.00000000
13	181	1	84.00000000	80.00000000
13	182	1	84.00000000	80.00000000
13	183	1	84.00000000	80.00000000
13	184	1	84.00000000	80.00000000
13	185	1	84.00000000	80.00000000
13	186	1	84.00000000	80.00000000
13	187	1	84.00000000	80.00000000
13	188	1	84.00000000	80.00000000
13	189	1	84.00000000	80.00000000
13	190	1	84.00000000	80.00000000
13	191	1	84.00000000	80.00000000
13	192	1	84.00000000	80.00000000
13	193	1	84.00000000	80.00000000
13	194	1	84.00000000	80.00000000
13	195	1	84.00000000	80.00000000
13	196	1	84.00000000	80.00000000
13	197	1	84.00000000	80.00000000
13	198	1	84.00000000	80.00000000
13	199	1	84.00000000	80.00000000
13	200	1	84.00000000	80.00000000
13	201	1	84.00000000	80.00000000
13	202	1	84.00000000	80.00000000
13	203	1	84.00000000	80.00000000
13	204	1	84.00000000	80.00000000
13	205	1	84.00000000	80.00000000
13	206	1	84.00000000	80.00000000
13	207	1	84.00000000	80.00000000
13	208	1	84.00000000	80.00000000
13	209	1	84.00000000	80.00000000
13	210	1	84.00000000	80.00000000
13	211	1	84.00000000	80.00000000
13	212	1	84.00000000	80.00000000
13	213	1	84.00000000	80.00000000
14	0	1	84.00000000	80.00000000
14	1	1	84.00000000	80.00000000
14	2	1	84.00000000	80.00000000
14	3	1	84.00000000	80.00000000
14	4	1	84.00000000	80.00000000
14	5	1	84.00000000	80.00000000
14	6	1	84.00000000	80.00000000
14	7	1	84.00000000	80.00000000
14	8	1	84.00000000	80.00000000
14	9	1	84.00000000	80.00000000
14	10	1	84.00000000	80.00000000
14	11	1	84.00000000	80.00000000
14	12	1	84.00000000	80.00000000
14	13	1	84.00000000	80.00000000
14	14	1	84.00000000	80.00000000
14	15	1	84.00000000	80.00000000
14	16	1	84.00000000	80.00000000
14	17	1	84.00000000	80.00000000
14	18	1	84.00000000	80.00000000
14	19	1	84.00000000	80.00000000
14	20	1	84.00000000	80.00000000
14	21	1	84.00000000	80.00000000
14	22	1	84.00000000	80.00000000
14	23	1	84.00000000	80.00000000
14	24	1	84.00000000	80.00000000
14	25	1	84.00000000	80.00000000
14	26	1	84.00000000	80.00000000
14	27	1	84.00000000	80.00000000
14	28	1	84.00000000	80.00000000
14	29	1	84.00000000	80.00000000
14	30	1	84.00000000	80.00000000
14	31	1	84.00000000	80.00000000
14	32	1	84.00000000	80.00000000
14	33	1	84.00000000	80.00000000
14	34	1	84.00000000	80.00000000
14	35	1	84.00000000	80.00000000
14	36	1	84.00000000	80.00000000
14	37	1	84.00000000	80.00000000
14	38	1	84.00000000	80.00000000
14	39	1	84.00000000	80.00000000
14	40	1	84.00000000	80.00000000
14	41	1	84.00000000	80.00000000
14	42	1	84.00000000	80.00000000
14	43	1	84.00000000	80.00000000
14	44	1	84.00000000	80.00000000
14	45	1	84.00000000	80.00000000
14	46	1	84.00000000	80.00000000
14	47	1	84.00000000	80.00000000
14	48	1	84.00000000	80.00000000
14	49	1	84.00000000	80.00000000
14	50	1	84.00000000	80.00000000
14	51	1	84.00000000	80.00000000
14	52	1	84.00000000	80.00000000
14	53	1	84.00000000	80.00000000
14	54	1	84.00000000	80.00000000
14	55	1	84.00000000	80.00000000
14	56	1	84.00000000	80.00000000
14	57	1	84.00000000	80.00000000
14	58	1	84.00000000	80.00000000
14	59	1	84.00000000	80.00000000
14	60	1	84.00000000	80.00000000
14	61	1	84.00000000	80.00000000
14	62	1	84.00000000	80.00000000
14	63	1	84.00000000	80.00000000
14	64	1	84.00000000	80.00000000
14	65	1	84.00000000	80.00000000
14	66	1	84.00000000	80.00000000
14	67	1	84.00000000	80.00000000
14	68	1	84.00000000	80.00000000
14	69	1	84.00000000	80.00000000
14	70	1	84.00000000	80.00000000
14	71	1	84.00000000	80.00000000
14	72	1	84.00000000	80.00000000
14	73	1	84.00000000	80.00000000
14	74	1	84.00000000	80.00000000
14	75	1	84.00000000	80.00000000
14	76	1	84.00000000	80.00000000
14	77	1	84.00000000	80.00000000
14	78	1	84.00000000	80.00000000
14	79	1	84.00000000	80.00000000
14	80	1	84.00000000	80.00000000
14	81	1	84.00000000	80.00000000
14	82	1	84.00000000	80.00000000
14	83	1	84.00000000	80.00000000
14	84	1	84.00000000	80.00000000
14	85	1	84.00000000	80.00000000
14	86	1	84.00000000	80.00000000
14	87	1	84.00000000	80.00000000
14	88	1	84.00000000	80.00000000
14	89	1	84.00000000	80.00000000
14	90	1	84.00000000	80.00000000
14	91	1	84.00000000	80.00000000
14	92	1	84.00000000	80.00000000
14	93	1	84.00000000	80.00000000
14	94	1	84.00000000	80.00000000
14	95	1	84.00000000	80.00000000
14	96	1	84.00000000	80.00000000
14	97	1	84.00000000	80.00000000
14	98	1	84.00000000	80.00000000
14	99	1	84.00000000	80.00000000
14	100	1	84.00000000	80.00000000
14	101	1	84.00000000	80.00000000
14	102	1	84.00000000	80.00000000
14	103	1	84.00000000	80.00000000
14	104	1	84.00000000	80.00000000
14	105	1	84.00000000	80.00000000
14	106	1	84.00000000	80.00000000
14	107	1	84.00000000	80.00000000
14	108	1	84.00000000	80.00000000
14	109	1	84.00000000	80.00000000
14	110	1	84.00000000	80.00000000
14	111	1	84.00000000	80.00000000
14	112	1	84.00000000	80.00000000
14	113	1	84.00000000	80.00000000
14	114	1	84.00000000	80.00000000
14	115	1	84.00000000	80.00000000
14	116	1	84.00000000	80.00000000
14	117	1	84.00000000	80.00000000
14	118	1	84.00000000	80.00000000
14	119	1	84.00000000	80.00000000
14	120	1	84.00000000	80.00000000
14	121	1	84.00000000	80.00000000
14	122	1	84.00000000	80.00000000
14	123	1	84.00000000	80.00000000
14	124	1	84.00000000	80.00000000
14	125	1	84.00000000	80.00000000
14	126	1	84.00000000	80.00000000
14	127	1	84.00000000	80.00000000
14	128	1	84.00000000	80.00000000
14	129	1	84.00000000	80.00000000
14	130	1	84.00000000	80.00000000
14	131	1	84.00000000	80.00000000
14	132	1	84.00000000	80.00000000
14	133	1	84.00000000	80.00000000
14	134	1	84.00000000	80.00000000
14	135	1	84.00000000	80.00000000
14	136	1	84.00000000	80.00000000
14	137	1	84.00000000	80.00000000
14	138	1	84.00000000	80.00000000
14	139	1	84.00000000	80.00000000
14	140	1	84.00000000	80.00000000
14	141	1	84.00000000	80.00000000
14	142	1	84.00000000	80.00000000
14	143	1	84.00000000	80.00000000
14	144	1	84.00000000	80.00000000
14	145	1	84.00000000	80.00000000
14	146	1	84.00000000	80.00000000
14	147	1	84.00000000	80.00000000
14	148	1	84.00000000	80.00000000
14	149	1	84.00000000	80.00000000
14	150	1	84.00000000	80.00000000
14	151	1	84.00000000	80.00000000
14	152	1	84.00000000	80.00000000
14	153	1	84.00000000	80.00000000
14	154	1	84.00000000	80.00000000
14	155	1	84.00000000	80.00000000
14	156	1	84.00000000	80.00000000
14	157	1	84.00000000	80.00000000
14	158	1	84.00000000	80.00000000
14	159	1	84.00000000	80.00000000
14	160	1	84.00000000	80.00000000
14	161	1	84.00000000	80.00000000
14	162	1	84.00000000	80.00000000
14	163	1	84.00000000	80.00000000
14	164	1	84.00000000	80.00000000
14	165	1	84.00000000	80.00000000
14	166	1	84.00000000	80.00000000
14	167	1	84.00000000	80.00000000
14	168	1	84.00000000	80.00000000
14	169	1	84.00000000	80.00000000
14	170	1	84.00000000	80.00000000
14	171	1	84.00000000	80.00000000
14	172	1	84.00000000	80.00000000
14	173	1	84.00000000	80.00000000
14	174	1	84.00000000	80.00000000
14	175	1	84.00000000	80.00000000
14	176	1	84.00000000	80.00000000
14	177	1	84.00000000	80.00000000
14	178	1	84.00000000	80.00000000
14	179	1	84.00000000	80.00000000
14	180	1	84.00000000	80.00000000
14	181	1	84.00000000	80.00000000
14	182	1	84.00000000	80.00000000
14	183	1	84.00000000	80.00000000
14	184	1	84.00000000	80.00000000
14	185	1	84.00000000	80.00000000
14	186	1	84.00000000	80.00000000
14	187	1	84.00000000	80.00000000
14	188	1	84.00000000	80.00000000
14	189	1	84.00000000	80.00000000
14	190	1	84.00000000	80.00000000
14	191	1	84.00000000	80.00000000
14	192	1	84.00000000	80.00000000
14	193	1	84.00000000	80.00000000
14	194	1	84.00000000	80.00000000
14	195	1	84.00000000	80.00000000
14	196	1	84.00000000	80.00000000
14	197	1	84.00000000	80.00000000
14	198	1	84.00000000	80.00000000
14	199	1	84.00000000	80.00000000
14	200	1	84.00000000	80.00000000
14	201	1	84.00000000	80.00000000
14	202	1	84.00000000	80.00000000
14	203	1	84.00000000	80.00000000
14	204	1	84.00000000	80.00000000
14	205	1	84.00000000	80.00000000
14	206	1	84.00000000	80.00000000
14	207	1	84.00000000	80.00000000
14	208	1	84.00000000	80.00000000
14	209	1	84.00000000	80.00000000
14	210	1	84.00000000	80.00000000
14	211	1	84.00000000	80.00000000
15	0	1	84.00000000	80.00000000
15	1	1	84.00000000	80.00000000
15	2	1	84.00000000	80.00000000
15	3	1	84.00000000	80.00000000
15	4	1	84.00000000	80.00000000
15	5	1	84.00000000	80.00000000
15	6	1	84.00000000	80.00000000
15	7	1	84.00000000	80.00000000
15	8	1	84.00000000	80.00000000
15	9	1	84.00000000	80.00000000
15	10	1	84.00000000	80.00000000
15	11	1	84.00000000	80.00000000
15	12	1	84.00000000	80.00000000
15	13	1	84.00000000	80.00000000
15	14	1	84.00000000	80.00000000
15	15	1	84.00000000	80.00000000
15	16	1	84.00000000	80.00000000
15	17	1	84.00000000	80.00000000
15	18	1	84.00000000	80.00000000
15	19	1	84.00000000	80.00000000
15	20	1	84.00000000	80.00000000
15	21	1	84.00000000	80.00000000
15	22	1	84.00000000	80.00000000
15	23	1	84.00000000	80.00000000
15	24	1	84.00000000	80.00000000
15	25	1	84.00000000	80.00000000
15	26	1	84.00000000	80.00000000
15	27	1	84.00000000	80.00000000
15	28	1	84.00000000	80.00000000
15	29	1	84.00000000	80.00000000
15	30	1	84.00000000	80.00000000
15	31	1	84.00000000	80.00000000
15	32	1	84.00000000	80.00000000
15	33	1	84.00000000	80.00000000
15	34	1	84.00000000	80.00000000
15	35	1	84.00000000	80.00000000
15	36	1	84.00000000	80.00000000
15	37	1	84.00000000	80.00000000
15	38	1	84.00000000	80.00000000
15	39	1	84.00000000	80.00000000
15	40	1	84.00000000	80.00000000
15	41	1	84.00000000	80.00000000
15	42	1	84.00000000	80.00000000
15	43	1	84.00000000	80.00000000
15	44	1	84.00000000	80.00000000
15	45	1	84.00000000	80.00000000
15	46	1	84.00000000	80.00000000
15	47	1	84.00000000	80.00000000
15	48	1	84.00000000	80.00000000
15	49	1	84.00000000	80.00000000
15	50	1	84.00000000	80.00000000
15	51	1	84.00000000	80.00000000
15	52	1	84.00000000	80.00000000
15	53	1	84.00000000	80.00000000
15	54	1	84.00000000	80.00000000
15	55	1	84.00000000	80.00000000
15	56	1	84.00000000	80.00000000
15	57	1	84.00000000	80.00000000
15	58	1	84.00000000	80.00000000
15	59	1	84.00000000	80.00000000
15	60	1	84.00000000	80.00000000
15	61	1	84.00000000	80.00000000
15	62	1	84.00000000	80.00000000
15	63	1	84.00000000	80.00000000
15	64	1	84.00000000	80.00000000
15	65	1	84.00000000	80.00000000
15	66	1	84.00000000	80.00000000
15	67	1	84.00000000	80.00000000
15	68	1	84.00000000	80.00000000
15	69	1	84.00000000	80.00000000
15	70	1	84.00000000	80.00000000
15	71	1	84.00000000	80.00000000
15	72	1	84.00000000	80.00000000
15	73	1	84.00000000	80.00000000
15	74	1	84.00000000	80.00000000
15	75	1	84.00000000	80.00000000
15	76	1	84.00000000	80.00000000
15	77	1	84.00000000	80.00000000
15	78	1	84.00000000	80.00000000
15	79	1	84.00000000	80.00000000
15	80	1	84.00000000	80.00000000
15	81	1	84.00000000	80.00000000
15	82	1	84.00000000	80.00000000
15	83	1	84.00000000	80.00000000
15	84	1	84.00000000	80.00000000
15	85	1	84.00000000	80.00000000
15	86	1	84.00000000	80.00000000
15	87	1	84.00000000	80.00000000
15	88	1	84.00000000	80.00000000
15	89	1	84.00000000	80.00000000
15	90	1	84.00000000	80.00000000
15	91	1	84.00000000	80.00000000
15	92	1	84.00000000	80.00000000
15	93	1	84.00000000	80.00000000
15	94	1	84.00000000	80.00000000
15	95	1	84.00000000	80.00000000
15	96	1	84.00000000	80.00000000
15	97	1	84.00000000	80.00000000
15	98	1	84.00000000	80.00000000
15	99	1	84.00000000	80.00000000
15	100	1	84.00000000	80.00000000
15	101	1	84.00000000	80.00000000
15	102	1	84.00000000	80.00000000
15	103	1	84.00000000	80.00000000
15	104	1	84.00000000	80.00000000
15	105	1	84.00000000	80.00000000
15	106	1	84.00000000	80.00000000
15	107	1	84.00000000	80.00000000
15	108	1	84.00000000	80.00000000
15	109	1	84.00000000	80.00000000
15	110	1	84.00000000	80.00000000
15	111	1	84.00000000	80.00000000
15	112	1	84.00000000	80.00000000
15	113	1	84.00000000	80.00000000
15	114	1	84.00000000	80.00000000
15	115	1	84.00000000	80.00000000
15	116	1	84.00000000	80.00000000
15	117	1	84.00000000	80.00000000
15	118	1	84.00000000	80.00000000
15	119	1	84.00000000	80.00000000
15	120	1	84.00000000	80.00000000
15	121	1	84.00000000	80.00000000
15	122	1	84.00000000	80.00000000
15	123	1	84.00000000	80.00000000
15	124	1	84.00000000	80.00000000
15	125	1	84.00000000	80.00000000
15	126	1	84.00000000	80.00000000
15	127	1	84.00000000	80.00000000
15	128	1	84.00000000	80.00000000
15	129	1	84.00000000	80.00000000
15	130	1	84.00000000	80.00000000
15	131	1	84.00000000	80.00000000
15	132	1	84.00000000	80.00000000
15	133	1	84.00000000	80.00000000
15	134	1	84.00000000	80.00000000
15	135	1	84.00000000	80.00000000
15	136	1	84.00000000	80.00000000
15	137	1	84.00000000	80.00000000
15	138	1	84.00000000	80.00000000
15	139	1	84.00000000	80.00000000
15	140	1	84.00000000	80.00000000
15	141	1	84.00000000	80.00000000
15	142	1	84.00000000	80.00000000
15	143	1	84.00000000	80.00000000
15	144	1	84.00000000	80.00000000
15	145	1	84.00000000	80.00000000
15	146	1	84.00000000	80.00000000
15	147	1	84.00000000	80.00000000
15	148	1	84.00000000	80.00000000
15	149	1	84.00000000	80.00000000
15	150	1	84.00000000	80.00000000
15	151	1	84.00000000	80.00000000
15	152	1	84.00000000	80.00000000
15	153	1	84.00000000	80.00000000
15	154	1	84.00000000	80.00000000
15	155	1	84.00000000	80.00000000
15	156	1	84.00000000	80.00000000
15	157	1	84.00000000	80.00000000
15	158	1	84.00000000	80.00000000
15	159	1	84.00000000	80.00000000
15	160	1	84.00000000	80.00000000
15	161	1	84.00000000	80.00000000
15	162	1	84.00000000	80.00000000
15	163	1	84.00000000	80.00000000
15	164	1	84.00000000	80.00000000
15	165	1	84.00000000	80.00000000
15	166	1	84.00000000	80.00000000
15	167	1	84.00000000	80.00000000
15	168	1	84.00000000	80.00000000
15	169	1	84.00000000	80.00000000
15	170	1	84.00000000	80.00000000
15	171	1	84.00000000	80.00000000
15	172	1	84.00000000	80.00000000
15	173	1	84.00000000	80.00000000
15	174	1	84.00000000	80.00000000
15	175	1	84.00000000	80.00000000
15	176	1	84.00000000	80.00000000
15	177	1	84.00000000	80.00000000
15	178	1	84.00000000	80.00000000
15	179	1	84.00000000	80.00000000
15	180	1	84.00000000	80.00000000
15	181	1	84.00000000	80.00000000
15	182	1	84.00000000	80.00000000
15	183	1	84.00000000	80.00000000
15	184	1	84.00000000	80.00000000
15	185	1	84.00000000	80.00000000
15	186	1	84.00000000	80.00000000
15	187	1	84.00000000	80.00000000
15	188	1	84.00000000	80.00000000
15	189	1	84.00000000	80.00000000
15	190	1	84.00000000	80.00000000
15	191	1	84.00000000	80.00000000
15	192	1	84.00000000	80.00000000
15	193	1	84.00000000	80.00000000
15	194	1	84.00000000	80.00000000
15	195	1	84.00000000	80.00000000
15	196	1	84.00000000	80.00000000
15	197	1	84.00000000	80.00000000
15	198	1	84.00000000	80.00000000
15	199	1	84.00000000	80.00000000
15	200	1	84.00000000	80.00000000
15	201	1	84.00000000	80.00000000
15	202	1	84.00000000	80.00000000
15	203	1	84.00000000	80.00000000
15	204	1	84.00000000	80.00000000
15	205	1	84.00000000	80.00000000
15	206	1	84.00000000	80.00000000
15	207	1	84.00000000	80.00000000
15	208	1	84.00000000	80.00000000
15	209	1	84.00000000	80.00000000
15	210	1	84.00000000	80.00000000
15	211	1	84.00000000	80.00000000
15	212	1	84.00000000	80.00000000
15	213	1	84.00000000	80.00000000
16	0	1	84.00000000	80.00000000
16	1	1	84.00000000	80.00000000
16	2	1	84.00000000	80.00000000
16	3	1	84.00000000	80.00000000
16	4	1	84.00000000	80.00000000
16	5	1	84.00000000	80.00000000
16	6	1	84.00000000	80.00000000
16	7	1	84.00000000	80.00000000
16	8	1	84.00000000	80.00000000
16	9	1	84.00000000	80.00000000
16	10	1	84.00000000	80.00000000
16	11	1	84.00000000	80.00000000
16	12	1	84.00000000	80.00000000
16	13	1	84.00000000	80.00000000
16	14	1	84.00000000	80.00000000
16	15	1	84.00000000	80.00000000
16	16	1	84.00000000	80.00000000
16	17	1	84.00000000	80.00000000
16	18	1	84.00000000	80.00000000
16	19	1	84.00000000	80.00000000
16	20	1	84.00000000	80.00000000
16	21	1	84.00000000	80.00000000
16	22	1	84.00000000	80.00000000
16	23	1	84.00000000	80.00000000
16	24	1	84.00000000	80.00000000
16	25	1	84.00000000	80.00000000
16	26	1	84.00000000	80.00000000
16	27	1	84.00000000	80.00000000
16	28	1	84.00000000	80.00000000
16	29	1	84.00000000	80.00000000
16	30	1	84.00000000	80.00000000
16	31	1	84.00000000	80.00000000
16	32	1	84.00000000	80.00000000
16	33	1	84.00000000	80.00000000
16	34	1	84.00000000	80.00000000
16	35	1	84.00000000	80.00000000
16	36	1	84.00000000	80.00000000
16	37	1	84.00000000	80.00000000
16	38	1	84.00000000	80.00000000
16	39	1	84.00000000	80.00000000
16	40	1	84.00000000	80.00000000
16	41	1	84.00000000	80.00000000
16	42	1	84.00000000	80.00000000
16	43	1	84.00000000	80.00000000
16	44	1	84.00000000	80.00000000
16	45	1	84.00000000	80.00000000
16	46	1	84.00000000	80.00000000
16	47	1	84.00000000	80.00000000
16	48	1	84.00000000	80.00000000
16	49	1	84.00000000	80.00000000
16	50	1	84.00000000	80.00000000
16	51	1	84.00000000	80.00000000
16	52	1	84.00000000	80.00000000
16	53	1	84.00000000	80.00000000
16	54	1	84.00000000	80.00000000
16	55	1	84.00000000	80.00000000
16	56	1	84.00000000	80.00000000
16	57	1	84.00000000	80.00000000
16	58	1	84.00000000	80.00000000
16	59	1	84.00000000	80.00000000
16	60	1	84.00000000	80.00000000
16	61	1	84.00000000	80.00000000
16	62	1	84.00000000	80.00000000
16	63	1	84.00000000	80.00000000
16	64	1	84.00000000	80.00000000
16	65	1	84.00000000	80.00000000
16	66	1	84.00000000	80.00000000
16	67	1	84.00000000	80.00000000
16	68	1	84.00000000	80.00000000
16	69	1	84.00000000	80.00000000
16	70	1	84.00000000	80.00000000
16	71	1	84.00000000	80.00000000
16	72	1	84.00000000	80.00000000
16	73	1	84.00000000	80.00000000
16	74	1	84.00000000	80.00000000
16	75	1	84.00000000	80.00000000
16	76	1	84.00000000	80.00000000
16	77	1	84.00000000	80.00000000
16	78	1	84.00000000	80.00000000
16	79	1	84.00000000	80.00000000
16	80	1	84.00000000	80.00000000
16	81	1	84.00000000	80.00000000
16	82	1	84.00000000	80.00000000
16	83	1	84.00000000	80.00000000
16	84	1	84.00000000	80.00000000
16	85	1	84.00000000	80.00000000
16	86	1	84.00000000	80.00000000
16	87	1	84.00000000	80.00000000
16	88	1	84.00000000	80.00000000
16	89	1	84.00000000	80.00000000
16	90	1	84.00000000	80.00000000
16	91	1	84.00000000	80.00000000
16	92	1	84.00000000	80.00000000
16	93	1	84.00000000	80.00000000
16	94	1	84.00000000	80.00000000
16	95	1	84.00000000	80.00000000
16	96	1	84.00000000	80.00000000
16	97	1	84.00000000	80.00000000
16	98	1	84.00000000	80.00000000
16	99	1	84.00000000	80.00000000
16	100	1	84.00000000	80.00000000
16	101	1	84.00000000	80.00000000
16	102	1	84.00000000	80.00000000
16	103	1	84.00000000	80.00000000
16	104	1	84.00000000	80.00000000
16	105	1	84.00000000	80.00000000
16	106	1	84.00000000	80.00000000
16	107	1	84.00000000	80.00000000
16	108	1	84.00000000	80.00000000
16	109	1	84.00000000	80.00000000
16	110	1	84.00000000	80.00000000
16	111	1	84.00000000	80.00000000
16	112	1	84.00000000	80.00000000
16	113	1	84.00000000	80.00000000
16	114	1	84.00000000	80.00000000
16	115	1	84.00000000	80.00000000
16	116	1	84.00000000	80.00000000
16	117	1	84.00000000	80.00000000
16	118	1	84.00000000	80.00000000
16	119	1	84.00000000	80.00000000
16	120	1	84.00000000	80.00000000
16	121	1	84.00000000	80.00000000
16	122	1	84.00000000	80.00000000
16	123	1	84.00000000	80.00000000
16	124	1	84.00000000	80.00000000
16	125	1	84.00000000	80.00000000
16	126	1	84.00000000	80.00000000
16	127	1	84.00000000	80.00000000
16	128	1	84.00000000	80.00000000
16	129	1	84.00000000	80.00000000
16	130	1	84.00000000	80.00000000
16	131	1	84.00000000	80.00000000
16	132	1	84.00000000	80.00000000
16	133	1	84.00000000	80.00000000
16	134	1	84.00000000	80.00000000
16	135	1	84.00000000	80.00000000
16	136	1	84.00000000	80.00000000
16	137	1	84.00000000	80.00000000
16	138	1	84.00000000	80.00000000
16	139	1	84.00000000	80.00000000
16	140	1	84.00000000	80.00000000
16	141	1	84.00000000	80.00000000
16	142	1	84.00000000	80.00000000
16	143	1	84.00000000	80.00000000
16	144	1	84.00000000	80.00000000
16	145	1	84.00000000	80.00000000
16	146	1	84.00000000	80.00000000
16	147	1	84.00000000	80.00000000
16	148	1	84.00000000	80.00000000
16	149	1	84.00000000	80.00000000
16	150	1	84.00000000	80.00000000
16	151	1	84.00000000	80.00000000
16	152	1	84.00000000	80.00000000
16	153	1	84.00000000	80.00000000
16	154	1	84.00000000	80.00000000
16	155	1	84.00000000	80.00000000
16	156	1	84.00000000	80.00000000
16	157	1	84.00000000	80.00000000
16	158	1	84.00000000	80.00000000
16	159	1	84.00000000	80.00000000
16	160	1	84.00000000	80.00000000
16	161	1	84.00000000	80.00000000
16	162	1	84.00000000	80.00000000
16	163	1	84.00000000	80.00000000
16	164	1	84.00000000	80.00000000
16	165	1	84.00000000	80.00000000
16	166	1	84.00000000	80.00000000
16	167	1	84.00000000	80.00000000
16	168	1	84.00000000	80.00000000
16	169	1	84.00000000	80.00000000
16	170	1	84.00000000	80.00000000
16	171	1	84.00000000	80.00000000
16	172	1	84.00000000	80.00000000
16	173	1	84.00000000	80.00000000
16	174	1	84.00000000	80.00000000
16	175	1	84.00000000	80.00000000
16	176	1	84.00000000	80.00000000
16	177	1	84.00000000	80.00000000
16	178	1	84.00000000	80.00000000
16	179	1	84.00000000	80.00000000
16	180	1	84.00000000	80.00000000
16	181	1	84.00000000	80.00000000
16	182	1	84.00000000	80.00000000
16	183	1	84.00000000	80.00000000
16	184	1	84.00000000	80.00000000
16	185	1	84.00000000	80.00000000
16	186	1	84.00000000	80.00000000
16	187	1	84.00000000	80.00000000
16	188	1	84.00000000	80.00000000
16	189	1	84.00000000	80.00000000
16	190	1	84.00000000	80.00000000
16	191	1	84.00000000	80.00000000
16	192	1	84.00000000	80.00000000
16	193	1	84.00000000	80.00000000
16	194	1	84.00000000	80.00000000
16	195	1	84.00000000	80.00000000
16	196	1	84.00000000	80.00000000
16	197	1	84.00000000	80.00000000
16	198	1	84.00000000	80.00000000
16	199	1	84.00000000	80.00000000
16	200	1	84.00000000	80.00000000
16	201	1	84.00000000	80.00000000
16	202	1	84.00000000	80.00000000
16	203	1	84.00000000	80.00000000
16	204	1	84.00000000	80.00000000
16	205	1	84.00000000	80.00000000
16	206	1	84.00000000	80.00000000
16	207	1	84.00000000	80.00000000
16	208	1	84.00000000	80.00000000
16	209	1	84.00000000	80.00000000
16	210	1	84.00000000	80.00000000
16	211	1	84.00000000	80.00000000
16	212	1	84.00000000	80.00000000
16	213	1	84.00000000	80.00000000
16	214	1	84.00000000	80.00000000
16	215	1	84.00000000	80.00000000
16	216	1	84.00000000	80.00000000
16	217	1	84.00000000	80.00000000
16	218	1	84.00000000	80.00000000
16	219	1	84.00000000	80.00000000
17	0	1	84.00000000	80.00000000
17	1	1	84.00000000	80.00000000
17	2	1	84.00000000	80.00000000
17	3	1	84.00000000	80.00000000
17	4	1	84.00000000	80.00000000
17	5	1	84.00000000	80.00000000
17	6	1	84.00000000	80.00000000
17	7	1	84.00000000	80.00000000
17	8	1	84.00000000	80.00000000
17	9	1	84.00000000	80.00000000
17	10	1	84.00000000	80.00000000
17	11	1	84.00000000	80.00000000
17	12	1	84.00000000	80.00000000
17	13	1	84.00000000	80.00000000
17	14	1	84.00000000	80.00000000
17	15	1	84.00000000	80.00000000
17	16	1	84.00000000	80.00000000
17	17	1	84.00000000	80.00000000
17	18	1	84.00000000	80.00000000
17	19	1	84.00000000	80.00000000
17	20	1	84.00000000	80.00000000
17	21	1	84.00000000	80.00000000
17	22	1	84.00000000	80.00000000
17	23	1	84.00000000	80.00000000
17	24	1	84.00000000	80.00000000
17	25	1	84.00000000	80.00000000
17	26	1	84.00000000	80.00000000
17	27	1	84.00000000	80.00000000
17	28	1	84.00000000	80.00000000
17	29	1	84.00000000	80.00000000
17	30	1	84.00000000	80.00000000
17	31	1	84.00000000	80.00000000
17	32	1	84.00000000	80.00000000
17	33	1	84.00000000	80.00000000
17	34	1	84.00000000	80.00000000
17	35	1	84.00000000	80.00000000
17	36	1	84.00000000	80.00000000
17	37	1	84.00000000	80.00000000
17	38	1	84.00000000	80.00000000
17	39	1	84.00000000	80.00000000
17	40	1	84.00000000	80.00000000
17	41	1	84.00000000	80.00000000
17	42	1	84.00000000	80.00000000
17	43	1	84.00000000	80.00000000
17	44	1	84.00000000	80.00000000
17	45	1	84.00000000	80.00000000
17	46	1	84.00000000	80.00000000
17	47	1	84.00000000	80.00000000
17	48	1	84.00000000	80.00000000
17	49	1	84.00000000	80.00000000
17	50	1	84.00000000	80.00000000
17	51	1	84.00000000	80.00000000
17	52	1	84.00000000	80.00000000
17	53	1	84.00000000	80.00000000
17	54	1	84.00000000	80.00000000
17	55	1	84.00000000	80.00000000
17	56	1	84.00000000	80.00000000
17	57	1	84.00000000	80.00000000
17	58	1	84.00000000	80.00000000
17	59	1	84.00000000	80.00000000
17	60	1	84.00000000	80.00000000
17	61	1	84.00000000	80.00000000
17	62	1	84.00000000	80.00000000
17	63	1	84.00000000	80.00000000
17	64	1	84.00000000	80.00000000
17	65	1	84.00000000	80.00000000
17	66	1	84.00000000	80.00000000
17	67	1	84.00000000	80.00000000
17	68	1	84.00000000	80.00000000
17	69	1	84.00000000	80.00000000
17	70	1	84.00000000	80.00000000
17	71	1	84.00000000	80.00000000
17	72	1	84.00000000	80.00000000
17	73	1	84.00000000	80.00000000
17	74	1	84.00000000	80.00000000
17	75	1	84.00000000	80.00000000
17	76	1	84.00000000	80.00000000
17	77	1	84.00000000	80.00000000
17	78	1	84.00000000	80.00000000
17	79	1	84.00000000	80.00000000
17	80	1	84.00000000	80.00000000
17	81	1	84.00000000	80.00000000
17	82	1	84.00000000	80.00000000
17	83	1	84.00000000	80.00000000
17	84	1	84.00000000	80.00000000
17	85	1	84.00000000	80.00000000
17	86	1	84.00000000	80.00000000
17	87	1	84.00000000	80.00000000
17	88	1	84.00000000	80.00000000
17	89	1	84.00000000	80.00000000
17	90	1	84.00000000	80.00000000
17	91	1	84.00000000	80.00000000
17	92	1	84.00000000	80.00000000
17	93	1	84.00000000	80.00000000
17	94	1	84.00000000	80.00000000
17	95	1	84.00000000	80.00000000
17	96	1	84.00000000	80.00000000
17	97	1	84.00000000	80.00000000
17	98	1	84.00000000	80.00000000
17	99	1	84.00000000	80.00000000
17	100	1	84.00000000	80.00000000
17	101	1	84.00000000	80.00000000
17	102	1	84.00000000	80.00000000
17	103	1	84.00000000	80.00000000
17	104	1	84.00000000	80.00000000
17	105	1	84.00000000	80.00000000
17	106	1	84.00000000	80.00000000
17	107	1	84.00000000	80.00000000
17	108	1	84.00000000	80.00000000
17	109	1	84.00000000	80.00000000
17	110	1	84.00000000	80.00000000
17	111	1	84.00000000	80.00000000
17	112	1	84.00000000	80.00000000
17	113	1	84.00000000	80.00000000
17	114	1	84.00000000	80.00000000
17	115	1	84.00000000	80.00000000
17	116	1	84.00000000	80.00000000
17	117	1	84.00000000	80.00000000
17	118	1	84.00000000	80.00000000
17	119	1	84.00000000	80.00000000
17	120	1	84.00000000	80.00000000
17	121	1	84.00000000	80.00000000
17	122	1	84.00000000	80.00000000
17	123	1	84.00000000	80.00000000
17	124	1	84.00000000	80.00000000
17	125	1	84.00000000	80.00000000
17	126	1	84.00000000	80.00000000
17	127	1	84.00000000	80.00000000
17	128	1	84.00000000	80.00000000
17	129	1	84.00000000	80.00000000
17	130	1	84.00000000	80.00000000
17	131	1	84.00000000	80.00000000
17	132	1	84.00000000	80.00000000
17	133	1	84.00000000	80.00000000
17	134	1	84.00000000	80.00000000
17	135	1	84.00000000	80.00000000
17	136	1	84.00000000	80.00000000
17	137	1	84.00000000	80.00000000
17	138	1	84.00000000	80.00000000
17	139	1	84.00000000	80.00000000
17	140	1	84.00000000	80.00000000
17	141	1	84.00000000	80.00000000
17	142	1	84.00000000	80.00000000
17	143	1	84.00000000	80.00000000
17	144	1	84.00000000	80.00000000
17	145	1	84.00000000	80.00000000
17	146	1	84.00000000	80.00000000
17	147	1	84.00000000	80.00000000
17	148	1	84.00000000	80.00000000
17	149	1	84.00000000	80.00000000
17	150	1	84.00000000	80.00000000
17	151	1	84.00000000	80.00000000
17	152	1	84.00000000	80.00000000
17	153	1	84.00000000	80.00000000
17	154	1	84.00000000	80.00000000
17	155	1	84.00000000	80.00000000
17	156	1	84.00000000	80.00000000
17	157	1	84.00000000	80.00000000
17	158	1	84.00000000	80.00000000
17	159	1	84.00000000	80.00000000
17	160	1	84.00000000	80.00000000
17	161	1	84.00000000	80.00000000
17	162	1	84.00000000	80.00000000
17	163	1	84.00000000	80.00000000
17	164	1	84.00000000	80.00000000
17	165	1	84.00000000	80.00000000
17	166	1	84.00000000	80.00000000
17	167	1	84.00000000	80.00000000
17	168	1	84.00000000	80.00000000
17	169	1	84.00000000	80.00000000
17	170	1	84.00000000	80.00000000
17	171	1	84.00000000	80.00000000
17	172	1	84.00000000	80.00000000
17	173	1	84.00000000	80.00000000
17	174	1	84.00000000	80.00000000
17	175	1	84.00000000	80.00000000
17	176	1	84.00000000	80.00000000
17	177	1	84.00000000	80.00000000
17	178	1	84.00000000	80.00000000
17	179	1	84.00000000	80.00000000
17	180	1	84.00000000	80.00000000
17	181	1	84.00000000	80.00000000
17	182	1	84.00000000	80.00000000
17	183	1	84.00000000	80.00000000
17	184	1	84.00000000	80.00000000
17	185	1	84.00000000	80.00000000
17	186	1	84.00000000	80.00000000
17	187	1	84.00000000	80.00000000
17	188	1	84.00000000	80.00000000
17	189	1	84.00000000	80.00000000
17	190	1	84.00000000	80.00000000
17	191	1	84.00000000	80.00000000
17	192	1	84.00000000	80.00000000
17	193	1	84.00000000	80.00000000
17	194	1	84.00000000	80.00000000
17	195	1	84.00000000	80.00000000
17	196	1	84.00000000	80.00000000
17	197	1	84.00000000	80.00000000
17	198	1	84.00000000	80.00000000
17	199	1	84.00000000	80.00000000
17	200	1	84.00000000	80.00000000
17	201	1	84.00000000	80.00000000
17	202	1	84.00000000	80.00000000
17	203	1	84.00000000	80.00000000
17	204	1	84.00000000	80.00000000
17	205	1	84.00000000	80.00000000
17	206	1	84.00000000	80.00000000
17	207	1	84.00000000	80.00000000
17	208	1	84.00000000	80.00000000
17	209	1	84.00000000	80.00000000
17	210	1	84.00000000	80.00000000
17	211	1	84.00000000	80.00000000
17	212	1	84.00000000	80.00000000
17	213	1	84.00000000	80.00000000
17	214	1	84.00000000	80.00000000
17	215	1	84.00000000	80.00000000
17	216	1	84.00000000	80.00000000
17	217	1	84.00000000	80.00000000
17	218	1	84.00000000	80.00000000
17	219	1	84.00000000	80.00000000
17	220	1	84.00000000	80.00000000
17	221	1	84.00000000	80.00000000
17	222	1	84.00000000	80.00000000
17	223	1	84.00000000	80.00000000
18	0	1	84.00000000	80.00000000
18	1	1	84.00000000	80.00000000
18	2	1	84.00000000	80.00000000
18	3	1	84.00000000	80.00000000
18	4	1	84.00000000	80.00000000
18	5	1	84.00000000	80.00000000
18	6	1	84.00000000	80.00000000
18	7	1	84.00000000	80.00000000
18	8	1	84.00000000	80.00000000
18	9	1	84.00000000	80.00000000
18	10	1	84.00000000	80.00000000
18	11	1	84.00000000	80.00000000
18	12	1	84.00000000	80.00000000
18	13	1	84.00000000	80.00000000
18	14	1	84.00000000	80.00000000
18	15	1	84.00000000	80.00000000
18	16	1	84.00000000	80.00000000
18	17	1	84.00000000	80.00000000
18	18	1	84.00000000	80.00000000
18	19	1	84.00000000	80.00000000
18	20	1	84.00000000	80.00000000
18	21	1	84.00000000	80.00000000
18	22	1	84.00000000	80.00000000
18	23	1	84.00000000	80.00000000
18	24	1	84.00000000	80.00000000
18	25	1	84.00000000	80.00000000
18	26	1	84.00000000	80.00000000
18	27	1	84.00000000	80.00000000
18	28	1	84.00000000	80.00000000
18	29	1	84.00000000	80.00000000
18	30	1	84.00000000	80.00000000
18	31	1	84.00000000	80.00000000
18	32	1	84.00000000	80.00000000
18	33	1	84.00000000	80.00000000
18	34	1	84.00000000	80.00000000
18	35	1	84.00000000	80.00000000
18	36	1	84.00000000	80.00000000
18	37	1	84.00000000	80.00000000
18	38	1	84.00000000	80.00000000
18	39	1	84.00000000	80.00000000
18	40	1	84.00000000	80.00000000
18	41	1	84.00000000	80.00000000
18	42	1	84.00000000	80.00000000
18	43	1	84.00000000	80.00000000
18	44	1	84.00000000	80.00000000
18	45	1	84.00000000	80.00000000
18	46	1	84.00000000	80.00000000
18	47	1	84.00000000	80.00000000
18	48	1	84.00000000	80.00000000
18	49	1	84.00000000	80.00000000
18	50	1	84.00000000	80.00000000
18	51	1	84.00000000	80.00000000
18	52	1	84.00000000	80.00000000
18	53	1	84.00000000	80.00000000
18	54	1	84.00000000	80.00000000
18	55	1	84.00000000	80.00000000
18	56	1	84.00000000	80.00000000
18	57	1	84.00000000	80.00000000
18	58	1	84.00000000	80.00000000
18	59	1	84.00000000	80.00000000
18	60	1	84.00000000	80.00000000
18	61	1	84.00000000	80.00000000
18	62	1	84.00000000	80.00000000
18	63	1	84.00000000	80.00000000
18	64	1	84.00000000	80.00000000
18	65	1	84.00000000	80.00000000
18	66	1	84.00000000	80.00000000
18	67	1	84.00000000	80.00000000
18	68	1	84.00000000	80.00000000
18	69	1	84.00000000	80.00000000
18	70	1	84.00000000	80.00000000
18	71	1	84.00000000	80.00000000
18	72	1	84.00000000	80.00000000
18	73	1	84.00000000	80.00000000
18	74	1	84.00000000	80.00000000
18	75	1	84.00000000	80.00000000
18	76	1	84.00000000	80.00000000
18	77	1	84.00000000	80.00000000
18	78	1	84.00000000	80.00000000
18	79	1	84.00000000	80.00000000
18	80	1	84.00000000	80.00000000
18	81	1	84.00000000	80.00000000
18	82	1	84.00000000	80.00000000
18	83	1	84.00000000	80.00000000
18	84	1	84.00000000	80.00000000
18	85	1	84.00000000	80.00000000
18	86	1	84.00000000	80.00000000
18	87	1	84.00000000	80.00000000
18	88	1	84.00000000	80.00000000
18	89	1	84.00000000	80.00000000
18	90	1	84.00000000	80.00000000
18	91	1	84.00000000	80.00000000
18	92	1	84.00000000	80.00000000
18	93	1	84.00000000	80.00000000
18	94	1	84.00000000	80.00000000
18	95	1	84.00000000	80.00000000
18	96	1	84.00000000	80.00000000
18	97	1	84.00000000	80.00000000
18	98	1	84.00000000	80.00000000
18	99	1	84.00000000	80.00000000
18	100	1	84.00000000	80.00000000
18	101	1	84.00000000	80.00000000
18	102	1	84.00000000	80.00000000
18	103	1	84.00000000	80.00000000
18	104	1	84.00000000	80.00000000
18	105	1	84.00000000	80.00000000
18	106	1	84.00000000	80.00000000
18	107	1	84.00000000	80.00000000
18	108	1	84.00000000	80.00000000
18	109	1	84.00000000	80.00000000
18	110	1	84.00000000	80.00000000
18	111	1	84.00000000	80.00000000
18	112	1	84.00000000	80.00000000
18	113	1	84.00000000	80.00000000
18	114	1	84.00000000	80.00000000
18	115	1	84.00000000	80.00000000
18	116	1	84.00000000	80.00000000
18	117	1	84.00000000	80.00000000
18	118	1	84.00000000	80.00000000
18	119	1	84.00000000	80.00000000
18	120	1	84.00000000	80.00000000
18	121	1	84.00000000	80.00000000
18	122	1	84.00000000	80.00000000
18	123	1	84.00000000	80.00000000
18	124	1	84.00000000	80.00000000
18	125	1	84.00000000	80.00000000
18	126	1	84.00000000	80.00000000
18	127	1	84.00000000	80.00000000
18	128	1	84.00000000	80.00000000
18	129	1	84.00000000	80.00000000
18	130	1	84.00000000	80.00000000
18	131	1	84.00000000	80.00000000
18	132	1	84.00000000	80.00000000
18	133	1	84.00000000	80.00000000
18	134	1	84.00000000	80.00000000
18	135	1	84.00000000	80.00000000
18	136	1	84.00000000	80.00000000
18	137	1	84.00000000	80.00000000
18	138	1	84.00000000	80.00000000
18	139	1	84.00000000	80.00000000
18	140	1	84.00000000	80.00000000
18	141	1	84.00000000	80.00000000
18	142	1	84.00000000	80.00000000
18	143	1	84.00000000	80.00000000
18	144	1	84.00000000	80.00000000
18	145	1	84.00000000	80.00000000
18	146	1	84.00000000	80.00000000
18	147	1	84.00000000	80.00000000
18	148	1	84.00000000	80.00000000
18	149	1	84.00000000	80.00000000
18	150	1	84.00000000	80.00000000
18	151	1	84.00000000	80.00000000
18	152	1	84.00000000	80.00000000
18	153	1	84.00000000	80.00000000
18	154	1	84.00000000	80.00000000
18	155	1	84.00000000	80.00000000
18	156	1	84.00000000	80.00000000
18	157	1	84.00000000	80.00000000
18	158	1	84.00000000	80.00000000
18	159	1	84.00000000	80.00000000
18	160	1	84.00000000	80.00000000
18	161	1	84.00000000	80.00000000
18	162	1	84.00000000	80.00000000
18	163	1	84.00000000	80.00000000
18	164	1	84.00000000	80.00000000
18	165	1	84.00000000	80.00000000
18	166	1	84.00000000	80.00000000
18	167	1	84.00000000	80.00000000
18	168	1	84.00000000	80.00000000
18	169	1	84.00000000	80.00000000
18	170	1	84.00000000	80.00000000
18	171	1	84.00000000	80.00000000
18	172	1	84.00000000	80.00000000
18	173	1	84.00000000	80.00000000
18	174	1	84.00000000	80.00000000
18	175	1	84.00000000	80.00000000
18	176	1	84.00000000	80.00000000
18	177	1	84.00000000	80.00000000
18	178	1	84.00000000	80.00000000
18	179	1	84.00000000	80.00000000
18	180	1	84.00000000	80.00000000
18	181	1	84.00000000	80.00000000
18	182	1	84.00000000	80.00000000
18	183	1	84.00000000	80.00000000
18	184	1	84.00000000	80.00000000
18	185	1	84.00000000	80.00000000
18	186	1	84.00000000	80.00000000
18	187	1	84.00000000	80.00000000
18	188	1	84.00000000	80.00000000
18	189	1	84.00000000	80.00000000
18	190	1	84.00000000	80.00000000
18	191	1	84.00000000	80.00000000
18	192	1	84.00000000	80.00000000
18	193	1	84.00000000	80.00000000
18	194	1	84.00000000	80.00000000
18	195	1	84.00000000	80.00000000
18	196	1	84.00000000	80.00000000
18	197	1	84.00000000	80.00000000
18	198	1	84.00000000	80.00000000
18	199	1	84.00000000	80.00000000
18	200	1	84.00000000	80.00000000
18	201	1	84.00000000	80.00000000
18	202	1	84.00000000	80.00000000
18	203	1	84.00000000	80.00000000
18	204	1	84.00000000	80.00000000
18	205	1	84.00000000	80.00000000
18	206	1	84.00000000	80.00000000
18	207	1	84.00000000	80.00000000
18	208	1	84.00000000	80.00000000
18	209	1	84.00000000	80.00000000
18	210	1	84.00000000	80.00000000
18	211	1	84.00000000	80.00000000
18	212	1	84.00000000	80.00000000
18	213	1	84.00000000	80.00000000
18	214	1	84.00000000	80.00000000
18	215	1	84.00000000	80.00000000
18	216	1	84.00000000	80.00000000
18	217	1	84.00000000	80.00000000
18	218	1	84.00000000	80.00000000
18	219	1	84.00000000	80.00000000
18	220	1	84.00000000	80.00000000
18	221	1	84.00000000	80.00000000
18	222	1	84.00000000	80.00000000
18	223	1	84.00000000	80.00000000
18	224	1	84.00000000	80.00000000
18	225	1	84.00000000	80.00000000
18	226	1	84.00000000	80.00000000
18	227	1	84.00000000	80.00000000
18	228	1	84.00000000	80.00000000
18	229	1	84.00000000	80.00000000
18	230	1	84.00000000	80.00000000
18	231	1	84.00000000	80.00000000
19	0	1	84.00000000	80.00000000
19	1	1	84.00000000	80.00000000
19	2	1	84.00000000	80.00000000
19	3	1	84.00000000	80.00000000
19	4	1	84.00000000	80.00000000
19	5	1	84.00000000	80.00000000
19	6	1	84.00000000	80.00000000
19	7	1	84.00000000	80.00000000
19	8	1	84.00000000	80.00000000
19	9	1	84.00000000	80.00000000
19	10	1	84.00000000	80.00000000
19	11	1	84.00000000	80.00000000
19	12	1	84.00000000	80.00000000
19	13	1	84.00000000	80.00000000
19	14	1	84.00000000	80.00000000
19	15	1	84.00000000	80.00000000
19	16	1	84.00000000	80.00000000
19	17	1	84.00000000	80.00000000
19	18	1	84.00000000	80.00000000
19	19	1	84.00000000	80.00000000
19	20	1	84.00000000	80.00000000
19	21	1	84.00000000	80.00000000
19	22	1	84.00000000	80.00000000
19	23	1	84.00000000	80.00000000
19	24	1	84.00000000	80.00000000
19	25	1	84.00000000	80.00000000
19	26	1	84.00000000	80.00000000
19	27	1	84.00000000	80.00000000
19	28	1	84.00000000	80.00000000
19	29	1	84.00000000	80.00000000
19	30	1	84.00000000	80.00000000
19	31	1	84.00000000	80.00000000
19	32	1	84.00000000	80.00000000
19	33	1	84.00000000	80.00000000
19	34	1	84.00000000	80.00000000
19	35	1	84.00000000	80.00000000
19	36	1	84.00000000	80.00000000
19	37	1	84.00000000	80.00000000
19	38	1	84.00000000	80.00000000
19	39	1	84.00000000	80.00000000
19	40	1	84.00000000	80.00000000
19	41	1	84.00000000	80.00000000
19	42	1	84.00000000	80.00000000
19	43	1	84.00000000	80.00000000
19	44	1	84.00000000	80.00000000
19	45	1	84.00000000	80.00000000
19	46	1	84.00000000	80.00000000
19	47	1	84.00000000	80.00000000
19	48	1	84.00000000	80.00000000
19	49	1	84.00000000	80.00000000
19	50	1	84.00000000	80.00000000
19	51	1	84.00000000	80.00000000
19	52	1	84.00000000	80.00000000
19	53	1	84.00000000	80.00000000
19	54	1	84.00000000	80.00000000
19	55	1	84.00000000	80.00000000
19	56	1	84.00000000	80.00000000
19	57	1	84.00000000	80.00000000
19	58	1	84.00000000	80.00000000
19	59	1	84.00000000	80.00000000
19	60	1	84.00000000	80.00000000
19	61	1	84.00000000	80.00000000
19	62	1	84.00000000	80.00000000
19	63	1	84.00000000	80.00000000
19	64	1	84.00000000	80.00000000
19	65	1	84.00000000	80.00000000
19	66	1	84.00000000	80.00000000
19	67	1	84.00000000	80.00000000
19	68	1	84.00000000	80.00000000
19	69	1	84.00000000	80.00000000
19	70	1	84.00000000	80.00000000
19	71	1	84.00000000	80.00000000
19	72	1	84.00000000	80.00000000
19	73	1	84.00000000	80.00000000
19	74	1	84.00000000	80.00000000
19	75	1	84.00000000	80.00000000
19	76	1	84.00000000	80.00000000
19	77	1	84.00000000	80.00000000
19	78	1	84.00000000	80.00000000
19	79	1	84.00000000	80.00000000
19	80	1	84.00000000	80.00000000
19	81	1	84.00000000	80.00000000
19	82	1	84.00000000	80.00000000
19	83	1	84.00000000	80.00000000
19	84	1	84.00000000	80.00000000
19	85	1	84.00000000	80.00000000
19	86	1	84.00000000	80.00000000
19	87	1	84.00000000	80.00000000
19	88	1	84.00000000	80.00000000
19	89	1	84.00000000	80.00000000
19	90	1	84.00000000	80.00000000
19	91	1	84.00000000	80.00000000
19	92	1	84.00000000	80.00000000
19	93	1	84.00000000	80.00000000
19	94	1	84.00000000	80.00000000
19	95	1	84.00000000	80.00000000
19	96	1	84.00000000	80.00000000
19	97	1	84.00000000	80.00000000
19	98	1	84.00000000	80.00000000
19	99	1	84.00000000	80.00000000
19	100	1	84.00000000	80.00000000
19	101	1	84.00000000	80.00000000
19	102	1	84.00000000	80.00000000
19	103	1	84.00000000	80.00000000
19	104	1	84.00000000	80.00000000
19	105	1	84.00000000	80.00000000
19	106	1	84.00000000	80.00000000
19	107	1	84.00000000	80.00000000
19	108	1	84.00000000	80.00000000
19	109	1	84.00000000	80.00000000
19	110	1	84.00000000	80.00000000
19	111	1	84.00000000	80.00000000
19	112	1	84.00000000	80.00000000
19	113	1	84.00000000	80.00000000
19	114	1	84.00000000	80.00000000
19	115	1	84.00000000	80.00000000
19	116	1	84.00000000	80.00000000
19	117	1	84.00000000	80.00000000
19	118	1	84.00000000	80.00000000
19	119	1	84.00000000	80.00000000
19	120	1	84.00000000	80.00000000
19	121	1	84.00000000	80.00000000
19	122	1	84.00000000	80.00000000
19	123	1	84.00000000	80.00000000
19	124	1	84.00000000	80.00000000
19	125	1	84.00000000	80.00000000
19	126	1	84.00000000	80.00000000
19	127	1	84.00000000	80.00000000
19	128	1	84.00000000	80.00000000
19	129	1	84.00000000	80.00000000
19	130	1	84.00000000	80.00000000
19	131	1	84.00000000	80.00000000
19	132	1	84.00000000	80.00000000
19	133	1	84.00000000	80.00000000
19	134	1	84.00000000	80.00000000
19	135	1	84.00000000	80.00000000
19	136	1	84.00000000	80.00000000
19	137	1	84.00000000	80.00000000
19	138	1	84.00000000	80.00000000
19	139	1	84.00000000	80.00000000
19	140	1	84.00000000	80.00000000
19	141	1	84.00000000	80.00000000
19	142	1	84.00000000	80.00000000
19	143	1	84.00000000	80.00000000
19	144	1	84.00000000	80.00000000
19	145	1	84.00000000	80.00000000
19	146	1	84.00000000	80.00000000
19	147	1	84.00000000	80.00000000
19	148	1	84.00000000	80.00000000
19	149	1	84.00000000	80.00000000
19	150	1	84.00000000	80.00000000
19	151	1	84.00000000	80.00000000
19	152	1	84.00000000	80.00000000
19	153	1	84.00000000	80.00000000
19	154	1	84.00000000	80.00000000
19	155	1	84.00000000	80.00000000
19	156	1	84.00000000	80.00000000
19	157	1	84.00000000	80.00000000
19	158	1	84.00000000	80.00000000
19	159	1	84.00000000	80.00000000
19	160	1	84.00000000	80.00000000
19	161	1	84.00000000	80.00000000
19	162	1	84.00000000	80.00000000
19	163	1	84.00000000	80.00000000
19	164	1	84.00000000	80.00000000
19	165	1	84.00000000	80.00000000
19	166	1	84.00000000	80.00000000
19	167	1	84.00000000	80.00000000
19	168	1	84.00000000	80.00000000
19	169	1	84.00000000	80.00000000
19	170	1	84.00000000	80.00000000
19	171	1	84.00000000	80.00000000
19	172	1	84.00000000	80.00000000
19	173	1	84.00000000	80.00000000
19	174	1	84.00000000	80.00000000
19	175	1	84.00000000	80.00000000
19	176	1	84.00000000	80.00000000
19	177	1	84.00000000	80.00000000
19	178	1	84.00000000	80.00000000
19	179	1	84.00000000	80.00000000
19	180	1	84.00000000	80.00000000
19	181	1	84.00000000	80.00000000
19	182	1	84.00000000	80.00000000
19	183	1	84.00000000	80.00000000
19	184	1	84.00000000	80.00000000
19	185	1	84.00000000	80.00000000
19	186	1	84.00000000	80.00000000
19	187	1	84.00000000	80.00000000
19	188	1	84.00000000	80.00000000
19	189	1	84.00000000	80.00000000
19	190	1	84.00000000	80.00000000
19	191	1	84.00000000	80.00000000
19	192	1	84.00000000	80.00000000
19	193	1	84.00000000	80.00000000
19	194	1	84.00000000	80.00000000
19	195	1	84.00000000	80.00000000
19	196	1	84.00000000	80.00000000
19	197	1	84.00000000	80.00000000
19	198	1	84.00000000	80.00000000
19	199	1	84.00000000	80.00000000
19	200	1	84.00000000	80.00000000
19	201	1	84.00000000	80.00000000
19	202	1	84.00000000	80.00000000
19	203	1	84.00000000	80.00000000
19	204	1	84.00000000	80.00000000
19	205	1	84.00000000	80.00000000
19	206	1	84.00000000	80.00000000
19	207	1	84.00000000	80.00000000
19	208	1	84.00000000	80.00000000
19	209	1	84.00000000	80.00000000
19	210	1	84.00000000	80.00000000
19	211	1	84.00000000	80.00000000
19	212	1	84.00000000	80.00000000
19	213	1	84.00000000	80.00000000
19	214	1	84.00000000	80.00000000
19	215	1	84.00000000	80.00000000
19	216	1	84.00000000	80.00000000
19	217	1	84.00000000	80.00000000
19	218	1	84.00000000	80.00000000
19	219	1	84.00000000	80.00000000
19	220	1	84.00000000	80.00000000
19	221	1	84.00000000	80.00000000
19	222	1	84.00000000	80.00000000
19	223	1	84.00000000	80.00000000
19	224	1	84.00000000	80.00000000
19	225	1	84.00000000	80.00000000
19	226	1	84.00000000	80.00000000
19	227	1	84.00000000	80.00000000
19	228	1	84.00000000	80.00000000
19	229	1	84.00000000	80.00000000
19	230	1	84.00000000	80.00000000
19	231	1	84.00000000	80.00000000
19	232	1	84.00000000	80.00000000
19	233	1	84.00000000	80.00000000
19	234	1	84.00000000	80.00000000
19	235	1	84.00000000	80.00000000
19	236	1	84.00000000	80.00000000
19	237	1	84.00000000	80.00000000
20	0	1	84.00000000	80.00000000
20	1	1	84.00000000	80.00000000
20	2	1	84.00000000	80.00000000
20	3	1	84.00000000	80.00000000
20	4	1	84.00000000	80.00000000
20	5	1	84.00000000	80.00000000
20	6	1	84.00000000	80.00000000
20	7	1	84.00000000	80.00000000
20	8	1	84.00000000	80.00000000
20	9	1	84.00000000	80.00000000
20	10	1	84.00000000	80.00000000
20	11	1	84.00000000	80.00000000
20	12	1	84.00000000	80.00000000
20	13	1	84.00000000	80.00000000
20	14	1	84.00000000	80.00000000
20	15	1	84.00000000	80.00000000
20	16	1	84.00000000	80.00000000
20	17	1	84.00000000	80.00000000
20	18	1	84.00000000	80.00000000
20	19	1	84.00000000	80.00000000
20	20	1	84.00000000	80.00000000
20	21	1	84.00000000	80.00000000
20	22	1	84.00000000	80.00000000
20	23	1	84.00000000	80.00000000
20	24	1	84.00000000	80.00000000
20	25	1	84.00000000	80.00000000
20	26	1	84.00000000	80.00000000
20	27	1	84.00000000	80.00000000
20	28	1	84.00000000	80.00000000
20	29	1	84.00000000	80.00000000
20	30	1	84.00000000	80.00000000
20	31	1	84.00000000	80.00000000
20	32	1	84.00000000	80.00000000
20	33	1	84.00000000	80.00000000
20	34	1	84.00000000	80.00000000
20	35	1	84.00000000	80.00000000
20	36	1	84.00000000	80.00000000
20	37	1	84.00000000	80.00000000
20	38	1	84.00000000	80.00000000
20	39	1	84.00000000	80.00000000
20	40	1	84.00000000	80.00000000
20	41	1	84.00000000	80.00000000
20	42	1	84.00000000	80.00000000
20	43	1	84.00000000	80.00000000
20	44	1	84.00000000	80.00000000
20	45	1	84.00000000	80.00000000
20	46	1	84.00000000	80.00000000
20	47	1	84.00000000	80.00000000
20	48	1	84.00000000	80.00000000
20	49	1	84.00000000	80.00000000
20	50	1	84.00000000	80.00000000
20	51	1	84.00000000	80.00000000
20	52	1	84.00000000	80.00000000
20	53	1	84.00000000	80.00000000
20	54	1	84.00000000	80.00000000
20	55	1	84.00000000	80.00000000
20	56	1	84.00000000	80.00000000
20	57	1	84.00000000	80.00000000
20	58	1	84.00000000	80.00000000
20	59	1	84.00000000	80.00000000
20	60	1	84.00000000	80.00000000
20	61	1	84.00000000	80.00000000
20	62	1	84.00000000	80.00000000
20	63	1	84.00000000	80.00000000
20	64	1	84.00000000	80.00000000
20	65	1	84.00000000	80.00000000
20	66	1	84.00000000	80.00000000
20	67	1	84.00000000	80.00000000
20	68	1	84.00000000	80.00000000
20	69	1	84.00000000	80.00000000
20	70	1	84.00000000	80.00000000
20	71	1	84.00000000	80.00000000
20	72	1	84.00000000	80.00000000
20	73	1	84.00000000	80.00000000
20	74	1	84.00000000	80.00000000
20	75	1	84.00000000	80.00000000
20	76	1	84.00000000	80.00000000
20	77	1	84.00000000	80.00000000
20	78	1	84.00000000	80.00000000
20	79	1	84.00000000	80.00000000
20	80	1	84.00000000	80.00000000
20	81	1	84.00000000	80.00000000
20	82	1	84.00000000	80.00000000
20	83	1	84.00000000	80.00000000
20	84	1	84.00000000	80.00000000
20	85	1	84.00000000	80.00000000
20	86	1	84.00000000	80.00000000
20	87	1	84.00000000	80.00000000
20	88	1	84.00000000	80.00000000
20	89	1	84.00000000	80.00000000
20	90	1	84.00000000	80.00000000
20	91	1	84.00000000	80.00000000
20	92	1	84.00000000	80.00000000
20	93	1	84.00000000	80.00000000
20	94	1	84.00000000	80.00000000
20	95	1	84.00000000	80.00000000
20	96	1	84.00000000	80.00000000
20	97	1	84.00000000	80.00000000
20	98	1	84.00000000	80.00000000
20	99	1	84.00000000	80.00000000
20	100	1	84.00000000	80.00000000
20	101	1	84.00000000	80.00000000
20	102	1	84.00000000	80.00000000
20	103	1	84.00000000	80.00000000
20	104	1	84.00000000	80.00000000
20	105	1	84.00000000	80.00000000
20	106	1	84.00000000	80.00000000
20	107	1	84.00000000	80.00000000
20	108	1	84.00000000	80.00000000
20	109	1	84.00000000	80.00000000
20	110	1	84.00000000	80.00000000
20	111	1	84.00000000	80.00000000
20	112	1	84.00000000	80.00000000
20	113	1	84.00000000	80.00000000
20	114	1	84.00000000	80.00000000
20	115	1	84.00000000	80.00000000
20	116	1	84.00000000	80.00000000
20	117	1	84.00000000	80.00000000
20	118	1	84.00000000	80.00000000
20	119	1	84.00000000	80.00000000
20	120	1	84.00000000	80.00000000
20	121	1	84.00000000	80.00000000
20	122	1	84.00000000	80.00000000
20	123	1	84.00000000	80.00000000
20	124	1	84.00000000	80.00000000
20	125	1	84.00000000	80.00000000
20	126	1	84.00000000	80.00000000
20	127	1	84.00000000	80.00000000
20	128	1	84.00000000	80.00000000
20	129	1	84.00000000	80.00000000
20	130	1	84.00000000	80.00000000
20	131	1	84.00000000	80.00000000
20	132	1	84.00000000	80.00000000
20	133	1	84.00000000	80.00000000
20	134	1	84.00000000	80.00000000
20	135	1	84.00000000	80.00000000
20	136	1	84.00000000	80.00000000
20	137	1	84.00000000	80.00000000
20	138	1	84.00000000	80.00000000
20	139	1	84.00000000	80.00000000
20	140	1	84.00000000	80.00000000
20	141	1	84.00000000	80.00000000
20	142	1	84.00000000	80.00000000
20	143	1	84.00000000	80.00000000
20	144	1	84.00000000	80.00000000
20	145	1	84.00000000	80.00000000
20	146	1	84.00000000	80.00000000
20	147	1	84.00000000	80.00000000
20	148	1	84.00000000	80.00000000
20	149	1	84.00000000	80.00000000
20	150	1	84.00000000	80.00000000
20	151	1	84.00000000	80.00000000
20	152	1	84.00000000	80.00000000
20	153	1	84.00000000	80.00000000
20	154	1	84.00000000	80.00000000
20	155	1	84.00000000	80.00000000
20	156	1	84.00000000	80.00000000
20	157	1	84.00000000	80.00000000
20	158	1	84.00000000	80.00000000
20	159	1	84.00000000	80.00000000
20	160	1	84.00000000	80.00000000
20	161	1	84.00000000	80.00000000
20	162	1	84.00000000	80.00000000
20	163	1	84.00000000	80.00000000
20	164	1	84.00000000	80.00000000
20	165	1	84.00000000	80.00000000
20	166	1	84.00000000	80.00000000
20	167	1	84.00000000	80.00000000
20	168	1	84.00000000	80.00000000
20	169	1	84.00000000	80.00000000
20	170	1	84.00000000	80.00000000
20	171	1	84.00000000	80.00000000
20	172	1	84.00000000	80.00000000
20	173	1	84.00000000	80.00000000
20	174	1	84.00000000	80.00000000
20	175	1	84.00000000	80.00000000
20	176	1	84.00000000	80.00000000
20	177	1	84.00000000	80.00000000
20	178	1	84.00000000	80.00000000
20	179	1	84.00000000	80.00000000
20	180	1	84.00000000	80.00000000
20	181	1	84.00000000	80.00000000
20	182	1	84.00000000	80.00000000
20	183	1	84.00000000	80.00000000
20	184	1	84.00000000	80.00000000
20	185	1	84.00000000	80.00000000
20	186	1	84.00000000	80.00000000
20	187	1	84.00000000	80.00000000
20	188	1	84.00000000	80.00000000
20	189	1	84.00000000	80.00000000
20	190	1	84.00000000	80.00000000
20	191	1	84.00000000	80.00000000
20	192	1	84.00000000	80.00000000
20	193	1	84.00000000	80.00000000
20	194	1	84.00000000	80.00000000
20	195	1	84.00000000	80.00000000
20	196	1	84.00000000	80.00000000
20	197	1	84.00000000	80.00000000
20	198	1	84.00000000	80.00000000
20	199	1	84.00000000	80.00000000
20	200	1	84.00000000	80.00000000
20	201	1	84.00000000	80.00000000
20	202	1	84.00000000	80.00000000
20	203	1	84.00000000	80.00000000
20	204	1	84.00000000	80.00000000
20	205	1	84.00000000	80.00000000
20	206	1	84.00000000	80.00000000
20	207	1	84.00000000	80.00000000
20	208	1	84.00000000	80.00000000
20	209	1	84.00000000	80.00000000
20	210	1	84.00000000	80.00000000
20	211	1	84.00000000	80.00000000
20	212	1	84.00000000	80.00000000
20	213	1	84.00000000	80.00000000
20	214	1	84.00000000	80.00000000
20	215	1	84.00000000	80.00000000
20	216	1	84.00000000	80.00000000
20	217	1	84.00000000	80.00000000
20	218	1	84.00000000	80.00000000
20	219	1	84.00000000	80.00000000
20	220	1	84.00000000	80.00000000
20	221	1	84.00000000	80.00000000
20	222	1	84.00000000	80.00000000
20	223	1	84.00000000	80.00000000
20	224	1	84.00000000	80.00000000
20	225	1	84.00000000	80.00000000
20	226	1	84.00000000	80.00000000
20	227	1	84.00000000	80.00000000
20	228	1	84.00000000	80.00000000
20	229	1	84.00000000	80.00000000
20	230	1	84.00000000	80.00000000
20	231	1	84.00000000	80.00000000
20	232	1	84.00000000	80.00000000
20	233	1	84.00000000	80.00000000
20	234	1	84.00000000	80.00000000
20	235	1	84.00000000	80.00000000
20	236	1	84.00000000	80.00000000
20	237	1	84.00000000	80.00000000
20	238	1	84.00000000	80.00000000
20	239	1	84.00000000	80.00000000
20	240	1	84.00000000	80.00000000
20	241	1	84.00000000	80.00000000
20	242	1	84.00000000	80.00000000
20	243	1	84.00000000	80.00000000
21	0	1	84.00000000	80.00000000
21	1	1	84.00000000	80.00000000
21	2	1	84.00000000	80.00000000
21	3	1	84.00000000	80.00000000
21	4	1	84.00000000	80.00000000
21	5	1	84.00000000	80.00000000
21	6	1	84.00000000	80.00000000
21	7	1	84.00000000	80.00000000
21	8	1	84.00000000	80.00000000
21	9	1	84.00000000	80.00000000
21	10	1	84.00000000	80.00000000
21	11	1	84.00000000	80.00000000
21	12	1	84.00000000	80.00000000
21	13	1	84.00000000	80.00000000
21	14	1	84.00000000	80.00000000
21	15	1	84.00000000	80.00000000
21	16	1	84.00000000	80.00000000
21	17	1	84.00000000	80.00000000
21	18	1	84.00000000	80.00000000
21	19	1	84.00000000	80.00000000
21	20	1	84.00000000	80.00000000
21	21	1	84.00000000	80.00000000
21	22	1	84.00000000	80.00000000
21	23	1	84.00000000	80.00000000
21	24	1	84.00000000	80.00000000
21	25	1	84.00000000	80.00000000
21	26	1	84.00000000	80.00000000
21	27	1	84.00000000	80.00000000
21	28	1	84.00000000	80.00000000
21	29	1	84.00000000	80.00000000
21	30	1	84.00000000	80.00000000
21	31	1	84.00000000	80.00000000
21	32	1	84.00000000	80.00000000
21	33	1	84.00000000	80.00000000
21	34	1	84.00000000	80.00000000
21	35	1	84.00000000	80.00000000
21	36	1	84.00000000	80.00000000
21	37	1	84.00000000	80.00000000
21	38	1	84.00000000	80.00000000
21	39	1	84.00000000	80.00000000
21	40	1	84.00000000	80.00000000
21	41	1	84.00000000	80.00000000
21	42	1	84.00000000	80.00000000
21	43	1	84.00000000	80.00000000
21	44	1	84.00000000	80.00000000
21	45	1	84.00000000	80.00000000
21	46	1	84.00000000	80.00000000
21	47	1	84.00000000	80.00000000
21	48	1	84.00000000	80.00000000
21	49	1	84.00000000	80.00000000
21	50	1	84.00000000	80.00000000
21	51	1	84.00000000	80.00000000
21	52	1	84.00000000	80.00000000
21	53	1	84.00000000	80.00000000
21	54	1	84.00000000	80.00000000
21	55	1	84.00000000	80.00000000
21	56	1	84.00000000	80.00000000
21	57	1	84.00000000	80.00000000
21	58	1	84.00000000	80.00000000
21	59	1	84.00000000	80.00000000
21	60	1	84.00000000	80.00000000
21	61	1	84.00000000	80.00000000
21	62	1	84.00000000	80.00000000
21	63	1	84.00000000	80.00000000
21	64	1	84.00000000	80.00000000
21	65	1	84.00000000	80.00000000
21	66	1	84.00000000	80.00000000
21	67	1	84.00000000	80.00000000
21	68	1	84.00000000	80.00000000
21	69	1	84.00000000	80.00000000
21	70	1	84.00000000	80.00000000
21	71	1	84.00000000	80.00000000
21	72	1	84.00000000	80.00000000
21	73	1	84.00000000	80.00000000
21	74	1	84.00000000	80.00000000
21	75	1	84.00000000	80.00000000
21	76	1	84.00000000	80.00000000
21	77	1	84.00000000	80.00000000
21	78	1	84.00000000	80.00000000
21	79	1	84.00000000	80.00000000
21	80	1	84.00000000	80.00000000
21	81	1	84.00000000	80.00000000
21	82	1	84.00000000	80.00000000
21	83	1	84.00000000	80.00000000
21	84	1	84.00000000	80.00000000
21	85	1	84.00000000	80.00000000
21	86	1	84.00000000	80.00000000
21	87	1	84.00000000	80.00000000
21	88	1	84.00000000	80.00000000
21	89	1	84.00000000	80.00000000
21	90	1	84.00000000	80.00000000
21	91	1	84.00000000	80.00000000
21	92	1	84.00000000	80.00000000
21	93	1	84.00000000	80.00000000
21	94	1	84.00000000	80.00000000
21	95	1	84.00000000	80.00000000
21	96	1	84.00000000	80.00000000
21	97	1	84.00000000	80.00000000
21	98	1	84.00000000	80.00000000
21	99	1	84.00000000	80.00000000
21	100	1	84.00000000	80.00000000
21	101	1	84.00000000	80.00000000
21	102	1	84.00000000	80.00000000
21	103	1	84.00000000	80.00000000
21	104	1	84.00000000	80.00000000
21	105	1	84.00000000	80.00000000
21	106	1	84.00000000	80.00000000
21	107	1	84.00000000	80.00000000
21	108	1	84.00000000	80.00000000
21	109	1	84.00000000	80.00000000
21	110	1	84.00000000	80.00000000
21	111	1	84.00000000	80.00000000
21	112	1	84.00000000	80.00000000
21	113	1	84.00000000	80.00000000
21	114	1	84.00000000	80.00000000
21	115	1	84.00000000	80.00000000
21	116	1	84.00000000	80.00000000
21	117	1	84.00000000	80.00000000
21	118	1	84.00000000	80.00000000
21	119	1	84.00000000	80.00000000
21	120	1	84.00000000	80.00000000
21	121	1	84.00000000	80.00000000
21	122	1	84.00000000	80.00000000
21	123	1	84.00000000	80.00000000
21	124	1	84.00000000	80.00000000
21	125	1	84.00000000	80.00000000
21	126	1	84.00000000	80.00000000
21	127	1	84.00000000	80.00000000
21	128	1	84.00000000	80.00000000
21	129	1	84.00000000	80.00000000
21	130	1	84.00000000	80.00000000
21	131	1	84.00000000	80.00000000
21	132	1	84.00000000	80.00000000
21	133	1	84.00000000	80.00000000
21	134	1	84.00000000	80.00000000
21	135	1	84.00000000	80.00000000
21	136	1	84.00000000	80.00000000
21	137	1	84.00000000	80.00000000
21	138	1	84.00000000	80.00000000
21	139	1	84.00000000	80.00000000
21	140	1	84.00000000	80.00000000
21	141	1	84.00000000	80.00000000
21	142	1	84.00000000	80.00000000
21	143	1	84.00000000	80.00000000
21	144	1	84.00000000	80.00000000
21	145	1	84.00000000	80.00000000
21	146	1	84.00000000	80.00000000
21	147	1	84.00000000	80.00000000
21	148	1	84.00000000	80.00000000
21	149	1	84.00000000	80.00000000
21	150	1	84.00000000	80.00000000
21	151	1	84.00000000	80.00000000
21	152	1	84.00000000	80.00000000
21	153	1	84.00000000	80.00000000
21	154	1	84.00000000	80.00000000
21	155	1	84.00000000	80.00000000
21	156	1	84.00000000	80.00000000
21	157	1	84.00000000	80.00000000
21	158	1	84.00000000	80.00000000
21	159	1	84.00000000	80.00000000
21	160	1	84.00000000	80.00000000
21	161	1	84.00000000	80.00000000
21	162	1	84.00000000	80.00000000
21	163	1	84.00000000	80.00000000
21	164	1	84.00000000	80.00000000
21	165	1	84.00000000	80.00000000
21	166	1	84.00000000	80.00000000
21	167	1	84.00000000	80.00000000
21	168	1	84.00000000	80.00000000
21	169	1	84.00000000	80.00000000
21	170	1	84.00000000	80.00000000
21	171	1	84.00000000	80.00000000
21	172	1	84.00000000	80.00000000
21	173	1	84.00000000	80.00000000
21	174	1	84.00000000	80.00000000
21	175	1	84.00000000	80.00000000
21	176	1	84.00000000	80.00000000
21	177	1	84.00000000	80.00000000
21	178	1	84.00000000	80.00000000
21	179	1	84.00000000	80.00000000
21	180	1	84.00000000	80.00000000
21	181	1	84.00000000	80.00000000
21	182	1	84.00000000	80.00000000
21	183	1	84.00000000	80.00000000
21	184	1	84.00000000	80.00000000
21	185	1	84.00000000	80.00000000
21	186	1	84.00000000	80.00000000
21	187	1	84.00000000	80.00000000
21	188	1	84.00000000	80.00000000
21	189	1	84.00000000	80.00000000
21	190	1	84.00000000	80.00000000
21	191	1	84.00000000	80.00000000
21	192	1	84.00000000	80.00000000
21	193	1	84.00000000	80.00000000
21	194	1	84.00000000	80.00000000
21	195	1	84.00000000	80.00000000
21	196	1	84.00000000	80.00000000
21	197	1	84.00000000	80.00000000
21	198	1	84.00000000	80.00000000
21	199	1	84.00000000	80.00000000
21	200	1	84.00000000	80.00000000
21	201	1	84.00000000	80.00000000
21	202	1	84.00000000	80.00000000
21	203	1	84.00000000	80.00000000
21	204	1	84.00000000	80.00000000
21	205	1	84.00000000	80.00000000
21	206	1	84.00000000	80.00000000
21	207	1	84.00000000	80.00000000
21	208	1	84.00000000	80.00000000
21	209	1	84.00000000	80.00000000
21	210	1	84.00000000	80.00000000
21	211	1	84.00000000	80.00000000
21	212	1	84.00000000	80.00000000
21	213	1	84.00000000	80.00000000
21	214	1	84.00000000	80.00000000
21	215	1	84.00000000	80.00000000
21	216	1	84.00000000	80.00000000
21	217	1	84.00000000	80.00000000
21	218	1	84.00000000	80.00000000
21	219	1	84.00000000	80.00000000
21	220	1	84.00000000	80.00000000
21	221	1	84.00000000	80.00000000
21	222	1	84.00000000	80.00000000
21	223	1	84.00000000	80.00000000
21	224	1	84.00000000	80.00000000
21	225	1	84.00000000	80.00000000
21	226	1	84.00000000	80.00000000
21	227	1	84.00000000	80.00000000
21	228	1	84.00000000	80.00000000
21	229	1	84.00000000	80.00000000
21	230	1	84.00000000	80.00000000
21	231	1	84.00000000	80.00000000
22	0	1	84.00000000	80.00000000
22	1	1	84.00000000	80.00000000
22	2	1	84.00000000	80.00000000
22	3	1	84.00000000	80.00000000
22	4	1	84.00000000	80.00000000
22	5	1	84.00000000	80.00000000
22	6	1	84.00000000	80.00000000
22	7	1	84.00000000	80.00000000
22	8	1	84.00000000	80.00000000
22	9	1	84.00000000	80.00000000
22	10	1	84.00000000	80.00000000
22	11	1	84.00000000	80.00000000
22	12	1	84.00000000	80.00000000
22	13	1	84.00000000	80.00000000
22	14	1	84.00000000	80.00000000
22	15	1	84.00000000	80.00000000
22	16	1	84.00000000	80.00000000
22	17	1	84.00000000	80.00000000
22	18	1	84.00000000	80.00000000
22	19	1	84.00000000	80.00000000
22	20	1	84.00000000	80.00000000
22	21	1	84.00000000	80.00000000
22	22	1	84.00000000	80.00000000
22	23	1	84.00000000	80.00000000
22	24	1	84.00000000	80.00000000
22	25	1	84.00000000	80.00000000
22	26	1	84.00000000	80.00000000
22	27	1	84.00000000	80.00000000
22	28	1	84.00000000	80.00000000
22	29	1	84.00000000	80.00000000
22	30	1	84.00000000	80.00000000
22	31	1	84.00000000	80.00000000
22	32	1	84.00000000	80.00000000
22	33	1	84.00000000	80.00000000
22	34	1	84.00000000	80.00000000
22	35	1	84.00000000	80.00000000
22	36	1	84.00000000	80.00000000
22	37	1	84.00000000	80.00000000
22	38	1	84.00000000	80.00000000
22	39	1	84.00000000	80.00000000
22	40	1	84.00000000	80.00000000
22	41	1	84.00000000	80.00000000
22	42	1	84.00000000	80.00000000
22	43	1	84.00000000	80.00000000
22	44	1	84.00000000	80.00000000
22	45	1	84.00000000	80.00000000
22	46	1	84.00000000	80.00000000
22	47	1	84.00000000	80.00000000
22	48	1	84.00000000	80.00000000
22	49	1	84.00000000	80.00000000
22	50	1	84.00000000	80.00000000
22	51	1	84.00000000	80.00000000
22	52	1	84.00000000	80.00000000
22	53	1	84.00000000	80.00000000
22	54	1	84.00000000	80.00000000
22	55	1	84.00000000	80.00000000
22	56	1	84.00000000	80.00000000
22	57	1	84.00000000	80.00000000
22	58	1	84.00000000	80.00000000
22	59	1	84.00000000	80.00000000
22	60	1	84.00000000	80.00000000
22	61	1	84.00000000	80.00000000
22	62	1	84.00000000	80.00000000
22	63	1	84.00000000	80.00000000
22	64	1	84.00000000	80.00000000
22	65	1	84.00000000	80.00000000
22	66	1	84.00000000	80.00000000
22	67	1	84.00000000	80.00000000
22	68	1	84.00000000	80.00000000
22	69	1	84.00000000	80.00000000
22	70	1	84.00000000	80.00000000
22	71	1	84.00000000	80.00000000
22	72	1	84.00000000	80.00000000
22	73	1	84.00000000	80.00000000
22	74	1	84.00000000	80.00000000
22	75	1	84.00000000	80.00000000
22	76	1	84.00000000	80.00000000
22	77	1	84.00000000	80.00000000
22	78	1	84.00000000	80.00000000
22	79	1	84.00000000	80.00000000
22	80	1	84.00000000	80.00000000
22	81	1	84.00000000	80.00000000
22	82	1	84.00000000	80.00000000
22	83	1	84.00000000	80.00000000
22	84	1	84.00000000	80.00000000
22	85	1	84.00000000	80.00000000
22	86	1	84.00000000	80.00000000
22	87	1	84.00000000	80.00000000
22	88	1	84.00000000	80.00000000
22	89	1	84.00000000	80.00000000
22	90	1	84.00000000	80.00000000
22	91	1	84.00000000	80.00000000
22	92	1	84.00000000	80.00000000
22	93	1	84.00000000	80.00000000
22	94	1	84.00000000	80.00000000
22	95	1	84.00000000	80.00000000
22	96	1	84.00000000	80.00000000
22	97	1	84.00000000	80.00000000
22	98	1	84.00000000	80.00000000
22	99	1	84.00000000	80.00000000
22	100	1	84.00000000	80.00000000
22	101	1	84.00000000	80.00000000
22	102	1	84.00000000	80.00000000
22	103	1	84.00000000	80.00000000
22	104	1	84.00000000	80.00000000
22	105	1	84.00000000	80.00000000
22	106	1	84.00000000	80.00000000
22	107	1	84.00000000	80.00000000
22	108	1	84.00000000	80.00000000
22	109	1	84.00000000	80.00000000
22	110	1	84.00000000	80.00000000
22	111	1	84.00000000	80.00000000
22	112	1	84.00000000	80.00000000
22	113	1	84.00000000	80.00000000
22	114	1	84.00000000	80.00000000
22	115	1	84.00000000	80.00000000
22	116	1	84.00000000	80.00000000
22	117	1	84.00000000	80.00000000
22	118	1	84.00000000	80.00000000
22	119	1	84.00000000	80.00000000
22	120	1	84.00000000	80.00000000
22	121	1	84.00000000	80.00000000
22	122	1	84.00000000	80.00000000
22	123	1	84.00000000	80.00000000
22	124	1	84.00000000	80.00000000
22	125	1	84.00000000	80.00000000
22	126	1	84.00000000	80.00000000
22	127	1	84.00000000	80.00000000
22	128	1	84.00000000	80.00000000
22	129	1	84.00000000	80.00000000
22	130	1	84.00000000	80.00000000
22	131	1	84.00000000	80.00000000
22	132	1	84.00000000	80.00000000
22	133	1	84.00000000	80.00000000
22	134	1	84.00000000	80.00000000
22	135	1	84.00000000	80.00000000
22	136	1	84.00000000	80.00000000
22	137	1	84.00000000	80.00000000
22	138	1	84.00000000	80.00000000
22	139	1	84.00000000	80.00000000
22	140	1	84.00000000	80.00000000
22	141	1	84.00000000	80.00000000
22	142	1	84.00000000	80.00000000
22	143	1	84.00000000	80.00000000
22	144	1	84.00000000	80.00000000
22	145	1	84.00000000	80.00000000
22	146	1	84.00000000	80.00000000
22	147	1	84.00000000	80.00000000
22	148	1	84.00000000	80.00000000
22	149	1	84.00000000	80.00000000
22	150	1	84.00000000	80.00000000
22	151	1	84.00000000	80.00000000
22	152	1	84.00000000	80.00000000
22	153	1	84.00000000	80.00000000
22	154	1	84.00000000	80.00000000
22	155	1	84.00000000	80.00000000
22	156	1	84.00000000	80.00000000
22	157	1	84.00000000	80.00000000
22	158	1	84.00000000	80.00000000
22	159	1	84.00000000	80.00000000
22	160	1	84.00000000	80.00000000
22	161	1	84.00000000	80.00000000
22	162	1	84.00000000	80.00000000
22	163	1	84.00000000	80.00000000
22	164	1	84.00000000	80.00000000
22	165	1	84.00000000	80.00000000
22	166	1	84.00000000	80.00000000
22	167	1	84.00000000	80.00000000
22	168	1	84.00000000	80.00000000
22	169	1	84.00000000	80.00000000
22	170	1	84.00000000	80.00000000
22	171	1	84.00000000	80.00000000
22	172	1	84.00000000	80.00000000
22	173	1	84.00000000	80.00000000
22	174	1	84.00000000	80.00000000
22	175	1	84.00000000	80.00000000
22	176	1	84.00000000	80.00000000
22	177	1	84.00000000	80.00000000
22	178	1	84.00000000	80.00000000
22	179	1	84.00000000	80.00000000
22	180	1	84.00000000	80.00000000
22	181	1	84.00000000	80.00000000
22	182	1	84.00000000	80.00000000
22	183	1	84.00000000	80.00000000
22	184	1	84.00000000	80.00000000
22	185	1	84.00000000	80.00000000
22	186	1	84.00000000	80.00000000
22	187	1	84.00000000	80.00000000
22	188	1	84.00000000	80.00000000
22	189	1	84.00000000	80.00000000
22	190	1	84.00000000	80.00000000
22	191	1	84.00000000	80.00000000
22	192	1	84.00000000	80.00000000
22	193	1	84.00000000	80.00000000
22	194	1	84.00000000	80.00000000
22	195	1	84.00000000	80.00000000
22	196	1	84.00000000	80.00000000
22	197	1	84.00000000	80.00000000
22	198	1	84.00000000	80.00000000
22	199	1	84.00000000	80.00000000
22	200	1	84.00000000	80.00000000
22	201	1	84.00000000	80.00000000
22	202	1	84.00000000	80.00000000
22	203	1	84.00000000	80.00000000
22	204	1	84.00000000	80.00000000
22	205	1	84.00000000	80.00000000
22	206	1	84.00000000	80.00000000
22	207	1	84.00000000	80.00000000
22	208	1	84.00000000	80.00000000
22	209	1	84.00000000	80.00000000
22	210	1	84.00000000	80.00000000
22	211	1	84.00000000	80.00000000
22	212	1	84.00000000	80.00000000
22	213	1	84.00000000	80.00000000
22	214	1	84.00000000	80.00000000
22	215	1	84.00000000	80.00000000
22	216	1	84.00000000	80.00000000
22	217	1	84.00000000	80.00000000
23	0	1	84.00000000	80.00000000
23	1	1	84.00000000	80.00000000
23	2	1	84.00000000	80.00000000
23	3	1	84.00000000	80.00000000
23	4	1	84.00000000	80.00000000
23	5	1	84.00000000	80.00000000
23	6	1	84.00000000	80.00000000
23	7	1	84.00000000	80.00000000
23	8	1	84.00000000	80.00000000
23	9	1	84.00000000	80.00000000
23	10	1	84.00000000	80.00000000
23	11	1	84.00000000	80.00000000
23	12	1	84.00000000	80.00000000
23	13	1	84.00000000	80.00000000
23	14	1	84.00000000	80.00000000
23	15	1	84.00000000	80.00000000
23	16	1	84.00000000	80.00000000
23	17	1	84.00000000	80.00000000
23	18	1	84.00000000	80.00000000
23	19	1	84.00000000	80.00000000
23	20	1	84.00000000	80.00000000
23	21	1	84.00000000	80.00000000
23	22	1	84.00000000	80.00000000
23	23	1	84.00000000	80.00000000
23	24	1	84.00000000	80.00000000
23	25	1	84.00000000	80.00000000
23	26	1	84.00000000	80.00000000
23	27	1	84.00000000	80.00000000
23	28	1	84.00000000	80.00000000
23	29	1	84.00000000	80.00000000
23	30	1	84.00000000	80.00000000
23	31	1	84.00000000	80.00000000
23	32	1	84.00000000	80.00000000
23	33	1	84.00000000	80.00000000
23	34	1	84.00000000	80.00000000
23	35	1	84.00000000	80.00000000
23	36	1	84.00000000	80.00000000
23	37	1	84.00000000	80.00000000
23	38	1	84.00000000	80.00000000
23	39	1	84.00000000	80.00000000
23	40	1	84.00000000	80.00000000
23	41	1	84.00000000	80.00000000
23	42	1	84.00000000	80.00000000
23	43	1	84.00000000	80.00000000
23	44	1	84.00000000	80.00000000
23	45	1	84.00000000	80.00000000
23	46	1	84.00000000	80.00000000
23	47	1	84.00000000	80.00000000
23	48	1	84.00000000	80.00000000
23	49	1	84.00000000	80.00000000
23	50	1	84.00000000	80.00000000
23	51	1	84.00000000	80.00000000
23	52	1	84.00000000	80.00000000
23	53	1	84.00000000	80.00000000
23	54	1	84.00000000	80.00000000
23	55	1	84.00000000	80.00000000
23	56	1	84.00000000	80.00000000
23	57	1	84.00000000	80.00000000
23	58	1	84.00000000	80.00000000
23	59	1	84.00000000	80.00000000
23	60	1	84.00000000	80.00000000
23	61	1	84.00000000	80.00000000
23	62	1	84.00000000	80.00000000
23	63	1	84.00000000	80.00000000
23	64	1	84.00000000	80.00000000
23	65	1	84.00000000	80.00000000
23	66	1	84.00000000	80.00000000
23	67	1	84.00000000	80.00000000
23	68	1	84.00000000	80.00000000
23	69	1	84.00000000	80.00000000
23	70	1	84.00000000	80.00000000
23	71	1	84.00000000	80.00000000
23	72	1	84.00000000	80.00000000
23	73	1	84.00000000	80.00000000
23	74	1	84.00000000	80.00000000
23	75	1	84.00000000	80.00000000
23	76	1	84.00000000	80.00000000
23	77	1	84.00000000	80.00000000
23	78	1	84.00000000	80.00000000
23	79	1	84.00000000	80.00000000
23	80	1	84.00000000	80.00000000
23	81	1	84.00000000	80.00000000
23	82	1	84.00000000	80.00000000
23	83	1	84.00000000	80.00000000
23	84	1	84.00000000	80.00000000
23	85	1	84.00000000	80.00000000
23	86	1	84.00000000	80.00000000
23	87	1	84.00000000	80.00000000
23	88	1	84.00000000	80.00000000
23	89	1	84.00000000	80.00000000
23	90	1	84.00000000	80.00000000
23	91	1	84.00000000	80.00000000
23	92	1	84.00000000	80.00000000
23	93	1	84.00000000	80.00000000
23	94	1	84.00000000	80.00000000
23	95	1	84.00000000	80.00000000
23	96	1	84.00000000	80.00000000
23	97	1	84.00000000	80.00000000
23	98	1	84.00000000	80.00000000
23	99	1	84.00000000	80.00000000
23	100	1	84.00000000	80.00000000
23	101	1	84.00000000	80.00000000
23	102	1	84.00000000	80.00000000
23	103	1	84.00000000	80.00000000
23	104	1	84.00000000	80.00000000
23	105	1	84.00000000	80.00000000
23	106	1	84.00000000	80.00000000
23	107	1	84.00000000	80.00000000
23	108	1	84.00000000	80.00000000
23	109	1	84.00000000	80.00000000
23	110	1	84.00000000	80.00000000
23	111	1	84.00000000	80.00000000
23	112	1	84.00000000	80.00000000
23	113	1	84.00000000	80.00000000
23	114	1	84.00000000	80.00000000
23	115	1	84.00000000	80.00000000
23	116	1	84.00000000	80.00000000
23	117	1	84.00000000	80.00000000
23	118	1	84.00000000	80.00000000
23	119	1	84.00000000	80.00000000
23	120	1	84.00000000	80.00000000
23	121	1	84.00000000	80.00000000
23	122	1	84.00000000	80.00000000
23	123	1	84.00000000	80.00000000
23	124	1	84.00000000	80.00000000
23	125	1	84.00000000	80.00000000
23	126	1	84.00000000	80.00000000
23	127	1	84.00000000	80.00000000
23	128	1	84.00000000	80.00000000
23	129	1	84.00000000	80.00000000
23	130	1	84.00000000	80.00000000
23	131	1	84.00000000	80.00000000
23	132	1	84.00000000	80.00000000
23	133	1	84.00000000	80.00000000
23	134	1	84.00000000	80.00000000
23	135	1	84.00000000	80.00000000
23	136	1	84.00000000	80.00000000
23	137	1	84.00000000	80.00000000
23	138	1	84.00000000	80.00000000
23	139	1	84.00000000	80.00000000
23	140	1	84.00000000	80.00000000
23	141	1	84.00000000	80.00000000
23	142	1	84.00000000	80.00000000
23	143	1	84.00000000	80.00000000
23	144	1	84.00000000	80.00000000
23	145	1	84.00000000	80.00000000
23	146	1	84.00000000	80.00000000
23	147	1	84.00000000	80.00000000
23	148	1	84.00000000	80.00000000
23	149	1	84.00000000	80.00000000
23	150	1	84.00000000	80.00000000
23	151	1	84.00000000	80.00000000
23	152	1	84.00000000	80.00000000
23	153	1	84.00000000	80.00000000
23	154	1	84.00000000	80.00000000
23	155	1	84.00000000	80.00000000
23	156	1	84.00000000	80.00000000
23	157	1	84.00000000	80.00000000
23	158	1	84.00000000	80.00000000
23	159	1	84.00000000	80.00000000
23	160	1	84.00000000	80.00000000
23	161	1	84.00000000	80.00000000
23	162	1	84.00000000	80.00000000
23	163	1	84.00000000	80.00000000
23	164	1	84.00000000	80.00000000
23	165	1	84.00000000	80.00000000
23	166	1	84.00000000	80.00000000
23	167	1	84.00000000	80.00000000
23	168	1	84.00000000	80.00000000
23	169	1	84.00000000	80.00000000
23	170	1	84.00000000	80.00000000
23	171	1	84.00000000	80.00000000
23	172	1	84.00000000	80.00000000
23	173	1	84.00000000	80.00000000
23	174	1	84.00000000	80.00000000
23	175	1	84.00000000	80.00000000
23	176	1	84.00000000	80.00000000
23	177	1	84.00000000	80.00000000
23	178	1	84.00000000	80.00000000
23	179	1	84.00000000	80.00000000
23	180	1	84.00000000	80.00000000
23	181	1	84.00000000	80.00000000
23	182	1	84.00000000	80.00000000
23	183	1	84.00000000	80.00000000
23	184	1	84.00000000	80.00000000
23	185	1	84.00000000	80.00000000
23	186	1	84.00000000	80.00000000
23	187	1	84.00000000	80.00000000
23	188	1	84.00000000	80.00000000
23	189	1	84.00000000	80.00000000
23	190	1	84.00000000	80.00000000
23	191	1	84.00000000	80.00000000
23	192	1	84.00000000	80.00000000
23	193	1	84.00000000	80.00000000
23	194	1	84.00000000	80.00000000
23	195	1	84.00000000	80.00000000
23	196	1	84.00000000	80.00000000
23	197	1	84.00000000	80.00000000
23	198	1	84.00000000	80.00000000
23	199	1	84.00000000	80.00000000
23	200	1	84.00000000	80.00000000
23	201	1	84.00000000	80.00000000
23	202	1	84.00000000	80.00000000
23	203	1	84.00000000	80.00000000
23	204	1	84.00000000	80.00000000
23	205	1	84.00000000	80.00000000
23	206	1	84.00000000	80.00000000
23	207	1	84.00000000	80.00000000
23	208	1	84.00000000	80.00000000
23	209	1	84.00000000	80.00000000
24	0	1	84.00000000	80.00000000
24	1	1	84.00000000	80.00000000
24	2	1	84.00000000	80.00000000
24	3	1	84.00000000	80.00000000
24	4	1	84.00000000	80.00000000
24	5	1	84.00000000	80.00000000
24	6	1	84.00000000	80.00000000
24	7	1	84.00000000	80.00000000
24	8	1	84.00000000	80.00000000
24	9	1	84.00000000	80.00000000
24	10	1	84.00000000	80.00000000
24	11	1	84.00000000	80.00000000
24	12	1	84.00000000	80.00000000
24	13	1	84.00000000	80.00000000
24	14	1	84.00000000	80.00000000
24	15	1	84.00000000	80.00000000
24	16	1	84.00000000	80.00000000
24	17	1	84.00000000	80.00000000
24	18	1	84.00000000	80.00000000
24	19	1	84.00000000	80.00000000
24	20	1	84.00000000	80.00000000
24	21	1	84.00000000	80.00000000
24	22	1	84.00000000	80.00000000
24	23	1	84.00000000	80.00000000
24	24	1	84.00000000	80.00000000
24	25	1	84.00000000	80.00000000
24	26	1	84.00000000	80.00000000
24	27	1	84.00000000	80.00000000
24	28	1	84.00000000	80.00000000
24	29	1	84.00000000	80.00000000
24	30	1	84.00000000	80.00000000
24	31	1	84.00000000	80.00000000
24	32	1	84.00000000	80.00000000
24	33	1	84.00000000	80.00000000
24	34	1	84.00000000	80.00000000
24	35	1	84.00000000	80.00000000
24	36	1	84.00000000	80.00000000
24	37	1	84.00000000	80.00000000
24	38	1	84.00000000	80.00000000
24	39	1	84.00000000	80.00000000
24	40	1	84.00000000	80.00000000
24	41	1	84.00000000	80.00000000
24	42	1	84.00000000	80.00000000
24	43	1	84.00000000	80.00000000
24	44	1	84.00000000	80.00000000
24	45	1	84.00000000	80.00000000
24	46	1	84.00000000	80.00000000
24	47	1	84.00000000	80.00000000
24	48	1	84.00000000	80.00000000
24	49	1	84.00000000	80.00000000
24	50	1	84.00000000	80.00000000
24	51	1	84.00000000	80.00000000
24	52	1	84.00000000	80.00000000
24	53	1	84.00000000	80.00000000
24	54	1	84.00000000	80.00000000
24	55	1	84.00000000	80.00000000
24	56	1	84.00000000	80.00000000
24	57	1	84.00000000	80.00000000
24	58	1	84.00000000	80.00000000
24	59	1	84.00000000	80.00000000
24	60	1	84.00000000	80.00000000
24	61	1	84.00000000	80.00000000
24	62	1	84.00000000	80.00000000
24	63	1	84.00000000	80.00000000
24	64	1	84.00000000	80.00000000
24	65	1	84.00000000	80.00000000
24	66	1	84.00000000	80.00000000
24	67	1	84.00000000	80.00000000
24	68	1	84.00000000	80.00000000
24	69	1	84.00000000	80.00000000
24	70	1	84.00000000	80.00000000
24	71	1	84.00000000	80.00000000
24	72	1	84.00000000	80.00000000
24	73	1	84.00000000	80.00000000
24	74	1	84.00000000	80.00000000
24	75	1	84.00000000	80.00000000
24	76	1	84.00000000	80.00000000
24	77	1	84.00000000	80.00000000
24	78	1	84.00000000	80.00000000
24	79	1	84.00000000	80.00000000
24	80	1	84.00000000	80.00000000
24	81	1	84.00000000	80.00000000
24	82	1	84.00000000	80.00000000
24	83	1	84.00000000	80.00000000
24	84	1	84.00000000	80.00000000
24	85	1	84.00000000	80.00000000
24	86	1	84.00000000	80.00000000
24	87	1	84.00000000	80.00000000
24	88	1	84.00000000	80.00000000
24	89	1	84.00000000	80.00000000
24	90	1	84.00000000	80.00000000
24	91	1	84.00000000	80.00000000
24	92	1	84.00000000	80.00000000
24	93	1	84.00000000	80.00000000
24	94	1	84.00000000	80.00000000
24	95	1	84.00000000	80.00000000
24	96	1	84.00000000	80.00000000
24	97	1	84.00000000	80.00000000
24	98	1	84.00000000	80.00000000
24	99	1	84.00000000	80.00000000
24	100	1	84.00000000	80.00000000
24	101	1	84.00000000	80.00000000
24	102	1	84.00000000	80.00000000
24	103	1	84.00000000	80.00000000
24	104	1	84.00000000	80.00000000
24	105	1	84.00000000	80.00000000
24	106	1	84.00000000	80.00000000
24	107	1	84.00000000	80.00000000
24	108	1	84.00000000	80.00000000
24	109	1	84.00000000	80.00000000
24	110	1	84.00000000	80.00000000
24	111	1	84.00000000	80.00000000
24	112	1	84.00000000	80.00000000
24	113	1	84.00000000	80.00000000
24	114	1	84.00000000	80.00000000
24	115	1	84.00000000	80.00000000
24	116	1	84.00000000	80.00000000
24	117	1	84.00000000	80.00000000
24	118	1	84.00000000	80.00000000
24	119	1	84.00000000	80.00000000
24	120	1	84.00000000	80.00000000
24	121	1	84.00000000	80.00000000
24	122	1	84.00000000	80.00000000
24	123	1	84.00000000	80.00000000
24	124	1	84.00000000	80.00000000
24	125	1	84.00000000	80.00000000
24	126	1	84.00000000	80.00000000
24	127	1	84.00000000	80.00000000
24	128	1	84.00000000	80.00000000
24	129	1	84.00000000	80.00000000
24	130	1	84.00000000	80.00000000
24	131	1	84.00000000	80.00000000
24	132	1	84.00000000	80.00000000
24	133	1	84.00000000	80.00000000
24	134	1	84.00000000	80.00000000
24	135	1	84.00000000	80.00000000
24	136	1	84.00000000	80.00000000
24	137	1	84.00000000	80.00000000
24	138	1	84.00000000	80.00000000
24	139	1	84.00000000	80.00000000
24	140	1	84.00000000	80.00000000
24	141	1	84.00000000	80.00000000
24	142	1	84.00000000	80.00000000
24	143	1	84.00000000	80.00000000
24	144	1	84.00000000	80.00000000
24	145	1	84.00000000	80.00000000
24	146	1	84.00000000	80.00000000
24	147	1	84.00000000	80.00000000
24	148	1	84.00000000	80.00000000
24	149	1	84.00000000	80.00000000
24	150	1	84.00000000	80.00000000
24	151	1	84.00000000	80.00000000
24	152	1	84.00000000	80.00000000
24	153	1	84.00000000	80.00000000
24	154	1	84.00000000	80.00000000
24	155	1	84.00000000	80.00000000
24	156	1	84.00000000	80.00000000
24	157	1	84.00000000	80.00000000
24	158	1	84.00000000	80.00000000
24	159	1	84.00000000	80.00000000
24	160	1	84.00000000	80.00000000
24	161	1	84.00000000	80.00000000
24	162	1	84.00000000	80.00000000
24	163	1	84.00000000	80.00000000
24	164	1	84.00000000	80.00000000
24	165	1	84.00000000	80.00000000
24	166	1	84.00000000	80.00000000
24	167	1	84.00000000	80.00000000
24	168	1	84.00000000	80.00000000
24	169	1	84.00000000	80.00000000
24	170	1	84.00000000	80.00000000
24	171	1	84.00000000	80.00000000
24	172	1	84.00000000	80.00000000
24	173	1	84.00000000	80.00000000
24	174	1	84.00000000	80.00000000
24	175	1	84.00000000	80.00000000
24	176	1	84.00000000	80.00000000
24	177	1	84.00000000	80.00000000
24	178	1	84.00000000	80.00000000
24	179	1	84.00000000	80.00000000
24	180	1	84.00000000	80.00000000
24	181	1	84.00000000	80.00000000
24	182	1	84.00000000	80.00000000
24	183	1	84.00000000	80.00000000
24	184	1	84.00000000	80.00000000
24	185	1	84.00000000	80.00000000
24	186	1	84.00000000	80.00000000
24	187	1	84.00000000	80.00000000
24	188	1	84.00000000	80.00000000
24	189	1	84.00000000	80.00000000
24	190	1	84.00000000	80.00000000
24	191	1	84.00000000	80.00000000
24	192	1	84.00000000	80.00000000
24	193	1	84.00000000	80.00000000
24	194	1	84.00000000	80.00000000
24	195	1	84.00000000	80.00000000
24	196	1	84.00000000	80.00000000
24	197	1	84.00000000	80.00000000
24	198	1	84.00000000	80.00000000
24	199	1	84.00000000	80.00000000
24	200	1	84.00000000	80.00000000
24	201	1	84.00000000	80.00000000
24	202	1	84.00000000	80.00000000
24	203	1	84.00000000	80.00000000
24	204	1	84.00000000	80.00000000
24	205	1	84.00000000	80.00000000
25	0	1	84.00000000	80.00000000
25	1	1	84.00000000	80.00000000
25	2	1	84.00000000	80.00000000
25	3	1	84.00000000	80.00000000
25	4	1	84.00000000	80.00000000
25	5	1	84.00000000	80.00000000
25	6	1	84.00000000	80.00000000
25	7	1	84.00000000	80.00000000
25	8	1	84.00000000	80.00000000
25	9	1	84.00000000	80.00000000
25	10	1	84.00000000	80.00000000
25	11	1	84.00000000	80.00000000
25	12	1	84.00000000	80.00000000
25	13	1	84.00000000	80.00000000
25	14	1	84.00000000	80.00000000
25	15	1	84.00000000	80.00000000
25	16	1	84.00000000	80.00000000
25	17	1	84.00000000	80.00000000
25	18	1	84.00000000	80.00000000
25	19	1	84.00000000	80.00000000
25	20	1	84.00000000	80.00000000
25	21	1	84.00000000	80.00000000
25	22	1	84.00000000	80.00000000
25	23	1	84.00000000	80.00000000
25	24	1	84.00000000	80.00000000
25	25	1	84.00000000	80.00000000
25	26	1	84.00000000	80.00000000
25	27	1	84.00000000	80.00000000
25	28	1	84.00000000	80.00000000
25	29	1	84.00000000	80.00000000
25	30	1	84.00000000	80.00000000
25	31	1	84.00000000	80.00000000
25	32	1	84.00000000	80.00000000
25	33	1	84.00000000	80.00000000
25	34	1	84.00000000	80.00000000
25	35	1	84.00000000	80.00000000
25	36	1	84.00000000	80.00000000
25	37	1	84.00000000	80.00000000
25	38	1	84.00000000	80.00000000
25	39	1	84.00000000	80.00000000
25	40	1	84.00000000	80.00000000
25	41	1	84.00000000	80.00000000
25	42	1	84.00000000	80.00000000
25	43	1	84.00000000	80.00000000
25	44	1	84.00000000	80.00000000
25	45	1	84.00000000	80.00000000
25	46	1	84.00000000	80.00000000
25	47	1	84.00000000	80.00000000
25	48	1	84.00000000	80.00000000
25	49	1	84.00000000	80.00000000
25	50	1	84.00000000	80.00000000
25	51	1	84.00000000	80.00000000
25	52	1	84.00000000	80.00000000
25	53	1	84.00000000	80.00000000
25	54	1	84.00000000	80.00000000
25	55	1	84.00000000	80.00000000
25	56	1	84.00000000	80.00000000
25	57	1	84.00000000	80.00000000
25	58	1	84.00000000	80.00000000
25	59	1	84.00000000	80.00000000
25	60	1	84.00000000	80.00000000
25	61	1	84.00000000	80.00000000
25	62	1	84.00000000	80.00000000
25	63	1	84.00000000	80.00000000
25	64	1	84.00000000	80.00000000
25	65	1	84.00000000	80.00000000
25	66	1	84.00000000	80.00000000
25	67	1	84.00000000	80.00000000
25	68	1	84.00000000	80.00000000
25	69	1	84.00000000	80.00000000
25	70	1	84.00000000	80.00000000
25	71	1	84.00000000	80.00000000
25	72	1	84.00000000	80.00000000
25	73	1	84.00000000	80.00000000
25	74	1	84.00000000	80.00000000
25	75	1	84.00000000	80.00000000
25	76	1	84.00000000	80.00000000
25	77	1	84.00000000	80.00000000
25	78	1	84.00000000	80.00000000
25	79	1	84.00000000	80.00000000
25	80	1	84.00000000	80.00000000
25	81	1	84.00000000	80.00000000
25	82	1	84.00000000	80.00000000
25	83	1	84.00000000	80.00000000
25	84	1	84.00000000	80.00000000
25	85	1	84.00000000	80.00000000
25	86	1	84.00000000	80.00000000
25	87	1	84.00000000	80.00000000
25	88	1	84.00000000	80.00000000
25	89	1	84.00000000	80.00000000
25	90	1	84.00000000	80.00000000
25	91	1	84.00000000	80.00000000
25	92	1	84.00000000	80.00000000
25	93	1	84.00000000	80.00000000
25	94	1	84.00000000	80.00000000
25	95	1	84.00000000	80.00000000
25	96	1	84.00000000	80.00000000
25	97	1	84.00000000	80.00000000
25	98	1	84.00000000	80.00000000
25	99	1	84.00000000	80.00000000
25	100	1	84.00000000	80.00000000
25	101	1	84.00000000	80.00000000
25	102	1	84.00000000	80.00000000
25	103	1	84.00000000	80.00000000
25	104	1	84.00000000	80.00000000
25	105	1	84.00000000	80.00000000
25	106	1	84.00000000	80.00000000
25	107	1	84.00000000	80.00000000
25	108	1	84.00000000	80.00000000
25	109	1	84.00000000	80.00000000
25	110	1	84.00000000	80.00000000
25	111	1	84.00000000	80.00000000
25	112	1	84.00000000	80.00000000
25	113	1	84.00000000	80.00000000
25	114	1	84.00000000	80.00000000
25	115	1	84.00000000	80.00000000
25	116	1	84.00000000	80.00000000
25	117	1	84.00000000	80.00000000
25	118	1	84.00000000	80.00000000
25	119	1	84.00000000	80.00000000
25	120	1	84.00000000	80.00000000
25	121	1	84.00000000	80.00000000
25	122	1	84.00000000	80.00000000
25	123	1	84.00000000	80.00000000
25	124	1	84.00000000	80.00000000
25	125	1	84.00000000	80.00000000
25	126	1	84.00000000	80.00000000
25	127	1	84.00000000	80.00000000
25	128	1	84.00000000	80.00000000
25	129	1	84.00000000	80.00000000
25	130	1	84.00000000	80.00000000
25	131	1	84.00000000	80.00000000
25	132	1	84.00000000	80.00000000
25	133	1	84.00000000	80.00000000
25	134	1	84.00000000	80.00000000
25	135	1	84.00000000	80.00000000
25	136	1	84.00000000	80.00000000
25	137	1	84.00000000	80.00000000
25	138	1	84.00000000	80.00000000
25	139	1	84.00000000	80.00000000
25	140	1	84.00000000	80.00000000
25	141	1	84.00000000	80.00000000
25	142	1	84.00000000	80.00000000
25	143	1	84.00000000	80.00000000
25	144	1	84.00000000	80.00000000
25	145	1	84.00000000	80.00000000
25	146	1	84.00000000	80.00000000
25	147	1	84.00000000	80.00000000
25	148	1	84.00000000	80.00000000
25	149	1	84.00000000	80.00000000
25	150	1	84.00000000	80.00000000
25	151	1	84.00000000	80.00000000
25	152	1	84.00000000	80.00000000
25	153	1	84.00000000	80.00000000
25	154	1	84.00000000	80.00000000
25	155	1	84.00000000	80.00000000
25	156	1	84.00000000	80.00000000
25	157	1	84.00000000	80.00000000
25	158	1	84.00000000	80.00000000
25	159	1	84.00000000	80.00000000
25	160	1	84.00000000	80.00000000
25	161	1	84.00000000	80.00000000
25	162	1	84.00000000	80.00000000
25	163	1	84.00000000	80.00000000
25	164	1	84.00000000	80.00000000
25	165	1	84.00000000	80.00000000
25	166	1	84.00000000	80.00000000
25	167	1	84.00000000	80.00000000
25	168	1	84.00000000	80.00000000
25	169	1	84.00000000	80.00000000
25	170	1	84.00000000	80.00000000
25	171	1	84.00000000	80.00000000
25	172	1	84.00000000	80.00000000
25	173	1	84.00000000	80.00000000
25	174	1	84.00000000	80.00000000
25	175	1	84.00000000	80.00000000
25	176	1	84.00000000	80.00000000
25	177	1	84.00000000	80.00000000
25	178	1	84.00000000	80.00000000
25	179	1	84.00000000	80.00000000
25	180	1	84.00000000	80.00000000
25	181	1	84.00000000	80.00000000
25	182	1	84.00000000	80.00000000
25	183	1	84.00000000	80.00000000
25	184	1	84.00000000	80.00000000
25	185	1	84.00000000	80.00000000
25	186	1	84.00000000	80.00000000
25	187	1	84.00000000	80.00000000
25	188	1	84.00000000	80.00000000
25	189	1	84.00000000	80.00000000
25	190	1	84.00000000	80.00000000
25	191	1	84.00000000	80.00000000
25	192	1	84.00000000	80.00000000
25	193	1	84.00000000	80.00000000
25	194	1	84.00000000	80.00000000
25	195	1	84.00000000	80.00000000
25	196	1	84.00000000	80.00000000
25	197	1	84.00000000	80.00000000
25	198	1	84.00000000	80.00000000
25	199	1	84.00000000	80.00000000
25	200	1	84.00000000	80.00000000
25	201	1	84.00000000	80.00000000
26	0	1	84.00000000	80.00000000
26	1	1	84.00000000	80.00000000
26	2	1	84.00000000	80.00000000
26	3	1	84.00000000	80.00000000
26	4	1	84.00000000	80.00000000
26	5	1	84.00000000	80.00000000
26	6	1	84.00000000	80.00000000
26	7	1	84.00000000	80.00000000
26	8	1	84.00000000	80.00000000
26	9	1	84.00000000	80.00000000
26	10	1	84.00000000	80.00000000
26	11	1	84.00000000	80.00000000
26	12	1	84.00000000	80.00000000
26	13	1	84.00000000	80.00000000
26	14	1	84.00000000	80.00000000
26	15	1	84.00000000	80.00000000
26	16	1	84.00000000	80.00000000
26	17	1	84.00000000	80.00000000
26	18	1	84.00000000	80.00000000
26	19	1	84.00000000	80.00000000
26	20	1	84.00000000	80.00000000
26	21	1	84.00000000	80.00000000
26	22	1	84.00000000	80.00000000
26	23	1	84.00000000	80.00000000
26	24	1	84.00000000	80.00000000
26	25	1	84.00000000	80.00000000
26	26	1	84.00000000	80.00000000
26	27	1	84.00000000	80.00000000
26	28	1	84.00000000	80.00000000
26	29	1	84.00000000	80.00000000
26	30	1	84.00000000	80.00000000
26	31	1	84.00000000	80.00000000
26	32	1	84.00000000	80.00000000
26	33	1	84.00000000	80.00000000
26	34	1	84.00000000	80.00000000
26	35	1	84.00000000	80.00000000
26	36	1	84.00000000	80.00000000
26	37	1	84.00000000	80.00000000
26	38	1	84.00000000	80.00000000
26	39	1	84.00000000	80.00000000
26	40	1	84.00000000	80.00000000
26	41	1	84.00000000	80.00000000
26	42	1	84.00000000	80.00000000
26	43	1	84.00000000	80.00000000
26	44	1	84.00000000	80.00000000
26	45	1	84.00000000	80.00000000
26	46	1	84.00000000	80.00000000
26	47	1	84.00000000	80.00000000
26	48	1	84.00000000	80.00000000
26	49	1	84.00000000	80.00000000
26	50	1	84.00000000	80.00000000
26	51	1	84.00000000	80.00000000
26	52	1	84.00000000	80.00000000
26	53	1	84.00000000	80.00000000
26	54	1	84.00000000	80.00000000
26	55	1	84.00000000	80.00000000
26	56	1	84.00000000	80.00000000
26	57	1	84.00000000	80.00000000
26	58	1	84.00000000	80.00000000
26	59	1	84.00000000	80.00000000
26	60	1	84.00000000	80.00000000
26	61	1	84.00000000	80.00000000
26	62	1	84.00000000	80.00000000
26	63	1	84.00000000	80.00000000
26	64	1	84.00000000	80.00000000
26	65	1	84.00000000	80.00000000
26	66	1	84.00000000	80.00000000
26	67	1	84.00000000	80.00000000
26	68	1	84.00000000	80.00000000
26	69	1	84.00000000	80.00000000
26	70	1	84.00000000	80.00000000
26	71	1	84.00000000	80.00000000
26	72	1	84.00000000	80.00000000
26	73	1	84.00000000	80.00000000
26	74	1	84.00000000	80.00000000
26	75	1	84.00000000	80.00000000
26	76	1	84.00000000	80.00000000
26	77	1	84.00000000	80.00000000
26	78	1	84.00000000	80.00000000
26	79	1	84.00000000	80.00000000
26	80	1	84.00000000	80.00000000
26	81	1	84.00000000	80.00000000
26	82	1	84.00000000	80.00000000
26	83	1	84.00000000	80.00000000
26	84	1	84.00000000	80.00000000
26	85	1	84.00000000	80.00000000
26	86	1	84.00000000	80.00000000
26	87	1	84.00000000	80.00000000
26	88	1	84.00000000	80.00000000
26	89	1	84.00000000	80.00000000
26	90	1	84.00000000	80.00000000
26	91	1	84.00000000	80.00000000
26	92	1	84.00000000	80.00000000
26	93	1	84.00000000	80.00000000
26	94	1	84.00000000	80.00000000
26	95	1	84.00000000	80.00000000
26	96	1	84.00000000	80.00000000
26	97	1	84.00000000	80.00000000
26	98	1	84.00000000	80.00000000
26	99	1	84.00000000	80.00000000
26	100	1	84.00000000	80.00000000
26	101	1	84.00000000	80.00000000
26	102	1	84.00000000	80.00000000
26	103	1	84.00000000	80.00000000
26	104	1	84.00000000	80.00000000
26	105	1	84.00000000	80.00000000
26	106	1	84.00000000	80.00000000
26	107	1	84.00000000	80.00000000
26	108	1	84.00000000	80.00000000
26	109	1	84.00000000	80.00000000
26	110	1	84.00000000	80.00000000
26	111	1	84.00000000	80.00000000
26	112	1	84.00000000	80.00000000
26	113	1	84.00000000	80.00000000
26	114	1	84.00000000	80.00000000
26	115	1	84.00000000	80.00000000
26	116	1	84.00000000	80.00000000
26	117	1	84.00000000	80.00000000
26	118	1	84.00000000	80.00000000
26	119	1	84.00000000	80.00000000
26	120	1	84.00000000	80.00000000
26	121	1	84.00000000	80.00000000
26	122	1	84.00000000	80.00000000
26	123	1	84.00000000	80.00000000
26	124	1	84.00000000	80.00000000
26	125	1	84.00000000	80.00000000
26	126	1	84.00000000	80.00000000
26	127	1	84.00000000	80.00000000
26	128	1	84.00000000	80.00000000
26	129	1	84.00000000	80.00000000
26	130	1	84.00000000	80.00000000
26	131	1	84.00000000	80.00000000
26	132	1	84.00000000	80.00000000
26	133	1	84.00000000	80.00000000
26	134	1	84.00000000	80.00000000
26	135	1	84.00000000	80.00000000
26	136	1	84.00000000	80.00000000
26	137	1	84.00000000	80.00000000
26	138	1	84.00000000	80.00000000
26	139	1	84.00000000	80.00000000
26	140	1	84.00000000	80.00000000
26	141	1	84.00000000	80.00000000
26	142	1	84.00000000	80.00000000
26	143	1	84.00000000	80.00000000
26	144	1	84.00000000	80.00000000
26	145	1	84.00000000	80.00000000
26	146	1	84.00000000	80.00000000
26	147	1	84.00000000	80.00000000
26	148	1	84.00000000	80.00000000
26	149	1	84.00000000	80.00000000
26	150	1	84.00000000	80.00000000
26	151	1	84.00000000	80.00000000
26	152	1	84.00000000	80.00000000
26	153	1	84.00000000	80.00000000
26	154	1	84.00000000	80.00000000
26	155	1	84.00000000	80.00000000
26	156	1	84.00000000	80.00000000
26	157	1	84.00000000	80.00000000
26	158	1	84.00000000	80.00000000
26	159	1	84.00000000	80.00000000
26	160	1	84.00000000	80.00000000
26	161	1	84.00000000	80.00000000
26	162	1	84.00000000	80.00000000
26	163	1	84.00000000	80.00000000
26	164	1	84.00000000	80.00000000
26	165	1	84.00000000	80.00000000
26	166	1	84.00000000	80.00000000
26	167	1	84.00000000	80.00000000
26	168	1	84.00000000	80.00000000
26	169	1	84.00000000	80.00000000
26	170	1	84.00000000	80.00000000
26	171	1	84.00000000	80.00000000
26	172	1	84.00000000	80.00000000
26	173	1	84.00000000	80.00000000
26	174	1	84.00000000	80.00000000
26	175	1	84.00000000	80.00000000
26	176	1	84.00000000	80.00000000
26	177	1	84.00000000	80.00000000
26	178	1	84.00000000	80.00000000
26	179	1	84.00000000	80.00000000
26	180	1	84.00000000	80.00000000
26	181	1	84.00000000	80.00000000
26	182	1	84.00000000	80.00000000
26	183	1	84.00000000	80.00000000
26	184	1	84.00000000	80.00000000
26	185	1	84.00000000	80.00000000
26	186	1	84.00000000	80.00000000
26	187	1	84.00000000	80.00000000
26	188	1	84.00000000	80.00000000
26	189	1	84.00000000	80.00000000
26	190	1	84.00000000	80.00000000
26	191	1	84.00000000	80.00000000
26	192	1	84.00000000	80.00000000
26	193	1	84.00000000	80.00000000
26	194	1	84.00000000	80.00000000
26	195	1	84.00000000	80.00000000
26	196	1	84.00000000	80.00000000
26	197	1	84.00000000	80.00000000
26	198	1	84.00000000	80.00000000
26	199	1	84.00000000	80.00000000
27	0	1	84.00000000	80.00000000
27	1	1	84.00000000	80.00000000
27	2	1	84.00000000	80.00000000
27	3	1	84.00000000	80.00000000
27	4	1	84.00000000	80.00000000
27	5	1	84.00000000	80.00000000
27	6	1	84.00000000	80.00000000
27	7	1	84.00000000	80.00000000
27	8	1	84.00000000	80.00000000
27	9	1	84.00000000	80.00000000
27	10	1	84.00000000	80.00000000
27	11	1	84.00000000	80.00000000
27	12	1	84.00000000	80.00000000
27	13	1	84.00000000	80.00000000
27	14	1	84.00000000	80.00000000
27	15	1	84.00000000	80.00000000
27	16	1	84.00000000	80.00000000
27	17	1	84.00000000	80.00000000
27	18	1	84.00000000	80.00000000
27	19	1	84.00000000	80.00000000
27	20	1	84.00000000	80.00000000
27	21	1	84.00000000	80.00000000
27	22	1	84.00000000	80.00000000
27	23	1	84.00000000	80.00000000
27	24	1	84.00000000	80.00000000
27	25	1	84.00000000	80.00000000
27	26	1	84.00000000	80.00000000
27	27	1	84.00000000	80.00000000
27	28	1	84.00000000	80.00000000
27	29	1	84.00000000	80.00000000
27	30	1	84.00000000	80.00000000
27	31	1	84.00000000	80.00000000
27	32	1	84.00000000	80.00000000
27	33	1	84.00000000	80.00000000
27	34	1	84.00000000	80.00000000
27	35	1	84.00000000	80.00000000
27	36	1	84.00000000	80.00000000
27	37	1	84.00000000	80.00000000
27	38	1	84.00000000	80.00000000
27	39	1	84.00000000	80.00000000
27	40	1	84.00000000	80.00000000
27	41	1	84.00000000	80.00000000
27	42	1	84.00000000	80.00000000
27	43	1	84.00000000	80.00000000
27	44	1	84.00000000	80.00000000
27	45	1	84.00000000	80.00000000
27	46	1	84.00000000	80.00000000
27	47	1	84.00000000	80.00000000
27	48	1	84.00000000	80.00000000
27	49	1	84.00000000	80.00000000
27	50	1	84.00000000	80.00000000
27	51	1	84.00000000	80.00000000
27	52	1	84.00000000	80.00000000
27	53	1	84.00000000	80.00000000
27	54	1	84.00000000	80.00000000
27	55	1	84.00000000	80.00000000
27	56	1	84.00000000	80.00000000
27	57	1	84.00000000	80.00000000
27	58	1	84.00000000	80.00000000
27	59	1	84.00000000	80.00000000
27	60	1	84.00000000	80.00000000
27	61	1	84.00000000	80.00000000
27	62	1	84.00000000	80.00000000
27	63	1	84.00000000	80.00000000
27	64	1	84.00000000	80.00000000
27	65	1	84.00000000	80.00000000
27	66	1	84.00000000	80.00000000
27	67	1	84.00000000	80.00000000
27	68	1	84.00000000	80.00000000
27	69	1	84.00000000	80.00000000
27	70	1	84.00000000	80.00000000
27	71	1	84.00000000	80.00000000
27	72	1	84.00000000	80.00000000
27	73	1	84.00000000	80.00000000
27	74	1	84.00000000	80.00000000
27	75	1	84.00000000	80.00000000
27	76	1	84.00000000	80.00000000
27	77	1	84.00000000	80.00000000
27	78	1	84.00000000	80.00000000
27	79	1	84.00000000	80.00000000
27	80	1	84.00000000	80.00000000
27	81	1	84.00000000	80.00000000
27	82	1	84.00000000	80.00000000
27	83	1	84.00000000	80.00000000
27	84	1	84.00000000	80.00000000
27	85	1	84.00000000	80.00000000
27	86	1	84.00000000	80.00000000
27	87	1	84.00000000	80.00000000
27	88	1	84.00000000	80.00000000
27	89	1	84.00000000	80.00000000
27	90	1	84.00000000	80.00000000
27	91	1	84.00000000	80.00000000
27	92	1	84.00000000	80.00000000
27	93	1	84.00000000	80.00000000
27	94	1	84.00000000	80.00000000
27	95	1	84.00000000	80.00000000
27	96	1	84.00000000	80.00000000
27	97	1	84.00000000	80.00000000
27	98	1	84.00000000	80.00000000
27	99	1	84.00000000	80.00000000
27	100	1	84.00000000	80.00000000
27	101	1	84.00000000	80.00000000
27	102	1	84.00000000	80.00000000
27	103	1	84.00000000	80.00000000
27	104	1	84.00000000	80.00000000
27	105	1	84.00000000	80.00000000
27	106	1	84.00000000	80.00000000
27	107	1	84.00000000	80.00000000
27	108	1	84.00000000	80.00000000
27	109	1	84.00000000	80.00000000
27	110	1	84.00000000	80.00000000
27	111	1	84.00000000	80.00000000
27	112	1	84.00000000	80.00000000
27	113	1	84.00000000	80.00000000
27	114	1	84.00000000	80.00000000
27	115	1	84.00000000	80.00000000
27	116	1	84.00000000	80.00000000
27	117	1	84.00000000	80.00000000
27	118	1	84.00000000	80.00000000
27	119	1	84.00000000	80.00000000
27	120	1	84.00000000	80.00000000
27	121	1	84.00000000	80.00000000
27	122	1	84.00000000	80.00000000
27	123	1	84.00000000	80.00000000
27	124	1	84.00000000	80.00000000
27	125	1	84.00000000	80.00000000
27	126	1	84.00000000	80.00000000
27	127	1	84.00000000	80.00000000
27	128	1	84.00000000	80.00000000
27	129	1	84.00000000	80.00000000
27	130	1	84.00000000	80.00000000
27	131	1	84.00000000	80.00000000
27	132	1	84.00000000	80.00000000
27	133	1	84.00000000	80.00000000
27	134	1	84.00000000	80.00000000
27	135	1	84.00000000	80.00000000
27	136	1	84.00000000	80.00000000
27	137	1	84.00000000	80.00000000
27	138	1	84.00000000	80.00000000
27	139	1	84.00000000	80.00000000
27	140	1	84.00000000	80.00000000
27	141	1	84.00000000	80.00000000
27	142	1	84.00000000	80.00000000
27	143	1	84.00000000	80.00000000
27	144	1	84.00000000	80.00000000
27	145	1	84.00000000	80.00000000
27	146	1	84.00000000	80.00000000
27	147	1	84.00000000	80.00000000
27	148	1	84.00000000	80.00000000
27	149	1	84.00000000	80.00000000
27	150	1	84.00000000	80.00000000
27	151	1	84.00000000	80.00000000
27	152	1	84.00000000	80.00000000
27	153	1	84.00000000	80.00000000
27	154	1	84.00000000	80.00000000
27	155	1	84.00000000	80.00000000
27	156	1	84.00000000	80.00000000
27	157	1	84.00000000	80.00000000
27	158	1	84.00000000	80.00000000
27	159	1	84.00000000	80.00000000
27	160	1	84.00000000	80.00000000
27	161	1	84.00000000	80.00000000
27	162	1	84.00000000	80.00000000
27	163	1	84.00000000	80.00000000
27	164	1	84.00000000	80.00000000
27	165	1	84.00000000	80.00000000
27	166	1	84.00000000	80.00000000
27	167	1	84.00000000	80.00000000
27	168	1	84.00000000	80.00000000
27	169	1	84.00000000	80.00000000
27	170	1	84.00000000	80.00000000
27	171	1	84.00000000	80.00000000
27	172	1	84.00000000	80.00000000
27	173	1	84.00000000	80.00000000
27	174	1	84.00000000	80.00000000
27	175	1	84.00000000	80.00000000
27	176	1	84.00000000	80.00000000
27	177	1	84.00000000	80.00000000
27	178	1	84.00000000	80.00000000
27	179	1	84.00000000	80.00000000
27	180	1	84.00000000	80.00000000
27	181	1	84.00000000	80.00000000
27	182	1	84.00000000	80.00000000
27	183	1	84.00000000	80.00000000
27	184	1	84.00000000	80.00000000
27	185	1	84.00000000	80.00000000
27	186	1	84.00000000	80.00000000
27	187	1	84.00000000	80.00000000
27	188	1	84.00000000	80.00000000
27	189	1	84.00000000	80.00000000
27	190	1	84.00000000	80.00000000
27	191	1	84.00000000	80.00000000
27	192	1	84.00000000	80.00000000
27	193	1	84.00000000	80.00000000
27	194	1	84.00000000	80.00000000
27	195	1	84.00000000	80.00000000
28	0	1	84.00000000	80.00000000
28	1	1	84.00000000	80.00000000
28	2	1	84.00000000	80.00000000
28	3	1	84.00000000	80.00000000
28	4	1	84.00000000	80.00000000
28	5	1	84.00000000	80.00000000
28	6	1	84.00000000	80.00000000
28	7	1	84.00000000	80.00000000
28	8	1	84.00000000	80.00000000
28	9	1	84.00000000	80.00000000
28	10	1	84.00000000	80.00000000
28	11	1	84.00000000	80.00000000
28	12	1	84.00000000	80.00000000
28	13	1	84.00000000	80.00000000
28	14	1	84.00000000	80.00000000
28	15	1	84.00000000	80.00000000
28	16	1	84.00000000	80.00000000
28	17	1	84.00000000	80.00000000
28	18	1	84.00000000	80.00000000
28	19	1	84.00000000	80.00000000
28	20	1	84.00000000	80.00000000
28	21	1	84.00000000	80.00000000
28	22	1	84.00000000	80.00000000
28	23	1	84.00000000	80.00000000
28	24	1	84.00000000	80.00000000
28	25	1	84.00000000	80.00000000
28	26	1	84.00000000	80.00000000
28	27	1	84.00000000	80.00000000
28	28	1	84.00000000	80.00000000
28	29	1	84.00000000	80.00000000
28	30	1	84.00000000	80.00000000
28	31	1	84.00000000	80.00000000
28	32	1	84.00000000	80.00000000
28	33	1	84.00000000	80.00000000
28	34	1	84.00000000	80.00000000
28	35	1	84.00000000	80.00000000
28	36	1	84.00000000	80.00000000
28	37	1	84.00000000	80.00000000
28	38	1	84.00000000	80.00000000
28	39	1	84.00000000	80.00000000
28	40	1	84.00000000	80.00000000
28	41	1	84.00000000	80.00000000
28	42	1	84.00000000	80.00000000
28	43	1	84.00000000	80.00000000
28	44	1	84.00000000	80.00000000
28	45	1	84.00000000	80.00000000
28	46	1	84.00000000	80.00000000
28	47	1	84.00000000	80.00000000
28	48	1	84.00000000	80.00000000
28	49	1	84.00000000	80.00000000
28	50	1	84.00000000	80.00000000
28	51	1	84.00000000	80.00000000
28	52	1	84.00000000	80.00000000
28	53	1	84.00000000	80.00000000
28	54	1	84.00000000	80.00000000
28	55	1	84.00000000	80.00000000
28	56	1	84.00000000	80.00000000
28	57	1	84.00000000	80.00000000
28	58	1	84.00000000	80.00000000
28	59	1	84.00000000	80.00000000
28	60	1	84.00000000	80.00000000
28	61	1	84.00000000	80.00000000
28	62	1	84.00000000	80.00000000
28	63	1	84.00000000	80.00000000
28	64	1	84.00000000	80.00000000
28	65	1	84.00000000	80.00000000
28	66	1	84.00000000	80.00000000
28	67	1	84.00000000	80.00000000
28	68	1	84.00000000	80.00000000
28	69	1	84.00000000	80.00000000
28	70	1	84.00000000	80.00000000
28	71	1	84.00000000	80.00000000
28	72	1	84.00000000	80.00000000
28	73	1	84.00000000	80.00000000
28	74	1	84.00000000	80.00000000
28	75	1	84.00000000	80.00000000
28	76	1	84.00000000	80.00000000
28	77	1	84.00000000	80.00000000
28	78	1	84.00000000	80.00000000
28	79	1	84.00000000	80.00000000
28	80	1	84.00000000	80.00000000
28	81	1	84.00000000	80.00000000
28	82	1	84.00000000	80.00000000
28	83	1	84.00000000	80.00000000
28	84	1	84.00000000	80.00000000
28	85	1	84.00000000	80.00000000
28	86	1	84.00000000	80.00000000
28	87	1	84.00000000	80.00000000
28	88	1	84.00000000	80.00000000
28	89	1	84.00000000	80.00000000
28	90	1	84.00000000	80.00000000
28	91	1	84.00000000	80.00000000
28	92	1	84.00000000	80.00000000
28	93	1	84.00000000	80.00000000
28	94	1	84.00000000	80.00000000
28	95	1	84.00000000	80.00000000
28	96	1	84.00000000	80.00000000
28	97	1	84.00000000	80.00000000
28	98	1	84.00000000	80.00000000
28	99	1	84.00000000	80.00000000
28	100	1	84.00000000	80.00000000
28	101	1	84.00000000	80.00000000
28	102	1	84.00000000	80.00000000
28	103	1	84.00000000	80.00000000
28	104	1	84.00000000	80.00000000
28	105	1	84.00000000	80.00000000
28	106	1	84.00000000	80.00000000
28	107	1	84.00000000	80.00000000
28	108	1	84.00000000	80.00000000
28	109	1	84.00000000	80.00000000
28	110	1	84.00000000	80.00000000
28	111	1	84.00000000	80.00000000
28	112	1	84.00000000	80.00000000
28	113	1	84.00000000	80.00000000
28	114	1	84.00000000	80.00000000
28	115	1	84.00000000	80.00000000
28	116	1	84.00000000	80.00000000
28	117	1	84.00000000	80.00000000
28	118	1	84.00000000	80.00000000
28	119	1	84.00000000	80.00000000
28	120	1	84.00000000	80.00000000
28	121	1	84.00000000	80.00000000
28	122	1	84.00000000	80.00000000
28	123	1	84.00000000	80.00000000
28	124	1	84.00000000	80.00000000
28	125	1	84.00000000	80.00000000
28	126	1	84.00000000	80.00000000
28	127	1	84.00000000	80.00000000
28	128	1	84.00000000	80.00000000
28	129	1	84.00000000	80.00000000
28	130	1	84.00000000	80.00000000
28	131	1	84.00000000	80.00000000
28	132	1	84.00000000	80.00000000
28	133	1	84.00000000	80.00000000
28	134	1	84.00000000	80.00000000
28	135	1	84.00000000	80.00000000
28	136	1	84.00000000	80.00000000
28	137	1	84.00000000	80.00000000
28	138	1	84.00000000	80.00000000
28	139	1	84.00000000	80.00000000
28	140	1	84.00000000	80.00000000
28	141	1	84.00000000	80.00000000
28	142	1	84.00000000	80.00000000
28	143	1	84.00000000	80.00000000
28	144	1	84.00000000	80.00000000
28	145	1	84.00000000	80.00000000
28	146	1	84.00000000	80.00000000
28	147	1	84.00000000	80.00000000
28	148	1	84.00000000	80.00000000
28	149	1	84.00000000	80.00000000
28	150	1	84.00000000	80.00000000
28	151	1	84.00000000	80.00000000
28	152	1	84.00000000	80.00000000
28	153	1	84.00000000	80.00000000
28	154	1	84.00000000	80.00000000
28	155	1	84.00000000	80.00000000
28	156	1	84.00000000	80.00000000
28	157	1	84.00000000	80.00000000
28	158	1	84.00000000	80.00000000
28	159	1	84.00000000	80.00000000
28	160	1	84.00000000	80.00000000
28	161	1	84.00000000	80.00000000
28	162	1	84.00000000	80.00000000
28	163	1	84.00000000	80.00000000
28	164	1	84.00000000	80.00000000
28	165	1	84.00000000	80.00000000
28	166	1	84.00000000	80.00000000
28	167	1	84.00000000	80.00000000
28	168	1	84.00000000	80.00000000
28	169	1	84.00000000	80.00000000
28	170	1	84.00000000	80.00000000
28	171	1	84.00000000	80.00000000
28	172	1	84.00000000	80.00000000
28	173	1	84.00000000	80.00000000
28	174	1	84.00000000	80.00000000
28	175	1	84.00000000	80.00000000
28	176	1	84.00000000	80.00000000
28	177	1	84.00000000	80.00000000
29	0	1	84.00000000	80.00000000
29	1	1	84.00000000	80.00000000
29	2	1	84.00000000	80.00000000
29	3	1	84.00000000	80.00000000
29	4	1	84.00000000	80.00000000
29	5	1	84.00000000	80.00000000
29	6	1	84.00000000	80.00000000
29	7	1	84.00000000	80.00000000
29	8	1	84.00000000	80.00000000
29	9	1	84.00000000	80.00000000
29	10	1	84.00000000	80.00000000
29	11	1	84.00000000	80.00000000
29	12	1	84.00000000	80.00000000
29	13	1	84.00000000	80.00000000
29	14	1	84.00000000	80.00000000
29	15	1	84.00000000	80.00000000
29	16	1	84.00000000	80.00000000
29	17	1	84.00000000	80.00000000
29	18	1	84.00000000	80.00000000
29	19	1	84.00000000	80.00000000
29	20	1	84.00000000	80.00000000
29	21	1	84.00000000	80.00000000
29	22	1	84.00000000	80.00000000
29	23	1	84.00000000	80.00000000
29	24	1	84.00000000	80.00000000
29	25	1	84.00000000	80.00000000
29	26	1	84.00000000	80.00000000
29	27	1	84.00000000	80.00000000
29	28	1	84.00000000	80.00000000
29	29	1	84.00000000	80.00000000
29	30	1	84.00000000	80.00000000
29	31	1	84.00000000	80.00000000
29	32	1	84.00000000	80.00000000
29	33	1	84.00000000	80.00000000
29	34	1	84.00000000	80.00000000
29	35	1	84.00000000	80.00000000
29	36	1	84.00000000	80.00000000
29	37	1	84.00000000	80.00000000
29	38	1	84.00000000	80.00000000
29	39	1	84.00000000	80.00000000
29	40	1	84.00000000	80.00000000
29	41	1	84.00000000	80.00000000
29	42	1	84.00000000	80.00000000
29	43	1	84.00000000	80.00000000
29	44	1	84.00000000	80.00000000
29	45	1	84.00000000	80.00000000
29	46	1	84.00000000	80.00000000
29	47	1	84.00000000	80.00000000
29	48	1	84.00000000	80.00000000
29	49	1	84.00000000	80.00000000
29	50	1	84.00000000	80.00000000
29	51	1	84.00000000	80.00000000
29	52	1	84.00000000	80.00000000
29	53	1	84.00000000	80.00000000
29	54	1	84.00000000	80.00000000
29	55	1	84.00000000	80.00000000
29	56	1	84.00000000	80.00000000
29	57	1	84.00000000	80.00000000
29	58	1	84.00000000	80.00000000
29	59	1	84.00000000	80.00000000
29	60	1	84.00000000	80.00000000
29	61	1	84.00000000	80.00000000
29	62	1	84.00000000	80.00000000
29	63	1	84.00000000	80.00000000
29	64	1	84.00000000	80.00000000
29	65	1	84.00000000	80.00000000
29	66	1	84.00000000	80.00000000
29	67	1	84.00000000	80.00000000
29	68	1	84.00000000	80.00000000
29	69	1	84.00000000	80.00000000
29	70	1	84.00000000	80.00000000
29	71	1	84.00000000	80.00000000
29	72	1	84.00000000	80.00000000
29	73	1	84.00000000	80.00000000
29	74	1	84.00000000	80.00000000
29	75	1	84.00000000	80.00000000
29	76	1	84.00000000	80.00000000
29	77	1	84.00000000	80.00000000
29	78	1	84.00000000	80.00000000
29	79	1	84.00000000	80.00000000
29	80	1	84.00000000	80.00000000
29	81	1	84.00000000	80.00000000
29	82	1	84.00000000	80.00000000
29	83	1	84.00000000	80.00000000
29	84	1	84.00000000	80.00000000
29	85	1	84.00000000	80.00000000
29	86	1	84.00000000	80.00000000
29	87	1	84.00000000	80.00000000
29	88	1	84.00000000	80.00000000
29	89	1	84.00000000	80.00000000
29	90	1	84.00000000	80.00000000
29	91	1	84.00000000	80.00000000
29	92	1	84.00000000	80.00000000
29	93	1	84.00000000	80.00000000
29	94	1	84.00000000	80.00000000
29	95	1	84.00000000	80.00000000
29	96	1	84.00000000	80.00000000
29	97	1	84.00000000	80.00000000
29	98	1	84.00000000	80.00000000
29	99	1	84.00000000	80.00000000
29	100	1	84.00000000	80.00000000
29	101	1	84.00000000	80.00000000
29	102	1	84.00000000	80.00000000
29	103	1	84.00000000	80.00000000
29	104	1	84.00000000	80.00000000
29	105	1	84.00000000	80.00000000
29	106	1	84.00000000	80.00000000
29	107	1	84.00000000	80.00000000
29	108	1	84.00000000	80.00000000
29	109	1	84.00000000	80.00000000
29	110	1	84.00000000	80.00000000
29	111	1	84.00000000	80.00000000
29	112	1	84.00000000	80.00000000
29	113	1	84.00000000	80.00000000
29	114	1	84.00000000	80.00000000
29	115	1	84.00000000	80.00000000
29	116	1	84.00000000	80.00000000
29	117	1	84.00000000	80.00000000
29	118	1	84.00000000	80.00000000
29	119	1	84.00000000	80.00000000
29	120	1	84.00000000	80.00000000
29	121	1	84.00000000	80.00000000
29	122	1	84.00000000	80.00000000
29	123	1	84.00000000	80.00000000
29	124	1	84.00000000	80.00000000
29	125	1	84.00000000	80.00000000
29	126	1	84.00000000	80.00000000
29	127	1	84.00000000	80.00000000
29	128	1	84.00000000	80.00000000
29	129	1	84.00000000	80.00000000
30	0	1	84.00000000	80.00000000
30	1	1	84.00000000	80.00000000
30	2	1	84.00000000	80.00000000
30	3	1	84.00000000	80.00000000
30	4	1	84.00000000	80.00000000
30	5	1	84.00000000	80.00000000
30	6	1	84.00000000	80.00000000
30	7	1	84.00000000	80.00000000
30	8	1	84.00000000	80.00000000
30	9	1	84.00000000	80.00000000
30	10	1	84.00000000	80.00000000
30	11	1	84.00000000	80.00000000
30	12	1	84.00000000	80.00000000
30	13	1	84.00000000	80.00000000
30	14	1	84.00000000	80.00000000
30	15	1	84.00000000	80.00000000
30	16	1	84.00000000	80.00000000
30	17	1	84.00000000	80.00000000
30	18	1	84.00000000	80.00000000
30	19	1	84.00000000	80.00000000
30	20	1	84.00000000	80.00000000
30	21	1	84.00000000	80.00000000
30	22	1	84.00000000	80.00000000
30	23	1	84.00000000	80.00000000
30	24	1	84.00000000	80.00000000
30	25	1	84.00000000	80.00000000
30	26	1	84.00000000	80.00000000
30	27	1	84.00000000	80.00000000
30	28	1	84.00000000	80.00000000
30	29	1	84.00000000	80.00000000
30	30	1	84.00000000	80.00000000
30	31	1	84.00000000	80.00000000
30	32	1	84.00000000	80.00000000
30	33	1	84.00000000	80.00000000
30	34	1	84.00000000	80.00000000
30	35	1	84.00000000	80.00000000
30	36	1	84.00000000	80.00000000
30	37	1	84.00000000	80.00000000
30	38	1	84.00000000	80.00000000
30	39	1	84.00000000	80.00000000
30	40	1	84.00000000	80.00000000
30	41	1	84.00000000	80.00000000
30	42	1	84.00000000	80.00000000
30	43	1	84.00000000	80.00000000
30	44	1	84.00000000	80.00000000
30	45	1	84.00000000	80.00000000
30	46	1	84.00000000	80.00000000
30	47	1	84.00000000	80.00000000
30	48	1	84.00000000	80.00000000
30	49	1	84.00000000	80.00000000
30	50	1	84.00000000	80.00000000
30	51	1	84.00000000	80.00000000
30	52	1	84.00000000	80.00000000
30	53	1	84.00000000	80.00000000
30	54	1	84.00000000	80.00000000
30	55	1	84.00000000	80.00000000
30	56	1	84.00000000	80.00000000
30	57	1	84.00000000	80.00000000
30	58	1	84.00000000	80.00000000
30	59	1	84.00000000	80.00000000
30	60	1	84.00000000	80.00000000
30	61	1	84.00000000	80.00000000
30	62	1	84.00000000	80.00000000
30	63	1	84.00000000	80.00000000
30	64	1	84.00000000	80.00000000
30	65	1	84.00000000	80.00000000
30	66	1	84.00000000	80.00000000
30	67	1	84.00000000	80.00000000
30	68	1	84.00000000	80.00000000
30	69	1	84.00000000	80.00000000
30	70	1	84.00000000	80.00000000
30	71	1	84.00000000	80.00000000
30	72	1	84.00000000	80.00000000
30	73	1	84.00000000	80.00000000
30	74	1	84.00000000	80.00000000
30	75	1	84.00000000	80.00000000
30	76	1	84.00000000	80.00000000
30	77	1	84.00000000	80.00000000
30	78	1	84.00000000	80.00000000
30	79	1	84.00000000	80.00000000
30	80	1	84.00000000	80.00000000
30	81	1	84.00000000	80.00000000
30	82	1	84.00000000	80.00000000
30	83	1	84.00000000	80.00000000
30	84	1	84.00000000	80.00000000
30	85	1	84.00000000	80.00000000
30	86	1	84.00000000	80.00000000
30	87	1	84.00000000	80.00000000
30	88	1	84.00000000	80.00000000
30	89	1	84.00000000	80.00000000
30	90	1	84.00000000	80.00000000
30	91	1	84.00000000	80.00000000
30	92	1	84.00000000	80.00000000
30	93	1	84.00000000	80.00000000
30	94	1	84.00000000	80.00000000
30	95	1	84.00000000	80.00000000
30	96	1	84.00000000	80.00000000
30	97	1	84.00000000	80.00000000
30	98	1	84.00000000	80.00000000
30	99	1	84.00000000	80.00000000
30	100	1	84.00000000	80.00000000
30	101	1	84.00000000	80.00000000
30	102	1	84.00000000	80.00000000
30	103	1	84.00000000	80.00000000
30	104	1	84.00000000	80.00000000
30	105	1	84.00000000	80.00000000
30	106	1	84.00000000	80.00000000
30	107	1	84.00000000	80.00000000
31	0	1	84.00000000	80.00000000
31	1	1	84.00000000	80.00000000
31	2	1	84.00000000	80.00000000
31	3	1	84.00000000	80.00000000
31	4	1	84.00000000	80.00000000
31	5	1	84.00000000	80.00000000
31	6	1	84.00000000	80.00000000
31	7	1	84.00000000	80.00000000
31	8	1	84.00000000	80.00000000
31	9	1	84.00000000	80.00000000
31	10	1	84.00000000	80.00000000
31	11	1	84.00000000	80.00000000
31	12	1	84.00000000	80.00000000
31	13	1	84.00000000	80.00000000
31	14	1	84.00000000	80.00000000
31	15	1	84.00000000	80.00000000
31	16	1	84.00000000	80.00000000
31	17	1	84.00000000	80.00000000
31	18	1	84.00000000	80.00000000
31	19	1	84.00000000	80.00000000
31	20	1	84.00000000	80.00000000
31	21	1	84.00000000	80.00000000
31	22	1	84.00000000	80.00000000
31	23	1	84.00000000	80.00000000
31	24	1	84.00000000	80.00000000
31	25	1	84.00000000	80.00000000
31	26	1	84.00000000	80.00000000
31	27	1	84.00000000	80.00000000
31	28	1	84.00000000	80.00000000
31	29	1	84.00000000	80.00000000
31	30	1	84.00000000	80.00000000
31	31	1	84.00000000	80.00000000
31	32	1	84.00000000	80.00000000
31	33	1	84.00000000	80.00000000
31	34	1	84.00000000	80.00000000
31	35	1	84.00000000	80.00000000
31	36	1	84.00000000	80.00000000
31	37	1	84.00000000	80.00000000
31	38	1	84.00000000	80.00000000
31	39	1	84.00000000	80.00000000
31	40	1	84.00000000	80.00000000
31	41	1	84.00000000	80.00000000
31	42	1	84.00000000	80.00000000
31	43	1	84.00000000	80.00000000
31	44	1	84.00000000	80.00000000
31	45	1	84.00000000	80.00000000
31	46	1	84.00000000	80.00000000
31	47	1	84.00000000	80.00000000
31	48	1	84.00000000	80.00000000
31	49	1	84.00000000	80.00000000
31	50	1	84.00000000	80.00000000
31	51	1	84.00000000	80.00000000
31	52	1	84.00000000	80.00000000
31	53	1	84.00000000	80.00000000
31	54	1	84.00000000	80.00000000
31	55	1	84.00000000	80.00000000
31	56	1	84.00000000	80.00000000
31	57	1	84.00000000	80.00000000
31	58	1	84.00000000	80.00000000
31	59	1	84.00000000	80.00000000
31	60	1	84.00000000	80.00000000
31	61	1	84.00000000	80.00000000
31	62	1	84.00000000	80.00000000
31	63	1	84.00000000	80.00000000
31	64	1	84.00000000	80.00000000
31	65	1	84.00000000	80.00000000
31	66	1	84.00000000	80.00000000
31	67	1	84.00000000	80.00000000
31	68	1	84.00000000	80.00000000
31	69	1	84.00000000	80.00000000
31	70	1	84.00000000	80.00000000
31	71	1	84.00000000	80.00000000
31	72	1	84.00000000	80.00000000
31	73	1	84.00000000	80.00000000
31	74	1	84.00000000	80.00000000
31	75	1	84.00000000	80.00000000
31	76	1	84.00000000	80.00000000
31	77	1	84.00000000	80.00000000
31	78	1	84.00000000	80.00000000
31	79	1	84.00000000	80.00000000
31	80	1	84.00000000	80.00000000
31	81	1	84.00000000	80.00000000
31	82	1	84.00000000	80.00000000
31	83	1	84.00000000	80.00000000
31	84	1	84.00000000	80.00000000
31	85	1	84.00000000	80.00000000
31	86	1	84.00000000	80.00000000
31	87	1	84.00000000	80.00000000
31	88	1	84.00000000	80.00000000
31	89	1	84.00000000	80.00000000
########################################
# TPC Y : y = (ct-p0)*p1               #
########################################
0	0	2	-1254.43237003	0.05500000
0	1	2	-1268.91911934	0.05500000
0	2	2	-1282.69261595	0.05500000
0	3	2	-1248.72339330	0.05500000
0	4	2	-1256.03326621	0.05500000
0	5	2	-1269.85482688	0.05500000
0	6	2	-1262.24038731	0.05500000
0	7	2	-1282.71670715	0.05500000
0	8	2	-1306.08078261	0.05500000
0	9	2	-1236.04571096	0.05500000
0	10	2	-1270.50899850	0.05500000
0	11	2	-1320.59347341	0.05500000
0	12	2	-1260.11746754	0.05500000
0	13	2	-1267.90190691	0.05500000
0	14	2	-1275.31472120	0.05500000
0	15	2	-1267.50118849	0.05500000
0	16	2	-1273.24765025	0.05500000
0	17	2	-1236.36363600	0.05500000
0	18	2	-1291.69531791	0.05500000
0	19	2	-1245.37933898	0.05500000
0	20	2	-1301.57280799	0.05500000
0	21	2	-1259.01641143	0.05500000
0	22	2	-1286.51035068	0.05500000
0	23	2	-1245.51777456	0.05500000
0	24	2	-1259.00029455	0.05500000
0	25	2	-1242.05090209	0.05500000
0	26	2	-1268.63740222	0.05500000
0	27	2	-1280.96649658	0.05500000
0	28	2	-1243.01755868	0.05500000
0	29	2	-1251.73390883	0.05500000
0	30	2	-1264.15736092	0.05500000
0	31	2	-1217.36756209	0.05500000
0	32	2	-1271.16113437	0.05500000
0	33	2	-1243.35625959	0.05500000
0	34	2	-1278.23526505	0.05500000
0	35	2	-1256.60670679	0.05500000
0	36	2	-1262.28396639	0.05500000
0	37	2	-1245.99857556	0.05500000
0	38	2	-1305.70047682	0.05500000
0	39	2	-1246.27786090	0.05500000
0	40	2	-1221.86363329	0.05500000
0	41	2	-1250.02243639	0.05500000
0	42	2	-1262.22922846	0.05500000
0	43	2	-1267.14656641	0.05500000
0	44	2	-1268.57779342	0.05500000
0	45	2	-1257.25583227	0.05500000
0	46	2	-1261.44991249	0.05500000
0	47	2	-1243.03835676	0.05500000
1	0	2	-1248.02719943	0.05500000
1	1	2	-1268.37220135	0.05500000
1	2	2	-1248.02356560	0.05500000
1	3	2	-1278.63855739	0.05500000
1	4	2	-1252.43685331	0.05500000
1	5	2	-1272.03077917	0.05500000
1	6	2	-1254.03824348	0.05500000
1	7	2	-1258.02345883	0.05500000
1	8	2	-1268.50590738	0.05500000
1	9	2	-1215.38722365	0.05500000
1	10	2	-1282.04892281	0.05500000
1	11	2	-1233.47542702	0.05500000
1	12	2	-1263.20836418	0.05500000
1	13	2	-1308.92442411	0.05500000
1	14	2	-1262.56139894	0.05500000
1	15	2	-1265.14111259	0.05500000
1	16	2	-1280.80314587	0.05500000
1	17	2	-1247.23263592	0.05500000
1	18	2	-1256.82065739	0.05500000
1	19	2	-1272.47360895	0.05500000
1	20	2	-1244.81775053	0.05500000
1	21	2	-1263.04619175	0.05500000
1	22	2	-1260.81486298	0.05500000
1	23	2	-1262.45469725	0.05500000
1	24	2	-1244.96165401	0.05500000
1	25	2	-1269.00262291	0.05500000
1	26	2	-1275.50722594	0.05500000
1	27	2	-1251.90300932	0.05500000
1	28	2	-1260.07663020	0.05500000
1	29	2	-1268.92168599	0.05500000
1	30	2	-1230.55034964	0.05500000
1	31	2	-1277.69057782	0.05500000
1	32	2	-1242.27277068	0.05500000
1	33	2	-1281.20807586	0.05500000
1	34	2	-1254.50890803	0.05500000
1	35	2	-1270.23779745	0.05500000
1	36	2	-1264.34581882	0.05500000
1	37	2	-1283.48541199	0.05500000
1	38	2	-1254.53415590	0.05500000
1	39	2	-1273.02841042	0.05500000
1	40	2	-1273.61241734	0.05500000
1	41	2	-1266.61206613	0.05500000
1	42	2	-1266.62597724	0.05500000
1	43	2	-1261.43967291	0.05500000
1	44	2	-1274.76614806	0.05500000
1	45	2	-1263.70783848	0.05500000
1	46	2	-1268.32255169	0.05500000
1	47	2	-1257.18572209	0.05500000
2	0	2	-1255.76019331	0.05500000
2	1	2	-1272.58734662	0.05500000
2	2	2	-1263.19267701	0.05500000
2	3	2	-1259.33120291	0.05500000
2	4	2	-1272.96484459	0.05500000
2	5	2	-1247.66530945	0.05500000
2	6	2	-1280.32958969	0.05500000
2	7	2	-1250.94911329	0.05500000
2	8	2	-1281.57463283	0.05500000
2	9	2	-1260.34071606	0.05500000
2	10	2	-1306.58640377	0.05500000
2	11	2	-1261.64572390	0.05500000
2	12	2	-1249.55973136	0.05500000
2	13	2	-1255.41372996	0.05500000
2	14	2	-1311.78831174	0.05500000
2	15	2	-1278.88692200	0.05500000
2	16	2	-1252.40038395	0.05500000
2	17	2	-1263.68388577	0.05500000
2	18	2	-1318.59538089	0.05500000
2	19	2	-1239.45469825	0.05500000
2	20	2	-1257.96278747	0.05500000
2	21	2	-1282.82018728	0.05500000
2	22	2	-1289.73892972	0.05500000
2	23	2	-1241.85456563	0.05500000
2	24	2	-1307.72110424	0.05500000
2	25	2	-1260.48371308	0.05500000
2	26	2	-1275.07420429	0.05500000
2	27	2	-1276.31953132	0.05500000
2	28	2	-1270.51191439	0.05500000
2	29	2	-1268.43747323	0.05500000
2	30	2	-1267.19508459	0.05500000
2	31	2	-1265.41962439	0.05500000
2	32	2	-1272.29917245	0.05500000
2	33	2	-1251.46290616	0.05500000
2	34	2	-1282.58737408	0.05500000
2	35	2	-1257.20215723	0.05500000
2	36	2	-1263.53901149	0.05500000
2	37	2	-1245.70657255	0.05500000
2	38	2	-1267.15903656	0.05500000
2	39	2	-1240.79042194	0.05500000
2	40	2	-1264.00359270	0.05500000
2	41	2	-1260.93711587	0.05500000
2	42	2	-1254.66548241	0.05500000
2	43	2	-1239.21930762	0.05500000
2	44	2	-1254.87052965	0.05500000
2	45	2	-1278.43969090	0.05500000
2	46	2	-1261.11649479	0.05500000
2	47	2	-1246.44113875	0.05500000
2	48	2	-1292.25645817	0.05500000
2	49	2	-1249.51495768	0.05500000
2	50	2	-1272.31388005	0.05500000
2	51	2	-1255.57795869	0.05500000
2	52	2	-1264.53908538	0.05500000
2	53	2	-1266.39993871	0.05500000
2	54	2	-1251.84118638	0.05500000
2	55	2	-1258.67133231	0.05500000
2	56	2	-1273.85221948	0.05500000
2	57	2	-1256.84444727	0.05500000
2	58	2	-1282.27704393	0.05500000
2	59	2	-1231.90702962	0.05500000
2	60	2	-1276.45466209	0.05500000
2	61	2	-1280.49919152	0.05500000
2	62	2	-1240.84054276	0.05500000
2	63	2	-1265.45068449	0.05500000
2	64	2	-1277.32405217	0.05500000
2	65	2	-1255.08930390	0.05500000
2	66	2	-1281.51968248	0.05500000
2	67	2	-1251.53348553	0.05500000
2	68	2	-1258.49511175	0.05500000
2	69	2	-1261.23320474	0.05500000
2	70	2	-1256.60428895	0.05500000
2	71	2	-1254.45999987	0.05500000
3	0	2	-1249.22946940	0.05500000
3	1	2	-1269.51902333	0.05500000
3	2	2	-1257.90878458	0.05500000
3	3	2	-1246.84491534	0.05500000
3	4	2	-1273.08570601	0.05500000
3	5	2	-1247.68408201	0.05500000
3	6	2	-1282.95908456	0.05500000
3	7	2	-1269.77459762	0.05500000
3	8	2	-1263.91399775	0.05500000
3	9	2	-1264.35246075	0.05500000
3	10	2	-1265.53930909	0.05500000
3	11	2	-1258.85461017	0.05500000
3	12	2	-1263.74735107	0.05500000
3	13	2	-1303.44331874	0.05500000
3	14	2	-1257.23410253	0.05500000
3	15	2	-1236.36363600	0.05500000
3	16	2	-1274.78066189	0.05500000
3	17	2	-1286.45604967	0.05500000
3	18	2	-1261.71688413	0.05500000
3	19	2	-1256.68416600	0.05500000
3	20	2	-1276.13027873	0.05500000
3	21	2	-1286.18025005	0.05500000
3	22	2	-1256.28372319	0.05500000
3	23	2	-1263.12091151	0.05500000
3	24	2	-1263.21284760	0.05500000
3	25	2	-1248.49078430	0.05500000
3	26	2	-1327.63218543	0.05500000
3	27	2	-1282.75628805	0.05500000
3	28	2	-1259.32179902	0.05500000
3	29	2	-1279.56876951	0.05500000
3	30	2	-1278.73962305	0.05500000
3	31	2	-1252.70183314	0.05500000
3	32	2	-1280.96815154	0.05500000
3	33	2	-1264.49435414	0.05500000
3	34	2	-1290.29983966	0.05500000
3	35	2	-1253.49272267	0.05500000
3	36	2	-1301.46362796	0.05500000
3	37	2	-1239.86073309	0.05500000
3	38	2	-1280.15333377	0.05500000
3	39	2	-1256.84222817	0.05500000
3	40	2	-1263.49443445	0.05500000
3	41	2	-1266.75634693	0.05500000
3	42	2	-1270.86997189	0.05500000
3	43	2	-1261.09413427	0.05500000
3	44	2	-1259.28730558	0.05500000
3	45	2	-1257.80682482	0.05500000
3	46	2	-1259.80678056	0.05500000
3	47	2	-1258.65955096	0.05500000
3	48	2	-1261.59786839	0.05500000
3	49	2	-1251.46117526	0.05500000
3	50	2	-1264.29701057	0.05500000
3	51	2	-1251.04768217	0.05500000
3	52	2	-1246.54310676	0.05500000
3	53	2	-1273.83398170	0.05500000
3	54	2	-1235.83522624	0.05500000
3	55	2	-1261.61286641	0.05500000
3	56	2	-1255.47811119	0.05500000
3	57	2	-1251.09463749	0.05500000
3	58	2	-1316.41125687	0.05500000
3	59	2	-1251.57088060	0.05500000
3	60	2	-1266.57427884	0.05500000
3	61	2	-1261.34573819	0.05500000
3	62	2	-1247.51999722	0.05500000
3	63	2	-1307.35595717	0.05500000
3	64	2	-1258.94779814	0.05500000
3	65	2	-1216.46388995	0.05500000
3	66	2	-1270.90139397	0.05500000
3	67	2	-1265.89266762	0.05500000
3	68	2	-1274.51601433	0.05500000
3	69	2	-1255.34359277	0.05500000
3	70	2	-1261.10267771	0.05500000
3	71	2	-1260.39227716	0.05500000
3	72	2	-1269.06640047	0.05500000
3	73	2	-1267.70485601	0.05500000
3	74	2	-1267.66632343	0.05500000
3	75	2	-1273.84343796	0.05500000
3	76	2	-1251.67314082	0.05500000
3	77	2	-1275.17915582	0.05500000
3	78	2	-1279.31434767	0.05500000
3	79	2	-1271.12822495	0.05500000
3	80	2	-1249.15390863	0.05500000
3	81	2	-1271.38421315	0.05500000
3	82	2	-1268.76518012	0.05500000
3	83	2	-1257.80475339	0.05500000
3	84	2	-1271.36041494	0.05500000
3	85	2	-1258.43434578	0.05500000
3	86	2	-1255.96502046	0.05500000
3	87	2	-1264.52795852	0.05500000
3	88	2	-1272.35532764	0.05500000
3	89	2	-1262.46029949	0.05500000
3	90	2	-1275.09825745	0.05500000
3	91	2	-1259.17285774	0.05500000
3	92	2	-1257.38073982	0.05500000
3	93	2	-1263.77739060	0.05500000
3	94	2	-1266.24396920	0.05500000
3	95	2	-1250.85552617	0.05500000
4	0	2	-1225.85562541	0.05500000
4	1	2	-1233.88549665	0.05500000
4	2	2	-1236.20777441	0.05500000
4	3	2	-1221.00202849	0.05500000
4	4	2	-1233.61718519	0.05500000
4	5	2	-1233.34948463	0.05500000
4	6	2	-1238.09211516	0.05500000
4	7	2	-1238.51214596	0.05500000
4	8	2	-1242.70407124	0.05500000
4	9	2	-1232.60440030	0.05500000
4	10	2	-1241.32711368	0.05500000
4	11	2	-1217.11338031	0.05500000
4	12	2	-1256.88534995	0.05500000
4	13	2	-1209.66221183	0.05500000
4	14	2	-1254.20273758	0.05500000
4	15	2	-1231.69264534	0.05500000
4	16	2	-1258.48049122	0.05500000
4	17	2	-1240.94468029	0.05500000
4	18	2	-1268.64981760	0.05500000
4	19	2	-1228.80318979	0.05500000
4	20	2	-1253.23327898	0.05500000
4	21	2	-1227.43648346	0.05500000
4	22	2	-1240.97852986	0.05500000
4	23	2	-1262.93577676	0.05500000
4	24	2	-1244.10988065	0.05500000
4	25	2	-1246.28483797	0.05500000
4	26	2	-1260.67451592	0.05500000
4	27	2	-1239.82124257	0.05500000
4	28	2	-1244.22500296	0.05500000
4	29	2	-1260.31650077	0.05500000
4	30	2	-1248.54781527	0.05500000
4	31	2	-1238.73247424	0.05500000
4	32	2	-1311.15973229	0.05500000
4	33	2	-1250.20598718	0.05500000
4	34	2	-1260.97320858	0.05500000
4	35	2	-1227.64992132	0.05500000
4	36	2	-1267.30120307	0.05500000
4	37	2	-1258.75291432	0.05500000
4	38	2	-1258.44472122	0.05500000
4	39	2	-1250.18454777	0.05500000
4	40	2	-1253.51294773	0.05500000
4	41	2	-1230.80000113	0.05500000
4	42	2	-1296.42490966	0.05500000
4	43	2	-1217.66452275	0.05500000
4	44	2	-1253.63892934	0.05500000
4	45	2	-1258.91953535	0.05500000
4	46	2	-1236.47757366	0.05500000
4	47	2	-1276.96779716	0.05500000
4	48	2	-1237.17365077	0.05500000
4	49	2	-1249.83366407	0.05500000
4	50	2	-1257.51485468	0.05500000
4	51	2	-1237.79372560	0.05500000
4	52	2	-1247.62176709	0.05500000
4	53	2	-1245.88716399	0.05500000
4	54	2	-1238.45461697	0.05500000
4	55	2	-1241.13665765	0.05500000
4	56	2	-1232.17177480	0.05500000
4	57	2	-1237.10333892	0.05500000
4	58	2	-1232.14036196	0.05500000
4	59	2	-1227.82212113	0.05500000
4	60	2	-1284.91384531	0.05500000
4	61	2	-1258.73163813	0.05500000
4	62	2	-1215.37287637	0.05500000
4	63	2	-1234.11449652	0.05500000
4	64	2	-1272.21838079	0.05500000
4	65	2	-1230.53904688	0.05500000
4	66	2	-1295.18153048	0.05500000
4	67	2	-1241.60628482	0.05500000
4	68	2	-1277.47788975	0.05500000
4	69	2	-1305.04670992	0.05500000
4	70	2	-1263.34353975	0.05500000
4	71	2	-1262.47712254	0.05500000
4	72	2	-1277.86691338	0.05500000
4	73	2	-1287.23574870	0.05500000
4	74	2	-1272.29054545	0.05500000
4	75	2	-1254.59734748	0.05500000
4	76	2	-1296.43563416	0.05500000
4	77	2	-1260.47684341	0.05500000
4	78	2	-1284.17543414	0.05500000
4	79	2	-1266.71692414	0.05500000
4	80	2	-1276.57387073	0.05500000
4	81	2	-1267.56114615	0.05500000
4	82	2	-1263.15357860	0.05500000
4	83	2	-1289.29693198	0.05500000
4	84	2	-1281.30741668	0.05500000
4	85	2	-1242.43324675	0.05500000
4	86	2	-1271.96973528	0.05500000
4	87	2	-1270.32708220	0.05500000
4	88	2	-1277.46086619	0.05500000
4	89	2	-1257.73788722	0.05500000
4	90	2	-1294.28662187	0.05500000
4	91	2	-1269.28353396	0.05500000
4	92	2	-1269.36486273	0.05500000
4	93	2	-1280.56584620	0.05500000
4	94	2	-1288.28341603	0.05500000
4	95	2	-1269.60792976	0.05500000
4	96	2	-1287.66025740	0.05500000
4	97	2	-955.44028548	0.05500000
4	98	2	-1283.75596116	0.05500000
4	99	2	-1266.38519638	0.05500000
4	100	2	-1248.89829580	0.05500000
4	101	2	-1238.87427464	0.05500000
4	102	2	-1253.15770604	0.05500000
4	103	2	-1226.57792317	0.05500000
4	104	2	-1225.94722741	0.05500000
4	105	2	-1234.28283523	0.05500000
4	106	2	-1236.85937342	0.05500000
4	107	2	-1238.49315850	0.05500000
4	108	2	-1232.44881812	0.05500000
4	109	2	-1230.64896452	0.05500000
4	110	2	-1222.78930786	0.05500000
4	111	2	-1240.26049969	0.05500000
4	112	2	-1238.22306777	0.05500000
4	113	2	-1243.83913280	0.05500000
4	114	2	-1221.04207246	0.05500000
4	115	2	-1239.74606055	0.05500000
4	116	2	-1221.35853723	0.05500000
4	117	2	-1268.18891929	0.05500000
4	118	2	-1227.99685580	0.05500000
4	119	2	-1227.65237678	0.05500000
     5      0      2    -1242.47557500        0.05492925
     5      1      2    -1255.18176864        0.05492925
     5      2      2    -1253.02922129        0.05492925
     5      3      2    -1253.95771338        0.05492925
     5      4      2    -1260.44997444        0.05492925
     5      5      2    -1264.65342909        0.05492925
     5      6      2    -1247.25720366        0.05492925
     5      7      2    -1350.68932213        0.05492925
     5      8      2    -1250.80261220        0.05492925
     5      9      2    -1229.50079904        0.05492925
     5     10      2    -1248.41625652        0.05492925
     5     11      2    -1267.64396085        0.05492925
     5     12      2    -1295.53252557        0.05492925
     5     13      2    -1266.16860788        0.05492925
     5     14      2    -1266.57775542        0.05492925
     5     15      2    -1244.71371965        0.05492925
     5     16      2    -1209.21072235        0.05492925
     5     17      2    -1243.59410798        0.05492925
     5     18      2    -1191.89491506        0.05492925
     5     19      2    -1236.26432795        0.05492925
     5     20      2    -1246.81627423        0.05492925
     5     21      2    -1245.30727570        0.05492925
     5     22      2    -1225.74819669        0.05492925
     5     23      2    -1249.29801644        0.05492925
     5     24      2    -1237.29873888        0.05492925
     5     25      2    -1238.60519306        0.05492925
     5     26      2    -1197.62726657        0.05492925
     5     27      2    -1221.14905350        0.05492925
     5     28      2    -1224.02064061        0.05492925
     5     29      2    -1274.77465389        0.05492925
     5     30      2    -1261.73265777        0.05492925
     5     31      2    -1278.20625155        0.05492925
     5     32      2    -1272.15361056        0.05492925
     5     33      2    -1266.06847433        0.05492925
     5     34      2    -1255.63923954        0.05492925
     5     35      2    -1257.35790457        0.05492925
     5     36      2    -1263.54719868        0.05492925
     5     37      2    -1242.41330122        0.05492925
     5     38      2    -1261.02876733        0.05492925
     5     39      2    -1261.43126461        0.05492925
     5     40      2    -1212.39077129        0.05492925
     5     41      2    -1243.76045759        0.05492925
     5     42      2    -1211.62999106        0.05492925
     5     43      2    -1191.42785296        0.05492925
     5     44      2    -1191.46259084        0.05492925
     5     45      2    -1176.58673574        0.05492925
     5     46      2    -1189.53506026        0.05492925
     5     47      2    -1206.34813771        0.05492925
     5     48      2    -1197.78421996        0.05492925
     5     49      2    -1193.38428435        0.05492925
     5     50      2    -1196.92272186        0.05492925
     5     51      2    -1201.88861617        0.05492925
     5     52      2    -1226.00433871        0.05492925
     5     53      2    -1248.39185047        0.05492925
     5     54      2    -1238.96256580        0.05492925
     5     55      2    -1261.06341139        0.05492925
     5     56      2    -1261.67731508        0.05492925
     5     57      2    -1208.33140671        0.05492925
     5     58      2    -1205.15545458        0.05492925
     5     59      2    -1194.83011812        0.05492925
     5     60      2    -1220.59090210        0.05492925
     5     61      2    -1242.71902192        0.05492925
     5     62      2    -1239.35107633        0.05492925
     5     63      2    -1242.80260759        0.05492925
     5     64      2    -1230.52801451        0.05492925
     5     65      2    -1252.24065641        0.05492925
     5     66      2    -1241.70507141        0.05492925
     5     67      2    -1263.02585483        0.05492925
     5     68      2    -1251.26085087        0.05492925
     5     69      2    -1243.26836531        0.05492925
     5     70      2    -1234.74698608        0.05492925
     5     71      2    -1243.59039049        0.05492925
     5     72      2    -1271.88282518        0.05492925
     5     73      2    -1287.70275767        0.05492925
     5     74      2    -1271.52709992        0.05492925
     5     75      2    -1288.67882238        0.05492925
     5     76      2    -1273.04580143        0.05492925
     5     77      2    -1281.51556510        0.05492925
     5     78      2    -1266.69870260        0.05492925
     5     79      2    -1282.46276740        0.05492925
     5     80      2    -1257.49913904        0.05492925
     5     81      2    -1285.94981940        0.05492925
     5     82      2    -1259.26309876        0.05492925
     5     83      2    -1288.20879915        0.05492925
     5     84      2    -1268.25523811        0.05492925
     5     85      2    -1280.99396452        0.05492925
     5     86      2    -1297.01818284        0.05492925
     5     87      2    -1276.36111361        0.05492925
     5     88      2    -1279.20635982        0.05492925
     5     89      2    -1278.03181151        0.05492925
     5     90      2    -1262.74827340        0.05492925
     5     91      2    -1281.56669923        0.05492925
     5     92      2    -1262.63490917        0.05492925
     5     93      2    -1297.14285243        0.05492925
     5     94      2    -1268.02211886        0.05492925
     5     95      2    -1291.54012578        0.05492925
     5     96      2    -1271.65776120        0.05492925
     5     97      2    -1292.46164986        0.05492925
     5     98      2    -1265.25160318        0.05492925
     5     99      2    -1293.27831782        0.05492925
     5    100      2    -1271.89913212        0.05492925
     5    101      2    -1295.25843413        0.05492925
     5    102      2    -1269.78402241        0.05492925
     5    103      2    -1286.94711607        0.05492925
     5    104      2    -1269.46898777        0.05492925
     5    105      2    -1288.75421241        0.05492925
     5    106      2    -1267.22200300        0.05492925
     5    107      2    -1293.04397094        0.05492925
     5    108      2    -1277.44530443        0.05492925
     5    109      2    -1292.80540972        0.05492925
     5    110      2    -1273.61310659        0.05492925
     5    111      2    -1295.04135828        0.05492925
     5    112      2    -1280.49007164        0.05492925
     5    113      2    -1293.46298801        0.05492925
     5    114      2    -1277.93906096        0.05492925
     5    115      2    -1297.28746694        0.05492925
     5    116      2    -1277.33877940        0.05492925
     5    117      2    -1303.33427272        0.05492925
     5    118      2    -1273.50286116        0.05492925
     5    119      2    -1292.28617498        0.05492925
     5    120      2    -1250.76637865        0.05492925
     5    121      2    -1246.41173651        0.05492925
     5    122      2    -1248.50526035        0.05492925
     5    123      2    -1238.56100442        0.05492925
     5    124      2    -1250.66352710        0.05492925
     5    125      2    -1238.64128455        0.05492925
     5    126      2    -1240.49688429        0.05492925
     5    127      2    -1235.94501347        0.05492925
     5    128      2    -1241.05783055        0.05492925
     5    129      2    -1238.86278825        0.05492925
     5    130      2    -1250.06638429        0.05492925
     5    131      2    -1262.13203378        0.05492925
     5    132      2    -1257.04792976        0.05492925
     5    133      2    -1248.49099446        0.05492925
     5    134      2    -1251.58366900        0.05492925
     5    135      2    -1248.79982445        0.05492925
     5    136      2    -1251.50502052        0.05492925
     5    137      2    -1247.22759684        0.05492925
     5    138      2    -1254.05994462        0.05492925
     5    139      2    -1247.81269486        0.05492925
     5    140      2    -1257.16404774        0.05492925
     5    141      2    -1243.28408817        0.05492925
     5    142      2    -1255.78273316        0.05492925
     5    143      2    -1247.83423086        0.05492925
     6      0      2    -1287.68631328        0.05496325
     6      1      2    -1283.65655636        0.05496325
     6      2      2    -1277.13613704        0.05496325
     6      3      2    -1280.57620183        0.05496325
     6      4      2    -1282.47224453        0.05496325
     6      5      2    -1282.19043428        0.05496325
     6      6      2    -1296.44766661        0.05496325
     6      7      2    -1285.92424175        0.05496325
     6      8      2    -1325.42584543        0.05496325
     6      9      2    -1353.94111402        0.05496325
     6     10      2    -1297.36182104        0.05496325
     6     11      2    -1287.58777734        0.05496325
     6     12      2    -1289.92602452        0.05496325
     6     13      2    -1286.38370494        0.05496325
     6     14      2    -1329.70822288        0.05496325
     6     15      2    -1292.06943700        0.05496325
     6     16      2    -1289.29673459        0.05496325
     6     17      2    -1298.38852204        0.05496325
     6     18      2    -1286.32332667        0.05496325
     6     19      2    -1285.62502222        0.05496325
     6     20      2    -1293.96070218        0.05496325
     6     21      2    -1289.36527351        0.05496325
     6     22      2    -1286.28688869        0.05496325
     6     23      2    -1288.25055084        0.05496325
     6     24      2    -1284.87840375        0.05496325
     6     25      2    -1288.41771631        0.05496325
     6     26      2    -1293.52589261        0.05496325
     6     27      2    -1289.05145495        0.05496325
     6     28      2    -1251.25012640        0.05496325
     6     29      2    -1250.36438939        0.05496325
     6     30      2    -1254.30851812        0.05496325
     6     31      2    -1242.79756639        0.05496325
     6     32      2    -1264.77586268        0.05496325
     6     33      2    -1245.75080524        0.05496325
     6     34      2    -1252.47333258        0.05496325
     6     35      2    -1246.07080081        0.05496325
     6     36      2    -1260.21641080        0.05496325
     6     37      2    -1254.05086382        0.05496325
     6     38      2    -1261.25852686        0.05496325
     6     39      2    -1239.38607454        0.05496325
     6     40      2    -1258.73335256        0.05496325
     6     41      2    -1246.47586095        0.05496325
     6     42      2    -1259.02361512        0.05496325
     6     43      2    -1237.65691117        0.05496325
     6     44      2    -1261.16612012        0.05496325
     6     45      2    -1251.37997584        0.05496325
     6     46      2    -1250.69630643        0.05496325
     6     47      2    -1254.76979104        0.05496325
     6     48      2    -1256.38178002        0.05496325
     6     49      2    -1252.17597805        0.05496325
     6     50      2    -1254.08914086        0.05496325
     6     51      2    -1249.61184543        0.05496325
     6     52      2    -1267.69447794        0.05496325
     6     53      2    -1242.56606221        0.05496325
     6     54      2    -1260.35295855        0.05496325
     6     55      2    -1243.20060929        0.05496325
     6     56      2    -1253.04962234        0.05496325
     6     57      2    -1249.75669750        0.05496325
     6     58      2    -1253.48595519        0.05496325
     6     59      2    -1241.39621338        0.05496325
     6     60      2    -1257.37617577        0.05496325
     6     61      2    -1240.62872458        0.05496325
     6     62      2    -1259.35932494        0.05496325
     6     63      2    -1234.16571331        0.05496325
     6     64      2    -1254.96391034        0.05496325
     6     65      2    -1240.39889644        0.05496325
     6     66      2    -1249.16554356        0.05496325
     6     67      2    -1238.11940874        0.05496325
     6     68      2    -1260.94749906        0.05496325
     6     69      2    -1238.38636200        0.05496325
     6     70      2    -1205.16978005        0.05496325
     6     71      2    -1244.79133895        0.05496325
     6     72      2    -1246.99574012        0.05496325
     6     73      2    -1239.47788488        0.05496325
     6     74      2    -1251.27257759        0.05496325
     6     75      2    -1238.17365566        0.05496325
     6     76      2    -1162.20134371        0.05496325
     6     77      2    -1225.58342559        0.05496325
     6     78      2    -1240.22097693        0.05496325
     6     79      2    -1220.31950012        0.05496325
     6     80      2    -1226.03178279        0.05496325
     6     81      2    -1216.57523214        0.05496325
     6     82      2    -1223.99873960        0.05496325
     6     83      2    -1215.52755745        0.05496325
     6     84      2    -1241.69996174        0.05496325
     6     85      2    -1233.43960046        0.05496325
     6     86      2    -1238.23543723        0.05496325
     6     87      2    -1239.46516291        0.05496325
     6     88      2    -1239.92644426        0.05496325
     6     89      2    -1230.43649823        0.05496325
     6     90      2    -1236.00728644        0.05496325
     6     91      2    -1239.57817869        0.05496325
     6     92      2    -1233.54434600        0.05496325
     6     93      2    -1232.37733473        0.05496325
     6     94      2    -1234.95227787        0.05496325
     6     95      2    -1233.75016875        0.05496325
     6     96      2    -1240.12899043        0.05496325
     6     97      2    -1232.00866990        0.05496325
     6     98      2    -1243.25422239        0.05496325
     6     99      2    -1235.61678669        0.05496325
     6    100      2    -1239.98206803        0.05496325
     6    101      2    -1252.55815293        0.05496325
     6    102      2    -1235.46633292        0.05496325
     6    103      2    -1242.75841935        0.05496325
     6    104      2    -1239.04495063        0.05496325
     6    105      2    -1244.71040151        0.05496325
     6    106      2    -1245.26734187        0.05496325
     6    107      2    -1243.80692628        0.05496325
     6    108      2    -1248.32452918        0.05496325
     6    109      2    -1249.98553953        0.05496325
     6    110      2    -1246.61505645        0.05496325
     6    111      2    -1254.96755535        0.05496325
     6    112      2    -1250.69235761        0.05496325
     6    113      2    -1262.25185906        0.05496325
     6    114      2    -1251.02473537        0.05496325
     6    115      2    -1255.99775999        0.05496325
     6    116      2    -1258.47138735        0.05496325
     6    117      2    -1254.92145384        0.05496325
     6    118      2    -1246.25085171        0.05496325
     6    119      2    -1257.99230530        0.05496325
     6    120      2    -1246.68052745        0.05496325
     6    121      2    -1253.98107396        0.05496325
     6    122      2    -1250.68779778        0.05496325
     6    123      2    -1254.35375780        0.05496325
     6    124      2    -1249.11101596        0.05496325
     6    125      2    -1253.07837246        0.05496325
     6    126      2    -1255.60261142        0.05496325
     6    127      2    -1257.45542533        0.05496325
     6    128      2    -1252.62528928        0.05496325
     6    129      2    -1257.27144386        0.05496325
     6    130      2    -1254.49075019        0.05496325
     6    131      2    -1254.68292746        0.05496325
     6    132      2    -1256.37841629        0.05496325
     6    133      2    -1259.55017447        0.05496325
     6    134      2    -1256.75386539        0.05496325
     6    135      2    -1253.63112446        0.05496325
     6    136      2    -1257.60830254        0.05496325
     6    137      2    -1250.61403531        0.05496325
     6    138      2    -1253.05293798        0.05496325
     6    139      2    -1251.33658266        0.05496325
     6    140      2    -1271.03737595        0.05496325
     6    141      2    -1279.17615068        0.05496325
     6    142      2    -1271.77718360        0.05496325
     6    143      2    -1276.44648551        0.05496325
     6    144      2    -1274.90509190        0.05496325
     6    145      2    -1276.22682074        0.05496325
     6    146      2    -1269.77476023        0.05496325
     6    147      2    -1280.83314751        0.05496325
     6    148      2    -1264.12098167        0.05496325
     6    149      2    -1277.18315970        0.05496325
     6    150      2    -1268.91913005        0.05496325
     6    151      2    -1275.02996233        0.05496325
     6    152      2    -1274.32749597        0.05496325
     6    153      2    -1280.55650356        0.05496325
     6    154      2    -1277.80798468        0.05496325
     6    155      2    -1287.73207607        0.05496325
     6    156      2    -1274.44999182        0.05496325
     6    157      2    -1276.85803823        0.05496325
     6    158      2    -1274.43038736        0.05496325
     6    159      2    -1278.81398584        0.05496325
     6    160      2    -1273.63338023        0.05496325
     6    161      2    -1278.86002673        0.05496325
     6    162      2    -1273.84814805        0.05496325
     6    163      2    -1280.00200080        0.05496325
     6    164      2    -1273.27938207        0.05496325
     6    165      2    -1275.96701483        0.05496325
     6    166      2    -1279.31588040        0.05496325
     6    167      2    -1291.03917510        0.05496325
     7      0      2    -1286.11121902        0.05497051
     7      1      2    -1276.15950642        0.05497051
     7      2      2    -1275.05223605        0.05497051
     7      3      2    -1277.96009515        0.05497051
     7      4      2    -1283.47432412        0.05497051
     7      5      2    -1267.51577962        0.05497051
     7      6      2    -1279.83558887        0.05497051
     7      7      2    -1279.98192367        0.05497051
     7      8      2    -1283.76595303        0.05497051
     7      9      2    -1278.58441748        0.05497051
     7     10      2    -1292.58917558        0.05497051
     7     11      2    -1280.86684842        0.05497051
     7     12      2    -1287.47072650        0.05497051
     7     13      2    -1283.88772914        0.05497051
     7     14      2    -1285.77265194        0.05497051
     7     15      2    -1281.84066972        0.05497051
     7     16      2    -1291.04046022        0.05497051
     7     17      2    -1276.26987828        0.05497051
     7     18      2    -1304.07783301        0.05497051
     7     19      2    -1280.63105260        0.05497051
     7     20      2    -1264.87509797        0.05497051
     7     21      2    -1282.73689579        0.05497051
     7     22      2    -1291.56755320        0.05497051
     7     23      2    -1279.79636506        0.05497051
     7     24      2    -1286.83870249        0.05497051
     7     25      2    -1280.98367118        0.05497051
     7     26      2    -1283.72461188        0.05497051
     7     27      2    -1306.42693552        0.05497051
     7     28      2    -1254.61318515        0.05497051
     7     29      2    -1285.98847109        0.05497051
     7     30      2    -1292.60472597        0.05497051
     7     31      2    -1285.54103534        0.05497051
     7     32      2    -1250.31851932        0.05497051
     7     33      2    -1265.63658944        0.05497051
     7     34      2    -1263.72140752        0.05497051
     7     35      2    -1256.40813906        0.05497051
     7     36      2    -1268.97043660        0.05497051
     7     37      2    -1273.45119345        0.05497051
     7     38      2    -1258.15303223        0.05497051
     7     39      2    -1260.00488675        0.05497051
     7     40      2    -1269.18782825        0.05497051
     7     41      2    -1273.88813678        0.05497051
     7     42      2    -1260.15937534        0.05497051
     7     43      2    -1274.37129001        0.05497051
     7     44      2    -1252.26368756        0.05497051
     7     45      2    -1269.08891117        0.05497051
     7     46      2    -1256.00510757        0.05497051
     7     47      2    -1235.21563476        0.05497051
     7     48      2    -1294.47294650        0.05497051
     7     49      2    -1238.97504459        0.05497051
     7     50      2    -1254.26400233        0.05497051
     7     51      2    -1255.13965648        0.05497051
     7     52      2    -1287.36224749        0.05497051
     7     53      2    -1238.79260358        0.05497051
     7     54      2    -1269.65760249        0.05497051
     7     55      2    -1267.13593927        0.05497051
     7     56      2    -1259.38542676        0.05497051
     7     57      2    -1273.03089479        0.05497051
     7     58      2    -1269.47075296        0.05497051
     7     59      2    -1265.26207086        0.05497051
     7     60      2    -1265.07659943        0.05497051
     7     61      2    -1269.02798477        0.05497051
     7     62      2    -1261.88212602        0.05497051
     7     63      2    -1277.15609263        0.05497051
     7     64      2    -1259.76497071        0.05497051
     7     65      2    -1265.41943467        0.05497051
     7     66      2    -1262.74682420        0.05497051
     7     67      2    -1264.36609678        0.05497051
     7     68      2    -1264.32286902        0.05497051
     7     69      2    -1260.02441079        0.05497051
     7     70      2    -1270.36639264        0.05497051
     7     71      2    -1255.66432620        0.05497051
     7     72      2    -1264.82169704        0.05497051
     7     73      2    -1252.63171100        0.05497051
     7     74      2    -1263.04879637        0.05497051
     7     75      2    -1253.87121849        0.05497051
     7     76      2    -1261.88813575        0.05497051
     7     77      2    -1255.05120829        0.05497051
     7     78      2    -1261.70951156        0.05497051
     7     79      2    -1253.20972111        0.05497051
     7     80      2    -1261.36624954        0.05497051
     7     81      2    -1252.92463225        0.05497051
     7     82      2    -1259.93831310        0.05497051
     7     83      2    -1259.33490249        0.05497051
     7     84      2    -1252.52373442        0.05497051
     7     85      2    -1257.41765371        0.05497051
     7     86      2    -1257.49853241        0.05497051
     7     87      2    -1255.49050638        0.05497051
     7     88      2    -1251.87678666        0.05497051
     7     89      2    -1246.45340631        0.05497051
     7     90      2    -1247.74594195        0.05497051
     7     91      2    -1217.91413321        0.05497051
     7     92      2    -1233.15126382        0.05497051
     7     93      2    -1223.94580640        0.05497051
     7     94      2    -1233.58018328        0.05497051
     7     95      2    -1236.41200823        0.05497051
     7     96      2    -1215.14121703        0.05497051
     7     97      2    -1215.22827120        0.05497051
     7     98      2    -1210.18678632        0.05497051
     7     99      2    -1210.91809480        0.05497051
     7    100      2    -1204.32505023        0.05497051
     7    101      2    -1207.72169234        0.05497051
     7    102      2    -1208.09661651        0.05497051
     7    103      2    -1211.61468784        0.05497051
     7    104      2    -1206.34163414        0.05497051
     7    105      2    -1209.71236001        0.05497051
     7    106      2    -1211.27035095        0.05497051
     7    107      2    -1207.91114051        0.05497051
     7    108      2    -1206.83918794        0.05497051
     7    109      2    -1212.38453827        0.05497051
     7    110      2    -1213.40199950        0.05497051
     7    111      2    -1213.97066740        0.05497051
     7    112      2    -1207.92378969        0.05497051
     7    113      2    -1225.84005240        0.05497051
     7    114      2    -1209.49265718        0.05497051
     7    115      2    -1218.08533534        0.05497051
     7    116      2    -1227.61990130        0.05497051
     7    117      2    -1218.94481712        0.05497051
     7    118      2    -1227.39936134        0.05497051
     7    119      2    -1222.72655193        0.05497051
     7    120      2    -1223.00660574        0.05497051
     7    121      2    -1228.98971585        0.05497051
     7    122      2    -1222.44440656        0.05497051
     7    123      2    -1237.86992954        0.05497051
     7    124      2    -1226.28620121        0.05497051
     7    125      2    -1228.52332187        0.05497051
     7    126      2    -1233.44943883        0.05497051
     7    127      2    -1232.94103156        0.05497051
     7    128      2    -1236.71158029        0.05497051
     7    129      2    -1234.40372612        0.05497051
     7    130      2    -1231.08288706        0.05497051
     7    131      2    -1242.36436937        0.05497051
     7    132      2    -1229.09515072        0.05497051
     7    133      2    -1240.19865575        0.05497051
     7    134      2    -1235.52175915        0.05497051
     7    135      2    -1231.83531286        0.05497051
     7    136      2    -1232.82973399        0.05497051
     7    137      2    -1235.86619994        0.05497051
     7    138      2    -1228.69592534        0.05497051
     7    139      2    -1234.82893353        0.05497051
     7    140      2    -1230.39311343        0.05497051
     7    141      2    -1232.84643701        0.05497051
     7    142      2    -1232.35193561        0.05497051
     7    143      2    -1233.88612423        0.05497051
     7    144      2    -1229.24063909        0.05497051
     7    145      2    -1233.24271328        0.05497051
     7    146      2    -1231.70107478        0.05497051
     7    147      2    -1239.65961294        0.05497051
     7    148      2    -1231.13257887        0.05497051
     7    149      2    -1239.38663013        0.05497051
     7    150      2    -1233.20598337        0.05497051
     7    151      2    -1235.78328640        0.05497051
     7    152      2    -1241.87925519        0.05497051
     7    153      2    -1237.08488237        0.05497051
     7    154      2    -1227.96744401        0.05497051
     7    155      2    -1240.16663376        0.05497051
     7    156      2    -1226.30401929        0.05497051
     7    157      2    -1237.79589881        0.05497051
     7    158      2    -1225.20165911        0.05497051
     7    159      2    -1232.39359798        0.05497051
     7    160      2    -1279.45927781        0.05497051
     7    161      2    -1278.27271572        0.05497051
     7    162      2    -1273.26045929        0.05497051
     7    163      2    -1283.29163906        0.05497051
     7    164      2    -1279.17024354        0.05497051
     7    165      2    -1282.22615945        0.05497051
     7    166      2    -1273.52136414        0.05497051
     7    167      2    -1286.38978029        0.05497051
     7    168      2    -1271.80728838        0.05497051
     7    169      2    -1285.79404817        0.05497051
     7    170      2    -1272.56134257        0.05497051
     7    171      2    -1287.28265527        0.05497051
     7    172      2    -1270.26983079        0.05497051
     7    173      2    -1283.27959260        0.05497051
     7    174      2    -1274.31213056        0.05497051
     7    175      2    -1276.23395245        0.05497051
     7    176      2    -1279.63557088        0.05497051
     7    177      2    -1283.94842282        0.05497051
     7    178      2    -1278.13566925        0.05497051
     7    179      2    -1283.70139091        0.05497051
     7    180      2    -1282.95739779        0.05497051
     7    181      2    -1273.94031251        0.05497051
     7    182      2    -1272.94597638        0.05497051
     7    183      2    -1289.40473987        0.05497051
     7    184      2    -1282.71417087        0.05497051
     7    185      2    -1281.53249354        0.05497051
     7    186      2    -1280.90570901        0.05497051
     7    187      2    -1280.48795817        0.05497051
     7    188      2    -1268.34782109        0.05497051
     7    189      2    -1265.54767696        0.05497051
     7    190      2    -1274.04876361        0.05497051
     7    191      2    -1279.31461795        0.05497051
     8      0      2    -1257.49061699        0.05502511
     8      1      2    -1257.79803700        0.05502511
     8      2      2    -1256.81699469        0.05502511
     8      3      2    -1263.62897974        0.05502511
     8      4      2    -1249.35696805        0.05502511
     8      5      2    -1244.49278514        0.05502511
     8      6      2    -1245.18763299        0.05502511
     8      7      2    -1261.92732386        0.05502511
     8      8      2    -1270.70060764        0.05502511
     8      9      2    -1205.66591565        0.05502511
     8     10      2    -1273.09761729        0.05502511
     8     11      2    -1267.81953393        0.05502511
     8     12      2    -1257.28153269        0.05502511
     8     13      2    -1292.71541713        0.05502511
     8     14      2    -1258.71476734        0.05502511
     8     15      2    -1265.12164214        0.05502511
     8     16      2    -1277.67493459        0.05502511
     8     17      2    -1276.01712738        0.05502511
     8     18      2    -1238.52670077        0.05502511
     8     19      2    -1275.35708236        0.05502511
     8     20      2    -1274.49382269        0.05502511
     8     21      2    -1256.89059781        0.05502511
     8     22      2    -1273.28759374        0.05502511
     8     23      2    -1263.81178533        0.05502511
     8     24      2    -1272.57806790        0.05502511
     8     25      2    -1286.10492479        0.05502511
     8     26      2    -1270.52751136        0.05502511
     8     27      2    -1282.70611621        0.05502511
     8     28      2    -1239.48145302        0.05502511
     8     29      2    -1286.33750282        0.05502511
     8     30      2    -1259.37100703        0.05502511
     8     31      2    -1288.46091670        0.05502511
     8     32      2    -1277.32185588        0.05502511
     8     33      2    -1289.56808652        0.05502511
     8     34      2    -1278.41619085        0.05502511
     8     35      2    -1277.78840696        0.05502511
     8     36      2    -1286.34797004        0.05502511
     8     37      2    -1290.45299935        0.05502511
     8     38      2    -1294.20576810        0.05502511
     8     39      2    -1297.77254381        0.05502511
     8     40      2    -1291.46530962        0.05502511
     8     41      2    -1313.24151380        0.05502511
     8     42      2    -1285.67639910        0.05502511
     8     43      2    -1314.99864003        0.05502511
     8     44      2    -1295.68041811        0.05502511
     8     45      2    -1294.80374923        0.05502511
     8     46      2    -1297.54689888        0.05502511
     8     47      2    -1284.55234587        0.05502511
     8     48      2    -1300.93990200        0.05502511
     8     49      2    -1274.84748400        0.05502511
     8     50      2    -1289.09406857        0.05502511
     8     51      2    -1297.20766074        0.05502511
     8     52      2    -1271.56788357        0.05502511
     8     53      2    -1301.06942465        0.05502511
     8     54      2    -1270.57542125        0.05502511
     8     55      2    -1307.03618347        0.05502511
     8     56      2    -1284.19630428        0.05502511
     8     57      2    -1292.99552046        0.05502511
     8     58      2    -1293.11543732        0.05502511
     8     59      2    -1302.04107353        0.05502511
     8     60      2    -1266.39563002        0.05502511
     8     61      2    -1289.58996934        0.05502511
     8     62      2    -1355.64616108        0.05502511
     8     63      2    -1258.63390143        0.05502511
     8     64      2    -1282.74923038        0.05502511
     8     65      2    -1305.83080141        0.05502511
     8     66      2    -1283.12467164        0.05502511
     8     67      2    -1292.51629743        0.05502511
     8     68      2    -1297.26511969        0.05502511
     8     69      2    -1274.69726144        0.05502511
     8     70      2    -1311.83975304        0.05502511
     8     71      2    -1278.71140566        0.05502511
     8     72      2    -1291.19880884        0.05502511
     8     73      2    -1300.60347347        0.05502511
     8     74      2    -1282.63153345        0.05502511
     8     75      2    -1288.85608209        0.05502511
     8     76      2    -1249.97175670        0.05502511
     8     77      2    -1249.97175670        0.05502511
     8     78      2    -1249.97175670        0.05502511
     8     79      2    -1249.97175670        0.05502511
     8     80      2    -1249.97175670        0.05502511
     8     81      2    -1249.97175670        0.05502511
     8     82      2    -1249.97175670        0.05502511
     8     83      2    -1249.97175670        0.05502511
     8     84      2    -1249.97175670        0.05502511
     8     85      2    -1249.97175670        0.05502511
     8     86      2    -1277.42803746        0.05502511
     8     87      2    -1284.85814536        0.05502511
     8     88      2    -1275.40948457        0.05502511
     8     89      2    -1283.07504086        0.05502511
     8     90      2    -1275.09119734        0.05502511
     8     91      2    -1283.59747967        0.05502511
     8     92      2    -1281.04930279        0.05502511
     8     93      2    -1281.64662626        0.05502511
     8     94      2    -1281.02715335        0.05502511
     8     95      2    -1278.10029770        0.05502511
     8     96      2    -1281.30746028        0.05502511
     8     97      2    -1279.49558853        0.05502511
     8     98      2    -1276.25976211        0.05502511
     8     99      2    -1283.70366610        0.05502511
     8    100      2    -1273.17722864        0.05502511
     8    101      2    -1275.46727699        0.05502511
     8    102      2    -1229.95939702        0.05502511
     8    103      2    -1245.79584164        0.05502511
     8    104      2    -1238.58076903        0.05502511
     8    105      2    -1249.89991597        0.05502511
     8    106      2    -1256.64431542        0.05502511
     8    107      2    -1258.13023217        0.05502511
     8    108      2    -1274.82544662        0.05502511
     8    109      2    -1275.37683635        0.05502511
     8    110      2    -1272.51832284        0.05502511
     8    111      2    -1279.56215549        0.05502511
     8    112      2    -1276.24426625        0.05502511
     8    113      2    -1275.84176261        0.05502511
     8    114      2    -1277.62260229        0.05502511
     8    115      2    -1274.37613955        0.05502511
     8    116      2    -1277.20568077        0.05502511
     8    117      2    -1269.98573182        0.05502511
     8    118      2    -1273.94221680        0.05502511
     8    119      2    -1280.29664590        0.05502511
     8    120      2    -1264.27200736        0.05502511
     8    121      2    -1283.87094251        0.05502511
     8    122      2    -1275.20927281        0.05502511
     8    123      2    -1292.81732729        0.05502511
     8    124      2    -1282.94809261        0.05502511
     8    125      2    -1285.72712394        0.05502511
     8    126      2    -1249.97175670        0.05502511
     8    127      2    -1282.40780407        0.05502511
     8    128      2    -1285.58573637        0.05502511
     8    129      2    -1283.26269455        0.05502511
     8    130      2    -1300.98039528        0.05502511
     8    131      2    -1249.97175670        0.05502511
     8    132      2    -1510.30442967        0.05502511
     8    133      2    -1249.97175670        0.05502511
     8    134      2    -1082.68892863        0.05502511
     8    135      2    -1249.97175670        0.05502511
     8    136      2    -1249.97175670        0.05502511
     8    137      2    -1304.51318812        0.05502511
     8    138      2    -1249.97175670        0.05502511
     8    139      2    -1333.60769388        0.05502511
     8    140      2    -1286.05507787        0.05502511
     8    141      2    -1294.61182819        0.05502511
     8    142      2    -1289.13978608        0.05502511
     8    143      2    -1314.31961112        0.05502511
     8    144      2    -1290.75952115        0.05502511
     8    145      2    -1300.36317123        0.05502511
     8    146      2    -1299.76140422        0.05502511
     8    147      2    -1293.50416998        0.05502511
     8    148      2    -1309.17271214        0.05502511
     8    149      2    -1297.25645507        0.05502511
     8    150      2    -1292.62116448        0.05502511
     8    151      2    -1306.99028835        0.05502511
     8    152      2    -1293.13399898        0.05502511
     8    153      2    -1298.45669638        0.05502511
     8    154      2    -1268.68160180        0.05502511
     8    155      2    -1300.97142834        0.05502511
     8    156      2    -1293.80759148        0.05502511
     8    157      2    -1304.53227750        0.05502511
     8    158      2    -1247.12163220        0.05502511
     8    159      2    -1301.86886788        0.05502511
     8    160      2    -1293.03229173        0.05502511
     8    161      2    -1300.87895776        0.05502511
     8    162      2    -1290.11472151        0.05502511
     8    163      2    -1299.57156102        0.05502511
     8    164      2    -1290.78001347        0.05502511
     8    165      2    -1303.95724465        0.05502511
     8    166      2    -1295.62321061        0.05502511
     8    167      2    -1299.10630555        0.05502511
     8    168      2    -1291.05425151        0.05502511
     8    169      2    -1302.82604444        0.05502511
     8    170      2    -1285.36213441        0.05502511
     8    171      2    -1297.48083888        0.05502511
     8    172      2    -1281.62041771        0.05502511
     8    173      2    -1294.08965185        0.05502511
     8    174      2    -1287.04875992        0.05502511
     8    175      2    -1297.43235181        0.05502511
     8    176      2    -1290.84560879        0.05502511
     8    177      2    -1296.75753952        0.05502511
     8    178      2    -1288.28796867        0.05502511
     8    179      2    -1295.34680256        0.05502511
     8    180      2    -1285.90422520        0.05502511
     8    181      2    -1287.03519445        0.05502511
     8    182      2    -1290.87044589        0.05502511
     8    183      2    -1284.89683831        0.05502511
     8    184      2    -1299.87647186        0.05502511
     8    185      2    -1284.94724586        0.05502511
     8    186      2    -1293.31722787        0.05502511
     8    187      2    -1294.52757614        0.05502511
     8    188      2    -1274.94592092        0.05502511
     8    189      2    -1293.32521008        0.05502511
     8    190      2    -1289.79376927        0.05502511
     8    191      2    -1283.53764650        0.05502511
     8    192      2    -1288.12211642        0.05502511
     8    193      2    -1287.10090006        0.05502511
     8    194      2    -1282.21209019        0.05502511
     8    195      2    -1284.14844838        0.05502511
     8    196      2    -1279.91514000        0.05502511
     8    197      2    -1281.97240290        0.05502511
     8    198      2    -1277.02041747        0.05502511
     8    199      2    -1275.75456498        0.05502511
     8    200      2    -1275.51230889        0.05502511
     8    201      2    -1283.66304062        0.05502511
     8    202      2    -1283.46992783        0.05502511
     8    203      2    -1289.31735359        0.05502511
     8    204      2    -1285.51302457        0.05502511
     8    205      2    -1282.73968200        0.05502511
     8    206      2    -1284.57521735        0.05502511
     8    207      2    -1280.47501031        0.05502511
     8    208      2    -1287.22059447        0.05502511
     8    209      2    -1270.08024071        0.05502511
     8    210      2    -1274.18174866        0.05502511
     8    211      2    -1277.61590180        0.05502511
     8    212      2    -1267.89802842        0.05502511
     8    213      2    -1271.01210153        0.05502511
     8    214      2    -1271.86823129        0.05502511
     8    215      2    -1285.12211382        0.05502511
     9      0      2    -1263.07911078        0.05505223
     9      1      2    -1244.91898956        0.05505223
     9      2      2    -1238.35312956        0.05505223
     9      3      2    -1235.22242437        0.05505223
     9      4      2    -1244.54419287        0.05505223
     9      5      2    -1233.53067657        0.05505223
     9      6      2    -1225.13769811        0.05505223
     9      7      2    -1265.91765918        0.05505223
     9      8      2    -1269.67990351        0.05505223
     9      9      2    -1277.46121686        0.05505223
     9     10      2    -1258.12114844        0.05505223
     9     11      2    -1281.09424126        0.05505223
     9     12      2    -1270.41807511        0.05505223
     9     13      2    -1261.49247066        0.05505223
     9     14      2    -1275.68822260        0.05505223
     9     15      2    -1271.68586517        0.05505223
     9     16      2    -1267.09900073        0.05505223
     9     17      2    -1276.05082521        0.05505223
     9     18      2    -1267.75496894        0.05505223
     9     19      2    -1275.40544358        0.05505223
     9     20      2    -1268.97408052        0.05505223
     9     21      2    -1277.49640496        0.05505223
     9     22      2    -1267.76632239        0.05505223
     9     23      2    -1290.52636523        0.05505223
     9     24      2    -1266.45068401        0.05505223
     9     25      2    -1284.38220188        0.05505223
     9     26      2    -1287.63126739        0.05505223
     9     27      2    -1287.70270113        0.05505223
     9     28      2    -1277.34661923        0.05505223
     9     29      2    -1285.01589029        0.05505223
     9     30      2    -1288.23014346        0.05505223
     9     31      2    -1287.52609412        0.05505223
     9     32      2    -1276.70291174        0.05505223
     9     33      2    -1303.83625750        0.05505223
     9     34      2    -1289.76918408        0.05505223
     9     35      2    -1282.08997883        0.05505223
     9     36      2    -1293.48481016        0.05505223
     9     37      2    -1299.08524565        0.05505223
     9     38      2    -1274.36054725        0.05505223
     9     39      2    -1303.61256175        0.05505223
     9     40      2    -1281.78860555        0.05505223
     9     41      2    -1319.88498322        0.05505223
     9     42      2    -1289.24034997        0.05505223
     9     43      2    -1299.20363871        0.05505223
     9     44      2    -1290.31030127        0.05505223
     9     45      2    -1309.56946983        0.05505223
     9     46      2    -1291.81350398        0.05505223
     9     47      2    -1311.55436682        0.05505223
     9     48      2    -1294.59819305        0.05505223
     9     49      2    -1316.10116906        0.05505223
     9     50      2    -1290.50080936        0.05505223
     9     51      2    -1298.88598167        0.05505223
     9     52      2    -1310.98610734        0.05505223
     9     53      2    -1300.32476577        0.05505223
     9     54      2    -1290.43559735        0.05505223
     9     55      2    -1304.73370082        0.05505223
     9     56      2    -1298.04360875        0.05505223
     9     57      2    -1308.97014854        0.05505223
     9     58      2    -1279.82443695        0.05505223
     9     59      2    -1314.64916316        0.05505223
     9     60      2    -1285.54533283        0.05505223
     9     61      2    -1300.61370491        0.05505223
     9     62      2    -1300.17137056        0.05505223
     9     63      2    -1298.21399789        0.05505223
     9     64      2    -1307.13364381        0.05505223
     9     65      2    -1295.84580559        0.05505223
     9     66      2    -1294.75865142        0.05505223
     9     67      2    -1297.69633921        0.05505223
     9     68      2    -1293.62495691        0.05505223
     9     69      2    -1308.53794083        0.05505223
     9     70      2    -1288.53106483        0.05505223
     9     71      2    -1297.02329586        0.05505223
     9     72      2    -1248.61435809        0.05505223
     9     73      2    -1248.61435809        0.05505223
     9     74      2    -1248.61435809        0.05505223
     9     75      2    -1248.61435809        0.05505223
     9     76      2    -1248.61435809        0.05505223
     9     77      2    -1248.61435809        0.05505223
     9     78      2    -1248.61435809        0.05505223
     9     79      2    -1248.61435809        0.05505223
     9     80      2    -1248.61435809        0.05505223
     9     81      2    -1248.61435809        0.05505223
     9     82      2    -1248.61435809        0.05505223
     9     83      2    -1248.61435809        0.05505223
     9     84      2    -1248.61435809        0.05505223
     9     85      2    -1248.61435809        0.05505223
     9     86      2    -1248.61435809        0.05505223
     9     87      2    -1248.61435809        0.05505223
     9     88      2    -1248.61435809        0.05505223
     9     89      2    -1248.61435809        0.05505223
     9     90      2    -1248.61435809        0.05505223
     9     91      2    -1248.61435809        0.05505223
     9     92      2    -1248.61435809        0.05505223
     9     93      2    -1248.61435809        0.05505223
     9     94      2    -1248.61435809        0.05505223
     9     95      2    -1248.61435809        0.05505223
     9     96      2    -1248.61435809        0.05505223
     9     97      2    -1248.61435809        0.05505223
     9     98      2    -1248.61435809        0.05505223
     9     99      2    -1248.61435809        0.05505223
     9    100      2    -1248.61435809        0.05505223
     9    101      2    -1248.61435809        0.05505223
     9    102      2    -1248.61435809        0.05505223
     9    103      2    -1248.61435809        0.05505223
     9    104      2    -1248.61435809        0.05505223
     9    105      2    -1277.71105531        0.05505223
     9    106      2    -1248.60681223        0.05505223
     9    107      2    -1326.65342461        0.05505223
     9    108      2    -1285.13038854        0.05505223
     9    109      2    -1280.19073639        0.05505223
     9    110      2    -1287.33820233        0.05505223
     9    111      2    -1284.63305582        0.05505223
     9    112      2    -1281.34946955        0.05505223
     9    113      2    -1279.01238011        0.05505223
     9    114      2    -1278.80830297        0.05505223
     9    115      2    -1267.54275342        0.05505223
     9    116      2    -1258.00215986        0.05505223
     9    117      2    -1264.08936113        0.05505223
     9    118      2    -1266.34056202        0.05505223
     9    119      2    -1269.78196874        0.05505223
     9    120      2    -1273.42836726        0.05505223
     9    121      2    -1275.08666071        0.05505223
     9    122      2    -1272.43169268        0.05505223
     9    123      2    -1269.32933266        0.05505223
     9    124      2    -1266.65582614        0.05505223
     9    125      2    -1272.16717722        0.05505223
     9    126      2    -1275.90163273        0.05505223
     9    127      2    -1272.82506153        0.05505223
     9    128      2    -1275.92313491        0.05505223
     9    129      2    -1272.85180675        0.05505223
     9    130      2    -1274.60271443        0.05505223
     9    131      2    -1274.34458503        0.05505223
     9    132      2    -1303.16714420        0.05505223
     9    133      2    -1292.78049945        0.05505223
     9    134      2    -1325.58242618        0.05505223
     9    135      2    -1248.61435809        0.05505223
     9    136      2    -1248.61435809        0.05505223
     9    137      2    -1248.61435809        0.05505223
     9    138      2    -1248.61435809        0.05505223
     9    139      2    -1248.61435809        0.05505223
     9    140      2    -1248.61435809        0.05505223
     9    141      2    -1248.61435809        0.05505223
     9    142      2    -1248.61435809        0.05505223
     9    143      2    -1248.61435809        0.05505223
     9    144      2    -1248.61435809        0.05505223
     9    145      2    -1248.61435809        0.05505223
     9    146      2    -1248.61435809        0.05505223
     9    147      2    -1248.61435809        0.05505223
     9    148      2    -1248.61435809        0.05505223
     9    149      2    -1248.61435809        0.05505223
     9    150      2    -1248.61435809        0.05505223
     9    151      2    -1248.61435809        0.05505223
     9    152      2    -1248.61435809        0.05505223
     9    153      2    -1248.61435809        0.05505223
     9    154      2    -1248.61435809        0.05505223
     9    155      2    -1248.61435809        0.05505223
     9    156      2    -1248.61435809        0.05505223
     9    157      2    -1248.61435809        0.05505223
     9    158      2    -1248.61435809        0.05505223
     9    159      2    -1248.61435809        0.05505223
     9    160      2    -1248.61435809        0.05505223
     9    161      2    -1248.61435809        0.05505223
     9    162      2    -1248.61435809        0.05505223
     9    163      2    -1248.61435809        0.05505223
     9    164      2    -1248.61435809        0.05505223
     9    165      2    -1248.61435809        0.05505223
     9    166      2    -1248.61435809        0.05505223
     9    167      2    -1350.43721179        0.05505223
     9    168      2    -1298.15964265        0.05505223
     9    169      2    -1305.03894614        0.05505223
     9    170      2    -1303.13992390        0.05505223
     9    171      2    -1295.70605696        0.05505223
     9    172      2    -1310.34545201        0.05505223
     9    173      2    -1303.14843898        0.05505223
     9    174      2    -1302.23865985        0.05505223
     9    175      2    -1303.17631323        0.05505223
     9    176      2    -1305.35305089        0.05505223
     9    177      2    -1297.98443349        0.05505223
     9    178      2    -1301.47574202        0.05505223
     9    179      2    -1304.71775455        0.05505223
     9    180      2    -1304.39242235        0.05505223
     9    181      2    -1301.62689548        0.05505223
     9    182      2    -1299.39237326        0.05505223
     9    183      2    -1300.72094545        0.05505223
     9    184      2    -1304.38420741        0.05505223
     9    185      2    -1299.53499904        0.05505223
     9    186      2    -1295.19711052        0.05505223
     9    187      2    -1306.29324330        0.05505223
     9    188      2    -1294.55117481        0.05505223
     9    189      2    -1291.48277984        0.05505223
     9    190      2    -1299.32190316        0.05505223
     9    191      2    -1287.77378660        0.05505223
     9    192      2    -1299.06867133        0.05505223
     9    193      2    -1295.48904962        0.05505223
     9    194      2    -1287.49218920        0.05505223
     9    195      2    -1290.00297789        0.05505223
     9    196      2    -1294.44593036        0.05505223
     9    197      2    -1286.00001841        0.05505223
     9    198      2    -1293.47679405        0.05505223
     9    199      2    -1294.07146059        0.05505223
     9    200      2    -1287.48183272        0.05505223
     9    201      2    -1292.74296446        0.05505223
     9    202      2    -1291.36612712        0.05505223
     9    203      2    -1293.35736349        0.05505223
     9    204      2    -1286.39319328        0.05505223
     9    205      2    -1287.03043001        0.05505223
     9    206      2    -1296.49822823        0.05505223
     9    207      2    -1281.87568264        0.05505223
     9    208      2    -1292.28147194        0.05505223
     9    209      2    -1289.79582152        0.05505223
     9    210      2    -1283.88431527        0.05505223
     9    211      2    -1292.99182201        0.05505223
     9    212      2    -1283.79421276        0.05505223
     9    213      2    -1285.01645572        0.05505223
     9    214      2    -1286.57200956        0.05505223
     9    215      2    -1285.58347582        0.05505223
     9    216      2    -1284.47481934        0.05505223
     9    217      2    -1276.80640146        0.05505223
     9    218      2    -1287.33672275        0.05505223
     9    219      2    -1279.05882516        0.05505223
     9    220      2    -1284.79768047        0.05505223
     9    221      2    -1280.01723877        0.05505223
     9    222      2    -1274.64531250        0.05505223
     9    223      2    -1270.94009615        0.05505223
     9    224      2    -1281.23697391        0.05505223
     9    225      2    -1273.02999233        0.05505223
     9    226      2    -1281.57359748        0.05505223
     9    227      2    -1282.38645811        0.05505223
     9    228      2    -1277.64508910        0.05505223
     9    229      2    -1274.64911285        0.05505223
     9    230      2    -1278.96776044        0.05505223
     9    231      2    -1274.14503094        0.05505223
     9    232      2    -1281.69635638        0.05505223
     9    233      2    -1264.11617538        0.05505223
     9    234      2    -1280.03643657        0.05505223
     9    235      2    -1267.39141909        0.05505223
     9    236      2    -1273.28731266        0.05505223
     9    237      2    -1260.06175361        0.05505223
     9    238      2    -1266.65591996        0.05505223
     9    239      2    -1274.29167776        0.05505223
    10      0      2    -1209.75905272        0.05508446
    10      1      2    -1218.59464003        0.05508446
    10      2      2    -1209.32198788        0.05508446
    10      3      2    -1231.65233132        0.05508446
    10      4      2    -1211.90481032        0.05508446
    10      5      2    -1237.71218492        0.05508446
    10      6      2    -1216.46934006        0.05508446
    10      7      2    -1231.35664351        0.05508446
    10      8      2    -1222.67284732        0.05508446
    10      9      2    -1232.06531822        0.05508446
    10     10      2    -1242.16700068        0.05508446
    10     11      2    -1235.19280917        0.05508446
    10     12      2    -1241.75080290        0.05508446
    10     13      2    -1236.45959946        0.05508446
    10     14      2    -1243.75653442        0.05508446
    10     15      2    -1236.34433302        0.05508446
    10     16      2    -1250.03872553        0.05508446
    10     17      2    -1284.77039779        0.05508446
    10     18      2    -1230.12928203        0.05508446
    10     19      2    -1279.28858710        0.05508446
    10     20      2    -1238.56722019        0.05508446
    10     21      2    -1243.16713193        0.05508446
    10     22      2    -1246.21094294        0.05508446
    10     23      2    -1258.97167919        0.05508446
    10     24      2    -1237.74422776        0.05508446
    10     25      2    -1251.59034884        0.05508446
    10     26      2    -1253.01880379        0.05508446
    10     27      2    -1259.49920514        0.05508446
    10     28      2    -1269.53268465        0.05508446
    10     29      2    -1262.43984276        0.05508446
    10     30      2    -1273.83125704        0.05508446
    10     31      2    -1249.03549226        0.05508446
    10     32      2    -1265.94055980        0.05508446
    10     33      2    -1275.95439840        0.05508446
    10     34      2    -1271.25205211        0.05508446
    10     35      2    -1256.42254007        0.05508446
    10     36      2    -1266.44794829        0.05508446
    10     37      2    -1277.48964834        0.05508446
    10     38      2    -1233.13337004        0.05508446
    10     39      2    -1285.40729808        0.05508446
    10     40      2    -1254.33166019        0.05508446
    10     41      2    -1264.03742322        0.05508446
    10     42      2    -1247.67631276        0.05508446
    10     43      2    -1290.95441599        0.05508446
    10     44      2    -1242.41269507        0.05508446
    10     45      2    -1263.12799051        0.05508446
    10     46      2    -1273.84455897        0.05508446
    10     47      2    -1260.32414612        0.05508446
    10     48      2    -1244.25988608        0.05508446
    10     49      2    -1254.75310495        0.05508446
    10     50      2    -1254.75310495        0.05508446
    10     51      2    -1254.75310495        0.05508446
    10     52      2    -1254.75310495        0.05508446
    10     53      2    -1254.75310495        0.05508446
    10     54      2    -1254.75310495        0.05508446
    10     55      2    -1254.75310495        0.05508446
    10     56      2    -1254.75310495        0.05508446
    10     57      2    -1254.75310495        0.05508446
    10     58      2    -1254.75310495        0.05508446
    10     59      2    -1254.75310495        0.05508446
    10     60      2    -1254.75310495        0.05508446
    10     61      2    -1254.75310495        0.05508446
    10     62      2    -1254.75310495        0.05508446
    10     63      2    -1254.75310495        0.05508446
    10     64      2    -1254.75310495        0.05508446
    10     65      2    -1254.75310495        0.05508446
    10     66      2    -1254.75310495        0.05508446
    10     67      2    -1254.75310495        0.05508446
    10     68      2    -1254.75310495        0.05508446
    10     69      2    -1254.75310495        0.05508446
    10     70      2    -1254.75310495        0.05508446
    10     71      2    -1254.75310495        0.05508446
    10     72      2    -1254.75310495        0.05508446
    10     73      2    -1254.75310495        0.05508446
    10     74      2    -1254.75310495        0.05508446
    10     75      2    -1254.75310495        0.05508446
    10     76      2    -1254.75310495        0.05508446
    10     77      2    -1254.75310495        0.05508446
    10     78      2    -1254.75310495        0.05508446
    10     79      2    -1254.75310495        0.05508446
    10     80      2    -1254.75310495        0.05508446
    10     81      2    -1254.75310495        0.05508446
    10     82      2    -1254.75310495        0.05508446
    10     83      2    -1254.75310495        0.05508446
    10     84      2    -1254.75310495        0.05508446
    10     85      2    -1254.75310495        0.05508446
    10     86      2    -1254.75310495        0.05508446
    10     87      2    -1254.75310495        0.05508446
    10     88      2    -1254.75310495        0.05508446
    10     89      2    -1254.75310495        0.05508446
    10     90      2    -1254.75310495        0.05508446
    10     91      2    -1254.75310495        0.05508446
    10     92      2    -1254.75310495        0.05508446
    10     93      2    -1254.75310495        0.05508446
    10     94      2    -1254.75310495        0.05508446
    10     95      2    -1261.44800772        0.05508446
    10     96      2    -1254.75310495        0.05508446
    10     97      2    -1272.54962745        0.05508446
    10     98      2    -1181.90616929        0.05508446
    10     99      2    -1209.48453776        0.05508446
    10    100      2    -1207.91456312        0.05508446
    10    101      2    -1215.62970919        0.05508446
    10    102      2    -1209.43776948        0.05508446
    10    103      2    -1215.35358983        0.05508446
    10    104      2    -1238.12545981        0.05508446
    10    105      2    -1218.63739500        0.05508446
    10    106      2    -1242.12519270        0.05508446
    10    107      2    -1229.47884217        0.05508446
    10    108      2    -1239.67248878        0.05508446
    10    109      2    -1227.42883144        0.05508446
    10    110      2    -1270.36788781        0.05508446
    10    111      2    -1259.72236419        0.05508446
    10    112      2    -1249.08026565        0.05508446
    10    113      2    -1187.01764154        0.05508446
    10    114      2    -1218.25914769        0.05508446
    10    115      2    -1254.75310495        0.05508446
    10    116      2    -1254.75310495        0.05508446
    10    117      2    -1254.75310495        0.05508446
    10    118      2    -1254.75310495        0.05508446
    10    119      2    -1254.75310495        0.05508446
    10    120      2    -1254.75310495        0.05508446
    10    121      2    -1254.75310495        0.05508446
    10    122      2    -1254.75310495        0.05508446
    10    123      2    -1254.75310495        0.05508446
    10    124      2    -1254.75310495        0.05508446
    10    125      2    -1350.02866376        0.05508446
    10    126      2    -1240.20749543        0.05508446
    10    127      2    -1254.75310495        0.05508446
    10    128      2    -1244.37526667        0.05508446
    10    129      2    -1271.95472063        0.05508446
    10    130      2    -1266.69919459        0.05508446
    10    131      2    -1276.93754047        0.05508446
    10    132      2    -1264.10034536        0.05508446
    10    133      2    -1258.28939673        0.05508446
    10    134      2    -1291.95248340        0.05508446
    10    135      2    -1187.02446621        0.05508446
    10    136      2    -1281.61256111        0.05508446
    10    137      2    -1291.11931759        0.05508446
    10    138      2    -1240.60345223        0.05508446
    10    139      2    -1254.75310495        0.05508446
    10    140      2    -1269.29911490        0.05508446
    10    141      2    -1254.75310495        0.05508446
    10    142      2    -1254.75310495        0.05508446
    10    143      2    -1254.75310495        0.05508446
    10    144      2    -1254.75310495        0.05508446
    10    145      2    -1254.75310495        0.05508446
    10    146      2    -1254.75310495        0.05508446
    10    147      2    -1254.75310495        0.05508446
    10    148      2    -1254.75310495        0.05508446
    10    149      2    -1254.75310495        0.05508446
    10    150      2    -1254.75310495        0.05508446
    10    151      2    -1254.75310495        0.05508446
    10    152      2    -1254.75310495        0.05508446
    10    153      2    -1254.75310495        0.05508446
    10    154      2    -1254.75310495        0.05508446
    10    155      2    -1254.75310495        0.05508446
    10    156      2    -1254.75310495        0.05508446
    10    157      2    -1256.78115507        0.05508446
    10    158      2    -1254.75310495        0.05508446
    10    159      2    -1242.27626174        0.05508446
    10    160      2    -1274.46027080        0.05508446
    10    161      2    -1251.89613404        0.05508446
    10    162      2    -1268.06675140        0.05508446
    10    163      2    -1257.05425211        0.05508446
    10    164      2    -1266.26146684        0.05508446
    10    165      2    -1252.17167494        0.05508446
    10    166      2    -1273.20883893        0.05508446
    10    167      2    -1257.01431305        0.05508446
    10    168      2    -1257.58401708        0.05508446
    10    169      2    -1259.11533746        0.05508446
    10    170      2    -1256.45593416        0.05508446
    10    171      2    -1252.83991543        0.05508446
    10    172      2    -1258.75722899        0.05508446
    10    173      2    -1251.14308604        0.05508446
    10    174      2    -1260.87013230        0.05508446
    10    175      2    -1255.91063782        0.05508446
    10    176      2    -1253.36030972        0.05508446
    10    177      2    -1245.77552234        0.05508446
    10    178      2    -1255.31703903        0.05508446
    10    179      2    -1241.51855872        0.05508446
    10    180      2    -1259.90610251        0.05508446
    10    181      2    -1245.88181553        0.05508446
    10    182      2    -1246.96459718        0.05508446
    10    183      2    -1247.02149304        0.05508446
    10    184      2    -1248.26946367        0.05508446
    10    185      2    -1244.76837942        0.05508446
    10    186      2    -1256.54757023        0.05508446
    10    187      2    -1239.82829905        0.05508446
    10    188      2    -1258.92869790        0.05508446
    10    189      2    -1242.09826286        0.05508446
    10    190      2    -1249.06649932        0.05508446
    10    191      2    -1246.77254781        0.05508446
    10    192      2    -1250.48345065        0.05508446
    10    193      2    -1245.33346632        0.05508446
    10    194      2    -1254.75808270        0.05508446
    10    195      2    -1242.58912392        0.05508446
    10    196      2    -1253.07777205        0.05508446
    10    197      2    -1256.52530015        0.05508446
    10    198      2    -1239.91784234        0.05508446
    10    199      2    -1252.75833538        0.05508446
    10    200      2    -1247.42299156        0.05508446
    10    201      2    -1237.59804720        0.05508446
    10    202      2    -1252.09602115        0.05508446
    10    203      2    -1241.17195266        0.05508446
    10    204      2    -1245.60844210        0.05508446
    10    205      2    -1230.25695672        0.05508446
    10    206      2    -1244.48538045        0.05508446
    10    207      2    -1231.23127845        0.05508446
    11      0      2    -1200.19025381        0.05496879
    11      1      2    -1214.43810966        0.05496879
    11      2      2    -1213.80746365        0.05496879
    11      3      2    -1205.19924825        0.05496879
    11      4      2    -1246.50786709        0.05496879
    11      5      2    -1205.27566073        0.05496879
    11      6      2    -1246.90374397        0.05496879
    11      7      2    -1223.11310650        0.05496879
    11      8      2    -1244.69172360        0.05496879
    11      9      2    -1227.74814172        0.05496879
    11     10      2    -1249.08780199        0.05496879
    11     11      2    -1243.56704004        0.05496879
    11     12      2    -1228.85296400        0.05496879
    11     13      2    -1250.76977381        0.05496879
    11     14      2    -1240.79941189        0.05496879
    11     15      2    -1251.59132951        0.05496879
    11     16      2    -1217.15367555        0.05496879
    11     17      2    -1283.37819084        0.05496879
    11     18      2    -1224.14779719        0.05496879
    11     19      2    -1261.07741335        0.05496879
    11     20      2    -1249.47385101        0.05496879
    11     21      2    -1236.23673023        0.05496879
    11     22      2    -1284.11540020        0.05496879
    11     23      2    -1236.08004012        0.05496879
    11     24      2    -1257.64018775        0.05496879
    11     25      2    -1269.88739318        0.05496879
    11     26      2    -1240.91846058        0.05496879
    11     27      2    -1293.43284325        0.05496879
    11     28      2    -1252.19380384        0.05496879
    11     29      2    -1240.42030886        0.05496879
    11     30      2    -1291.50585681        0.05496879
    11     31      2    -1249.07718013        0.05496879
    11     32      2    -1264.76252827        0.05496879
    11     33      2    -1263.55264079        0.05496879
    11     34      2    -1254.36608221        0.05496879
    11     35      2    -1255.37283956        0.05496879
    11     36      2    -1278.10608002        0.05496879
    11     37      2    -1247.49781573        0.05496879
    11     38      2    -1253.28925462        0.05496879
    11     39      2    -1262.56422263        0.05496879
    11     40      2    -1257.31578629        0.05496879
    11     41      2    -1256.10669680        0.05496879
    11     42      2    -1249.51342246        0.05496879
    11     43      2    -1249.51342246        0.05496879
    11     44      2    -1249.51342246        0.05496879
    11     45      2    -1249.51342246        0.05496879
    11     46      2    -1249.51342246        0.05496879
    11     47      2    -1249.51342246        0.05496879
    11     48      2    -1249.51342246        0.05496879
    11     49      2    -1249.51342246        0.05496879
    11     50      2    -1249.51342246        0.05496879
    11     51      2    -1249.51342246        0.05496879
    11     52      2    -1249.51342246        0.05496879
    11     53      2    -1249.51342246        0.05496879
    11     54      2    -1249.51342246        0.05496879
    11     55      2    -1249.51342246        0.05496879
    11     56      2    -1259.24993864        0.05496879
    11     57      2    -1278.72459541        0.05496879
    11     58      2    -1228.80486339        0.05496879
    11     59      2    -1312.79701347        0.05496879
    11     60      2    -1243.15101253        0.05496879
    11     61      2    -1282.22282931        0.05496879
    11     62      2    -1283.06224850        0.05496879
    11     63      2    -1269.98532031        0.05496879
    11     64      2    -1268.51831800        0.05496879
    11     65      2    -1288.40653754        0.05496879
    11     66      2    -1264.04213275        0.05496879
    11     67      2    -1276.69031531        0.05496879
    11     68      2    -1394.16372600        0.05496879
    11     69      2    -1270.06008931        0.05496879
    11     70      2    -1260.91842772        0.05496879
    11     71      2    -1276.27383626        0.05496879
    11     72      2    -1271.45885412        0.05496879
    11     73      2    -1269.05577815        0.05496879
    11     74      2    -1275.56460404        0.05496879
    11     75      2    -1267.38216549        0.05496879
    11     76      2    -1268.46767102        0.05496879
    11     77      2    -1252.27088020        0.05496879
    11     78      2    -1268.00185450        0.05496879
    11     79      2    -1266.73145016        0.05496879
    11     80      2    -1264.91779044        0.05496879
    11     81      2    -1271.72793470        0.05496879
    11     82      2    -1271.62357176        0.05496879
    11     83      2    -1272.84032527        0.05496879
    11     84      2    -1264.07232577        0.05496879
    11     85      2    -1281.05792289        0.05496879
    11     86      2    -1260.05557769        0.05496879
    11     87      2    -1268.93093288        0.05496879
    11     88      2    -1261.68353461        0.05496879
    11     89      2    -1260.00503139        0.05496879
    11     90      2    -1265.71579132        0.05496879
    11     91      2    -1259.32857016        0.05496879
    11     92      2    -1249.91640935        0.05496879
    11     93      2    -1258.12778315        0.05496879
    11     94      2    -1249.51342246        0.05496879
    11     95      2    -1236.84502244        0.05496879
    11     96      2    -1249.51342246        0.05496879
    11     97      2    -1247.27880509        0.05496879
    11     98      2    -1249.51342246        0.05496879
    11     99      2    -1249.51342246        0.05496879
    11    100      2    -1249.51342246        0.05496879
    11    101      2    -1249.51342246        0.05496879
    11    102      2    -1249.51342246        0.05496879
    11    103      2    -1249.51342246        0.05496879
    11    104      2    -1249.51342246        0.05496879
    11    105      2    -1225.07387050        0.05496879
    11    106      2    -1230.40776091        0.05496879
    11    107      2    -1270.86963470        0.05496879
    11    108      2    -1220.42387367        0.05496879
    11    109      2    -1212.54044738        0.05496879
    11    110      2    -1258.91643659        0.05496879
    11    111      2    -1271.01405437        0.05496879
    11    112      2    -1331.02551961        0.05496879
    11    113      2    -1249.51342246        0.05496879
    11    114      2    -1249.51342246        0.05496879
    11    115      2    -1249.51342246        0.05496879
    11    116      2    -1249.51342246        0.05496879
    11    117      2    -1249.51342246        0.05496879
    11    118      2    -1250.94313832        0.05496879
    11    119      2    -1211.74405737        0.05496879
    11    120      2    -1265.72439632        0.05496879
    11    121      2    -1202.34420609        0.05496879
    11    122      2    -1383.42706129        0.05496879
    11    123      2    -1246.11091579        0.05496879
    11    124      2    -1234.30623649        0.05496879
    11    125      2    -1229.03612776        0.05496879
    11    126      2    -1239.17991800        0.05496879
    11    127      2    -1236.56730218        0.05496879
    11    128      2    -1245.55042331        0.05496879
    11    129      2    -1236.35159339        0.05496879
    11    130      2    -1248.49856058        0.05496879
    11    131      2    -1241.69343637        0.05496879
    11    132      2    -1250.71938379        0.05496879
    11    133      2    -1245.97149572        0.05496879
    11    134      2    -1256.73928341        0.05496879
    11    135      2    -1248.58003930        0.05496879
    11    136      2    -1254.16382912        0.05496879
    11    137      2    -1248.82107446        0.05496879
    11    138      2    -1257.44292565        0.05496879
    11    139      2    -1250.77890083        0.05496879
    11    140      2    -1257.29141956        0.05496879
    11    141      2    -1250.95655941        0.05496879
    11    142      2    -1260.62394307        0.05496879
    11    143      2    -1254.67297929        0.05496879
    11    144      2    -1264.98558877        0.05496879
    11    145      2    -1258.02525464        0.05496879
    11    146      2    -1266.41934005        0.05496879
    11    147      2    -1257.75533760        0.05496879
    11    148      2    -1267.75627498        0.05496879
    11    149      2    -1258.62115325        0.05496879
    11    150      2    -1270.77776577        0.05496879
    11    151      2    -1264.82829251        0.05496879
    11    152      2    -1275.79658060        0.05496879
    11    153      2    -1264.75200407        0.05496879
    11    154      2    -1272.25030237        0.05496879
    11    155      2    -1261.70207666        0.05496879
    11    156      2    -1271.07731205        0.05496879
    11    157      2    -1265.61955729        0.05496879
    11    158      2    -1263.91327812        0.05496879
    11    159      2    -1254.36593660        0.05496879
    11    160      2    -1257.80693079        0.05496879
    11    161      2    -1250.64927778        0.05496879
    11    162      2    -1258.58552140        0.05496879
    11    163      2    -1249.51342246        0.05496879
    11    164      2    -1249.51342246        0.05496879
    11    165      2    -1249.51342246        0.05496879
    11    166      2    -1249.51342246        0.05496879
    11    167      2    -1249.51342246        0.05496879
    11    168      2    -1249.51342246        0.05496879
    11    169      2    -1249.51342246        0.05496879
    11    170      2    -1249.51342246        0.05496879
    11    171      2    -1249.51342246        0.05496879
    11    172      2    -1249.51342246        0.05496879
    11    173      2    -1249.51342246        0.05496879
    11    174      2    -1249.51342246        0.05496879
    11    175      2    -1249.51342246        0.05496879
    11    176      2    -1247.85035953        0.05496879
    11    177      2    -1247.67536745        0.05496879
    11    178      2    -1257.97863829        0.05496879
    11    179      2    -1238.39811760        0.05496879
    11    180      2    -1261.67533284        0.05496879
    11    181      2    -1245.07443311        0.05496879
    11    182      2    -1248.69495039        0.05496879
    11    183      2    -1252.42477637        0.05496879
    11    184      2    -1232.10153107        0.05496879
    11    185      2    -1263.20324805        0.05496879
    11    186      2    -1230.33404287        0.05496879
    11    187      2    -1248.14006649        0.05496879
    11    188      2    -1241.64710122        0.05496879
    11    189      2    -1235.10638687        0.05496879
    11    190      2    -1237.33995956        0.05496879
    11    191      2    -1236.90035339        0.05496879
    11    192      2    -1232.69245708        0.05496879
    11    193      2    -1232.63789662        0.05496879
    11    194      2    -1248.64221247        0.05496879
    11    195      2    -1212.66446260        0.05496879
    11    196      2    -1242.15266625        0.05496879
    11    197      2    -1228.14823420        0.05496879
    11    198      2    -1230.16802769        0.05496879
    11    199      2    -1226.44238868        0.05496879
    11    200      2    -1226.43820366        0.05496879
    11    201      2    -1232.43259202        0.05496879
    11    202      2    -1224.89351252        0.05496879
    11    203      2    -1231.87554627        0.05496879
    11    204      2    -1228.70414770        0.05496879
    11    205      2    -1235.17927771        0.05496879
    11    206      2    -1222.68771389        0.05496879
    11    207      2    -1231.55355868        0.05496879
    11    208      2    -1236.94355301        0.05496879
    11    209      2    -1229.59569182        0.05496879
    11    210      2    -1236.07284132        0.05496879
    11    211      2    -1226.48840607        0.05496879
    11    212      2    -1236.58895771        0.05496879
    11    213      2    -1230.85157432        0.05496879
    11    214      2    -1238.33729996        0.05496879
    11    215      2    -1222.84851099        0.05496879
    11    216      2    -1241.75167554        0.05496879
    11    217      2    -1225.09381064        0.05496879
    12      0      2    -1163.50214706        0.05498389
    12      1      2    -1189.40142269        0.05498389
    12      2      2    -1185.51932270        0.05498389
    12      3      2    -1202.58319280        0.05498389
    12      4      2    -1185.03086129        0.05498389
    12      5      2    -1236.57771401        0.05498389
    12      6      2    -1183.78155950        0.05498389
    12      7      2    -1227.27910750        0.05498389
    12      8      2    -1240.79791364        0.05498389
    12      9      2    -1229.40023388        0.05498389
    12     10      2    -1220.34961272        0.05498389
    12     11      2    -1264.50224824        0.05498389
    12     12      2    -1205.73963948        0.05498389
    12     13      2    -1256.02454108        0.05498389
    12     14      2    -1230.93252055        0.05498389
    12     15      2    -1247.78551088        0.05498389
    12     16      2    -1252.33853650        0.05498389
    12     17      2    -1232.02105977        0.05498389
    12     18      2    -1251.22069602        0.05498389
    12     19      2    -1249.39050508        0.05498389
    12     20      2    -1257.68679003        0.05498389
    12     21      2    -1252.47473455        0.05498389
    12     22      2    -1238.21828394        0.05498389
    12     23      2    -1277.76965111        0.05498389
    12     24      2    -1241.68851587        0.05498389
    12     25      2    -1252.22583016        0.05498389
    12     26      2    -1268.60209004        0.05498389
    12     27      2    -1261.02029969        0.05498389
    12     28      2    -1255.78324626        0.05498389
    12     29      2    -1267.13467742        0.05498389
    12     30      2    -1257.89638567        0.05498389
    12     31      2    -1254.04939909        0.05498389
    12     32      2    -1271.40492835        0.05498389
    12     33      2    -1255.34747240        0.05498389
    12     34      2    -1251.64867623        0.05498389
    12     35      2    -1261.40621081        0.05498389
    12     36      2    -1230.84381892        0.05498389
    12     37      2    -1230.84381892        0.05498389
    12     38      2    -1230.84381892        0.05498389
    12     39      2    -1230.84381892        0.05498389
    12     40      2    -1230.84381892        0.05498389
    12     41      2    -1230.84381892        0.05498389
    12     42      2    -1230.84381892        0.05498389
    12     43      2    -1230.84381892        0.05498389
    12     44      2    -1230.84381892        0.05498389
    12     45      2    -1230.84381892        0.05498389
    12     46      2    -1230.84381892        0.05498389
    12     47      2    -1230.84381892        0.05498389
    12     48      2    -1265.62951677        0.05498389
    12     49      2    -1253.64323411        0.05498389
    12     50      2    -1259.60375312        0.05498389
    12     51      2    -1261.09642181        0.05498389
    12     52      2    -1269.06352074        0.05498389
    12     53      2    -1266.02681594        0.05498389
    12     54      2    -1266.54222376        0.05498389
    12     55      2    -1263.43495037        0.05498389
    12     56      2    -1276.41250563        0.05498389
    12     57      2    -1249.01023093        0.05498389
    12     58      2    -1281.96286368        0.05498389
    12     59      2    -1260.85128682        0.05498389
    12     60      2    -1270.39651526        0.05498389
    12     61      2    -1283.80434378        0.05498389
    12     62      2    -1263.66236013        0.05498389
    12     63      2    -1272.03915371        0.05498389
    12     64      2    -1281.26204252        0.05498389
    12     65      2    -1275.65144819        0.05498389
    12     66      2    -1264.81728562        0.05498389
    12     67      2    -1296.92341692        0.05498389
    12     68      2    -1260.49900150        0.05498389
    12     69      2    -1293.70047207        0.05498389
    12     70      2    -1271.98269789        0.05498389
    12     71      2    -1279.47920050        0.05498389
    12     72      2    -1274.94109215        0.05498389
    12     73      2    -1282.25333097        0.05498389
    12     74      2    -1263.06699528        0.05498389
    12     75      2    -1291.01894874        0.05498389
    12     76      2    -1252.33694868        0.05498389
    12     77      2    -1300.17864948        0.05498389
    12     78      2    -1253.38965639        0.05498389
    12     79      2    -1285.07593170        0.05498389
    12     80      2    -1265.17721266        0.05498389
    12     81      2    -1285.02325656        0.05498389
    12     82      2    -1267.45261282        0.05498389
    12     83      2    -1281.95993152        0.05498389
    12     84      2    -1252.60041980        0.05498389
    12     85      2    -1318.03458986        0.05498389
    12     86      2    -1255.19185230        0.05498389
    12     87      2    -1273.06424609        0.05498389
    12     88      2    -1268.02039374        0.05498389
    12     89      2    -1279.23287570        0.05498389
    12     90      2    -1263.43678034        0.05498389
    12     91      2    -1271.58902341        0.05498389
    12     92      2    -1263.22029745        0.05498389
    12     93      2    -1266.64736513        0.05498389
    12     94      2    -1237.25745275        0.05498389
    12     95      2    -1342.92072572        0.05498389
    12     96      2    -1243.32538173        0.05498389
    12     97      2    -1257.76394966        0.05498389
    12     98      2    -1252.43804979        0.05498389
    12     99      2    -1250.75247877        0.05498389
    12    100      2    -1246.20617550        0.05498389
    12    101      2    -1249.92720366        0.05498389
    12    102      2    -1240.69886162        0.05498389
    12    103      2    -1238.29074658        0.05498389
    12    104      2    -1250.03886223        0.05498389
    12    105      2    -1222.71921511        0.05498389
    12    106      2    -1230.84381892        0.05498389
    12    107      2    -1230.84381892        0.05498389
    12    108      2    -1270.91186605        0.05498389
    12    109      2    -1223.57164464        0.05498389
    12    110      2    -1230.84381892        0.05498389
    12    111      2    -1230.84381892        0.05498389
    12    112      2    -1230.84381892        0.05498389
    12    113      2    -1230.84381892        0.05498389
    12    114      2    -1230.84381892        0.05498389
    12    115      2    -1230.84381892        0.05498389
    12    116      2    -1230.84381892        0.05498389
    12    117      2    -1230.84381892        0.05498389
    12    118      2    -1285.36268426        0.05498389
    12    119      2    -1281.38355046        0.05498389
    12    120      2    -1252.62784033        0.05498389
    12    121      2    -1246.00674800        0.05498389
    12    122      2    -1230.84381892        0.05498389
    12    123      2    -1230.84381892        0.05498389
    12    124      2    -1222.67780421        0.05498389
    12    125      2    -1243.65920882        0.05498389
    12    126      2    -1240.47544743        0.05498389
    12    127      2    -1241.87244738        0.05498389
    12    128      2    -1238.64949889        0.05498389
    12    129      2    -1243.62331613        0.05498389
    12    130      2    -1239.96087810        0.05498389
    12    131      2    -1256.19788828        0.05498389
    12    132      2    -1249.48493182        0.05498389
    12    133      2    -1255.87749998        0.05498389
    12    134      2    -1252.35345968        0.05498389
    12    135      2    -1260.18284172        0.05498389
    12    136      2    -1257.68199172        0.05498389
    12    137      2    -1263.05136017        0.05498389
    12    138      2    -1260.12705048        0.05498389
    12    139      2    -1266.99438095        0.05498389
    12    140      2    -1265.30133427        0.05498389
    12    141      2    -1267.24703271        0.05498389
    12    142      2    -1271.06090507        0.05498389
    12    143      2    -1270.20564865        0.05498389
    12    144      2    -1271.25208984        0.05498389
    12    145      2    -1273.75395320        0.05498389
    12    146      2    -1272.06106855        0.05498389
    12    147      2    -1277.35138560        0.05498389
    12    148      2    -1270.48665735        0.05498389
    12    149      2    -1277.84823411        0.05498389
    12    150      2    -1275.07619231        0.05498389
    12    151      2    -1280.94488514        0.05498389
    12    152      2    -1281.54630283        0.05498389
    12    153      2    -1280.61140314        0.05498389
    12    154      2    -1282.28513875        0.05498389
    12    155      2    -1286.51916249        0.05498389
    12    156      2    -1284.35366682        0.05498389
    12    157      2    -1287.36391088        0.05498389
    12    158      2    -1290.67950794        0.05498389
    12    159      2    -1291.45407667        0.05498389
    12    160      2    -1290.85346662        0.05498389
    12    161      2    -1294.68235115        0.05498389
    12    162      2    -1291.75577677        0.05498389
    12    163      2    -1295.26446345        0.05498389
    12    164      2    -1291.69697370        0.05498389
    12    165      2    -1298.94201300        0.05498389
    12    166      2    -1291.71987483        0.05498389
    12    167      2    -1293.81512905        0.05498389
    12    168      2    -1285.10630810        0.05498389
    12    169      2    -1289.47761006        0.05498389
    12    170      2    -1284.85564378        0.05498389
    12    171      2    -1287.93693792        0.05498389
    12    172      2    -1280.86100936        0.05498389
    12    173      2    -1287.28157337        0.05498389
    12    174      2    -1281.53255588        0.05498389
    12    175      2    -1285.66462748        0.05498389
    12    176      2    -1281.44702857        0.05498389
    12    177      2    -1274.83148388        0.05498389
    12    178      2    -1283.12426811        0.05498389
    12    179      2    -1266.48635167        0.05498389
    12    180      2    -1271.80093771        0.05498389
    12    181      2    -1275.97691066        0.05498389
    12    182      2    -1230.84381892        0.05498389
    12    183      2    -1230.84381892        0.05498389
    12    184      2    -1230.84381892        0.05498389
    12    185      2    -1230.84381892        0.05498389
    12    186      2    -1230.84381892        0.05498389
    12    187      2    -1230.84381892        0.05498389
    12    188      2    -1230.84381892        0.05498389
    12    189      2    -1230.84381892        0.05498389
    12    190      2    -1230.84381892        0.05498389
    12    191      2    -1230.84381892        0.05498389
    12    192      2    -1230.84381892        0.05498389
    12    193      2    -1230.84381892        0.05498389
    12    194      2    -1251.83047194        0.05498389
    12    195      2    -1267.59933587        0.05498389
    12    196      2    -1240.43529009        0.05498389
    12    197      2    -1258.58804929        0.05498389
    12    198      2    -1241.64756179        0.05498389
    12    199      2    -1255.56087181        0.05498389
    12    200      2    -1233.77919767        0.05498389
    12    201      2    -1231.08872423        0.05498389
    12    202      2    -1240.04467305        0.05498389
    12    203      2    -1231.74783446        0.05498389
    12    204      2    -1227.27550172        0.05498389
    12    205      2    -1222.66308522        0.05498389
    12    206      2    -1228.59473492        0.05498389
    12    207      2    -1228.24564891        0.05498389
    12    208      2    -1229.40039690        0.05498389
    12    209      2    -1214.12527040        0.05498389
    12    210      2    -1219.29045826        0.05498389
    12    211      2    -1219.78937080        0.05498389
    12    212      2    -1193.76727384        0.05498389
    12    213      2    -1215.88394841        0.05498389
    12    214      2    -1206.25834261        0.05498389
    12    215      2    -1226.62860567        0.05498389
    12    216      2    -1209.32474252        0.05498389
    12    217      2    -1238.49793804        0.05498389
    12    218      2    -1192.28663498        0.05498389
    12    219      2    -1238.39114975        0.05498389
    12    220      2    -1208.52832205        0.05498389
    12    221      2    -1213.01770980        0.05498389
    12    222      2    -1226.44344489        0.05498389
    12    223      2    -1211.66254521        0.05498389
    12    224      2    -1241.67221945        0.05498389
    12    225      2    -1233.09228555        0.05498389
    12    226      2    -1224.24223356        0.05498389
    12    227      2    -1235.86219761        0.05498389
    12    228      2    -1235.45181607        0.05498389
    12    229      2    -1241.60876198        0.05498389
    13      0      2    -1256.16953258        0.05501448
    13      1      2    -1228.53816221        0.05501448
    13      2      2    -1265.60407340        0.05501448
    13      3      2    -1246.07666094        0.05501448
    13      4      2    -1252.79339988        0.05501448
    13      5      2    -1218.58856643        0.05501448
    13      6      2    -1259.48453048        0.05501448
    13      7      2    -1238.48374921        0.05501448
    13      8      2    -1230.80493652        0.05501448
    13      9      2    -1247.14963188        0.05501448
    13     10      2    -1279.35651326        0.05501448
    13     11      2    -1234.49280551        0.05501448
    13     12      2    -1282.69079364        0.05501448
    13     13      2    -1227.47297381        0.05501448
    13     14      2    -1271.25967364        0.05501448
    13     15      2    -1250.92208722        0.05501448
    13     16      2    -1261.58596011        0.05501448
    13     17      2    -1226.74720261        0.05501448
    13     18      2    -1226.74720261        0.05501448
    13     19      2    -1226.74720261        0.05501448
    13     20      2    -1226.74720261        0.05501448
    13     21      2    -1226.74720261        0.05501448
    13     22      2    -1226.74720261        0.05501448
    13     23      2    -1226.74720261        0.05501448
    13     24      2    -1226.74720261        0.05501448
    13     25      2    -1226.74720261        0.05501448
    13     26      2    -1226.74720261        0.05501448
    13     27      2    -1226.74720261        0.05501448
    13     28      2    -1278.43000577        0.05501448
    13     29      2    -1247.43360149        0.05501448
    13     30      2    -1307.13324172        0.05501448
    13     31      2    -1226.64381697        0.05501448
    13     32      2    -1297.58100468        0.05501448
    13     33      2    -1257.85914144        0.05501448
    13     34      2    -1257.76722339        0.05501448
    13     35      2    -1269.10636778        0.05501448
    13     36      2    -1283.08063824        0.05501448
    13     37      2    -1254.39903250        0.05501448
    13     38      2    -1276.12461122        0.05501448
    13     39      2    -1259.73444842        0.05501448
    13     40      2    -1285.43883204        0.05501448
    13     41      2    -1262.24945267        0.05501448
    13     42      2    -1278.15436518        0.05501448
    13     43      2    -1270.46610100        0.05501448
    13     44      2    -1277.11567058        0.05501448
    13     45      2    -1277.22454235        0.05501448
    13     46      2    -1264.22236295        0.05501448
    13     47      2    -1285.29945851        0.05501448
    13     48      2    -1263.26936780        0.05501448
    13     49      2    -1274.75537349        0.05501448
    13     50      2    -1282.86743975        0.05501448
    13     51      2    -1265.09531831        0.05501448
    13     52      2    -1290.62465336        0.05501448
    13     53      2    -1273.54742029        0.05501448
    13     54      2    -1280.82635144        0.05501448
    13     55      2    -1279.98706626        0.05501448
    13     56      2    -1280.55398099        0.05501448
    13     57      2    -1279.20932462        0.05501448
    13     58      2    -1281.01355112        0.05501448
    13     59      2    -1278.65352018        0.05501448
    13     60      2    -1282.32167638        0.05501448
    13     61      2    -1261.33653261        0.05501448
    13     62      2    -1305.46235440        0.05501448
    13     63      2    -1248.60049735        0.05501448
    13     64      2    -1309.76211819        0.05501448
    13     65      2    -1250.62880930        0.05501448
    13     66      2    -1299.31019277        0.05501448
    13     67      2    -1265.70917680        0.05501448
    13     68      2    -1282.95148237        0.05501448
    13     69      2    -1281.17449269        0.05501448
    13     70      2    -1403.14121533        0.05501448
    13     71      2    -1279.61382778        0.05501448
    13     72      2    -1276.74912680        0.05501448
    13     73      2    -1280.00033331        0.05501448
    13     74      2    -1280.97195166        0.05501448
    13     75      2    -1274.81364792        0.05501448
    13     76      2    -1289.23467491        0.05501448
    13     77      2    -1259.56813880        0.05501448
    13     78      2    -1313.14587041        0.05501448
    13     79      2    -1254.67274671        0.05501448
    13     80      2    -1281.64756367        0.05501448
    13     81      2    -1273.62782463        0.05501448
    13     82      2    -1272.94721101        0.05501448
    13     83      2    -1262.85164725        0.05501448
    13     84      2    -1281.11259922        0.05501448
    13     85      2    -1257.22254430        0.05501448
    13     86      2    -1271.55780846        0.05501448
    13     87      2    -1250.15766202        0.05501448
    13     88      2    -1263.68981608        0.05501448
    13     89      2    -1249.78530919        0.05501448
    13     90      2    -1259.10766233        0.05501448
    13     91      2    -1246.88194602        0.05501448
    13     92      2    -1257.70905260        0.05501448
    13     93      2    -1246.68996636        0.05501448
    13     94      2    -1250.49321532        0.05501448
    13     95      2    -1244.20452719        0.05501448
    13     96      2    -1247.05393546        0.05501448
    13     97      2    -1239.23345319        0.05501448
    13     98      2    -1239.26494465        0.05501448
    13     99      2    -1257.76382669        0.05501448
    13    100      2    -1226.74720261        0.05501448
    13    101      2    -1324.94060073        0.05501448
    13    102      2    -1226.74720261        0.05501448
    13    103      2    -1226.74720261        0.05501448
    13    104      2    -1226.74720261        0.05501448
    13    105      2    -1226.74720261        0.05501448
    13    106      2    -1226.74720261        0.05501448
    13    107      2    -1226.74720261        0.05501448
    13    108      2    -1226.74720261        0.05501448
    13    109      2    -1226.74720261        0.05501448
    13    110      2    -1226.74720261        0.05501448
    13    111      2    -1244.35628891        0.05501448
    13    112      2    -1249.41938761        0.05501448
    13    113      2    -1226.74720261        0.05501448
    13    114      2    -1254.35951914        0.05501448
    13    115      2    -1224.75724172        0.05501448
    13    116      2    -1228.71608485        0.05501448
    13    117      2    -1231.38050604        0.05501448
    13    118      2    -1231.23550165        0.05501448
    13    119      2    -1227.65206612        0.05501448
    13    120      2    -1233.94604866        0.05501448
    13    121      2    -1231.96233467        0.05501448
    13    122      2    -1235.95737510        0.05501448
    13    123      2    -1235.32775966        0.05501448
    13    124      2    -1238.31707976        0.05501448
    13    125      2    -1237.20219888        0.05501448
    13    126      2    -1238.43910115        0.05501448
    13    127      2    -1238.51168525        0.05501448
    13    128      2    -1242.23150432        0.05501448
    13    129      2    -1243.45987016        0.05501448
    13    130      2    -1244.59255674        0.05501448
    13    131      2    -1245.72140740        0.05501448
    13    132      2    -1252.13839891        0.05501448
    13    133      2    -1250.75796405        0.05501448
    13    134      2    -1251.73235894        0.05501448
    13    135      2    -1253.56304267        0.05501448
    13    136      2    -1252.95514240        0.05501448
    13    137      2    -1255.25133119        0.05501448
    13    138      2    -1257.20823412        0.05501448
    13    139      2    -1254.15387514        0.05501448
    13    140      2    -1257.53442233        0.05501448
    13    141      2    -1256.22608324        0.05501448
    13    142      2    -1263.18260568        0.05501448
    13    143      2    -1258.90264954        0.05501448
    13    144      2    -1268.15040868        0.05501448
    13    145      2    -1266.48865548        0.05501448
    13    146      2    -1275.31033406        0.05501448
    13    147      2    -1271.06308250        0.05501448
    13    148      2    -1275.40334347        0.05501448
    13    149      2    -1277.89510339        0.05501448
    13    150      2    -1280.15761809        0.05501448
    13    151      2    -1279.03652308        0.05501448
    13    152      2    -1283.48416084        0.05501448
    13    153      2    -1278.64498289        0.05501448
    13    154      2    -1285.02387111        0.05501448
    13    155      2    -1281.61207422        0.05501448
    13    156      2    -1285.41077198        0.05501448
    13    157      2    -1282.31597668        0.05501448
    13    158      2    -1285.10588618        0.05501448
    13    159      2    -1288.24561261        0.05501448
    13    160      2    -1284.65580906        0.05501448
    13    161      2    -1291.72608692        0.05501448
    13    162      2    -1285.12141687        0.05501448
    13    163      2    -1290.52741314        0.05501448
    13    164      2    -1284.28547637        0.05501448
    13    165      2    -1289.88952070        0.05501448
    13    166      2    -1288.96364867        0.05501448
    13    167      2    -1289.37240421        0.05501448
    13    168      2    -1285.69252434        0.05501448
    13    169      2    -1292.64052171        0.05501448
    13    170      2    -1285.67416166        0.05501448
    13    171      2    -1286.42158233        0.05501448
    13    172      2    -1287.71469186        0.05501448
    13    173      2    -1288.62106078        0.05501448
    13    174      2    -1289.25679113        0.05501448
    13    175      2    -1277.46343086        0.05501448
    13    176      2    -1286.39789259        0.05501448
    13    177      2    -1283.56704102        0.05501448
    13    178      2    -1274.18464650        0.05501448
    13    179      2    -1293.56257185        0.05501448
    13    180      2    -1270.41557910        0.05501448
    13    181      2    -1278.87880338        0.05501448
    13    182      2    -1278.79223567        0.05501448
    13    183      2    -1275.70611435        0.05501448
    13    184      2    -1270.56751046        0.05501448
    13    185      2    -1267.90835327        0.05501448
    13    186      2    -1226.74720261        0.05501448
    13    187      2    -1226.74720261        0.05501448
    13    188      2    -1226.74720261        0.05501448
    13    189      2    -1226.74720261        0.05501448
    13    190      2    -1226.74720261        0.05501448
    13    191      2    -1226.74720261        0.05501448
    13    192      2    -1226.74720261        0.05501448
    13    193      2    -1226.74720261        0.05501448
    13    194      2    -1226.74720261        0.05501448
    13    195      2    -1226.74720261        0.05501448
    13    196      2    -1226.74720261        0.05501448
    13    197      2    -1220.77295141        0.05501448
    13    198      2    -1190.65864772        0.05501448
    13    199      2    -1243.30615193        0.05501448
    13    200      2    -1175.44305855        0.05501448
    13    201      2    -1207.12107904        0.05501448
    13    202      2    -1182.96135375        0.05501448
    13    203      2    -1159.63638410        0.05501448
    13    204      2    -1158.42201827        0.05501448
    13    205      2    -1164.54770678        0.05501448
    13    206      2    -1136.13291673        0.05501448
    13    207      2    -1161.74009103        0.05501448
    13    208      2    -1110.30983645        0.05501448
    13    209      2    -1100.03711056        0.05501448
    13    210      2    -1105.41214195        0.05501448
    13    211      2    -1122.42018974        0.05501448
    13    212      2    -1102.24975863        0.05501448
    13    213      2    -1081.09665183        0.05501448
    14      0      2    -1158.00267393        0.05499880
    14      1      2    -1174.41467262        0.05499880
    14      2      2    -1164.50153929        0.05499880
    14      3      2    -1225.28546488        0.05499880
    14      4      2    -1225.28546488        0.05499880
    14      5      2    -1225.28546488        0.05499880
    14      6      2    -1225.28546488        0.05499880
    14      7      2    -1225.28546488        0.05499880
    14      8      2    -1225.28546488        0.05499880
    14      9      2    -1225.28546488        0.05499880
    14     10      2    -1225.28546488        0.05499880
    14     11      2    -1225.28546488        0.05499880
    14     12      2    -1225.28546488        0.05499880
    14     13      2    -1225.28546488        0.05499880
    14     14      2    -1205.98614459        0.05499880
    14     15      2    -1219.79970845        0.05499880
    14     16      2    -1217.93189588        0.05499880
    14     17      2    -1219.19736613        0.05499880
    14     18      2    -1225.04724991        0.05499880
    14     19      2    -1230.64272267        0.05499880
    14     20      2    -1215.74946559        0.05499880
    14     21      2    -1235.20422374        0.05499880
    14     22      2    -1215.50911171        0.05499880
    14     23      2    -1234.59718141        0.05499880
    14     24      2    -1210.35322896        0.05499880
    14     25      2    -1236.85562271        0.05499880
    14     26      2    -1225.78217409        0.05499880
    14     27      2    -1229.60361420        0.05499880
    14     28      2    -1222.97981225        0.05499880
    14     29      2    -1245.18122448        0.05499880
    14     30      2    -1211.50735006        0.05499880
    14     31      2    -1267.57544650        0.05499880
    14     32      2    -1207.93527703        0.05499880
    14     33      2    -1236.35166170        0.05499880
    14     34      2    -1242.18396039        0.05499880
    14     35      2    -1203.08861905        0.05499880
    14     36      2    -1264.62617300        0.05499880
    14     37      2    -1211.98239026        0.05499880
    14     38      2    -1238.25336781        0.05499880
    14     39      2    -1236.30959695        0.05499880
    14     40      2    -1234.29002579        0.05499880
    14     41      2    -1222.16453270        0.05499880
    14     42      2    -1242.73481916        0.05499880
    14     43      2    -1220.53253570        0.05499880
    14     44      2    -1241.15812118        0.05499880
    14     45      2    -1242.00103897        0.05499880
    14     46      2    -1225.01861058        0.05499880
    14     47      2    -1245.41662834        0.05499880
    14     48      2    -1219.49402260        0.05499880
    14     49      2    -1242.85789531        0.05499880
    14     50      2    -1232.42039671        0.05499880
    14     51      2    -1240.39156893        0.05499880
    14     52      2    -1232.27258779        0.05499880
    14     53      2    -1242.10361454        0.05499880
    14     54      2    -1226.78828284        0.05499880
    14     55      2    -1250.26956305        0.05499880
    14     56      2    -1219.15449271        0.05499880
    14     57      2    -1248.79228369        0.05499880
    14     58      2    -1228.74815800        0.05499880
    14     59      2    -1245.24191333        0.05499880
    14     60      2    -1230.20101972        0.05499880
    14     61      2    -1247.41481533        0.05499880
    14     62      2    -1233.04156527        0.05499880
    14     63      2    -1237.33013068        0.05499880
    14     64      2    -1212.68985844        0.05499880
    14     65      2    -1242.67858289        0.05499880
    14     66      2    -1232.09748138        0.05499880
    14     67      2    -1240.41908206        0.05499880
    14     68      2    -1228.96251443        0.05499880
    14     69      2    -1202.65754911        0.05499880
    14     70      2    -1262.05792411        0.05499880
    14     71      2    -1206.67776017        0.05499880
    14     72      2    -1211.42091541        0.05499880
    14     73      2    -1264.81256766        0.05499880
    14     74      2    -1210.73970644        0.05499880
    14     75      2    -1237.63805701        0.05499880
    14     76      2    -1225.36928897        0.05499880
    14     77      2    -1212.21439298        0.05499880
    14     78      2    -1256.15825599        0.05499880
    14     79      2    -1331.53288094        0.05499880
    14     80      2    -1199.02762022        0.05499880
    14     81      2    -1223.78125037        0.05499880
    14     82      2    -1213.83423312        0.05499880
    14     83      2    -1223.15719997        0.05499880
    14     84      2    -1208.71395306        0.05499880
    14     85      2    -1215.95879396        0.05499880
    14     86      2    -1204.40664489        0.05499880
    14     87      2    -1216.56410439        0.05499880
    14     88      2    -1203.17996039        0.05499880
    14     89      2    -1210.94510995        0.05499880
    14     90      2    -1198.01864162        0.05499880
    14     91      2    -1209.66891306        0.05499880
    14     92      2    -1193.87361899        0.05499880
    14     93      2    -1204.01371261        0.05499880
    14     94      2    -1186.59263719        0.05499880
    14     95      2    -1225.28546488        0.05499880
    14     96      2    -1188.91733857        0.05499880
    14     97      2    -1225.28546488        0.05499880
    14     98      2    -1225.28546488        0.05499880
    14     99      2    -1225.28546488        0.05499880
    14    100      2    -1225.28546488        0.05499880
    14    101      2    -1225.28546488        0.05499880
    14    102      2    -1166.56213060        0.05499880
    14    103      2    -1271.66306578        0.05499880
    14    104      2    -1183.04736102        0.05499880
    14    105      2    -1188.96851160        0.05499880
    14    106      2    -1199.32274534        0.05499880
    14    107      2    -1188.91786661        0.05499880
    14    108      2    -1216.88045929        0.05499880
    14    109      2    -1166.70363999        0.05499880
    14    110      2    -1225.28546488        0.05499880
    14    111      2    -1225.28546488        0.05499880
    14    112      2    -1225.28546488        0.05499880
    14    113      2    -1225.28546488        0.05499880
    14    114      2    -1225.28546488        0.05499880
    14    115      2    -1232.63922168        0.05499880
    14    116      2    -1221.83424293        0.05499880
    14    117      2    -1200.68900950        0.05499880
    14    118      2    -1201.74696389        0.05499880
    14    119      2    -1194.86534151        0.05499880
    14    120      2    -1206.00499052        0.05499880
    14    121      2    -1197.36031851        0.05499880
    14    122      2    -1205.63676253        0.05499880
    14    123      2    -1200.35845203        0.05499880
    14    124      2    -1207.42035493        0.05499880
    14    125      2    -1201.75093670        0.05499880
    14    126      2    -1207.60627974        0.05499880
    14    127      2    -1199.93400348        0.05499880
    14    128      2    -1209.87675815        0.05499880
    14    129      2    -1204.82202495        0.05499880
    14    130      2    -1210.93471775        0.05499880
    14    131      2    -1205.78217771        0.05499880
    14    132      2    -1211.98128198        0.05499880
    14    133      2    -1209.70505287        0.05499880
    14    134      2    -1215.49523343        0.05499880
    14    135      2    -1211.38035830        0.05499880
    14    136      2    -1215.91419968        0.05499880
    14    137      2    -1213.76259735        0.05499880
    14    138      2    -1218.72034444        0.05499880
    14    139      2    -1216.20855772        0.05499880
    14    140      2    -1223.06490446        0.05499880
    14    141      2    -1222.95891258        0.05499880
    14    142      2    -1222.68248393        0.05499880
    14    143      2    -1224.26642524        0.05499880
    14    144      2    -1227.24700650        0.05499880
    14    145      2    -1225.12105672        0.05499880
    14    146      2    -1231.57411789        0.05499880
    14    147      2    -1228.19163004        0.05499880
    14    148      2    -1232.25665702        0.05499880
    14    149      2    -1233.92365634        0.05499880
    14    150      2    -1237.27260001        0.05499880
    14    151      2    -1239.44422237        0.05499880
    14    152      2    -1236.95053057        0.05499880
    14    153      2    -1242.58445607        0.05499880
    14    154      2    -1241.72600384        0.05499880
    14    155      2    -1242.04153191        0.05499880
    14    156      2    -1245.53478769        0.05499880
    14    157      2    -1242.65355456        0.05499880
    14    158      2    -1246.85666972        0.05499880
    14    159      2    -1241.26929489        0.05499880
    14    160      2    -1247.85411628        0.05499880
    14    161      2    -1244.37942926        0.05499880
    14    162      2    -1238.60553635        0.05499880
    14    163      2    -1242.71057658        0.05499880
    14    164      2    -1244.56704262        0.05499880
    14    165      2    -1238.27384159        0.05499880
    14    166      2    -1247.53070095        0.05499880
    14    167      2    -1238.97169238        0.05499880
    14    168      2    -1250.11151544        0.05499880
    14    169      2    -1238.20891952        0.05499880
    14    170      2    -1251.47153596        0.05499880
    14    171      2    -1226.58658488        0.05499880
    14    172      2    -1245.75828266        0.05499880
    14    173      2    -1236.85870644        0.05499880
    14    174      2    -1240.73074873        0.05499880
    14    175      2    -1235.98234388        0.05499880
    14    176      2    -1237.02734790        0.05499880
    14    177      2    -1238.53875600        0.05499880
    14    178      2    -1237.70159295        0.05499880
    14    179      2    -1239.25699101        0.05499880
    14    180      2    -1235.15102431        0.05499880
    14    181      2    -1238.47773828        0.05499880
    14    182      2    -1236.58962082        0.05499880
    14    183      2    -1248.59866766        0.05499880
    14    184      2    -1225.96166763        0.05499880
    14    185      2    -1244.74010889        0.05499880
    14    186      2    -1229.14505993        0.05499880
    14    187      2    -1236.83664542        0.05499880
    14    188      2    -1239.72490272        0.05499880
    14    189      2    -1221.84158116        0.05499880
    14    190      2    -1224.16020722        0.05499880
    14    191      2    -1226.11334983        0.05499880
    14    192      2    -1231.42702449        0.05499880
    14    193      2    -1193.45522654        0.05499880
    14    194      2    -1232.78030840        0.05499880
    14    195      2    -1201.91003344        0.05499880
    14    196      2    -1194.05288521        0.05499880
    14    197      2    -1191.30537334        0.05499880
    14    198      2    -1225.28546488        0.05499880
    14    199      2    -1225.28546488        0.05499880
    14    200      2    -1225.28546488        0.05499880
    14    201      2    -1225.28546488        0.05499880
    14    202      2    -1225.28546488        0.05499880
    14    203      2    -1225.28546488        0.05499880
    14    204      2    -1225.28546488        0.05499880
    14    205      2    -1225.28546488        0.05499880
    14    206      2    -1225.28546488        0.05499880
    14    207      2    -1225.28546488        0.05499880
    14    208      2    -1010.67099925        0.05499880
    14    209      2    -1031.43888017        0.05499880
    14    210      2     -988.42592707        0.05499880
    14    211      2     -859.74921900        0.05499880
    15      0      2    -1223.95617053        0.05502769
    15      1      2    -1223.95617053        0.05502769
    15      2      2    -1223.95617053        0.05502769
    15      3      2    -1223.95617053        0.05502769
    15      4      2    -1160.62077458        0.05502769
    15      5      2    -1165.65977067        0.05502769
    15      6      2    -1171.81832078        0.05502769
    15      7      2    -1175.38316822        0.05502769
    15      8      2    -1184.44753090        0.05502769
    15      9      2    -1179.08149641        0.05502769
    15     10      2    -1208.31679221        0.05502769
    15     11      2    -1181.47369663        0.05502769
    15     12      2    -1209.40034647        0.05502769
    15     13      2    -1198.59854770        0.05502769
    15     14      2    -1206.54943489        0.05502769
    15     15      2    -1206.90363109        0.05502769
    15     16      2    -1208.81702097        0.05502769
    15     17      2    -1214.55582762        0.05502769
    15     18      2    -1211.31492920        0.05502769
    15     19      2    -1207.30591687        0.05502769
    15     20      2    -1228.79757885        0.05502769
    15     21      2    -1206.25297885        0.05502769
    15     22      2    -1212.43651492        0.05502769
    15     23      2    -1226.30258936        0.05502769
    15     24      2    -1192.61919426        0.05502769
    15     25      2    -1240.83633943        0.05502769
    15     26      2    -1207.22777015        0.05502769
    15     27      2    -1216.76290346        0.05502769
    15     28      2    -1231.91604659        0.05502769
    15     29      2    -1222.93112548        0.05502769
    15     30      2    -1213.71543151        0.05502769
    15     31      2    -1224.16366719        0.05502769
    15     32      2    -1224.42158694        0.05502769
    15     33      2    -1563.61249968        0.05502769
    15     34      2    -1228.38675509        0.05502769
    15     35      2    -1218.51631533        0.05502769
    15     36      2    -1224.68382453        0.05502769
    15     37      2    -1224.57295547        0.05502769
    15     38      2    -1215.46503263        0.05502769
    15     39      2    -1223.02570831        0.05502769
    15     40      2    -1226.25295274        0.05502769
    15     41      2    -1214.32227468        0.05502769
    15     42      2    -1235.50392049        0.05502769
    15     43      2    -1208.79490474        0.05502769
    15     44      2    -1230.47705587        0.05502769
    15     45      2    -1229.30157343        0.05502769
    15     46      2    -1216.22205244        0.05502769
    15     47      2    -1244.96044171        0.05502769
    15     48      2    -1215.29532724        0.05502769
    15     49      2    -1232.95871541        0.05502769
    15     50      2    -1231.69451791        0.05502769
    15     51      2    -1226.15158620        0.05502769
    15     52      2    -1236.28333133        0.05502769
    15     53      2    -1234.69066732        0.05502769
    15     54      2    -1235.94825613        0.05502769
    15     55      2    -1233.13900324        0.05502769
    15     56      2    -1236.46822717        0.05502769
    15     57      2    -1236.52314773        0.05502769
    15     58      2    -1251.33497434        0.05502769
    15     59      2    -1217.49790674        0.05502769
    15     60      2    -1260.51024174        0.05502769
    15     61      2    -1213.17343689        0.05502769
    15     62      2    -1248.13969018        0.05502769
    15     63      2    -1372.12109024        0.05502769
    15     64      2    -1246.57027988        0.05502769
    15     65      2    -1231.47774254        0.05502769
    15     66      2    -1383.29602774        0.05502769
    15     67      2    -1232.51609247        0.05502769
    15     68      2    -1206.78771204        0.05502769
    15     69      2    -1250.13710226        0.05502769
    15     70      2    -1239.91564709        0.05502769
    15     71      2    -1216.83385021        0.05502769
    15     72      2    -1250.23168723        0.05502769
    15     73      2    -1225.99337545        0.05502769
    15     74      2    -1242.98684446        0.05502769
    15     75      2    -1219.20810854        0.05502769
    15     76      2    -1237.60131166        0.05502769
    15     77      2    -1212.46128992        0.05502769
    15     78      2    -1326.07426639        0.05502769
    15     79      2    -1201.88916590        0.05502769
    15     80      2    -1226.74495641        0.05502769
    15     81      2    -1215.32494876        0.05502769
    15     82      2    -1229.08369076        0.05502769
    15     83      2    -1199.90848336        0.05502769
    15     84      2    -1228.04095420        0.05502769
    15     85      2    -1205.03462378        0.05502769
    15     86      2    -1218.71698869        0.05502769
    15     87      2    -1204.73549889        0.05502769
    15     88      2    -1212.25268994        0.05502769
    15     89      2    -1204.66977732        0.05502769
    15     90      2    -1207.84685707        0.05502769
    15     91      2    -1218.93059377        0.05502769
    15     92      2    -1223.95617053        0.05502769
    15     93      2    -1223.95617053        0.05502769
    15     94      2    -1223.95617053        0.05502769
    15     95      2    -1223.95617053        0.05502769
    15     96      2    -1223.95617053        0.05502769
    15     97      2    -1223.95617053        0.05502769
    15     98      2    -1223.95617053        0.05502769
    15     99      2    -1180.32357635        0.05502769
    15    100      2    -1218.76261591        0.05502769
    15    101      2    -1192.04814771        0.05502769
    15    102      2    -1202.91578389        0.05502769
    15    103      2    -1191.93810514        0.05502769
    15    104      2    -1199.48110015        0.05502769
    15    105      2    -1193.53250097        0.05502769
    15    106      2    -1198.54232641        0.05502769
    15    107      2    -1190.81080722        0.05502769
    15    108      2    -1190.95537263        0.05502769
    15    109      2    -1184.74664839        0.05502769
    15    110      2    -1189.53430609        0.05502769
    15    111      2    -1181.47384351        0.05502769
    15    112      2    -1182.12429408        0.05502769
    15    113      2    -1224.14968398        0.05502769
    15    114      2    -1105.33509467        0.05502769
    15    115      2    -1197.90296444        0.05502769
    15    116      2    -1223.95617053        0.05502769
    15    117      2    -1223.95617053        0.05502769
    15    118      2    -1223.95617053        0.05502769
    15    119      2    -1223.95617053        0.05502769
    15    120      2    -1223.95617053        0.05502769
    15    121      2    -1302.68583692        0.05502769
    15    122      2    -1211.85016215        0.05502769
    15    123      2    -1190.69315252        0.05502769
    15    124      2    -1198.67477162        0.05502769
    15    125      2    -1197.98155037        0.05502769
    15    126      2    -1198.66270948        0.05502769
    15    127      2    -1197.89730771        0.05502769
    15    128      2    -1197.45612755        0.05502769
    15    129      2    -1195.83459764        0.05502769
    15    130      2    -1199.58857957        0.05502769
    15    131      2    -1198.07150944        0.05502769
    15    132      2    -1199.23467009        0.05502769
    15    133      2    -1200.69210961        0.05502769
    15    134      2    -1199.80731625        0.05502769
    15    135      2    -1198.75294094        0.05502769
    15    136      2    -1203.23065610        0.05502769
    15    137      2    -1201.34380568        0.05502769
    15    138      2    -1203.55893771        0.05502769
    15    139      2    -1202.46301346        0.05502769
    15    140      2    -1204.86675451        0.05502769
    15    141      2    -1206.10106146        0.05502769
    15    142      2    -1206.43517645        0.05502769
    15    143      2    -1211.14208766        0.05502769
    15    144      2    -1209.73191749        0.05502769
    15    145      2    -1214.43060530        0.05502769
    15    146      2    -1217.00845290        0.05502769
    15    147      2    -1214.73647737        0.05502769
    15    148      2    -1219.12254519        0.05502769
    15    149      2    -1214.94335600        0.05502769
    15    150      2    -1227.22646774        0.05502769
    15    151      2    -1215.83484451        0.05502769
    15    152      2    -1228.54264464        0.05502769
    15    153      2    -1223.15961066        0.05502769
    15    154      2    -1228.67623415        0.05502769
    15    155      2    -1228.29378135        0.05502769
    15    156      2    -1228.48712142        0.05502769
    15    157      2    -1225.87131377        0.05502769
    15    158      2    -1226.83219465        0.05502769
    15    159      2    -1230.35508994        0.05502769
    15    160      2    -1233.49185291        0.05502769
    15    161      2    -1229.82533252        0.05502769
    15    162      2    -1238.80717719        0.05502769
    15    163      2    -1231.35096113        0.05502769
    15    164      2    -1237.35708402        0.05502769
    15    165      2    -1235.66030778        0.05502769
    15    166      2    -1235.44520117        0.05502769
    15    167      2    -1235.04957188        0.05502769
    15    168      2    -1237.09769005        0.05502769
    15    169      2    -1232.65546009        0.05502769
    15    170      2    -1240.09226229        0.05502769
    15    171      2    -1228.41714609        0.05502769
    15    172      2    -1240.51934780        0.05502769
    15    173      2    -1224.39406479        0.05502769
    15    174      2    -1245.50720105        0.05502769
    15    175      2    -1220.07440549        0.05502769
    15    176      2    -1241.90880278        0.05502769
    15    177      2    -1227.06536491        0.05502769
    15    178      2    -1238.54749332        0.05502769
    15    179      2    -1226.61536983        0.05502769
    15    180      2    -1239.51146397        0.05502769
    15    181      2    -1224.25717908        0.05502769
    15    182      2    -1236.65972497        0.05502769
    15    183      2    -1224.85101681        0.05502769
    15    184      2    -1240.67981049        0.05502769
    15    185      2    -1223.05830637        0.05502769
    15    186      2    -1240.98996558        0.05502769
    15    187      2    -1229.77762635        0.05502769
    15    188      2    -1235.19327509        0.05502769
    15    189      2    -1216.14889529        0.05502769
    15    190      2    -1240.01443468        0.05502769
    15    191      2    -1214.99669610        0.05502769
    15    192      2    -1229.83034032        0.05502769
    15    193      2    -1230.73229887        0.05502769
    15    194      2    -1218.53276696        0.05502769
    15    195      2    -1217.77137959        0.05502769
    15    196      2    -1223.26422158        0.05502769
    15    197      2    -1213.55340562        0.05502769
    15    198      2    -1224.44045113        0.05502769
    15    199      2    -1197.45937482        0.05502769
    15    200      2    -1208.94037616        0.05502769
    15    201      2    -1173.30722463        0.05502769
    15    202      2    -1237.21400579        0.05502769
    15    203      2    -1159.75002013        0.05502769
    15    204      2    -1180.91793454        0.05502769
    15    205      2    -1158.25399120        0.05502769
    15    206      2    -1156.00754827        0.05502769
    15    207      2    -1101.82880805        0.05502769
    15    208      2    -1130.43293211        0.05502769
    15    209      2    -1073.14378251        0.05502769
    15    210      2    -1223.95617053        0.05502769
    15    211      2    -1223.95617053        0.05502769
    15    212      2    -1223.95617053        0.05502769
    15    213      2    -1223.95617053        0.05502769
    16      0      2    -1080.12461861        0.05504219
    16      1      2    -1143.36157044        0.05504219
    16      2      2    -1120.53432366        0.05504219
    16      3      2    -1164.63126727        0.05504219
    16      4      2    -1153.29644002        0.05504219
    16      5      2    -1188.28656970        0.05504219
    16      6      2    -1186.84793437        0.05504219
    16      7      2    -1188.36283419        0.05504219
    16      8      2    -1209.52472131        0.05504219
    16      9      2    -1201.99391147        0.05504219
    16     10      2    -1217.27763389        0.05504219
    16     11      2    -1221.09354900        0.05504219
    16     12      2    -1224.38937900        0.05504219
    16     13      2    -1237.23962762        0.05504219
    16     14      2    -1217.68584277        0.05504219
    16     15      2    -1246.81920380        0.05504219
    16     16      2    -1234.61170868        0.05504219
    16     17      2    -1234.55744143        0.05504219
    16     18      2    -1240.02350654        0.05504219
    16     19      2    -1247.25526193        0.05504219
    16     20      2    -1234.81214832        0.05504219
    16     21      2    -1238.80636602        0.05504219
    16     22      2    -1249.82216437        0.05504219
    16     23      2    -1242.84191344        0.05504219
    16     24      2    -1248.97590482        0.05504219
    16     25      2    -1252.73278950        0.05504219
    16     26      2    -1238.25418985        0.05504219
    16     27      2    -1255.69434508        0.05504219
    16     28      2    -1252.16050171        0.05504219
    16     29      2    -1244.54500887        0.05504219
    16     30      2    -1247.66636199        0.05504219
    16     31      2    -1248.94122938        0.05504219
    16     32      2    -1245.04901544        0.05504219
    16     33      2    -1260.79850003        0.05504219
    16     34      2    -1238.52350464        0.05504219
    16     35      2    -1253.74901148        0.05504219
    16     36      2    -1256.14179892        0.05504219
    16     37      2    -1246.61166553        0.05504219
    16     38      2    -1234.67408699        0.05504219
    16     39      2    -1278.44013594        0.05504219
    16     40      2    -1216.67705098        0.05504219
    16     41      2    -1277.42189931        0.05504219
    16     42      2    -1232.51668886        0.05504219
    16     43      2    -1250.67078918        0.05504219
    16     44      2    -1263.96089665        0.05504219
    16     45      2    -1239.40696861        0.05504219
    16     46      2    -1259.48368576        0.05504219
    16     47      2    -1268.17999608        0.05504219
    16     48      2    -1240.41759901        0.05504219
    16     49      2    -1282.96986300        0.05504219
    16     50      2    -1250.35836724        0.05504219
    16     51      2    -1263.70053644        0.05504219
    16     52      2    -1256.00663729        0.05504219
    16     53      2    -1255.97232453        0.05504219
    16     54      2    -1258.07474316        0.05504219
    16     55      2    -1264.53330679        0.05504219
    16     56      2    -1269.95633953        0.05504219
    16     57      2    -1247.88433531        0.05504219
    16     58      2    -1287.61029380        0.05504219
    16     59      2    -1253.18601540        0.05504219
    16     60      2    -1256.89779270        0.05504219
    16     61      2    -1279.37225773        0.05504219
    16     62      2    -1269.19570196        0.05504219
    16     63      2    -1261.83198797        0.05504219
    16     64      2    -1281.13881630        0.05504219
    16     65      2    -1252.47813497        0.05504219
    16     66      2    -1275.17921619        0.05504219
    16     67      2    -1256.39502597        0.05504219
    16     68      2    -1274.62696593        0.05504219
    16     69      2    -1272.62166652        0.05504219
    16     70      2    -1267.58852720        0.05504219
    16     71      2    -1267.67683858        0.05504219
    16     72      2    -1272.75803535        0.05504219
    16     73      2    -1257.61010733        0.05504219
    16     74      2    -1264.49075658        0.05504219
    16     75      2    -1252.89553985        0.05504219
    16     76      2    -1246.10349957        0.05504219
    16     77      2    -1333.78859798        0.05504219
    16     78      2    -1244.08495901        0.05504219
    16     79      2    -1244.64093155        0.05504219
    16     80      2    -1260.22455318        0.05504219
    16     81      2    -1243.54065568        0.05504219
    16     82      2    -1249.77393513        0.05504219
    16     83      2    -1235.63425277        0.05504219
    16     84      2    -1248.25904708        0.05504219
    16     85      2    -1236.34829321        0.05504219
    16     86      2    -1238.62596282        0.05504219
    16     87      2    -1236.29062842        0.05504219
    16     88      2    -1232.53295851        0.05504219
    16     89      2    -1229.51393129        0.05504219
    16     90      2    -1231.41981825        0.05504219
    16     91      2    -1236.92876247        0.05504219
    16     92      2    -1184.02096127        0.05504219
    16     93      2    -1184.02096127        0.05504219
    16     94      2    -1184.02096127        0.05504219
    16     95      2    -1184.02096127        0.05504219
    16     96      2    -1184.02096127        0.05504219
    16     97      2    -1184.02096127        0.05504219
    16     98      2    -1266.80253341        0.05504219
    16     99      2    -1220.54795041        0.05504219
    16    100      2    -1220.07004666        0.05504219
    16    101      2    -1217.34132133        0.05504219
    16    102      2    -1217.08302264        0.05504219
    16    103      2    -1212.45058083        0.05504219
    16    104      2    -1214.27239408        0.05504219
    16    105      2    -1217.44766452        0.05504219
    16    106      2    -1225.19295339        0.05504219
    16    107      2    -1211.14070297        0.05504219
    16    108      2    -1211.10744679        0.05504219
    16    109      2    -1211.75922703        0.05504219
    16    110      2    -1221.33803314        0.05504219
    16    111      2    -1220.86634484        0.05504219
    16    112      2    -1226.54505510        0.05504219
    16    113      2    -1223.89298680        0.05504219
    16    114      2    -1223.07399868        0.05504219
    16    115      2    -1222.36355796        0.05504219
    16    116      2    -1224.70349267        0.05504219
    16    117      2    -1222.57696858        0.05504219
    16    118      2    -1223.96385113        0.05504219
    16    119      2    -1219.43932947        0.05504219
    16    120      2    -1269.74025276        0.05504219
    16    121      2    -1159.31543158        0.05504219
    16    122      2    -1184.02096127        0.05504219
    16    123      2    -1184.02096127        0.05504219
    16    124      2    -1184.02096127        0.05504219
    16    125      2    -1184.02096127        0.05504219
    16    126      2    -1184.02096127        0.05504219
    16    127      2    -1184.02096127        0.05504219
    16    128      2    -1245.41894817        0.05504219
    16    129      2    -1229.50708122        0.05504219
    16    130      2    -1232.61083487        0.05504219
    16    131      2    -1231.59730685        0.05504219
    16    132      2    -1234.20593917        0.05504219
    16    133      2    -1232.62732033        0.05504219
    16    134      2    -1234.87512287        0.05504219
    16    135      2    -1233.43109444        0.05504219
    16    136      2    -1234.34717917        0.05504219
    16    137      2    -1237.08382499        0.05504219
    16    138      2    -1235.99368612        0.05504219
    16    139      2    -1235.87177957        0.05504219
    16    140      2    -1234.23275056        0.05504219
    16    141      2    -1233.88360891        0.05504219
    16    142      2    -1235.49031255        0.05504219
    16    143      2    -1236.52729195        0.05504219
    16    144      2    -1238.52145897        0.05504219
    16    145      2    -1238.62479295        0.05504219
    16    146      2    -1240.60738523        0.05504219
    16    147      2    -1241.43959685        0.05504219
    16    148      2    -1241.98564238        0.05504219
    16    149      2    -1243.28745448        0.05504219
    16    150      2    -1245.45044151        0.05504219
    16    151      2    -1246.23283627        0.05504219
    16    152      2    -1249.74960136        0.05504219
    16    153      2    -1248.97070910        0.05504219
    16    154      2    -1247.82231137        0.05504219
    16    155      2    -1253.65948450        0.05504219
    16    156      2    -1249.61445136        0.05504219
    16    157      2    -1254.10350437        0.05504219
    16    158      2    -1250.44609285        0.05504219
    16    159      2    -1255.49048537        0.05504219
    16    160      2    -1254.52615167        0.05504219
    16    161      2    -1256.90884211        0.05504219
    16    162      2    -1251.52886174        0.05504219
    16    163      2    -1184.02096127        0.05504219
    16    164      2    -1252.43267906        0.05504219
    16    165      2    -1256.37330448        0.05504219
    16    166      2    -1252.68119186        0.05504219
    16    167      2    -1257.19132732        0.05504219
    16    168      2    -1260.05383151        0.05504219
    16    169      2    -1256.46576819        0.05504219
    16    170      2    -1258.82150735        0.05504219
    16    171      2    -1184.02096127        0.05504219
    16    172      2    -1256.04482067        0.05504219
    16    173      2    -1262.25043122        0.05504219
    16    174      2    -1255.42257499        0.05504219
    16    175      2    -1254.29811253        0.05504219
    16    176      2    -1259.68612639        0.05504219
    16    177      2    -1258.92711496        0.05504219
    16    178      2    -1257.59529769        0.05504219
    16    179      2    -1257.45173297        0.05504219
    16    180      2    -1246.67486701        0.05504219
    16    181      2    -1259.23536659        0.05504219
    16    182      2    -1249.67202597        0.05504219
    16    183      2    -1246.43332492        0.05504219
    16    184      2    -1263.73213773        0.05504219
    16    185      2    -1245.88648861        0.05504219
    16    186      2    -1251.38943047        0.05504219
    16    187      2    -1261.83354097        0.05504219
    16    188      2    -1240.26781535        0.05504219
    16    189      2    -1251.38106488        0.05504219
    16    190      2    -1248.24646671        0.05504219
    16    191      2    -1242.22032434        0.05504219
    16    192      2    -1254.89675876        0.05504219
    16    193      2    -1235.37574719        0.05504219
    16    194      2    -1249.28747693        0.05504219
    16    195      2    -1239.84299412        0.05504219
    16    196      2    -1244.05602039        0.05504219
    16    197      2    -1248.26334401        0.05504219
    16    198      2    -1230.98388495        0.05504219
    16    199      2    -1237.49405903        0.05504219
    16    200      2    -1242.25773663        0.05504219
    16    201      2    -1239.77959016        0.05504219
    16    202      2    -1232.66658552        0.05504219
    16    203      2    -1225.06696168        0.05504219
    16    204      2    -1254.37030953        0.05504219
    16    205      2    -1209.48833691        0.05504219
    16    206      2    -1230.72871560        0.05504219
    16    207      2    -1217.30888564        0.05504219
    16    208      2    -1220.03090772        0.05504219
    16    209      2    -1203.48430867        0.05504219
    16    210      2    -1180.24725394        0.05504219
    16    211      2    -1218.23389247        0.05504219
    16    212      2    -1150.79604738        0.05504219
    16    213      2    -1167.18246880        0.05504219
    16    214      2    -1124.06291427        0.05504219
    16    215      2    -1102.09895242        0.05504219
    16    216      2    -1011.78446750        0.05504219
    16    217      2    -1074.63390477        0.05504219
    16    218      2     -996.79167469        0.05504219
    16    219      2    -1184.02096127        0.05504219
    17      0      2    -1015.02553264        0.05496724
    17      1      2    -1158.76012924        0.05496724
    17      2      2    -1132.54838314        0.05496724
    17      3      2    -1139.06686586        0.05496724
    17      4      2    -1201.23901324        0.05496724
    17      5      2    -1176.07988841        0.05496724
    17      6      2    -1193.02428946        0.05496724
    17      7      2    -1198.46747237        0.05496724
    17      8      2    -1210.76824182        0.05496724
    17      9      2    -1220.99453802        0.05496724
    17     10      2    -1219.87477282        0.05496724
    17     11      2    -1222.10192191        0.05496724
    17     12      2    -1223.10471666        0.05496724
    17     13      2    -1222.93121193        0.05496724
    17     14      2    -1236.71675064        0.05496724
    17     15      2    -1227.01183713        0.05496724
    17     16      2    -1234.10587492        0.05496724
    17     17      2    -1238.27033041        0.05496724
    17     18      2    -1234.27088871        0.05496724
    17     19      2    -1235.34959677        0.05496724
    17     20      2    -1245.18100991        0.05496724
    17     21      2    -1233.65551898        0.05496724
    17     22      2    -1266.24066527        0.05496724
    17     23      2    -1200.73357623        0.05496724
    17     24      2    -1269.44084012        0.05496724
    17     25      2    -1227.71160922        0.05496724
    17     26      2    -1253.61604819        0.05496724
    17     27      2    -1248.02732036        0.05496724
    17     28      2    -1238.24517422        0.05496724
    17     29      2    -1255.33264166        0.05496724
    17     30      2    -1246.25997408        0.05496724
    17     31      2    -1239.77101592        0.05496724
    17     32      2    -1254.01308763        0.05496724
    17     33      2    -1243.60332747        0.05496724
    17     34      2    -1247.96673449        0.05496724
    17     35      2    -1258.78883992        0.05496724
    17     36      2    -1243.95855539        0.05496724
    17     37      2    -1258.89384549        0.05496724
    17     38      2    -1243.63248585        0.05496724
    17     39      2    -1262.11241551        0.05496724
    17     40      2    -1241.49294962        0.05496724
    17     41      2    -1261.30420150        0.05496724
    17     42      2    -1241.12689024        0.05496724
    17     43      2    -1261.04806828        0.05496724
    17     44      2    -1259.21144606        0.05496724
    17     45      2    -1228.16561953        0.05496724
    17     46      2    -1276.94404854        0.05496724
    17     47      2    -1245.29954440        0.05496724
    17     48      2    -1257.06898396        0.05496724
    17     49      2    -1260.71855035        0.05496724
    17     50      2    -1263.58548766        0.05496724
    17     51      2    -1253.95134709        0.05496724
    17     52      2    -1265.60182303        0.05496724
    17     53      2    -1274.02391281        0.05496724
    17     54      2    -1230.37437426        0.05496724
    17     55      2    -1287.33366501        0.05496724
    17     56      2    -1257.78400479        0.05496724
    17     57      2    -1184.91184634        0.05496724
    17     58      2    -1268.36227310        0.05496724
    17     59      2    -1260.20399532        0.05496724
    17     60      2    -1266.69296060        0.05496724
    17     61      2    -1270.95268973        0.05496724
    17     62      2    -1280.50366082        0.05496724
    17     63      2    -1267.84854681        0.05496724
    17     64      2    -1284.34500494        0.05496724
    17     65      2    -1266.12710246        0.05496724
    17     66      2    -1275.23114733        0.05496724
    17     67      2    -1283.93349931        0.05496724
    17     68      2    -1263.41653090        0.05496724
    17     69      2    -1298.87001494        0.05496724
    17     70      2    -1252.04470728        0.05496724
    17     71      2    -1294.12905866        0.05496724
    17     72      2    -1262.71386420        0.05496724
    17     73      2    -1271.69280287        0.05496724
    17     74      2    -1275.49670101        0.05496724
    17     75      2    -1274.80759183        0.05496724
    17     76      2    -1275.28663794        0.05496724
    17     77      2    -1255.63182191        0.05496724
    17     78      2    -1282.06895360        0.05496724
    17     79      2    -1254.05898052        0.05496724
    17     80      2    -1260.13638216        0.05496724
    17     81      2    -1255.64674206        0.05496724
    17     82      2    -1254.96918269        0.05496724
    17     83      2    -1257.57408043        0.05496724
    17     84      2    -1243.92622344        0.05496724
    17     85      2    -1248.75540377        0.05496724
    17     86      2    -1250.16516660        0.05496724
    17     87      2    -1239.99928373        0.05496724
    17     88      2    -1238.25564728        0.05496724
    17     89      2    -1243.14006231        0.05496724
    17     90      2    -1184.91184634        0.05496724
    17     91      2    -1184.91184634        0.05496724
    17     92      2    -1184.91184634        0.05496724
    17     93      2    -1184.91184634        0.05496724
    17     94      2    -1184.91184634        0.05496724
    17     95      2    -1184.91184634        0.05496724
    17     96      2    -1184.91184634        0.05496724
    17     97      2    -1249.90733477        0.05496724
    17     98      2    -1227.53265470        0.05496724
    17     99      2    -1228.66991699        0.05496724
    17    100      2    -1227.94447787        0.05496724
    17    101      2    -1227.50587107        0.05496724
    17    102      2    -1227.50376301        0.05496724
    17    103      2    -1223.69025373        0.05496724
    17    104      2    -1223.37543309        0.05496724
    17    105      2    -1220.88960828        0.05496724
    17    106      2    -1224.45562602        0.05496724
    17    107      2    -1231.62155481        0.05496724
    17    108      2    -1232.83326834        0.05496724
    17    109      2    -1225.88195843        0.05496724
    17    110      2    -1223.83389641        0.05496724
    17    111      2    -1219.66501313        0.05496724
    17    112      2    -1214.78328123        0.05496724
    17    113      2    -1214.41900006        0.05496724
    17    114      2    -1219.87775507        0.05496724
    17    115      2    -1220.21823811        0.05496724
    17    116      2    -1218.75292740        0.05496724
    17    117      2    -1214.88871796        0.05496724
    17    118      2    -1216.47287433        0.05496724
    17    119      2    -1216.33945923        0.05496724
    17    120      2    -1217.55662836        0.05496724
    17    121      2    -1215.34739317        0.05496724
    17    122      2    -1218.27902943        0.05496724
    17    123      2    -1219.61163970        0.05496724
    17    124      2    -1217.34761531        0.05496724
    17    125      2    -1218.29504518        0.05496724
    17    126      2    -1210.91479190        0.05496724
    17    127      2    -1355.81827682        0.05496724
    17    128      2    -1184.91184634        0.05496724
    17    129      2    -1184.91184634        0.05496724
    17    130      2    -1184.91184634        0.05496724
    17    131      2    -1184.91184634        0.05496724
    17    132      2    -1184.91184634        0.05496724
    17    133      2    -1184.91184634        0.05496724
    17    134      2    -1239.92064411        0.05496724
    17    135      2    -1237.22251809        0.05496724
    17    136      2    -1232.76879922        0.05496724
    17    137      2    -1230.94538662        0.05496724
    17    138      2    -1235.01690653        0.05496724
    17    139      2    -1234.88052930        0.05496724
    17    140      2    -1236.09103281        0.05496724
    17    141      2    -1233.14095409        0.05496724
    17    142      2    -1235.55094015        0.05496724
    17    143      2    -1231.96130937        0.05496724
    17    144      2    -1233.56095314        0.05496724
    17    145      2    -1230.40917515        0.05496724
    17    146      2    -1233.69411038        0.05496724
    17    147      2    -1234.86271415        0.05496724
    17    148      2    -1237.56066243        0.05496724
    17    149      2    -1240.63332327        0.05496724
    17    150      2    -1244.95317756        0.05496724
    17    151      2    -1247.97683867        0.05496724
    17    152      2    -1244.43641471        0.05496724
    17    153      2    -1249.82023884        0.05496724
    17    154      2    -1250.64426249        0.05496724
    17    155      2    -1250.21096854        0.05496724
    17    156      2    -1253.96660098        0.05496724
    17    157      2    -1253.58281631        0.05496724
    17    158      2    -1252.73811125        0.05496724
    17    159      2    -1252.28320633        0.05496724
    17    160      2    -1257.37302302        0.05496724
    17    161      2    -1252.15474477        0.05496724
    17    162      2    -1260.76839517        0.05496724
    17    163      2    -1252.58882131        0.05496724
    17    164      2    -1262.27577795        0.05496724
    17    165      2    -1258.18854060        0.05496724
    17    166      2    -1260.01540815        0.05496724
    17    167      2    -1256.69728452        0.05496724
    17    168      2    -1259.35786480        0.05496724
    17    169      2    -1259.51925055        0.05496724
    17    170      2    -1253.85991055        0.05496724
    17    171      2    -1268.39090923        0.05496724
    17    172      2    -1256.77032315        0.05496724
    17    173      2    -1262.04158500        0.05496724
    17    174      2    -1264.08607364        0.05496724
    17    175      2    -1267.48867371        0.05496724
    17    176      2    -1256.29869890        0.05496724
    17    177      2    -1265.02284590        0.05496724
    17    178      2    -1259.79166626        0.05496724
    17    179      2    -1262.92723849        0.05496724
    17    180      2    -1258.64068485        0.05496724
    17    181      2    -1266.62594678        0.05496724
    17    182      2    -1257.73285296        0.05496724
    17    183      2    -1267.06300382        0.05496724
    17    184      2    -1254.09981658        0.05496724
    17    185      2    -1281.26782103        0.05496724
    17    186      2    -1245.01677945        0.05496724
    17    187      2    -1260.84818692        0.05496724
    17    188      2    -1253.00832228        0.05496724
    17    189      2    -1256.10886314        0.05496724
    17    190      2    -1253.82259237        0.05496724
    17    191      2    -1249.70876603        0.05496724
    17    192      2    -1257.41366971        0.05496724
    17    193      2    -1249.28602165        0.05496724
    17    194      2    -1249.76064025        0.05496724
    17    195      2    -1252.34690575        0.05496724
    17    196      2    -1250.27871627        0.05496724
    17    197      2    -1247.98193511        0.05496724
    17    198      2    -1243.47032454        0.05496724
    17    199      2    -1255.97200322        0.05496724
    17    200      2    -1234.34018943        0.05496724
    17    201      2    -1254.53443965        0.05496724
    17    202      2    -1237.19462935        0.05496724
    17    203      2    -1261.96328349        0.05496724
    17    204      2    -1234.25639177        0.05496724
    17    205      2    -1251.50197488        0.05496724
    17    206      2    -1240.37380179        0.05496724
    17    207      2    -1248.53042009        0.05496724
    17    208      2    -1230.54634416        0.05496724
    17    209      2    -1246.92261107        0.05496724
    17    210      2    -1245.40973511        0.05496724
    17    211      2    -1219.47458379        0.05496724
    17    212      2    -1249.92570543        0.05496724
    17    213      2    -1233.81270708        0.05496724
    17    214      2    -1213.95042705        0.05496724
    17    215      2    -1222.90916843        0.05496724
    17    216      2    -1196.33193679        0.05496724
    17    217      2    -1205.97339481        0.05496724
    17    218      2    -1168.38936055        0.05496724
    17    219      2    -1176.22862588        0.05496724
    17    220      2    -1131.53549441        0.05496724
    17    221      2    -1097.05977143        0.05496724
    17    222      2    -1094.09710460        0.05496724
    17    223      2     -998.12075445        0.05496724
    18      0      2    -1066.51966224        0.05502827
    18      1      2    -1078.74035947        0.05502827
    18      2      2    -1084.77129619        0.05502827
    18      3      2    -1148.57382655        0.05502827
    18      4      2    -1132.24427524        0.05502827
    18      5      2    -1158.74144680        0.05502827
    18      6      2    -1153.99929184        0.05502827
    18      7      2    -1175.62187708        0.05502827
    18      8      2    -1171.03366800        0.05502827
    18      9      2    -1181.58585269        0.05502827
    18     10      2    -1183.61869975        0.05502827
    18     11      2    -1191.74365424        0.05502827
    18     12      2    -1179.95980814        0.05502827
    18     13      2    -1202.37843262        0.05502827
    18     14      2    -1179.04802208        0.05502827
    18     15      2    -1193.98577164        0.05502827
    18     16      2    -1196.23462616        0.05502827
    18     17      2    -1180.16151810        0.05502827
    18     18      2    -1209.88234711        0.05502827
    18     19      2    -1195.71694204        0.05502827
    18     20      2    -1186.99102704        0.05502827
    18     21      2    -1220.46797394        0.05502827
    18     22      2    -1184.78554541        0.05502827
    18     23      2    -1208.17231326        0.05502827
    18     24      2    -1219.60334512        0.05502827
    18     25      2    -1193.26458737        0.05502827
    18     26      2    -1218.64708536        0.05502827
    18     27      2    -1200.48576462        0.05502827
    18     28      2    -1198.71921371        0.05502827
    18     29      2    -1215.45550571        0.05502827
    18     30      2    -1195.95747214        0.05502827
    18     31      2    -1229.13599684        0.05502827
    18     32      2    -1197.25114600        0.05502827
    18     33      2    -1224.72750312        0.05502827
    18     34      2    -1215.39339119        0.05502827
    18     35      2    -1198.04003194        0.05502827
    18     36      2    -1217.34603891        0.05502827
    18     37      2    -1224.07862891        0.05502827
    18     38      2    -1176.01324323        0.05502827
    18     39      2    -1251.19894499        0.05502827
    18     40      2    -1199.26963414        0.05502827
    18     41      2    -1208.41426246        0.05502827
    18     42      2    -1222.95444266        0.05502827
    18     43      2    -1211.77165660        0.05502827
    18     44      2    -1209.58518599        0.05502827
    18     45      2    -1225.25613230        0.05502827
    18     46      2    -1227.94434327        0.05502827
    18     47      2    -1204.23950542        0.05502827
    18     48      2    -1243.52773297        0.05502827
    18     49      2    -1213.84075938        0.05502827
    18     50      2    -1221.31230543        0.05502827
    18     51      2    -1231.19285284        0.05502827
    18     52      2    -1222.84262565        0.05502827
    18     53      2    -1220.23779809        0.05502827
    18     54      2    -1230.36365694        0.05502827
    18     55      2    -1215.93848747        0.05502827
    18     56      2    -1228.50461620        0.05502827
    18     57      2    -1228.29652093        0.05502827
    18     58      2    -1233.31057955        0.05502827
    18     59      2    -1196.50596808        0.05502827
    18     60      2    -1227.15384170        0.05502827
    18     61      2    -1234.78015558        0.05502827
    18     62      2    -1239.36125458        0.05502827
    18     63      2    -1222.95270927        0.05502827
    18     64      2    -1259.33022096        0.05502827
    18     65      2    -1228.04329892        0.05502827
    18     66      2    -1244.45248372        0.05502827
    18     67      2    -1243.99557608        0.05502827
    18     68      2    -1343.34873332        0.05502827
    18     69      2    -1247.06793470        0.05502827
    18     70      2    -1237.14692563        0.05502827
    18     71      2    -1249.89199192        0.05502827
    18     72      2    -1242.49963551        0.05502827
    18     73      2    -1232.31323671        0.05502827
    18     74      2    -1249.64144687        0.05502827
    18     75      2    -1240.95362149        0.05502827
    18     76      2    -1235.24328403        0.05502827
    18     77      2    -1231.72048938        0.05502827
    18     78      2    -1232.50944019        0.05502827
    18     79      2    -1224.00370142        0.05502827
    18     80      2    -1216.38625303        0.05502827
    18     81      2    -1213.67411504        0.05502827
    18     82      2    -1219.57683904        0.05502827
    18     83      2    -1216.51447285        0.05502827
    18     84      2    -1207.06674747        0.05502827
    18     85      2    -1205.53328583        0.05502827
    18     86      2    -1206.85792344        0.05502827
    18     87      2    -1202.38032482        0.05502827
    18     88      2    -1198.76347511        0.05502827
    18     89      2    -1213.16457243        0.05502827
    18     90      2    -1184.18090574        0.05502827
    18     91      2    -1184.18090574        0.05502827
    18     92      2    -1184.18090574        0.05502827
    18     93      2    -1184.18090574        0.05502827
    18     94      2    -1184.18090574        0.05502827
    18     95      2    -1184.18090574        0.05502827
    18     96      2    -1184.18090574        0.05502827
    18     97      2    -1185.05851146        0.05502827
    18     98      2    -1183.57854766        0.05502827
    18     99      2    -1197.28293101        0.05502827
    18    100      2    -1180.47166456        0.05502827
    18    101      2    -1193.88617080        0.05502827
    18    102      2    -1185.30129251        0.05502827
    18    103      2    -1190.24628311        0.05502827
    18    104      2    -1176.74201911        0.05502827
    18    105      2    -1184.35401751        0.05502827
    18    106      2    -1179.63378222        0.05502827
    18    107      2    -1185.91026836        0.05502827
    18    108      2    -1178.48193524        0.05502827
    18    109      2    -1183.75346683        0.05502827
    18    110      2    -1169.08415216        0.05502827
    18    111      2    -1185.68746938        0.05502827
    18    112      2    -1175.93731384        0.05502827
    18    113      2    -1181.32611667        0.05502827
    18    114      2    -1176.94938846        0.05502827
    18    115      2    -1184.45584643        0.05502827
    18    116      2    -1168.80022014        0.05502827
    18    117      2    -1190.46405944        0.05502827
    18    118      2    -1170.85687407        0.05502827
    18    119      2    -1188.30670092        0.05502827
    18    120      2    -1168.57675677        0.05502827
    18    121      2    -1184.58223013        0.05502827
    18    122      2    -1167.81829337        0.05502827
    18    123      2    -1185.89546998        0.05502827
    18    124      2    -1166.15478329        0.05502827
    18    125      2    -1183.28365193        0.05502827
    18    126      2    -1166.64145935        0.05502827
    18    127      2    -1178.91639603        0.05502827
    18    128      2    -1167.77789892        0.05502827
    18    129      2    -1190.81546982        0.05502827
    18    130      2    -1172.72702587        0.05502827
    18    131      2    -1190.04318435        0.05502827
    18    132      2    -1171.14564265        0.05502827
    18    133      2    -1193.85259261        0.05502827
    18    134      2    -1184.19489645        0.05502827
    18    135      2    -1184.18090574        0.05502827
    18    136      2    -1184.18090574        0.05502827
    18    137      2    -1184.18090574        0.05502827
    18    138      2    -1184.18090574        0.05502827
    18    139      2    -1184.18090574        0.05502827
    18    140      2    -1184.18090574        0.05502827
    18    141      2    -1184.18090574        0.05502827
    18    142      2    -1187.42966112        0.05502827
    18    143      2    -1202.46561870        0.05502827
    18    144      2    -1179.05825936        0.05502827
    18    145      2    -1202.73753387        0.05502827
    18    146      2    -1180.44938479        0.05502827
    18    147      2    -1202.94381288        0.05502827
    18    148      2    -1180.25894011        0.05502827
    18    149      2    -1204.07010978        0.05502827
    18    150      2    -1182.43491663        0.05502827
    18    151      2    -1206.23899333        0.05502827
    18    152      2    -1180.76083508        0.05502827
    18    153      2    -1207.66750452        0.05502827
    18    154      2    -1180.36191020        0.05502827
    18    155      2    -1212.34251749        0.05502827
    18    156      2    -1179.74690948        0.05502827
    18    157      2    -1214.16057490        0.05502827
    18    158      2    -1186.82940156        0.05502827
    18    159      2    -1215.94563897        0.05502827
    18    160      2    -1190.76688702        0.05502827
    18    161      2    -1211.97133233        0.05502827
    18    162      2    -1188.12502827        0.05502827
    18    163      2    -1215.89864667        0.05502827
    18    164      2    -1188.30604003        0.05502827
    18    165      2    -1217.41288079        0.05502827
    18    166      2    -1187.21254853        0.05502827
    18    167      2    -1222.98015509        0.05502827
    18    168      2    -1187.67653309        0.05502827
    18    169      2    -1224.94143489        0.05502827
    18    170      2    -1192.76183227        0.05502827
    18    171      2    -1222.54187834        0.05502827
    18    172      2    -1195.36281153        0.05502827
    18    173      2    -1220.29521223        0.05502827
    18    174      2    -1196.77071462        0.05502827
    18    175      2    -1217.83970706        0.05502827
    18    176      2    -1194.41790004        0.05502827
    18    177      2    -1216.65765064        0.05502827
    18    178      2    -1195.36572924        0.05502827
    18    179      2    -1215.09213714        0.05502827
    18    180      2    -1195.86636080        0.05502827
    18    181      2    -1212.48539993        0.05502827
    18    182      2    -1193.05141303        0.05502827
    18    183      2    -1222.11153167        0.05502827
    18    184      2    -1188.30120770        0.05502827
    18    185      2    -1220.15487566        0.05502827
    18    186      2    -1190.98237288        0.05502827
    18    187      2    -1219.81690046        0.05502827
    18    188      2    -1189.89322847        0.05502827
    18    189      2    -1219.42044121        0.05502827
    18    190      2    -1182.60376624        0.05502827
    18    191      2    -1219.45917703        0.05502827
    18    192      2    -1186.11113035        0.05502827
    18    193      2    -1205.45506704        0.05502827
    18    194      2    -1195.43104641        0.05502827
    18    195      2    -1200.39013745        0.05502827
    18    196      2    -1196.72524815        0.05502827
    18    197      2    -1191.23607006        0.05502827
    18    198      2    -1188.18729020        0.05502827
    18    199      2    -1203.70166628        0.05502827
    18    200      2    -1185.00708097        0.05502827
    18    201      2    -1187.17399028        0.05502827
    18    202      2    -1186.78097675        0.05502827
    18    203      2    -1197.09451168        0.05502827
    18    204      2    -1166.61146844        0.05502827
    18    205      2    -1208.42362806        0.05502827
    18    206      2    -1175.29675116        0.05502827
    18    207      2    -1196.27372618        0.05502827
    18    208      2    -1183.81262384        0.05502827
    18    209      2    -1192.80494406        0.05502827
    18    210      2    -1178.49109632        0.05502827
    18    211      2    -1188.01628766        0.05502827
    18    212      2    -1176.93166325        0.05502827
    18    213      2    -1202.51409088        0.05502827
    18    214      2    -1160.08240043        0.05502827
    18    215      2    -1205.81467397        0.05502827
    18    216      2    -1178.55527824        0.05502827
    18    217      2    -1181.73476289        0.05502827
    18    218      2    -1189.00135325        0.05502827
    18    219      2    -1172.26236441        0.05502827
    18    220      2    -1192.27746530        0.05502827
    18    221      2    -1172.69844163        0.05502827
    18    222      2    -1171.94958575        0.05502827
    18    223      2    -1183.02582188        0.05502827
    18    224      2    -1154.69558667        0.05502827
    18    225      2    -1157.47739596        0.05502827
    18    226      2    -1143.71135442        0.05502827
    18    227      2    -1127.28046793        0.05502827
    18    228      2    -1105.68687526        0.05502827
    18    229      2    -1090.22616528        0.05502827
    18    230      2    -1024.75730632        0.05502827
    18    231      2    -1004.40100688        0.05502827
    19      0      2    -1131.99801676        0.05502369
    19      1      2    -1085.11130361        0.05502369
    19      2      2    -1159.67002743        0.05502369
    19      3      2    -1166.63742650        0.05502369
    19      4      2    -1164.32377273        0.05502369
    19      5      2    -1180.24351158        0.05502369
    19      6      2    -1162.93844105        0.05502369
    19      7      2    -1184.03310357        0.05502369
    19      8      2    -1190.30894027        0.05502369
    19      9      2    -1193.26514697        0.05502369
    19     10      2    -1174.25081527        0.05502369
    19     11      2    -1203.70539197        0.05502369
    19     12      2    -1186.57845294        0.05502369
    19     13      2    -1195.09218833        0.05502369
    19     14      2    -1195.91045750        0.05502369
    19     15      2    -1188.65763780        0.05502369
    19     16      2    -1205.24781380        0.05502369
    19     17      2    -1191.85467021        0.05502369
    19     18      2    -1212.26737795        0.05502369
    19     19      2    -1183.85314817        0.05502369
    19     20      2    -1209.97807595        0.05502369
    19     21      2    -1185.82583783        0.05502369
    19     22      2    -1224.95339225        0.05502369
    19     23      2    -1186.04851285        0.05502369
    19     24      2    -1208.56461530        0.05502369
    19     25      2    -1205.04355323        0.05502369
    19     26      2    -1227.85779101        0.05502369
    19     27      2    -1197.84314285        0.05502369
    19     28      2    -1212.50258273        0.05502369
    19     29      2    -1207.29984449        0.05502369
    19     30      2    -1231.22451633        0.05502369
    19     31      2    -1198.74441673        0.05502369
    19     32      2    -1233.11631304        0.05502369
    19     33      2    -1203.79463338        0.05502369
    19     34      2    -1224.64205084        0.05502369
    19     35      2    -1211.95608403        0.05502369
    19     36      2    -1207.46657248        0.05502369
    19     37      2    -1239.09529537        0.05502369
    19     38      2    -1202.09559538        0.05502369
    19     39      2    -1220.86198999        0.05502369
    19     40      2    -1225.85508875        0.05502369
    19     41      2    -1215.94329946        0.05502369
    19     42      2    -1229.30447221        0.05502369
    19     43      2    -1212.41455208        0.05502369
    19     44      2    -1230.97700809        0.05502369
    19     45      2    -1209.06458787        0.05502369
    19     46      2    -1235.27295345        0.05502369
    19     47      2    -1211.10410219        0.05502369
    19     48      2    -1223.40602325        0.05502369
    19     49      2    -1226.81658700        0.05502369
    19     50      2    -1223.48002421        0.05502369
    19     51      2    -1226.44220176        0.05502369
    19     52      2    -1217.23753020        0.05502369
    19     53      2    -1235.20108425        0.05502369
    19     54      2    -1209.23822100        0.05502369
    19     55      2    -1235.60152867        0.05502369
    19     56      2    -1223.70000133        0.05502369
    19     57      2    -1230.69145466        0.05502369
    19     58      2    -1187.15348327        0.05502369
    19     59      2    -1233.51708177        0.05502369
    19     60      2    -1241.53802670        0.05502369
    19     61      2    -1231.96592421        0.05502369
    19     62      2    -1242.14479164        0.05502369
    19     63      2    -1241.14998402        0.05502369
    19     64      2    -1239.68411815        0.05502369
    19     65      2    -1239.86279003        0.05502369
    19     66      2    -1241.91959645        0.05502369
    19     67      2    -1244.17585729        0.05502369
    19     68      2    -1242.94172214        0.05502369
    19     69      2    -1340.80246430        0.05502369
    19     70      2    -1248.97090630        0.05502369
    19     71      2    -1244.62278447        0.05502369
    19     72      2    -1349.81537128        0.05502369
    19     73      2    -1261.14351044        0.05502369
    19     74      2    -1251.99268282        0.05502369
    19     75      2    -1238.75510291        0.05502369
    19     76      2    -1252.44799350        0.05502369
    19     77      2    -1227.54818160        0.05502369
    19     78      2    -1245.33837123        0.05502369
    19     79      2    -1231.79055322        0.05502369
    19     80      2    -1229.15577403        0.05502369
    19     81      2    -1219.82188375        0.05502369
    19     82      2    -1232.25376166        0.05502369
    19     83      2    -1213.11331169        0.05502369
    19     84      2    -1230.87291002        0.05502369
    19     85      2    -1195.63411571        0.05502369
    19     86      2    -1220.83411545        0.05502369
    19     87      2    -1208.45448538        0.05502369
    19     88      2    -1183.30058604        0.05502369
    19     89      2    -1183.30058604        0.05502369
    19     90      2    -1183.30058604        0.05502369
    19     91      2    -1183.30058604        0.05502369
    19     92      2    -1183.30058604        0.05502369
    19     93      2    -1183.30058604        0.05502369
    19     94      2    -1183.30058604        0.05502369
    19     95      2    -1183.30058604        0.05502369
    19     96      2    -1207.03035431        0.05502369
    19     97      2    -1198.49721784        0.05502369
    19     98      2    -1193.18669892        0.05502369
    19     99      2    -1196.53528489        0.05502369
    19    100      2    -1192.81088619        0.05502369
    19    101      2    -1191.96330350        0.05502369
    19    102      2    -1193.48486519        0.05502369
    19    103      2    -1193.20635000        0.05502369
    19    104      2    -1189.07972817        0.05502369
    19    105      2    -1191.76905285        0.05502369
    19    106      2    -1185.88693332        0.05502369
    19    107      2    -1192.49175181        0.05502369
    19    108      2    -1183.29445129        0.05502369
    19    109      2    -1192.46989900        0.05502369
    19    110      2    -1189.24215527        0.05502369
    19    111      2    -1197.03228269        0.05502369
    19    112      2    -1184.34984373        0.05502369
    19    113      2    -1192.51579522        0.05502369
    19    114      2    -1199.18783509        0.05502369
    19    115      2    -1196.32893276        0.05502369
    19    116      2    -1187.76076299        0.05502369
    19    117      2    -1192.39233642        0.05502369
    19    118      2    -1193.17192067        0.05502369
    19    119      2    -1187.56339806        0.05502369
    19    120      2    -1183.95973462        0.05502369
    19    121      2    -1189.37938312        0.05502369
    19    122      2    -1191.81699519        0.05502369
    19    123      2    -1187.23701523        0.05502369
    19    124      2    -1185.62375777        0.05502369
    19    125      2    -1187.66359872        0.05502369
    19    126      2    -1184.31168809        0.05502369
    19    127      2    -1185.94378602        0.05502369
    19    128      2    -1181.87476837        0.05502369
    19    129      2    -1186.83915639        0.05502369
    19    130      2    -1181.91610895        0.05502369
    19    131      2    -1188.31108535        0.05502369
    19    132      2    -1184.07623085        0.05502369
    19    133      2    -1191.98488999        0.05502369
    19    134      2    -1184.17154277        0.05502369
    19    135      2    -1192.07923670        0.05502369
    19    136      2    -1185.46257622        0.05502369
    19    137      2    -1194.39984879        0.05502369
    19    138      2    -1189.11265300        0.05502369
    19    139      2    -1193.87159875        0.05502369
    19    140      2    -1189.92597241        0.05502369
    19    141      2    -1203.42318951        0.05502369
    19    142      2    -1183.30058604        0.05502369
    19    143      2    -1183.30058604        0.05502369
    19    144      2    -1183.30058604        0.05502369
    19    145      2    -1183.30058604        0.05502369
    19    146      2    -1183.30058604        0.05502369
    19    147      2    -1183.30058604        0.05502369
    19    148      2    -1183.30058604        0.05502369
    19    149      2    -1210.07934251        0.05502369
    19    150      2    -1196.58860362        0.05502369
    19    151      2    -1202.07052271        0.05502369
    19    152      2    -1198.43236676        0.05502369
    19    153      2    -1204.26682982        0.05502369
    19    154      2    -1198.95345603        0.05502369
    19    155      2    -1207.32715650        0.05502369
    19    156      2    -1204.88441051        0.05502369
    19    157      2    -1214.36844991        0.05502369
    19    158      2    -1205.38638309        0.05502369
    19    159      2    -1217.02828913        0.05502369
    19    160      2    -1206.14612535        0.05502369
    19    161      2    -1219.16394708        0.05502369
    19    162      2    -1209.02500425        0.05502369
    19    163      2    -1220.43519565        0.05502369
    19    164      2    -1208.43554824        0.05502369
    19    165      2    -1223.87133416        0.05502369
    19    166      2    -1211.85314910        0.05502369
    19    167      2    -1221.68335968        0.05502369
    19    168      2    -1213.19028421        0.05502369
    19    169      2    -1224.06255630        0.05502369
    19    170      2    -1214.73059637        0.05502369
    19    171      2    -1226.69524975        0.05502369
    19    172      2    -1218.49361708        0.05502369
    19    173      2    -1228.17207324        0.05502369
    19    174      2    -1215.98534081        0.05502369
    19    175      2    -1229.19157952        0.05502369
    19    176      2    -1216.06768504        0.05502369
    19    177      2    -1230.37007564        0.05502369
    19    178      2    -1219.18973446        0.05502369
    19    179      2    -1227.70560137        0.05502369
    19    180      2    -1222.18206818        0.05502369
    19    181      2    -1231.19155639        0.05502369
    19    182      2    -1223.70458497        0.05502369
    19    183      2    -1226.61619682        0.05502369
    19    184      2    -1227.68166862        0.05502369
    19    185      2    -1222.61942021        0.05502369
    19    186      2    -1226.27454881        0.05502369
    19    187      2    -1227.33896228        0.05502369
    19    188      2    -1224.66828511        0.05502369
    19    189      2    -1226.52659311        0.05502369
    19    190      2    -1231.19608698        0.05502369
    19    191      2    -1215.64732560        0.05502369
    19    192      2    -1237.36010943        0.05502369
    19    193      2    -1214.99977599        0.05502369
    19    194      2    -1230.18296354        0.05502369
    19    195      2    -1217.18231890        0.05502369
    19    196      2    -1227.49143151        0.05502369
    19    197      2    -1217.78323254        0.05502369
    19    198      2    -1213.85098464        0.05502369
    19    199      2    -1222.31873122        0.05502369
    19    200      2    -1211.11106006        0.05502369
    19    201      2    -1217.64110444        0.05502369
    19    202      2    -1208.36832603        0.05502369
    19    203      2    -1208.60830047        0.05502369
    19    204      2    -1213.02479810        0.05502369
    19    205      2    -1203.07832022        0.05502369
    19    206      2    -1206.70811168        0.05502369
    19    207      2    -1197.09767635        0.05502369
    19    208      2    -1210.23772846        0.05502369
    19    209      2    -1181.54098564        0.05502369
    19    210      2    -1202.14598867        0.05502369
    19    211      2    -1187.63041402        0.05502369
    19    212      2    -1197.57214218        0.05502369
    19    213      2    -1191.46550683        0.05502369
    19    214      2    -1205.73144349        0.05502369
    19    215      2    -1187.88697027        0.05502369
    19    216      2    -1202.51800098        0.05502369
    19    217      2    -1180.35356243        0.05502369
    19    218      2    -1203.46576631        0.05502369
    19    219      2    -1184.39288641        0.05502369
    19    220      2    -1191.51635349        0.05502369
    19    221      2    -1180.19015716        0.05502369
    19    222      2    -1190.26964961        0.05502369
    19    223      2    -1185.89614993        0.05502369
    19    224      2    -1187.98384982        0.05502369
    19    225      2    -1192.05452504        0.05502369
    19    226      2    -1189.91466489        0.05502369
    19    227      2    -1178.52459267        0.05502369
    19    228      2    -1204.41418548        0.05502369
    19    229      2    -1178.96965481        0.05502369
    19    230      2    -1179.23654997        0.05502369
    19    231      2    -1176.87749997        0.05502369
    19    232      2    -1187.88611639        0.05502369
    19    233      2    -1150.77070766        0.05502369
    19    234      2    -1157.54320968        0.05502369
    19    235      2    -1148.22043400        0.05502369
    19    236      2    -1110.76841327        0.05502369
    19    237      2    -1083.92338911        0.05502369
    20      0      2    -1223.85123195        0.05502073
    20      1      2    -1236.40030116        0.05502073
    20      2      2    -1244.78068028        0.05502073
    20      3      2    -1258.50105083        0.05502073
    20      4      2    -1244.14165871        0.05502073
    20      5      2    -1260.84683399        0.05502073
    20      6      2    -1270.97468364        0.05502073
    20      7      2    -1239.31487083        0.05502073
    20      8      2    -1289.99973092        0.05502073
    20      9      2    -1251.08861850        0.05502073
    20     10      2    -1264.48827259        0.05502073
    20     11      2    -1269.27526376        0.05502073
    20     12      2    -1281.07444040        0.05502073
    20     13      2    -1267.40594368        0.05502073
    20     14      2    -1281.20796117        0.05502073
    20     15      2    -1270.99411250        0.05502073
    20     16      2    -1273.81895019        0.05502073
    20     17      2    -1288.68087545        0.05502073
    20     18      2    -1278.85574134        0.05502073
    20     19      2    -1266.97384542        0.05502073
    20     20      2    -1297.41209734        0.05502073
    20     21      2    -1265.51101316        0.05502073
    20     22      2    -1294.77445435        0.05502073
    20     23      2    -1266.74524692        0.05502073
    20     24      2    -1299.12296805        0.05502073
    20     25      2    -1274.28256012        0.05502073
    20     26      2    -1284.57329044        0.05502073
    20     27      2    -1284.07500136        0.05502073
    20     28      2    -1294.31563449        0.05502073
    20     29      2    -1284.48177636        0.05502073
    20     30      2    -1297.90122174        0.05502073
    20     31      2    -1285.54457324        0.05502073
    20     32      2    -1298.52859993        0.05502073
    20     33      2    -1286.99453613        0.05502073
    20     34      2    -1304.03235990        0.05502073
    20     35      2    -1282.62105237        0.05502073
    20     36      2    -1305.30221832        0.05502073
    20     37      2    -1282.35756787        0.05502073
    20     38      2    -1308.12438888        0.05502073
    20     39      2    -1279.42620680        0.05502073
    20     40      2    -1302.69262897        0.05502073
    20     41      2    -1292.19895667        0.05502073
    20     42      2    -1295.68509818        0.05502073
    20     43      2    -1286.92861431        0.05502073
    20     44      2    -1297.00719471        0.05502073
    20     45      2    -1285.55346382        0.05502073
    20     46      2    -1301.19761837        0.05502073
    20     47      2    -1292.41580270        0.05502073
    20     48      2    -1305.82254391        0.05502073
    20     49      2    -1279.78765466        0.05502073
    20     50      2    -1309.59377830        0.05502073
    20     51      2    -1298.31868468        0.05502073
    20     52      2    -1306.27104126        0.05502073
    20     53      2    -1296.00902822        0.05502073
    20     54      2    -1314.07938277        0.05502073
    20     55      2    -1290.23456277        0.05502073
    20     56      2    -1319.44998398        0.05502073
    20     57      2    -1314.90631686        0.05502073
    20     58      2    -1308.90425695        0.05502073
    20     59      2    -1308.97280109        0.05502073
    20     60      2    -1313.18838675        0.05502073
    20     61      2    -1315.00775132        0.05502073
    20     62      2    -1319.52959339        0.05502073
    20     63      2    -1316.36864961        0.05502073
    20     64      2    -1306.64960126        0.05502073
    20     65      2    -1308.78209384        0.05502073
    20     66      2    -1338.09072772        0.05502073
    20     67      2    -1283.75012812        0.05502073
    20     68      2    -1338.75841293        0.05502073
    20     69      2    -1309.16670463        0.05502073
    20     70      2    -1431.34812343        0.05502073
    20     71      2    -1315.29268202        0.05502073
    20     72      2    -1328.71012967        0.05502073
    20     73      2    -1320.95056876        0.05502073
    20     74      2    -1340.67557737        0.05502073
    20     75      2    -1296.61389733        0.05502073
    20     76      2    -1406.91799632        0.05502073
    20     77      2    -1295.02465700        0.05502073
    20     78      2    -1303.98742997        0.05502073
    20     79      2    -1347.97916584        0.05502073
    20     80      2    -1287.37391402        0.05502073
    20     81      2    -1295.81403159        0.05502073
    20     82      2    -1315.18358009        0.05502073
    20     83      2    -1284.65364183        0.05502073
    20     84      2    -1305.45761925        0.05502073
    20     85      2    -1275.47114523        0.05502073
    20     86      2    -1298.12393801        0.05502073
    20     87      2    -1241.80976693        0.05502073
    20     88      2    -1241.80976693        0.05502073
    20     89      2    -1241.80976693        0.05502073
    20     90      2    -1241.80976693        0.05502073
    20     91      2    -1241.80976693        0.05502073
    20     92      2    -1241.80976693        0.05502073
    20     93      2    -1241.80976693        0.05502073
    20     94      2    -1241.80976693        0.05502073
    20     95      2    -1241.80976693        0.05502073
    20     96      2    -1285.00898988        0.05502073
    20     97      2    -1251.82956800        0.05502073
    20     98      2    -1283.49647860        0.05502073
    20     99      2    -1256.53665985        0.05502073
    20    100      2    -1275.86321001        0.05502073
    20    101      2    -1257.48396751        0.05502073
    20    102      2    -1273.48556961        0.05502073
    20    103      2    -1253.82351168        0.05502073
    20    104      2    -1273.24536246        0.05502073
    20    105      2    -1247.95929854        0.05502073
    20    106      2    -1271.07042264        0.05502073
    20    107      2    -1248.61652163        0.05502073
    20    108      2    -1270.10505165        0.05502073
    20    109      2    -1241.02401527        0.05502073
    20    110      2    -1271.56224787        0.05502073
    20    111      2    -1242.03997038        0.05502073
    20    112      2    -1267.62462048        0.05502073
    20    113      2    -1243.78084386        0.05502073
    20    114      2    -1267.71369222        0.05502073
    20    115      2    -1242.76610687        0.05502073
    20    116      2    -1266.36769627        0.05502073
    20    117      2    -1259.14215129        0.05502073
    20    118      2    -1284.92159141        0.05502073
    20    119      2    -1251.36124716        0.05502073
    20    120      2    -1269.61894598        0.05502073
    20    121      2    -1249.86339999        0.05502073
    20    122      2    -1276.78127991        0.05502073
    20    123      2    -1267.65822433        0.05502073
    20    124      2    -1274.49735454        0.05502073
    20    125      2    -1267.22843536        0.05502073
    20    126      2    -1274.23991421        0.05502073
    20    127      2    -1266.04053564        0.05502073
    20    128      2    -1274.15205218        0.05502073
    20    129      2    -1269.51282337        0.05502073
    20    130      2    -1275.76369473        0.05502073
    20    131      2    -1269.76897938        0.05502073
    20    132      2    -1277.77903916        0.05502073
    20    133      2    -1269.42322667        0.05502073
    20    134      2    -1275.21086290        0.05502073
    20    135      2    -1269.92103780        0.05502073
    20    136      2    -1276.62437216        0.05502073
    20    137      2    -1279.35351498        0.05502073
    20    138      2    -1283.40775146        0.05502073
    20    139      2    -1283.41784928        0.05502073
    20    140      2    -1284.94620393        0.05502073
    20    141      2    -1284.06489494        0.05502073
    20    142      2    -1285.54789771        0.05502073
    20    143      2    -1284.46987131        0.05502073
    20    144      2    -1285.23879007        0.05502073
    20    145      2    -1284.91145280        0.05502073
    20    146      2    -1286.83098797        0.05502073
    20    147      2    -1283.95565616        0.05502073
    20    148      2    -1312.92747078        0.05502073
    20    149      2    -1241.80976693        0.05502073
    20    150      2    -1241.80976693        0.05502073
    20    151      2    -1241.80976693        0.05502073
    20    152      2    -1241.80976693        0.05502073
    20    153      2    -1241.80976693        0.05502073
    20    154      2    -1241.80976693        0.05502073
    20    155      2    -1241.80976693        0.05502073
    20    156      2    -1307.70163951        0.05502073
    20    157      2    -1291.58181659        0.05502073
    20    158      2    -1294.83016225        0.05502073
    20    159      2    -1296.39578020        0.05502073
    20    160      2    -1297.60142011        0.05502073
    20    161      2    -1298.87052536        0.05502073
    20    162      2    -1300.89888542        0.05502073
    20    163      2    -1299.28243540        0.05502073
    20    164      2    -1301.61407466        0.05502073
    20    165      2    -1294.95194255        0.05502073
    20    166      2    -1302.87197011        0.05502073
    20    167      2    -1298.59287548        0.05502073
    20    168      2    -1305.09631711        0.05502073
    20    169      2    -1301.18112867        0.05502073
    20    170      2    -1309.88350199        0.05502073
    20    171      2    -1296.68627232        0.05502073
    20    172      2    -1307.41798969        0.05502073
    20    173      2    -1298.65730281        0.05502073
    20    174      2    -1303.30316972        0.05502073
    20    175      2    -1306.79439813        0.05502073
    20    176      2    -1301.50084212        0.05502073
    20    177      2    -1310.07846322        0.05502073
    20    178      2    -1305.90456535        0.05502073
    20    179      2    -1310.87058033        0.05502073
    20    180      2    -1307.57690093        0.05502073
    20    181      2    -1311.92274047        0.05502073
    20    182      2    -1314.91850112        0.05502073
    20    183      2    -1315.69456937        0.05502073
    20    184      2    -1308.01383417        0.05502073
    20    185      2    -1316.51959871        0.05502073
    20    186      2    -1308.09034676        0.05502073
    20    187      2    -1309.69537432        0.05502073
    20    188      2    -1314.07353659        0.05502073
    20    189      2    -1305.99493956        0.05502073
    20    190      2    -1312.76777210        0.05502073
    20    191      2    -1307.82228980        0.05502073
    20    192      2    -1311.22821819        0.05502073
    20    193      2    -1309.60461187        0.05502073
    20    194      2    -1306.17002146        0.05502073
    20    195      2    -1311.01910635        0.05502073
    20    196      2    -1309.62917638        0.05502073
    20    197      2    -1308.47961889        0.05502073
    20    198      2    -1298.66088218        0.05502073
    20    199      2    -1300.61196914        0.05502073
    20    200      2    -1302.38246692        0.05502073
    20    201      2    -1303.98111098        0.05502073
    20    202      2    -1297.59257751        0.05502073
    20    203      2    -1296.03688622        0.05502073
    20    204      2    -1303.60288150        0.05502073
    20    205      2    -1287.92291710        0.05502073
    20    206      2    -1300.66390989        0.05502073
    20    207      2    -1285.58770761        0.05502073
    20    208      2    -1291.17515007        0.05502073
    20    209      2    -1283.37858166        0.05502073
    20    210      2    -1295.11570941        0.05502073
    20    211      2    -1277.71710047        0.05502073
    20    212      2    -1287.45761183        0.05502073
    20    213      2    -1275.68395804        0.05502073
    20    214      2    -1279.21724564        0.05502073
    20    215      2    -1272.88933204        0.05502073
    20    216      2    -1274.99799608        0.05502073
    20    217      2    -1256.59761183        0.05502073
    20    218      2    -1273.56110213        0.05502073
    20    219      2    -1260.73600564        0.05502073
    20    220      2    -1259.57180780        0.05502073
    20    221      2    -1242.09937088        0.05502073
    20    222      2    -1278.07711450        0.05502073
    20    223      2    -1214.23702553        0.05502073
    20    224      2    -1268.55964538        0.05502073
    20    225      2    -1225.28898076        0.05502073
    20    226      2    -1226.80882423        0.05502073
    20    227      2    -1239.85581666        0.05502073
    20    228      2    -1238.98557559        0.05502073
    20    229      2    -1222.91283008        0.05502073
    20    230      2    -1222.04486613        0.05502073
    20    231      2    -1249.89231176        0.05502073
    20    232      2    -1236.26514637        0.05502073
    20    233      2    -1259.79070406        0.05502073
    20    234      2    -1227.32057422        0.05502073
    20    235      2    -1236.00612946        0.05502073
    20    236      2    -1229.82212987        0.05502073
    20    237      2    -1236.84225529        0.05502073
    20    238      2    -1230.10658696        0.05502073
    20    239      2    -1206.97226616        0.05502073
    20    240      2    -1234.31019982        0.05502073
    20    241      2    -1175.55204130        0.05502073
    20    242      2    -1173.45369109        0.05502073
    20    243      2    -1160.02360042        0.05502073
    21      0      2    -1261.94509208        0.05506216
    21      1      2    -1289.92150356        0.05506216
    21      2      2    -1268.80412207        0.05506216
    21      3      2    -1294.88303188        0.05506216
    21      4      2    -1279.72188648        0.05506216
    21      5      2    -1285.93081740        0.05506216
    21      6      2    -1283.91594783        0.05506216
    21      7      2    -1288.25256467        0.05506216
    21      8      2    -1292.05770306        0.05506216
    21      9      2    -1294.69993671        0.05506216
    21     10      2    -1286.01425812        0.05506216
    21     11      2    -1290.54760979        0.05506216
    21     12      2    -1294.65126389        0.05506216
    21     13      2    -1287.68552338        0.05506216
    21     14      2    -1295.42041802        0.05506216
    21     15      2    -1294.84305429        0.05506216
    21     16      2    -1298.74497581        0.05506216
    21     17      2    -1294.52859182        0.05506216
    21     18      2    -1301.08053533        0.05506216
    21     19      2    -1300.12129961        0.05506216
    21     20      2    -1295.81350888        0.05506216
    21     21      2    -1310.26237988        0.05506216
    21     22      2    -1299.36494091        0.05506216
    21     23      2    -1307.83970596        0.05506216
    21     24      2    -1302.72749566        0.05506216
    21     25      2    -1299.54155361        0.05506216
    21     26      2    -1316.50802018        0.05506216
    21     27      2    -1292.24531708        0.05506216
    21     28      2    -1314.12845934        0.05506216
    21     29      2    -1303.56896320        0.05506216
    21     30      2    -1311.79056654        0.05506216
    21     31      2    -1304.76464581        0.05506216
    21     32      2    -1298.15819902        0.05506216
    21     33      2    -1308.44153402        0.05506216
    21     34      2    -1306.90455388        0.05506216
    21     35      2    -1303.47205845        0.05506216
    21     36      2    -1314.54493839        0.05506216
    21     37      2    -1299.92942549        0.05506216
    21     38      2    -1307.34382743        0.05506216
    21     39      2    -1294.05431509        0.05506216
    21     40      2    -1303.92762397        0.05506216
    21     41      2    -1307.25244946        0.05506216
    21     42      2    -1306.80497916        0.05506216
    21     43      2    -1302.78738044        0.05506216
    21     44      2    -1314.32367671        0.05506216
    21     45      2    -1303.82051882        0.05506216
    21     46      2    -1318.56533043        0.05506216
    21     47      2    -1301.36850339        0.05506216
    21     48      2    -1287.75540369        0.05506216
    21     49      2    -1330.08387137        0.05506216
    21     50      2    -1310.50646254        0.05506216
    21     51      2    -1321.11873074        0.05506216
    21     52      2    -1335.04635485        0.05506216
    21     53      2    -1316.66594000        0.05506216
    21     54      2    -1330.33440327        0.05506216
    21     55      2    -1317.44632641        0.05506216
    21     56      2    -1334.28848719        0.05506216
    21     57      2    -1319.46118624        0.05506216
    21     58      2    -1341.33358055        0.05506216
    21     59      2    -1326.93259231        0.05506216
    21     60      2    -1339.54571570        0.05506216
    21     61      2    -1339.71712064        0.05506216
    21     62      2    -1327.26464170        0.05506216
    21     63      2    -1351.19578846        0.05506216
    21     64      2    -1427.14231762        0.05506216
    21     65      2    -1350.15516848        0.05506216
    21     66      2    -1335.17784502        0.05506216
    21     67      2    -1309.96124175        0.05506216
    21     68      2    -1371.88444661        0.05506216
    21     69      2    -1341.28436752        0.05506216
    21     70      2    -1299.90586544        0.05506216
    21     71      2    -1317.05552103        0.05506216
    21     72      2    -1342.12237387        0.05506216
    21     73      2    -1312.94150564        0.05506216
    21     74      2    -1321.83120365        0.05506216
    21     75      2    -1309.73913488        0.05506216
    21     76      2    -1300.26416986        0.05506216
    21     77      2    -1303.06069415        0.05506216
    21     78      2    -1277.70053811        0.05506216
    21     79      2    -1241.35592507        0.05506216
    21     80      2    -1241.35592507        0.05506216
    21     81      2    -1241.35592507        0.05506216
    21     82      2    -1241.35592507        0.05506216
    21     83      2    -1241.35592507        0.05506216
    21     84      2    -1241.35592507        0.05506216
    21     85      2    -1284.80279588        0.05506216
    21     86      2    -1284.97802748        0.05506216
    21     87      2    -1285.13448838        0.05506216
    21     88      2    -1283.85347002        0.05506216
    21     89      2    -1287.37618043        0.05506216
    21     90      2    -1283.74013019        0.05506216
    21     91      2    -1283.53806197        0.05506216
    21     92      2    -1287.41840159        0.05506216
    21     93      2    -1277.87100623        0.05506216
    21     94      2    -1277.50209454        0.05506216
    21     95      2    -1281.55136789        0.05506216
    21     96      2    -1275.70179628        0.05506216
    21     97      2    -1279.38603347        0.05506216
    21     98      2    -1272.48733216        0.05506216
    21     99      2    -1277.10176976        0.05506216
    21    100      2    -1271.46703685        0.05506216
    21    101      2    -1274.27020654        0.05506216
    21    102      2    -1270.26875528        0.05506216
    21    103      2    -1272.82009726        0.05506216
    21    104      2    -1269.63314350        0.05506216
    21    105      2    -1268.69525926        0.05506216
    21    106      2    -1275.10805014        0.05506216
    21    107      2    -1270.25278294        0.05506216
    21    108      2    -1278.25420986        0.05506216
    21    109      2    -1268.87721899        0.05506216
    21    110      2    -1266.93233556        0.05506216
    21    111      2    -1274.22967091        0.05506216
    21    112      2    -1261.10592702        0.05506216
    21    113      2    -1265.13835730        0.05506216
    21    114      2    -1266.04679611        0.05506216
    21    115      2    -1264.76879904        0.05506216
    21    116      2    -1267.08043794        0.05506216
    21    117      2    -1254.57675489        0.05506216
    21    118      2    -1268.83585869        0.05506216
    21    119      2    -1259.31494683        0.05506216
    21    120      2    -1267.59596113        0.05506216
    21    121      2    -1257.32857505        0.05506216
    21    122      2    -1267.62123112        0.05506216
    21    123      2    -1261.52178887        0.05506216
    21    124      2    -1264.84511788        0.05506216
    21    125      2    -1258.84705788        0.05506216
    21    126      2    -1267.95560791        0.05506216
    21    127      2    -1263.47358427        0.05506216
    21    128      2    -1272.63854820        0.05506216
    21    129      2    -1268.70256276        0.05506216
    21    130      2    -1278.06270324        0.05506216
    21    131      2    -1270.05097223        0.05506216
    21    132      2    -1285.60723663        0.05506216
    21    133      2    -1278.08248163        0.05506216
    21    134      2    -1287.02345227        0.05506216
    21    135      2    -1279.55792612        0.05506216
    21    136      2    -1287.94077550        0.05506216
    21    137      2    -1281.91808563        0.05506216
    21    138      2    -1287.93005605        0.05506216
    21    139      2    -1277.47319680        0.05506216
    21    140      2    -1287.40295798        0.05506216
    21    141      2    -1280.06940975        0.05506216
    21    142      2    -1289.26518213        0.05506216
    21    143      2    -1281.58800146        0.05506216
    21    144      2    -1289.37725860        0.05506216
    21    145      2    -1283.97951861        0.05506216
    21    146      2    -1035.10343575        0.05506216
    21    147      2    -1241.35592507        0.05506216
    21    148      2    -1241.35592507        0.05506216
    21    149      2    -1241.35592507        0.05506216
    21    150      2    -1241.35592507        0.05506216
    21    151      2    -1241.35592507        0.05506216
    21    152      2    -1241.35592507        0.05506216
    21    153      2    -1273.54684270        0.05506216
    21    154      2    -1298.25532506        0.05506216
    21    155      2    -1291.34060392        0.05506216
    21    156      2    -1302.81632862        0.05506216
    21    157      2    -1297.84271264        0.05506216
    21    158      2    -1308.11663789        0.05506216
    21    159      2    -1295.89915620        0.05506216
    21    160      2    -1310.12066529        0.05506216
    21    161      2    -1300.59837082        0.05506216
    21    162      2    -1312.45777971        0.05506216
    21    163      2    -1301.00207900        0.05506216
    21    164      2    -1313.83987728        0.05506216
    21    165      2    -1307.12071092        0.05506216
    21    166      2    -1319.92131478        0.05506216
    21    167      2    -1305.43089014        0.05506216
    21    168      2    -1318.08437434        0.05506216
    21    169      2    -1305.69542478        0.05506216
    21    170      2    -1314.12110522        0.05506216
    21    171      2    -1308.05274857        0.05506216
    21    172      2    -1319.30001447        0.05506216
    21    173      2    -1305.15342525        0.05506216
    21    174      2    -1321.89547757        0.05506216
    21    175      2    -1311.42442317        0.05506216
    21    176      2    -1319.05187079        0.05506216
    21    177      2    -1310.54504931        0.05506216
    21    178      2    -1322.23992629        0.05506216
    21    179      2    -1320.33553111        0.05506216
    21    180      2    -1322.32937705        0.05506216
    21    181      2    -1311.44449429        0.05506216
    21    182      2    -1320.36180845        0.05506216
    21    183      2    -1311.46291116        0.05506216
    21    184      2    -1316.75226140        0.05506216
    21    185      2    -1317.45859687        0.05506216
    21    186      2    -1313.06061499        0.05506216
    21    187      2    -1320.38285630        0.05506216
    21    188      2    -1313.50084457        0.05506216
    21    189      2    -1317.80650040        0.05506216
    21    190      2    -1315.13668730        0.05506216
    21    191      2    -1314.37488972        0.05506216
    21    192      2    -1325.20955179        0.05506216
    21    193      2    -1300.52158732        0.05506216
    21    194      2    -1322.54815904        0.05506216
    21    195      2    -1305.16782938        0.05506216
    21    196      2    -1319.12899220        0.05506216
    21    197      2    -1309.11977434        0.05506216
    21    198      2    -1311.50723804        0.05506216
    21    199      2    -1292.72474056        0.05506216
    21    200      2    -1316.43431950        0.05506216
    21    201      2    -1287.09748922        0.05506216
    21    202      2    -1298.14877248        0.05506216
    21    203      2    -1289.46314881        0.05506216
    21    204      2    -1298.44141309        0.05506216
    21    205      2    -1269.05414970        0.05506216
    21    206      2    -1303.86645598        0.05506216
    21    207      2    -1264.55021839        0.05506216
    21    208      2    -1283.58924536        0.05506216
    21    209      2    -1259.93984486        0.05506216
    21    210      2    -1268.65258687        0.05506216
    21    211      2    -1255.65736662        0.05506216
    21    212      2    -1254.89152156        0.05506216
    21    213      2    -1234.32607517        0.05506216
    21    214      2    -1234.17971311        0.05506216
    21    215      2    -1220.61827990        0.05506216
    21    216      2    -1215.10071886        0.05506216
    21    217      2    -1184.76524734        0.05506216
    21    218      2    -1189.16506310        0.05506216
    21    219      2    -1174.04166483        0.05506216
    21    220      2    -1169.40611436        0.05506216
    21    221      2    -1159.19403718        0.05506216
    21    222      2    -1147.26110951        0.05506216
    21    223      2    -1203.83951111        0.05506216
    21    224      2    -1115.69595598        0.05506216
    21    225      2    -1130.65268748        0.05506216
    21    226      2    -1104.12589431        0.05506216
    21    227      2    -1115.54372951        0.05506216
    21    228      2    -1105.47174633        0.05506216
    21    229      2    -1063.59424791        0.05506216
    21    230      2    -1027.64798022        0.05506216
    21    231      2    -1104.88089545        0.05506216
    22      0      2    -1249.32994597        0.05505037
    22      1      2    -1253.30002969        0.05505037
    22      2      2    -1264.02070755        0.05505037
    22      3      2    -1242.19064874        0.05505037
    22      4      2    -1264.59042142        0.05505037
    22      5      2    -1239.19726035        0.05505037
    22      6      2    -1246.74146532        0.05505037
    22      7      2    -1258.78331406        0.05505037
    22      8      2    -1250.31807630        0.05505037
    22      9      2    -1257.66996008        0.05505037
    22     10      2    -1265.04452546        0.05505037
    22     11      2    -1260.00167436        0.05505037
    22     12      2    -1268.13339389        0.05505037
    22     13      2    -1258.33848706        0.05505037
    22     14      2    -1266.48216432        0.05505037
    22     15      2    -1269.33785982        0.05505037
    22     16      2    -1266.12785810        0.05505037
    22     17      2    -1271.04045250        0.05505037
    22     18      2    -1264.68482595        0.05505037
    22     19      2    -1268.00737797        0.05505037
    22     20      2    -1267.83301276        0.05505037
    22     21      2    -1273.82410111        0.05505037
    22     22      2    -1274.01850447        0.05505037
    22     23      2    -1243.36710080        0.05505037
    22     24      2    -1294.60329900        0.05505037
    22     25      2    -1249.17665827        0.05505037
    22     26      2    -1285.77432211        0.05505037
    22     27      2    -1264.99313418        0.05505037
    22     28      2    -1267.73838502        0.05505037
    22     29      2    -1274.38602178        0.05505037
    22     30      2    -1269.15851966        0.05505037
    22     31      2    -1270.04950695        0.05505037
    22     32      2    -1275.43655921        0.05505037
    22     33      2    -1259.39326882        0.05505037
    22     34      2    -1277.60159419        0.05505037
    22     35      2    -1268.27681805        0.05505037
    22     36      2    -1276.57629473        0.05505037
    22     37      2    -1224.51350616        0.05505037
    22     38      2    -1275.19288033        0.05505037
    22     39      2    -1274.76990067        0.05505037
    22     40      2    -1282.91845135        0.05505037
    22     41      2    -1279.52869120        0.05505037
    22     42      2    -1293.50156633        0.05505037
    22     43      2    -1275.25447334        0.05505037
    22     44      2    -1309.62130592        0.05505037
    22     45      2    -1290.14396077        0.05505037
    22     46      2    -1286.04936874        0.05505037
    22     47      2    -1278.48244801        0.05505037
    22     48      2    -1308.40277738        0.05505037
    22     49      2    -1274.80261317        0.05505037
    22     50      2    -1302.59852255        0.05505037
    22     51      2    -1286.88900560        0.05505037
    22     52      2    -1310.05035456        0.05505037
    22     53      2    -1291.64276146        0.05505037
    22     54      2    -1360.99234880        0.05505037
    22     55      2    -1289.44594639        0.05505037
    22     56      2    -1284.27368970        0.05505037
    22     57      2    -1309.82280366        0.05505037
    22     58      2    -1293.29679687        0.05505037
    22     59      2    -1312.00481237        0.05505037
    22     60      2    -1273.65423505        0.05505037
    22     61      2    -1311.56605403        0.05505037
    22     62      2    -1275.22750256        0.05505037
    22     63      2    -1292.01139772        0.05505037
    22     64      2    -1274.61254844        0.05505037
    22     65      2    -1273.42962299        0.05505037
    22     66      2    -1261.76819913        0.05505037
    22     67      2    -1241.85795394        0.05505037
    22     68      2    -1241.85795394        0.05505037
    22     69      2    -1241.85795394        0.05505037
    22     70      2    -1241.85795394        0.05505037
    22     71      2    -1241.85795394        0.05505037
    22     72      2    -1241.85795394        0.05505037
    22     73      2    -1241.85795394        0.05505037
    22     74      2    -1241.33909460        0.05505037
    22     75      2    -1261.69913030        0.05505037
    22     76      2    -1250.70985466        0.05505037
    22     77      2    -1248.19209694        0.05505037
    22     78      2    -1249.33991358        0.05505037
    22     79      2    -1245.02652820        0.05505037
    22     80      2    -1245.58061662        0.05505037
    22     81      2    -1243.13618025        0.05505037
    22     82      2    -1238.71864726        0.05505037
    22     83      2    -1240.07346402        0.05505037
    22     84      2    -1236.91408773        0.05505037
    22     85      2    -1233.44285523        0.05505037
    22     86      2    -1237.34106433        0.05505037
    22     87      2    -1235.10301171        0.05505037
    22     88      2    -1230.75154862        0.05505037
    22     89      2    -1234.92367419        0.05505037
    22     90      2    -1228.81679647        0.05505037
    22     91      2    -1233.58733625        0.05505037
    22     92      2    -1228.95185166        0.05505037
    22     93      2    -1227.49954326        0.05505037
    22     94      2    -1220.12811689        0.05505037
    22     95      2    -1226.55687809        0.05505037
    22     96      2    -1221.35787531        0.05505037
    22     97      2    -1224.45756149        0.05505037
    22     98      2    -1222.55798949        0.05505037
    22     99      2    -1228.15734713        0.05505037
    22    100      2    -1222.48061514        0.05505037
    22    101      2    -1227.01209717        0.05505037
    22    102      2    -1221.44762073        0.05505037
    22    103      2    -1209.63857324        0.05505037
    22    104      2    -1210.58088367        0.05505037
    22    105      2    -1222.65160141        0.05505037
    22    106      2    -1223.85980797        0.05505037
    22    107      2    -1233.40442616        0.05505037
    22    108      2    -1225.29241103        0.05505037
    22    109      2    -1243.59300769        0.05505037
    22    110      2    -1224.73229849        0.05505037
    22    111      2    -1239.69244670        0.05505037
    22    112      2    -1225.23273310        0.05505037
    22    113      2    -1236.20462690        0.05505037
    22    114      2    -1221.62279233        0.05505037
    22    115      2    -1241.31774140        0.05505037
    22    116      2    -1224.99930307        0.05505037
    22    117      2    -1238.08757320        0.05505037
    22    118      2    -1222.51528712        0.05505037
    22    119      2    -1237.65518344        0.05505037
    22    120      2    -1224.05749163        0.05505037
    22    121      2    -1242.72884753        0.05505037
    22    122      2    -1230.85369937        0.05505037
    22    123      2    -1245.82587724        0.05505037
    22    124      2    -1234.32719055        0.05505037
    22    125      2    -1249.67517910        0.05505037
    22    126      2    -1240.28741996        0.05505037
    22    127      2    -1254.46745079        0.05505037
    22    128      2    -1245.07094889        0.05505037
    22    129      2    -1256.52571708        0.05505037
    22    130      2    -1248.88794750        0.05505037
    22    131      2    -1256.02743787        0.05505037
    22    132      2    -1250.10405818        0.05505037
    22    133      2    -1258.55045788        0.05505037
    22    134      2    -1253.09681395        0.05505037
    22    135      2    -1258.92645263        0.05505037
    22    136      2    -1249.88966577        0.05505037
    22    137      2    -1257.64864675        0.05505037
    22    138      2    -1249.73306019        0.05505037
    22    139      2    -1256.86761734        0.05505037
    22    140      2    -1250.35672364        0.05505037
    22    141      2    -1248.54155140        0.05505037
    22    142      2    -1248.37863655        0.05505037
    22    143      2    -1216.28619191        0.05505037
    22    144      2    -1241.85795394        0.05505037
    22    145      2    -1241.85795394        0.05505037
    22    146      2    -1241.85795394        0.05505037
    22    147      2    -1241.85795394        0.05505037
    22    148      2    -1241.85795394        0.05505037
    22    149      2    -1241.85795394        0.05505037
    22    150      2    -1255.36169575        0.05505037
    22    151      2    -1257.39425031        0.05505037
    22    152      2    -1255.58710004        0.05505037
    22    153      2    -1258.97567020        0.05505037
    22    154      2    -1259.78540706        0.05505037
    22    155      2    -1263.40565272        0.05505037
    22    156      2    -1261.72665481        0.05505037
    22    157      2    -1269.34595452        0.05505037
    22    158      2    -1263.57681094        0.05505037
    22    159      2    -1273.15060116        0.05505037
    22    160      2    -1266.06559464        0.05505037
    22    161      2    -1272.02637835        0.05505037
    22    162      2    -1263.04468198        0.05505037
    22    163      2    -1273.85980665        0.05505037
    22    164      2    -1268.36158608        0.05505037
    22    165      2    -1271.64316987        0.05505037
    22    166      2    -1267.22438827        0.05505037
    22    167      2    -1273.67138483        0.05505037
    22    168      2    -1269.02746887        0.05505037
    22    169      2    -1278.42607017        0.05505037
    22    170      2    -1271.49984452        0.05505037
    22    171      2    -1276.30596712        0.05505037
    22    172      2    -1274.56402416        0.05505037
    22    173      2    -1280.92270244        0.05505037
    22    174      2    -1272.16268462        0.05505037
    22    175      2    -1284.82093831        0.05505037
    22    176      2    -1272.89677291        0.05505037
    22    177      2    -1281.73758883        0.05505037
    22    178      2    -1273.18021538        0.05505037
    22    179      2    -1280.00362472        0.05505037
    22    180      2    -1277.92604385        0.05505037
    22    181      2    -1278.99611141        0.05505037
    22    182      2    -1272.13479077        0.05505037
    22    183      2    -1280.08570920        0.05505037
    22    184      2    -1278.82478199        0.05505037
    22    185      2    -1271.25867283        0.05505037
    22    186      2    -1277.76599499        0.05505037
    22    187      2    -1276.97841176        0.05505037
    22    188      2    -1259.52493384        0.05505037
    22    189      2    -1286.82775133        0.05505037
    22    190      2    -1264.01216518        0.05505037
    22    191      2    -1273.52167914        0.05505037
    22    192      2    -1259.15832940        0.05505037
    22    193      2    -1280.11548229        0.05505037
    22    194      2    -1253.06960545        0.05505037
    22    195      2    -1267.33590867        0.05505037
    22    196      2    -1253.59159124        0.05505037
    22    197      2    -1268.19312566        0.05505037
    22    198      2    -1239.52536029        0.05505037
    22    199      2    -1246.75696117        0.05505037
    22    200      2    -1247.47926886        0.05505037
    22    201      2    -1241.22059535        0.05505037
    22    202      2    -1215.85392807        0.05505037
    22    203      2    -1253.12790312        0.05505037
    22    204      2    -1190.00371852        0.05505037
    22    205      2    -1222.74868975        0.05505037
    22    206      2    -1181.24538191        0.05505037
    22    207      2    -1198.85112742        0.05505037
    22    208      2    -1173.44047223        0.05505037
    22    209      2    -1154.90901118        0.05505037
    22    210      2    -1153.62541917        0.05505037
    22    211      2    -1134.06656114        0.05505037
    22    212      2    -1091.57402564        0.05505037
    22    213      2    -1087.27434893        0.05505037
    22    214      2    -1028.17727924        0.05505037
    22    215      2    -1080.85355092        0.05505037
    22    216      2     -962.71520568        0.05505037
    22    217      2     -841.69950651        0.05505037
    23      0      2    -1227.77786973        0.05505621
    23      1      2    -1244.94754884        0.05505621
    23      2      2    -1239.33971302        0.05505621
    23      3      2    -1257.23186255        0.05505621
    23      4      2    -1232.19634529        0.05505621
    23      5      2    -1261.19835286        0.05505621
    23      6      2    -1223.04020792        0.05505621
    23      7      2    -1257.54677312        0.05505621
    23      8      2    -1256.03300081        0.05505621
    23      9      2    -1263.62756913        0.05505621
    23     10      2    -1253.84068730        0.05505621
    23     11      2    -1264.58410213        0.05505621
    23     12      2    -1258.61976493        0.05505621
    23     13      2    -1269.50394382        0.05505621
    23     14      2    -1247.50721166        0.05505621
    23     15      2    -1276.42553875        0.05505621
    23     16      2    -1243.56522291        0.05505621
    23     17      2    -1281.62528068        0.05505621
    23     18      2    -1236.46953474        0.05505621
    23     19      2    -1276.92193401        0.05505621
    23     20      2    -1248.64900209        0.05505621
    23     21      2    -1278.19639032        0.05505621
    23     22      2    -1257.03977274        0.05505621
    23     23      2    -1241.79149505        0.05505621
    23     24      2    -1279.11387308        0.05505621
    23     25      2    -1233.70010007        0.05505621
    23     26      2    -1268.41335207        0.05505621
    23     27      2    -1260.47642793        0.05505621
    23     28      2    -1259.18709552        0.05505621
    23     29      2    -1283.95900424        0.05505621
    23     30      2    -1259.49725488        0.05505621
    23     31      2    -1274.68824881        0.05505621
    23     32      2    -1250.32160855        0.05505621
    23     33      2    -1287.93883380        0.05505621
    23     34      2    -1243.38190946        0.05505621
    23     35      2    -1287.89467265        0.05505621
    23     36      2    -1253.29727600        0.05505621
    23     37      2    -1272.79033127        0.05505621
    23     38      2    -1287.12285598        0.05505621
    23     39      2    -1256.79400617        0.05505621
    23     40      2    -1283.55032975        0.05505621
    23     41      2    -1288.52354226        0.05505621
    23     42      2    -1280.40589232        0.05505621
    23     43      2    -1286.77835558        0.05505621
    23     44      2    -1251.13111411        0.05505621
    23     45      2    -1330.22997048        0.05505621
    23     46      2    -1274.79411838        0.05505621
    23     47      2    -1294.50490123        0.05505621
    23     48      2    -1296.78017940        0.05505621
    23     49      2    -1298.65510876        0.05505621
    23     50      2    -1283.66514369        0.05505621
    23     51      2    -1305.57035126        0.05505621
    23     52      2    -1281.77793664        0.05505621
    23     53      2    -1306.49677816        0.05505621
    23     54      2    -1289.96200040        0.05505621
    23     55      2    -1292.18949973        0.05505621
    23     56      2    -1277.44369254        0.05505621
    23     57      2    -1282.98836197        0.05505621
    23     58      2    -1260.44412670        0.05505621
    23     59      2    -1242.63156633        0.05505621
    23     60      2    -1242.63156633        0.05505621
    23     61      2    -1242.63156633        0.05505621
    23     62      2    -1242.63156633        0.05505621
    23     63      2    -1242.63156633        0.05505621
    23     64      2    -1242.63156633        0.05505621
    23     65      2    -1242.63156633        0.05505621
    23     66      2    -1242.63156633        0.05505621
    23     67      2    -1242.63156633        0.05505621
    23     68      2    -1237.38584654        0.05505621
    23     69      2    -1249.90590035        0.05505621
    23     70      2    -1251.23875704        0.05505621
    23     71      2    -1250.55309860        0.05505621
    23     72      2    -1247.93145022        0.05505621
    23     73      2    -1250.91125268        0.05505621
    23     74      2    -1241.96458275        0.05505621
    23     75      2    -1248.50214719        0.05505621
    23     76      2    -1240.41786884        0.05505621
    23     77      2    -1243.58825611        0.05505621
    23     78      2    -1238.87591289        0.05505621
    23     79      2    -1249.08517408        0.05505621
    23     80      2    -1233.81847648        0.05505621
    23     81      2    -1248.43856490        0.05505621
    23     82      2    -1229.52321706        0.05505621
    23     83      2    -1247.63412527        0.05505621
    23     84      2    -1226.05327617        0.05505621
    23     85      2    -1241.99787769        0.05505621
    23     86      2    -1224.59631313        0.05505621
    23     87      2    -1243.19115953        0.05505621
    23     88      2    -1221.74390546        0.05505621
    23     89      2    -1239.28244452        0.05505621
    23     90      2    -1219.01823057        0.05505621
    23     91      2    -1242.06702161        0.05505621
    23     92      2    -1218.76667336        0.05505621
    23     93      2    -1240.67415095        0.05505621
    23     94      2    -1220.45505397        0.05505621
    23     95      2    -1236.51553236        0.05505621
    23     96      2    -1217.71034031        0.05505621
    23     97      2    -1238.00475085        0.05505621
    23     98      2    -1215.24869130        0.05505621
    23     99      2    -1225.20732378        0.05505621
    23    100      2    -1205.56262695        0.05505621
    23    101      2    -1223.38416700        0.05505621
    23    102      2    -1214.19700185        0.05505621
    23    103      2    -1233.57525990        0.05505621
    23    104      2    -1212.02955292        0.05505621
    23    105      2    -1218.35114486        0.05505621
    23    106      2    -1225.68453770        0.05505621
    23    107      2    -1218.47910423        0.05505621
    23    108      2    -1222.62259303        0.05505621
    23    109      2    -1217.81786005        0.05505621
    23    110      2    -1224.85572982        0.05505621
    23    111      2    -1217.99950476        0.05505621
    23    112      2    -1313.09895065        0.05505621
    23    113      2    -1215.58637133        0.05505621
    23    114      2    -1220.62296422        0.05505621
    23    115      2    -1218.45105676        0.05505621
    23    116      2    -1205.00623961        0.05505621
    23    117      2    -1217.29052741        0.05505621
    23    118      2    -1230.47066221        0.05505621
    23    119      2    -1225.36055723        0.05505621
    23    120      2    -1232.56915160        0.05505621
    23    121      2    -1228.37991426        0.05505621
    23    122      2    -1235.99313140        0.05505621
    23    123      2    -1235.10301300        0.05505621
    23    124      2    -1241.84262575        0.05505621
    23    125      2    -1238.40285531        0.05505621
    23    126      2    -1240.85759160        0.05505621
    23    127      2    -1239.62422014        0.05505621
    23    128      2    -1248.23639091        0.05505621
    23    129      2    -1244.32792715        0.05505621
    23    130      2    -1251.11381628        0.05505621
    23    131      2    -1249.47772644        0.05505621
    23    132      2    -1254.47776580        0.05505621
    23    133      2    -1248.20298340        0.05505621
    23    134      2    -1254.59330728        0.05505621
    23    135      2    -1251.08281811        0.05505621
    23    136      2    -1250.84534049        0.05505621
    23    137      2    -1245.07606088        0.05505621
    23    138      2    -1250.22619201        0.05505621
    23    139      2    -1243.74989070        0.05505621
    23    140      2    -1246.09758307        0.05505621
    23    141      2    -1244.05439639        0.05505621
    23    142      2    -1255.31098179        0.05505621
    23    143      2    -1242.63156633        0.05505621
    23    144      2    -1242.63156633        0.05505621
    23    145      2    -1242.63156633        0.05505621
    23    146      2    -1242.63156633        0.05505621
    23    147      2    -1242.63156633        0.05505621
    23    148      2    -1242.63156633        0.05505621
    23    149      2    -1242.63156633        0.05505621
    23    150      2    -1290.03874814        0.05505621
    23    151      2    -1255.80361509        0.05505621
    23    152      2    -1263.81613236        0.05505621
    23    153      2    -1262.03637509        0.05505621
    23    154      2    -1263.98023415        0.05505621
    23    155      2    -1267.31361079        0.05505621
    23    156      2    -1271.00429547        0.05505621
    23    157      2    -1266.29885068        0.05505621
    23    158      2    -1267.11213209        0.05505621
    23    159      2    -1268.99103656        0.05505621
    23    160      2    -1266.45990721        0.05505621
    23    161      2    -1268.74834732        0.05505621
    23    162      2    -1271.01544860        0.05505621
    23    163      2    -1266.27867280        0.05505621
    23    164      2    -1274.80085994        0.05505621
    23    165      2    -1270.04907685        0.05505621
    23    166      2    -1272.92397851        0.05505621
    23    167      2    -1275.45157852        0.05505621
    23    168      2    -1277.65355082        0.05505621
    23    169      2    -1271.23798502        0.05505621
    23    170      2    -1277.78350740        0.05505621
    23    171      2    -1270.73085888        0.05505621
    23    172      2    -1279.59177244        0.05505621
    23    173      2    -1267.26253373        0.05505621
    23    174      2    -1287.05741552        0.05505621
    23    175      2    -1264.88131215        0.05505621
    23    176      2    -1281.82107779        0.05505621
    23    177      2    -1273.67600081        0.05505621
    23    178      2    -1278.47753403        0.05505621
    23    179      2    -1274.40337472        0.05505621
    23    180      2    -1280.63316964        0.05505621
    23    181      2    -1270.00993035        0.05505621
    23    182      2    -1281.27310345        0.05505621
    23    183      2    -1266.89715402        0.05505621
    23    184      2    -1279.79956186        0.05505621
    23    185      2    -1261.88732006        0.05505621
    23    186      2    -1278.87751064        0.05505621
    23    187      2    -1259.52694466        0.05505621
    23    188      2    -1275.85247238        0.05505621
    23    189      2    -1255.50100774        0.05505621
    23    190      2    -1270.67995312        0.05505621
    23    191      2    -1255.29115734        0.05505621
    23    192      2    -1271.05686477        0.05505621
    23    193      2    -1249.34945456        0.05505621
    23    194      2    -1255.90206905        0.05505621
    23    195      2    -1254.45710192        0.05505621
    23    196      2    -1259.90761821        0.05505621
    23    197      2    -1243.88439621        0.05505621
    23    198      2    -1245.92210095        0.05505621
    23    199      2    -1235.98453004        0.05505621
    23    200      2    -1236.41336404        0.05505621
    23    201      2    -1224.21650029        0.05505621
    23    202      2    -1216.81436100        0.05505621
    23    203      2    -1199.26812935        0.05505621
    23    204      2    -1219.96094591        0.05505621
    23    205      2    -1126.77121818        0.05505621
    23    206      2    -1166.22797270        0.05505621
    23    207      2    -1150.60415177        0.05505621
    23    208      2    -1109.26616781        0.05505621
    23    209      2    -1085.42984653        0.05505621
    24      0      2    -1263.83682199        0.05502097
    24      1      2    -1272.94507277        0.05502097
    24      2      2    -1293.23068435        0.05502097
    24      3      2    -1289.06498944        0.05502097
    24      4      2    -1282.59206133        0.05502097
    24      5      2    -1289.44914843        0.05502097
    24      6      2    -1289.50773434        0.05502097
    24      7      2    -1295.03265925        0.05502097
    24      8      2    -1282.84832483        0.05502097
    24      9      2    -1299.08211799        0.05502097
    24     10      2    -1286.62441887        0.05502097
    24     11      2    -1314.69553903        0.05502097
    24     12      2    -1257.52797917        0.05502097
    24     13      2    -1315.29030060        0.05502097
    24     14      2    -1285.75852605        0.05502097
    24     15      2    -1296.46014218        0.05502097
    24     16      2    -1290.58240610        0.05502097
    24     17      2    -1293.64080771        0.05502097
    24     18      2    -1294.87264664        0.05502097
    24     19      2    -1294.41851608        0.05502097
    24     20      2    -1291.88176548        0.05502097
    24     21      2    -1294.58629722        0.05502097
    24     22      2    -1287.64486158        0.05502097
    24     23      2    -1303.26018842        0.05502097
    24     24      2    -1279.26424454        0.05502097
    24     25      2    -1304.26758725        0.05502097
    24     26      2    -1296.99972191        0.05502097
    24     27      2    -1306.27951849        0.05502097
    24     28      2    -1283.40324273        0.05502097
    24     29      2    -1320.93763023        0.05502097
    24     30      2    -1283.54645769        0.05502097
    24     31      2    -1324.87116898        0.05502097
    24     32      2    -1300.89178474        0.05502097
    24     33      2    -1310.49412170        0.05502097
    24     34      2    -1311.19284718        0.05502097
    24     35      2    -1309.70359391        0.05502097
    24     36      2    -1319.72753194        0.05502097
    24     37      2    -1316.98624811        0.05502097
    24     38      2    -1316.60544132        0.05502097
    24     39      2    -1321.76279143        0.05502097
    24     40      2    -1328.42092157        0.05502097
    24     41      2    -1336.95243622        0.05502097
    24     42      2    -1326.48359100        0.05502097
    24     43      2    -1323.49556800        0.05502097
    24     44      2    -1323.01640806        0.05502097
    24     45      2    -1325.52000401        0.05502097
    24     46      2    -1319.48479954        0.05502097
    24     47      2    -1325.49418087        0.05502097
    24     48      2    -1305.08772826        0.05502097
    24     49      2    -1385.50827173        0.05502097
    24     50      2    -1291.15685519        0.05502097
    24     51      2    -1311.58751514        0.05502097
    24     52      2    -1295.58211315        0.05502097
    24     53      2    -1242.01547945        0.05502097
    24     54      2    -1242.01547945        0.05502097
    24     55      2    -1242.01547945        0.05502097
    24     56      2    -1242.01547945        0.05502097
    24     57      2    -1242.01547945        0.05502097
    24     58      2    -1242.01547945        0.05502097
    24     59      2    -1242.01547945        0.05502097
    24     60      2    -1242.01547945        0.05502097
    24     61      2    -1287.83660475        0.05502097
    24     62      2    -1282.45085773        0.05502097
    24     63      2    -1268.06004057        0.05502097
    24     64      2    -1282.13424079        0.05502097
    24     65      2    -1274.55403340        0.05502097
    24     66      2    -1271.77664530        0.05502097
    24     67      2    -1282.84009545        0.05502097
    24     68      2    -1271.62912371        0.05502097
    24     69      2    -1272.56343699        0.05502097
    24     70      2    -1272.67303850        0.05502097
    24     71      2    -1273.34423245        0.05502097
    24     72      2    -1263.75804267        0.05502097
    24     73      2    -1275.34968189        0.05502097
    24     74      2    -1261.07386318        0.05502097
    24     75      2    -1272.43019531        0.05502097
    24     76      2    -1264.20257941        0.05502097
    24     77      2    -1272.38126583        0.05502097
    24     78      2    -1267.76638427        0.05502097
    24     79      2    -1269.23268967        0.05502097
    24     80      2    -1264.94458585        0.05502097
    24     81      2    -1267.19676945        0.05502097
    24     82      2    -1262.29798027        0.05502097
    24     83      2    -1268.42349832        0.05502097
    24     84      2    -1263.55097470        0.05502097
    24     85      2    -1261.73773307        0.05502097
    24     86      2    -1258.54546036        0.05502097
    24     87      2    -1264.84742214        0.05502097
    24     88      2    -1252.81689154        0.05502097
    24     89      2    -1263.36683540        0.05502097
    24     90      2    -1255.19196988        0.05502097
    24     91      2    -1261.30575741        0.05502097
    24     92      2    -1252.58919287        0.05502097
    24     93      2    -1256.60168597        0.05502097
    24     94      2    -1251.41041190        0.05502097
    24     95      2    -1257.43018273        0.05502097
    24     96      2    -1251.38872495        0.05502097
    24     97      2    -1251.91389874        0.05502097
    24     98      2    -1248.88426191        0.05502097
    24     99      2    -1252.07815309        0.05502097
    24    100      2    -1250.35982856        0.05502097
    24    101      2    -1249.58952957        0.05502097
    24    102      2    -1245.39064431        0.05502097
    24    103      2    -1263.60727637        0.05502097
    24    104      2    -1262.27279345        0.05502097
    24    105      2    -1265.86647038        0.05502097
    24    106      2    -1260.22545367        0.05502097
    24    107      2    -1264.28593823        0.05502097
    24    108      2    -1256.25814477        0.05502097
    24    109      2    -1271.97241444        0.05502097
    24    110      2    -1270.55135203        0.05502097
    24    111      2    -1265.60342595        0.05502097
    24    112      2    -1261.33241582        0.05502097
    24    113      2    -1261.41853493        0.05502097
    24    114      2    -1259.80067004        0.05502097
    24    115      2    -1261.65166770        0.05502097
    24    116      2    -1268.03044409        0.05502097
    24    117      2    -1271.28879774        0.05502097
    24    118      2    -1272.42042752        0.05502097
    24    119      2    -1273.99013829        0.05502097
    24    120      2    -1272.22708313        0.05502097
    24    121      2    -1276.09491487        0.05502097
    24    122      2    -1278.11074385        0.05502097
    24    123      2    -1279.30764677        0.05502097
    24    124      2    -1280.43550299        0.05502097
    24    125      2    -1280.29335663        0.05502097
    24    126      2    -1282.24462756        0.05502097
    24    127      2    -1287.00578625        0.05502097
    24    128      2    -1289.28262094        0.05502097
    24    129      2    -1286.19382428        0.05502097
    24    130      2    -1290.28771738        0.05502097
    24    131      2    -1287.28795691        0.05502097
    24    132      2    -1293.29592835        0.05502097
    24    133      2    -1289.04090175        0.05502097
    24    134      2    -1293.85264743        0.05502097
    24    135      2    -1291.00615122        0.05502097
    24    136      2    -1293.94421831        0.05502097
    24    137      2    -1292.68719121        0.05502097
    24    138      2    -1291.62716655        0.05502097
    24    139      2    -1288.08161678        0.05502097
    24    140      2    -1277.31754809        0.05502097
    24    141      2    -1273.68033657        0.05502097
    24    142      2    -1278.66743646        0.05502097
    24    143      2    -1278.16763212        0.05502097
    24    144      2    -1267.89208604        0.05502097
    24    145      2    -1242.01547945        0.05502097
    24    146      2    -1242.01547945        0.05502097
    24    147      2    -1242.01547945        0.05502097
    24    148      2    -1242.01547945        0.05502097
    24    149      2    -1242.01547945        0.05502097
    24    150      2    -1242.01547945        0.05502097
    24    151      2    -1242.01547945        0.05502097
    24    152      2    -1242.01547945        0.05502097
    24    153      2    -1283.79336958        0.05502097
    24    154      2    -1291.66416293        0.05502097
    24    155      2    -1286.80926519        0.05502097
    24    156      2    -1289.89932181        0.05502097
    24    157      2    -1295.18355639        0.05502097
    24    158      2    -1292.28146357        0.05502097
    24    159      2    -1297.67241517        0.05502097
    24    160      2    -1297.53795328        0.05502097
    24    161      2    -1297.03034306        0.05502097
    24    162      2    -1305.17786431        0.05502097
    24    163      2    -1297.45803821        0.05502097
    24    164      2    -1304.83048317        0.05502097
    24    165      2    -1303.77618880        0.05502097
    24    166      2    -1310.18393373        0.05502097
    24    167      2    -1304.26219478        0.05502097
    24    168      2    -1307.70792234        0.05502097
    24    169      2    -1305.88973648        0.05502097
    24    170      2    -1306.18248401        0.05502097
    24    171      2    -1305.50795576        0.05502097
    24    172      2    -1309.04852372        0.05502097
    24    173      2    -1302.33729871        0.05502097
    24    174      2    -1311.60175309        0.05502097
    24    175      2    -1302.97912838        0.05502097
    24    176      2    -1304.99428075        0.05502097
    24    177      2    -1308.73497232        0.05502097
    24    178      2    -1305.49763331        0.05502097
    24    179      2    -1302.75450018        0.05502097
    24    180      2    -1307.32092828        0.05502097
    24    181      2    -1297.86613106        0.05502097
    24    182      2    -1307.89986137        0.05502097
    24    183      2    -1296.80724300        0.05502097
    24    184      2    -1299.83964369        0.05502097
    24    185      2    -1304.77275656        0.05502097
    24    186      2    -1297.99102804        0.05502097
    24    187      2    -1294.74860677        0.05502097
    24    188      2    -1300.04875707        0.05502097
    24    189      2    -1300.63190633        0.05502097
    24    190      2    -1293.44529536        0.05502097
    24    191      2    -1304.46566088        0.05502097
    24    192      2    -1292.71647723        0.05502097
    24    193      2    -1300.87022344        0.05502097
    24    194      2    -1298.86495710        0.05502097
    24    195      2    -1284.56287650        0.05502097
    24    196      2    -1305.97945153        0.05502097
    24    197      2    -1288.80710266        0.05502097
    24    198      2    -1296.03465401        0.05502097
    24    199      2    -1279.35095514        0.05502097
    24    200      2    -1301.15459763        0.05502097
    24    201      2    -1254.38785972        0.05502097
    24    202      2    -1287.22704614        0.05502097
    24    203      2    -1259.51172120        0.05502097
    24    204      2    -1238.95805162        0.05502097
    24    205      2    -1229.45949518        0.05502097
    25      0      2    -1242.15569101        0.05499496
    25      1      2    -1240.87236917        0.05499496
    25      2      2    -1261.41492113        0.05499496
    25      3      2    -1251.35571211        0.05499496
    25      4      2    -1262.20244633        0.05499496
    25      5      2    -1262.29851231        0.05499496
    25      6      2    -1256.72877310        0.05499496
    25      7      2    -1256.96851300        0.05499496
    25      8      2    -1270.94411517        0.05499496
    25      9      2    -1241.33063427        0.05499496
    25     10      2    -1265.76701144        0.05499496
    25     11      2    -1256.14435762        0.05499496
    25     12      2    -1268.16770605        0.05499496
    25     13      2    -1262.54379350        0.05499496
    25     14      2    -1263.35654576        0.05499496
    25     15      2    -1260.33931817        0.05499496
    25     16      2    -1261.29095666        0.05499496
    25     17      2    -1267.70250501        0.05499496
    25     18      2    -1252.16418858        0.05499496
    25     19      2    -1256.87354557        0.05499496
    25     20      2    -1264.99161072        0.05499496
    25     21      2    -1270.97378274        0.05499496
    25     22      2    -1265.67936915        0.05499496
    25     23      2    -1272.82152206        0.05499496
    25     24      2    -1270.70935159        0.05499496
    25     25      2    -1282.58030289        0.05499496
    25     26      2    -1273.01660935        0.05499496
    25     27      2    -1272.40681441        0.05499496
    25     28      2    -1280.97479779        0.05499496
    25     29      2    -1266.92573477        0.05499496
    25     30      2    -1293.68923950        0.05499496
    25     31      2    -1271.33690106        0.05499496
    25     32      2    -1283.41851219        0.05499496
    25     33      2    -1269.57937507        0.05499496
    25     34      2    -1289.53534905        0.05499496
    25     35      2    -1287.57824325        0.05499496
    25     36      2    -1362.46126705        0.05499496
    25     37      2    -1265.82641108        0.05499496
    25     38      2    -1291.78622996        0.05499496
    25     39      2    -1350.87572473        0.05499496
    25     40      2    -1275.52981309        0.05499496
    25     41      2    -1277.05956492        0.05499496
    25     42      2    -1288.24851710        0.05499496
    25     43      2    -1354.68341500        0.05499496
    25     44      2    -1278.24917807        0.05499496
    25     45      2    -1268.65685975        0.05499496
    25     46      2    -1376.23446005        0.05499496
    25     47      2    -1265.30147428        0.05499496
    25     48      2    -1242.15569101        0.05499496
    25     49      2    -1242.15569101        0.05499496
    25     50      2    -1242.15569101        0.05499496
    25     51      2    -1242.15569101        0.05499496
    25     52      2    -1242.15569101        0.05499496
    25     53      2    -1242.15569101        0.05499496
    25     54      2    -1242.15569101        0.05499496
    25     55      2    -1282.15501858        0.05499496
    25     56      2    -1269.25821192        0.05499496
    25     57      2    -1250.96960411        0.05499496
    25     58      2    -1271.69548307        0.05499496
    25     59      2    -1255.80980355        0.05499496
    25     60      2    -1255.71484842        0.05499496
    25     61      2    -1247.98326413        0.05499496
    25     62      2    -1270.55171918        0.05499496
    25     63      2    -1262.97374822        0.05499496
    25     64      2    -1264.43776793        0.05499496
    25     65      2    -1263.11183437        0.05499496
    25     66      2    -1268.53854721        0.05499496
    25     67      2    -1255.27332301        0.05499496
    25     68      2    -1277.77271815        0.05499496
    25     69      2    -1253.45513317        0.05499496
    25     70      2    -1269.98690878        0.05499496
    25     71      2    -1260.88567243        0.05499496
    25     72      2    -1262.29899272        0.05499496
    25     73      2    -1260.11760794        0.05499496
    25     74      2    -1269.89426244        0.05499496
    25     75      2    -1263.35602966        0.05499496
    25     76      2    -1267.66221722        0.05499496
    25     77      2    -1257.45069097        0.05499496
    25     78      2    -1268.26054444        0.05499496
    25     79      2    -1252.55373285        0.05499496
    25     80      2    -1266.54622483        0.05499496
    25     81      2    -1254.50633626        0.05499496
    25     82      2    -1263.11096565        0.05499496
    25     83      2    -1253.58687157        0.05499496
    25     84      2    -1261.66429753        0.05499496
    25     85      2    -1248.95370343        0.05499496
    25     86      2    -1260.83944942        0.05499496
    25     87      2    -1250.92642683        0.05499496
    25     88      2    -1254.13328256        0.05499496
    25     89      2    -1248.17502411        0.05499496
    25     90      2    -1253.38161865        0.05499496
    25     91      2    -1243.13850352        0.05499496
    25     92      2    -1248.71323551        0.05499496
    25     93      2    -1244.76137983        0.05499496
    25     94      2    -1252.73346038        0.05499496
    25     95      2    -1243.04927583        0.05499496
    25     96      2    -1242.27504544        0.05499496
    25     97      2    -1246.16511694        0.05499496
    25     98      2    -1256.41145917        0.05499496
    25     99      2    -1249.30543896        0.05499496
    25    100      2    -1250.69341481        0.05499496
    25    101      2    -1255.89341739        0.05499496
    25    102      2    -1254.41395701        0.05499496
    25    103      2    -1258.01660326        0.05499496
    25    104      2    -1251.38647296        0.05499496
    25    105      2    -1253.69929497        0.05499496
    25    106      2    -1248.78250232        0.05499496
    25    107      2    -1254.51345774        0.05499496
    25    108      2    -1253.09590554        0.05499496
    25    109      2    -1250.75756930        0.05499496
    25    110      2    -1246.72723101        0.05499496
    25    111      2    -1251.64190067        0.05499496
    25    112      2    -1247.21555362        0.05499496
    25    113      2    -1252.74844409        0.05499496
    25    114      2    -1252.91095817        0.05499496
    25    115      2    -1255.75820480        0.05499496
    25    116      2    -1258.81267708        0.05499496
    25    117      2    -1260.58619111        0.05499496
    25    118      2    -1257.76515599        0.05499496
    25    119      2    -1265.31170262        0.05499496
    25    120      2    -1265.27716940        0.05499496
    25    121      2    -1267.29961829        0.05499496
    25    122      2    -1262.66931883        0.05499496
    25    123      2    -1269.29998310        0.05499496
    25    124      2    -1267.35068587        0.05499496
    25    125      2    -1273.41693210        0.05499496
    25    126      2    -1274.48700618        0.05499496
    25    127      2    -1271.39068356        0.05499496
    25    128      2    -1273.27518054        0.05499496
    25    129      2    -1276.99803285        0.05499496
    25    130      2    -1271.23993904        0.05499496
    25    131      2    -1276.21787023        0.05499496
    25    132      2    -1277.48308764        0.05499496
    25    133      2    -1276.89316922        0.05499496
    25    134      2    -1277.92856454        0.05499496
    25    135      2    -1278.60812808        0.05499496
    25    136      2    -1277.09821298        0.05499496
    25    137      2    -1278.48113033        0.05499496
    25    138      2    -1280.39317194        0.05499496
    25    139      2    -1278.75458012        0.05499496
    25    140      2    -1274.94712949        0.05499496
    25    141      2    -1276.60249975        0.05499496
    25    142      2    -1278.18737491        0.05499496
    25    143      2    -1279.05118479        0.05499496
    25    144      2    -1279.72128220        0.05499496
    25    145      2    -1276.01742070        0.05499496
    25    146      2    -1288.83771027        0.05499496
    25    147      2    -1242.15569101        0.05499496
    25    148      2    -1242.15569101        0.05499496
    25    149      2    -1242.15569101        0.05499496
    25    150      2    -1242.15569101        0.05499496
    25    151      2    -1242.15569101        0.05499496
    25    152      2    -1242.15569101        0.05499496
    25    153      2    -1242.15569101        0.05499496
    25    154      2    -1285.39616010        0.05499496
    25    155      2    -1291.65495731        0.05499496
    25    156      2    -1286.67607124        0.05499496
    25    157      2    -1294.83039246        0.05499496
    25    158      2    -1293.91231210        0.05499496
    25    159      2    -1291.00985711        0.05499496
    25    160      2    -1295.48805015        0.05499496
    25    161      2    -1296.00755637        0.05499496
    25    162      2    -1292.27811555        0.05499496
    25    163      2    -1298.58733859        0.05499496
    25    164      2    -1297.72763618        0.05499496
    25    165      2    -1296.23356977        0.05499496
    25    166      2    -1301.73934869        0.05499496
    25    167      2    -1302.76081929        0.05499496
    25    168      2    -1295.86184637        0.05499496
    25    169      2    -1297.24068020        0.05499496
    25    170      2    -1299.61770400        0.05499496
    25    171      2    -1292.04452537        0.05499496
    25    172      2    -1303.25804865        0.05499496
    25    173      2    -1294.49853785        0.05499496
    25    174      2    -1303.04791519        0.05499496
    25    175      2    -1292.56116866        0.05499496
    25    176      2    -1305.71814845        0.05499496
    25    177      2    -1299.30064113        0.05499496
    25    178      2    -1306.96862621        0.05499496
    25    179      2    -1300.73011484        0.05499496
    25    180      2    -1305.83598908        0.05499496
    25    181      2    -1297.20222826        0.05499496
    25    182      2    -1310.28721646        0.05499496
    25    183      2    -1304.07643830        0.05499496
    25    184      2    -1305.07649297        0.05499496
    25    185      2    -1316.53833807        0.05499496
    25    186      2    -1302.19683712        0.05499496
    25    187      2    -1309.94640525        0.05499496
    25    188      2    -1311.43922533        0.05499496
    25    189      2    -1300.82203818        0.05499496
    25    190      2    -1330.25550255        0.05499496
    25    191      2    -1303.04172851        0.05499496
    25    192      2    -1319.81789178        0.05499496
    25    193      2    -1313.98896198        0.05499496
    25    194      2    -1327.98170448        0.05499496
    25    195      2    -1310.12398537        0.05499496
    25    196      2    -1320.03268653        0.05499496
    25    197      2    -1322.08691538        0.05499496
    25    198      2    -1320.47715826        0.05499496
    25    199      2    -1302.46005282        0.05499496
    25    200      2    -1305.16995516        0.05499496
    25    201      2    -1305.69140646        0.05499496
    26      0      2    -1181.82827579        0.05505178
    26      1      2    -1205.80238790        0.05505178
    26      2      2    -1190.45920459        0.05505178
    26      3      2    -1206.60646287        0.05505178
    26      4      2    -1193.81465685        0.05505178
    26      5      2    -1164.98560519        0.05505178
    26      6      2    -1188.64931554        0.05505178
    26      7      2    -1207.45744345        0.05505178
    26      8      2    -1201.12365287        0.05505178
    26      9      2    -1201.06112253        0.05505178
    26     10      2    -1202.63006347        0.05505178
    26     11      2    -1191.43745542        0.05505178
    26     12      2    -1211.92790555        0.05505178
    26     13      2    -1194.74384018        0.05505178
    26     14      2    -1185.61424749        0.05505178
    26     15      2    -1220.05688718        0.05505178
    26     16      2    -1196.14204722        0.05505178
    26     17      2    -1215.86252130        0.05505178
    26     18      2    -1217.45356040        0.05505178
    26     19      2    -1210.49906862        0.05505178
    26     20      2    -1231.73108376        0.05505178
    26     21      2    -1206.63618108        0.05505178
    26     22      2    -1206.36165531        0.05505178
    26     23      2    -1237.88690156        0.05505178
    26     24      2    -1194.29272390        0.05505178
    26     25      2    -1248.12004033        0.05505178
    26     26      2    -1214.08619684        0.05505178
    26     27      2    -1225.10792625        0.05505178
    26     28      2    -1167.85375083        0.05505178
    26     29      2    -1227.68776827        0.05505178
    26     30      2    -1244.89150016        0.05505178
    26     31      2    -1250.80268928        0.05505178
    26     32      2    -1256.88109939        0.05505178
    26     33      2    -1256.42760846        0.05505178
    26     34      2    -1263.24278144        0.05505178
    26     35      2    -1245.08153063        0.05505178
    26     36      2    -1259.08996993        0.05505178
    26     37      2    -1249.46629541        0.05505178
    26     38      2    -1267.47620654        0.05505178
    26     39      2    -1255.80468109        0.05505178
    26     40      2    -1271.17721059        0.05505178
    26     41      2    -1250.27826519        0.05505178
    26     42      2    -1249.01003773        0.05505178
    26     43      2    -1243.00305370        0.05505178
    26     44      2    -1243.00305370        0.05505178
    26     45      2    -1243.00305370        0.05505178
    26     46      2    -1243.00305370        0.05505178
    26     47      2    -1243.00305370        0.05505178
    26     48      2    -1243.00305370        0.05505178
    26     49      2    -1243.00305370        0.05505178
    26     50      2    -1243.00305370        0.05505178
    26     51      2    -1246.26511550        0.05505178
    26     52      2    -1234.13060454        0.05505178
    26     53      2    -1252.86817023        0.05505178
    26     54      2    -1240.69021760        0.05505178
    26     55      2    -1242.14509756        0.05505178
    26     56      2    -1247.80823589        0.05505178
    26     57      2    -1235.39709296        0.05505178
    26     58      2    -1258.21695951        0.05505178
    26     59      2    -1232.45842944        0.05505178
    26     60      2    -1246.80882154        0.05505178
    26     61      2    -1244.14262713        0.05505178
    26     62      2    -1236.27706712        0.05505178
    26     63      2    -1246.72174294        0.05505178
    26     64      2    -1233.32782651        0.05505178
    26     65      2    -1245.21549950        0.05505178
    26     66      2    -1235.30368425        0.05505178
    26     67      2    -1241.97011988        0.05505178
    26     68      2    -1232.13626995        0.05505178
    26     69      2    -1237.25017810        0.05505178
    26     70      2    -1237.55088935        0.05505178
    26     71      2    -1236.09607690        0.05505178
    26     72      2    -1234.39312079        0.05505178
    26     73      2    -1239.04105645        0.05505178
    26     74      2    -1239.11697477        0.05505178
    26     75      2    -1285.40149819        0.05505178
    26     76      2    -1238.06028849        0.05505178
    26     77      2    -1238.36734260        0.05505178
    26     78      2    -1241.10688132        0.05505178
    26     79      2    -1218.52405880        0.05505178
    26     80      2    -1233.05186289        0.05505178
    26     81      2    -1233.18679567        0.05505178
    26     82      2    -1234.67692338        0.05505178
    26     83      2    -1227.81894781        0.05505178
    26     84      2    -1229.06155159        0.05505178
    26     85      2    -1226.48030412        0.05505178
    26     86      2    -1228.62918321        0.05505178
    26     87      2    -1230.16975750        0.05505178
    26     88      2    -1227.09896792        0.05505178
    26     89      2    -1225.19427176        0.05505178
    26     90      2    -1228.41353998        0.05505178
    26     91      2    -1226.26290850        0.05505178
    26     92      2    -1228.76806787        0.05505178
    26     93      2    -1220.40100319        0.05505178
    26     94      2    -1224.61141231        0.05505178
    26     95      2    -1229.40236041        0.05505178
    26     96      2    -1226.06954923        0.05505178
    26     97      2    -1219.51201684        0.05505178
    26     98      2    -1223.36101656        0.05505178
    26     99      2    -1218.99292233        0.05505178
    26    100      2    -1230.33064457        0.05505178
    26    101      2    -1223.43802644        0.05505178
    26    102      2    -1221.47823644        0.05505178
    26    103      2    -1219.62700276        0.05505178
    26    104      2    -1222.15809944        0.05505178
    26    105      2    -1230.34054875        0.05505178
    26    106      2    -1229.34286840        0.05505178
    26    107      2    -1225.64386880        0.05505178
    26    108      2    -1227.87015123        0.05505178
    26    109      2    -1222.57153868        0.05505178
    26    110      2    -1226.11794237        0.05505178
    26    111      2    -1222.40320660        0.05505178
    26    112      2    -1229.71643566        0.05505178
    26    113      2    -1229.72098530        0.05505178
    26    114      2    -1232.36124474        0.05505178
    26    115      2    -1231.87664323        0.05505178
    26    116      2    -1232.35091424        0.05505178
    26    117      2    -1228.14584529        0.05505178
    26    118      2    -1232.40603728        0.05505178
    26    119      2    -1233.41474825        0.05505178
    26    120      2    -1236.11993118        0.05505178
    26    121      2    -1233.55581434        0.05505178
    26    122      2    -1233.46335477        0.05505178
    26    123      2    -1232.13783550        0.05505178
    26    124      2    -1237.97242891        0.05505178
    26    125      2    -1235.83235328        0.05505178
    26    126      2    -1233.55665089        0.05505178
    26    127      2    -1229.90109165        0.05505178
    26    128      2    -1229.90696059        0.05505178
    26    129      2    -1229.78272745        0.05505178
    26    130      2    -1233.70222728        0.05505178
    26    131      2    -1234.22603928        0.05505178
    26    132      2    -1237.83471216        0.05505178
    26    133      2    -1231.52198464        0.05505178
    26    134      2    -1238.54910131        0.05505178
    26    135      2    -1239.39411950        0.05505178
    26    136      2    -1238.27236799        0.05505178
    26    137      2    -1241.80751436        0.05505178
    26    138      2    -1239.95660695        0.05505178
    26    139      2    -1241.78996697        0.05505178
    26    140      2    -1244.74552716        0.05505178
    26    141      2    -1247.97296845        0.05505178
    26    142      2    -1243.03545179        0.05505178
    26    143      2    -1245.53790354        0.05505178
    26    144      2    -1246.39734419        0.05505178
    26    145      2    -1244.84267436        0.05505178
    26    146      2    -1242.45719718        0.05505178
    26    147      2    -1239.46564848        0.05505178
    26    148      2    -1236.89546946        0.05505178
    26    149      2    -1237.27439384        0.05505178
    26    150      2    -1243.00305370        0.05505178
    26    151      2    -1243.00305370        0.05505178
    26    152      2    -1243.00305370        0.05505178
    26    153      2    -1243.00305370        0.05505178
    26    154      2    -1243.00305370        0.05505178
    26    155      2    -1243.00305370        0.05505178
    26    156      2    -1243.00305370        0.05505178
    26    157      2    -1238.00861774        0.05505178
    26    158      2    -1236.44893167        0.05505178
    26    159      2    -1240.82144009        0.05505178
    26    160      2    -1235.40355111        0.05505178
    26    161      2    -1238.77162514        0.05505178
    26    162      2    -1243.79440320        0.05505178
    26    163      2    -1234.90325606        0.05505178
    26    164      2    -1245.42799435        0.05505178
    26    165      2    -1234.51795854        0.05505178
    26    166      2    -1242.05318319        0.05505178
    26    167      2    -1237.70671234        0.05505178
    26    168      2    -1244.53121685        0.05505178
    26    169      2    -1236.40632424        0.05505178
    26    170      2    -1241.86380033        0.05505178
    26    171      2    -1243.77607138        0.05505178
    26    172      2    -1224.52300633        0.05505178
    26    173      2    -1244.84658610        0.05505178
    26    174      2    -1233.65856450        0.05505178
    26    175      2    -1244.77169809        0.05505178
    26    176      2    -1237.16494225        0.05505178
    26    177      2    -1244.44492971        0.05505178
    26    178      2    -1245.23670551        0.05505178
    26    179      2    -1247.63470420        0.05505178
    26    180      2    -1253.33352817        0.05505178
    26    181      2    -1248.51769369        0.05505178
    26    182      2    -1251.05969492        0.05505178
    26    183      2    -1261.04816985        0.05505178
    26    184      2    -1256.54450900        0.05505178
    26    185      2    -1264.73775593        0.05505178
    26    186      2    -1262.34185271        0.05505178
    26    187      2    -1260.89373731        0.05505178
    26    188      2    -1280.65520142        0.05505178
    26    189      2    -1263.35077378        0.05505178
    26    190      2    -1282.16175468        0.05505178
    26    191      2    -1277.66061637        0.05505178
    26    192      2    -1281.42579010        0.05505178
    26    193      2    -1290.93783386        0.05505178
    26    194      2    -1270.10652011        0.05505178
    26    195      2    -1301.00834426        0.05505178
    26    196      2    -1283.69918670        0.05505178
    26    197      2    -1288.80324501        0.05505178
    26    198      2    -1278.21241625        0.05505178
    26    199      2    -1282.73128723        0.05505178
    27      0      2    -1050.38647639        0.05501611
    27      1      2    -1129.66482349        0.05501611
    27      2      2    -1083.89142798        0.05501611
    27      3      2    -1097.26140129        0.05501611
    27      4      2    -1091.02680384        0.05501611
    27      5      2    -1125.09617019        0.05501611
    27      6      2    -1078.55907259        0.05501611
    27      7      2    -1103.26380829        0.05501611
    27      8      2    -1061.69841994        0.05501611
    27      9      2    -1122.74657956        0.05501611
    27     10      2    -1135.58530257        0.05501611
    27     11      2    -1109.33607747        0.05501611
    27     12      2    -1153.83418485        0.05501611
    27     13      2    -1131.15330785        0.05501611
    27     14      2    -1136.96705182        0.05501611
    27     15      2    -1113.67747511        0.05501611
    27     16      2    -1122.32369668        0.05501611
    27     17      2    -1146.12662559        0.05501611
    27     18      2    -1142.24702319        0.05501611
    27     19      2    -1140.51458045        0.05501611
    27     20      2    -1142.43759871        0.05501611
    27     21      2    -1158.28220610        0.05501611
    27     22      2    -1456.29952130        0.05501611
    27     23      2    -1122.98609305        0.05501611
    27     24      2    -1137.05348720        0.05501611
    27     25      2    -1186.06531777        0.05501611
    27     26      2    -1177.64007626        0.05501611
    27     27      2    -1167.75814379        0.05501611
    27     28      2    -1211.69998550        0.05501611
    27     29      2    -1164.92906219        0.05501611
    27     30      2    -1241.00662779        0.05501611
    27     31      2    -1178.69429883        0.05501611
    27     32      2    -1196.74808484        0.05501611
    27     33      2    -1220.14015276        0.05501611
    27     34      2    -1194.43219896        0.05501611
    27     35      2    -1220.14324869        0.05501611
    27     36      2    -1189.52369332        0.05501611
    27     37      2    -1244.88976738        0.05501611
    27     38      2    -1244.88976738        0.05501611
    27     39      2    -1244.88976738        0.05501611
    27     40      2    -1244.88976738        0.05501611
    27     41      2    -1244.88976738        0.05501611
    27     42      2    -1244.88976738        0.05501611
    27     43      2    -1244.88976738        0.05501611
    27     44      2    -1244.88976738        0.05501611
    27     45      2    -1244.88976738        0.05501611
    27     46      2    -1222.01175774        0.05501611
    27     47      2    -1220.56205350        0.05501611
    27     48      2    -1222.74857709        0.05501611
    27     49      2    -1215.73583395        0.05501611
    27     50      2    -1235.77182762        0.05501611
    27     51      2    -1212.14979660        0.05501611
    27     52      2    -1233.05315041        0.05501611
    27     53      2    -1225.75778911        0.05501611
    27     54      2    -1226.89432426        0.05501611
    27     55      2    -1237.65719019        0.05501611
    27     56      2    -1219.48483594        0.05501611
    27     57      2    -1242.36940577        0.05501611
    27     58      2    -1226.76603733        0.05501611
    27     59      2    -1228.22928132        0.05501611
    27     60      2    -1244.06359637        0.05501611
    27     61      2    -1228.31869830        0.05501611
    27     62      2    -1246.57819324        0.05501611
    27     63      2    -1229.31274440        0.05501611
    27     64      2    -1236.11085181        0.05501611
    27     65      2    -1231.87070798        0.05501611
    27     66      2    -1231.84168686        0.05501611
    27     67      2    -1236.23898018        0.05501611
    27     68      2    -1232.16412949        0.05501611
    27     69      2    -1235.45699851        0.05501611
    27     70      2    -1225.55150127        0.05501611
    27     71      2    -1235.94487757        0.05501611
    27     72      2    -1224.91273799        0.05501611
    27     73      2    -1235.06043815        0.05501611
    27     74      2    -1223.40481810        0.05501611
    27     75      2    -1234.75435422        0.05501611
    27     76      2    -1220.45299695        0.05501611
    27     77      2    -1228.69893924        0.05501611
    27     78      2    -1219.58552191        0.05501611
    27     79      2    -1227.53500571        0.05501611
    27     80      2    -1218.73089076        0.05501611
    27     81      2    -1224.82905966        0.05501611
    27     82      2    -1218.65402851        0.05501611
    27     83      2    -1223.18932002        0.05501611
    27     84      2    -1216.01105679        0.05501611
    27     85      2    -1217.88261494        0.05501611
    27     86      2    -1214.09358142        0.05501611
    27     87      2    -1220.34295869        0.05501611
    27     88      2    -1217.07538644        0.05501611
    27     89      2    -1217.87110589        0.05501611
    27     90      2    -1214.43301775        0.05501611
    27     91      2    -1219.68501594        0.05501611
    27     92      2    -1214.25290254        0.05501611
    27     93      2    -1219.80935968        0.05501611
    27     94      2    -1221.53373616        0.05501611
    27     95      2    -1221.14824554        0.05501611
    27     96      2    -1207.54049571        0.05501611
    27     97      2    -1210.93690366        0.05501611
    27     98      2    -1223.84074844        0.05501611
    27     99      2    -1210.81083983        0.05501611
    27    100      2    -1226.39328768        0.05501611
    27    101      2    -1215.78474879        0.05501611
    27    102      2    -1224.20144693        0.05501611
    27    103      2    -1213.39402690        0.05501611
    27    104      2    -1226.85198592        0.05501611
    27    105      2    -1215.35688223        0.05501611
    27    106      2    -1222.94306774        0.05501611
    27    107      2    -1213.43548340        0.05501611
    27    108      2    -1223.84682945        0.05501611
    27    109      2    -1212.88456464        0.05501611
    27    110      2    -1224.99449934        0.05501611
    27    111      2    -1218.80868060        0.05501611
    27    112      2    -1228.71930708        0.05501611
    27    113      2    -1221.20205781        0.05501611
    27    114      2    -1229.87286141        0.05501611
    27    115      2    -1223.35754269        0.05501611
    27    116      2    -1231.34200042        0.05501611
    27    117      2    -1233.70488647        0.05501611
    27    118      2    -1228.88196063        0.05501611
    27    119      2    -1230.41381143        0.05501611
    27    120      2    -1234.65814765        0.05501611
    27    121      2    -1230.19234697        0.05501611
    27    122      2    -1236.43972276        0.05501611
    27    123      2    -1233.80866798        0.05501611
    27    124      2    -1237.22642166        0.05501611
    27    125      2    -1234.79361068        0.05501611
    27    126      2    -1232.67499061        0.05501611
    27    127      2    -1229.29280276        0.05501611
    27    128      2    -1230.72558502        0.05501611
    27    129      2    -1227.23057994        0.05501611
    27    130      2    -1228.07840117        0.05501611
    27    131      2    -1224.52304027        0.05501611
    27    132      2    -1228.22124869        0.05501611
    27    133      2    -1225.97706153        0.05501611
    27    134      2    -1232.67863029        0.05501611
    27    135      2    -1220.40419091        0.05501611
    27    136      2    -1229.47166411        0.05501611
    27    137      2    -1227.35369968        0.05501611
    27    138      2    -1233.74164874        0.05501611
    27    139      2    -1226.18359520        0.05501611
    27    140      2    -1233.66120960        0.05501611
    27    141      2    -1229.44077067        0.05501611
    27    142      2    -1232.02771901        0.05501611
    27    143      2    -1228.38116814        0.05501611
    27    144      2    -1229.29809224        0.05501611
    27    145      2    -1225.28134168        0.05501611
    27    146      2    -1231.94049900        0.05501611
    27    147      2    -1224.61324060        0.05501611
    27    148      2    -1224.51300728        0.05501611
    27    149      2    -1214.97038633        0.05501611
    27    150      2    -1244.88976738        0.05501611
    27    151      2    -1244.88976738        0.05501611
    27    152      2    -1244.88976738        0.05501611
    27    153      2    -1244.88976738        0.05501611
    27    154      2    -1244.88976738        0.05501611
    27    155      2    -1244.88976738        0.05501611
    27    156      2    -1244.88976738        0.05501611
    27    157      2    -1244.88976738        0.05501611
    27    158      2    -1244.88976738        0.05501611
    27    159      2    -1193.18468635        0.05501611
    27    160      2    -1207.69254467        0.05501611
    27    161      2    -1192.45264634        0.05501611
    27    162      2    -1196.78267258        0.05501611
    27    163      2    -1192.58181094        0.05501611
    27    164      2    -1194.78026927        0.05501611
    27    165      2    -1189.91412592        0.05501611
    27    166      2    -1182.61884976        0.05501611
    27    167      2    -1189.78127931        0.05501611
    27    168      2    -1196.73716012        0.05501611
    27    169      2    -1182.63860680        0.05501611
    27    170      2    -1193.80399817        0.05501611
    27    171      2    -1171.23677534        0.05501611
    27    172      2    -1183.04589295        0.05501611
    27    173      2    -1188.04015778        0.05501611
    27    174      2    -1193.00545046        0.05501611
    27    175      2    -1191.69497516        0.05501611
    27    176      2    -1210.52423485        0.05501611
    27    177      2    -1197.47722687        0.05501611
    27    178      2    -1220.47261272        0.05501611
    27    179      2    -1216.70508775        0.05501611
    27    180      2    -1230.27271895        0.05501611
    27    181      2    -1224.72630342        0.05501611
    27    182      2    -1248.53293602        0.05501611
    27    183      2    -1231.49151513        0.05501611
    27    184      2    -1259.95079902        0.05501611
    27    185      2    -1254.69604921        0.05501611
    27    186      2    -1263.37305032        0.05501611
    27    187      2    -1253.02740208        0.05501611
    27    188      2    -1280.99378431        0.05501611
    27    189      2    -1277.99169311        0.05501611
    27    190      2    -1266.40625247        0.05501611
    27    191      2    -1294.55478033        0.05501611
    27    192      2    -1292.11829313        0.05501611
    27    193      2    -1281.14401255        0.05501611
    27    194      2    -1294.73063281        0.05501611
    27    195      2    -1283.08907825        0.05501611
    28      0      2     -928.82052365        0.05495527
    28      1      2    -1027.60060929        0.05495527
    28      2      2    -1029.14759337        0.05495527
    28      3      2     -925.11777616        0.05495527
    28      4      2     -899.58060144        0.05495527
    28      5      2     -944.38717738        0.05495527
    28      6      2    -1001.45952432        0.05495527
    28      7      2     -939.97822820        0.05495527
    28      8      2     -956.24213166        0.05495527
    28      9      2    -1008.11769313        0.05495527
    28     10      2    -1001.77029039        0.05495527
    28     11      2     -969.57886133        0.05495527
    28     12      2     -951.71610683        0.05495527
    28     13      2    -1023.67642513        0.05495527
    28     14      2     -957.75602758        0.05495527
    28     15      2    -1044.53815412        0.05495527
    28     16      2     -978.03924151        0.05495527
    28     17      2    -1057.59301339        0.05495527
    28     18      2    -1054.14634170        0.05495527
    28     19      2    -1012.72921214        0.05495527
    28     20      2    -1077.71541887        0.05495527
    28     21      2    -1119.13451577        0.05495527
    28     22      2    -1086.11871433        0.05495527
    28     23      2    -1087.16167083        0.05495527
    28     24      2    -1242.56428077        0.05495527
    28     25      2    -1242.56428077        0.05495527
    28     26      2    -1242.56428077        0.05495527
    28     27      2    -1242.56428077        0.05495527
    28     28      2    -1242.56428077        0.05495527
    28     29      2    -1242.56428077        0.05495527
    28     30      2    -1242.56428077        0.05495527
    28     31      2    -1242.56428077        0.05495527
    28     32      2    -1242.56428077        0.05495527
    28     33      2    -1191.01210890        0.05495527
    28     34      2    -1207.03722475        0.05495527
    28     35      2    -1206.96571415        0.05495527
    28     36      2    -1209.06179601        0.05495527
    28     37      2    -1217.40650078        0.05495527
    28     38      2    -1234.55829330        0.05495527
    28     39      2    -1228.17673709        0.05495527
    28     40      2    -1226.17904585        0.05495527
    28     41      2    -1248.64063999        0.05495527
    28     42      2    -1233.96324678        0.05495527
    28     43      2    -1253.86897011        0.05495527
    28     44      2    -1246.37111255        0.05495527
    28     45      2    -1256.84475432        0.05495527
    28     46      2    -1257.14651687        0.05495527
    28     47      2    -1258.01803306        0.05495527
    28     48      2    -1261.67905816        0.05495527
    28     49      2    -1268.28024091        0.05495527
    28     50      2    -1262.87300154        0.05495527
    28     51      2    -1269.61006119        0.05495527
    28     52      2    -1265.39225413        0.05495527
    28     53      2    -1266.94472498        0.05495527
    28     54      2    -1258.38432167        0.05495527
    28     55      2    -1271.64793921        0.05495527
    28     56      2    -1260.53864275        0.05495527
    28     57      2    -1268.63980215        0.05495527
    28     58      2    -1264.98546518        0.05495527
    28     59      2    -1266.07263863        0.05495527
    28     60      2    -1258.77403793        0.05495527
    28     61      2    -1267.01293106        0.05495527
    28     62      2    -1259.39886780        0.05495527
    28     63      2    -1257.70035786        0.05495527
    28     64      2    -1258.32612273        0.05495527
    28     65      2    -1258.00441509        0.05495527
    28     66      2    -1258.28931839        0.05495527
    28     67      2    -1257.69243068        0.05495527
    28     68      2    -1253.50892003        0.05495527
    28     69      2    -1251.81950465        0.05495527
    28     70      2    -1254.28786285        0.05495527
    28     71      2    -1251.27963586        0.05495527
    28     72      2    -1247.31664274        0.05495527
    28     73      2    -1254.88912184        0.05495527
    28     74      2    -1244.34884386        0.05495527
    28     75      2    -1256.14107431        0.05495527
    28     76      2    -1240.91894325        0.05495527
    28     77      2    -1255.23284499        0.05495527
    28     78      2    -1238.11179503        0.05495527
    28     79      2    -1255.38945270        0.05495527
    28     80      2    -1239.60486058        0.05495527
    28     81      2    -1250.85678493        0.05495527
    28     82      2    -1235.18146301        0.05495527
    28     83      2    -1250.32028635        0.05495527
    28     84      2    -1240.73642348        0.05495527
    28     85      2    -1244.87083064        0.05495527
    28     86      2    -1235.58591537        0.05495527
    28     87      2    -1246.16524193        0.05495527
    28     88      2    -1226.95960380        0.05495527
    28     89      2    -1241.08055322        0.05495527
    28     90      2    -1254.07572221        0.05495527
    28     91      2    -1239.24422663        0.05495527
    28     92      2    -1250.56641642        0.05495527
    28     93      2    -1241.87657530        0.05495527
    28     94      2    -1251.26659191        0.05495527
    28     95      2    -1242.38612489        0.05495527
    28     96      2    -1254.76326068        0.05495527
    28     97      2    -1241.89170831        0.05495527
    28     98      2    -1250.58201250        0.05495527
    28     99      2    -1241.58153061        0.05495527
    28    100      2    -1252.17851851        0.05495527
    28    101      2    -1243.90590963        0.05495527
    28    102      2    -1257.39809504        0.05495527
    28    103      2    -1251.50776643        0.05495527
    28    104      2    -1262.43731079        0.05495527
    28    105      2    -1252.09455942        0.05495527
    28    106      2    -1261.93012966        0.05495527
    28    107      2    -1253.41458557        0.05495527
    28    108      2    -1266.01911814        0.05495527
    28    109      2    -1254.67424799        0.05495527
    28    110      2    -1268.27921562        0.05495527
    28    111      2    -1257.32499430        0.05495527
    28    112      2    -1269.94502612        0.05495527
    28    113      2    -1259.34880317        0.05495527
    28    114      2    -1272.69944498        0.05495527
    28    115      2    -1261.31576643        0.05495527
    28    116      2    -1273.28059087        0.05495527
    28    117      2    -1263.83930591        0.05495527
    28    118      2    -1273.54845718        0.05495527
    28    119      2    -1261.02930976        0.05495527
    28    120      2    -1272.44724347        0.05495527
    28    121      2    -1260.31501874        0.05495527
    28    122      2    -1264.30430250        0.05495527
    28    123      2    -1255.64853915        0.05495527
    28    124      2    -1262.51740336        0.05495527
    28    125      2    -1252.72630912        0.05495527
    28    126      2    -1260.37342414        0.05495527
    28    127      2    -1247.41305149        0.05495527
    28    128      2    -1259.98422998        0.05495527
    28    129      2    -1244.46598395        0.05495527
    28    130      2    -1252.73065619        0.05495527
    28    131      2    -1245.13089578        0.05495527
    28    132      2    -1249.39846065        0.05495527
    28    133      2    -1238.91145283        0.05495527
    28    134      2    -1245.07895575        0.05495527
    28    135      2    -1237.78081482        0.05495527
    28    136      2    -1240.95534402        0.05495527
    28    137      2    -1229.58496326        0.05495527
    28    138      2    -1241.17670705        0.05495527
    28    139      2    -1220.35477181        0.05495527
    28    140      2    -1234.97164022        0.05495527
    28    141      2    -1212.85004226        0.05495527
    28    142      2    -1212.64120701        0.05495527
    28    143      2    -1218.51380059        0.05495527
    28    144      2    -1204.17811099        0.05495527
    28    145      2    -1242.56428077        0.05495527
    28    146      2    -1242.56428077        0.05495527
    28    147      2    -1242.56428077        0.05495527
    28    148      2    -1242.56428077        0.05495527
    28    149      2    -1242.56428077        0.05495527
    28    150      2    -1242.56428077        0.05495527
    28    151      2    -1242.56428077        0.05495527
    28    152      2    -1242.56428077        0.05495527
    28    153      2    -1242.56428077        0.05495527
    28    154      2    -1131.73189761        0.05495527
    28    155      2    -1135.97610988        0.05495527
    28    156      2    -1114.88723163        0.05495527
    28    157      2    -1119.24344165        0.05495527
    28    158      2    -1140.41559918        0.05495527
    28    159      2    -1087.27981427        0.05495527
    28    160      2    -1122.77589098        0.05495527
    28    161      2    -1123.86711473        0.05495527
    28    162      2    -1127.39571166        0.05495527
    28    163      2    -1110.01473488        0.05495527
    28    164      2    -1120.33796214        0.05495527
    28    165      2    -1130.04767153        0.05495527
    28    166      2    -1130.09072217        0.05495527
    28    167      2    -1119.50688245        0.05495527
    28    168      2    -1151.79660669        0.05495527
    28    169      2    -1160.41195885        0.05495527
    28    170      2    -1160.22301040        0.05495527
    28    171      2    -1188.13686853        0.05495527
    28    172      2    -1194.17093051        0.05495527
    28    173      2    -1194.43866419        0.05495527
    28    174      2    -1225.83239316        0.05495527
    28    175      2    -1218.22312894        0.05495527
    28    176      2    -1231.79668626        0.05495527
    28    177      2    -1228.31724753        0.05495527
    29      0      2    -1245.29795063        0.05491740
    29      1      2    -1245.29795063        0.05491740
    29      2      2    -1245.29795063        0.05491740
    29      3      2    -1245.29795063        0.05491740
    29      4      2    -1245.29795063        0.05491740
    29      5      2     -980.25925541        0.05491740
    29      6      2    -1056.23156026        0.05491740
    29      7      2    -1099.82587981        0.05491740
    29      8      2    -1108.03622508        0.05491740
    29      9      2    -1078.33186174        0.05491740
    29     10      2    -1137.49225187        0.05491740
    29     11      2    -1133.43000626        0.05491740
    29     12      2    -1200.17587878        0.05491740
    29     13      2    -1143.81606349        0.05491740
    29     14      2    -1212.35375505        0.05491740
    29     15      2    -1196.61373449        0.05491740
    29     16      2    -1219.35804695        0.05491740
    29     17      2    -1214.07057921        0.05491740
    29     18      2    -1227.00485920        0.05491740
    29     19      2    -1240.16167237        0.05491740
    29     20      2    -1238.67429059        0.05491740
    29     21      2    -1254.01970436        0.05491740
    29     22      2    -1249.86727557        0.05491740
    29     23      2    -1255.68528409        0.05491740
    29     24      2    -1262.79050688        0.05491740
    29     25      2    -1260.49526222        0.05491740
    29     26      2    -1269.39014989        0.05491740
    29     27      2    -1264.07156912        0.05491740
    29     28      2    -1266.54885866        0.05491740
    29     29      2    -1270.48596740        0.05491740
    29     30      2    -1263.12029425        0.05491740
    29     31      2    -1270.85869468        0.05491740
    29     32      2    -1265.50753186        0.05491740
    29     33      2    -1276.02170296        0.05491740
    29     34      2    -1260.63235248        0.05491740
    29     35      2    -1276.78150182        0.05491740
    29     36      2    -1262.50413471        0.05491740
    29     37      2    -1270.64306437        0.05491740
    29     38      2    -1262.47741416        0.05491740
    29     39      2    -1269.90354414        0.05491740
    29     40      2    -1264.58462082        0.05491740
    29     41      2    -1263.45718832        0.05491740
    29     42      2    -1273.15020591        0.05491740
    29     43      2    -1261.26502619        0.05491740
    29     44      2    -1266.88386607        0.05491740
    29     45      2    -1266.24582460        0.05491740
    29     46      2    -1260.53408415        0.05491740
    29     47      2    -1266.10159334        0.05491740
    29     48      2    -1265.90929775        0.05491740
    29     49      2    -1259.28329269        0.05491740
    29     50      2    -1267.78695900        0.05491740
    29     51      2    -1261.87032676        0.05491740
    29     52      2    -1259.08756301        0.05491740
    29     53      2    -1262.42731801        0.05491740
    29     54      2    -1257.37829882        0.05491740
    29     55      2    -1260.06162097        0.05491740
    29     56      2    -1254.17256567        0.05491740
    29     57      2    -1261.09403713        0.05491740
    29     58      2    -1258.20174537        0.05491740
    29     59      2    -1254.30937803        0.05491740
    29     60      2    -1251.97146795        0.05491740
    29     61      2    -1254.69605203        0.05491740
    29     62      2    -1256.87773290        0.05491740
    29     63      2    -1250.77998597        0.05491740
    29     64      2    -1249.03870188        0.05491740
    29     65      2    -1253.48369596        0.05491740
    29     66      2    -1239.73759939        0.05491740
    29     67      2    -1254.38150211        0.05491740
    29     68      2    -1243.69591671        0.05491740
    29     69      2    -1251.42735801        0.05491740
    29     70      2    -1239.73912898        0.05491740
    29     71      2    -1253.52666155        0.05491740
    29     72      2    -1242.87971172        0.05491740
    29     73      2    -1250.92465955        0.05491740
    29     74      2    -1239.78759312        0.05491740
    29     75      2    -1249.31467636        0.05491740
    29     76      2    -1236.71014335        0.05491740
    29     77      2    -1249.24644865        0.05491740
    29     78      2    -1244.16287560        0.05491740
    29     79      2    -1257.09053076        0.05491740
    29     80      2    -1250.12221899        0.05491740
    29     81      2    -1255.51803056        0.05491740
    29     82      2    -1253.63173095        0.05491740
    29     83      2    -1254.01085436        0.05491740
    29     84      2    -1257.12974550        0.05491740
    29     85      2    -1260.43231742        0.05491740
    29     86      2    -1262.45669381        0.05491740
    29     87      2    -1261.47299116        0.05491740
    29     88      2    -1261.99273243        0.05491740
    29     89      2    -1265.46928698        0.05491740
    29     90      2    -1260.38762286        0.05491740
    29     91      2    -1264.10227823        0.05491740
    29     92      2    -1267.28363894        0.05491740
    29     93      2    -1258.81341296        0.05491740
    29     94      2    -1266.61711303        0.05491740
    29     95      2    -1268.15587280        0.05491740
    29     96      2    -1261.76909063        0.05491740
    29     97      2    -1266.79141694        0.05491740
    29     98      2    -1261.13724759        0.05491740
    29     99      2    -1259.88043622        0.05491740
    29    100      2    -1262.01948335        0.05491740
    29    101      2    -1257.21409496        0.05491740
    29    102      2    -1256.04978471        0.05491740
    29    103      2    -1256.53931996        0.05491740
    29    104      2    -1248.71312250        0.05491740
    29    105      2    -1254.17991565        0.05491740
    29    106      2    -1244.01914069        0.05491740
    29    107      2    -1244.23389559        0.05491740
    29    108      2    -1234.94245394        0.05491740
    29    109      2    -1240.03228960        0.05491740
    29    110      2    -1218.53185275        0.05491740
    29    111      2    -1227.34632333        0.05491740
    29    112      2    -1212.50275647        0.05491740
    29    113      2    -1211.83970407        0.05491740
    29    114      2    -1205.90988046        0.05491740
    29    115      2    -1196.27460803        0.05491740
    29    116      2    -1181.27433189        0.05491740
    29    117      2    -1161.19520006        0.05491740
    29    118      2    -1216.19952663        0.05491740
    29    119      2    -1148.62844545        0.05491740
    29    120      2    -1121.47992618        0.05491740
    29    121      2    -1119.18540133        0.05491740
    29    122      2    -1082.68582298        0.05491740
    29    123      2    -1102.99327446        0.05491740
    29    124      2    -1061.79399846        0.05491740
    29    125      2    -1245.29795063        0.05491740
    29    126      2    -1245.29795063        0.05491740
    29    127      2    -1245.29795063        0.05491740
    29    128      2    -1245.29795063        0.05491740
    29    129      2    -1245.29795063        0.05491740
    30      0      2     -966.04820959        0.05495850
    30      1      2    -1106.28443617        0.05495850
    30      2      2    -1179.54679492        0.05495850
    30      3      2    -1111.11917456        0.05495850
    30      4      2    -1088.52073902        0.05495850
    30      5      2    -1129.31064703        0.05495850
    30      6      2    -1122.57525444        0.05495850
    30      7      2    -1137.81767331        0.05495850
    30      8      2    -1161.27844482        0.05495850
    30      9      2    -1180.31643270        0.05495850
    30     10      2    -1167.77784096        0.05495850
    30     11      2    -1197.47730973        0.05495850
    30     12      2    -1182.13852125        0.05495850
    30     13      2    -1201.27697956        0.05495850
    30     14      2    -1206.87745457        0.05495850
    30     15      2    -1200.87175626        0.05495850
    30     16      2    -1216.10301379        0.05495850
    30     17      2    -1210.81836507        0.05495850
    30     18      2    -1219.61377643        0.05495850
    30     19      2    -1222.61721358        0.05495850
    30     20      2    -1220.28276124        0.05495850
    30     21      2    -1222.08537235        0.05495850
    30     22      2    -1225.64886128        0.05495850
    30     23      2    -1225.02221380        0.05495850
    30     24      2    -1226.37501855        0.05495850
    30     25      2    -1226.98591048        0.05495850
    30     26      2    -1224.04335869        0.05495850
    30     27      2    -1239.28668474        0.05495850
    30     28      2    -1212.14030058        0.05495850
    30     29      2    -1238.59564539        0.05495850
    30     30      2    -1230.24005555        0.05495850
    30     31      2    -1226.01267770        0.05495850
    30     32      2    -1229.21185743        0.05495850
    30     33      2    -1220.77653191        0.05495850
    30     34      2    -1228.58355254        0.05495850
    30     35      2    -1222.99653947        0.05495850
    30     36      2    -1227.59956282        0.05495850
    30     37      2    -1220.34416112        0.05495850
    30     38      2    -1223.58802065        0.05495850
    30     39      2    -1215.17018781        0.05495850
    30     40      2    -1225.83470080        0.05495850
    30     41      2    -1215.48382706        0.05495850
    30     42      2    -1223.74792219        0.05495850
    30     43      2    -1209.89198599        0.05495850
    30     44      2    -1219.00216014        0.05495850
    30     45      2    -1207.56246026        0.05495850
    30     46      2    -1215.00210699        0.05495850
    30     47      2    -1206.28289319        0.05495850
    30     48      2    -1213.32960263        0.05495850
    30     49      2    -1200.88253307        0.05495850
    30     50      2    -1210.32058402        0.05495850
    30     51      2    -1208.32480646        0.05495850
    30     52      2    -1201.83780688        0.05495850
    30     53      2    -1190.94199478        0.05495850
    30     54      2    -1204.20188648        0.05495850
    30     55      2    -1200.63414849        0.05495850
    30     56      2    -1206.76355101        0.05495850
    30     57      2    -1194.33230335        0.05495850
    30     58      2    -1201.69203240        0.05495850
    30     59      2    -1191.20122601        0.05495850
    30     60      2    -1198.77610898        0.05495850
    30     61      2    -1193.18369067        0.05495850
    30     62      2    -1198.61506185        0.05495850
    30     63      2    -1188.82045501        0.05495850
    30     64      2    -1190.50837411        0.05495850
    30     65      2    -1185.70327198        0.05495850
    30     66      2    -1195.76601691        0.05495850
    30     67      2    -1194.04445617        0.05495850
    30     68      2    -1202.37422329        0.05495850
    30     69      2    -1190.24932878        0.05495850
    30     70      2    -1203.49719238        0.05495850
    30     71      2    -1193.43479733        0.05495850
    30     72      2    -1203.95453193        0.05495850
    30     73      2    -1197.01031827        0.05495850
    30     74      2    -1205.43563387        0.05495850
    30     75      2    -1199.81398684        0.05495850
    30     76      2    -1208.82745212        0.05495850
    30     77      2    -1200.10362186        0.05495850
    30     78      2    -1208.10395501        0.05495850
    30     79      2    -1199.31813004        0.05495850
    30     80      2    -1205.96747511        0.05495850
    30     81      2    -1196.20397432        0.05495850
    30     82      2    -1208.20972814        0.05495850
    30     83      2    -1192.86976822        0.05495850
    30     84      2    -1201.73051041        0.05495850
    30     85      2    -1187.26893079        0.05495850
    30     86      2    -1200.98987910        0.05495850
    30     87      2    -1185.17423784        0.05495850
    30     88      2    -1198.12080567        0.05495850
    30     89      2    -1185.80930150        0.05495850
    30     90      2    -1195.12465129        0.05495850
    30     91      2    -1180.29142457        0.05495850
    30     92      2    -1188.04698203        0.05495850
    30     93      2    -1167.42808865        0.05495850
    30     94      2    -1175.63481061        0.05495850
    30     95      2    -1166.96135588        0.05495850
    30     96      2    -1174.52254737        0.05495850
    30     97      2    -1152.84248377        0.05495850
    30     98      2    -1155.82832756        0.05495850
    30     99      2    -1132.09565106        0.05495850
    30    100      2    -1141.60778423        0.05495850
    30    101      2    -1101.18212050        0.05495850
    30    102      2    -1154.83204910        0.05495850
    30    103      2    -1095.28779202        0.05495850
    30    104      2    -1086.72701071        0.05495850
    30    105      2    -1056.45086287        0.05495850
    30    106      2    -1063.87013457        0.05495850
    30    107      2    -1042.13202997        0.05495850
    31      0      2    -1106.49690888        0.05492047
    31      1      2    -1132.57453903        0.05492047
    31      2      2    -1170.98462139        0.05492047
    31      3      2    -1145.81629668        0.05492047
    31      4      2    -1173.34555535        0.05492047
    31      5      2    -1174.97891790        0.05492047
    31      6      2    -1188.34064369        0.05492047
    31      7      2    -1187.34512577        0.05492047
    31      8      2    -1210.37594598        0.05492047
    31      9      2    -1196.30870204        0.05492047
    31     10      2    -1219.85051310        0.05492047
    31     11      2    -1209.32992487        0.05492047
    31     12      2    -1219.07465098        0.05492047
    31     13      2    -1216.44729757        0.05492047
    31     14      2    -1229.59005039        0.05492047
    31     15      2    -1222.55008356        0.05492047
    31     16      2    -1220.81103371        0.05492047
    31     17      2    -1229.68734121        0.05492047
    31     18      2    -1212.74743198        0.05492047
    31     19      2    -1236.22215409        0.05492047
    31     20      2    -1219.00525314        0.05492047
    31     21      2    -1231.63563651        0.05492047
    31     22      2    -1226.72368799        0.05492047
    31     23      2    -1226.43514910        0.05492047
    31     24      2    -1221.30596526        0.05492047
    31     25      2    -1226.22292981        0.05492047
    31     26      2    -1220.20988624        0.05492047
    31     27      2    -1223.04097675        0.05492047
    31     28      2    -1212.57156656        0.05492047
    31     29      2    -1215.69821844        0.05492047
    31     30      2    -1221.88814470        0.05492047
    31     31      2    -1212.85034815        0.05492047
    31     32      2    -1209.64694623        0.05492047
    31     33      2    -1211.44279512        0.05492047
    31     34      2    -1207.45766258        0.05492047
    31     35      2    -1202.41060576        0.05492047
    31     36      2    -1204.13254939        0.05492047
    31     37      2    -1200.43811536        0.05492047
    31     38      2    -1194.70674858        0.05492047
    31     39      2    -1179.46141432        0.05492047
    31     40      2    -1190.52707193        0.05492047
    31     41      2    -1182.22994994        0.05492047
    31     42      2    -1185.82396107        0.05492047
    31     43      2    -1183.73526157        0.05492047
    31     44      2    -1176.38010189        0.05492047
    31     45      2    -1179.93424434        0.05492047
    31     46      2    -1177.32749027        0.05492047
    31     47      2    -1180.83824729        0.05492047
    31     48      2    -1175.87073392        0.05492047
    31     49      2    -1167.24746747        0.05492047
    31     50      2    -1184.05328928        0.05492047
    31     51      2    -1182.30004913        0.05492047
    31     52      2    -1182.43362547        0.05492047
    31     53      2    -1174.95827152        0.05492047
    31     54      2    -1170.67859552        0.05492047
    31     55      2    -1167.06349206        0.05492047
    31     56      2    -1170.72633458        0.05492047
    31     57      2    -1169.78485091        0.05492047
    31     58      2    -1179.41835741        0.05492047
    31     59      2    -1175.54878804        0.05492047
    31     60      2    -1182.46549161        0.05492047
    31     61      2    -1182.69070003        0.05492047
    31     62      2    -1193.06596158        0.05492047
    31     63      2    -1189.04568626        0.05492047
    31     64      2    -1183.04004740        0.05492047
    31     65      2    -1194.62337057        0.05492047
    31     66      2    -1188.62244043        0.05492047
    31     67      2    -1189.64117830        0.05492047
    31     68      2    -1187.06015580        0.05492047
    31     69      2    -1189.18936065        0.05492047
    31     70      2    -1177.05957323        0.05492047
    31     71      2    -1194.88845821        0.05492047
    31     72      2    -1180.17462624        0.05492047
    31     73      2    -1186.04746459        0.05492047
    31     74      2    -1176.77855956        0.05492047
    31     75      2    -1181.25258182        0.05492047
    31     76      2    -1173.07239770        0.05492047
    31     77      2    -1173.11509778        0.05492047
    31     78      2    -1163.33446226        0.05492047
    31     79      2    -1160.67008960        0.05492047
    31     80      2    -1143.14035204        0.05492047
    31     81      2    -1157.73837767        0.05492047
    31     82      2    -1144.04414747        0.05492047
    31     83      2    -1142.91117125        0.05492047
    31     84      2    -1138.16992268        0.05492047
    31     85      2    -1129.98212721        0.05492047
    31     86      2    -1112.26655089        0.05492047
    31     87      2    -1106.33670165        0.05492047
    31     88      2    -1096.25302424        0.05492047
    31     89      2    -1105.14334689        0.05492047
########################################
# Coboparameter                        #
# no parameter corresponds to be 50.   #
########################################
#Cobo 	dummy	ATY	p0	p1     p2
0       0       3             -80    -21.37680233      0.01000000
1       0       3             -80    -13.62493701      0.01000000
2       0       3             -80    -13.21857171      0.01000000
3       0       3             -80     -2.83115992      0.01000000
4       0       3             -80    -25.72819588      0.01000000
5       0       3             -80    -14.02628277      0.01000000
6       0       3             -80    -14.82783121      0.01000000
7       0       3             -80    -14.07614975      0.01000000
#####################################################################
# TPC Resolution Parameter (L : p0)			            #
# res_xz^2 = p0^2 + p2^2/(exp(-p1*y)/p3*y + p4^2/12*tan(alpha)^2/p5 #
# res_y^2 = p6^2 + p7^2/(exp(-p1*y)/p8*y                            #
#####################################################################
#B    INorOUt  ATY	p0	p1	p2	p3	p4	p5	p6	p7	p8
#
0	0	4	0.75030000	0.00000000	0.35560000	100.00000000	9.00000000	1.69080000	1.00000000	0.00000000	1.00000000
0	1	4	0.38710000	0.00000000	0.35560000	100.00000000	12.50000000	3.65020000	1.00000000	0.00000000	1.00000000
1	0	4	0.75030000	0.00000000	0.09530000	100.00000000	9.00000000	1.69080000	1.00000000	0.00000000	1.00000000
1	1	4	0.38710000	0.00000000	0.09530000	100.00000000	12.50000000	3.65020000	1.00000000	0.00000000	1.00000000
